id,label
53480,0.30514588691542194
53481,0.11521258057315237
53482,0.43924804952570745
53483,0.5337607822477283
53484,0.26929280876928446
53485,0.3510476998510631
53486,0.4393732869794101
53487,0.6777304136396326
53488,0.5007903291973095
53489,0.26216411874041373
53490,0.3105190920835369
53491,0.6041332013917541
53492,0.4629882666990383
53493,0.5842865494495648
53494,0.7494580882438782
53495,0.6794390702565901
53496,0.5051052127889375
53497,0.8437075307822539
53498,0.554818353883491
53499,0.6453341480328839
53500,0.37231745765637286
53501,0.2713731443470962
53502,0.5859013057865812
53503,0.5645155777194509
53504,0.29736639158472444
53505,0.46412489221560094
53506,0.422603194802318
53507,0.39431505195331307
53508,0.5127734255560452
53509,0.6127289875461848
53510,0.21258619356548208
53511,0.4999784053268898
53512,0.4397732671229351
53513,0.3788548997549859
53514,0.30323789663874484
53515,0.2751533343630407
53516,0.443600143189124
53517,0.4553536161761975
53518,0.46595191274591186
53519,0.49712278281601885
53520,0.5579302363291438
53521,0.5291996164992288
53522,0.24496142853497044
53523,0.5135989239509858
53524,0.7601195848008893
53525,0.6716795473414544
53526,0.5172204646144674
53527,0.4970126030931224
53528,0.5738165048407018
53529,0.6629929052615176
53530,0.5303502117831496
53531,0.22212113920422513
53532,0.46900433258652857
53533,0.10052135415255511
53534,0.6427721866732354
53535,0.4962228542032727
53536,0.5625249607678323
53537,0.12499315594788483
53538,0.21854930288857105
53539,0.6657447415130769
53540,0.8137910372739083
53541,0.18520921077019714
53542,0.8454353280227311
53543,0.38543250329585943
53544,0.7157002314738748
53545,0.7866144222760352
53546,0.4207374699154846
53547,0.4788280934026671
53548,0.43992385402613854
53549,0.371192069652101
53550,0.43455471224593867
53551,0.22238614471279528
53552,0.2824071670519477
53553,0.13802133974505174
53554,0.24411351957055624
53555,0.5606275667442487
53556,0.495753708852829
53557,0.5978950483211192
53558,0.7377358020628244
53559,0.4063246690010573
53560,0.44988296946464523
53561,0.40939207654540793
53562,0.4742393189376993
53563,0.5585877500301104
53564,0.22880033113392836
53565,0.589092902104399
53566,0.11695473818455038
53567,0.36841520916417564
53568,0.6414733759055593
53569,0.41313348283202006
53570,0.3685698314195089
53571,0.464601725455522
53572,0.4747868386728908
53573,0.5509515937557954
53574,0.4953422269102677
53575,0.7592053156696525
53576,0.6769946671126009
53577,0.15773559151447003
53578,0.8596258375390464
53579,0.2543276568908032
53580,0.3823004103273277
53581,0.342880582095824
53582,0.3825076608548319
53583,0.3517271601480788
53584,0.4147070837411642
53585,0.21083351509605458
53586,0.2233219780607733
53587,0.585190255827224
53588,0.6560577504876205
53589,0.13873597900917345
53590,0.702079456571818
53591,0.6565299364331866
53592,0.1535956543142111
53593,0.36691019707206374
53594,0.5800339699802565
53595,0.28563242547747475
53596,0.6160433441889972
53597,0.5993346797202783
53598,0.15432811546386496
53599,0.5806065375056629
53600,0.8494113166033767
53601,0.6826858922241699
53602,0.38196323061345144
53603,0.5351215234819464
53604,0.8220192700953762
53605,0.6115574491243695
53606,0.7575050659064473
53607,0.5574869206084533
53608,0.17327743489399167
53609,0.34789248008486506
53610,0.153379971719742
53611,0.3700654097370325
53612,0.1902527641981918
53613,0.43788816500400735
53614,0.16382229276682683
53615,0.6305583800142025
53616,0.6081340886220553
53617,0.27412658979774646
53618,0.22975960111136673
53619,0.5897393861204214
53620,0.653935221831239
53621,0.24835963823755286
53622,0.5992771675401682
53623,0.7174995177488335
53624,0.6516540944105131
53625,0.7025325649446577
53626,0.5959615176519021
53627,0.46465306977983156
53628,0.6476468311202969
53629,0.35797291370044876
53630,0.45095872941133774
53631,0.2860968443556469
53632,0.5285239187321676
53633,0.25362088044818293
53634,0.6228044637034635
53635,0.24465508979002695
53636,0.6132434019774379
53637,0.5881185508595166
53638,0.467353097309394
53639,0.23023100784962794
53640,0.6070716295271029
53641,0.5279175725735341
53642,0.7858247215895865
53643,0.18006265457321963
53644,0.5682982867685628
53645,0.7115060351470984
53646,0.5232335978921824
53647,0.11311480425025643
53648,0.31322942212966837
53649,0.45706164414371264
53650,0.6082965810945589
53651,0.6772829162021126
53652,0.3367128788458849
53653,0.28132290786276315
53654,0.6865083916042957
53655,0.6323997899855641
53656,0.6051133642941752
53657,0.15488538838058974
53658,0.7378343072694286
53659,0.5639281008771735
53660,0.44213629552924155
53661,0.7136166617758629
53662,0.5108218043863333
53663,0.44076956743180423
53664,0.2459074782468978
53665,0.6483286664486732
53666,0.6717960657351759
53667,0.5062147190071317
53668,0.10700319279436708
53669,0.1978477451040303
53670,0.20278739915644386
53671,0.11567592846620905
53672,0.2825679662377572
53673,0.38559143311240096
53674,0.24971054723971345
53675,0.6702346843827954
53676,0.6570038457697631
53677,0.18692075348570122
53678,0.7626779024976764
53679,0.48301790103578135
53680,0.6340374611725389
53681,0.42713374084552885
53682,0.22058641698023368
53683,0.6405841476215772
53684,0.3157351643727219
53685,0.3696714403662516
53686,0.5777715735780992
53687,0.2506653117055884
53688,0.47968192722317904
53689,0.12599816013182985
53690,0.30197167233406724
53691,0.7193394899620034
53692,0.12412140226066055
53693,0.17610992384517163
53694,0.5664738732140965
53695,0.46340887467522873
53696,0.555973943801679
53697,0.6685047329339303
53698,0.2891357799734673
53699,0.5959377743077799
53700,0.7867372805389745
53701,0.39504043896814006
53702,0.28053854378655646
53703,0.7768912311609897
53704,0.4808471693187631
53705,0.2846945527291014
53706,0.3928473017225099
53707,0.3860349306147034
53708,0.5862225743476739
53709,0.457563711083421
53710,0.4339482179221596
53711,0.57034521085976
53712,0.3253431431536705
53713,0.6527179469499177
53714,0.6111845444016974
53715,0.46827772614305785
53716,0.4972742808922076
53717,0.7364472311162322
53718,0.5388400783064557
53719,0.5211929339736091
53720,0.21177614734297126
53721,0.7580093435754652
53722,0.6593901267675489
53723,0.46430100992253986
53724,0.5941841608613966
53725,0.14406321968956162
53726,0.5045554611651294
53727,0.15493832222860365
53728,0.24529548163186
53729,0.7031179882550225
53730,0.7497758041726899
53731,0.5265784207586788
53732,0.659629482823546
53733,0.42846913125937897
53734,0.49017026302603633
53735,0.512532464932808
53736,0.1600939934449066
53737,0.5699727372325779
53738,0.2552035430315522
53739,0.20768828779214898
53740,0.4991540260450608
53741,0.4490478054304664
53742,0.6260831334973461
53743,0.4973503121438939
53744,0.6474894649822188
53745,0.43520053019664595
53746,0.4543354975160819
53747,0.6928050739747046
53748,0.2234956062455647
53749,0.6004634522668095
53750,0.7772555140161564
53751,0.5307714605403672
53752,0.38645209176697504
53753,0.33464076166745965
53754,0.36619469933074034
53755,0.45059954010811976
53756,0.42692714652778496
53757,0.33322668790928783
53758,0.6292829817628999
53759,0.5890257410905604
53760,0.2984806239718569
53761,0.5987722427333276
53762,0.2729040653494841
53763,0.6265737193642104
53764,0.8337212240794273
53765,0.6845602245218435
53766,0.6025320625016398
53767,0.7132766567734962
53768,0.6038863250979475
53769,0.8188420521520394
53770,0.30372346659008365
53771,0.5152408847895068
53772,0.3554928836216221
53773,0.4777205989296929
53774,0.6517409983870416
53775,0.5753856265287743
53776,0.6412707830677518
53777,0.17001631372674267
53778,0.6824185746196663
53779,0.21112080647185963
53780,0.5253614047939066
53781,0.35298200149059206
53782,0.35343736512369417
53783,0.6026900342092805
53784,0.47605379847754387
53785,0.4543955847557396
53786,0.6655421145243655
53787,0.5787252074674558
53788,0.5204985166754547
53789,0.6570131370097065
53790,0.5194496057585564
53791,0.5560587891219259
53792,0.4971786060998234
53793,0.5308681669927491
53794,0.24030836800632324
53795,0.2920701332992964
53796,0.6768011890125263
53797,0.48401218884092023
53798,0.23127049412670223
53799,0.3058291859190866
53800,0.1152780264203752
53801,0.40665535912130685
53802,0.4593201568117724
53803,0.15749388903962347
53804,0.8142359364678985
53805,0.26446984717633776
53806,0.5044772188137828
53807,0.37922786407390263
53808,0.2673021564395468
53809,0.42151961711296587
53810,0.4243703641710585
53811,0.6179941647592566
53812,0.3102637686207458
53813,0.5174615288497133
53814,0.24995654193294634
53815,0.20967504661527345
53816,0.09250474341767025
53817,0.6388851479583008
53818,0.3163854186704685
53819,0.5034080473625736
53820,0.7178629653126111
53821,0.6054729856519674
53822,0.4406345911643094
53823,0.12952401587570916
53824,0.6786259450092247
53825,0.152613016085154
53826,0.49907672998243324
53827,0.5227557580188104
53828,0.5429862678092094
53829,0.4760860122104887
53830,0.4004355708377309
53831,0.5456649693193564
53832,0.4981948604270894
53833,0.25538588790895506
53834,0.249934928586857
53835,0.28647489657982833
53836,0.6749060793652991
53837,0.6915728065984026
53838,0.46993689773060116
53839,0.52506654159274
53840,0.7464281424135994
53841,0.8155535615302626
53842,0.13163954213809415
53843,0.6382994582569907
53844,0.14736962152547212
53845,0.5442617780204423
53846,0.39075546963060354
53847,0.43725843352678806
53848,0.5617437855696548
53849,0.35705492080597795
53850,0.2961161409385708
53851,0.34124205761204174
53852,0.20238274973926232
53853,0.7000397734713522
53854,0.47609988046886903
53855,0.6832579234237863
53856,0.21237386665052818
53857,0.6502599344441935
53858,0.2439753431649828
53859,0.22849315533070155
53860,0.3720529211166218
53861,0.7106478880081533
53862,0.5374895172374091
53863,0.4834406381045578
53864,0.831226121747878
53865,0.396928940662579
53866,0.334260521779633
53867,0.3089257226702639
53868,0.572894926051633
53869,0.15698286552002522
53870,0.6011168159134269
53871,0.4977214122053047
53872,0.459821852452145
53873,0.3859337564902257
53874,0.6812570929822857
53875,0.2225611215674057
53876,0.47414547838167886
53877,0.4147426705706322
53878,0.4744523238266402
53879,0.3076168456106079
53880,0.3571814336873864
53881,0.7597818563445193
53882,0.7357880089313592
53883,0.4300335742010895
53884,0.174749653201756
53885,0.7512685367621466
53886,0.2561329220629159
53887,0.4167772012379336
53888,0.6164973167092483
53889,0.5455144923620722
53890,0.5298197408304585
53891,0.38433619575827993
53892,0.7201733518672251
53893,0.45960391486569135
53894,0.5187599101802836
53895,0.2214702735032647
53896,0.5043681767191441
53897,0.5966151945983501
53898,0.08252250091344222
53899,0.6345640304625797
53900,0.40242097503407287
53901,0.1875937377969771
53902,0.4883874489246106
53903,0.4573711784702538
53904,0.5186712286096431
53905,0.29995118697305223
53906,0.24405700048550263
53907,0.26452939856401564
53908,0.43767917069743134
53909,0.44280383492851627
53910,0.5625405301050379
53911,0.3221576402857388
53912,0.7924169865946352
53913,0.2763305154938086
53914,0.4763626481988599
53915,0.56344018847409
53916,0.5111989245732986
53917,0.28370626617336403
53918,0.18822572355566705
53919,0.39423038836695135
53920,0.24116371872208017
53921,0.2625325858497405
53922,0.27775175150129877
53923,0.5949442831348483
53924,0.5645601898349808
53925,0.12658659864988395
53926,0.5096662800869273
53927,0.3230114283220106
53928,0.5262362311765572
53929,0.4427421484489159
53930,0.46699416374333264
53931,0.34492604317106346
53932,0.6198961821424323
53933,0.48680626798328747
53934,0.24210295582995342
53935,0.7553015669185446
53936,0.5073943364476196
53937,0.6832973086361267
53938,0.401233047433732
53939,0.45198381166191604
53940,0.7173923334749535
53941,0.7808275904819961
53942,0.49873924217323506
53943,0.492390464154171
53944,0.34534714222542007
53945,0.7624108453926948
53946,0.3619156587007363
53947,0.46565621320147094
53948,0.36771676783450186
53949,0.595040231938729
53950,0.5289466707551462
53951,0.5389786543027519
53952,0.47041621711843595
53953,0.4519604388733783
53954,0.5805517964022385
53955,0.2868358612077762
53956,0.4529806981324705
53957,0.3010059482098699
53958,0.38944425908182106
53959,0.7308367606625457
53960,0.6359814166823616
53961,0.39775985914002443
53962,0.25436857454327977
53963,0.6052049131172476
53964,0.14232542422609526
53965,0.5034671802293235
53966,0.2375445580247339
53967,0.2094434726555479
53968,0.714623176573336
53969,0.285419383342079
53970,0.2315075547248142
53971,0.5067713779376101
53972,0.6150266284296391
53973,0.341484998644846
53974,0.5409985501372442
53975,0.4539332184937579
53976,0.5595878342310336
53977,0.15414055222444217
53978,0.7574252425606558
53979,0.7396772126544163
53980,0.5765223807492317
53981,0.6831531468314687
53982,0.45221241389660377
53983,0.44898051720001514
53984,0.5890640625045972
53985,0.2617495101564612
53986,0.5498170821531091
53987,0.5122546015416349
53988,0.2133994439516533
53989,0.48473229042460086
53990,0.41741218166863586
53991,0.5568320434517479
53992,0.6447077884113173
53993,0.3864695827409878
53994,0.46084730018345665
53995,0.6656236574167367
53996,0.49835663846634476
53997,0.47005739864154733
53998,0.41114283018292436
53999,0.7119298353217608
54000,0.42331598877523813
54001,0.25665871810921603
54002,0.10355541350867639
54003,0.6466204455300993
54004,0.7339428234780401
54005,0.36549692389390204
54006,0.21162638683314444
54007,0.5269552094487947
54008,0.5454439510382958
54009,0.28702297912475633
54010,0.1891039625377729
54011,0.43503946301766244
54012,0.6791704881227707
54013,0.38626690896277777
54014,0.17425322119058562
54015,0.45117102951857097
54016,0.10835876058261984
54017,0.16994240519356824
54018,0.2896997720310582
54019,0.5855850475335508
54020,0.3818961494762525
54021,0.4942376869859725
54022,0.4864755876417195
54023,0.6698471834825538
54024,0.2947081786431674
54025,0.5610602319783168
54026,0.4275812327697904
54027,0.7613368097390627
54028,0.5519675263523288
54029,0.38519057977572574
54030,0.15871686528086715
54031,0.45616306676874385
54032,0.492610966796687
54033,0.5837164797403016
54034,0.7800654937476194
54035,0.5573094566803449
54036,0.13849550201444294
54037,0.7835108495314734
54038,0.46130290501948823
54039,0.3479433972136518
54040,0.36214882904092943
54041,0.12807724572903695
54042,0.43121791389086456
54043,0.4413577449803707
54044,0.5969477027139451
54045,0.4935926423004423
54046,0.5304779358391591
54047,0.6199501709963261
54048,0.14971630033827352
54049,0.8141079237988568
54050,0.37858040501109425
54051,0.16320273208944408
54052,0.5873404976239097
54053,0.2305259689367191
54054,0.24567561733022572
54055,0.1413180890874407
54056,0.5668984312319462
54057,0.5346147833416489
54058,0.3560858923385718
54059,0.12869639111135645
54060,0.7736402146276183
54061,0.3971194215679346
54062,0.421828332965154
54063,0.4918249316363819
54064,0.24494682920691527
54065,0.17058047397788842
54066,0.5929832168698913
54067,0.5990187481403484
54068,0.7449012211452684
54069,0.10754062754855016
54070,0.47410117450621564
54071,0.5543907719778273
54072,0.7276225675767629
54073,0.2973210446935147
54074,0.2901583677928585
54075,0.63764168177885
54076,0.5493861595588034
54077,0.7935420658434501
54078,0.5006747151092376
54079,0.3787690452682491
54080,0.4510365255822608
54081,0.34125606273297154
54082,0.5633594741379964
54083,0.4676987923651638
54084,0.7599099797158156
54085,0.41177592415187664
54086,0.517146411415741
54087,0.5197513495387608
54088,0.2773943614497482
54089,0.23454681210594885
54090,0.6167525382630358
54091,0.7759371424849407
54092,0.6491063885800509
54093,0.5124277164835463
54094,0.3891816260552013
54095,0.22418379390774543
54096,0.2780073102787322
54097,0.7195071608721418
54098,0.6072345314273625
54099,0.33934784052292183
54100,0.5462590846511953
54101,0.38285152223380137
54102,0.38078642395983764
54103,0.5113160003630416
54104,0.16327906554859012
54105,0.3781850640066949
54106,0.518057637392163
54107,0.5160624410063259
54108,0.4197853525929096
54109,0.5330874892108074
54110,0.4381686695352384
54111,0.45374578661324433
54112,0.27965081809566966
54113,0.1783194231824784
54114,0.4279388798812762
54115,0.14143038423767543
54116,0.4403225348445847
54117,0.38859140867698255
54118,0.6110146161198843
54119,0.5112331552585259
54120,0.47036020843048865
54121,0.5104242753760373
54122,0.28527395505925984
54123,0.25629276253880784
54124,0.6181061987599233
54125,0.5563071620619492
54126,0.4825120621818271
54127,0.48504930885572806
54128,0.5594157822928008
54129,0.5212373485491129
54130,0.30916652985735926
54131,0.45124848925432487
54132,0.5962623009162807
54133,0.30401652398992013
54134,0.3748172812579233
54135,0.6336816329998548
54136,0.2258418006102619
54137,0.3329871971652646
54138,0.34297840467287066
54139,0.5643733797191027
54140,0.5042698637922625
54141,0.5794858650401353
54142,0.7639474901855784
54143,0.6972278118018
54144,0.6392626196465034
54145,0.569804989280334
54146,0.49239488950189053
54147,0.4573049268594531
54148,0.6864839933879906
54149,0.2500432566667658
54150,0.20745655924230424
54151,0.2381380145018087
54152,0.5764815233981475
54153,0.14771280787698254
54154,0.3239350075186961
54155,0.3659726462649613
54156,0.44187984601397023
54157,0.3340112018049436
54158,0.45664383323457136
54159,0.8116623548381484
54160,0.583460441379617
54161,0.8172031220515157
54162,0.7558920689965074
54163,0.6606044391711821
54164,0.23917982577805613
54165,0.3143647621297083
54166,0.1280414770084696
54167,0.4624400874579817
54168,0.349404043610802
54169,0.3272199688972878
54170,0.45819602280715077
54171,0.4825163782824703
54172,0.6165696481948032
54173,0.3083062301844879
54174,0.48063158523616556
54175,0.6004227407574224
54176,0.2852493817626436
54177,0.5669325079645359
54178,0.5531998167200382
54179,0.7254033089211253
54180,0.5869149544807609
54181,0.12013973673694114
54182,0.44098399210022415
54183,0.44002827453673393
54184,0.6160082890729371
54185,0.7534994257798857
54186,0.7099216356405452
54187,0.5642804500549251
54188,0.6907171963805021
54189,0.4522806826510622
54190,0.48087048371117797
54191,0.33178841959467104
54192,0.5387573033406362
54193,0.13487513554120462
54194,0.2367533898005146
54195,0.5488203956032229
54196,0.824990295321992
54197,0.14889631541836726
54198,0.6551045776235085
54199,0.11631343014703285
54200,0.6404411462076388
54201,0.6612787552423037
54202,0.31608282904247725
54203,0.384442434482735
54204,0.7268271958251965
54205,0.484300391217087
54206,0.386662507714036
54207,0.623241820186997
54208,0.40407634626047834
54209,0.6132991814165087
54210,0.37123663235083554
54211,0.19390081243012397
54212,0.3045033908258204
54213,0.11367005794582613
54214,0.7990716059055561
54215,0.3742666589426549
54216,0.42108922552194106
54217,0.46957385701515564
54218,0.466423239620353
54219,0.4716779039417358
54220,0.17668572422888315
54221,0.5688105647906175
54222,0.40200063197615316
54223,0.1519187970754342
54224,0.2433254981114077
54225,0.25907063822690646
54226,0.5322200474140615
54227,0.12556218031296548
54228,0.6493353311074942
54229,0.5529278012861237
54230,0.6931750434870132
54231,0.20671429241903158
54232,0.6040771548227236
54233,0.41994224365450683
54234,0.3005523413486337
54235,0.4592356138001367
54236,0.49388057522823714
54237,0.18158273561414962
54238,0.13471532614380172
54239,0.13928454515660527
54240,0.5557373984632723
54241,0.3640091856509295
54242,0.2902909802200059
54243,0.4645046669520972
54244,0.31644921104305224
54245,0.1579555414491261
54246,0.5527681876587559
54247,0.5628419555910182
54248,0.4200906773762448
54249,0.4638802957296116
54250,0.1977438521028267
54251,0.46650762336776846
54252,0.26756089496654256
54253,0.5283470468464648
54254,0.5326346964451805
54255,0.2824788787418916
54256,0.34160552776010916
54257,0.7088920346112443
54258,0.34965653030779925
54259,0.09913537606595976
54260,0.3012844234386867
54261,0.12456101068547121
54262,0.30018405665609904
54263,0.5693182451613001
54264,0.588159256576908
54265,0.35369875615448565
54266,0.17246138557452065
54267,0.1552744133462021
54268,0.16703258622882947
54269,0.4524026699687787
54270,0.5063812848957123
54271,0.3463999551116246
54272,0.44729673437103223
54273,0.19259752548898712
54274,0.17800282307320975
54275,0.5010578279674435
54276,0.29588057041530746
54277,0.3030952335211358
54278,0.3609657062761436
54279,0.3970888237456314
54280,0.1703798749115664
54281,0.22686672678310799
54282,0.2949071835789844
54283,0.5447094294402904
54284,0.723453623707567
54285,0.8789250564756365
54286,0.6914849838032979
54287,0.6223908121974596
54288,0.5313547801197405
54289,0.1477194032695616
54290,0.2402357591573299
54291,0.513798747212008
54292,0.2993376376338098
54293,0.26527958363322424
54294,0.553707873427937
54295,0.530342132575325
54296,0.5318937218176635
54297,0.7701264371629044
54298,0.6512353744810035
54299,0.4195664917549923
54300,0.4208330525963349
54301,0.758015403712903
54302,0.1827748497493652
54303,0.2739400140320295
54304,0.44166771462609117
54305,0.43499568848673387
54306,0.4604214942864604
54307,0.49512265477724676
54308,0.5665850527250341
54309,0.4148837224039251
54310,0.23727247008154112
54311,0.6369951470728764
54312,0.26711992457418704
54313,0.5990066717318576
54314,0.5058561037129242
54315,0.658533118046062
54316,0.6939006214278938
54317,0.4397366152543738
54318,0.40622163101818554
54319,0.494628813315783
54320,0.39919990537762196
54321,0.6579530076159531
54322,0.24471894821993884
54323,0.5573350131750359
54324,0.5479994083485886
54325,0.42211118696330885
54326,0.7475579626908028
54327,0.2949115490492691
54328,0.6834397780275957
54329,0.6129840891781608
54330,0.15334452982185137
54331,0.25517273707165056
54332,0.5154041734991024
54333,0.6922310608276724
54334,0.7055135001399504
54335,0.4241102012080917
54336,0.6243517348757439
54337,0.4321607184276391
54338,0.30038228817046647
54339,0.591165584245946
54340,0.5837497423318082
54341,0.1544354539214943
54342,0.7430205704649084
54343,0.48231488553964147
54344,0.26455319934878097
54345,0.32871225017942646
54346,0.4597205773923989
54347,0.2919504642992118
54348,0.10030883352512002
54349,0.3504203782649014
54350,0.6132101337622208
54351,0.4542636144022723
54352,0.5885363073772768
54353,0.20348732990679275
54354,0.2556307838669568
54355,0.13374623414356013
54356,0.4317499548624151
54357,0.5968193020845841
54358,0.3152001642490149
54359,0.5246602733341296
54360,0.6036518166324722
54361,0.77645418399922
54362,0.30922689821967825
54363,0.14554233010692302
54364,0.5195489137598248
54365,0.5947836800130288
54366,0.11393378711450218
54367,0.13480952387809433
54368,0.6376006047691946
54369,0.5259938063218523
54370,0.4774148399252083
54371,0.22071371499140327
54372,0.11077621182672365
54373,0.7465371414920938
54374,0.3049896857108522
54375,0.5429107054214214
54376,0.524717005051021
54377,0.5885478787426356
54378,0.6309188430973901
54379,0.37915842864338506
54380,0.3587414407755532
54381,0.6863885292382764
54382,0.7761279851320415
54383,0.5732106288377402
54384,0.3029471245272583
54385,0.7383586381696957
54386,0.7346118593050369
54387,0.44270478605572683
54388,0.525903459030945
54389,0.4859071780812617
54390,0.5217580535257245
54391,0.610833629564397
54392,0.2839991175458726
54393,0.3858399709033077
54394,0.26240578581994894
54395,0.49926731090917476
54396,0.5464715870824397
54397,0.7399820266675806
54398,0.2782798165071203
54399,0.57131612277447
54400,0.8099732487768976
54401,0.49624663324866364
54402,0.1340144679361642
54403,0.6357444114756243
54404,0.7891787726126849
54405,0.7225130428337602
54406,0.3225654439286528
54407,0.515228881035914
54408,0.6339843283047036
54409,0.726033259875656
54410,0.3387361828454622
54411,0.5397731295457211
54412,0.19093268569913638
54413,0.3319449768839722
54414,0.33187726248661814
54415,0.7035012852595809
54416,0.6996869464125911
54417,0.5425220891930007
54418,0.2488772202338694
54419,0.560472508533252
54420,0.6139048179602269
54421,0.4008118668903048
54422,0.6241521294000535
54423,0.21245211756884996
54424,0.7172031225656019
54425,0.41293682965245276
54426,0.11694684617478363
54427,0.251639313364669
54428,0.46832523352766525
54429,0.2781702600284804
54430,0.5752573165431993
54431,0.44760946184883976
54432,0.522551165187854
54433,0.15332656419752289
54434,0.544227260281104
54435,0.26631203365366
54436,0.47362941958826926
54437,0.17441730878135261
54438,0.3609022730288422
54439,0.4342121177641039
54440,0.3048139522682644
54441,0.6333918563274814
54442,0.38345654742272267
54443,0.7253844947312738
54444,0.629091945297102
54445,0.22585698051873646
54446,0.43784377055458934
54447,0.5882685417396232
54448,0.3854606723216675
54449,0.4883686980382995
54450,0.4298784310325925
54451,0.5528411503973574
54452,0.6099110356329286
54453,0.4627107507865563
54454,0.3325219766014143
54455,0.5791372755391008
54456,0.5567420138323969
54457,0.7782059864072371
54458,0.67062326090967
54459,0.6858733007376907
54460,0.3410756740969868
54461,0.6057330393159686
54462,0.4467890955461942
54463,0.33765429622790777
54464,0.6044501573930064
54465,0.21304437362911968
54466,0.5998464135663674
54467,0.4706120619046764
54468,0.10610098660744642
54469,0.36767467831362516
54470,0.585875013297408
54471,0.12179792180079493
54472,0.7268571373075045
54473,0.2534909520005304
54474,0.20975479006469064
54475,0.5373831639778358
54476,0.2555161510762188
54477,0.5065304676578989
54478,0.538397215709347
54479,0.38185187236114015
54480,0.25953531007946146
54481,0.6061959844666848
54482,0.4998830010268668
54483,0.43326693947066564
54484,0.4611597503086635
54485,0.5130435692737247
54486,0.21235848283307235
54487,0.357137521613815
54488,0.5794852593978995
54489,0.44459273197063875
54490,0.4678478528128878
54491,0.5743177632017028
54492,0.6542400238925187
54493,0.6262997267892711
54494,0.42041990086240544
54495,0.693448584861744
54496,0.42243327295448163
54497,0.26460358471075957
54498,0.7398035054452712
54499,0.3691181530487815
54500,0.2634055657530831
54501,0.4814646087282396
54502,0.7569040110558809
54503,0.19513647661036776
54504,0.37456775426260625
54505,0.4058605342192408
54506,0.45337010795315685
54507,0.1793436721396234
54508,0.17407557013065142
54509,0.5579670777441834
54510,0.18779679684444972
54511,0.14694553786457268
54512,0.49650514580954713
54513,0.49864387562667667
54514,0.30128877291939793
54515,0.578318636276152
54516,0.20055965653469132
54517,0.5039118181569341
54518,0.4198833110035027
54519,0.5801958075170165
54520,0.377260303604413
54521,0.10636305968367708
54522,0.12525245752472258
54523,0.4185097406234769
54524,0.5160307985303579
54525,0.4043134457700853
54526,0.5760377614161133
54527,0.5573828688126136
54528,0.3178627284955178
54529,0.14407728483832885
54530,0.11254936076198627
54531,0.26201617710097397
54532,0.5737336129239076
54533,0.12119942615311233
54534,0.58806173532491
54535,0.3319947414210078
54536,0.37123553770179746
54537,0.23477177633257235
54538,0.11925627614745644
54539,0.7320104672635832
54540,0.5456866360369487
54541,0.4387177393572989
54542,0.2672361359035321
54543,0.3009981776395479
54544,0.47259360252833327
54545,0.6524733304092395
54546,0.37136271533138954
54547,0.3147368798269743
54548,0.72958877765835
54549,0.5617555490990604
54550,0.5878522257988128
54551,0.30082925247894604
54552,0.3890040341805326
54553,0.2138447091545145
54554,0.220629259272356
54555,0.20673070208465982
54556,0.5278025860521035
54557,0.5180090664061242
54558,0.49254238264606587
54559,0.2359175984513996
54560,0.563689341592341
54561,0.21344721935734673
54562,0.580294919110665
54563,0.6097410593299062
54564,0.4019715836931665
54565,0.19586474798414222
54566,0.6211604228314106
54567,0.27677427234974084
54568,0.48769738026151593
54569,0.4672298936596255
54570,0.15478825017296333
54571,0.20419037453755942
54572,0.5082300333849837
54573,0.25008133507230745
54574,0.4900159282548154
54575,0.24578561747031596
54576,0.4133696304755
54577,0.1355609572692076
54578,0.6605983473430219
54579,0.475513137787704
54580,0.5834005667004426
54581,0.11099311105952013
54582,0.43950159595580035
54583,0.4906084580136083
54584,0.5803622672467768
54585,0.3358426666712555
54586,0.6270714935070887
54587,0.5808824174404665
54588,0.46312012607334774
54589,0.17598956751362502
54590,0.5497634749372989
54591,0.19012761054126318
54592,0.3135203841584109
54593,0.4581259980613263
54594,0.5402815265778698
54595,0.5621402074510213
54596,0.4630405602761673
54597,0.47237432032939786
54598,0.4977900843621458
54599,0.5725625737861162
54600,0.2811753576971026
54601,0.2489326066300227
54602,0.5014785442946447
54603,0.5513542178841779
54604,0.4681195994021962
54605,0.5071948622504654
54606,0.725491049986474
54607,0.42214325146890513
54608,0.4156163671874377
54609,0.2750105926942472
54610,0.48772807651217304
54611,0.43965521427603743
54612,0.31946087115235267
54613,0.4783219754541482
54614,0.7062968853352699
54615,0.1792238398545978
54616,0.2455138276458204
54617,0.3879581580336318
54618,0.3168754593521573
54619,0.6771753183988337
54620,0.4194604270668661
54621,0.45621387773491084
54622,0.2561116331377905
54623,0.2113668757845822
54624,0.125134289478052
54625,0.373300530657922
54626,0.5631721266171421
54627,0.3262444678609697
54628,0.26318561925414047
54629,0.5015303379626758
54630,0.5687625850833425
54631,0.3085831588264921
54632,0.2526749858549966
54633,0.15974190258574072
54634,0.47068198150524115
54635,0.29780872109858775
54636,0.6200172107321786
54637,0.6698972634230244
54638,0.5546381796502414
54639,0.44860820894609527
54640,0.18539855204894623
54641,0.25861055989005666
54642,0.48532661118849063
54643,0.26848057256131375
54644,0.11912333714422406
54645,0.6223586198611905
54646,0.3347263287166986
54647,0.45292970463752047
54648,0.5466706915820257
54649,0.16541910998135706
54650,0.2222119439506591
54651,0.7312577491244211
54652,0.2315185629357038
54653,0.4905590636677901
54654,0.3664165917824533
54655,0.25370011521918606
54656,0.2144215751436295
54657,0.6088654091825418
54658,0.5392457244413639
54659,0.48588503681869966
54660,0.7168244143350528
54661,0.527879322902308
54662,0.2605161237589664
54663,0.6773845616772576
54664,0.5836844205462088
54665,0.6888665770668031
54666,0.3745333020458259
54667,0.20078017166177714
54668,0.1361112649782779
54669,0.5120048445295928
54670,0.5091192013951028
54671,0.45256355925583
54672,0.6209832022466505
54673,0.6277557784635063
54674,0.28480745022945875
54675,0.3589070306129414
54676,0.19688037878076753
54677,0.37799098728138747
54678,0.23953242393907975
54679,0.19280580491265736
54680,0.23093666939256902
54681,0.29981623034397636
54682,0.4837374604661162
54683,0.4542783122492205
54684,0.27096684845557767
54685,0.24453367160236741
54686,0.6865058162012854
54687,0.4131180575551598
54688,0.3177686639640266
54689,0.7900740204401302
54690,0.6603949360018272
54691,0.5108273135002357
54692,0.7454824939224164
54693,0.09944232088267675
54694,0.6092329445978246
54695,0.8295030263497136
54696,0.7772610928022741
54697,0.2913957359297793
54698,0.4336102104134831
54699,0.3518833253549411
54700,0.1509588382024667
54701,0.5019179338358563
54702,0.22515045835136482
54703,0.14397256946231812
54704,0.8547675010795744
54705,0.4523959252248046
54706,0.6938110511778526
54707,0.6148398114171093
54708,0.5863439899164172
54709,0.32201990806172104
54710,0.12130175609008546
54711,0.405473155704769
54712,0.35239131806879376
54713,0.6533871482454496
54714,0.46723462947176175
54715,0.7215582039803629
54716,0.35151514860163396
54717,0.7583676415447237
54718,0.6322781258059434
54719,0.19215316378124042
54720,0.576726937492821
54721,0.4697272058565597
54722,0.3586226484153913
54723,0.3519680648499272
54724,0.10091312349070393
54725,0.6269343159057337
54726,0.4488966679970035
54727,0.6258123579127675
54728,0.4429778639646765
54729,0.15550049432623803
54730,0.4531389550568839
54731,0.6607378666887135
54732,0.6534146294882505
54733,0.6846343011008106
54734,0.42138977482853196
54735,0.520597660210612
54736,0.8046954799036625
54737,0.23729538913368498
54738,0.35980428938962156
54739,0.4221976213441985
54740,0.5942614629674821
54741,0.4273170592121131
54742,0.35936091893268746
54743,0.40230066935442177
54744,0.41773986970227117
54745,0.6657437314064322
54746,0.680296202652005
54747,0.4186882837514645
54748,0.6383508427973946
54749,0.40987257509381503
54750,0.4996210220044432
54751,0.6016970679560295
54752,0.5831865211922032
54753,0.1782646862035972
54754,0.23674237037500645
54755,0.6180672709528043
54756,0.35305330831718285
54757,0.155713195523741
54758,0.1578398907822745
54759,0.36073234209477373
54760,0.4037636637733907
54761,0.2687605561808428
54762,0.4649470589281842
54763,0.41204510400938926
54764,0.1707780870639147
54765,0.17242458038476272
54766,0.611451396769294
54767,0.37684294012616587
54768,0.610085659837741
54769,0.23432263717293245
54770,0.38580034742306035
54771,0.15293989584800924
54772,0.3441081474913826
54773,0.44350437239421286
54774,0.1568368128900239
54775,0.28269607262954494
54776,0.2924583668592408
54777,0.6308795710422604
54778,0.4126248989087911
54779,0.5826308958951304
54780,0.15388892774478966
54781,0.33466708172493914
54782,0.7808192292403383
54783,0.7154030441723578
54784,0.6010595542876469
54785,0.6582565981708781
54786,0.6132561951387302
54787,0.3864664913582743
54788,0.6688922237774682
54789,0.3396777234351053
54790,0.49161176665638173
54791,0.14092338281747843
54792,0.5647484046642253
54793,0.1336547731051866
54794,0.18979570158885284
54795,0.18771745071977838
54796,0.34271363926679055
54797,0.7125614256345794
54798,0.14717335424161407
54799,0.7069368587893196
54800,0.65328808412859
54801,0.44007567239933854
54802,0.5078942133716049
54803,0.14573877829568307
54804,0.5161885564228743
54805,0.5082842859206126
54806,0.46292786116180706
54807,0.3337343051218652
54808,0.3990257483206586
54809,0.41961950744826043
54810,0.16506391046540497
54811,0.6048540177837568
54812,0.5099894150775254
54813,0.6928616991096999
54814,0.6026260405654733
54815,0.1517773037800897
54816,0.13123101780726668
54817,0.3960988829922652
54818,0.8060099720835872
54819,0.6883276950658582
54820,0.34092572792338804
54821,0.4031163454136363
54822,0.2721531317401915
54823,0.5865595608178694
54824,0.6351830145723227
54825,0.632336554795054
54826,0.27450382661105155
54827,0.6081621393260438
54828,0.0846364584747577
54829,0.2113758118308523
54830,0.7772332432616649
54831,0.42802933348382
54832,0.5909657662252665
54833,0.18324915469875921
54834,0.115114584979476
54835,0.7056161763726501
54836,0.16850705742079614
54837,0.6415592048548396
54838,0.16920648108575026
54839,0.1623560384894458
54840,0.14653489569258432
54841,0.8623306894930682
54842,0.6092396976069497
54843,0.6023865061303378
54844,0.31848652333726357
54845,0.13094857036802393
54846,0.5419598090481665
54847,0.33273375315109477
54848,0.4489696711147557
54849,0.45454226746511167
54850,0.4645327202045454
54851,0.4855528575636755
54852,0.42591519045667553
54853,0.28279936913372655
54854,0.6151556233594901
54855,0.6754078414531345
54856,0.5605546105933862
54857,0.4030658506844117
54858,0.22174624113971547
54859,0.09605996799288043
54860,0.37790062283006487
54861,0.39286042154610795
54862,0.07645464717175283
54863,0.45004746821971026
54864,0.5629421911965586
54865,0.7064959410802859
54866,0.2859627660207662
54867,0.14365332667487352
54868,0.33498220389012634
54869,0.2684839683691062
54870,0.5701306770677609
54871,0.44237891532757906
54872,0.3347500180139222
54873,0.6952181333228054
54874,0.577204158645562
54875,0.4524801367382753
54876,0.39432056056929743
54877,0.2525535966509043
54878,0.47880849043602686
54879,0.2061245807647068
54880,0.3720669631981847
54881,0.6600331687387626
54882,0.12349457473812067
54883,0.6163091920284183
54884,0.3764114144917497
54885,0.5922667770534017
54886,0.6444695679978002
54887,0.20155955939270748
54888,0.2681155661702751
54889,0.7947511205424901
54890,0.34063456509718404
54891,0.44808630981065767
54892,0.5272202299375424
54893,0.822571554973143
54894,0.6731449043561157
54895,0.2898944806796765
54896,0.35063462572427617
54897,0.3093444810134442
54898,0.7253086465259326
54899,0.1906089046210954
54900,0.8212324242648621
54901,0.37314110024892755
54902,0.6303509949778304
54903,0.25414928906746764
54904,0.33936802067621713
54905,0.3177524913675221
54906,0.648970392338847
54907,0.3065048848768418
54908,0.33192792319604525
54909,0.47058852720933425
54910,0.3049134745556414
54911,0.30870346491094613
54912,0.39108119548786935
54913,0.5571453330312814
54914,0.7602593371251369
54915,0.2635878539266677
54916,0.12492914313065595
54917,0.1910004438886997
54918,0.1737924448237537
54919,0.25038028896316766
54920,0.5320539792405407
54921,0.38328348122045597
54922,0.338806298016828
54923,0.4853640635967731
54924,0.10276731694820582
54925,0.4721715408559031
54926,0.3653880819135071
54927,0.3035884240348351
54928,0.37824667363731534
54929,0.26790883384022646
54930,0.3887380998736081
54931,0.35478083273959643
54932,0.28526164100444046
54933,0.16954388194143213
54934,0.2237947097384767
54935,0.41571527626510524
54936,0.11228284168694729
54937,0.5191066215919148
54938,0.39194716514858624
54939,0.686301287540809
54940,0.39471605604627175
54941,0.4172100363399254
54942,0.5903542847732279
54943,0.18584551312410527
54944,0.558856430170258
54945,0.4468482154970589
54946,0.19405528247411719
54947,0.6365858723393074
54948,0.3660729213715199
54949,0.4164180678489949
54950,0.36053009145231996
54951,0.13958968415621129
54952,0.44763911657834304
54953,0.6848855072363221
54954,0.6668683709714899
54955,0.47864687028807806
54956,0.26562483458196173
54957,0.3453812772854205
54958,0.24252907053482442
54959,0.28793334607180127
54960,0.19220816656955858
54961,0.6490694360956719
54962,0.45953418945216806
54963,0.45376043123238974
54964,0.3361503694431073
54965,0.3477293627272179
54966,0.32540180998123647
54967,0.6371791754354643
54968,0.6141549091075428
54969,0.6714091422182333
54970,0.40820372142124545
54971,0.30886024815076757
54972,0.4039102647322183
54973,0.33295075400936824
54974,0.2815131873768492
54975,0.4841143772244853
54976,0.6030265950475776
54977,0.5850112780224871
54978,0.4547412264796713
54979,0.6715345966478596
54980,0.4759082164686428
54981,0.5708117746388096
54982,0.35679248550879067
54983,0.42281717879184755
54984,0.6262568585042383
54985,0.49087333008706546
54986,0.4817476626836539
54987,0.5795832800222792
54988,0.43327892371693383
54989,0.5888246727490765
54990,0.4268705453054025
54991,0.4239523352521837
54992,0.5371987521739527
54993,0.6404740154268698
54994,0.3502119750028548
54995,0.13608235822352063
54996,0.46980573374922824
54997,0.45329833632938743
54998,0.5193433054123405
54999,0.563854597875129
55000,0.29900396450307926
55001,0.28158726223388925
55002,0.3005360036486956
55003,0.35513239992540685
55004,0.2822950157893229
55005,0.5345889348086071
55006,0.2133894081863253
55007,0.3054218345864108
55008,0.20742113168141496
55009,0.08901395520229269
55010,0.40447577657207245
55011,0.595640529019635
55012,0.25415366524704464
55013,0.5044913783518308
55014,0.31288316333944
55015,0.20660396763555014
55016,0.7294389600007907
55017,0.48055410043022656
55018,0.4157363205560215
55019,0.2081406962932441
55020,0.2342813417233931
55021,0.8517626909400917
55022,0.263833802280771
55023,0.41011267517426064
55024,0.6223071847641087
55025,0.15652843302228842
55026,0.48980340596423283
55027,0.18231305495443953
55028,0.4872919597280586
55029,0.48692879419497737
55030,0.2994735148507744
55031,0.5353938092087135
55032,0.5624493527681497
55033,0.48331792386856537
55034,0.6940277958501216
55035,0.5661032042868438
55036,0.1280865058924417
55037,0.5065787939945995
55038,0.5838150518900528
55039,0.13416293616242903
55040,0.5123692222159043
55041,0.45589294916946793
55042,0.6427245225631452
55043,0.32894239281122145
55044,0.3736081298953883
55045,0.4133154339901579
55046,0.4042151381033564
55047,0.3492098096263143
55048,0.3400637675212162
55049,0.10070918316284165
55050,0.19074675786510034
55051,0.4094171491524908
55052,0.13707277718206873
55053,0.6492615144176995
55054,0.42690223786451426
55055,0.28540085115677716
55056,0.41950654091273276
55057,0.3852598194745162
55058,0.5669661977123353
55059,0.12318467172449167
55060,0.6994644328024197
55061,0.48942655198929175
55062,0.37294306836387486
55063,0.16936276946364817
55064,0.43133527247284364
55065,0.2621009196199146
55066,0.31142185551665563
55067,0.13376333097675552
55068,0.2644509261670073
55069,0.3056366056327513
55070,0.16243381307962906
55071,0.29043421156785304
55072,0.42392228577820446
55073,0.6445172098779999
55074,0.45142648222385134
55075,0.16637206010893105
55076,0.7161915503343406
55077,0.21048171048017153
55078,0.12951058200830912
55079,0.5597506253319626
55080,0.35171898946539104
55081,0.38728495952955067
55082,0.42154359688490073
55083,0.5147909748757927
55084,0.6082527398827396
55085,0.3379141214873378
55086,0.7553163399588803
55087,0.13324329227819126
55088,0.37075966772834223
55089,0.46816824471060675
55090,0.8084305927058234
55091,0.5776810913792846
55092,0.5068205383580606
55093,0.5309635823914342
55094,0.5160748823188811
55095,0.13301529206902854
55096,0.43902239990975234
55097,0.44637263826919155
55098,0.329781847142467
55099,0.23837586072216585
55100,0.38816610653075295
55101,0.43321234377699486
55102,0.5462072736921038
55103,0.33628608927001247
55104,0.46003557214288976
55105,0.4839536624739447
55106,0.11989954571141528
55107,0.22849441524716219
55108,0.36102225054369697
55109,0.44824336844775875
55110,0.23301618463415155
55111,0.7098972016155086
55112,0.6108518543340383
55113,0.558686042172597
55114,0.5007270951754332
55115,0.23171384704757028
55116,0.819378290199265
55117,0.18783092189365713
55118,0.2817887927659544
55119,0.4546092674160375
55120,0.26722898784203536
55121,0.5842433558325796
55122,0.4359930676016476
55123,0.3162308871025391
55124,0.11518879144442952
55125,0.6024139794445323
55126,0.5280611752782831
55127,0.34092492908071464
55128,0.16637142260182136
55129,0.46856394547572083
55130,0.7097936465677268
55131,0.7557447501212707
55132,0.17531047624597051
55133,0.3224743773819985
55134,0.3748766344105173
55135,0.47392644502626347
55136,0.401556421147857
55137,0.36755473026530927
55138,0.18473418615956014
55139,0.6838403123963191
55140,0.41501698400894177
55141,0.5214428641601072
55142,0.1767336953062572
55143,0.43335343000502924
55144,0.7260242524274667
55145,0.20385671029421787
55146,0.4954774129970916
55147,0.4472826665054991
55148,0.24553691913092968
55149,0.5045239854287449
55150,0.5059076262063114
55151,0.26955513174337037
55152,0.5766486068609412
55153,0.5461967919020886
55154,0.7153243062060171
55155,0.11361058489338209
55156,0.29324981494154834
55157,0.6536156891829169
55158,0.29369087126864074
55159,0.3010206256656654
55160,0.49222015131124575
55161,0.4660717682286731
55162,0.10793739593145153
55163,0.5077863204686878
55164,0.3185434788031664
55165,0.5347468448071878
55166,0.4850027691202899
55167,0.5754336108955276
55168,0.7513661587121859
55169,0.211556680387652
55170,0.2659422765442823
55171,0.40493733708813273
55172,0.5295654870384124
55173,0.34822192684083436
55174,0.7189047488515315
55175,0.4786191794387528
55176,0.3203489011603887
55177,0.771464682364134
55178,0.32540006589429393
55179,0.5634400123134461
55180,0.670059461716927
55181,0.3186198155669564
55182,0.5444167473142152
55183,0.5176770507252584
55184,0.5580417615649953
55185,0.35656632091811796
55186,0.4313317705883753
55187,0.5641380076473925
55188,0.48691362570258084
55189,0.1797819523901589
55190,0.12357022111131358
55191,0.44628035831643226
55192,0.13036214941803517
55193,0.5503384012347647
55194,0.15435804143794699
55195,0.1907087134416081
55196,0.34336697361481855
55197,0.5391854578765329
55198,0.39860573478610883
55199,0.4576994721609345
55200,0.09703320542442906
55201,0.48460391263134706
55202,0.717577653798384
55203,0.16829559883345596
55204,0.21015607710725218
55205,0.21735636138819683
55206,0.5765264399297898
55207,0.6716695397064016
55208,0.12077605109229876
55209,0.22293377620397598
55210,0.7545556174545165
55211,0.6519449140348385
55212,0.47789441022003865
55213,0.3839322723829869
55214,0.18630813674167934
55215,0.2994618792229801
55216,0.62152991007895
55217,0.2915539188679844
55218,0.6246513273860611
55219,0.8071031134670094
55220,0.6595063369010358
55221,0.19749319339251847
55222,0.42553950734938084
55223,0.5108160256601858
55224,0.5475905933746255
55225,0.7153732203071944
55226,0.4724476056716311
55227,0.39436595790725265
55228,0.2856850277958151
55229,0.31137087103546446
55230,0.37079450117646906
55231,0.49604751388544516
55232,0.3739746901682514
55233,0.5235401449657242
55234,0.3240985413122319
55235,0.5529802631468982
55236,0.43514341933766665
55237,0.46997889718425184
55238,0.26316494433335663
55239,0.20138035641996596
55240,0.7017370901596247
55241,0.5551370933314907
55242,0.27761807925079257
55243,0.4793169474561845
55244,0.09121059806065741
55245,0.5078769650635189
55246,0.09726369144971103
55247,0.5650414394108312
55248,0.4599574371341903
55249,0.4374382794280042
55250,0.3607986205729324
55251,0.7784111662108105
55252,0.5759775627725364
55253,0.24821159638020907
55254,0.5965623083466517
55255,0.34986030302875754
55256,0.5449393680518868
55257,0.4456439956976885
55258,0.2698162851625186
55259,0.25127192988958047
55260,0.2867799584316933
55261,0.44507364922726245
55262,0.27590686791152874
55263,0.6763817658209678
55264,0.3640059530783743
55265,0.463169386673561
55266,0.5847597833528846
55267,0.2557439357758921
55268,0.30677293644630776
55269,0.14500332959720225
55270,0.6437921869788937
55271,0.505543740578316
55272,0.5563633125508514
55273,0.6873392916735017
55274,0.5138578996243856
55275,0.6269126988314331
55276,0.31493322993380946
55277,0.3948483766611393
55278,0.43350954018319415
55279,0.17712756655652226
55280,0.4019583083621358
55281,0.5272003073884128
55282,0.1704703085121968
55283,0.5077269576303381
55284,0.12326529637636593
55285,0.36118373629014994
55286,0.6306530787750897
55287,0.24620781338856337
55288,0.3252248702400291
55289,0.2762895624958358
55290,0.07254008353666666
55291,0.4980058511760232
55292,0.5461144132105045
55293,0.46407899004931025
55294,0.2020339706709408
55295,0.49697779397551306
55296,0.5342237707278952
55297,0.24100060995225867
55298,0.5564600547376278
55299,0.18383881591388668
55300,0.19042261520215364
55301,0.5049845114691592
55302,0.44730640979864295
55303,0.16496157212748785
55304,0.6214672061128114
55305,0.1594162482476108
55306,0.511520484453867
55307,0.6546280995082789
55308,0.6497093571157118
55309,0.20320733583746053
55310,0.7295461179028446
55311,0.5221429612716832
55312,0.10274330838660323
55313,0.5644399281218784
55314,0.4436426756834639
55315,0.4334400930085076
55316,0.4982638784478068
55317,0.16982031027377206
55318,0.10741745889103015
55319,0.3472678847361847
55320,0.5353808042080974
55321,0.38440807026090035
55322,0.6609414054133332
55323,0.4552402252889276
55324,0.2795905013735708
55325,0.6335876460819959
55326,0.6389052901539205
55327,0.2944272521290146
55328,0.6020722816436596
55329,0.35182974888164575
55330,0.38147191819860865
55331,0.17450129331077852
55332,0.1203418026950049
55333,0.5209531975721581
55334,0.3223641742386003
55335,0.43992966880482626
55336,0.7352391654718529
55337,0.23877528265197367
55338,0.6039031956347621
55339,0.43478350823137146
55340,0.3955679742956997
55341,0.5546254427211228
55342,0.5835600731845874
55343,0.20926522473617032
55344,0.10726886353203947
55345,0.06522422345055863
55346,0.5452840610471426
55347,0.10696631816345138
55348,0.3625673759405626
55349,0.5662444886728923
55350,0.6624333278945163
55351,0.234435121948572
55352,0.5860703954227954
55353,0.5104483247639577
55354,0.5321054577807927
55355,0.1704396943046716
55356,0.3396680772126347
55357,0.7601822155917269
55358,0.2638438003638483
55359,0.48191723669390973
55360,0.4919382453944791
55361,0.5201311812354883
55362,0.7974882329294005
55363,0.33769145081316737
55364,0.346796224895158
55365,0.16061718629203156
55366,0.7655642480861711
55367,0.76494274537856
55368,0.4245777544624565
55369,0.3116457073643992
55370,0.6786109006523996
55371,0.747737194415007
55372,0.41070165780299406
55373,0.5811172170260208
55374,0.3411944406897501
55375,0.5913215003545427
55376,0.40517677685939285
55377,0.5982201079703696
55378,0.1698017821034178
55379,0.4023550561858461
55380,0.34738600023579064
55381,0.10869158819428794
55382,0.8379197443077567
55383,0.7929184492526796
55384,0.6064051774349156
55385,0.5296898722642946
55386,0.4070122797215876
55387,0.4336968957507477
55388,0.30318272960983866
55389,0.7877742797087572
55390,0.23326175551023423
55391,0.33159206707350475
55392,0.2551482114385807
55393,0.2562641146071655
55394,0.615876114805493
55395,0.6682835584675276
55396,0.48985535891665144
55397,0.7561509999216084
55398,0.5484312494486006
55399,0.523977716787476
55400,0.247953681571989
55401,0.5011074929510001
55402,0.33285135231343016
55403,0.5624477358143191
55404,0.49927797409274016
55405,0.5091137235947124
55406,0.2524453557542784
55407,0.4665001550990352
55408,0.3954162239322497
55409,0.4355042880151625
55410,0.6938906511511445
55411,0.5816113016713785
55412,0.6397915825494483
55413,0.3835360237461606
55414,0.4452936390058951
55415,0.4935267999044788
55416,0.24509445017940346
55417,0.45633140497306296
55418,0.5320466651263968
55419,0.3549647172419759
55420,0.4090786901733124
55421,0.29190180353836914
55422,0.17070795795420168
55423,0.4929509048406213
55424,0.28302119081822014
55425,0.6336874326736144
55426,0.4024116618412843
55427,0.6077622048476194
55428,0.3489488696054893
55429,0.6126384902824392
55430,0.12292866155757166
55431,0.2733652793134
55432,0.5925977063891364
55433,0.2939411231141226
55434,0.40626530343936884
55435,0.343216751887411
55436,0.6268324814523406
55437,0.11670170554890875
55438,0.289878592269453
55439,0.37877078520017476
55440,0.43587509148770376
55441,0.40225053213552325
55442,0.4690634200529605
55443,0.12746884663772784
55444,0.493295750580661
55445,0.2701584558041716
55446,0.33863162252739987
55447,0.40047730301492424
55448,0.4037894921925506
55449,0.2142622175838539
55450,0.2430873268280882
55451,0.4484846385181013
55452,0.5633435660843568
55453,0.5041222648603466
55454,0.43717588051975786
55455,0.3342922749235059
55456,0.7903350438220847
55457,0.10676363188982328
55458,0.3439757087634544
55459,0.24425413396546283
55460,0.6432959867894908
55461,0.4131587713246307
55462,0.5964744328609654
55463,0.251051703931846
55464,0.264342003697295
55465,0.45186975119968964
55466,0.7557474289913594
55467,0.19078836004245409
55468,0.23628394133627473
55469,0.08498035985661505
55470,0.4101380037870409
55471,0.5952547491262762
55472,0.4786034381951817
55473,0.4095061160157691
55474,0.4186821820924203
55475,0.17823886367779637
55476,0.4660360317649807
55477,0.7514852283799948
55478,0.18862652701863356
55479,0.3892008054557716
55480,0.42759058448992054
55481,0.6535144605452666
55482,0.30164434392921075
55483,0.129068196585391
55484,0.5483839979717919
55485,0.4720813296336491
55486,0.6245733577707875
55487,0.26651144461679965
55488,0.37049237341349306
55489,0.4003673863082325
55490,0.2855610901191485
55491,0.14663656898477365
55492,0.6445937186800921
55493,0.5200549417485477
55494,0.7798278790705686
55495,0.5168625249353999
55496,0.30692480031979485
55497,0.1870168695096132
55498,0.4635910942037772
55499,0.49738053454563014
55500,0.7367007630444038
55501,0.3645306561926162
55502,0.7603221508463589
55503,0.26038921383911273
55504,0.5425689740385116
55505,0.7462713199009254
55506,0.5388878320549573
55507,0.44365536671316014
55508,0.6273126284786501
55509,0.4966781625756365
55510,0.6154692914187129
55511,0.44423663830368904
55512,0.44982291267972796
55513,0.1860966446898551
55514,0.6771083907974781
55515,0.2386491728858808
55516,0.3751608716710772
55517,0.5578777109743283
55518,0.256508167050836
55519,0.6151068650615342
55520,0.24209387019794656
55521,0.4265722649460679
55522,0.5332279530074118
55523,0.4790604835886411
55524,0.21229321675469376
55525,0.7093465262098326
55526,0.5386233887992803
55527,0.397791175434381
55528,0.20908452602290362
55529,0.544609893918859
55530,0.33689225949809226
55531,0.3893761175828737
55532,0.5365413433022117
55533,0.4423255383566237
55534,0.16414780193607062
55535,0.5931810851813993
55536,0.5560690338737259
55537,0.21250925831810807
55538,0.33711198453378577
55539,0.6274624354498309
55540,0.21909501057329386
55541,0.5346662970901228
55542,0.2728155279942818
55543,0.3195376376266164
55544,0.7089499490211713
55545,0.09934679215079542
55546,0.21467145337754023
55547,0.2268987931069419
55548,0.4166958267145832
55549,0.47856582772950695
55550,0.6040663161563442
55551,0.5908229132947844
55552,0.5993002842158046
55553,0.17547166440579479
55554,0.2558658511498954
55555,0.10733714826431467
55556,0.5029748185560632
55557,0.4356076935180637
55558,0.473614464232499
55559,0.7388959957128043
55560,0.738867355832039
55561,0.7378931664599917
55562,0.19133265203945854
55563,0.4907935609672924
55564,0.6375878807937667
55565,0.22013172072173715
55566,0.5955592285588331
55567,0.3367532583828929
55568,0.5623177840597829
55569,0.5446343044838723
55570,0.3929190020114211
55571,0.6806681721760645
55572,0.23197525092034954
55573,0.29048658094513524
55574,0.2576750322492442
55575,0.436931674253589
55576,0.5547515183134618
55577,0.43703649407022893
55578,0.6525637482984966
55579,0.47703630984572487
55580,0.4589954050034657
55581,0.19345095389126704
55582,0.19201299279941553
55583,0.63357182492107
55584,0.5006193346461807
55585,0.37818469025928914
55586,0.3389383670865009
55587,0.3976738401404253
55588,0.5127939163851251
55589,0.8329024592030368
55590,0.4003740533828969
55591,0.5218985313610909
55592,0.5972253707363159
55593,0.3488564071358656
55594,0.6091410344665672
55595,0.4795706457060435
55596,0.7847870407001514
55597,0.426265652819355
55598,0.2890255917283053
55599,0.7074310397832683
55600,0.11830944475335169
55601,0.4025767218599695
55602,0.3705731842372823
55603,0.6711082267748775
55604,0.3411723838193275
55605,0.8156560823381662
55606,0.5356616810767583
55607,0.4187239913692678
55608,0.14062967857110398
55609,0.2395853185998726
55610,0.4668761332842814
55611,0.5153675150390945
55612,0.6295830797828303
55613,0.5496934421039873
55614,0.2850852075484193
55615,0.6499080861901748
55616,0.673457617660603
55617,0.12756359834183292
55618,0.30216040220269536
55619,0.2068730726030996
55620,0.2737940248929125
55621,0.12974938549062892
55622,0.49932503944269524
55623,0.7529469559410836
55624,0.41814765768038165
55625,0.5556400299601085
55626,0.6821823498435797
55627,0.4235814943308476
55628,0.6988389785256369
55629,0.4499700134360671
55630,0.3676456470613609
55631,0.5911315469689855
55632,0.1464108104257203
55633,0.491958147342404
55634,0.4604646625487337
55635,0.2890510181107731
55636,0.16994907104639778
55637,0.6528716665442634
55638,0.4828345106715776
55639,0.15141971038217875
55640,0.49867563200830634
55641,0.4545706869511827
55642,0.13099494265655115
55643,0.8286693277041349
55644,0.55855150008203
55645,0.7339716626942855
55646,0.2625507625068542
55647,0.5516823068423133
55648,0.5042397077296764
55649,0.4975093565953684
55650,0.10080681430037551
55651,0.22600180383975585
55652,0.39479125550329525
55653,0.8066395535031485
55654,0.11937935497821883
55655,0.5883625598639052
55656,0.32736410546448635
55657,0.22989260410487997
55658,0.6439886373947245
55659,0.2759087489383359
55660,0.5767141395957117
55661,0.1488017455294993
55662,0.09489762709952768
55663,0.47780943963397843
55664,0.8831759802630127
55665,0.12930472060136422
55666,0.5475349893375652
55667,0.6552479157800717
55668,0.40317633197908237
55669,0.3274458456363269
55670,0.5039306355343126
55671,0.32597917671990856
55672,0.7938586113312736
55673,0.44096667767809683
55674,0.2834653894494032
55675,0.6096483047301596
55676,0.49446285495693554
55677,0.6422524059390454
55678,0.28978053950026816
55679,0.21679868962244717
55680,0.5811174923541031
55681,0.24183492616268695
55682,0.1855405165723314
55683,0.21692730869166607
55684,0.10114467196599353
55685,0.7780637643669743
55686,0.3731899814517539
55687,0.17448129386525785
55688,0.2813169126959065
55689,0.5889465726415528
55690,0.23130626849952987
55691,0.4864846986329702
55692,0.5695463597346759
55693,0.32351547892649396
55694,0.7470602072062041
55695,0.6063515272652953
55696,0.39520373014162924
55697,0.6895510557776212
55698,0.38075989506346886
55699,0.8163136478668839
55700,0.5843823605752088
55701,0.1819439073059056
55702,0.4814377127640702
55703,0.22086202910019065
55704,0.7689121704479752
55705,0.6930639595115506
55706,0.14364819597027456
55707,0.4312198773154254
55708,0.539615485764718
55709,0.6469717221345251
55710,0.7758540649832149
55711,0.7034640219951205
55712,0.504040991513598
55713,0.630893420248544
55714,0.1521010876159126
55715,0.5205970335113022
55716,0.3686856241446504
55717,0.1505333358229055
55718,0.6320909675246776
55719,0.34313837562882343
55720,0.20059732439070943
55721,0.2887985816083683
55722,0.27398074065924705
55723,0.1830938654708199
55724,0.765610112555594
55725,0.2377239842151007
55726,0.5370376735118699
55727,0.25965857290117106
55728,0.2961929803447162
55729,0.2551079852710871
55730,0.3934740703080694
55731,0.44162609291215155
55732,0.7292929609404668
55733,0.4452157294222365
55734,0.2668215476745391
55735,0.26247542843148236
55736,0.6166325071227345
55737,0.7607151116417511
55738,0.46471775156447975
55739,0.44351671812243293
55740,0.7733385218041107
55741,0.834446968242648
55742,0.659007668581416
55743,0.22994391911170786
55744,0.12470994363810756
55745,0.7710317742254625
55746,0.6885221271536677
55747,0.36368255659692345
55748,0.5142482067791726
55749,0.6700266346525001
55750,0.4908678073870606
55751,0.8113834479867402
55752,0.775276941764746
55753,0.46515032447163424
55754,0.37833685113686416
55755,0.19911211466190804
55756,0.22938514352607384
55757,0.3695075542815601
55758,0.21384758073319676
55759,0.715253312475954
55760,0.31037246820964004
55761,0.5415096855479263
55762,0.4620006699348918
55763,0.5753302055243188
55764,0.7433171140343169
55765,0.6943745244916215
55766,0.2818049380086666
55767,0.7557344775865754
55768,0.7823318636685176
55769,0.5205466429209769
55770,0.5253625256516176
55771,0.2834872473998736
55772,0.6545455889060194
55773,0.13600750463297356
55774,0.3063176566979732
55775,0.20834006408104527
55776,0.3008109337966149
55777,0.16480867257179033
55778,0.14007184409982126
55779,0.7462650761405452
55780,0.7115335280581131
55781,0.3094885017327931
55782,0.5192716781772051
55783,0.4267543269214215
55784,0.6094878205217855
55785,0.2520590917022242
55786,0.6195940544302735
55787,0.542361121004632
55788,0.2509621947723974
55789,0.6836832464435553
55790,0.38343993980293917
55791,0.7113671389319993
55792,0.660160422020872
55793,0.756489128213077
55794,0.3940991076444825
55795,0.43398870125055533
55796,0.6346206932551981
55797,0.4223818462330736
55798,0.599769591293548
55799,0.4952246840704113
55800,0.4545175368698383
55801,0.15065398332581484
55802,0.5044278408310009
55803,0.2899994554426671
55804,0.57808205351783
55805,0.12582326864268667
55806,0.682040623128472
55807,0.3612042212097911
55808,0.5669033163631974
55809,0.5399117337432414
55810,0.41277742471763834
55811,0.5466048450337094
55812,0.2047260356402894
55813,0.2006291058138727
55814,0.0992533729860091
55815,0.29560337575458673
55816,0.39946899735305347
55817,0.34316262960476923
55818,0.40546436359522364
55819,0.39892623491768836
55820,0.8001678660670589
55821,0.14388488288244136
55822,0.2642145269280618
55823,0.6219792813518312
55824,0.22844333652055004
55825,0.5059726246192976
55826,0.41791975155509314
55827,0.7755083615495251
55828,0.5969897953858398
55829,0.5647256350069867
55830,0.33400687234536003
55831,0.1382227718366582
55832,0.4262728538283075
55833,0.41071094094334365
55834,0.3130051459186023
55835,0.15724387535404427
55836,0.08326505567700014
55837,0.600484197280239
55838,0.1635878545973696
55839,0.639815734592662
55840,0.28966230435318097
55841,0.5740762628698529
55842,0.14106498630468944
55843,0.41842535679868126
55844,0.5946191258083466
55845,0.36079803001044547
55846,0.7164904189617375
55847,0.2532357644453617
55848,0.5592917370135088
55849,0.15643425779538336
55850,0.5499805944107335
55851,0.6423169054146519
55852,0.590090113705043
55853,0.21687699339135505
55854,0.594753938769717
55855,0.6186902388180987
55856,0.27300301475524064
55857,0.7637975958104471
55858,0.20923339150106376
55859,0.13180232277131146
55860,0.5723531189621555
55861,0.2826048954604902
55862,0.21628302045977907
55863,0.30306943130629727
55864,0.8001144503424674
55865,0.23751192116198894
55866,0.8321569157998854
55867,0.5406346760947103
55868,0.44426235702997324
55869,0.21087057608352305
55870,0.6202131727932892
55871,0.4688171703223722
55872,0.6118190329028426
55873,0.18044542611688855
55874,0.5376618568459545
55875,0.5135453920501197
55876,0.20442213183365063
55877,0.43126013251245626
55878,0.2935944284710882
55879,0.5335424757204208
55880,0.5487832450788829
55881,0.5318416261610307
55882,0.5995202243684727
55883,0.5489669919822825
55884,0.6312292403361788
55885,0.28073590149896194
55886,0.5209804022162542
55887,0.5960403956598262
55888,0.6224452947898521
55889,0.18004650924948287
55890,0.41331915855820267
55891,0.4033045719862309
55892,0.37787704649514836
55893,0.2901179455027395
55894,0.6390305289584054
55895,0.44969915362893226
55896,0.31635753701947456
55897,0.3381897386629837
55898,0.5763822483877511
55899,0.1776126975501221
55900,0.497435345982052
55901,0.5316491976903115
55902,0.09657710124784508
55903,0.6386437265723828
55904,0.34770973948487893
55905,0.13287453503493496
55906,0.3868412472792147
55907,0.1507546941475308
55908,0.4680734557138532
55909,0.2648698087984065
55910,0.3680599815284296
55911,0.2673428329030283
55912,0.6685104553978038
55913,0.6429469261349549
55914,0.45512268873498446
55915,0.5741874201154055
55916,0.46748552538310734
55917,0.20508142252487493
55918,0.6123478729873659
55919,0.4949922684894125
55920,0.20184306841718525
55921,0.33314522069323527
55922,0.7642497043393157
55923,0.6573779200043799
55924,0.545084502695873
55925,0.5713421984560367
55926,0.22470120974137897
55927,0.1533419566611237
55928,0.332614571995964
55929,0.3771709790381679
55930,0.29229971091977097
55931,0.5202789637910101
55932,0.47327266186477124
55933,0.34907234833586254
55934,0.38453127838243173
55935,0.5525028328640949
55936,0.27391494958873946
55937,0.17407029861740725
55938,0.6066718125240447
55939,0.5405252988682417
55940,0.5649943168005815
55941,0.34378040244018165
55942,0.5126396825572752
55943,0.4857842668168
55944,0.6271161093115101
55945,0.2000351634453091
55946,0.44706129079838064
55947,0.7470807800948255
55948,0.47997129011039485
55949,0.29536498054385496
55950,0.2062782804899814
55951,0.3500283365568302
55952,0.5252622263879833
55953,0.6076618172526225
55954,0.6313822358968085
55955,0.23558041785876152
55956,0.23269150209672357
55957,0.8166304919270638
55958,0.4218269294404845
55959,0.1990350627259918
55960,0.5044674838026627
55961,0.4275498024567353
55962,0.6174450423367548
55963,0.6692362450418002
55964,0.2828883747388579
55965,0.21966510083685342
55966,0.5782299727329345
55967,0.26750993208341295
55968,0.4269945742808299
55969,0.4770191716903966
55970,0.5043327892285684
55971,0.4758181818036453
55972,0.11675276735400594
55973,0.7184620503706434
55974,0.46788805369756975
55975,0.6372299226938227
55976,0.38924449461935134
55977,0.2598453825439641
55978,0.5209685975403977
55979,0.5131747531167934
55980,0.22843711869968508
55981,0.2313568469602035
55982,0.30979451465901314
55983,0.595114774319098
55984,0.7677166141858385
55985,0.2618116038891583
55986,0.5025458223765975
55987,0.47009638794091607
55988,0.6562103179236999
55989,0.21840072198362243
55990,0.5651990403644787
55991,0.6674085683639536
55992,0.35807616631434536
55993,0.49257294167054044
55994,0.33169542304861366
55995,0.5207873714955409
55996,0.8444610790471526
55997,0.7958059787060349
55998,0.5819672777293742
55999,0.617123192700262
56000,0.4531733549940229
56001,0.551238678455214
56002,0.19692325888004475
56003,0.8386105970858114
56004,0.3811398918983661
56005,0.3799984921700385
56006,0.2536707457805604
56007,0.24117276037337082
56008,0.31554512743774477
56009,0.49095589573662396
56010,0.5587076531534002
56011,0.4743716053338058
56012,0.3627185189162473
56013,0.10342406912997974
56014,0.6655430818529671
56015,0.3758943318996334
56016,0.6039278850125268
56017,0.13114163850069122
56018,0.14905087682198026
56019,0.689832472066411
56020,0.4383969640628416
56021,0.29892843246868583
56022,0.44272429231753646
56023,0.2797415333675611
56024,0.40206227250838683
56025,0.49210096894136063
56026,0.6593336630175116
56027,0.7535706972829932
56028,0.1758397954812525
56029,0.5042040995417286
56030,0.6306691871642356
56031,0.41482304402951825
56032,0.7166340111361396
56033,0.35627177072574406
56034,0.47622633386040175
56035,0.6237424883010012
56036,0.5470831641915896
56037,0.22656092937343453
56038,0.464493716741721
56039,0.717560440546111
56040,0.28211308628426424
56041,0.532253795922935
56042,0.7323222263462603
56043,0.18375380927868418
56044,0.6030659143669618
56045,0.6640313388722474
56046,0.27529640169158964
56047,0.33240409346034844
56048,0.4280721138841242
56049,0.6424771264728655
56050,0.5582989172380608
56051,0.24607664504213975
56052,0.7374570276277289
56053,0.3545991507860683
56054,0.2681905443108957
56055,0.17071818277909084
56056,0.3532640131630447
56057,0.3166745415507406
56058,0.5072171433453614
56059,0.4513385423192887
56060,0.511732130389617
56061,0.20851274014880702
56062,0.36639667010682037
56063,0.4327639821687362
56064,0.48932320990249806
56065,0.5315353573017126
56066,0.41243014776288917
56067,0.4191523106149261
56068,0.30364261696763667
56069,0.09530634025293208
56070,0.5714015215330995
56071,0.3635836301682037
56072,0.6812096168046747
56073,0.6124534674451917
56074,0.09795163460048716
56075,0.5611010081295958
56076,0.6420265925417832
56077,0.6297278155360228
56078,0.4448021702152438
56079,0.2749497917421103
56080,0.1676119380868144
56081,0.5375265528344881
56082,0.5310623966046089
56083,0.4335042175042918
56084,0.44041434133320406
56085,0.24946210495851703
56086,0.8281891572150859
56087,0.26694050337324565
56088,0.43735447913494496
56089,0.7915463863277641
56090,0.11959573846346214
56091,0.3362815537631645
56092,0.4180859724551244
56093,0.5331928704969047
56094,0.20610722351233277
56095,0.23462460748352365
56096,0.27565974029425794
56097,0.186485517361507
56098,0.7797380846116835
56099,0.2860316090274738
56100,0.19157503030538117
56101,0.2418485570155143
56102,0.2437641075251558
56103,0.5545052364081202
56104,0.40695364901121467
56105,0.6525330960555134
56106,0.28953504499837535
56107,0.6055234470007954
56108,0.7804691653548005
56109,0.5728197877238324
56110,0.765471227605709
56111,0.6768713720232928
56112,0.49174373640241537
56113,0.18324812617468678
56114,0.40274359563795337
56115,0.5420640915208366
56116,0.16362381031244932
56117,0.47783299969969256
56118,0.6235047242869208
56119,0.3352502105663615
56120,0.5132590529556885
56121,0.5933625753048454
56122,0.46732035006057904
56123,0.5985742580601328
56124,0.23219989832716514
56125,0.29199786956338786
56126,0.5730902790239406
56127,0.547779325733122
56128,0.7574117230064006
56129,0.5816912870413493
56130,0.6348761295924882
56131,0.3117882461338806
56132,0.20304179808311773
56133,0.5246135943375587
56134,0.1685584960946555
56135,0.28977538960263644
56136,0.48156587889981334
56137,0.5704767575064036
56138,0.4424288477291714
56139,0.4198930878598515
56140,0.18343804608989372
56141,0.5755593900083924
56142,0.3835954237081458
56143,0.19904498618900654
56144,0.7298267518633456
56145,0.6724514636134036
56146,0.342202906462779
56147,0.1599571253544233
56148,0.22260094346722764
56149,0.5200281440835205
56150,0.6710303128962212
56151,0.5129145819776763
56152,0.6403432350449187
56153,0.6193055474986922
56154,0.5491896001459872
56155,0.763730416552421
56156,0.44709200404408656
56157,0.2489053552801887
56158,0.4252939774576528
56159,0.4456994148876495
56160,0.2402628151054439
56161,0.5734139723074634
56162,0.30825307515798334
56163,0.4998578088297542
56164,0.12426928820001583
56165,0.1751967915053173
56166,0.11453804580475759
56167,0.6091128829135904
56168,0.49813447262437394
56169,0.7190164403613706
56170,0.3335230571363859
56171,0.6981992588621281
56172,0.4750540850785952
56173,0.4352241722531804
56174,0.46360647043593234
56175,0.18134680730979857
56176,0.6391076100188662
56177,0.22296313951938082
56178,0.14092947763534355
56179,0.3409463646668622
56180,0.5839367092826837
56181,0.1452164384091226
56182,0.26795507082665043
56183,0.5159310415627355
56184,0.25887738233800506
56185,0.3566949209163759
56186,0.47694327395873154
56187,0.27797473171526776
56188,0.5625959747746658
56189,0.34104206760631156
56190,0.5674051460055157
56191,0.2634953653648815
56192,0.2465764818571918
56193,0.5424825296799018
56194,0.1480998983343562
56195,0.6067249867013201
56196,0.6315991792282838
56197,0.3292690235538774
56198,0.3777319777499353
56199,0.5895213082518627
56200,0.463592059530408
56201,0.5478101753345642
56202,0.7947929246676274
56203,0.6079052323480698
56204,0.595653255859711
56205,0.6637640069816703
56206,0.27021342957350447
56207,0.534419532695595
56208,0.48149627290771463
56209,0.1594537272573976
56210,0.21566892176486707
56211,0.48641074520159816
56212,0.5011955619619507
56213,0.30644234523115904
56214,0.5445973253530733
56215,0.192060369842677
56216,0.15453955164353578
56217,0.4236024837016693
56218,0.5898193081057671
56219,0.44930572442542044
56220,0.07898447645687427
56221,0.7037582284957776
56222,0.6533865216933553
56223,0.4849127179651357
56224,0.5073948055482416
56225,0.3787369771996015
56226,0.2170849713343031
56227,0.22587797417135838
56228,0.1626944255204747
56229,0.839297119074142
56230,0.7289742732316258
56231,0.486887877322236
56232,0.4845058680381613
56233,0.5222251343653028
56234,0.6051732241333344
56235,0.30345472913228005
56236,0.5834873926342579
56237,0.13511880750867825
56238,0.44555395506244583
56239,0.5432296112439484
56240,0.2481029542995307
56241,0.22749482324026643
56242,0.370826574289903
56243,0.1099200425916673
56244,0.592305591255467
56245,0.46863550827282746
56246,0.11898680682492015
56247,0.1734786833250229
56248,0.47657720066107767
56249,0.6355204291091393
56250,0.23785739009552476
56251,0.5357439165708029
56252,0.3346543771883247
56253,0.5523943778957651
56254,0.16405670063328337
56255,0.370934422412385
56256,0.6218931592786614
56257,0.3253620597906635
56258,0.6515368991528342
56259,0.6931801959927852
56260,0.5959002092868779
56261,0.2576285498346521
56262,0.34535921683864074
56263,0.4938177809762194
56264,0.6277098821167287
56265,0.32082934347830905
56266,0.7186792302539855
56267,0.7774062826552071
56268,0.6104788715087934
56269,0.6525759474309561
56270,0.6800264566251824
56271,0.18595015772999537
56272,0.15976356363917021
56273,0.5514392977437721
56274,0.2858639875007863
56275,0.5983184940598562
56276,0.150627095706636
56277,0.15790503889094984
56278,0.6494218549229701
56279,0.7755435982616454
56280,0.6256408167547783
56281,0.6361434346280458
56282,0.16594604669703136
56283,0.28517794157166626
56284,0.6166490306638439
56285,0.6000487698614849
56286,0.32821889532525045
56287,0.5497679517569926
56288,0.16767536783733972
56289,0.6277705012300255
56290,0.17918004996610926
56291,0.3069981262364195
56292,0.5953559777759119
56293,0.7273390186887025
56294,0.5773252336429432
56295,0.6370409734277469
56296,0.4636238314259782
56297,0.5514531396525175
56298,0.14533344704843906
56299,0.191130684439313
56300,0.4025488353688271
56301,0.3522957181089396
56302,0.3876685924942417
56303,0.4537450044914613
56304,0.7627798759698063
56305,0.6150996298296653
56306,0.5314447591108682
56307,0.313726256891814
56308,0.40196936543726786
56309,0.4545090925742572
56310,0.15559668758091358
56311,0.36303140836504855
56312,0.6277818589078439
56313,0.729255809695905
56314,0.25797292714700254
56315,0.4024043338296394
56316,0.27727419953992194
56317,0.6328634873205086
56318,0.7441641108899383
56319,0.6185292892971644
56320,0.14662953001348095
56321,0.4412774553359797
56322,0.4930002145008498
56323,0.3909374122400393
56324,0.39232243880731393
56325,0.7262799063098502
56326,0.43975005319454263
56327,0.2788052236099411
56328,0.3850869782947333
56329,0.5270251976436076
56330,0.4525395196122006
56331,0.4466736061797439
56332,0.19096212264909987
56333,0.47281129608530853
56334,0.5539380885944598
56335,0.08563348225468402
56336,0.3343437492414047
56337,0.09754486322096613
56338,0.5721652554892991
56339,0.42586623149032793
56340,0.38941419920586723
56341,0.61760007812262
56342,0.6601359511664696
56343,0.4764471142447527
56344,0.35787646192666245
56345,0.47712613281200483
56346,0.5378061038276293
56347,0.29130027283133403
56348,0.2577062733298335
56349,0.362375925388786
56350,0.17596731106150873
56351,0.5445910460126561
56352,0.45889312071454835
56353,0.3111747085869905
56354,0.5820471871545966
56355,0.26735676146264237
56356,0.21882796915293548
56357,0.24907493770033734
56358,0.6685815456813318
56359,0.51800178057038
56360,0.37381075628179566
56361,0.526534538255922
56362,0.7456893037913168
56363,0.46532585885325933
56364,0.6410376154173089
56365,0.5362147047431519
56366,0.5546987535602708
56367,0.5557069164551699
56368,0.11280181946967778
56369,0.34860678714441823
56370,0.6793870589175813
56371,0.4539909532345424
56372,0.6373480354191852
56373,0.41118974494673705
56374,0.4574326693180872
56375,0.5131042728757798
56376,0.5496954766970901
56377,0.2656467403360283
56378,0.5263582829924234
56379,0.5446743511224932
56380,0.2532104314056396
56381,0.634779092374589
56382,0.12790881062925247
56383,0.4927424807384922
56384,0.2200144475212835
56385,0.3157581948743379
56386,0.20809261149741853
56387,0.33914831862994366
56388,0.3405686107742705
56389,0.3320559079413346
56390,0.5177602198826322
56391,0.39295848583085624
56392,0.1839804228521403
56393,0.37482484323102105
56394,0.6162349848507934
56395,0.5725380227810739
56396,0.6097949664496226
56397,0.5165049862940272
56398,0.23260241421194783
56399,0.4975570449199464
56400,0.5904201235749295
56401,0.5050590311437311
56402,0.2596322035976428
56403,0.627787070135218
56404,0.499821907170507
56405,0.6601118206594782
56406,0.2951227982318027
56407,0.7017355512923353
56408,0.6336198718284054
56409,0.18997417088100144
56410,0.14604858279754224
56411,0.49288602458797504
56412,0.1939063603301734
56413,0.16538890387581417
56414,0.24548138227994645
56415,0.5697955352069609
56416,0.6276071315469459
56417,0.2734615835099818
56418,0.8126594571640545
56419,0.7107803979312791
56420,0.44702553273175943
56421,0.5383334373052161
56422,0.529611793270691
56423,0.6221264225097665
56424,0.09844718223548989
56425,0.4850544356347202
56426,0.500932648936222
56427,0.2538601387179958
56428,0.7721518553068841
56429,0.6225957495228348
56430,0.33584178374535334
56431,0.2359849810570988
56432,0.23475860439490942
56433,0.15716413360301998
56434,0.48081639077951
56435,0.20830426883444256
56436,0.16924404353001668
56437,0.7708573988874112
56438,0.5574902174025704
56439,0.4952756527310613
56440,0.1700331982663019
56441,0.7628227133427016
56442,0.3708455085369821
56443,0.23900165830685577
56444,0.32868424861314854
56445,0.465423582316433
56446,0.4153273997901562
56447,0.5781947737691562
56448,0.5859694220721732
56449,0.40748681859876357
56450,0.38173369755801456
56451,0.7891713295901563
56452,0.360699106643615
56453,0.6623010662224047
56454,0.6136705995263625
56455,0.6672424974820035
56456,0.45493628053461466
56457,0.36118842907461374
56458,0.33923447048108724
56459,0.15038632198441407
56460,0.4874872018090356
56461,0.6713124032635253
56462,0.35021600768152145
56463,0.29672579488007544
56464,0.31316793313695185
56465,0.35164383767200524
56466,0.5555223804004016
56467,0.17662762648985744
56468,0.35194046199820544
56469,0.16197470227926142
56470,0.4236374431102551
56471,0.6478879823035313
56472,0.3807743448092679
56473,0.6348753563278299
56474,0.5756862666024011
56475,0.49712932255705783
56476,0.32448482668773776
56477,0.8072433666417358
56478,0.43375386808118643
56479,0.6365965743691747
56480,0.45084228037205154
56481,0.2912796331563837
56482,0.46970512056016506
56483,0.25153455032632377
56484,0.28281426234130874
56485,0.5207927252558604
56486,0.5614797506846556
56487,0.59354660583065
56488,0.5907410640983958
56489,0.5509811286077179
56490,0.6241440221590733
56491,0.18686968674479976
56492,0.5459713306360369
56493,0.23441408884037074
56494,0.16524203635087467
56495,0.6895489208267582
56496,0.42452204342322136
56497,0.2718919888286633
56498,0.7627534917961356
56499,0.2150663294270209
56500,0.4250703395541186
56501,0.752675597832494
56502,0.742122566997309
56503,0.789591766678303
56504,0.46941083996836713
56505,0.5742130013591524
56506,0.6751687806226345
56507,0.12759187269985062
56508,0.14553796048427617
56509,0.35682105829975347
56510,0.6289127350998518
56511,0.568456744228963
56512,0.5803766621893792
56513,0.6239945984233084
56514,0.46778577620736955
56515,0.4989648550410714
56516,0.38907073817123056
56517,0.6580200355495539
56518,0.274616488651186
56519,0.6425303432432183
56520,0.6365358625482246
56521,0.2985096874561727
56522,0.3919722996798024
56523,0.6036844263732951
56524,0.39493232966790925
56525,0.7436014684559067
56526,0.5949958681142098
56527,0.2901217701481153
56528,0.22059040535460434
56529,0.2713797589932341
56530,0.5818767294129282
56531,0.5171494050241401
56532,0.30718454548989954
56533,0.21102987745032808
56534,0.4380188160920188
56535,0.5713618047784417
56536,0.5861892666633528
56537,0.5189083541618212
56538,0.47298425573350983
56539,0.6676895443428191
56540,0.3829356573750695
56541,0.13873834449900643
56542,0.24244670073470964
56543,0.4987901156101161
56544,0.38529775446556286
56545,0.18191320612495046
56546,0.26088705592775063
56547,0.5500038695569514
56548,0.49848033958091953
56549,0.3436407503305235
56550,0.7851856279167032
56551,0.11709514487797669
56552,0.14440022924850116
56553,0.23271245077756056
56554,0.44769647363832005
56555,0.4936029685401149
56556,0.49205389327995425
56557,0.5160504661291644
56558,0.3749748350036354
56559,0.23407316146176974
56560,0.4143159977439972
56561,0.5798338480042778
56562,0.15258853700197905
56563,0.3492801655962216
56564,0.5899470748986297
56565,0.36041790638342075
56566,0.5990709076932182
56567,0.7059579421487506
56568,0.20647200737432037
56569,0.1207226304319606
56570,0.4818182816321045
56571,0.5801680476444872
56572,0.5288894852159673
56573,0.44872001899605196
56574,0.744823134310846
56575,0.3095107192245783
56576,0.5639915749262934
56577,0.5075179074425228
56578,0.42205980466299314
56579,0.17412441837486212
56580,0.3458932590534212
56581,0.18604007431974703
56582,0.2471400191747685
56583,0.23557460848629708
56584,0.5641260469161531
56585,0.244712002287313
56586,0.3101241823154376
56587,0.3509493892223469
56588,0.6438656721336186
56589,0.6184000411390198
56590,0.4598516968304212
56591,0.7353328116883026
56592,0.7929557643094454
56593,0.8302563033609117
56594,0.21719630187478228
56595,0.29564940478497526
56596,0.19085306807067856
56597,0.7669978099410737
56598,0.6403760364610872
56599,0.44957459244374953
56600,0.5004809464538856
56601,0.41234907760345924
56602,0.5165286541551845
56603,0.2859417401055953
56604,0.3144574363531807
56605,0.12638491549780026
56606,0.32519385329199946
56607,0.6224919299928283
56608,0.5537013706174968
56609,0.5728368122562886
56610,0.16537269405366076
56611,0.4773538928838064
56612,0.6660658786761557
56613,0.715018771554828
56614,0.5841878969017192
56615,0.4947313779050053
56616,0.3868440159075721
56617,0.5011931570732499
56618,0.5158722884567428
56619,0.3794915571961938
56620,0.44584824397767653
56621,0.25807429049600716
56622,0.5384971677756698
56623,0.47091005099243477
56624,0.6795187749660001
56625,0.70352497151445
56626,0.30245286065097593
56627,0.6261174308851613
56628,0.43901240767100713
56629,0.21421935607934187
56630,0.17508627412978728
56631,0.2998020747496683
56632,0.35597086987127363
56633,0.4461563136105691
56634,0.6573485922660797
56635,0.5901920442335605
56636,0.20799985257134745
56637,0.613621662787646
56638,0.29138408098278923
56639,0.618326431111114
56640,0.4670612973080246
56641,0.34151188399062765
56642,0.45368617718700976
56643,0.22509796791015188
56644,0.3427677972355842
56645,0.7616636589919006
56646,0.27650514748686067
56647,0.22688683734264936
56648,0.4470135828032669
56649,0.5205683021406589
56650,0.37623582259563493
56651,0.27177730714007964
56652,0.6038151622010933
56653,0.7552793087579457
56654,0.5295450335122321
56655,0.24287065372379643
56656,0.30304154850228104
56657,0.6725426639090464
56658,0.3141758444017093
56659,0.6490868274571732
56660,0.41480889602186777
56661,0.5301367070429683
56662,0.14535975317218286
56663,0.7016496562022452
56664,0.5629119127676009
56665,0.3943624943424892
56666,0.78040503457996
56667,0.7464303956944346
56668,0.5498637255799063
56669,0.47193521751216
56670,0.5649982868474743
56671,0.2851249762168629
56672,0.4681287632981713
56673,0.24027521763605372
56674,0.2865621500885707
56675,0.25902004527411215
56676,0.25791625631424364
56677,0.39334246327737704
56678,0.3818574514358287
56679,0.477431450390137
56680,0.8158316686910257
56681,0.55809720738706
56682,0.2813437956237867
56683,0.4627079816495072
56684,0.4758888671249023
56685,0.5424277987171682
56686,0.6206868874502652
56687,0.2074276145064441
56688,0.3235915347570973
56689,0.6286764788446164
56690,0.24245640652249817
56691,0.4878164432934672
56692,0.6862153514546927
56693,0.2043555114690562
56694,0.5216945734530805
56695,0.2704257053118328
56696,0.6558100764949627
56697,0.3891343919527587
56698,0.43935731716582266
56699,0.27236247572829675
56700,0.16956090928590395
56701,0.5421809886666549
56702,0.31128339430215757
56703,0.2093469752915286
56704,0.1263467507361107
56705,0.6501548033981472
56706,0.5728165386221036
56707,0.35613589122828665
56708,0.37781102814658735
56709,0.3118034086356824
56710,0.6900468756360342
56711,0.14048881946088623
56712,0.1673129018307011
56713,0.6643700330256042
56714,0.5412463533336859
56715,0.19984222696966863
56716,0.6902388112837025
56717,0.5798738986273521
56718,0.6831072196974802
56719,0.5963401378595623
56720,0.2531674613693135
56721,0.6020357369374614
56722,0.23585052860313688
56723,0.3736291287376945
56724,0.6302300611881677
56725,0.35261324063478444
56726,0.3423328177844952
56727,0.2253660167387421
56728,0.47961131863915923
56729,0.7050036583509757
56730,0.39930710843946493
56731,0.25033986030517186
56732,0.282644355239349
56733,0.34417600183654695
56734,0.27944561493483616
56735,0.23748615439013857
56736,0.7794580662014174
56737,0.15082115301419613
56738,0.16643079609421577
56739,0.6097280420032176
56740,0.4573542403958643
56741,0.3676465211187678
56742,0.7765103529214578
56743,0.5159314313275237
56744,0.2996361960918733
56745,0.5385516203876398
56746,0.48238188215045336
56747,0.5849013093744813
56748,0.24990213989020396
56749,0.5206859188720353
56750,0.2379850933601616
56751,0.7487227192864727
56752,0.27152864873033317
56753,0.4975568153457437
56754,0.5942079944675408
56755,0.31895474544648
56756,0.29249562969765147
56757,0.6744481805348574
56758,0.6846783533029617
56759,0.6257057534299596
56760,0.24547163987300805
56761,0.5010801696535815
56762,0.6030860398911744
56763,0.14970217334260258
56764,0.6118501429212384
56765,0.3992176914420958
56766,0.1860657493640104
56767,0.6243840215920701
56768,0.2000792890016121
56769,0.2822170524641456
56770,0.43957242099733485
56771,0.41643636381318033
56772,0.31522293379956046
56773,0.2849036390147576
56774,0.30948976122927047
56775,0.17714820576167475
56776,0.8193064678184087
56777,0.3190274711226991
56778,0.18680756153983702
56779,0.8187250607640946
56780,0.3948802402033537
56781,0.3130399089055309
56782,0.3417358079789387
56783,0.2638213107437249
56784,0.4229627206059768
56785,0.5509363272089883
56786,0.22621532505843764
56787,0.1884760536394656
56788,0.35947508340467094
56789,0.2188427239266557
56790,0.7236730763612843
56791,0.4097679075594018
56792,0.19633681197528724
56793,0.3751842558539748
56794,0.29083443326140435
56795,0.24707685892367942
56796,0.246376100741772
56797,0.38867822402422114
56798,0.22617176272749723
56799,0.3854052547633243
56800,0.6313682859201489
56801,0.26767955566694324
56802,0.308212191877541
56803,0.25819831561137857
56804,0.2836284076306619
56805,0.40803513761531884
56806,0.26517423323561623
56807,0.2872696123970444
56808,0.34882111955649675
56809,0.18406425177488447
56810,0.4824453475096527
56811,0.37555014983959445
56812,0.16185359294050405
56813,0.4831136605330582
56814,0.4744230340581054
56815,0.3038873639425506
56816,0.595188683885897
56817,0.24088211402205037
56818,0.12186562333511855
56819,0.47680825590679965
56820,0.44069980170682593
56821,0.5371980920845804
56822,0.5175315009310834
56823,0.5909775499403086
56824,0.38882982800079136
56825,0.5310419843870346
56826,0.3662024629658239
56827,0.7458569565481193
56828,0.4352273297156697
56829,0.5093690510227981
56830,0.06521551211168156
56831,0.31142253703084205
56832,0.255413730246722
56833,0.6126786378539313
56834,0.5142886047098117
56835,0.4078123616649694
56836,0.44274430703141804
56837,0.5071233034373271
56838,0.2617135285289069
56839,0.3038169970985208
56840,0.6626367774287193
56841,0.28470729868387173
56842,0.1467251236056808
56843,0.6110346906585761
56844,0.5237131499272594
56845,0.24307757981824243
56846,0.28790167847260956
56847,0.40540255346454074
56848,0.22722625812872124
56849,0.25616081530320867
56850,0.5963152845769715
56851,0.5053282055822631
56852,0.12951623036708693
56853,0.7707338193426058
56854,0.5182559575284003
56855,0.5001321737982956
56856,0.3528479275527906
56857,0.3542623780772865
56858,0.31087442735096354
56859,0.24484427966288855
56860,0.5143262877211022
56861,0.30016173234497184
56862,0.18178968674719725
56863,0.39767125481166626
56864,0.20495553550236212
56865,0.11393611330106083
56866,0.589054126252936
56867,0.5663817962840073
56868,0.6127448850450861
56869,0.5103783489531418
56870,0.49763659724090253
56871,0.4627307943866455
56872,0.3325074344386479
56873,0.3591792770787913
56874,0.8230872824669762
56875,0.14750410671081463
56876,0.2738684970837542
56877,0.546926836339898
56878,0.5685842737627002
56879,0.5820546041141715
56880,0.1178915506998754
56881,0.587488971383363
56882,0.4976852314346077
56883,0.6206537495988154
56884,0.4397885919635718
56885,0.615523227578628
56886,0.4905801864794241
56887,0.4151543205004344
56888,0.32765572466572507
56889,0.2389651576066051
56890,0.5608967861567736
56891,0.6849275274806002
56892,0.3739607963728579
56893,0.3521950081672513
56894,0.5299434570406167
56895,0.5871780389097518
56896,0.4459211785572577
56897,0.30350540905416845
56898,0.48489454794579234
56899,0.5306573030681475
56900,0.6558721441773527
56901,0.20303041548401274
56902,0.5948115108334834
56903,0.6917236643051667
56904,0.2833024014393566
56905,0.4659932421625333
56906,0.09581800054022468
56907,0.2532783333266486
56908,0.2501695991952132
56909,0.7151951919934085
56910,0.25170641599495147
56911,0.4011410942054276
56912,0.17756411700865377
56913,0.15996665514552993
56914,0.6093190328466742
56915,0.4415748944557809
56916,0.4271627858469935
56917,0.448526020688128
56918,0.4155450647549147
56919,0.33521911048483694
56920,0.23430338560532568
56921,0.5700039143627086
56922,0.7961746377684271
56923,0.3106004596696073
56924,0.3068604738765604
56925,0.5412391036771699
56926,0.5038954622019591
56927,0.27241667852400325
56928,0.23900468492306273
56929,0.1936174062849999
56930,0.5704206568145044
56931,0.20232841970906737
56932,0.1616197337236473
56933,0.3219644583225624
56934,0.5705237389866171
56935,0.5410342252294956
56936,0.2892905034208374
56937,0.3663453481262952
56938,0.47611134431047003
56939,0.49779142001383925
56940,0.4010339591532556
56941,0.8247056303199071
56942,0.13164570665505185
56943,0.22990273160869157
56944,0.4373695069771893
56945,0.5243719443105063
56946,0.41146382206756443
56947,0.5045141558250564
56948,0.6549252388053524
56949,0.4524225675727218
56950,0.26693761449526904
56951,0.23562732466302322
56952,0.5388167585490135
56953,0.2535586184930893
56954,0.12335003442433323
56955,0.7061955874878237
56956,0.5400378868465887
56957,0.5429638953363757
56958,0.5283852502511602
56959,0.24370183093955458
56960,0.14608456636938222
56961,0.43245875886817137
56962,0.7352239402917912
56963,0.6055759171427072
56964,0.5013222029712996
56965,0.7360684240785199
56966,0.2972676868773214
56967,0.7937977529512039
56968,0.7370288740260211
56969,0.16965037281068782
56970,0.6242941148358458
56971,0.23308462413013745
56972,0.7182834573092752
56973,0.37930238500091806
56974,0.6497337403500004
56975,0.4389133602303631
56976,0.5367690664076218
56977,0.10860781124197814
56978,0.8009601921480234
56979,0.2702733220994979
56980,0.2817838265895397
56981,0.6335756112209789
56982,0.5390134184729991
56983,0.32624324402141586
56984,0.5678369395651244
56985,0.7319163608389949
56986,0.8357101732132536
56987,0.2701321094931389
56988,0.48901121237555184
56989,0.5158755973435556
56990,0.08561276727269895
56991,0.41661099443807964
56992,0.21280249994659334
56993,0.5157525585051872
56994,0.2628783361443772
56995,0.2992366531339941
56996,0.6504130792815184
56997,0.29428026248231776
56998,0.7410184238602682
56999,0.1749236987012769
57000,0.3696744470940451
57001,0.4297834308488947
57002,0.6232557641494034
57003,0.4709513252146533
57004,0.3363220222733077
57005,0.295943370084039
57006,0.5399278644662113
57007,0.509042982706842
57008,0.6334002088519646
57009,0.28758725430303556
57010,0.2411841956092054
57011,0.48154874281425264
57012,0.5596276388845468
57013,0.4956175216900697
57014,0.4328505132211941
57015,0.39336612077166594
57016,0.08007967846791168
57017,0.3369177553220112
57018,0.438721146373054
57019,0.26467771088208353
57020,0.36433096535419646
57021,0.6418214709467536
57022,0.29073131295035193
57023,0.6218477625924147
57024,0.28037040989849343
57025,0.36194551160909166
57026,0.6389168670704024
57027,0.6098366942975636
57028,0.49985059419816846
57029,0.4631975042917715
57030,0.6438742956172003
57031,0.8138782417977729
57032,0.18304802738070966
57033,0.41933964193958956
57034,0.5267657431689926
57035,0.2994594138459684
57036,0.8296838053075039
57037,0.3733287774367725
57038,0.3350024932136544
57039,0.6686682966446522
57040,0.11816599212954058
57041,0.6538159460553827
57042,0.12443062839460017
57043,0.43141768124049173
57044,0.6075921404459133
57045,0.7861335614825196
57046,0.6419688520942131
57047,0.3636161857665643
57048,0.46696964307583905
57049,0.5235375282555096
57050,0.7759104662102049
57051,0.3809320651644577
57052,0.7321268308696277
57053,0.4859955671140508
57054,0.6867150757792202
57055,0.6651385621666035
57056,0.781754625765444
57057,0.5337312009417615
57058,0.6867386910612167
57059,0.13861662829825497
57060,0.3292693023009278
57061,0.2801465377857552
57062,0.5698507973216301
57063,0.4888004718693877
57064,0.28694572411929387
57065,0.22154611580296726
57066,0.09696340172770525
57067,0.24608341840633313
57068,0.6533971945060741
57069,0.35090558741596234
57070,0.26471380645456793
57071,0.4241615210309328
57072,0.2909004497503991
57073,0.39853888265777465
57074,0.26524602175591677
57075,0.5442595244417452
57076,0.20515387375884378
57077,0.14870383459874045
57078,0.65999147398782
57079,0.430336607529732
57080,0.18668393229006797
57081,0.1364822461879556
57082,0.21478647377537136
57083,0.5313372612177738
57084,0.3733452297684682
57085,0.1495642434594731
57086,0.23993961419538523
57087,0.25241556960112677
57088,0.14476682844800587
57089,0.4864537019313027
57090,0.7210924637840551
57091,0.6752922225309999
57092,0.5332619316167987
57093,0.10834482631004844
57094,0.14496388449098888
57095,0.431495932584146
57096,0.5344493479220007
57097,0.21979809414620816
57098,0.5654234562645638
57099,0.596285896124824
57100,0.19356932950985423
57101,0.6598005422134493
57102,0.4983238971858993
57103,0.5497198077902244
57104,0.37892115398505866
57105,0.3465075946668573
57106,0.568003822575098
57107,0.38090062918081985
57108,0.5403544670849756
57109,0.6458280133552098
57110,0.2772419422619204
57111,0.2244130612673875
57112,0.1594653753237567
57113,0.6570176962752292
57114,0.6496822264899795
57115,0.32918910904012016
57116,0.3253616022930321
57117,0.44749480228110217
57118,0.4363287823777163
57119,0.5312155232740131
57120,0.36526251292118067
57121,0.34845630996937615
57122,0.8241427576782083
57123,0.6177210688776815
57124,0.6118919358789339
57125,0.5603020679998163
57126,0.3868856159081801
57127,0.2540277239206081
57128,0.5540940584191769
57129,0.6710999716470016
57130,0.6575762996607111
57131,0.07911192537660246
57132,0.3317563704119268
57133,0.43361732804208947
57134,0.14582117168005015
57135,0.14209778289127742
57136,0.5014954936859827
57137,0.5047324387643476
57138,0.27664065977894775
57139,0.3729669729932288
57140,0.6969155039407069
57141,0.535363797664963
57142,0.46459907809929135
57143,0.15352285053005435
57144,0.1138373495384092
57145,0.6931825879806095
57146,0.535093026278436
57147,0.38090475815480246
57148,0.629817753606719
57149,0.4439007708103153
57150,0.20049782660245197
57151,0.5298215312889245
57152,0.24975383133026155
57153,0.5666601065197612
57154,0.196417811171282
57155,0.16446755126312115
57156,0.530169654680093
57157,0.48047186080042564
57158,0.3458371121566388
57159,0.239367437397075
57160,0.4342193909894972
57161,0.15279160547640655
57162,0.30434617215296644
57163,0.17129714360614226
57164,0.2602173784415229
57165,0.701767725018188
57166,0.6903760120884108
57167,0.3813869539927343
57168,0.2995985476252681
57169,0.15481322339887676
57170,0.43141399192511126
57171,0.4548890407238161
57172,0.5944901055608074
57173,0.26147313528387495
57174,0.5592033740665503
57175,0.3642999519898039
57176,0.5304051872476607
57177,0.37540569372459087
57178,0.4903766044293582
57179,0.3354933152744219
57180,0.4797709062059024
57181,0.1527885960227213
57182,0.7510042827442203
57183,0.3287938493384537
57184,0.7039432707826595
57185,0.4396616267356675
57186,0.6777699455086592
57187,0.25198985420183445
57188,0.74921484591057
57189,0.5675733119443162
57190,0.17788510965894916
57191,0.46018081843046377
57192,0.30762352771167734
57193,0.5731505975364604
57194,0.06596105951261064
57195,0.3511645250426854
57196,0.25429363281691636
57197,0.3804710287273867
57198,0.17096081757197704
57199,0.5615605772329626
57200,0.2773735755538766
57201,0.6045272688253882
57202,0.09561774748853882
57203,0.3692476078352424
57204,0.6844430519626153
57205,0.18675130367839649
57206,0.5189148429782215
57207,0.5542964096220677
57208,0.23822376070289017
57209,0.11900429683130137
57210,0.1249089084681691
57211,0.7293482227918362
57212,0.4380558705203786
57213,0.3551403428027942
57214,0.5180124669543847
57215,0.7385754836024095
57216,0.5526548209616224
57217,0.5726142188356533
57218,0.4535885243852363
57219,0.06032170786175857
57220,0.4789053396766404
57221,0.6351509666999601
57222,0.17663729782519272
57223,0.23790378024318315
57224,0.7468998061658984
57225,0.31173067610510435
57226,0.4377217007054252
57227,0.533774915483511
57228,0.45055689711427355
57229,0.4390036004293656
57230,0.344440171160006
57231,0.3222293911796185
57232,0.5618968121963029
57233,0.5943985230827306
57234,0.4061228676777554
57235,0.3907427388182897
57236,0.7944312198002859
57237,0.29042673996325596
57238,0.2437253666259841
57239,0.5217691025918795
57240,0.13044325073494478
57241,0.589201421310058
57242,0.3495450148267844
57243,0.2549180138862796
57244,0.44651751296505093
57245,0.668376238808951
57246,0.2359646369474241
57247,0.27067399698869743
57248,0.20839135600002962
57249,0.3155387982167314
57250,0.21032340404275043
57251,0.5441922760662838
57252,0.5442655217982898
57253,0.7823138264438075
57254,0.35094537774729473
57255,0.5276145550793369
57256,0.7916144529267573
57257,0.5000915719513367
57258,0.8284461665373579
57259,0.3248454778196231
57260,0.7389777076185323
57261,0.2014786366238367
57262,0.7203321025791536
57263,0.5144775877221962
57264,0.20319005159619163
57265,0.42249232554335187
57266,0.3435069022194208
57267,0.4883301239335045
57268,0.21009934027838742
57269,0.41212499831238
57270,0.6410154532281314
57271,0.4229577737839002
57272,0.4745923690001313
57273,0.6028259668321982
57274,0.39301437132450584
57275,0.7912730848186953
57276,0.6561017750448177
57277,0.5242093390313086
57278,0.851749814578163
57279,0.518436190663146
57280,0.2761304017591378
57281,0.4014043327154037
57282,0.5492935830690339
57283,0.13263879360858388
57284,0.6344627267164591
57285,0.18582650694347536
57286,0.7111908684653482
57287,0.29490585209698833
57288,0.5232874949562177
57289,0.5353511733213607
57290,0.3088759515957043
57291,0.6141775002471315
57292,0.1675666362071624
57293,0.16982302685139417
57294,0.4116249104445941
57295,0.5481412350070034
57296,0.25868439368056784
57297,0.4701447520552446
57298,0.5786990218021029
57299,0.31235763431014163
57300,0.12397017223170755
57301,0.7353218068539891
57302,0.46936376086850956
57303,0.1475737442412294
57304,0.1005033640099566
57305,0.5094573277325466
57306,0.6402573299644229
57307,0.2284617140408477
57308,0.7122054693478876
57309,0.43731813554920523
57310,0.30241957121543694
57311,0.5037683592074443
57312,0.42420320658307165
57313,0.252548027095662
57314,0.5799293850813956
57315,0.5237590263174118
57316,0.4670376710986798
57317,0.26306332348404654
57318,0.42051251211646107
57319,0.1657980194408447
57320,0.45908982932255143
57321,0.5321789311664114
57322,0.43157378283931186
57323,0.08480682791653714
57324,0.47055575991837445
57325,0.1325986824920506
57326,0.18690010801377857
57327,0.26364438963387776
57328,0.25809638526731793
57329,0.18999922411394793
57330,0.14524225463655613
57331,0.2136343163491512
57332,0.2978913435939101
57333,0.511977356388531
57334,0.3255199426828847
57335,0.17819988625953928
57336,0.5034746315748735
57337,0.22157836390890026
57338,0.6441840055441307
57339,0.4466935856819711
57340,0.16418094293696417
57341,0.4305761936601861
57342,0.6033377431889281
57343,0.6630341787285458
57344,0.6133586641863769
57345,0.4343456043959319
57346,0.5659811329380628
57347,0.3966765009597059
57348,0.2056351910680775
57349,0.45342975325206014
57350,0.18395048697695734
57351,0.3050642236245256
57352,0.4467303960323741
57353,0.15581344405237119
57354,0.4142860400929937
57355,0.6605579302049307
57356,0.6744956509226447
57357,0.49727439364673764
57358,0.7431535366581602
57359,0.2791868328486807
57360,0.6290601410733155
57361,0.1891061299490803
57362,0.4496049110362589
57363,0.1396279847183312
57364,0.21246186645822154
57365,0.5131905940525404
57366,0.29661526899537954
57367,0.49734390770702913
57368,0.5994705448833552
57369,0.15561676298374078
57370,0.23265418618589767
57371,0.6084575662348352
57372,0.740215262914922
57373,0.6086152787937031
57374,0.15226010924090777
57375,0.5617771873860992
57376,0.24353510089792185
57377,0.6197017545015381
57378,0.5390009971689108
57379,0.5997957621122381
57380,0.5828055469079941
57381,0.5051774680602563
57382,0.4503641349032223
57383,0.39363335810855776
57384,0.5967795777547332
57385,0.4605405188461168
57386,0.5894425269089402
57387,0.1178788447586796
57388,0.49695750613583
57389,0.5078245990659473
57390,0.18010312144802754
57391,0.20843016111613702
57392,0.259539035406393
57393,0.33951732651300065
57394,0.6110126240002822
57395,0.6027239836502492
57396,0.1681770742408232
57397,0.7000654093673202
57398,0.39555321779048075
57399,0.49998208928596166
57400,0.4996416448086195
57401,0.07225573868554026
57402,0.22523267374296901
57403,0.7122646135592835
57404,0.6420076055842597
57405,0.8351733675479001
57406,0.5013898651505522
57407,0.6979768865110828
57408,0.8618980329752585
57409,0.12825969719667846
57410,0.4997027349864508
57411,0.23554688461340795
57412,0.7059640403320485
57413,0.516504259701427
57414,0.27922480395428434
57415,0.47320607117894187
57416,0.6117643426970041
57417,0.4767424783071008
57418,0.3028113783664134
57419,0.43103127306560257
57420,0.6785701148122754
57421,0.5239449621880232
57422,0.5346252066064151
57423,0.3752145330908611
57424,0.5840111539006247
57425,0.4890805572161572
57426,0.5514833270253459
57427,0.42526239922106024
57428,0.6829332320181211
57429,0.46887723778383755
57430,0.6642798130984257
57431,0.3238374842624914
57432,0.5976298857425671
57433,0.38992756217186075
57434,0.4599894439936802
57435,0.5145053790904398
57436,0.6300706650101534
57437,0.17990037286153626
57438,0.09674906141728261
57439,0.2253441477243103
57440,0.12553367483046216
57441,0.15461407536584862
57442,0.21896208417074883
57443,0.5918234721673855
57444,0.31681363032566107
57445,0.2120704941552945
57446,0.34671054294735004
57447,0.39470553198145436
57448,0.21391091159704403
57449,0.24147228714027502
57450,0.7845639214955344
57451,0.6026403677416408
57452,0.3995795250895085
57453,0.18670716509130683
57454,0.5216634851092057
57455,0.296780852276896
57456,0.4052610089631146
57457,0.35115357205703107
57458,0.1661860155296181
57459,0.6125723708839679
57460,0.3778816932126387
57461,0.34152067785340884
57462,0.22793935770308996
57463,0.6702451352333288
57464,0.449837871289588
57465,0.7806320738949895
57466,0.22672302994386834
57467,0.3425867835044891
57468,0.7742595684418188
57469,0.2520939898287458
57470,0.3540784068406573
57471,0.1271972764835899
57472,0.19370667432081634
57473,0.5626648378511677
57474,0.564288642825063
57475,0.7858830785617662
57476,0.5766889843400513
57477,0.40727779156215327
57478,0.5183511310411331
57479,0.50910178441524
57480,0.3791959713874485
57481,0.5483811689257229
57482,0.2797573589898876
57483,0.376061602176203
57484,0.15111733845110842
57485,0.6197963108400997
57486,0.4706736857195118
57487,0.18947986726389504
57488,0.7185654347250103
57489,0.6277378853712573
57490,0.5580645465298362
57491,0.320024085867774
57492,0.5567427336100245
57493,0.4804985975866014
57494,0.5302197794175925
57495,0.5425943145678017
57496,0.2808331174978715
57497,0.3528046337307344
57498,0.6145732140926393
57499,0.6036828850996844
57500,0.2499803932865022
57501,0.30556650902500215
57502,0.5914332747459422
57503,0.4164757089673061
57504,0.3718227623206174
57505,0.5597092260006862
57506,0.19934470582208327
57507,0.47478293438330105
57508,0.17853171837156465
57509,0.7127968796471638
57510,0.5411206187616701
57511,0.4791342903757335
57512,0.27978366711153785
57513,0.37226781971715583
57514,0.2944406412604618
57515,0.3297639667424937
57516,0.3996620494441769
57517,0.5359566262250628
57518,0.45475641588299476
57519,0.266670556121805
57520,0.43109017356120677
57521,0.7491634983145549
57522,0.4685202924037021
57523,0.6180750640657164
57524,0.8278113157225458
57525,0.503627909156639
57526,0.0928321382218876
57527,0.4451255720177358
57528,0.1890107373934932
57529,0.7069310337448085
57530,0.3534095138171113
57531,0.6738593028750762
57532,0.47748070600635467
57533,0.20602408617048681
57534,0.8558961510337795
57535,0.43712025395951776
57536,0.4432140859998529
57537,0.21641917167758284
57538,0.36021901865732736
57539,0.2862689917864972
57540,0.6409698617293298
57541,0.23098992274903196
57542,0.6106128034494674
57543,0.422047056456475
57544,0.6066551962590436
57545,0.3496507957888423
57546,0.3224102327598691
57547,0.5283430327153563
57548,0.779252250535042
57549,0.34338114368389017
57550,0.5002745855700406
57551,0.5959721569487612
57552,0.6053538576789138
57553,0.13776930879872035
57554,0.7703780126278814
57555,0.14048343345755196
57556,0.43929265675200335
57557,0.26993921915160324
57558,0.547093911209746
57559,0.32457926588594344
57560,0.26076972024867034
57561,0.5922407682945146
57562,0.6243814918763001
57563,0.31025201309017647
57564,0.501403565926906
57565,0.7078547705306698
57566,0.3461336591988717
57567,0.5674451266990793
57568,0.26624786444697607
57569,0.6295319520339426
57570,0.13248251820111848
57571,0.7554463581925381
57572,0.7356173483916403
57573,0.3650893815756839
57574,0.6342478815036706
57575,0.346885942962476
57576,0.5282165102884608
57577,0.3401121245559353
57578,0.3222481751938159
57579,0.7657458920527421
57580,0.37469321807483946
57581,0.3002699361756624
57582,0.24503716121452776
57583,0.5417344695159997
57584,0.27351376736782806
57585,0.42785660588932317
57586,0.42312300211269227
57587,0.6989273286737362
57588,0.5051079988532113
57589,0.6035523608351855
57590,0.6742319431655351
57591,0.7745245594543674
57592,0.7872801523374533
57593,0.6307879893781903
57594,0.6491079178786534
57595,0.4301318859755528
57596,0.5101474855340216
57597,0.42641881538475324
57598,0.2279294938343869
57599,0.12080009877123214
57600,0.43109886619806326
57601,0.37053560211087694
57602,0.3997002750234583
57603,0.738654220751353
57604,0.30415173992898764
57605,0.7880932987427451
57606,0.14547532240284117
57607,0.4933223063680412
57608,0.33226748307282084
57609,0.5216072468750876
57610,0.09757796185476042
57611,0.3785445114222893
57612,0.5185454997557132
57613,0.3150539395738652
57614,0.28226145394077673
57615,0.46622634955225434
57616,0.6652405977082024
57617,0.4027450935827216
57618,0.5586146885623092
57619,0.8264160081723453
57620,0.40310398589143404
57621,0.22222061266672286
57622,0.6519171586033926
57623,0.18165420969252435
57624,0.5321489346567058
57625,0.6795556025664804
57626,0.21952931893055425
57627,0.3821511175159302
57628,0.5570437752028137
57629,0.6899816297039316
57630,0.42991422338463153
57631,0.6160695832874806
57632,0.5046906893130406
57633,0.4187568913902767
57634,0.3577565973409591
57635,0.2811034916967157
57636,0.38144824862795673
57637,0.4338096240652716
57638,0.6530118403767684
57639,0.46260667055467314
57640,0.7042394447562934
57641,0.23663036677105703
57642,0.400704665411154
57643,0.2487949203496953
57644,0.26516491423362865
57645,0.233428648896198
57646,0.632363606030848
57647,0.19362190344085684
57648,0.501398916434157
57649,0.466605692321661
57650,0.6806958367256333
57651,0.3002467385853572
57652,0.7389973101689932
57653,0.7583802533384613
57654,0.3054190014272467
57655,0.3458548412984825
57656,0.38059495815841315
57657,0.3292182399773704
57658,0.1769729383934719
57659,0.26576666687017103
57660,0.36102666956688645
57661,0.5689476902305806
57662,0.32854788769281446
57663,0.7399453483435369
57664,0.6893210905125459
57665,0.43931541453712525
57666,0.259280495266933
57667,0.6052639927509595
57668,0.6086431885128927
57669,0.5489391088162974
57670,0.5768554294875595
57671,0.4773035289107658
57672,0.2653334894954714
57673,0.6832563526307567
57674,0.5149146188668907
57675,0.5861705860088778
57676,0.48981339269250296
57677,0.5060390977366949
57678,0.32410221063152733
57679,0.5316474892235601
57680,0.7870418660562111
57681,0.5628457809614981
57682,0.6447965959915013
57683,0.6538058808645986
57684,0.5474237123208181
57685,0.47367755049030974
57686,0.484628656574834
57687,0.21076099282520389
57688,0.3248623167207635
57689,0.11328809362298006
57690,0.6428616923288579
57691,0.4883283266355599
57692,0.3467966940937695
57693,0.32536415736966323
57694,0.5083511206620219
57695,0.41593072662362585
57696,0.6135312527046748
57697,0.40888648312062176
57698,0.6907500657774114
57699,0.5499343915486137
57700,0.5727633198133508
57701,0.47130815149677824
57702,0.43343450677176126
57703,0.6600241175506039
57704,0.6146317054469538
57705,0.48333216158055203
57706,0.7060752052671545
57707,0.4205002934334025
57708,0.622884074732154
57709,0.39021475132309086
57710,0.4988967020899556
57711,0.2075935094284869
57712,0.8374601171333012
57713,0.12272196352854164
57714,0.20190903489854634
57715,0.40231362341360033
57716,0.44650800635908805
57717,0.15605388760588168
57718,0.17166683422584844
57719,0.09214663591855504
57720,0.29996530286964856
57721,0.49351497468964023
57722,0.5978836709075703
57723,0.2460956168487113
57724,0.40498574563400214
57725,0.7026426016664136
57726,0.27154571563760804
57727,0.28381369811627344
57728,0.32657772910278804
57729,0.38839184355349743
57730,0.738621264452995
57731,0.5144145706426743
57732,0.46297760895367923
57733,0.5753274031828621
57734,0.24202244565648598
57735,0.21537593495199747
57736,0.5909296173022222
57737,0.24356515202295798
57738,0.6997956121475382
57739,0.5238400550703722
57740,0.7289258244692707
57741,0.3175010794781657
57742,0.5494413213393359
57743,0.4152013998384244
57744,0.4912287932634909
57745,0.8241507429400395
57746,0.6796864980038657
57747,0.552738099773846
57748,0.3512367734357621
57749,0.5960461538977315
57750,0.7813207626833003
57751,0.45754853823326724
57752,0.6954498775816579
57753,0.6829318950664901
57754,0.5045480205168723
57755,0.46592291223185917
57756,0.3124745265068766
57757,0.6101938482686123
57758,0.702655833820998
57759,0.41323993927708164
57760,0.43581908644489215
57761,0.3341671452242611
57762,0.6104904641943646
57763,0.627833144634312
57764,0.3496641216882583
57765,0.4760216745991976
57766,0.5111773673334506
57767,0.1778850813539051
57768,0.6494502699310567
57769,0.5225281924582627
57770,0.2867635764216458
57771,0.6495188063955737
57772,0.6044525633439743
57773,0.2619838303326981
57774,0.12423514793791543
57775,0.5219458603992343
57776,0.659723942752954
57777,0.12498922380815275
57778,0.5422685196024676
57779,0.40158387614780433
57780,0.30573561497327545
57781,0.1278988841191763
57782,0.24521109358085552
57783,0.343326072284545
57784,0.4554904457386108
57785,0.25397512892319596
57786,0.6333938749241484
57787,0.22485767559414724
57788,0.15548105354703778
57789,0.12494858651883432
57790,0.2623740430489257
57791,0.29039713522929145
57792,0.5563598460314435
57793,0.5939358768864191
57794,0.6331713021625739
57795,0.28130704744369317
57796,0.18355088152040253
57797,0.6390021970972581
57798,0.6689689087901545
57799,0.5172519443722015
57800,0.5502350588525299
57801,0.7617579281209311
57802,0.4554395830722798
57803,0.40925890444586027
57804,0.10933504067435879
57805,0.35338624678755354
57806,0.46474805141314485
57807,0.27581697467471894
57808,0.5401832714698895
57809,0.2052742248200874
57810,0.38547485553535027
57811,0.4878353390274483
57812,0.124368661105577
57813,0.4183853513607649
57814,0.2850873549907609
57815,0.7098072189412122
57816,0.4134054467887786
57817,0.1434494807407742
57818,0.5829589259365501
57819,0.5768284435074928
57820,0.6879020264830807
57821,0.4321145868647157
57822,0.4339957383794187
57823,0.7344904757340167
57824,0.15580651950071073
57825,0.22576296802082924
57826,0.5139923907546741
57827,0.11614151530752698
57828,0.5137432397617901
57829,0.2727841347725892
57830,0.11510355827320445
57831,0.6665780749279395
57832,0.5001706996295598
57833,0.6629954995863186
57834,0.539868725579453
57835,0.35667079241908456
57836,0.37556446026771206
57837,0.6731830470161994
57838,0.5618599508152485
57839,0.45785611630118084
57840,0.5486296799445665
57841,0.4771216873180867
57842,0.2314034996447794
57843,0.6510628206696047
57844,0.35884831395884315
57845,0.5620220543017044
57846,0.2182865605070342
57847,0.41315272454167945
57848,0.39303401365265245
57849,0.5081801644225914
57850,0.42047330248267345
57851,0.6912879079660884
57852,0.5676871658428656
57853,0.19218382817175292
57854,0.3553317752867281
57855,0.5429779615803612
57856,0.6615886978694487
57857,0.1536320987141588
57858,0.5352639135363395
57859,0.806821174451964
57860,0.6422773501445376
57861,0.3478401026282919
57862,0.10754416748586364
57863,0.11963903244352822
57864,0.4440298863655125
57865,0.7683692373501206
57866,0.35267622472588916
57867,0.29690533837584737
57868,0.58447867687864
57869,0.2359715478843095
57870,0.20631172318012794
57871,0.4655446449834346
57872,0.19298512273035184
57873,0.8346383139332334
57874,0.4904331666193132
57875,0.17320904586729954
57876,0.3588481285783024
57877,0.5690258364579572
57878,0.4293003307579337
57879,0.5933608268080749
57880,0.3630660289728582
57881,0.5334252660505128
57882,0.2113546144719898
57883,0.49780375814069194
57884,0.633011751294106
57885,0.15577980232981226
57886,0.382612523752743
57887,0.6893482407138157
57888,0.48178925865654804
57889,0.7716740217045991
57890,0.5113080383166468
57891,0.3872854495431167
57892,0.2507846217859707
57893,0.2864578398567552
57894,0.8119142056388949
57895,0.5725868704859215
57896,0.5910400088791035
57897,0.6089158546480152
57898,0.2476910459462876
57899,0.5508235778522766
57900,0.492367892109158
57901,0.21726821236391936
57902,0.5382395519196206
57903,0.6558097783955991
57904,0.5791302352006445
57905,0.20435385624661478
57906,0.7254488742215446
57907,0.8049498227650739
57908,0.534879696838117
57909,0.5202119390956004
57910,0.4857956754212938
57911,0.5653655725786095
57912,0.3994119385364839
57913,0.45130276011352227
57914,0.17991636732503158
57915,0.5327058686990022
57916,0.34613020341166056
57917,0.6045384130549698
57918,0.32438935854682555
57919,0.13507372015983374
57920,0.6984811098302796
57921,0.7612447142056912
57922,0.8147056835724595
57923,0.7207099986866478
57924,0.6635828979134443
57925,0.4758788587428712
57926,0.2053729732057228
57927,0.5046887073472551
57928,0.28841378191138345
57929,0.701314096624736
57930,0.4127820240506382
57931,0.38050188098059545
57932,0.17986251931976113
57933,0.5803496168231331
57934,0.23057498700427734
57935,0.7952377210575673
57936,0.17275341537593275
57937,0.16970196710316457
57938,0.4444987996849646
57939,0.41416182646230204
57940,0.10760169717265161
57941,0.5207574156281463
57942,0.33818264050095337
57943,0.20603462411975496
57944,0.2762676247954652
57945,0.4982563737878945
57946,0.24720181184603193
57947,0.492716117842775
57948,0.6123417486067694
57949,0.39563154461465316
57950,0.41834388500570036
57951,0.26160869942254544
57952,0.46664312693853977
57953,0.3788470290044516
57954,0.23040000845264613
57955,0.5887442605414649
57956,0.7631453253654037
57957,0.43126298463255064
57958,0.2467585207207186
57959,0.6286174004071424
57960,0.19345559714329896
57961,0.7408705561527681
57962,0.5060096720981397
57963,0.31367280376046636
57964,0.31846546742079035
57965,0.5425408699217963
57966,0.4221920592767979
57967,0.4200115398836992
57968,0.3457929630115948
57969,0.27562265279729564
57970,0.33207950464136576
57971,0.16746608497664112
57972,0.34019012811186816
57973,0.17361449457104877
57974,0.2349401834047283
57975,0.46959077632124857
57976,0.2201943931672153
57977,0.449023780508032
57978,0.18606860149880022
57979,0.6070601552349068
57980,0.8208701513041133
57981,0.49375941241114857
57982,0.5556645625346648
57983,0.3455929301243723
57984,0.36157106519582083
57985,0.5094754529168385
57986,0.5851297234951152
57987,0.3849986253848795
57988,0.3603447458912516
57989,0.37247640352506534
57990,0.6712011868583582
57991,0.2828297390323583
57992,0.6356126556192031
57993,0.7006756720858921
57994,0.4031024573427469
57995,0.43504224787331475
57996,0.5477616973506715
57997,0.3518350196233638
57998,0.5181671332208445
57999,0.1260364855668045
58000,0.31552269193503973
58001,0.5121984495486006
58002,0.15725941167478868
58003,0.1066851093513836
58004,0.11920430829297572
58005,0.12018571093170498
58006,0.8306355304354909
58007,0.5593755284459425
58008,0.5752683390228958
58009,0.2183093736465011
58010,0.32678472131398456
58011,0.3185142975599601
58012,0.6489015712223524
58013,0.5069283015109333
58014,0.13519139713378409
58015,0.45990878435128935
58016,0.21795286854381515
58017,0.3267953858364696
58018,0.6965621543056423
58019,0.7378070769731402
58020,0.18708142309178624
58021,0.7825224029840435
58022,0.09727492621001571
58023,0.4131872537342415
58024,0.28630072398539613
58025,0.21277479201196198
58026,0.6754369522174095
58027,0.38041180254735174
58028,0.14558702175560928
58029,0.6605413255591676
58030,0.46932600825503623
58031,0.4652756570460704
58032,0.2725344855434823
58033,0.41501834074252764
58034,0.6486501994635064
58035,0.2291278397832735
58036,0.5009296804469905
58037,0.4772175919152624
58038,0.786318762333103
58039,0.4865774216846419
58040,0.3739969138897386
58041,0.3229793350773036
58042,0.32541463809641696
58043,0.19838120996799274
58044,0.2263245868043683
58045,0.5515156028520618
58046,0.534482915801111
58047,0.2994258380651525
58048,0.6475769062795015
58049,0.18075933263349145
58050,0.3092967040984282
58051,0.48098050965170813
58052,0.3046065171295785
58053,0.10607610288731377
58054,0.29036580150479324
58055,0.19941307581351675
58056,0.2769244322980465
58057,0.39657217631997654
58058,0.3184275537925429
58059,0.4776544242725947
58060,0.11504536183029841
58061,0.09636624008630425
58062,0.10704676677205416
58063,0.15105357927690127
58064,0.47676648548286044
58065,0.17420628946335756
58066,0.43896826799195376
58067,0.6944082892331113
58068,0.5622825748459795
58069,0.21292695362467157
58070,0.4592706444225005
58071,0.620362929251701
58072,0.2921153569480975
58073,0.5062494550660874
58074,0.7473997639496507
58075,0.623288153759434
58076,0.20546585162853892
58077,0.48531262421408633
58078,0.27909918349853213
58079,0.37946513969624057
58080,0.555594937353456
58081,0.19374328945665423
58082,0.618622366556524
58083,0.6486110423310831
58084,0.5878212833870471
58085,0.31839802305294623
58086,0.556049227174486
58087,0.2636645905650635
58088,0.49395920608924115
58089,0.7165455856270924
58090,0.2248631142029202
58091,0.3273322715750141
58092,0.730030251361181
58093,0.7081829052545676
58094,0.214926186210943
58095,0.5909994662646146
58096,0.367629493386571
58097,0.4395439428892838
58098,0.543746321222674
58099,0.3028163942596222
58100,0.5462121465358559
58101,0.4792158167496547
58102,0.19027132942520275
58103,0.14852872502555328
58104,0.5136289006836418
58105,0.16936232667367657
58106,0.26991144058018235
58107,0.2098923007915146
58108,0.49110818554572766
58109,0.4264749147789088
58110,0.2374796906043325
58111,0.31917116128383094
58112,0.2260492960455463
58113,0.6852237157359478
58114,0.27104772141230143
58115,0.3382248826947007
58116,0.4634734032572606
58117,0.8019671024539974
58118,0.6458722297409639
58119,0.6078530255615325
58120,0.2610033691299248
58121,0.519864159885601
58122,0.8333687193476731
58123,0.22015875613837566
58124,0.15552477530385816
58125,0.35597644496213887
58126,0.33134884959373107
58127,0.36415969353233374
58128,0.2648035681373087
58129,0.5520885514593744
58130,0.7882234165623421
58131,0.6082817886834881
58132,0.2700407305285327
58133,0.42704141277543595
58134,0.340996040916559
58135,0.5269682189416177
58136,0.6951963668007712
58137,0.6903497203922248
58138,0.7154664699767164
58139,0.2070620315251119
58140,0.16373592682974245
58141,0.3749235468434207
58142,0.3370961138282455
58143,0.6874018810285906
58144,0.6333757142188172
58145,0.5041004581469186
58146,0.4863259804339003
58147,0.6569633283341213
58148,0.30626374141064844
58149,0.8387300070420564
58150,0.32789411126095186
58151,0.6132582058595413
58152,0.7434398405831758
58153,0.5770483143530512
58154,0.25185999152414823
58155,0.6053076398019553
58156,0.1410100963750615
58157,0.3019213883827519
58158,0.31023792643240217
58159,0.17822439141272806
58160,0.307005283002416
58161,0.16498298337715617
58162,0.5511084432207665
58163,0.2816409704147244
58164,0.202321310290442
58165,0.6490091805914437
58166,0.7301860462112418
58167,0.2814643335323899
58168,0.3649505075278785
58169,0.3095177314701208
58170,0.5530320485302981
58171,0.07248939399938677
58172,0.5094536591332297
58173,0.482105661929758
58174,0.7006177436371595
58175,0.5231669635133107
58176,0.4076716487784074
58177,0.5256113477452173
58178,0.6957764951730719
58179,0.7146773486171699
58180,0.408298376939277
58181,0.3705871427515618
58182,0.36703822551678833
58183,0.18630759253198817
58184,0.3089254650617614
58185,0.2902665170638969
58186,0.32130885022642247
58187,0.3616338534361875
58188,0.5116331930065882
58189,0.3095240741120198
58190,0.12621432447556882
58191,0.2155962770423167
58192,0.5002092375078746
58193,0.4634099444239321
58194,0.1822408509808111
58195,0.07795817280416156
58196,0.3980980901664018
58197,0.14983621331771493
58198,0.5843844179448078
58199,0.43506248052753704
58200,0.5706675259403581
58201,0.40382315084144993
58202,0.6104572325357697
58203,0.595629308986017
58204,0.4509464731516939
58205,0.4601317576641432
58206,0.5540174343223957
58207,0.4812830314775215
58208,0.0956181254668045
58209,0.285194812512436
58210,0.4253862258482141
58211,0.2751090956997124
58212,0.10955893431252327
58213,0.8369890476325982
58214,0.3405065881318966
58215,0.4493095154232228
58216,0.2527753916803449
58217,0.5751129441308762
58218,0.06614578418438796
58219,0.6518308590638011
58220,0.21780434803209764
58221,0.3484691293386758
58222,0.5083905611585978
58223,0.5179190078759639
58224,0.6463698147518375
58225,0.41232572200044354
58226,0.4347712243683937
58227,0.40535626681415265
58228,0.19346237814770237
58229,0.4669201942890071
58230,0.2733796187510188
58231,0.4966325914126786
58232,0.2723172854646062
58233,0.3864485564624782
58234,0.4447213858933061
58235,0.607421149456796
58236,0.6308529540058389
58237,0.6957532376842096
58238,0.24722920198432083
58239,0.5946845063039814
58240,0.2952563009768033
58241,0.5902975587131125
58242,0.3746282097159918
58243,0.17021903539927327
58244,0.7421719859822667
58245,0.5086420821074066
58246,0.5879624847705454
58247,0.31673202675874335
58248,0.3099467876565098
58249,0.1780143838893276
58250,0.41268146537229566
58251,0.20175808826710667
58252,0.6882269776876682
58253,0.5116489743505661
58254,0.1154302923394361
58255,0.14706039898431406
58256,0.41277769048162444
58257,0.18537084874870866
58258,0.5567766302505041
58259,0.3678057493686268
58260,0.632205695274436
58261,0.1307173316005502
58262,0.12963160322666697
58263,0.2528428729187041
58264,0.7790544404299008
58265,0.21687034868140742
58266,0.34441045715892826
58267,0.5461964794240796
58268,0.34492736580653066
58269,0.16625209490857276
58270,0.4521653157219287
58271,0.7098812838437559
58272,0.783553187563855
58273,0.5554066853811479
58274,0.24693125677924405
58275,0.566377948392852
58276,0.3291254228797736
58277,0.6066617567928135
58278,0.6119198039686836
58279,0.21390022467723271
58280,0.6703034210084232
58281,0.538985513649726
58282,0.7559680277254434
58283,0.3233774867994478
58284,0.1998806571121833
58285,0.42946341378523345
58286,0.43408740858272366
58287,0.46166649444141333
58288,0.21761515877834206
58289,0.616284660323926
58290,0.633033698141578
58291,0.5424077553101811
58292,0.19129917991022546
58293,0.6017363632352116
58294,0.32978749765071297
58295,0.2887626280015533
58296,0.5295925330574733
58297,0.6107020380277266
58298,0.7075103020850642
58299,0.4897928167982138
58300,0.3763295337985247
58301,0.4560206646515498
58302,0.13111774141175286
58303,0.21339051796539388
58304,0.6872262029369332
58305,0.29138828453339893
58306,0.22383690453908606
58307,0.544962488929726
58308,0.7636893305023322
58309,0.5426825970212006
58310,0.44267122739034936
58311,0.32604580288219753
58312,0.7867136176119016
58313,0.18026821211724645
58314,0.2405411863793884
58315,0.34597205538540465
58316,0.49245158247297083
58317,0.5126311891312905
58318,0.12702414283004254
58319,0.390391364752444
58320,0.36962840484061377
58321,0.6398399490142924
58322,0.27675451146866403
58323,0.4333848067138685
58324,0.18940467092782168
58325,0.10371826903448614
58326,0.5514131188249585
58327,0.22785738428329128
58328,0.14172723451426855
58329,0.5969657160400293
58330,0.1439256398910471
58331,0.43420374807800266
58332,0.5411367901853952
58333,0.6230957629964816
58334,0.5114168438404953
58335,0.47020800094101617
58336,0.4576072643901624
58337,0.6145688537926616
58338,0.39972918866505797
58339,0.4030346817114536
58340,0.5879984459968117
58341,0.16416375548671655
58342,0.279597964901921
58343,0.8094406356179962
58344,0.24320368907523726
58345,0.528294668967262
58346,0.260614033711607
58347,0.23221027043882117
58348,0.34039355966637497
58349,0.7188010066670586
58350,0.7353812687839242
58351,0.11803348578871233
58352,0.7102764430939094
58353,0.12493747035334826
58354,0.5937093628932572
58355,0.5298492872731593
58356,0.5986854209224346
58357,0.579084912927391
58358,0.1390031604564876
58359,0.6484265944891328
58360,0.2367514220206591
58361,0.3152951912301546
58362,0.1807163898207949
58363,0.2955202385524134
58364,0.17655086198334183
58365,0.37830217798578
58366,0.2665244354256427
58367,0.46761901460230887
58368,0.5203706218338682
58369,0.1921017680791026
58370,0.6733800507311865
58371,0.1647800531858315
58372,0.342238367689488
58373,0.38509206407147
58374,0.2426267489504956
58375,0.3458633842334674
58376,0.6342723282474391
58377,0.5200903494871286
58378,0.16705206681302642
58379,0.5952802532467302
58380,0.563730804508436
58381,0.5402994886157537
58382,0.4271497091195923
58383,0.34049474785168604
58384,0.1753644664216313
58385,0.34447336137656887
58386,0.19115418957999758
58387,0.6440686642343835
58388,0.5511331065463465
58389,0.6132254247582362
58390,0.7351382764628132
58391,0.4210996939604781
58392,0.7884921716324047
58393,0.31555254382592457
58394,0.6569151310236327
58395,0.3504631852063266
58396,0.3977369895783682
58397,0.21518533491170375
58398,0.4133911791477037
58399,0.11401469919058907
58400,0.603837595605547
58401,0.730357644304222
58402,0.5363553509099364
58403,0.08318044628304856
58404,0.5846116095725308
58405,0.34708398340817515
58406,0.5831056642932789
58407,0.18319545958349956
58408,0.5855482811535204
58409,0.14941679099967364
58410,0.3722198895508443
58411,0.7291705529887001
58412,0.35339539767159744
58413,0.8248341243768245
58414,0.47349721561582064
58415,0.1007629245466837
58416,0.18352426158173696
58417,0.6208193609270943
58418,0.29720542652598103
58419,0.7256841045643614
58420,0.36985561347116375
58421,0.6652466199536461
58422,0.6690010967571665
58423,0.5162617632290313
58424,0.2321977661427421
58425,0.18033660848385447
58426,0.22486659083795787
58427,0.13998071068610543
58428,0.4317972591116172
58429,0.8326346971388956
58430,0.7817510646470489
58431,0.25970534496730824
58432,0.1033455871066018
58433,0.16226905740114772
58434,0.21900523347192166
58435,0.4977248032496999
58436,0.43986867783771233
58437,0.6159579376956527
58438,0.12603360874304545
58439,0.4455085617880454
58440,0.21784732193716508
58441,0.2581449102895517
58442,0.34889410345719457
58443,0.7213237610462345
58444,0.16368052868085173
58445,0.7498068552891249
58446,0.6463722868690455
58447,0.813510000658269
58448,0.4184315049250691
58449,0.5424492652436573
58450,0.7596499613298643
58451,0.5171117293458496
58452,0.4233350955177139
58453,0.5286295389364095
58454,0.2328546226463239
58455,0.538568824982906
58456,0.6766824573161768
58457,0.5426373778034568
58458,0.5458308278876032
58459,0.6527997893020008
58460,0.16947228833494515
58461,0.19990943996123675
58462,0.5636557289929941
58463,0.6938017195715195
58464,0.31049979474264183
58465,0.39653236095784616
58466,0.5772861720501643
58467,0.6166445447077106
58468,0.5055018189312452
58469,0.595790737758681
58470,0.2853591901153235
58471,0.6009385514095343
58472,0.5821568082274629
58473,0.3852458121146536
58474,0.4598654641017362
58475,0.2873817867686347
58476,0.5203243818369736
58477,0.5530057077646815
58478,0.281391810829557
58479,0.49025590928873686
58480,0.41880119007390626
58481,0.17675564880521366
58482,0.3889584572813753
58483,0.1820953121840627
58484,0.6653424307396439
58485,0.30492473724218716
58486,0.3784626477118736
58487,0.5091117885756637
58488,0.7438170973078861
58489,0.26978856989637334
58490,0.5683200102936082
58491,0.26563705517628494
58492,0.2819351062683548
58493,0.6571693383883616
58494,0.701594063193485
58495,0.6166870489415988
58496,0.20892846757458156
58497,0.53071967505495
58498,0.13856432247637937
58499,0.32631209626612245
58500,0.5766262357897414
58501,0.4805843150632569
58502,0.20364129736800868
58503,0.058721159850095
58504,0.6318259317140766
58505,0.5967685764407179
58506,0.35288939883420245
58507,0.24106732282559862
58508,0.1741192081068909
58509,0.610551517845467
58510,0.38134572928581756
58511,0.5516111712732722
58512,0.18990701655672282
58513,0.5161791595157929
58514,0.21090807537797268
58515,0.20004059892926876
58516,0.340979563070499
58517,0.20495118748517974
58518,0.3264049078871006
58519,0.3154006653989986
58520,0.20340188197981057
58521,0.5629444786363125
58522,0.5646654697648142
58523,0.5570096428703982
58524,0.14986881708630512
58525,0.1297500111327847
58526,0.7860090384460543
58527,0.20430691837547538
58528,0.4285871388259957
58529,0.48434925650755983
58530,0.794913209637217
58531,0.5591858561761917
58532,0.45114591678654126
58533,0.5862813767471964
58534,0.7380130751221041
58535,0.4135790828488489
58536,0.4656321806857114
58537,0.5244470667589394
58538,0.5037212744344918
58539,0.8222527617479761
58540,0.221391334698803
58541,0.45861358787009676
58542,0.38470742770559757
58543,0.6846737438275778
58544,0.5233532527014707
58545,0.506239706247928
58546,0.43893688102375494
58547,0.5822600324060196
58548,0.6737403189573945
58549,0.5471805733832138
58550,0.506217267624752
58551,0.74554150042131
58552,0.11392346966709409
58553,0.2090271656933383
58554,0.5818820334889443
58555,0.7221093326369606
58556,0.5261439084944041
58557,0.44875141089571857
58558,0.34516218088383005
58559,0.13540101754480835
58560,0.4814006284575982
58561,0.5245345796692513
58562,0.5121568930508253
58563,0.24487914707050776
58564,0.6352419758819892
58565,0.4332317424381369
58566,0.7171701150623407
58567,0.3609146017055083
58568,0.508054724391551
58569,0.20224166283144826
58570,0.2743091976091188
58571,0.5990662878378812
58572,0.5917121790823909
58573,0.3323672427951932
58574,0.12145472230737865
58575,0.5239542076057339
58576,0.7059170978476852
58577,0.5831672729780972
58578,0.5183280076983586
58579,0.5538587214230429
58580,0.4715482764054311
58581,0.23378698228182995
58582,0.5195718994852728
58583,0.45004107899841034
58584,0.45182433725973886
58585,0.43888683988646987
58586,0.4329929986915154
58587,0.3949187358072993
58588,0.413304300541386
58589,0.35690205158512683
58590,0.2110815132254251
58591,0.16173700222770349
58592,0.17238167043351674
58593,0.5841628459497892
58594,0.759245494538051
58595,0.31337196741041495
58596,0.6007072235663861
58597,0.7776964756496345
58598,0.3282063970073738
58599,0.4725493789091627
58600,0.5282217735291238
58601,0.6275951052547648
58602,0.5703920295353484
58603,0.671658804599003
58604,0.4610163163869571
58605,0.30930643019433396
58606,0.5017735997379834
58607,0.5158080469588445
58608,0.7409974365530212
58609,0.20595812629270935
58610,0.38997254621282773
58611,0.5519779238512595
58612,0.5943716843791893
58613,0.31248604377577205
58614,0.3040806722681295
58615,0.5773837261540136
58616,0.6933147330917251
58617,0.5036548980338036
58618,0.5584647174274235
58619,0.23461134298468994
58620,0.2367181195492509
58621,0.37729607499048545
58622,0.11832343616775767
58623,0.632792227107067
58624,0.5788032423351955
58625,0.7967431610922135
58626,0.44476005390877255
58627,0.6937171331023623
58628,0.5586858460977056
58629,0.2773077192867301
58630,0.5857219143143031
58631,0.5419117646909279
58632,0.23303368189024276
58633,0.20610257115692074
58634,0.5038279503318328
58635,0.2526700853719504
58636,0.13999226537904347
58637,0.2756487258751493
58638,0.5437278503247581
58639,0.12934267786165624
58640,0.7505294045236516
58641,0.2909215975465394
58642,0.21364622457130883
58643,0.49625503252239594
58644,0.589110809758052
58645,0.19141093181301364
58646,0.44990073778530804
58647,0.08638208776781107
58648,0.6160092227614629
58649,0.2880110229158027
58650,0.25234507986174054
58651,0.45176480131437263
58652,0.5015272264079842
58653,0.6704433010093653
58654,0.5590269335448506
58655,0.18878087809001814
58656,0.6618292319462102
58657,0.4093837543318383
58658,0.7095085175449138
58659,0.28461855553742427
58660,0.37698960807017307
58661,0.42473949127327765
58662,0.6274142866494814
58663,0.7208033056182563
58664,0.23471641140070376
58665,0.8011835824238986
58666,0.2095132585693484
58667,0.436995806435617
58668,0.23355248163597536
58669,0.6764611736132699
58670,0.6480575386675805
58671,0.6236250809858633
58672,0.1869404892661083
58673,0.1336535767590133
58674,0.7272450861537794
58675,0.17483118101045325
58676,0.5333675429481043
58677,0.28191512545672
58678,0.40614011642611436
58679,0.4243434017407134
58680,0.4894104633689976
58681,0.29366162637652266
58682,0.7678701900623023
58683,0.2343373519833711
58684,0.6484670164057784
58685,0.1405999790478008
58686,0.4509056767394757
58687,0.6068687430363895
58688,0.5494051683434532
58689,0.5547418928955249
58690,0.32294550713371645
58691,0.3152873539963787
58692,0.44737645499419926
58693,0.2643081611230295
58694,0.2251477298390324
58695,0.3602402514486563
58696,0.6168859537627689
58697,0.6447951748474634
58698,0.27251858490712605
58699,0.4603915192645866
58700,0.7501468462341544
58701,0.21628041331976094
58702,0.5245231967287964
58703,0.2676354125898111
58704,0.3786500255802525
58705,0.3960389705500395
58706,0.31348209459877263
58707,0.5911768947130195
58708,0.3758889759649084
58709,0.4887683957912021
58710,0.3183111623345654
58711,0.49866010798269933
58712,0.4197691340917706
58713,0.5403502876315804
58714,0.16735497348981257
58715,0.23512898207682467
58716,0.32467995145715983
58717,0.20706529544943825
58718,0.4700661835543299
58719,0.2369274539526161
58720,0.40856136424214523
58721,0.5159264952751562
58722,0.4349237571627401
58723,0.2605247676613803
58724,0.14373738240812867
58725,0.561365417474458
58726,0.5293515253331439
58727,0.8081556902624839
58728,0.6897996771744587
58729,0.24052408284521748
58730,0.24164055570690074
58731,0.6973224399037913
58732,0.24078906583747756
58733,0.6614186653216417
58734,0.4613352927632317
58735,0.5657263063181205
58736,0.4341303512741255
58737,0.5103423295139082
58738,0.24722616696721803
58739,0.6129963032443188
58740,0.09319924922577058
58741,0.508168159657297
58742,0.14757394253142417
58743,0.2372700616913406
58744,0.46329531932502876
58745,0.6070029313705351
58746,0.4913901756770624
58747,0.201719185547514
58748,0.1691604213327011
58749,0.5716710995247014
58750,0.4414396807845627
58751,0.36382344656601634
58752,0.25078318881516665
58753,0.5929842839704446
58754,0.7724826863867639
58755,0.3363641544795791
58756,0.23339210914063446
58757,0.3225537955077802
58758,0.33114878483307114
58759,0.1807795639124187
58760,0.6373683123624145
58761,0.5417401297714839
58762,0.7608114432181524
58763,0.28305984522125965
58764,0.5875784963978053
58765,0.442167195553203
58766,0.5018178143142134
58767,0.49665042219005334
58768,0.7769477368874212
58769,0.7683863975170374
58770,0.33435218849877674
58771,0.37801571133490663
58772,0.5825228186710703
58773,0.43356008757287867
58774,0.46127106313125565
58775,0.6144968372219521
58776,0.6441925406580585
58777,0.7057582430209264
58778,0.40284236497247417
58779,0.506074529962427
58780,0.2644624030001166
58781,0.7561951524910416
58782,0.6573486148966982
58783,0.41888679134993184
58784,0.306019759372741
58785,0.5575565453986953
58786,0.8014061701706046
58787,0.7107118038097474
58788,0.5929721386042408
58789,0.6553869717511828
58790,0.4950388855822957
58791,0.526950143585073
58792,0.7000196967282796
58793,0.3334541237403102
58794,0.09650734591534445
58795,0.4532591204913632
58796,0.45456442792759466
58797,0.5048194912809875
58798,0.3729514873953633
58799,0.2217365854208087
58800,0.6260146437332477
58801,0.12308373637153876
58802,0.5792378612035416
58803,0.2817469903273166
58804,0.76950101929402
58805,0.8205790185980665
58806,0.11343388877670056
58807,0.2520383194079192
58808,0.7428525748209969
58809,0.7099293250788611
58810,0.24029291178260195
58811,0.38712992679151087
58812,0.44793485568191926
58813,0.09752970786393722
58814,0.5372255982560168
58815,0.6115320955570834
58816,0.6174960910694841
58817,0.33173981122525775
58818,0.42093386677353567
58819,0.27399307624991853
58820,0.7957626783417993
58821,0.29145551878441806
58822,0.5381659854203033
58823,0.3676106547816307
58824,0.3202327085815291
58825,0.201237992507206
58826,0.48914329394493955
58827,0.49571349218886585
58828,0.5388119022342301
58829,0.11726610631580144
58830,0.4536229056998913
58831,0.5162575180443205
58832,0.6385650323662427
58833,0.42953140346652635
58834,0.6135444750872427
58835,0.4847980810633983
58836,0.2540788378980155
58837,0.57729127391665
58838,0.3137097547534692
58839,0.486320987146956
58840,0.5690950253209976
58841,0.13871816581542917
58842,0.4100741197246307
58843,0.6717989985211728
58844,0.1719052674495679
58845,0.3996864886747785
58846,0.31443117727728975
58847,0.6965578009694539
58848,0.5850989525584925
58849,0.6380383491471041
58850,0.7881951002653693
58851,0.47135676736795223
58852,0.4986820718594367
58853,0.24361162936098088
58854,0.40960772831195025
58855,0.3743124996584604
58856,0.4756571803688801
58857,0.1344852220568609
58858,0.33418231899752
58859,0.606110382389787
58860,0.688529844951829
58861,0.6252382399457921
58862,0.5639258447946858
58863,0.2352243325874714
58864,0.5793548217790333
58865,0.30749363796404056
58866,0.7631293193739456
58867,0.549651887334411
58868,0.39350598822582655
58869,0.7036414674977293
58870,0.3435824228035243
58871,0.5175269355359225
58872,0.6741075231104988
58873,0.5821971476792467
58874,0.30238865728561365
58875,0.12769107534969623
58876,0.19310185800523724
58877,0.11651192030903941
58878,0.37829573372206704
58879,0.4895226699997195
58880,0.47588531988591454
58881,0.265052433931396
58882,0.6354325447609455
58883,0.3890410818844477
58884,0.44592697802647036
58885,0.4465000228277184
58886,0.4643283510666577
58887,0.6237503709242016
58888,0.42717633365554936
58889,0.5317299372089104
58890,0.48070376314467694
58891,0.5026811240620381
58892,0.3308826099887874
58893,0.5225336301511635
58894,0.08901145931658455
58895,0.2663861867443913
58896,0.41902732810154564
58897,0.08333251575474986
58898,0.2558657111409398
58899,0.31938116433294444
58900,0.563038640534105
58901,0.7715581639601211
58902,0.5054606414502656
58903,0.7217109998170895
58904,0.27706174027904035
58905,0.3956012876856404
58906,0.30337542799729217
58907,0.20898103024928807
58908,0.46138193880603995
58909,0.4422666353478564
58910,0.30620849737601336
58911,0.6805195426954628
58912,0.39564140439820583
58913,0.7133295523804672
58914,0.4399567796653152
58915,0.6925078804940922
58916,0.3583650629416817
58917,0.2174581911574131
58918,0.43116905762553626
58919,0.53242570903341
58920,0.28395434895832405
58921,0.39000445615618723
58922,0.5380731929466006
58923,0.2229694179846841
58924,0.5565771205912834
58925,0.6291283597486944
58926,0.3485264384355659
58927,0.1628892455344937
58928,0.49649623846265734
58929,0.23487442799025124
58930,0.6549036810548842
58931,0.1744884020068551
58932,0.3688172907225506
58933,0.6664824338471848
58934,0.6565044788974282
58935,0.2221946152552412
58936,0.5182757963210934
58937,0.7704718200469758
58938,0.6327765814921122
58939,0.08357148958511233
58940,0.27752237285190895
58941,0.5534870227718842
58942,0.624485427491284
58943,0.5766335017808192
58944,0.5098000266382277
58945,0.5681337433418199
58946,0.39944124973812967
58947,0.2868010875374808
58948,0.36694264625861295
58949,0.17251771122549656
58950,0.8184490165751404
58951,0.10129827244864073
58952,0.31301281204366593
58953,0.582242259484653
58954,0.7992682837495704
58955,0.6155672436619791
58956,0.6394146211904191
58957,0.5358224158948868
58958,0.5793173669826517
58959,0.7624533623140817
58960,0.5634286889427389
58961,0.8228375309498374
58962,0.40143653739666607
58963,0.34162101377489823
58964,0.20497007586327362
58965,0.6056211469448874
58966,0.3586559494847755
58967,0.6030116449461215
58968,0.4789329779638888
58969,0.38718799261653025
58970,0.46498078312229657
58971,0.4711926685400938
58972,0.10086610802695915
58973,0.5315656887356209
58974,0.6112776213331873
58975,0.6084916794893775
58976,0.5617461617881823
58977,0.5149753957408054
58978,0.33885639542266216
58979,0.52887228772264
58980,0.5933670853764269
58981,0.40219771850169406
58982,0.4472131693165901
58983,0.33676624699441216
58984,0.2462397960774577
58985,0.34482521112171405
58986,0.40240948917498537
58987,0.5909200035259448
58988,0.18609832469906507
58989,0.7959335619740789
58990,0.5857716742016019
58991,0.23531999055804684
58992,0.6465282596425576
58993,0.7258528009850969
58994,0.24219764992031725
58995,0.10101537565667201
58996,0.23135103454098715
58997,0.43574578602344555
58998,0.6430990861565778
58999,0.39456688903307335
59000,0.5051139570601645
59001,0.6565777579636208
59002,0.3660988901395736
59003,0.46185015401002333
59004,0.2709213084870748
59005,0.506268680337211
59006,0.25724638493854574
59007,0.6575001288272984
59008,0.7075010287307869
59009,0.5201667740600091
59010,0.3775556612234849
59011,0.45424502968311875
59012,0.30496015250434955
59013,0.645756053933819
59014,0.4597119837549409
59015,0.6241180964995161
59016,0.564761198387161
59017,0.4759170563238488
59018,0.7466769023561151
59019,0.6272473835587568
59020,0.6151357815045222
59021,0.3561187088451705
59022,0.49874780606613867
59023,0.37745502209732745
59024,0.422873895590315
59025,0.7017697838000986
59026,0.47750024567800836
59027,0.2124734950347179
59028,0.13053304854875594
59029,0.4236172066529155
59030,0.17075247900005475
59031,0.4796863341928057
59032,0.34697972886301326
59033,0.38050141847859026
59034,0.5450100665062452
59035,0.5869187237431165
59036,0.293733754489059
59037,0.4641792910955801
59038,0.6159618965252222
59039,0.1811909615471397
59040,0.3419155073797511
59041,0.13850956274344117
59042,0.19448640622472155
59043,0.6277426775331856
59044,0.3010284155278789
59045,0.4809794083145987
59046,0.5074633345870826
59047,0.7448484701213253
59048,0.1831082468450085
59049,0.23361252186912806
59050,0.6105188626948244
59051,0.40351335055931287
59052,0.4604387231856811
59053,0.32753527557448103
59054,0.4660577147171206
59055,0.20026327064864832
59056,0.7114323868665858
59057,0.12272524678031771
59058,0.5525403563745365
59059,0.18464066295692622
59060,0.1199156172780294
59061,0.4449287424866749
59062,0.6988746481724801
59063,0.5040047978286976
59064,0.4386189677532491
59065,0.6221997261545507
59066,0.3082007494214325
59067,0.5523208333802389
59068,0.7190744363689731
59069,0.612428123855717
59070,0.5821295080860643
59071,0.69075450335285
59072,0.42770755261557225
59073,0.5998726537443277
59074,0.24765353531180948
59075,0.31323300548645255
59076,0.17538051762429008
59077,0.632235918269526
59078,0.6284993036802677
59079,0.523370019421474
59080,0.08945308353697153
59081,0.42329279232286215
59082,0.4354382207039581
59083,0.3271790455735445
59084,0.6532000548174534
59085,0.27419948763528446
59086,0.3533509069923971
59087,0.22736075886174906
59088,0.3864429160072146
59089,0.5758983938688881
59090,0.48780926102700256
59091,0.42957517655712263
59092,0.2224844191995303
59093,0.10432500012930714
59094,0.3888286875528289
59095,0.46270427660302854
59096,0.8396775609505305
59097,0.1973849746185372
59098,0.6973504898864112
59099,0.10667854562634167
59100,0.1461377323250937
59101,0.14677209955515327
59102,0.3784960697859
59103,0.29403175524886105
59104,0.47077400713880757
59105,0.6647727454347373
59106,0.40468557245249814
59107,0.6501624401766031
59108,0.7381770823531926
59109,0.4333310177839752
59110,0.7596725678959348
59111,0.16525923757201513
59112,0.2352182002025954
59113,0.5534515206403965
59114,0.09176284009019679
59115,0.6038920341805748
59116,0.3876144553584409
59117,0.34614197427233206
59118,0.4111766641312908
59119,0.602066588899729
59120,0.27962878643792455
59121,0.22699462246589602
59122,0.2682282653498193
59123,0.5584978298431764
59124,0.2750328432519095
59125,0.4287720136919261
59126,0.3260693641062709
59127,0.7347557740160693
59128,0.25014569141249793
59129,0.3278307193503807
59130,0.22931983332250697
59131,0.45781042680469036
59132,0.2971253994918336
59133,0.1822893651059703
59134,0.24643392272817785
59135,0.6314704351285806
59136,0.1327640506069503
59137,0.6672897884132483
59138,0.5892039295234035
59139,0.19995386890660774
59140,0.4874818201581285
59141,0.4344845251410447
59142,0.7712565042224171
59143,0.5741640730354393
59144,0.28611509174287686
59145,0.677129668690285
59146,0.3284353291040652
59147,0.09202725040004615
59148,0.378874919961669
59149,0.3316523815787707
59150,0.4828008095719013
59151,0.29594128423203925
59152,0.841221492057204
59153,0.3748181298504435
59154,0.28793488725573846
59155,0.570057372870138
59156,0.34042798410063607
59157,0.370635352414125
59158,0.21808186846766678
59159,0.4883225085772095
59160,0.511343405769652
59161,0.3109650067316069
59162,0.5044809958729259
59163,0.635119054567021
59164,0.5121126405259255
59165,0.47723836754471666
59166,0.63859130711597
59167,0.6547168384994794
59168,0.6128621740243071
59169,0.32561446298232893
59170,0.20209109474725254
59171,0.7822141374763911
59172,0.39394486923328353
59173,0.5752965754189634
59174,0.3119827881307106
59175,0.5144468452124538
59176,0.29387383972257386
59177,0.46537031891149744
59178,0.6404583591426772
59179,0.3475773558173408
59180,0.2991499042097701
59181,0.5456163571428105
59182,0.3449242420676978
59183,0.6289068773832504
59184,0.39272721229235447
59185,0.11285079226811161
59186,0.4729406637959514
59187,0.7102304265068783
59188,0.2754998909438653
59189,0.5102867305726724
59190,0.683321197135409
59191,0.5820159921418855
59192,0.14501949932026523
59193,0.5782017860642708
59194,0.6153478485717431
59195,0.42738923581780697
59196,0.3904715513392514
59197,0.7621781442035757
59198,0.13296062069416364
59199,0.7089039358132444
59200,0.7619716047492666
59201,0.34034535180307796
59202,0.5758073607724788
59203,0.21725918617934173
59204,0.4711798121404792
59205,0.3090063040469382
59206,0.24780253013838816
59207,0.6623506095780773
59208,0.2469520444226332
59209,0.34340673791873266
59210,0.3795710046091461
59211,0.6958218498723263
59212,0.581247747639001
59213,0.43103592680805436
59214,0.5439543296663042
59215,0.6796100756278436
59216,0.4171470164154623
59217,0.629611476869979
59218,0.5400857950895758
59219,0.14507300664080522
59220,0.20398244674324928
59221,0.11193511727644483
59222,0.22516128670512944
59223,0.621554587381605
59224,0.738583021482056
59225,0.16663675472868
59226,0.19843180869810403
59227,0.740338315000378
59228,0.4263525754210374
59229,0.5312491894967685
59230,0.31223021988058974
59231,0.46644993924200395
59232,0.22520777311423532
59233,0.20251309127628397
59234,0.3334244494622179
59235,0.315151069896711
59236,0.10630476135123415
59237,0.5870699473423102
59238,0.30882778006171596
59239,0.24971032815485475
59240,0.08365677077222002
59241,0.3023008371589473
59242,0.5909626516830936
59243,0.4344518458207434
59244,0.17681665122062948
59245,0.1720197591312375
59246,0.5257859680064926
59247,0.09276505077044024
59248,0.3622033435884844
59249,0.12321939799361253
59250,0.3054661154048405
59251,0.24846099249785306
59252,0.44358817424503627
59253,0.28743247759865426
59254,0.49650521156142935
59255,0.8277862300436595
59256,0.6320028867272575
59257,0.4933649182832054
59258,0.4861729924341855
59259,0.22642540717533738
59260,0.6005737521313818
59261,0.5169495081669433
59262,0.32224468320110333
59263,0.47277702355722584
59264,0.42614350370330933
59265,0.3121381179625422
59266,0.3602658904467021
59267,0.3326777310262623
59268,0.28267891960257197
59269,0.11474532187506592
59270,0.44442327984067626
59271,0.3492564798369407
59272,0.33290521866027273
59273,0.5514069056007567
59274,0.5224108142551007
59275,0.5828648254760213
59276,0.24780497651228053
59277,0.503967094405837
59278,0.5155085462519767
59279,0.4464017715103245
59280,0.6520874404794513
59281,0.48804478665268386
59282,0.29035730523540054
59283,0.579545684213231
59284,0.6286886353594857
59285,0.5757192142593424
59286,0.5349160515743203
59287,0.3160653666455472
59288,0.7905124646678672
59289,0.13968914804816523
59290,0.47895551185838653
59291,0.7928431773980239
59292,0.45728872366882994
59293,0.27829006823854363
59294,0.19980079160425573
59295,0.43756935945105696
59296,0.12877288788630756
59297,0.4650325143900856
59298,0.20247309191615684
59299,0.29258499877923183
59300,0.4186105530338799
59301,0.6006730211341261
59302,0.2439020968562707
59303,0.48358846708212
59304,0.5175653535467396
59305,0.4476045167226889
59306,0.20732348242009882
59307,0.7492522790030621
59308,0.5428263556575647
59309,0.10901462661686324
59310,0.7810989308699781
59311,0.4459859247062256
59312,0.4655711900460547
59313,0.4190231412433885
59314,0.5429038439122341
59315,0.5453051725999221
59316,0.39828133744777877
59317,0.2922957865211384
59318,0.5583562783806703
59319,0.4486642887502988
59320,0.3459870475009247
59321,0.5074266571384842
59322,0.8074521418726821
59323,0.6391038965420559
59324,0.19566260268254004
59325,0.2480340342623938
59326,0.6649958572301655
59327,0.5495083853417964
59328,0.4987005110696702
59329,0.6876160222064727
59330,0.7990528600342769
59331,0.3453657688076516
59332,0.23993853325802886
59333,0.2667468469126316
59334,0.21411580007579847
59335,0.3324828005175792
59336,0.18420650735231447
59337,0.49488356502442055
59338,0.41405537900086664
59339,0.3959217189261865
59340,0.5286909761831616
59341,0.5312142830959233
59342,0.47663549163797214
59343,0.5591998082302672
59344,0.4880532489716376
59345,0.5483945628196302
59346,0.562826695182585
59347,0.5423098494794587
59348,0.15803858870911539
59349,0.35037054398164497
59350,0.3417834148844048
59351,0.18289914055380344
59352,0.35204374106043906
59353,0.48109732798813254
59354,0.4287971651428118
59355,0.26582304347260693
59356,0.5048398358453107
59357,0.5236981567965932
59358,0.48533936644940207
59359,0.7091922064131913
59360,0.621703225708808
59361,0.57896375078479
59362,0.6777351438521652
59363,0.39489467567681485
59364,0.16652901231308703
59365,0.6067973225573173
59366,0.7502386385456121
59367,0.2935426968593793
59368,0.36349342168038973
59369,0.568419557958214
59370,0.6340441565218863
59371,0.14915757911974414
59372,0.26844846326210087
59373,0.5439282199635468
59374,0.5008154840000408
59375,0.5820051042255915
59376,0.6616341905745269
59377,0.19278380976109055
59378,0.18189827763689828
59379,0.4399097071438382
59380,0.2628162155004489
59381,0.44436438023402824
59382,0.6178722567885537
59383,0.17664753017933613
59384,0.7109637598851616
59385,0.6637544821969019
59386,0.20738359834240083
59387,0.21298417928798613
59388,0.31951362030183617
59389,0.323866249410867
59390,0.41581392625120933
59391,0.5431811865467455
59392,0.16684649138438748
59393,0.1949488085146528
59394,0.13187838843355665
59395,0.6948169067905694
59396,0.44528085813141083
59397,0.4706295191055739
59398,0.2187827051435085
59399,0.12869594761495312
59400,0.47805689365609666
59401,0.5442037977835945
59402,0.49566088432602695
59403,0.12893498666024647
59404,0.7230400525901279
59405,0.30081013497753495
59406,0.27990432099995
59407,0.4857603831943181
59408,0.50893818424719
59409,0.4980449557266586
59410,0.322165921510244
59411,0.5482182106283189
59412,0.3841493569551993
59413,0.558379193094729
59414,0.3144150600926998
59415,0.5368941409747539
59416,0.679856182074251
59417,0.08384076802027267
59418,0.20293747860991923
59419,0.4204479029211836
59420,0.20952968619684367
59421,0.1686263963160481
59422,0.39051955790125314
59423,0.5180381395670794
59424,0.8497527039268032
59425,0.7235599035336892
59426,0.22858916661835635
59427,0.15317057892003103
59428,0.4115391356911498
59429,0.4806558053379052
59430,0.4914949633211028
59431,0.3472098250342444
59432,0.6082127884963829
59433,0.6188433879036044
59434,0.6048904594963578
59435,0.1691563709703074
59436,0.6586555861004355
59437,0.4059534289683864
59438,0.7884439873107437
59439,0.16519651891621917
59440,0.46011408563242207
59441,0.2957373571822351
59442,0.5181459461972708
59443,0.651427685853476
59444,0.7855825361656233
59445,0.19370298722786974
59446,0.534932848514346
59447,0.43294592309968477
59448,0.19964528578160975
59449,0.19426819727440098
59450,0.4169976861642319
59451,0.4337878965194233
59452,0.5249647082439978
59453,0.5627928125525942
59454,0.38664419108498393
59455,0.4895579989432815
59456,0.11981670280772597
59457,0.6607213192335388
59458,0.5606513089177115
59459,0.6110023014525018
59460,0.6966256493723467
59461,0.3670593615158132
59462,0.14002632907141882
59463,0.2521503056357273
59464,0.7349661862619684
59465,0.32556168895501286
59466,0.2799802682396003
59467,0.6768464505879748
59468,0.18984977369817163
59469,0.7651705114358419
59470,0.2913744804746656
59471,0.12025403726789605
59472,0.4710358448585675
59473,0.6300815741358018
59474,0.7522207666950441
59475,0.2624951945688467
59476,0.3332492873051284
59477,0.5216749218012232
59478,0.4280978966444473
59479,0.5925431530035044
59480,0.6700998542120115
59481,0.502730430619216
59482,0.5299860510598013
59483,0.5419986671656954
59484,0.44246344453329506
59485,0.3546573161327683
59486,0.20440961324788548
59487,0.5856605115555279
59488,0.6085860246103816
59489,0.39598273633636477
59490,0.5316278015783921
59491,0.5453132771429685
59492,0.357340460264065
59493,0.46941743388430524
59494,0.5099434768106464
59495,0.5672387616974228
59496,0.5669416315957283
59497,0.2732828088629993
59498,0.25089739120137666
59499,0.7951984580203371
59500,0.5005153762845782
59501,0.4925853692180026
59502,0.6568367226161311
59503,0.5506969509347797
59504,0.5748617162173314
59505,0.5832801558199191
59506,0.4208878390837024
59507,0.29579302198031526
59508,0.7034763322574601
59509,0.11389141221143415
59510,0.2133072363043859
59511,0.2521985962571024
59512,0.2745399733270628
59513,0.594211109729217
59514,0.5252235331356603
59515,0.6008768620647079
59516,0.23184070568114135
59517,0.7472362239846186
59518,0.2529161926418538
59519,0.10941405969386221
59520,0.273555884937584
59521,0.44355685970170144
59522,0.20077259193186664
59523,0.34963236141587634
59524,0.16965786357826415
59525,0.5822085327952105
59526,0.6486561734082351
59527,0.5225109215111846
59528,0.6539153903626505
59529,0.2554289900207372
59530,0.6394345132045873
59531,0.346645996213558
59532,0.574530087888512
59533,0.14792067133223
59534,0.44669434414694603
59535,0.59550972508
59536,0.5660121830784051
59537,0.3580059552131191
59538,0.3871859671383438
59539,0.22100263589368294
59540,0.4860106431628745
59541,0.7654564358363598
59542,0.1993962568725069
59543,0.19189978639272612
59544,0.8367555605458781
59545,0.573353219271462
59546,0.6734342086472558
59547,0.7892858079643338
59548,0.6121330104878285
59549,0.7201398665076982
59550,0.23025461881511317
59551,0.3525913615629138
59552,0.5063478611693627
59553,0.649057866304103
59554,0.19985856500379218
59555,0.6403916148912575
59556,0.24518826153633758
59557,0.6373417656134455
59558,0.2631584949020992
59559,0.6475684644111485
59560,0.23220770077258462
59561,0.7210809975048832
59562,0.09273527861874246
59563,0.36005477791014917
59564,0.7717594337725132
59565,0.5130658796175979
59566,0.17167205367419633
59567,0.6094431869181214
59568,0.477239302118653
59569,0.7466567916481763
59570,0.4209255727533582
59571,0.38584360094400466
59572,0.35445069712626687
59573,0.4148985854321445
59574,0.6850353455499264
59575,0.5864418363977869
59576,0.22409240387536444
59577,0.7175697567734146
59578,0.31721495549982165
59579,0.6178584623731299
59580,0.2364903153135943
59581,0.22153005355109787
59582,0.4175463748903704
59583,0.11335819784024327
59584,0.19920129314430202
59585,0.45657546376068203
59586,0.4656291814385683
59587,0.3906996471276375
59588,0.4180372748368161
59589,0.7463047310291182
59590,0.641971006519262
59591,0.46229770920808544
59592,0.22601390769518617
59593,0.2898547101252727
59594,0.23173252023652768
59595,0.5540415517042343
59596,0.4322996002649684
59597,0.27866385884786316
59598,0.10813010204858761
59599,0.28473221569428375
59600,0.770572542216149
59601,0.3433474677182627
59602,0.21904819514668689
59603,0.4751696313510374
59604,0.3834902207286243
59605,0.42516477693304855
59606,0.7453582373629218
59607,0.6602244110980215
59608,0.5263581671031861
59609,0.34127188567578653
59610,0.3595318862766922
59611,0.36891651275612464
59612,0.31603324998373805
59613,0.6837011304091762
59614,0.4268611523824394
59615,0.3053370249810837
59616,0.16101330101447842
59617,0.6439772170928336
59618,0.6701934762824177
59619,0.3035988201330573
59620,0.49908582309726085
59621,0.4137311017497965
59622,0.3208134745850467
59623,0.8582774040251826
59624,0.19908146414873612
59625,0.13178806309589808
59626,0.4563725129598019
59627,0.6492958117753099
59628,0.35845469351368636
59629,0.4560752733918698
59630,0.5179414189945999
59631,0.21016685817034417
59632,0.6494637996269236
59633,0.2577963514027979
59634,0.2461937112845381
59635,0.24984992250824387
59636,0.3381143895766294
59637,0.529522777832637
59638,0.7309466548933359
59639,0.21149707729584216
59640,0.12671376541971283
59641,0.20963023349493795
59642,0.41455645763046556
59643,0.5851837210114962
59644,0.49391398627989785
59645,0.5633877896294137
59646,0.2670857482052247
59647,0.6733212140277103
59648,0.7403968413648373
59649,0.5165735281941592
59650,0.5003559009724434
59651,0.4653465635424403
59652,0.5305947230821542
59653,0.3749034444094039
59654,0.7144837631652629
59655,0.7367433020032421
59656,0.48180202079180745
59657,0.7001450045638662
59658,0.12455284069250115
59659,0.13147135287697356
59660,0.11296220296059399
59661,0.6122666642931052
59662,0.5616890249689258
59663,0.503459565500206
59664,0.3011926004185947
59665,0.4515895278126177
59666,0.482422605408241
59667,0.28850601767130424
59668,0.2892082440956772
59669,0.33962964475441487
59670,0.7731759948501347
59671,0.1672373673878397
59672,0.23824865925733368
59673,0.5327407108670368
59674,0.2909675113526268
59675,0.2522851696754054
59676,0.5749091300584724
59677,0.49162156182319516
59678,0.74246355952094
59679,0.26552042805763637
59680,0.3594701898007946
59681,0.1280780641441546
59682,0.4880321863860029
59683,0.5473164294887733
59684,0.2620486192114168
59685,0.5300426720758686
59686,0.46239815066947954
59687,0.2217713518678495
59688,0.2107635333044497
59689,0.22295772216307466
59690,0.5914940964700611
59691,0.39446090915839543
59692,0.20448618093400658
59693,0.5684867658138973
59694,0.5935947523986909
59695,0.4573576957317049
59696,0.7576895387866954
59697,0.5936822021285523
59698,0.2454610967804818
59699,0.49289398694408876
59700,0.6306223670697673
59701,0.13063667132659487
59702,0.2969815677681684
59703,0.47061341729703826
59704,0.32974558603558646
59705,0.2476428838823786
59706,0.5751126605306273
59707,0.8051722921585257
59708,0.4310618225896669
59709,0.6166212171225064
59710,0.3720723501313253
59711,0.4588814398806078
59712,0.3873635714843752
59713,0.332630967579771
59714,0.09139249734158639
59715,0.5685621633199526
59716,0.22816277749562552
59717,0.4656387746124403
59718,0.24463823119502015
59719,0.09486745084231443
59720,0.5674498432518521
59721,0.23932912339776782
59722,0.46815383733449484
59723,0.1462730131223289
59724,0.5795862822970975
59725,0.3439101060099726
59726,0.22762506266860424
59727,0.862698519338938
59728,0.8216464593775467
59729,0.7635959329372795
59730,0.5893819597286375
59731,0.6663735785631977
59732,0.21549879632009258
59733,0.10463904916689626
59734,0.7769156809166329
59735,0.2272101869831825
59736,0.5719623436408224
59737,0.3475666486412174
59738,0.5606855449088589
59739,0.6158773176481118
59740,0.21871998506661533
59741,0.5428678045614757
59742,0.5935019587051596
59743,0.24388719502282644
59744,0.18426030116542194
59745,0.715569262988799
59746,0.6797510105070493
59747,0.6641573743715196
59748,0.7206340226917323
59749,0.4812618413108864
59750,0.5942305755315328
59751,0.49659555563015817
59752,0.32626222262856447
59753,0.5588194773949706
59754,0.28191196818488323
59755,0.5124347070104138
59756,0.15044929994195952
59757,0.7790179067302321
59758,0.4889776528597706
59759,0.46029858753413055
59760,0.26121066080774497
59761,0.2569917502073529
59762,0.6063809315258097
59763,0.5647959329220017
59764,0.42756326920659943
59765,0.6225114898605314
59766,0.5266965090526775
59767,0.2852247993697455
59768,0.5767102444205566
59769,0.36576848288023417
59770,0.4749020283293618
59771,0.5876511324072886
59772,0.19712778481012153
59773,0.4392927705117907
59774,0.5438749240218382
59775,0.30436485496407323
59776,0.4760568794221592
59777,0.09232051344694434
59778,0.4916101091002528
59779,0.35803034392374394
59780,0.41105272707465607
59781,0.22061394825857608
59782,0.1400108038351396
59783,0.44660333203270197
59784,0.5681409738015047
59785,0.7238321449495804
59786,0.3224599516291835
59787,0.41015875380908556
59788,0.10646830452268181
59789,0.2027355842322996
59790,0.21664316537387115
59791,0.3851112277104905
59792,0.46586017184752665
59793,0.6971384431763986
59794,0.7625110952095234
59795,0.6713802549750547
59796,0.2937796610114942
59797,0.49541343930346665
59798,0.29074114630116915
59799,0.22751852744791565
59800,0.5606285637811095
59801,0.3080841922955304
59802,0.7733990605841436
59803,0.6075008081118599
59804,0.370258450967579
59805,0.7050956592984862
59806,0.5918528768371009
59807,0.30962478568353907
59808,0.5683423226392645
59809,0.5884421590744203
59810,0.45726356134547896
59811,0.2869034068078782
59812,0.423156818692126
59813,0.3978131429735616
59814,0.14702617641314034
59815,0.32738566197269764
59816,0.6866774646752553
59817,0.22746112085088577
59818,0.29785911901404116
59819,0.39575615803692354
59820,0.779127369048888
59821,0.6903387786820073
59822,0.8167118797524411
59823,0.7770278522830473
59824,0.5584542257397173
59825,0.6122672624200071
59826,0.6619578304215158
59827,0.5585786904458966
59828,0.6230534610827377
59829,0.18559494521014316
59830,0.2795522442578954
59831,0.5928012996315407
59832,0.74455367057681
59833,0.609900519646456
59834,0.285447666307406
59835,0.3212961322032786
59836,0.7387670081694098
59837,0.7290430725970737
59838,0.47182757296353645
59839,0.3571559461871983
59840,0.7193108405026132
59841,0.2524721417881584
59842,0.13096952239575002
59843,0.09387255425919061
59844,0.275119602602067
59845,0.07340488004353757
59846,0.3069591524970701
59847,0.5766285924101046
59848,0.5946402387187183
59849,0.7251948918042448
59850,0.4805810774727192
59851,0.5263242958361026
59852,0.5103395102541669
59853,0.2613415512749377
59854,0.621679526018719
59855,0.7729726958040506
59856,0.7436439260392317
59857,0.4088263816214783
59858,0.5316763927367736
59859,0.612558325614335
59860,0.216198432082803
59861,0.12016284140420538
59862,0.5017553831266288
59863,0.107364681033418
59864,0.5621625630791425
59865,0.36923332876450293
59866,0.7570510845051881
59867,0.7320330569683419
59868,0.2715700867451173
59869,0.7458382681505024
59870,0.4130209320705694
59871,0.35514887753418534
59872,0.44982869392136215
59873,0.44705440590717904
59874,0.21702038630512832
59875,0.5033385020579436
59876,0.18812379217616207
59877,0.35630475443479837
59878,0.1869193709120268
59879,0.10705725541725504
59880,0.4947649795270498
59881,0.4959951602808297
59882,0.744166605099926
59883,0.7701579012280476
59884,0.25187544178178134
59885,0.7748976112096323
59886,0.46387578003862306
59887,0.2927049501014018
59888,0.3782413853428048
59889,0.48549989307118946
59890,0.21113207022127392
59891,0.18777015277687295
59892,0.3146924453260453
59893,0.10048500446511666
59894,0.3917953847254712
59895,0.15213871883620358
59896,0.3627139144307092
59897,0.6826321743205614
59898,0.17501472342628097
59899,0.4560653669078457
59900,0.5042388128981387
59901,0.6128711261544697
59902,0.3010504655233575
59903,0.5671935737122777
59904,0.1835849359447035
59905,0.24092230877105608
59906,0.6242149617313077
59907,0.6656466624444365
59908,0.48573397083364406
59909,0.41424287040813196
59910,0.1564196401362825
59911,0.5628502382475883
59912,0.49879122137134074
59913,0.3859089494031048
59914,0.25013707596754525
59915,0.5629080964218618
59916,0.13432590606673536
59917,0.3239509635836042
59918,0.5483067295188064
59919,0.5381227090283529
59920,0.292867969656792
59921,0.42539689841915107
59922,0.7594549346424202
59923,0.46840800499755025
59924,0.3022427064532862
59925,0.16323803322343455
59926,0.4012066182754778
59927,0.4850431984479513
59928,0.2677393547481712
59929,0.3126973559545911
59930,0.5818741914451756
59931,0.5360475750845396
59932,0.3718240520275896
59933,0.45759693466874835
59934,0.25502226791897764
59935,0.660020400254553
59936,0.3626610339109458
59937,0.4628305705263529
59938,0.12766975699375985
59939,0.2124768523637416
59940,0.7775311490167779
59941,0.2890684805424765
59942,0.7753359674995374
59943,0.2184890897042681
59944,0.2123881719581575
59945,0.24638644930175999
59946,0.4381763120764973
59947,0.3693358287317646
59948,0.2635126225056219
59949,0.46097115347641254
59950,0.2417418807470447
59951,0.317396304516334
59952,0.1572114298306875
59953,0.39406383688609675
59954,0.1918929778800544
59955,0.21236774180064577
59956,0.27483888371251664
59957,0.4390461933678197
59958,0.7075606617814559
59959,0.6054331166311616
59960,0.31465680394604767
59961,0.297965744116263
59962,0.24594012530929255
59963,0.5807228271950312
59964,0.17843006805941453
59965,0.1951028364978381
59966,0.8009651158320547
59967,0.16267397138880935
59968,0.5448742316901752
59969,0.3557369358710564
59970,0.5086519356481798
59971,0.5244002528211906
59972,0.32450083071147856
59973,0.7428608143885068
59974,0.30644118915446167
59975,0.6141653685995531
59976,0.33249626249457115
59977,0.18767143767473507
59978,0.23815487543367694
59979,0.4179367941026949
59980,0.15866035458428926
59981,0.3262991420486805
59982,0.28770350195683925
59983,0.30911932708388706
59984,0.2579032466711509
59985,0.6389089253277402
59986,0.7250390859031282
59987,0.48552639589782537
59988,0.2238988490990594
59989,0.3674454663958609
59990,0.21468523417631766
59991,0.1697493795978991
59992,0.21914283082640265
59993,0.35634930150945704
59994,0.19922156795878562
59995,0.664166304212231
59996,0.256580146460199
59997,0.38739161629202556
59998,0.7397286077264026
59999,0.28958078260221887
60000,0.2124723849302233
60001,0.3007670817318899
60002,0.4270452056218565
60003,0.5756263845738303
60004,0.07613988521512301
60005,0.5219908640184895
60006,0.16923300122468266
60007,0.6252060293867678
60008,0.29039867007527836
60009,0.40451441024179025
60010,0.3805833014244352
60011,0.6831630423875775
60012,0.56715924680225
60013,0.4812375978360996
60014,0.4302724702125203
60015,0.49766260572781695
60016,0.4636023631448566
60017,0.20840341457266556
60018,0.28242821508949945
60019,0.209110798755782
60020,0.24909522412561053
60021,0.41185734495951243
60022,0.5974177972692691
60023,0.5595824215244308
60024,0.37893595585717915
60025,0.13378806705188492
60026,0.21045591756431895
60027,0.4920975628649226
60028,0.3273582109554932
60029,0.10660584052339808
60030,0.7215080851415813
60031,0.10050249129496737
60032,0.6400904151211367
60033,0.27798343419615085
60034,0.24462832250924682
60035,0.4199653403433893
60036,0.28511727901120537
60037,0.1552852370722456
60038,0.4756777849429933
60039,0.25125581719262247
60040,0.1979146354325966
60041,0.27262930438309896
60042,0.1794674805491552
60043,0.46573396621070734
60044,0.2513955213005951
60045,0.35323089273032765
60046,0.282265330702051
60047,0.49137898748250125
60048,0.6115421988450784
60049,0.620816438738531
60050,0.5886899782883841
60051,0.4833440311895127
60052,0.4039999838606043
60053,0.3804708556875279
60054,0.4756569996301067
60055,0.24023668705360782
60056,0.5111074483566119
60057,0.48942130070561535
60058,0.1687637497938073
60059,0.4455025011829463
60060,0.5908913215414751
60061,0.23257322170646363
60062,0.7688966333943653
60063,0.5809976644712195
60064,0.7929352699896103
60065,0.3937060377790172
60066,0.5977351927274365
60067,0.10422472429473724
60068,0.7186742128683729
60069,0.24924938074527142
60070,0.15169815993269029
60071,0.7523001256180112
60072,0.262381012159404
60073,0.38095728827293013
60074,0.47951938450078485
60075,0.22711494532855048
60076,0.1264237883206596
60077,0.11260572110976935
60078,0.6295439222317027
60079,0.6868507708594694
60080,0.34426303850955986
60081,0.3878723552755616
60082,0.5457937553850513
60083,0.600681641261076
60084,0.5538326349319177
60085,0.14760885985207375
60086,0.694323627027097
60087,0.6028440117329
60088,0.4750043253501656
60089,0.39151028088510104
60090,0.5656643478443127
60091,0.14835353946520896
60092,0.3527938299079831
60093,0.6232051686464288
60094,0.7032956350596496
60095,0.17528528650043848
60096,0.8668660057598119
60097,0.2461414680248593
60098,0.2531738936635194
60099,0.5430885300364722
60100,0.428801974170431
60101,0.5439786492610449
60102,0.6960745936807676
60103,0.5436711877938957
60104,0.5718601980145567
60105,0.7685782905954324
60106,0.5707249858268889
60107,0.6310286962287264
60108,0.5027351532887978
60109,0.20108761913863646
60110,0.2119600476335564
60111,0.3830488188882274
60112,0.42798187329856535
60113,0.23095423975540286
60114,0.47634866577821167
60115,0.6876957239506483
60116,0.5258440472653789
60117,0.16432850929724901
60118,0.3056151364624789
60119,0.635703219998061
60120,0.808178837143844
60121,0.32591049258221205
60122,0.45030118741105823
60123,0.5324748169171258
60124,0.4831523916483791
60125,0.48959160182190636
60126,0.549478307933013
60127,0.21275674671029873
60128,0.2007703331015638
60129,0.12841101294524945
60130,0.5226834219537209
60131,0.3562880151277868
60132,0.7351521549440682
60133,0.36660812940130016
60134,0.14898631002869492
60135,0.45151138201600094
60136,0.1963433421009451
60137,0.36261004643267936
60138,0.5209926667452394
60139,0.6556922545037489
60140,0.30555073093052026
60141,0.5302731465353684
60142,0.5801782792388384
60143,0.4990774159655702
60144,0.5657480112961738
60145,0.5316767231225802
60146,0.2191730835082346
60147,0.42787943238276915
60148,0.16129649098956855
60149,0.20225699746390563
60150,0.17515003321293782
60151,0.5919728046710607
60152,0.5402672411730254
60153,0.136895624880776
60154,0.5495681140029485
60155,0.39693899457079546
60156,0.6773949305346356
60157,0.2451067718185441
60158,0.34262478901668086
60159,0.13861946282674864
60160,0.19192157686977637
60161,0.2769078081418792
60162,0.626197913112462
60163,0.518972162901327
60164,0.2897389357303712
60165,0.21688562355167385
60166,0.5642866584356517
60167,0.5378318847703257
60168,0.2863762879675992
60169,0.5113686632274036
60170,0.5851335093893296
60171,0.5198048281835924
60172,0.460640922249477
60173,0.6289294353694332
60174,0.4126547998842573
60175,0.6496023954780716
60176,0.5503165011097411
60177,0.6303779034583017
60178,0.37796558862542745
60179,0.5493343204974976
60180,0.18341564178807424
60181,0.3656282963613087
60182,0.17483877972873538
60183,0.30277804591281277
60184,0.09751520130267959
60185,0.5680109095375492
60186,0.2334826608553792
60187,0.32480164913533816
60188,0.4422547124710893
60189,0.6069539802304815
60190,0.5906841169210738
60191,0.4239808061672941
60192,0.2313717370006006
60193,0.24537425311662892
60194,0.41681964410362893
60195,0.3256095489203738
60196,0.5183263942659994
60197,0.3281395741815332
60198,0.44996332848929477
60199,0.8276752790456033
60200,0.4115535623701494
60201,0.47816051486869904
60202,0.28093528754396435
60203,0.4027849277036615
60204,0.46827325752016397
60205,0.5742090902570716
60206,0.23651888422025324
60207,0.11166635702475243
60208,0.41426646461399613
60209,0.49303025096150105
60210,0.2526027955911384
60211,0.6873136065405687
60212,0.3010609313624179
60213,0.36988101207493024
60214,0.6330463424708827
60215,0.3071917694891603
60216,0.7754112788361143
60217,0.4984568458240511
60218,0.3322905525274661
60219,0.3538803123655045
60220,0.7396939222714003
60221,0.49170945190912413
60222,0.6554762952751974
60223,0.7386959111021149
60224,0.6003275596750598
60225,0.6278245520804
60226,0.779418592679317
60227,0.6116305854083333
60228,0.6398712723564219
60229,0.1616165994012676
60230,0.2579371186706507
60231,0.5011515466462504
60232,0.5237545845666798
60233,0.6718820492069529
60234,0.5662052434770707
60235,0.23098794544819762
60236,0.4241724843258214
60237,0.6204796386237079
60238,0.693640930441229
60239,0.2975304253673004
60240,0.6462287944391062
60241,0.5088505243196456
60242,0.5564760728375501
60243,0.733006214817388
60244,0.48274618643343026
60245,0.5248982574334863
60246,0.5935911951699905
60247,0.4679990510155551
60248,0.4524927963446606
60249,0.20899905892218845
60250,0.7891602824372516
60251,0.19131366655739307
60252,0.2487548955975981
60253,0.6708653521008463
60254,0.3518335152459719
60255,0.588955740312036
60256,0.6861935560284494
60257,0.5627238303419828
60258,0.32722816319002884
60259,0.45814479044655526
60260,0.2689052702073928
60261,0.5415792666888007
60262,0.42769543277367494
60263,0.19160261686370725
60264,0.537583320771817
60265,0.420050468210281
60266,0.4334018164506346
60267,0.5968272070621984
60268,0.4934871707516133
60269,0.32863964732298295
60270,0.5096704176485463
60271,0.7059126069136227
60272,0.2795793033453393
60273,0.6945039528856852
60274,0.5702856899397089
60275,0.16932572708550908
60276,0.20337609301417198
60277,0.25091467453039334
60278,0.2530666618019858
60279,0.5472387612866342
60280,0.7001701349602362
60281,0.5191984081962413
60282,0.12379991375341948
60283,0.367033443066958
60284,0.39737378594336425
60285,0.1672335289164375
60286,0.18786506898514116
60287,0.4495912917764336
60288,0.3018848395436222
60289,0.24654609307579753
60290,0.6952278586367926
60291,0.7442170058798092
60292,0.6219914757745965
60293,0.5346680208596519
60294,0.2966104187613151
60295,0.3639225935038426
60296,0.11984570420173692
60297,0.26529162648395355
60298,0.18934950482039972
60299,0.3295004488189621
60300,0.508374992792535
60301,0.20157181777091457
60302,0.31355832939544187
60303,0.5759603149739839
60304,0.3306491024776161
60305,0.5618497464515883
60306,0.6560543944609156
60307,0.08711506651603057
60308,0.23169341781766822
60309,0.20452079835206663
60310,0.4931697311697857
60311,0.5422720453215879
60312,0.33303187853873234
60313,0.40725364709940975
60314,0.7711966427650978
60315,0.732549702219688
60316,0.7432294388930218
60317,0.34877226127189814
60318,0.4840426951383797
60319,0.16811752146630693
60320,0.5610272753652632
60321,0.3086527374791659
60322,0.10630274047943299
60323,0.727159658408929
60324,0.5896797826154027
60325,0.1192170806583319
60326,0.5759069146652679
60327,0.22216339172559726
60328,0.6541104442619324
60329,0.5570918734921338
60330,0.5880323416266988
60331,0.41049140995587174
60332,0.1582054107536599
60333,0.6265376078681503
60334,0.5352408156314684
60335,0.18217885786115803
60336,0.4252717525789495
60337,0.5725046963178131
60338,0.45221240753248965
60339,0.4341171966287662
60340,0.4637652154578948
60341,0.7508968199888396
60342,0.3827268551809776
60343,0.8333443810859462
60344,0.4474645492872244
60345,0.1354845007372938
60346,0.7713320163668859
60347,0.19375710777614957
60348,0.47076339479078366
60349,0.7462718213714157
60350,0.48198457388151167
60351,0.11747344839388511
60352,0.3320465380747026
60353,0.37799599421832075
60354,0.5979690669159119
60355,0.5480809157113424
60356,0.32739129050522925
60357,0.8248166703020305
60358,0.7699850943530021
60359,0.4414119132057967
60360,0.48678543689053994
60361,0.5341694700139046
60362,0.4808530363637236
60363,0.11629488479677018
60364,0.15343995907664404
60365,0.6290588918191428
60366,0.11389333694562018
60367,0.3250529103768535
60368,0.553270279362017
60369,0.2170735184192929
60370,0.0969768143897332
60371,0.35705476933177416
60372,0.6533434456080048
60373,0.5694101443619702
60374,0.82496864815961
60375,0.2561831120526122
60376,0.5510992801710504
60377,0.6448510223404158
60378,0.5604412604468826
60379,0.4530812107258172
60380,0.8185410037848121
60381,0.5875398853028315
60382,0.18364253687525633
60383,0.19672867548155112
60384,0.49014461094209966
60385,0.7437381590153612
60386,0.5013731214672504
60387,0.44812355072383947
60388,0.15715444883230925
60389,0.16249380700158733
60390,0.5318447647517743
60391,0.6253738100646603
60392,0.7348353985037079
60393,0.5328738605251054
60394,0.5832592751055619
60395,0.5372224383215781
60396,0.3009861745036038
60397,0.3091588998050494
60398,0.6362222154333502
60399,0.5910058223155454
60400,0.35052929933814153
60401,0.5364892000296737
60402,0.2287970366131282
60403,0.24510378020405552
60404,0.2308482899262112
60405,0.6084341281775133
60406,0.5071152423885721
60407,0.21785321950879855
60408,0.22888065214653402
60409,0.12189937639468769
60410,0.32223633961799997
60411,0.3775423302366238
60412,0.16541212122409157
60413,0.4726937942943051
60414,0.38975014256368573
60415,0.4924011304664936
60416,0.3373932973365691
60417,0.6020109412747604
60418,0.4266289900062392
60419,0.6535225392488327
60420,0.4944899997138846
60421,0.669538215805542
60422,0.43988778976130266
60423,0.48036878538545735
60424,0.8132711304344051
60425,0.4092715393160804
60426,0.5860828821282421
60427,0.46974662965726477
60428,0.5325452313302744
60429,0.24328900202808454
60430,0.6637015620033219
60431,0.23468020008805848
60432,0.5432753110379498
60433,0.35982269424920266
60434,0.48874714146242404
60435,0.3997587879408952
60436,0.3297728314165986
60437,0.31325285062451697
60438,0.2058148688526309
60439,0.2159517354575184
60440,0.18414246672461873
60441,0.509199172336777
60442,0.6449806592518876
60443,0.7553734004059101
60444,0.2929043984298357
60445,0.2659896193211512
60446,0.16345890786636863
60447,0.3377760693929147
60448,0.5511349827523716
60449,0.26014539214823157
60450,0.6185028590691779
60451,0.26870511162436517
60452,0.510193018400527
60453,0.5061671772783224
60454,0.4439336478106143
60455,0.20593738569722797
60456,0.2917802882763553
60457,0.6020289302700187
60458,0.540189666119956
60459,0.43639085796607485
60460,0.3537660032043846
60461,0.6162397574841009
60462,0.24723465085087015
60463,0.6364505622850465
60464,0.5062508863152164
60465,0.07226727373165921
60466,0.5373161513099493
60467,0.6266607934761758
60468,0.14821706732972223
60469,0.1464574477950212
60470,0.17272978386385096
60471,0.3366791305087641
60472,0.34279861938119344
60473,0.5242138395198646
60474,0.5460560671338348
60475,0.444091290486355
60476,0.23723935738133725
60477,0.7165234947520442
60478,0.3764881232231203
60479,0.20509483041241092
60480,0.20532551694698647
60481,0.20636632422876725
60482,0.27146780215080907
60483,0.7101340074389851
60484,0.2547475326646029
60485,0.23108341706544144
60486,0.7753054164604463
60487,0.6415614768713719
60488,0.2891000033771578
60489,0.5174213404941039
60490,0.3245835999393789
60491,0.2231098190507611
60492,0.4817786640383143
60493,0.16341880845385787
60494,0.4492142926288782
60495,0.5308799569433936
60496,0.3944019687340234
60497,0.5967284624982182
60498,0.5290105637541672
60499,0.5737134625749863
60500,0.4213557007335244
60501,0.396012200443905
60502,0.5535316479078559
60503,0.5708431553698599
60504,0.308158825792404
60505,0.6575101267435842
60506,0.6950819984395372
60507,0.22677476372517774
60508,0.570429387694882
60509,0.7779086576706503
60510,0.7286032880235884
60511,0.5416133533700385
60512,0.11375507524372855
60513,0.25008832369639267
60514,0.35488030939674
60515,0.2732394406089251
60516,0.1621102451855811
60517,0.6887010582560001
60518,0.4962690623203413
60519,0.5052011211368913
60520,0.2977755195010947
60521,0.3140969346593644
60522,0.1802640075131375
60523,0.3607506522316301
60524,0.806583831131325
60525,0.47985535383016287
60526,0.14749504411053158
60527,0.43997047847117593
60528,0.6637793129594476
60529,0.3228970339762849
60530,0.5348673999686352
60531,0.2616649825681606
60532,0.5733656502490508
60533,0.6463830201235803
60534,0.4067602888848047
60535,0.41023670737388856
60536,0.8506318162122903
60537,0.3714200028823396
60538,0.29323229722974764
60539,0.6635148727241865
60540,0.45892313378477384
60541,0.3421825071819504
60542,0.18013453837049376
60543,0.5011127592113123
60544,0.3864588955700463
60545,0.31872216699533346
60546,0.6810826583545677
60547,0.511274420195814
60548,0.6645930635396743
60549,0.5958461415066055
60550,0.5615380738557271
60551,0.4286660919805464
60552,0.7687009055903361
60553,0.8294182915235453
60554,0.3592045714316848
60555,0.4683887859122874
60556,0.38440055239504745
60557,0.5088737585400095
60558,0.5069343104747609
60559,0.6289615262048885
60560,0.19547779962579578
60561,0.4761691981229742
60562,0.25658667107748917
60563,0.20659112676014726
60564,0.18765411085481443
60565,0.811867818598227
60566,0.2936790073520768
60567,0.5609450683810392
60568,0.5750601104780505
60569,0.2458132502126896
60570,0.5139080161029388
60571,0.6339397364733675
60572,0.17653667155838706
60573,0.1520684068531522
60574,0.2765954493495303
60575,0.23788216280099958
60576,0.5518304343866822
60577,0.2594789283815795
60578,0.7466502980314819
60579,0.6374102707413816
60580,0.5004546305514073
60581,0.46934512027369085
60582,0.25754859577697187
60583,0.7678781533687878
60584,0.6025433333309919
60585,0.3449974677988135
60586,0.12158096955126527
60587,0.2723767668212128
60588,0.546355423437764
60589,0.6322824656944903
60590,0.5150347756374354
60591,0.5049091404498922
60592,0.6000531183952823
60593,0.7076443162433713
60594,0.10442455112715744
60595,0.4789132196903533
60596,0.26985665905739215
60597,0.6133787938666745
60598,0.27595726167768236
60599,0.7263506215210979
60600,0.5442427411681068
60601,0.19834952850078158
60602,0.6614222884828178
60603,0.4553474720058818
60604,0.37191501672384497
60605,0.12486698971562891
60606,0.5583336089571441
60607,0.30043526426767664
60608,0.8035357964215551
60609,0.16775510493421253
60610,0.7108270290658993
60611,0.8232936615111339
60612,0.16262510150616155
60613,0.21419492157060377
60614,0.4591407207370128
60615,0.5921704197444837
60616,0.45342080358826337
60617,0.5363161441396539
60618,0.2548417910281752
60619,0.35277279256665767
60620,0.6641575760719753
60621,0.48797175321482933
60622,0.30791874807095326
60623,0.5023214012544365
60624,0.7749206917166794
60625,0.14576064273250483
60626,0.5614827203978062
60627,0.5318733015020244
60628,0.5954624677792669
60629,0.6953455558734423
60630,0.1812697932641723
60631,0.5628668662796396
60632,0.24486359528919252
60633,0.19439976861394676
60634,0.7727103409469287
60635,0.4625011653664266
60636,0.5091849201879756
60637,0.6376374453278729
60638,0.3306748124368121
60639,0.4869652768956505
60640,0.37388035029682737
60641,0.12040124109913018
60642,0.38887775250128065
60643,0.6273668653946716
60644,0.7743973945209706
60645,0.6294514269049651
60646,0.5579603511347256
60647,0.49440237591541963
60648,0.22944521694344533
60649,0.5065860939910897
60650,0.5773627405047915
60651,0.7218030851365425
60652,0.7523433356641336
60653,0.1567863053830185
60654,0.339764153810131
60655,0.2858027221917938
60656,0.5242142296930701
60657,0.4570063337234158
60658,0.6762973378189355
60659,0.4054712355972522
60660,0.5793975860967275
60661,0.44326954496215015
60662,0.1792652276409778
60663,0.4126985012190232
60664,0.07733298294612917
60665,0.5830843353304896
60666,0.7116952456082245
60667,0.2079976100116191
60668,0.4879733101265989
60669,0.7188462724684106
60670,0.5338768264013876
60671,0.6248087691160469
60672,0.6790771673029242
60673,0.3957171981254119
60674,0.5045835379483864
60675,0.46221554792832964
60676,0.17023140524458988
60677,0.08474020667253795
60678,0.8648271412795936
60679,0.6625724330807483
60680,0.461158269110877
60681,0.42112669936371877
60682,0.14986844660324353
60683,0.39388093439286287
60684,0.5959027016416589
60685,0.37255955031030336
60686,0.33832218021295796
60687,0.09577226598464335
60688,0.2991016526605016
60689,0.6414896997081202
60690,0.4970317286827068
60691,0.3536500400606485
60692,0.4353544401930199
60693,0.6713506137178422
60694,0.6169021761824673
60695,0.4949965055322443
60696,0.4759902236985982
60697,0.3003253080267417
60698,0.6357332540850115
60699,0.5359808070035187
60700,0.8157144878255509
60701,0.2700548276770173
60702,0.618483279157349
60703,0.3853568862851355
60704,0.42313783063503274
60705,0.599599341170783
60706,0.48366384085932584
60707,0.2403374077105113
60708,0.31359367596566223
60709,0.6590211234281398
60710,0.27065071841726246
60711,0.656927514919697
60712,0.42056528469626986
60713,0.33291998970225245
60714,0.37767254852735266
60715,0.4188658421890105
60716,0.2230421505347873
60717,0.14992338847466613
60718,0.06839628885490241
60719,0.47694296828660626
60720,0.5731322525915249
60721,0.45494074814785285
60722,0.5133804114886064
60723,0.38030815185316635
60724,0.4674319787865022
60725,0.5305272662822279
60726,0.23043216538915876
60727,0.3589324497392968
60728,0.5069651664842304
60729,0.29503754501947815
60730,0.5516026553834087
60731,0.5694607059997672
60732,0.5754399975001523
60733,0.6185796630097546
60734,0.4049728451129011
60735,0.5558881190417103
60736,0.5560495048641854
60737,0.540757582619898
60738,0.4469647202312858
60739,0.3316363531887009
60740,0.43224116247228844
60741,0.5162679201284032
60742,0.17983585739706767
60743,0.5350300243647432
60744,0.695218261758665
60745,0.3705521694445964
60746,0.24784126467770573
60747,0.5734328512744834
60748,0.5110883924777334
60749,0.602871863923437
60750,0.3958506937197381
60751,0.5889497316882649
60752,0.13089544067189482
60753,0.6140886333763387
60754,0.3160352978439805
60755,0.5641926003280177
60756,0.31702610257953207
60757,0.6460619851352771
60758,0.6862161010623385
60759,0.41520333969651524
60760,0.4279971288236784
60761,0.6243934509080181
60762,0.6220507256566784
60763,0.44060357881138895
60764,0.578705418108533
60765,0.4067656559894648
60766,0.5115183230812964
60767,0.44176863453997905
60768,0.36910153973764165
60769,0.4477433285808702
60770,0.493311936634037
60771,0.1228837395685462
60772,0.14688894508090244
60773,0.12341953116492176
60774,0.7911798336561185
60775,0.1404380912420497
60776,0.7335323513271642
60777,0.2937653286887165
60778,0.4445909565982248
60779,0.6161688842120683
60780,0.5644729265449955
60781,0.20434674696330057
60782,0.2809954620917488
60783,0.6531808590583015
60784,0.4400979335447573
60785,0.5457240391629649
60786,0.6914128197462017
60787,0.6099767921731981
60788,0.175683231966541
60789,0.1335979549958251
60790,0.43436795596109085
60791,0.7032272960063966
60792,0.5144422490417911
60793,0.5826453926857589
60794,0.13857469563321714
60795,0.18224492250281993
60796,0.1773426180382147
60797,0.7508959362908685
60798,0.5377371946967296
60799,0.47484841616257095
60800,0.2590501636243892
60801,0.44239130551032374
60802,0.13652903715381595
60803,0.44201963920664783
60804,0.48946785209607296
60805,0.15997512653124155
60806,0.7481430186369343
60807,0.6880028324546102
60808,0.6682397999800207
60809,0.5572075310989981
60810,0.6281079040394595
60811,0.44797980030813345
60812,0.544609519747105
60813,0.4561627318296842
60814,0.12677040616807195
60815,0.7526509155067042
60816,0.7893382373127328
60817,0.23251236176833626
60818,0.1397047189634442
60819,0.48496608151066906
60820,0.14365551913767696
60821,0.4368539224875243
60822,0.7920836505520983
60823,0.32137027034651106
60824,0.3500563244439394
60825,0.3753268081433489
60826,0.8339370237045367
60827,0.21543811251021394
60828,0.33056344305834096
60829,0.537722173271173
60830,0.7579363937962045
60831,0.24883474628809402
60832,0.4617529811457847
60833,0.5088723481279384
60834,0.4538302039429534
60835,0.3382545178163558
60836,0.5727280301150822
60837,0.4479886205564496
60838,0.4265501511475725
60839,0.6753308073184202
60840,0.63023962878121
60841,0.49165325492509404
60842,0.7421963654051978
60843,0.17775163341863398
60844,0.756897920352185
60845,0.27119003794591306
60846,0.32363620863778686
60847,0.529588781739441
60848,0.4555742833944321
60849,0.1764980773639234
60850,0.6312202204571624
60851,0.6761940942216625
60852,0.5620262365464029
60853,0.20745834443610522
60854,0.50116045545099
60855,0.3983587905366097
60856,0.5303623586606739
60857,0.6458846554957868
60858,0.5182135152618744
60859,0.3553499062454527
60860,0.3426222287490069
60861,0.4956404612145777
60862,0.38506366020567956
60863,0.3788753143738153
60864,0.7421433102542513
60865,0.1967066256887818
60866,0.7621556156647679
60867,0.2948157289743835
60868,0.7552466924473226
60869,0.10403934453085342
60870,0.5611798959912205
60871,0.5287661094245683
60872,0.30295163267996456
60873,0.6616864417226466
60874,0.601006877730828
60875,0.5907003856251093
60876,0.44091124451481245
60877,0.2568113730948098
60878,0.792134691338949
60879,0.5876410463495033
60880,0.5726907918836436
60881,0.6270793821984589
60882,0.8449957297610498
60883,0.5906787412548001
60884,0.36630225067775085
60885,0.49244765508566185
60886,0.5776348897142162
60887,0.4230059993375142
60888,0.5100535505912401
60889,0.43362299142088945
60890,0.6266053177975679
60891,0.5910298651093325
60892,0.504123266159747
60893,0.49134635092043616
60894,0.42175580763229265
60895,0.7442382592402919
60896,0.4450892220346806
60897,0.16819613673476455
60898,0.6403713622072211
60899,0.6688438729120981
60900,0.6441102021869348
60901,0.1951398483821052
60902,0.5245647515408888
60903,0.3773115998862412
60904,0.37712875513241556
60905,0.3474475196465667
60906,0.368340872031573
60907,0.5841152376749327
60908,0.6457302882874096
60909,0.7419449724618359
60910,0.3785036930055414
60911,0.7009533983543725
60912,0.2031747963112214
60913,0.38643917302431036
60914,0.43971669217202347
60915,0.10486278646669442
60916,0.36711654281644507
60917,0.24419534118605873
60918,0.5795223413350314
60919,0.7310834882652997
60920,0.10426579379300015
60921,0.6551305851958364
60922,0.46426512971059425
60923,0.3874697844343475
60924,0.0982122075661939
60925,0.1918889274795176
60926,0.6989613142408876
60927,0.5102307741253395
60928,0.49689618205699704
60929,0.5855778472708694
60930,0.3265046398737199
60931,0.5186098943082357
60932,0.6422770416013138
60933,0.285154173049414
60934,0.21244151782288
60935,0.4828452532959495
60936,0.4111310882200948
60937,0.3252052159022673
60938,0.6260640191364819
60939,0.37721855509520513
60940,0.6166776506973155
60941,0.629421810734474
60942,0.6829155774860556
60943,0.504659145487931
60944,0.39497609249425175
60945,0.49672840828488085
60946,0.31715032325419684
60947,0.15003019537537196
60948,0.1252005158149541
60949,0.19663772825589998
60950,0.7317823708478879
60951,0.4753718619818242
60952,0.45953392494010287
60953,0.43113376799713926
60954,0.37888449141748765
60955,0.12622413581469608
60956,0.16272164416890722
60957,0.3919226566081988
60958,0.5058571489933915
60959,0.4538014835590958
60960,0.5761557901320999
60961,0.3376954701734069
60962,0.1737351037289253
60963,0.5651480191138784
60964,0.4398043761492886
60965,0.47322609904834384
60966,0.3527338653162117
60967,0.5855073796274156
60968,0.10732458155410618
60969,0.7038391561950377
60970,0.4720130477813103
60971,0.5978195690673437
60972,0.7533681001800897
60973,0.20715972290804532
60974,0.11174853429510055
60975,0.5548368549827652
60976,0.5027542573347658
60977,0.640252710703214
60978,0.14329134450871905
60979,0.4060859156674784
60980,0.6182297709026513
60981,0.33845970676388587
60982,0.4943497625588224
60983,0.5381853443198853
60984,0.5325738973029583
60985,0.3879601860616962
60986,0.5974753145674389
60987,0.7469768512720758
60988,0.7098550455914618
60989,0.7784727937764487
60990,0.8005184364137389
60991,0.47741991269301215
60992,0.30087223334490026
60993,0.3025433129766424
60994,0.4633569779454403
60995,0.19516276638341995
60996,0.5461582742834914
60997,0.12370700387106287
60998,0.4758443598979206
60999,0.4003802947651798
61000,0.27514348874062067
61001,0.42192870326972987
61002,0.44104890476845166
61003,0.33250362156268004
61004,0.5809183040294664
61005,0.48769699594042654
61006,0.3902976504064155
61007,0.5926749443862626
61008,0.26909055913941976
61009,0.8515445680526466
61010,0.6884138540902077
61011,0.37770227689707075
61012,0.24384331952706156
61013,0.22764320164981344
61014,0.4344821269949282
61015,0.703184124236024
61016,0.21407535534792022
61017,0.6217167568689336
61018,0.16430506569120026
61019,0.2395023449969319
61020,0.23156440395475916
61021,0.535569456963654
61022,0.29587156437688006
61023,0.13405592291838764
61024,0.7011737302505845
61025,0.5523561639313723
61026,0.6152389886092232
61027,0.671870670572698
61028,0.5087794229319739
61029,0.13482705321206115
61030,0.8049145893000248
61031,0.3532319388983703
61032,0.4590847692097237
61033,0.7269082859016489
61034,0.5702571915212122
61035,0.14431789474976733
61036,0.47903859496327245
61037,0.5675939243851744
61038,0.3616895712198992
61039,0.5687441042174121
61040,0.2302770310815912
61041,0.578493994004587
61042,0.2713209780099891
61043,0.807869240363912
61044,0.6220225363645332
61045,0.8144321408071238
61046,0.32953561683662447
61047,0.2710171205890443
61048,0.342237495387294
61049,0.49505437950194575
61050,0.5034926891275913
61051,0.6289976465253737
61052,0.5779901378125194
61053,0.321518639815941
61054,0.3956222387405012
61055,0.688353788816021
61056,0.7739839433672763
61057,0.4859394392782208
61058,0.39599845431514374
61059,0.44861417045810964
61060,0.5548404498917717
61061,0.24297944884250178
61062,0.8034988450820718
61063,0.20436862837648462
61064,0.556122812258187
61065,0.5051220616010406
61066,0.5324234303957733
61067,0.31426588006989065
61068,0.7835413254381834
61069,0.5177179418924396
61070,0.30987381683840326
61071,0.11988708479973299
61072,0.5177493874724124
61073,0.22289375187309574
61074,0.4506390318394978
61075,0.4078128601525714
61076,0.3421954160781082
61077,0.4816439151589434
61078,0.5474121520227772
61079,0.2655872898177402
61080,0.21520924572384117
61081,0.7597039290555011
61082,0.4447236850549995
61083,0.23228993600937267
61084,0.27789894880819793
61085,0.3316526804964039
61086,0.5150345407320729
61087,0.42548535200552756
61088,0.4437698497646957
61089,0.4226305413138494
61090,0.8026768945200282
61091,0.767046463521461
61092,0.14531287737353757
61093,0.5144419526620662
61094,0.3902420349987068
61095,0.8194629727492
61096,0.3083593485676892
61097,0.5163536622229701
61098,0.43905819735669865
61099,0.7880206499533894
61100,0.13208270003772624
61101,0.7165306843496105
61102,0.48855334295373415
61103,0.05913324322213138
61104,0.6042486968023119
61105,0.4431573803473809
61106,0.4587021931872559
61107,0.43018879793031756
61108,0.5685175283653415
61109,0.8067687564979547
61110,0.1956544280689242
61111,0.15217329349797157
61112,0.6773600489817788
61113,0.42230283038374883
61114,0.373788705702512
61115,0.2485127194439937
61116,0.3649670313141258
61117,0.4893075413807236
61118,0.29648934786140246
61119,0.5360842258580285
61120,0.2959340398529752
61121,0.36280746407839337
61122,0.42694315731066146
61123,0.41960105245594786
61124,0.5169373773640962
61125,0.11681374499393754
61126,0.6275756710548394
61127,0.4726775774237958
61128,0.5503073820465794
61129,0.25809191460648767
61130,0.4108871627252986
61131,0.6673697689579705
61132,0.5002130809926759
61133,0.5619373728559569
61134,0.41658586223791005
61135,0.7796449889242203
61136,0.509830874360748
61137,0.3621754905146724
61138,0.4861376906387689
61139,0.19243802467321874
61140,0.6250491125079926
61141,0.5441081309446038
61142,0.2944100066156652
61143,0.32788857831105805
61144,0.7605966730019538
61145,0.6964588043788301
61146,0.5313624066961833
61147,0.6216555773521568
61148,0.42473616398935166
61149,0.670606480823943
61150,0.47326565042892976
61151,0.28994452304485047
61152,0.2832033756080644
61153,0.22092701262866926
61154,0.8171127058586919
61155,0.43368853635714194
61156,0.6596756550192444
61157,0.7368805904924558
61158,0.7375557133855074
61159,0.48700077262374086
61160,0.5993188538823184
61161,0.27190965441539977
61162,0.3279707797449723
61163,0.3441114418352503
61164,0.20375708098689052
61165,0.6748531343216347
61166,0.25104007121667693
61167,0.7665564320704177
61168,0.6066711372729687
61169,0.4499504696550096
61170,0.3035796521751757
61171,0.4805569402205901
61172,0.4655184346969058
61173,0.3453490272135321
61174,0.5726164981912842
61175,0.48636813986149824
61176,0.20402936545131842
61177,0.5181611418042352
61178,0.2569569760005106
61179,0.23808323547467275
61180,0.6475015321152582
61181,0.6052382087693247
61182,0.4190927984567389
61183,0.06961657134769215
61184,0.5235095926717488
61185,0.576573604201589
61186,0.3166180797329652
61187,0.46744383464207634
61188,0.14578805170768633
61189,0.33534550672063773
61190,0.8353917384817403
61191,0.6091679113567636
61192,0.5469351067620676
61193,0.49281486598270113
61194,0.49957234407029666
61195,0.513572895138252
61196,0.8159373842914092
61197,0.3084233263452427
61198,0.172788170790851
61199,0.47595628472413376
61200,0.7262965028595137
61201,0.31111960536323935
61202,0.5005027228023566
61203,0.27194754059184306
61204,0.43637202536219466
61205,0.31159706501745654
61206,0.5058278018148243
61207,0.767795533478216
61208,0.22720172972354807
61209,0.36955870889488496
61210,0.6635066298868658
61211,0.34805408906480334
61212,0.4457743714594647
61213,0.27533797687452566
61214,0.29275209029858545
61215,0.5556431704797954
61216,0.256492907913361
61217,0.23142479120685897
61218,0.29250576574325715
61219,0.6324981860286328
61220,0.3179784277178606
61221,0.745729961304482
61222,0.2677192693464442
61223,0.4268065663390813
61224,0.13211191879165088
61225,0.25923617716018316
61226,0.7326967226086369
61227,0.6461700057553329
61228,0.3460348975062002
61229,0.29601683927760897
61230,0.24260564014555647
61231,0.4973230170862408
61232,0.3419790073503415
61233,0.43928111037072076
61234,0.17058924380038043
61235,0.20616654547478094
61236,0.5828394704547375
61237,0.5806199617064175
61238,0.3003398122397237
61239,0.10873018896309435
61240,0.17261673152795703
61241,0.5517913145213572
61242,0.44842340439070644
61243,0.6541119419621033
61244,0.28720852760285265
61245,0.49102317070309687
61246,0.190417530907889
61247,0.41520181304815795
61248,0.7968730246105508
61249,0.5593558069591795
61250,0.6522393406627831
61251,0.19200641315116934
61252,0.7158861446804459
61253,0.2032498604034167
61254,0.519228505095335
61255,0.7207239939240185
61256,0.24847342087945468
61257,0.4540231889839217
61258,0.5627236474414071
61259,0.2566227271878533
61260,0.22234078333243198
61261,0.389329926325862
61262,0.4374415934222713
61263,0.5611024787820067
61264,0.3338561351039466
61265,0.3737013511480184
61266,0.6731901441975888
61267,0.2979580735509872
61268,0.5923617357513544
61269,0.44953764569208843
61270,0.13304483496770833
61271,0.5552622826982753
61272,0.6017153533378043
61273,0.3973287088477902
61274,0.5548056398498922
61275,0.5726133045406157
61276,0.4283041328510668
61277,0.1640738682936056
61278,0.127209383987319
61279,0.30752343403518495
61280,0.3671226587236373
61281,0.6556572474187694
61282,0.5532927960233396
61283,0.2982632183838552
61284,0.38623296541164487
61285,0.18178793752376685
61286,0.5842174364846876
61287,0.6083574050110732
61288,0.5487774795648128
61289,0.5217997938580322
61290,0.15893511166348875
61291,0.4371818043573022
61292,0.5149914960122574
61293,0.26226635368461787
61294,0.6905570752423403
61295,0.14973559140710171
61296,0.233138933851982
61297,0.3580427327691039
61298,0.319311926820128
61299,0.6729505563841363
61300,0.7634947304411552
61301,0.7120810199571692
61302,0.33064738875339356
61303,0.2990558293049932
61304,0.37935906303244454
61305,0.17120889463308736
61306,0.2724386671971395
61307,0.4575569370716366
61308,0.5165141918919763
61309,0.541942260579594
61310,0.793149884545521
61311,0.24196586567756795
61312,0.3311117210780542
61313,0.2044264642731168
61314,0.3300061975844614
61315,0.2885972883999262
61316,0.616859124348907
61317,0.5938977437502836
61318,0.38751557397675757
61319,0.5906425424943973
61320,0.7658894379978295
61321,0.7656787361303564
61322,0.1387110640440358
61323,0.15356625732657114
61324,0.1480413928626557
61325,0.6431295953818946
61326,0.15621372213948864
61327,0.3617395268541811
61328,0.40678221113064605
61329,0.5615961167641258
61330,0.6607229413393251
61331,0.4578832457467342
61332,0.5287517855516725
61333,0.46580362218185767
61334,0.3221945475438226
61335,0.42390183073153387
61336,0.48855681863329464
61337,0.39823382398468493
61338,0.6736990216206304
61339,0.6533080866172901
61340,0.587779654357442
61341,0.636079880840652
61342,0.5034351452002419
61343,0.7846349767097262
61344,0.5102843215531412
61345,0.4339337310010337
61346,0.5939638219813185
61347,0.5794623005133648
61348,0.2764575855914443
61349,0.7373566889582241
61350,0.39196493160122853
61351,0.7440771482094612
61352,0.2845626813586577
61353,0.3897112022947365
61354,0.5385481795311287
61355,0.5976805019784
61356,0.3724449233560841
61357,0.1887626572257021
61358,0.3231691531916503
61359,0.5714114283930911
61360,0.5227398842087088
61361,0.5540203091584813
61362,0.5708175444893995
61363,0.5057173194953744
61364,0.21603050753272926
61365,0.6085103660154195
61366,0.5315351184732996
61367,0.5948536499868409
61368,0.2127022781480892
61369,0.2511805824299986
61370,0.5998949395477104
61371,0.30087939890426924
61372,0.36673772752763295
61373,0.7188160772906785
61374,0.6744955868227439
61375,0.33137128036878133
61376,0.5742104426236326
61377,0.4518579930324799
61378,0.6717657577559434
61379,0.5141574508464791
61380,0.5128694343501908
61381,0.6238310213325035
61382,0.4967320346691685
61383,0.5186888313417342
61384,0.4360759462969468
61385,0.23048006068314605
61386,0.5320084489679772
61387,0.17622859862735626
61388,0.16116681488713294
61389,0.37924896100712874
61390,0.28680717800924
61391,0.1897400794335233
61392,0.7852949548728908
61393,0.2105759997051371
61394,0.6739615283842042
61395,0.704423661966885
61396,0.3947737302947734
61397,0.5391190044729568
61398,0.6083096419170997
61399,0.22229975532131482
61400,0.2459444745098522
61401,0.7264799800722673
61402,0.14253661251670405
61403,0.4539135557972048
61404,0.20329957998426723
61405,0.6746516206816142
61406,0.5049592046174665
61407,0.24042141534768996
61408,0.7809297409482401
61409,0.42845488804300996
61410,0.5610879172109573
61411,0.3004846277070216
61412,0.18902755603739876
61413,0.7928120932949734
61414,0.6370141945988029
61415,0.6339059558323442
61416,0.6545016369442982
61417,0.4115535451782155
61418,0.3934059076560753
61419,0.2592387843123474
61420,0.21701195536629714
61421,0.6323357803046271
61422,0.3212571018418289
61423,0.15883438968299085
61424,0.5416188762226296
61425,0.20270980201336264
61426,0.5000012499972134
61427,0.3472414223057657
61428,0.18905069431664753
61429,0.764120423596677
61430,0.2087792542868119
61431,0.27202415963832083
61432,0.3111048501724624
61433,0.29634942423386423
61434,0.19964111517765987
61435,0.4229440213900694
61436,0.5886540884678269
61437,0.2980592219327447
61438,0.6419090464707444
61439,0.35963411009706997
61440,0.33372376753478683
61441,0.2974375994061432
61442,0.4592437157212797
61443,0.4417663834089894
61444,0.8067562681413639
61445,0.11603643221108138
61446,0.6465869011712548
61447,0.5503611648387173
61448,0.6554263969839762
61449,0.7329514249209004
61450,0.3092195990022476
61451,0.58663346235691
61452,0.15042058298939473
61453,0.32175572208788367
61454,0.22892388448830378
61455,0.16204613821585584
61456,0.6230293168572564
61457,0.33558237738969826
61458,0.3196461963752957
61459,0.7070212366859804
61460,0.578113437275517
61461,0.2333268690686688
61462,0.6303647253894262
61463,0.18289594464298795
61464,0.5012526124354288
61465,0.5190981932578297
61466,0.5068246462475922
61467,0.5831258884281479
61468,0.2055819492268358
61469,0.2920012538039012
61470,0.6360507981102309
61471,0.12328420337770424
61472,0.3401647866330279
61473,0.30533044332128445
61474,0.19219092473359475
61475,0.5477417847666902
61476,0.7142921289864871
61477,0.5214268912730168
61478,0.35538543299762293
61479,0.5198034886824668
61480,0.29918775640852363
61481,0.23783973094439953
61482,0.2662330923634956
61483,0.3627716693083849
61484,0.562602029489126
61485,0.49039064950896905
61486,0.3404004297262785
61487,0.42638933012647734
61488,0.6850280835680703
61489,0.42940833637600523
61490,0.11939823550603862
61491,0.2108489237436359
61492,0.3902090584493731
61493,0.6814063773819533
61494,0.5235462262679583
61495,0.4688500944700271
61496,0.3382477931702695
61497,0.36450117809218335
61498,0.29205386776888365
61499,0.43523939608945966
61500,0.5190477161089747
61501,0.3555288891996868
61502,0.6435996186285295
61503,0.5126863408938995
61504,0.6435105000674637
61505,0.4030867815159133
61506,0.5138180996991207
61507,0.6520375842622735
61508,0.28180377041761506
61509,0.23613946282523418
61510,0.5588769681283793
61511,0.13968309071210389
61512,0.26420694537473716
61513,0.2871516155196623
61514,0.37784613813899404
61515,0.46661911011803997
61516,0.525919685713597
61517,0.6751931120724832
61518,0.6144473366386494
61519,0.6563175604387091
61520,0.28407125137139116
61521,0.45884060381233865
61522,0.4672087731225865
61523,0.32684371417333324
61524,0.5849740743624678
61525,0.2915947694970084
61526,0.35351417444992256
61527,0.561019500734453
61528,0.3849524066469929
61529,0.40354669839260493
61530,0.3333618848804918
61531,0.20182250297591647
61532,0.32439347156647375
61533,0.273868235284581
61534,0.3166923797582151
61535,0.25202072635244394
61536,0.20687833803632505
61537,0.11706038346686976
61538,0.2044784266376109
61539,0.6697893062260522
61540,0.47960095048987594
61541,0.1157169677015214
61542,0.21601290855795177
61543,0.8174048500853682
61544,0.8287937363698263
61545,0.2663561236114164
61546,0.8226382429609655
61547,0.20303268091417437
61548,0.17046294229645034
61549,0.4502640360405895
61550,0.4171528027384458
61551,0.613643019885748
61552,0.5681702822435067
61553,0.5245432970039866
61554,0.2125932025658141
61555,0.29834585984591877
61556,0.6509979223686404
61557,0.4084146251429959
61558,0.5248057423623745
61559,0.8026126885107049
61560,0.4173985467354763
61561,0.648327770730323
61562,0.5463920888176701
61563,0.7903160901228485
61564,0.28827082398545884
61565,0.4631556520382189
61566,0.8250465293328484
61567,0.5538218354475732
61568,0.6415791174319613
61569,0.3683841992861854
61570,0.3419712203582936
61571,0.26546133141285777
61572,0.6361264899436352
61573,0.7759001382325843
61574,0.32737572443105933
61575,0.1630633030062299
61576,0.6076033682844773
61577,0.388799089974139
61578,0.7047408945578758
61579,0.5096374736366329
61580,0.6035087939573108
61581,0.10332047615786458
61582,0.5914728843185085
61583,0.44201176039699097
61584,0.751733649942923
61585,0.5868015427395504
61586,0.7186222890148367
61587,0.738101173102578
61588,0.5945096329332925
61589,0.4462854508108501
61590,0.6349072810039491
61591,0.5355508554671888
61592,0.33533884304531775
61593,0.748724365933283
61594,0.6239512921200098
61595,0.6143367325688555
61596,0.12882976589331507
61597,0.34812860244915106
61598,0.5893773987394357
61599,0.6993530552871478
61600,0.5212956313953979
61601,0.35270970282363
61602,0.5683475599750601
61603,0.6007875337145735
61604,0.24139284743667386
61605,0.43546693738847464
61606,0.44726466728416336
61607,0.5733606514883686
61608,0.6601949510404199
61609,0.37034486920676146
61610,0.4587755204075576
61611,0.11100392690145881
61612,0.8085771276073518
61613,0.27590419065692173
61614,0.222562254745014
61615,0.3103100831545777
61616,0.19979627672466896
61617,0.39466491210985183
61618,0.5745936474237282
61619,0.5492120840888396
61620,0.26607726703041645
61621,0.830482302854771
61622,0.6694987240741674
61623,0.24169129527631666
61624,0.6889624094600664
61625,0.545845494530084
61626,0.3376096946236195
61627,0.2918715359024709
61628,0.20195905828501257
61629,0.23807673343626037
61630,0.17301487256759013
61631,0.7746284736406785
61632,0.07815885931518034
61633,0.314511488650669
61634,0.5863721908447899
61635,0.18238361384161905
61636,0.5022266693692687
61637,0.6402287901906016
61638,0.6375679010856405
61639,0.6090511980330346
61640,0.501410135299823
61641,0.379917480526871
61642,0.4005661517022775
61643,0.49954278817727954
61644,0.66521881679655
61645,0.3753412815144126
61646,0.7931938255242409
61647,0.3321430169404927
61648,0.7779752882800717
61649,0.8313808185265519
61650,0.5494053360562743
61651,0.253302762298576
61652,0.1338831660050364
61653,0.2447637396713099
61654,0.277986862978973
61655,0.471155858715946
61656,0.8083289653330591
61657,0.5153184763869028
61658,0.29842614579696347
61659,0.7651762638072992
61660,0.7989889930128752
61661,0.5242055135237584
61662,0.3871887683594564
61663,0.4347882961184605
61664,0.2659688924524156
61665,0.13805541908485575
61666,0.34734313248825444
61667,0.4402119053519222
61668,0.3783339785026178
61669,0.6342934719969562
61670,0.7176649416950621
61671,0.12381697577964636
61672,0.45002115138248644
61673,0.2810103289509476
61674,0.3949145548586613
61675,0.45641916421165984
61676,0.43986470834665203
61677,0.40561031145573423
61678,0.45047712572242626
61679,0.36879758336150936
61680,0.48553466764646813
61681,0.6894690635809028
61682,0.40798248920558533
61683,0.5280174198941964
61684,0.47787032967637666
61685,0.5219357288511621
61686,0.2800238074347638
61687,0.6447817273261607
61688,0.2410616300874728
61689,0.23880081137904766
61690,0.31201132770507
61691,0.07467850395627286
61692,0.47271375718757364
61693,0.18498958568396923
61694,0.4187534499852412
61695,0.09223759209051556
61696,0.7526061217958548
61697,0.41495677170944645
61698,0.08662073053461729
61699,0.7259114890700028
61700,0.16890010100804667
61701,0.5947989903929538
61702,0.07309310253770536
61703,0.5333328682924274
61704,0.39569474242754515
61705,0.15775244790214246
61706,0.5515080378145452
61707,0.5597191147326924
61708,0.7842107645167918
61709,0.5513744631970987
61710,0.2876516367335172
61711,0.6044595912520458
61712,0.3858741310305824
61713,0.8061715559952188
61714,0.46061953672405936
61715,0.3689674843926599
61716,0.47728244685119375
61717,0.6629395539326275
61718,0.49557590471958324
61719,0.31576614839735323
61720,0.5929398679700006
61721,0.5782241713484465
61722,0.5582013237393301
61723,0.26176361689457067
61724,0.2450726296483078
61725,0.6206565242676716
61726,0.6164922122933708
61727,0.23040555177689037
61728,0.5818029215453502
61729,0.8324974730471956
61730,0.44498307272638454
61731,0.7079299663901091
61732,0.43661999216695674
61733,0.4902897251206174
61734,0.7201538571879964
61735,0.5299664729662154
61736,0.31320965361543934
61737,0.7301230755882706
61738,0.4491682510088108
61739,0.6694933414181857
61740,0.46421777312755197
61741,0.42617980805397915
61742,0.7875950861215927
61743,0.5243926136410461
61744,0.6698236881297107
61745,0.5551766067865042
61746,0.3094241318490765
61747,0.5463013002273274
61748,0.5096059588349602
61749,0.59579287037293
61750,0.1707402530854698
61751,0.4591507044876344
61752,0.2444208753967104
61753,0.3995790648626467
61754,0.21157440199164806
61755,0.6461762357575598
61756,0.19055049043468225
61757,0.08042637498647555
61758,0.23373060994732334
61759,0.15899333215522812
61760,0.25358532048458815
61761,0.3149757797340628
61762,0.13324876712260567
61763,0.7343421397243904
61764,0.3023845334652893
61765,0.3127403137813448
61766,0.12301610613533236
61767,0.6279304847362006
61768,0.2703184966091733
61769,0.47773467992029434
61770,0.5908376499430652
61771,0.2124946125696744
61772,0.31129970963366604
61773,0.22889704710281672
61774,0.628193125603906
61775,0.5921387020505686
61776,0.5006687247437631
61777,0.5448409487593057
61778,0.5510249195377394
61779,0.6203463109003494
61780,0.6758092243145157
61781,0.8020279298776403
61782,0.5328950121438212
61783,0.3517702172536967
61784,0.7229747366331954
61785,0.5931091632553391
61786,0.3603880951118579
61787,0.7236859541009611
61788,0.5045545023896181
61789,0.8066596025708395
61790,0.6085289451902177
61791,0.7171398460143689
61792,0.5421182644742942
61793,0.24911530416419864
61794,0.18814166534857188
61795,0.5758114805276984
61796,0.5838184062675867
61797,0.37279096925137034
61798,0.5144985794880523
61799,0.4822438035563449
61800,0.4909267447939696
61801,0.3219165856075554
61802,0.09898532014137733
61803,0.24635322419650285
61804,0.575945648702621
61805,0.15213981826852505
61806,0.47481057541422594
61807,0.28762761718387614
61808,0.6494812109681672
61809,0.7234453111297381
61810,0.2617064689458331
61811,0.7800279222101917
61812,0.37604341022780496
61813,0.5753062831963389
61814,0.4274937592445544
61815,0.5837521584158094
61816,0.37559919299232297
61817,0.19961304597896973
61818,0.2666450446405051
61819,0.7131940755951696
61820,0.7701466847298745
61821,0.4410859551022437
61822,0.5768757209510639
61823,0.4764986688106743
61824,0.09844363551289213
61825,0.5767563034343042
61826,0.6660525232770605
61827,0.8060616991123697
61828,0.6184946637771248
61829,0.5531523950189252
61830,0.271060831823298
61831,0.4072088660745646
61832,0.3795456874619455
61833,0.19781180044046423
61834,0.14006443606559
61835,0.43500568320256894
61836,0.19894098918877406
61837,0.2659773704549224
61838,0.4207319164156263
61839,0.4263660986096559
61840,0.548128095079803
61841,0.1565726508433551
61842,0.22067414091158816
61843,0.41578912440443827
61844,0.24878406255453153
61845,0.4307290901493204
61846,0.29374493431119364
61847,0.2294347175128285
61848,0.4210753330153167
61849,0.5872908567760403
61850,0.47416227642455394
61851,0.4473939387736084
61852,0.13898195888041873
61853,0.5050129537914481
61854,0.34637562894712043
61855,0.5496566783912872
61856,0.5727949495925662
61857,0.5335985962551806
61858,0.3134325896315667
61859,0.3017224507222594
61860,0.41333168492517347
61861,0.6757882701666489
61862,0.7162161634274761
61863,0.13848999372050733
61864,0.6135217222859144
61865,0.19896632904343997
61866,0.6564472221075653
61867,0.35392612214820957
61868,0.396452936919955
61869,0.8175570906209291
61870,0.5966717401344854
61871,0.30258096183726657
61872,0.5409715466133098
61873,0.49360913988210575
61874,0.8157398567887199
61875,0.3852607354928558
61876,0.39583524930713815
61877,0.7850977276680371
61878,0.07263299998647625
61879,0.44432785567161465
61880,0.6704488813734434
61881,0.6412778606304653
61882,0.44335592726256484
61883,0.2961703525732108
61884,0.6442044692112702
61885,0.3478870672933681
61886,0.2776812767304733
61887,0.2434404198474435
61888,0.5830374563811918
61889,0.31447083734292613
61890,0.7843842051000954
61891,0.5020284794728621
61892,0.6491853620238475
61893,0.4701018550744019
61894,0.3728272720978197
61895,0.2540013317495801
61896,0.40106720029063875
61897,0.450017778272205
61898,0.7489302568078064
61899,0.31692134292125274
61900,0.548666709175082
61901,0.11300545248300037
61902,0.27185004427640264
61903,0.13724938708828877
61904,0.4226416120729449
61905,0.49398140026782766
61906,0.2927749892880499
61907,0.4412856888630296
61908,0.44590733907226937
61909,0.5199634972467638
61910,0.35073675883459315
61911,0.37323930796174515
61912,0.6701582856644728
61913,0.3156409846859609
61914,0.4176539840267052
61915,0.3175136651686753
61916,0.40882668862463367
61917,0.34226552161542584
61918,0.7450795254040165
61919,0.8260373723346034
61920,0.4681703032675873
61921,0.6330796935356805
61922,0.3991799924660981
61923,0.7557301652311413
61924,0.25591917651644175
61925,0.6513528050142958
61926,0.6893129868650111
61927,0.16471836616637595
61928,0.7085463379769423
61929,0.45926969927885103
61930,0.20292827262637586
61931,0.500017095095056
61932,0.15514464425233004
61933,0.35475515889570136
61934,0.4411787618713192
61935,0.6145678096191415
61936,0.07721413104663362
61937,0.5989638989942083
61938,0.2819705427441828
61939,0.5317484679956754
61940,0.6260036596021561
61941,0.5663127887261362
61942,0.5945338417530273
61943,0.28340622092997486
61944,0.12845786668906203
61945,0.43653025177561566
61946,0.45880026872547675
61947,0.4373110573284583
61948,0.4279452249006949
61949,0.533950908476558
61950,0.6764703699211022
61951,0.3526164519910012
61952,0.5913504898085848
61953,0.1716193160642692
61954,0.6371477429764493
61955,0.32829036332915945
61956,0.4695982736881036
61957,0.7351300932963433
61958,0.432492882929391
61959,0.2009295610886122
61960,0.07546682536133097
61961,0.6733573020362796
61962,0.5311935836845135
61963,0.20426663400869519
61964,0.16005621178391746
61965,0.8150938873825364
61966,0.25149976817086334
61967,0.8190886542852523
61968,0.6136514540930177
61969,0.16611486145055732
61970,0.5669437512861095
61971,0.3617244508055171
61972,0.6427528886573903
61973,0.14214418786483954
61974,0.536952469810511
61975,0.6817005623546333
61976,0.49635307525160705
61977,0.4940800005086487
61978,0.5138635880891997
61979,0.510430916593598
61980,0.623100568320533
61981,0.15837162547583056
61982,0.43471276275543785
61983,0.35136446471698823
61984,0.5598114851083664
61985,0.10300811342757107
61986,0.11857240547304781
61987,0.4925675494085153
61988,0.11666832423106104
61989,0.43719877691400055
61990,0.6228800708953658
61991,0.24942601197906347
61992,0.46225836843215246
61993,0.27679112597931765
61994,0.727901499563776
61995,0.5303186594945151
61996,0.6690127456099816
61997,0.4143030300940617
61998,0.1967082837563876
61999,0.43552279693138074
62000,0.2121034182343823
62001,0.4089157571802306
62002,0.4277848124656453
62003,0.5477068311532625
62004,0.517904899681343
62005,0.36877560574615126
62006,0.5689168700976533
62007,0.2793354705477611
62008,0.14997112740052015
62009,0.45149347095013864
62010,0.3223061485402382
62011,0.13289615732608864
62012,0.5193944200204985
62013,0.7608110550342178
62014,0.2750765724551857
62015,0.5401666813873993
62016,0.38288767855778083
62017,0.27989460088654333
62018,0.44038259926853923
62019,0.17908795787077372
62020,0.2791598084705066
62021,0.33883881978318553
62022,0.20017243478042507
62023,0.333902074795412
62024,0.42501313031387583
62025,0.45767072825751326
62026,0.24372219593822045
62027,0.47869903457689844
62028,0.22882912666570862
62029,0.42493317425846444
62030,0.44595016682082805
62031,0.5684891204730745
62032,0.4339069347357615
62033,0.32642172595770746
62034,0.5324528173953708
62035,0.5669855948254425
62036,0.44267654699228554
62037,0.36040685991036053
62038,0.487256224136839
62039,0.27963525386768506
62040,0.2846278291513724
62041,0.2431498250387482
62042,0.3822207612092079
62043,0.13232875942408548
62044,0.6539382276782228
62045,0.15356440418201772
62046,0.33244354390198516
62047,0.47931408204631115
62048,0.5507034331081421
62049,0.46886067342985654
62050,0.24048011388481402
62051,0.6356098567556311
62052,0.6177535646731881
62053,0.6565586922003239
62054,0.5734542314766339
62055,0.5694090787286947
62056,0.5762558664362959
62057,0.3411327325249613
62058,0.2968413422122754
62059,0.5220135110785485
62060,0.666268765850728
62061,0.20288125992954464
62062,0.06550813699757743
62063,0.22604656374007417
62064,0.40206864462092545
62065,0.4829458357953531
62066,0.5876718678129013
62067,0.4545289167006738
62068,0.30772323656186085
62069,0.5159562169800113
62070,0.6029246715094291
62071,0.07859426850156113
62072,0.7072988618146203
62073,0.20985949744682575
62074,0.47391815264439774
62075,0.6773238001740569
62076,0.36691298073327716
62077,0.6768606823288252
62078,0.46953009966546105
62079,0.5609871869728436
62080,0.8005425071446796
62081,0.10942626078004308
62082,0.7842869046416396
62083,0.779041055747597
62084,0.42040111433541616
62085,0.47820682416942
62086,0.11192241320453818
62087,0.613705437922211
62088,0.2524919709207673
62089,0.39360692370176903
62090,0.4842931911655593
62091,0.5743469099582367
62092,0.5362715469925485
62093,0.7480109005489828
62094,0.5867738389520665
62095,0.37195716441734855
62096,0.43420335247328445
62097,0.13198280800252332
62098,0.2069200268360245
62099,0.3667018121753752
62100,0.0840461310374395
62101,0.29249512344727474
62102,0.6697065975072206
62103,0.09249189947449805
62104,0.4271203375432146
62105,0.4738006521457868
62106,0.3184450891558535
62107,0.24109166433089424
62108,0.5048548087282504
62109,0.44355639524421303
62110,0.7885053145266516
62111,0.38599791130519095
62112,0.7318815911509781
62113,0.20941777826430377
62114,0.25663049419526146
62115,0.46217659561011304
62116,0.3202429585120558
62117,0.15506915004050723
62118,0.2559927612462447
62119,0.35771565798207433
62120,0.2776605545878387
62121,0.474618872455283
62122,0.7925520215183651
62123,0.45607178480762445
62124,0.4232838692658377
62125,0.4803938257099364
62126,0.29080966299549016
62127,0.7492678236277606
62128,0.5269738625874244
62129,0.26939549899601073
62130,0.45401134292207745
62131,0.3389977470385867
62132,0.6150473042190548
62133,0.5577878703146268
62134,0.14804760954557705
62135,0.5199284253484626
62136,0.1471657650098771
62137,0.6914132734706362
62138,0.4029815753285028
62139,0.6180640150115158
62140,0.4578858887902665
62141,0.5063914426313579
62142,0.3061924412940996
62143,0.6118694910412004
62144,0.5967419912041481
62145,0.49635292190650954
62146,0.4090272944987633
62147,0.800492827327625
62148,0.5842489724889939
62149,0.5935905407085905
62150,0.47460756693492995
62151,0.43786233637303595
62152,0.5640838286834543
62153,0.39954146697599274
62154,0.5358112875590532
62155,0.1819337978753034
62156,0.42462714532715334
62157,0.245837542140232
62158,0.40511009858182
62159,0.37948570063533893
62160,0.1621819847082905
62161,0.3371975264637409
62162,0.2697881475789333
62163,0.3933914588459965
62164,0.5502195448334458
62165,0.46970714397552177
62166,0.6140619604385311
62167,0.17554777289115747
62168,0.28785804305406537
62169,0.37128704225958575
62170,0.40344021008189107
62171,0.22036333182972684
62172,0.4908937577696237
62173,0.2455738088332336
62174,0.30742417249954673
62175,0.10510240876126012
62176,0.5989872321316011
62177,0.46417257334109685
62178,0.12427076231208559
62179,0.3125563494054586
62180,0.40302410931881977
62181,0.658550528923411
62182,0.1309156539161733
62183,0.7685116070420464
62184,0.49707511910814706
62185,0.6240209360987234
62186,0.6029192240725355
62187,0.5653724344428492
62188,0.7773265012136972
62189,0.36312042127298494
62190,0.40808919649168196
62191,0.19347592144901046
62192,0.31822900660237546
62193,0.6272968617236511
62194,0.4121264883841118
62195,0.20486663794875545
62196,0.2571745284898348
62197,0.24638800959709442
62198,0.13121177855762023
62199,0.7643089828904294
62200,0.783099239412638
62201,0.6410778691764777
62202,0.3703092375398016
62203,0.39601698843491945
62204,0.3461692252951801
62205,0.5480813490430183
62206,0.3395124615475398
62207,0.6720796559604647
62208,0.7838658257216176
62209,0.1226008315733178
62210,0.39533683033928774
62211,0.4408087232991514
62212,0.3403978627852068
62213,0.6000341313606181
62214,0.3738102392069977
62215,0.46662516231929235
62216,0.21892293629683499
62217,0.5280859733861974
62218,0.5091334344392158
62219,0.3720020502635813
62220,0.620299805332061
62221,0.6818163634485368
62222,0.5000120666217617
62223,0.7635724989106687
62224,0.6603407634898846
62225,0.566277734394644
62226,0.44725848389908734
62227,0.6694991532255494
62228,0.5428020432663059
62229,0.5927919163077897
62230,0.4973224159945324
62231,0.7088248415521752
62232,0.753418146777495
62233,0.6377960770841533
62234,0.6624281602727513
62235,0.6182087981955144
62236,0.5378983259176272
62237,0.7119478740486429
62238,0.24399326247278105
62239,0.4002480967978938
62240,0.2308463078019466
62241,0.5782726385483417
62242,0.2936742502432492
62243,0.811534054918322
62244,0.6188269839912428
62245,0.36055348835035783
62246,0.4332935563381001
62247,0.14171100794203326
62248,0.8133162821032691
62249,0.7139130694364574
62250,0.26165707675061767
62251,0.5469548933725092
62252,0.5255575687185111
62253,0.5579984057540978
62254,0.2804102927023386
62255,0.33804666116032733
62256,0.518787854840402
62257,0.35177730525694045
62258,0.5515824570498107
62259,0.5440952549643523
62260,0.137352742374954
62261,0.38317008278328557
62262,0.48299798655235565
62263,0.5040461260201434
62264,0.5030290504948389
62265,0.3385690506271122
62266,0.490497236839758
62267,0.469449756632005
62268,0.4257914732074158
62269,0.4320984038567881
62270,0.6124028810653618
62271,0.18784239104386932
62272,0.6639874146066613
62273,0.343766727554032
62274,0.22353326278897415
62275,0.49901961716134247
62276,0.7165079582775289
62277,0.26972640091083855
62278,0.3133585509937357
62279,0.4692253351337366
62280,0.26871956797245
62281,0.5331126660606254
62282,0.3065128566296503
62283,0.28766981579284223
62284,0.26023888505866477
62285,0.35963193872743593
62286,0.40335246553580467
62287,0.20633159132429135
62288,0.19258719407522182
62289,0.6879058523840229
62290,0.26846139515203965
62291,0.14624381911894
62292,0.4426477902535838
62293,0.6793899376204736
62294,0.10112616945472122
62295,0.5165618223432923
62296,0.5289129601826719
62297,0.7567637753659411
62298,0.8266688723025463
62299,0.38720930506456747
62300,0.20872476110104302
62301,0.6360238923176904
62302,0.5927687440058281
62303,0.6098224787201003
62304,0.6329644859322773
62305,0.4382996775533053
62306,0.4542064916438354
62307,0.3488101194850433
62308,0.17197494354324824
62309,0.1294539328692942
62310,0.6339865260946567
62311,0.8095563663243838
62312,0.47951039316622546
62313,0.41691787167153194
62314,0.2848800954666536
62315,0.6385750141621002
62316,0.3256884646483053
62317,0.6739581714587051
62318,0.7666855946644074
62319,0.15200314575461754
62320,0.37731381854990653
62321,0.48297588578770484
62322,0.6727977695505376
62323,0.5370491619900637
62324,0.6058813922656906
62325,0.14717004530255526
62326,0.24889097320999856
62327,0.2629713664823088
62328,0.4008147559342708
62329,0.6261028440735789
62330,0.20336658669724433
62331,0.3356791474149114
62332,0.45440904606177307
62333,0.6753567312172771
62334,0.1164709723491271
62335,0.37833284044529253
62336,0.32295529461024397
62337,0.6019006768648418
62338,0.2913559687991768
62339,0.6449092955596076
62340,0.4355417247500707
62341,0.29061411995018666
62342,0.3861474177806166
62343,0.19492627939154367
62344,0.3893316211224928
62345,0.46254965576615675
62346,0.39060633957933016
62347,0.648399981204698
62348,0.44883461570763483
62349,0.16947083875236596
62350,0.3741091111045841
62351,0.6572972518065936
62352,0.5802920470737165
62353,0.5780518306101615
62354,0.5274280029935704
62355,0.2512257373310826
62356,0.5854902893280324
62357,0.3436535706255961
62358,0.4522690238018745
62359,0.2659344010226199
62360,0.6607265757684975
62361,0.5754576324927538
62362,0.3736297681819661
62363,0.15580529454842473
62364,0.1172430006565397
62365,0.23127606504230902
62366,0.3201328529670371
62367,0.46357737831754653
62368,0.19359556812365342
62369,0.39301420137407145
62370,0.5490477609104759
62371,0.2709086141819237
62372,0.32993391214589
62373,0.6569749571075114
62374,0.32649475942287437
62375,0.36763064354141756
62376,0.47652351860498965
62377,0.21910425581133897
62378,0.19497502999430308
62379,0.3345836005941327
62380,0.7405130412498281
62381,0.5248573538210833
62382,0.32587666295142526
62383,0.28404686648930444
62384,0.6292943937787396
62385,0.5428021241618785
62386,0.5959663535914104
62387,0.7737439951985743
62388,0.6112295183935452
62389,0.585261484777232
62390,0.3853617430483547
62391,0.411425491324678
62392,0.6138718540266614
62393,0.6513850101743264
62394,0.5450860597419813
62395,0.3238255981205604
62396,0.6494069441382613
62397,0.42444510521642315
62398,0.3254724791142284
62399,0.77001224675955
62400,0.4522254561926748
62401,0.29057634379841696
62402,0.6602032773034039
62403,0.6745059096172771
62404,0.27459015109835994
62405,0.09656526650879577
62406,0.5153306873895313
62407,0.11428622563026797
62408,0.4506656229601773
62409,0.5689818582964447
62410,0.5287209763623671
62411,0.7819970424349632
62412,0.8465383359305484
62413,0.454958836876596
62414,0.6024501935108659
62415,0.380963808084955
62416,0.3580207633095909
62417,0.8497907491547187
62418,0.5856032662929044
62419,0.683246559285058
62420,0.4880561601265989
62421,0.4575279101413293
62422,0.48927299343765834
62423,0.6347588815468689
62424,0.21771031116581807
62425,0.4234906239620066
62426,0.3738817081928673
62427,0.5455466402368147
62428,0.4147516498802478
62429,0.5031625451129864
62430,0.16942495732239043
62431,0.2492069913826093
62432,0.28255588779570706
62433,0.4469835338785103
62434,0.22770415747840955
62435,0.21052355932986117
62436,0.29841559682109253
62437,0.5533642274284305
62438,0.5160194569720266
62439,0.5772795128440888
62440,0.356910588155995
62441,0.6415652622263903
62442,0.5985789233574687
62443,0.3027740149048154
62444,0.4936583278328164
62445,0.28375362986799135
62446,0.3612183105434463
62447,0.7673318927367734
62448,0.2660336220306113
62449,0.13084480826221892
62450,0.2528159360137224
62451,0.12246883087743692
62452,0.4143866290985979
62453,0.5422389980658159
62454,0.6979469803857905
62455,0.40796001985450664
62456,0.21388586879267957
62457,0.7232878774539281
62458,0.22613098135137316
62459,0.5787925476397827
62460,0.40757725020495583
62461,0.39507675524538105
62462,0.42519021707617016
62463,0.5676216784253182
62464,0.42980597597237097
62465,0.3483139562825083
62466,0.3713369728378988
62467,0.4065999684102316
62468,0.13220441738179317
62469,0.4978923501517628
62470,0.2950058440253736
62471,0.5914205216286075
62472,0.5477022938957161
62473,0.33224106900095185
62474,0.48204677968442033
62475,0.13012582036461914
62476,0.47947345017918797
62477,0.24460767903467442
62478,0.5589073902839513
62479,0.7419453249904113
62480,0.15977476368081317
62481,0.13090710046457263
62482,0.831390116663648
62483,0.6325488931936667
62484,0.34549408590997305
62485,0.17078672995572286
62486,0.3059325698004598
62487,0.5568501145830638
62488,0.40896031931282334
62489,0.3864256300799612
62490,0.6470243540432902
62491,0.33190293616521166
62492,0.26433040057787377
62493,0.4874526797152498
62494,0.5023670047734188
62495,0.08488548635734136
62496,0.11027284160984047
62497,0.2737628023867985
62498,0.3139684759379305
62499,0.634012216636252
62500,0.44499533532287044
62501,0.48777052803476306
62502,0.6236227333325849
62503,0.5706152815184906
62504,0.227063850217104
62505,0.36909998193181426
62506,0.15417291433957916
62507,0.5190348669420833
62508,0.30374077782391007
62509,0.2173633636617387
62510,0.11115821300725193
62511,0.54146226695958
62512,0.404132102891048
62513,0.12217590323532007
62514,0.1863628890749703
62515,0.17772516416385478
62516,0.16596719360848566
62517,0.2421502102972741
62518,0.7142083292291013
62519,0.28504109173310344
62520,0.30783747770691144
62521,0.8041019636596993
62522,0.48953115855258367
62523,0.6488088225855676
62524,0.3092524162725562
62525,0.5107602193957848
62526,0.21583638760341625
62527,0.42078938625468537
62528,0.1821846209930496
62529,0.10512582044567009
62530,0.11467875942653938
62531,0.5607434885173584
62532,0.6771866163778083
62533,0.36241743550770233
62534,0.3996280805585058
62535,0.44198439856418326
62536,0.29815572832292137
62537,0.3231240714137853
62538,0.7518792825711926
62539,0.6215148959730645
62540,0.48346422296995584
62541,0.31651905567471067
62542,0.6967900770591213
62543,0.4222807651372622
62544,0.691252833240602
62545,0.20946273779081678
62546,0.1735774135819418
62547,0.49581515676812116
62548,0.38541723731674155
62549,0.7586604091407638
62550,0.7310983820368889
62551,0.48477056712804745
62552,0.7017933074322363
62553,0.6208015660805849
62554,0.5711572944314329
62555,0.5973567235154251
62556,0.6264668704256052
62557,0.20665582569939975
62558,0.5264784453481461
62559,0.1556768485629952
62560,0.6134299389984676
62561,0.6459107202882205
62562,0.37174852495061694
62563,0.5487029785335137
62564,0.6241791409302698
62565,0.5173004636636612
62566,0.46481527144053997
62567,0.5357897662877222
62568,0.5898835134516986
62569,0.576053207719397
62570,0.5203457712267381
62571,0.5618481930795605
62572,0.6551536849826193
62573,0.5693217865392886
62574,0.5274044918580795
62575,0.18218879608977379
62576,0.5833317392787764
62577,0.3856770811883007
62578,0.5684695730983307
62579,0.36664006904155616
62580,0.3660556733138333
62581,0.6251429560854247
62582,0.6517676499859263
62583,0.4161501848343438
62584,0.613648979514007
62585,0.49935360698575687
62586,0.35137973528449373
62587,0.2969609859916177
62588,0.18178389334200873
62589,0.5284641055958326
62590,0.7238024839749936
62591,0.5896527447994593
62592,0.33952563626471854
62593,0.5151105536824012
62594,0.3746195958830231
62595,0.09378954483651741
62596,0.44565237768890703
62597,0.3185621806966144
62598,0.2618713906844141
62599,0.8307029508683361
62600,0.5108867928278081
62601,0.19730248171181886
62602,0.3666774862711469
62603,0.3003195475275199
62604,0.19206915743054268
62605,0.6556865347925068
62606,0.09129666706449743
62607,0.4035179224886027
62608,0.7834927282276192
62609,0.34540731846146544
62610,0.23284502115842942
62611,0.29523706294712293
62612,0.46505903989987346
62613,0.4579265909907999
62614,0.1393362081523396
62615,0.2339898221232766
62616,0.4580967984404531
62617,0.1415779865427656
62618,0.37653027559749275
62619,0.22958131877123256
62620,0.5709038182216212
62621,0.49272483650151355
62622,0.4752818689802643
62623,0.4776488122492152
62624,0.2578243233048536
62625,0.22871563592970773
62626,0.49370026591402977
62627,0.6664727202571856
62628,0.306822880343599
62629,0.4160836295597096
62630,0.13026229175925996
62631,0.39039221779833627
62632,0.5637050134222275
62633,0.6129011760476646
62634,0.615036807879102
62635,0.18937026323379477
62636,0.7953111831214567
62637,0.6304479668783168
62638,0.6301370823975874
62639,0.26906669662621124
62640,0.7504212705981387
62641,0.4910750220596601
62642,0.6617641118088607
62643,0.20961099295128852
62644,0.5770988851088836
62645,0.2137782905104437
62646,0.1304945183774441
62647,0.38581248878890373
62648,0.15308982445338012
62649,0.24732899824072951
62650,0.32677763718510716
62651,0.5771372081435913
62652,0.5812642617222261
62653,0.201420636624605
62654,0.3128350122980135
62655,0.5886670227358017
62656,0.6712459646222051
62657,0.58560709151845
62658,0.3298132509705501
62659,0.47907342551422766
62660,0.32210886441817116
62661,0.8270558974440066
62662,0.5142582304302472
62663,0.29598996748265555
62664,0.6831079881669156
62665,0.3611965215408751
62666,0.5055798427546787
62667,0.625268764086182
62668,0.24200636668721917
62669,0.6090055212000067
62670,0.2125134903354196
62671,0.39148083148903184
62672,0.5243113451425907
62673,0.29753352139256506
62674,0.7051106043230162
62675,0.4781665034980634
62676,0.5679714626691746
62677,0.191979423162893
62678,0.55533085085662
62679,0.5157688876116387
62680,0.1464395260786179
62681,0.29686478709019576
62682,0.21293783372852731
62683,0.28674868131455217
62684,0.6594880567070545
62685,0.2209426653391545
62686,0.3088940524304013
62687,0.42981550689332637
62688,0.5446121764305919
62689,0.5731726432336731
62690,0.2601653959419767
62691,0.42084440177841026
62692,0.515298847391119
62693,0.3705998904885525
62694,0.6999835162689364
62695,0.3899303133342247
62696,0.6368818379402659
62697,0.5410450135292387
62698,0.44304795964742677
62699,0.697151304747679
62700,0.10336215868342354
62701,0.5288821113224675
62702,0.48310288414430025
62703,0.7377681327682147
62704,0.6529988162719647
62705,0.36449875756494843
62706,0.23186955800413198
62707,0.6613958025419924
62708,0.8055650303769618
62709,0.517663885752664
62710,0.5226647114698357
62711,0.42903018283863176
62712,0.6420434165302386
62713,0.31035326518814005
62714,0.5515658902774053
62715,0.4205225825384701
62716,0.13952154399368097
62717,0.5895339431101932
62718,0.59214404287162
62719,0.4000530444351201
62720,0.7674692390696652
62721,0.5067218575285184
62722,0.41546045886205557
62723,0.6007295212509579
62724,0.48678930878743415
62725,0.3155910730675085
62726,0.21523553662281295
62727,0.16828736266516375
62728,0.6286905656193948
62729,0.26580298252507734
62730,0.1534753571564668
62731,0.49992432656574454
62732,0.3563414511335708
62733,0.32889142018898626
62734,0.7207968606248404
62735,0.48925607947986066
62736,0.17218267015784675
62737,0.7410351149479162
62738,0.561041961770247
62739,0.5187457294058494
62740,0.5298809777796392
62741,0.43684934747574117
62742,0.7816397723002304
62743,0.2262458072907068
62744,0.8199949919664595
62745,0.5374720854356534
62746,0.568734476838427
62747,0.23041784761208106
62748,0.08649864423000894
62749,0.7600490946523081
62750,0.3307430546661201
62751,0.6244438711715613
62752,0.2870451975499959
62753,0.4897390774390708
62754,0.3927871970427206
62755,0.6101137148721872
62756,0.369513689655485
62757,0.14614566978795468
62758,0.5155745498994473
62759,0.4449812574722561
62760,0.5809726511608747
62761,0.7934752621181023
62762,0.5984311565417926
62763,0.7760936240600079
62764,0.5162327038278358
62765,0.20357667191758802
62766,0.37864681914041726
62767,0.36737107369823113
62768,0.5080955840161426
62769,0.3198309593391385
62770,0.3910651037005011
62771,0.3294079669919961
62772,0.2532598949376003
62773,0.3831117642542193
62774,0.22637738235165283
62775,0.7189840802114754
62776,0.7078193586712673
62777,0.6501782146181979
62778,0.1556848935199071
62779,0.5039360854459927
62780,0.15392117911177522
62781,0.5753993904046409
62782,0.4464570631970209
62783,0.20526732276877305
62784,0.738512384263965
62785,0.5606960145738823
62786,0.6108038198641601
62787,0.5141633536051832
62788,0.3387440967759256
62789,0.36494271544303913
62790,0.3714658475297679
62791,0.5510117408947571
62792,0.42182443064647607
62793,0.4096891462533198
62794,0.5708436286981579
62795,0.21313595356755616
62796,0.48091352944529303
62797,0.20465555327834947
62798,0.6320852704860799
62799,0.2210358987220346
62800,0.5732872439630927
62801,0.5155374840057616
62802,0.604667686924521
62803,0.38546551236999854
62804,0.3075039025359866
62805,0.14525453935868454
62806,0.2556081021821835
62807,0.45216524911684175
62808,0.6635606557707983
62809,0.5802055734109938
62810,0.5647331136330508
62811,0.47893765619541523
62812,0.6287337964868411
62813,0.45807897512240114
62814,0.38219199682091964
62815,0.33406506392276475
62816,0.25579266857522015
62817,0.6281560604726257
62818,0.38582749611024225
62819,0.504137615081898
62820,0.6222799571601147
62821,0.0906761535559581
62822,0.628393810237717
62823,0.3763093115322669
62824,0.19644232474701884
62825,0.7534978668182752
62826,0.43218484984737726
62827,0.4885490220860021
62828,0.5180812081406138
62829,0.3231642343887835
62830,0.5421949342053441
62831,0.4280210933942635
62832,0.7710630241012872
62833,0.2301636265626372
62834,0.5522537465479735
62835,0.66235439107757
62836,0.6245467835929129
62837,0.46455448986625447
62838,0.0884912197416439
62839,0.5072664538739695
62840,0.1567797704476575
62841,0.15569363944098796
62842,0.36118302339177344
62843,0.49354833760991745
62844,0.3269290005898793
62845,0.555884350587152
62846,0.2735598336455027
62847,0.4420057715968965
62848,0.44647240384186226
62849,0.2596093638479986
62850,0.32554030115214994
62851,0.6306646694815433
62852,0.37843070040438165
62853,0.5165964265439318
62854,0.4679339889655678
62855,0.5109692165655736
62856,0.384339026294533
62857,0.48063167894038905
62858,0.7567237272673429
62859,0.6258610815278673
62860,0.5140225470960051
62861,0.29201409996075584
62862,0.4805854163733747
62863,0.502430868395798
62864,0.6112358057988022
62865,0.6079969984949017
62866,0.6269604406214759
62867,0.15090921399153398
62868,0.2117950290556862
62869,0.2965104992515497
62870,0.6518221137489486
62871,0.32656382597624395
62872,0.3437103398608212
62873,0.5702208136606891
62874,0.21233747834286357
62875,0.6230422997707346
62876,0.5112131486557948
62877,0.1447896195890372
62878,0.12164713739270298
62879,0.5631341308429306
62880,0.6822447227405163
62881,0.42676353896736685
62882,0.5461293329934955
62883,0.5008061290608646
62884,0.21890825080260115
62885,0.26533416156124723
62886,0.5548251439872287
62887,0.48198696088628645
62888,0.20408422271781892
62889,0.25860538231689884
62890,0.10443222991007411
62891,0.13607055743593577
62892,0.1505946809970582
62893,0.47983577359162416
62894,0.5617937646389598
62895,0.1946175534291594
62896,0.3691382543139406
62897,0.3768708576738044
62898,0.6904866530181544
62899,0.5349603609847942
62900,0.7154559031114855
62901,0.7671136660403024
62902,0.393472690237567
62903,0.7656412291508438
62904,0.40889964965901093
62905,0.44374756761837975
62906,0.37685842647963597
62907,0.6787888071598808
62908,0.6212426866099314
62909,0.1844399491579656
62910,0.2104312699262712
62911,0.17457148870563866
62912,0.6556937286632629
62913,0.5435448416268933
62914,0.5846000962645782
62915,0.4711896400628873
62916,0.5849846106152858
62917,0.08523443386439726
62918,0.2552498562669023
62919,0.5585265613915236
62920,0.10296471227651902
62921,0.37250275715429193
62922,0.38649021265047645
62923,0.41590155736848966
62924,0.6708868405777376
62925,0.5398121576462689
62926,0.5112212007189044
62927,0.3145173806679596
62928,0.5718975227892293
62929,0.3903166158037834
62930,0.2027376840465477
62931,0.18741646392279615
62932,0.48555531164233356
62933,0.37333684786844307
62934,0.5737381163934661
62935,0.5255936328841564
62936,0.6342634194963281
62937,0.4955620512723287
62938,0.6172902753014731
62939,0.3083885873092542
62940,0.6411864079448597
62941,0.5120866806493112
62942,0.6925972020258313
62943,0.2462891586257565
62944,0.36125724677104565
62945,0.6674529392948504
62946,0.2870771249573762
62947,0.5037188940800288
62948,0.261278402022962
62949,0.33890313595086974
62950,0.4826146495947431
62951,0.6718706758500251
62952,0.5494283341016821
62953,0.2715423745475708
62954,0.24669819415574273
62955,0.3507962522768249
62956,0.6786402458267285
62957,0.6195245466325079
62958,0.1890337231601513
62959,0.20519366394535404
62960,0.2432632670921496
62961,0.6077287357185559
62962,0.49052163412301325
62963,0.7031227428529292
62964,0.23610090725508612
62965,0.4150919199952949
62966,0.5102198141479004
62967,0.7276124201545427
62968,0.3587547038857259
62969,0.4091565080953252
62970,0.5372155025374362
62971,0.3405212136222937
62972,0.5411405229059415
62973,0.3497401140638794
62974,0.10004679810122215
62975,0.4574132725730072
62976,0.3980875486663476
62977,0.5962199809607529
62978,0.757449452448897
62979,0.04823410318122146
62980,0.4738529225433003
62981,0.5694387686305756
62982,0.7333764476197667
62983,0.4909692874110027
62984,0.4595143981358398
62985,0.3601021367270961
62986,0.6677063017275129
62987,0.7659100771378601
62988,0.5598887990767364
62989,0.38820071537653816
62990,0.6006970140837156
62991,0.3252323174360745
62992,0.2906729640527213
62993,0.20257031533138617
62994,0.2816236872932573
62995,0.4304618367770414
62996,0.12874836131665554
62997,0.6375379484993756
62998,0.3455299295362343
62999,0.5235443605350597
63000,0.3566708456515843
63001,0.5065524649512035
63002,0.42113244665956445
63003,0.5548488030717279
63004,0.5088364018477551
63005,0.1889768781750515
63006,0.22204486366631554
63007,0.2442686948176981
63008,0.5390838033332882
63009,0.6963297298149104
63010,0.22895001373665141
63011,0.16602359442025486
63012,0.6601331701785388
63013,0.4075030897557147
63014,0.30239863716544263
63015,0.34552179838305475
63016,0.3407509596326738
63017,0.11821102367283527
63018,0.5228212768679913
63019,0.7866445027077031
63020,0.4034429412750071
63021,0.4885860532631029
63022,0.4978163029713948
63023,0.6237062431842778
63024,0.610547400479078
63025,0.29988020196990706
63026,0.12673353638488769
63027,0.600077939171902
63028,0.2711028860711314
63029,0.6272775982787728
63030,0.412792081244006
63031,0.16578915664358493
63032,0.5748273639191621
63033,0.5842060843982214
63034,0.711242092149139
63035,0.4249960957631703
63036,0.3341619359673669
63037,0.18770045087115658
63038,0.1737170996023616
63039,0.6173386859584263
63040,0.49582382052478313
63041,0.5823282585717474
63042,0.1895125934243901
63043,0.3248885584483996
63044,0.48173505736446437
63045,0.471685940575613
63046,0.2907534518387278
63047,0.5572249424289653
63048,0.7730252094565143
63049,0.7086931443159217
63050,0.40240558936976706
63051,0.26082023754708983
63052,0.4921104026506702
63053,0.3842160220295563
63054,0.15128616384278876
63055,0.353349803037328
63056,0.7588698016772539
63057,0.47627345917491304
63058,0.45578795530436383
63059,0.5655381014611042
63060,0.25244255175535324
63061,0.7051880194280034
63062,0.4633931381647455
63063,0.19142516489541087
63064,0.6071674123272215
63065,0.44563854958850707
63066,0.49589890454429175
63067,0.7794607421132876
63068,0.5522103922056405
63069,0.5562030058482327
63070,0.6634210225244612
63071,0.13166697290027096
63072,0.2182573996862568
63073,0.11981643534845697
63074,0.23251328755408687
63075,0.7016346524653738
63076,0.7664529265353757
63077,0.7223549324830607
63078,0.2548486535967855
63079,0.38762202518774075
63080,0.32926837665814085
63081,0.5022899119500782
63082,0.8049473678520007
63083,0.29124826910379137
63084,0.5900108875916773
63085,0.7537970504076197
63086,0.5635175836673739
63087,0.21884440025104743
63088,0.6173210342577571
63089,0.6898576202998714
63090,0.11006022279602207
63091,0.4885919480171796
63092,0.26815134615966246
63093,0.5926505478237529
63094,0.3269716352899337
63095,0.2218578715786962
63096,0.4932249328053951
63097,0.4354564200593725
63098,0.38771483667045803
63099,0.36158294568674765
63100,0.5945324327087946
63101,0.7732163969439936
63102,0.09298485577489977
63103,0.19374671113176045
63104,0.12371271570004409
63105,0.619815665975988
63106,0.586086523001964
63107,0.27379454328527447
63108,0.15117850391860457
63109,0.4726738116178123
63110,0.5066839883625105
63111,0.5771426318421234
63112,0.4255689530428437
63113,0.5364920877025687
63114,0.5257383922897088
63115,0.6855417995138013
63116,0.6763908804163479
63117,0.29630084102364984
63118,0.5972184882739063
63119,0.7225068166768824
63120,0.39594724554902433
63121,0.227431152124171
63122,0.6392203117861486
63123,0.18002332347950353
63124,0.42268054314553705
63125,0.26263080349021306
63126,0.563090702067032
63127,0.1789506125110009
63128,0.5395233607784095
63129,0.261487729636215
63130,0.5607462930897573
63131,0.3036146339497578
63132,0.2461331786918658
63133,0.4972075380552994
63134,0.4619803863837267
63135,0.4510946865310721
63136,0.5023513256551771
63137,0.6280012159246582
63138,0.5877205593293716
63139,0.536812706816745
63140,0.5229471733277535
63141,0.20117262490491924
63142,0.21743087011230974
63143,0.1553188591887536
63144,0.3866372896735719
63145,0.6877980018680641
63146,0.2578603322477846
63147,0.3919552291532456
63148,0.6443658499747368
63149,0.4674217575116354
63150,0.5009164482285379
63151,0.5492474031140985
63152,0.47449749648727235
63153,0.49850122525862417
63154,0.5477929124129645
63155,0.47590904772402565
63156,0.3047622748780395
63157,0.3072981610033948
63158,0.47300675066766046
63159,0.510853748850175
63160,0.5648083911226955
63161,0.4793126581766341
63162,0.4097560730180384
63163,0.48632122791916615
63164,0.49965954613425545
63165,0.6207486100746861
63166,0.4934118326872427
63167,0.5384174267766877
63168,0.40788181527649203
63169,0.5297178990519092
63170,0.5265609787797465
63171,0.5234412749475629
63172,0.39856063699730043
63173,0.443089068087037
63174,0.42891472425265725
63175,0.47635231244520077
63176,0.5129213567045148
63177,0.41310188244094465
63178,0.5301994580396101
63179,0.4977330429944912
63180,0.512040740983126
63181,0.5197772611314722
63182,0.48835760154690844
63183,0.43959856155795995
63184,0.4308415670713991
63185,0.3838036663416306
63186,0.5090810889199835
63187,0.5077674216612562
63188,0.5191321399028186
63189,0.5450906370473608
63190,0.4805581038007029
63191,0.5367804834320754
63192,0.42444525754963297
63193,0.40447697545112105
63194,0.5250911038695792
63195,0.40764165066466573
63196,0.8531476145533932
63197,0.5528933025981824
63198,0.5334916289387023
63199,0.46586821715647875
63200,0.5072076721522769
63201,0.5333584428536293
63202,0.38507750818861625
63203,0.5608452642544568
63204,0.6113385302932435
63205,0.5113384920265003
63206,0.5071587363455352
63207,0.519287315716471
63208,0.5487044643383736
63209,0.5197249862779639
63210,0.4905816654253567
63211,0.416575285747312
63212,0.42533336940520305
63213,0.5505640894533161
63214,0.5385478453924737
63215,0.5652806681445677
63216,0.35660827658989214
63217,0.4457575569656395
63218,0.38946441730714904
63219,0.46791680522829165
63220,0.5075891285182954
63221,0.5463237828833001
63222,0.3643527509752499
63223,0.5641944291002973
63224,0.3699414616144354
63225,0.5149761951478743
63226,0.4415822406711425
63227,0.5054023030513946
63228,0.3683263842152347
63229,0.600074164988085
63230,0.5655135239222294
63231,0.44784718112529237
63232,0.5351904209042964
63233,0.4094442118605913
63234,0.5424201385710766
63235,0.510996058780211
63236,0.46092929196236365
63237,0.36587973395639517
63238,0.5211319953718512
63239,0.5828687414935815
63240,0.683318224234973
63241,0.5062348297353687
63242,0.5663400576812135
63243,0.5200556231517119
63244,0.4261511092176512
63245,0.4403279260067246
63246,0.43326328457059493
63247,0.38414128678478576
63248,0.47929353454154433
63249,0.477606006935767
63250,0.43906788967605
63251,0.5334997515652087
63252,0.40790772817430837
63253,0.5073361252591105
63254,0.8634608244800787
63255,0.5105155184285247
63256,0.5854703079925452
63257,0.26799369594116773
63258,0.4529012829767092
63259,0.7400118783458459
63260,0.5626221103670882
63261,0.7558109019311465
63262,0.5047054205019009
63263,0.5213401817484576
63264,0.5219156464398509
63265,0.4922813755585391
63266,0.5539618261695042
63267,0.34678832254398706
63268,0.5716129560570091
63269,0.5486598173313079
63270,0.5175503304625418
63271,0.43657544679945615
63272,0.44631622856844994
63273,0.52025358532406
63274,0.5564150369612927
63275,0.27605245219986935
63276,0.5479614140153458
63277,0.5440301352350286
63278,0.462385807499252
63279,0.395136966696748
63280,0.43074060059603475
63281,0.5051042579335779
63282,0.4472164907975149
63283,0.3006374097013697
63284,0.4306398078998318
63285,0.4559771877324908
63286,0.43671535409614126
63287,0.5445775413695151
63288,0.3947037345928308
63289,0.5750280829750849
63290,0.5429530745037737
63291,0.4028814540302989
63292,0.5153777282585539
63293,0.4132263775759292
63294,0.38862683044561913
63295,0.5534959071702659
63296,0.28416282839388757
63297,0.49509999651109027
63298,0.27177792816650104
63299,0.41180187042463584
63300,0.4571112455034596
63301,0.413392813851785
63302,0.5730366402650547
63303,0.5457726307436402
63304,0.37620365834616926
63305,0.3672609931817666
63306,0.36643838372957466
63307,0.5177681435486583
63308,0.4685449217918921
63309,0.5234935586111717
63310,0.43428406279581855
63311,0.38079257732058974
63312,0.48451447787039137
63313,0.4055915907918897
63314,0.39822852165793915
63315,0.5157208017128685
63316,0.4397767543381837
63317,0.5310651049604718
63318,0.5138365705123711
63319,0.3172393412511417
63320,0.4466392339429157
63321,0.5550999318900349
63322,0.557094244635174
63323,0.4216746105178884
63324,0.4660746940037643
63325,0.4643424607154402
63326,0.34667292752599455
63327,0.4277981577411769
63328,0.5367178421561758
63329,0.38522539741378664
63330,0.5129270170984084
63331,0.3642613132090581
63332,0.5245302309953344
63333,0.39433646258679533
63334,0.43050930655242337
63335,0.538466603789903
63336,0.45172155847369583
63337,0.4378778552093318
63338,0.5147718762472436
63339,0.1844745297165171
63340,0.42074619491341386
63341,0.5179436175948243
63342,0.5054406061719511
63343,0.554629746133961
63344,0.4294050350689536
63345,0.43360870493897885
63346,0.5051629627105364
63347,0.5222355597702131
63348,0.37673837725839493
63349,0.5508544526009316
63350,0.2541724839602435
63351,0.4664028438882651
63352,0.48651091299001187
63353,0.398749360472585
63354,0.43910592197354764
63355,0.8026839928124685
63356,0.494504194105435
63357,0.4456073085560261
63358,0.4597267434753109
63359,0.4917068292329266
63360,0.505732789726051
63361,0.24779661870542385
63362,0.6075317531510199
63363,0.4529374051990529
63364,0.43864646213552644
63365,0.45228611746642305
63366,0.4380096779767914
63367,0.5450131092724079
63368,0.2906411680193277
63369,0.43127397789183586
63370,0.541509064239803
63371,0.42666217484197866
63372,0.39301554582897924
63373,0.42847453867801133
63374,0.5467747704560173
63375,0.4274997100237479
63376,0.4955725345009762
63377,0.4219282351702933
63378,0.5263338366478602
63379,0.35686007794560726
63380,0.5572956846628009
63381,0.5545556874967905
63382,0.5597773618561331
63383,0.29679675187838317
63384,0.541080415544391
63385,0.31507625681698775
63386,0.4402073161194189
63387,0.43197577829453165
63388,0.34294759451062
63389,0.5256418413176576
63390,0.5508478569745594
63391,0.515233128909042
63392,0.49405995293185345
63393,0.5235180780748288
63394,0.5707021144732738
63395,0.5459229184865696
63396,0.38611806022405654
63397,0.4450051571307522
63398,0.5458943010338063
63399,0.5561339379214562
63400,0.5666263129266126
63401,0.5559241104460829
63402,0.42407027460532015
63403,0.46586193357844535
63404,0.49379364043320106
63405,0.45303416211755637
63406,0.48795236262374414
63407,0.4186841861943734
63408,0.5277710287884365
63409,0.41199379760255683
63410,0.5213282596742542
63411,0.5197560658374153
63412,0.5871235140443266
63413,0.3620880643394088
63414,0.5193380046536182
63415,0.4290735306451327
63416,0.5478952136398567
63417,0.3962293509391207
63418,0.36703668307376675
63419,0.5427595177577521
63420,0.4966598507621732
63421,0.44646232102906547
63422,0.5151729876887151
63423,0.3923351229191739
63424,0.44103524245930037
63425,0.5594180928659531
63426,0.42442349492562637
63427,0.5449587476169448
63428,0.4818134896807261
63429,0.38535455670905056
63430,0.5175233951628924
63431,0.5379529970501168
63432,0.4932926291998417
63433,0.4195885842845115
63434,0.47066173804323896
63435,0.4901970771697449
63436,0.5236215798444609
63437,0.501677053246384
63438,0.5282841249170254
63439,0.5104288471427946
63440,0.4088193153113391
63441,0.558223289129421
63442,0.36782157245533653
63443,0.5503329385773846
63444,0.49475002641947335
63445,0.5267539051048332
63446,0.5525562999714728
63447,0.48859109782001203
63448,0.42927973055575575
63449,0.5756568589833283
63450,0.5371656560708724
63451,0.5493724268694435
63452,0.8248400854023323
63453,0.8285716773490377
63454,0.532070411819092
63455,0.5225206533842971
63456,0.42155089208176144
63457,0.5470627465364536
63458,0.4551732530379104
63459,0.506042306479143
63460,0.5334268520844103
63461,0.5530229302997935
63462,0.5337248522159861
63463,0.3656190068719071
63464,0.4640738404671163
63465,0.5239428132869081
63466,0.4894884931775119
63467,0.747289847504607
63468,0.4857040383017811
63469,0.5330390621539788
63470,0.4095244264202255
63471,0.5483593455212934
63472,0.5584419598664322
63473,0.5406930069836767
63474,0.2652213565270417
63475,0.434650073163509
63476,0.38812084530915597
63477,0.5437182166660365
63478,0.5374324933876827
63479,0.5148020148956242
63480,0.2666234308396388
63481,0.45628732059641136
63482,0.5157089547536362
63483,0.45652106581410273
63484,0.4948580015879069
63485,0.5042746510735203
63486,0.44844212822317564
63487,0.47917045434422134
63488,0.5485446934984611
63489,0.5378977321857111
63490,0.5546481223426534
63491,0.39995471372568514
63492,0.45594882901355693
63493,0.4966363758794519
63494,0.5065154171274374
63495,0.5262304461560332
63496,0.5253735007611952
63497,0.5111057065303675
63498,0.26653552561951477
63499,0.5028204033004134
63500,0.5542327460502064
63501,0.7283926808303047
63502,0.5049092285497654
63503,0.4133629211257119
63504,0.5546485378544757
63505,0.4775732233830532
63506,0.5000814504048774
63507,0.4380152152988449
63508,0.4450003460681361
63509,0.5368775037861544
63510,0.48929582970573765
63511,0.5174476128810223
63512,0.445423587472671
63513,0.36995872645358124
63514,0.5257805579119696
63515,0.45712157342225307
63516,0.5094461770865182
63517,0.5155131649644482
63518,0.4726654187578984
63519,0.4573933742839862
63520,0.4549316535927702
63521,0.40342786849646245
63522,0.49709812610480586
63523,0.3755840953153591
63524,0.5555604657524572
63525,0.5179586294592522
63526,0.4655390782522997
63527,0.4947365875492494
63528,0.5036617565545511
63529,0.48615974325915307
63530,0.8717256653783646
63531,0.5449958336785742
63532,0.47132901814949
63533,0.49531034304913935
63534,0.5374918367738725
63535,0.5515577479957674
63536,0.4032409460361936
63537,0.46761191112539324
63538,0.5174499885124295
63539,0.3972435003254502
63540,0.41892633005184315
63541,0.570063604714159
63542,0.44994940637960606
63543,0.39923995620635483
63544,0.4491909153048731
63545,0.4500721076049788
63546,0.5754218873791741
63547,0.5576744533321104
63548,0.4856899268922959
63549,0.4682036017657628
63550,0.4990959611131486
63551,0.5393051123020449
63552,0.34841196211214687
63553,0.4675427830779144
63554,0.36687398860152953
63555,0.5489724017599945
63556,0.44701093375890544
63557,0.48900891831309395
63558,0.46543550163208286
63559,0.8692019235686541
63560,0.45315055968728213
63561,0.46113507158474526
63562,0.5451371255417513
63563,0.4337035389117321
63564,0.2760536840278021
63565,0.5430094194850563
63566,0.5262524235463899
63567,0.5296508230969537
63568,0.48742291741086274
63569,0.4774791666478073
63570,0.4794742049287988
63571,0.4110197662009867
63572,0.5704470315249259
63573,0.5658798995693871
63574,0.8271762019061291
63575,0.5125500224809215
63576,0.4237945695141918
63577,0.5666899161526509
63578,0.5333228808039844
63579,0.432664717821291
63580,0.4279309763602688
63581,0.4902836276259539
63582,0.5124119947807377
63583,0.5517767325325699
63584,0.40148317247831544
63585,0.2505365444260031
63586,0.37611353177841905
63587,0.5037117506866258
63588,0.5493177447093027
63589,0.2946206187849418
63590,0.4928896539722435
63591,0.5490742449081721
63592,0.5407241802613424
63593,0.8165073169839399
63594,0.45117946043693885
63595,0.5303234002225278
63596,0.5069720494616411
63597,0.38776314996941746
63598,0.5259588438233512
63599,0.3947089028518937
63600,0.5281782039512093
63601,0.3991226844247206
63602,0.4225991405981236
63603,0.464181085759982
63604,0.5597155197011288
63605,0.30626653284400424
63606,0.5355286812829142
63607,0.4229795029053866
63608,0.366281401949661
63609,0.5357042561216921
63610,0.5282028870936544
63611,0.4503705080377073
63612,0.3669746455988335
63613,0.8550689406818204
63614,0.42011585850085154
63615,0.3635435432218412
63616,0.518218010537068
63617,0.4309201201996233
63618,0.2944156279933215
63619,0.4307021107577916
63620,0.4370004936665852
63621,0.559469827728964
63622,0.5282366498365983
63623,0.4984891200567508
63624,0.45288801247029475
63625,0.5217997317781011
63626,0.5177252451470227
63627,0.48771594354769204
63628,0.4348589379567622
63629,0.49479324646280504
63630,0.2376526586664028
63631,0.3902030914389622
63632,0.4550807909511172
63633,0.5101787846566833
63634,0.43847675740643965
63635,0.5482437482682556
63636,0.3537335696943714
63637,0.517593947315074
63638,0.29987919910731203
63639,0.5254209631524829
63640,0.5085373442978801
63641,0.5467633295556099
63642,0.31243204002598557
63643,0.36926367650898095
63644,0.40623645126235475
63645,0.4260017603291641
63646,0.3911524139835044
63647,0.5801074539437375
63648,0.4928362557140661
63649,0.4987500797890774
63650,0.5002229702211856
63651,0.41644858419607345
63652,0.4903879268056222
63653,0.5633786779974398
63654,0.4013600639755156
63655,0.42300365705445364
63656,0.5468848975721806
63657,0.5320675874264355
63658,0.5501742490636697
63659,0.43592132167989445
63660,0.5880278623869443
63661,0.4389931932635572
63662,0.43673105820021757
63663,0.5447508138961337
63664,0.31445514847288614
63665,0.39354311823926574
63666,0.43751278756773704
63667,0.45215787869904595
63668,0.523499546109656
63669,0.5400859719486797
63670,0.42630469340494115
63671,0.5774011364316808
63672,0.4312728245764394
63673,0.4582168587517009
63674,0.49941493499048784
63675,0.29173552017096616
63676,0.5650905798686371
63677,0.436408887044867
63678,0.4799626221418515
63679,0.4560278754940198
63680,0.3288330302514657
63681,0.5508860441443836
63682,0.6365590466549951
63683,0.5573270909991973
63684,0.23021139636249455
63685,0.5120084219495707
63686,0.5272603051566732
63687,0.5412970392712494
63688,0.5162367430615177
63689,0.46344177611334186
63690,0.4527569747265887
63691,0.42346012018527796
63692,0.5641940320744275
63693,0.5422670484553498
63694,0.29411760163492867
63695,0.5007804333305949
63696,0.5896832487427888
63697,0.44132472930359373
63698,0.5391867597329144
63699,0.5325594334506086
63700,0.4561559316721521
63701,0.5224603064217483
63702,0.5398789876279643
63703,0.518984330765269
63704,0.5276660270138762
63705,0.27765889196357335
63706,0.36262802533448046
63707,0.41128507050589985
63708,0.38857472483605127
63709,0.5493483992751367
63710,0.5676535780280727
63711,0.5025914420796527
63712,0.5341696128936659
63713,0.48021486253274
63714,0.39915055147062795
63715,0.46403014379328894
63716,0.5248815364642984
63717,0.5290383678679984
63718,0.23929064070579767
63719,0.2906890956163682
63720,0.42844670457184136
63721,0.4460607184239809
63722,0.44500178699597215
63723,0.5589773631960133
63724,0.4774437378332193
63725,0.5560965915903914
63726,0.43855401667759514
63727,0.4398368784563197
63728,0.514865831560849
63729,0.5446814799277696
63730,0.4252269300123772
63731,0.5360185966368846
63732,0.5497732668413731
63733,0.5024245962881564
63734,0.4608967280743146
63735,0.5165984223307702
63736,0.49560539718960644
63737,0.42047143657573877
63738,0.4459360553667793
63739,0.5446506520790525
63740,0.8327446105389272
63741,0.43167441265979833
63742,0.40047672451383415
63743,0.534401573039916
63744,0.35543161317101113
63745,0.431931941346169
63746,0.4146782939000664
63747,0.33434297442991895
63748,0.5160845460433219
63749,0.41837719755442004
63750,0.512279279078468
63751,0.43296689830731666
63752,0.5117507488162641
63753,0.5116637339647494
63754,0.524978738706088
63755,0.5486589685570926
63756,0.5350210699674237
63757,0.4144901555481187
63758,0.42761668390774166
63759,0.45710194009688293
63760,0.574219913057676
63761,0.437695495809652
63762,0.55422103162714
63763,0.48981466490131353
63764,0.22958536380489164
63765,0.5468709230750898
63766,0.49754342768698573
63767,0.2862048145899678
63768,0.5163848664247535
63769,0.43662737782697497
63770,0.5209151181539566
63771,0.5123897562631115
63772,0.5640982350367397
63773,0.40885091592398515
63774,0.5411539632781293
63775,0.2952612624219758
63776,0.5290051083614397
63777,0.43301510756816924
63778,0.5103177737232947
63779,0.5389510352418437
63780,0.5602520270294291
63781,0.46408516103363096
63782,0.5477738775682742
63783,0.5013597014455629
63784,0.47557688743006754
63785,0.5757272806000624
63786,0.42051203167898843
63787,0.5484249283159102
63788,0.5393715142049832
63789,0.5538561191932921
63790,0.46034346218968153
63791,0.4434616989503878
63792,0.851091870555864
63793,0.4257414959313014
63794,0.8466988178034682
63795,0.4760676501892294
63796,0.52836856281124
63797,0.5646571098103407
63798,0.5905958420848676
63799,0.5278349946420708
63800,0.5326688098265548
63801,0.434803903169298
63802,0.531739883118351
63803,0.5022442788055822
63804,0.5375067885438355
63805,0.5207759895007419
63806,0.7719037756364556
63807,0.503367805798438
63808,0.41591049790955104
63809,0.5868988262462523
63810,0.5819324427094192
63811,0.4237749276798211
63812,0.28279130546416853
63813,0.27657513988762444
63814,0.4006291483213435
63815,0.45454099286365296
63816,0.5270264194401222
63817,0.4519943081249965
63818,0.4009090825918348
63819,0.5160794368363711
63820,0.42732639107928216
63821,0.530820185265137
63822,0.5215318784522636
63823,0.5371454258850498
63824,0.42229875126920546
63825,0.3697523348423953
63826,0.5000245684479399
63827,0.39225369017796374
63828,0.4245806599675269
63829,0.38775170129794256
63830,0.43506952300875334
63831,0.5449558173289765
63832,0.5371693272801563
63833,0.4157388235634002
63834,0.4809726918774529
63835,0.5683481510726169
63836,0.45983232751816705
63837,0.8527776024756718
63838,0.4377868192186133
63839,0.3867995542696159
63840,0.49396878499543306
63841,0.53798113757987
63842,0.501707894060423
63843,0.5248373788695243
63844,0.5476330718335684
63845,0.5035871112838015
63846,0.8276809166317721
63847,0.4626721584482735
63848,0.27672387390660863
63849,0.4218076991331266
63850,0.5221725642251804
63851,0.5373324683084268
63852,0.4450675277106649
63853,0.5338340053437607
63854,0.45010970991947247
63855,0.5517805635505721
63856,0.5182958496209741
63857,0.3410174744043031
63858,0.4445304505160291
63859,0.4729858136783034
63860,0.5545873088711659
63861,0.4355441707692302
63862,0.3739683286778032
63863,0.35831444028191395
63864,0.36116407418609814
63865,0.4967362050587119
63866,0.408647507226362
63867,0.5458885273489491
63868,0.39532222092952807
63869,0.5075489238867763
63870,0.4667074128663665
63871,0.46409253899593894
63872,0.40179728607034154
63873,0.5242579627611152
63874,0.5021016425467946
63875,0.5555716349548329
63876,0.39192612291019957
63877,0.5134338547703848
63878,0.44830697844545087
63879,0.5513726654056367
63880,0.5113909411682034
63881,0.5723377541105246
63882,0.3321883989524168
63883,0.52396109086616
63884,0.4393632684840917
63885,0.5300588697089873
63886,0.5677805953711247
63887,0.521130032571739
63888,0.49846216064408944
63889,0.5188112868487847
63890,0.40286320350620775
63891,0.3439113992305278
63892,0.4892126012546993
63893,0.25102680240953557
63894,0.3252875860763916
63895,0.5608313770901174
63896,0.2691111415071458
63897,0.4495043822565641
63898,0.5209516042650142
63899,0.4942107544348641
63900,0.514334362610224
63901,0.4888942149969754
63902,0.38647052013375555
63903,0.5102163306332493
63904,0.5076606080745949
63905,0.36015927625007804
63906,0.5301647550147496
63907,0.4790030926499224
63908,0.505933371315797
63909,0.4269427022690005
63910,0.43449787879002844
63911,0.5417306353586199
63912,0.5447815273428311
63913,0.7567837297024658
63914,0.611165276145142
63915,0.5264794763695032
63916,0.40545573619346015
63917,0.4338489217314823
63918,0.5422713013662563
63919,0.5271923722686148
63920,0.4771909147091399
63921,0.5604823075686476
63922,0.80563905652119
63923,0.4847161004647439
63924,0.7596401008372446
63925,0.5642188065421354
63926,0.5184113719348459
63927,0.554808764897114
63928,0.46919669339354175
63929,0.5653614771115145
63930,0.5420243132916084
63931,0.4325683367959557
63932,0.5192056717973741
63933,0.5487299578233503
63934,0.5308909105069566
63935,0.5035006983935285
63936,0.5319047430035916
63937,0.5194693925685668
63938,0.5383293583394013
63939,0.40211191917931827
63940,0.7170455292069117
63941,0.547182762239553
63942,0.39693347225373027
63943,0.5102331325899722
63944,0.5523735870755956
63945,0.549367133403985
63946,0.5235017400371405
63947,0.49468932174245955
63948,0.5226335517471342
63949,0.47324960429691054
63950,0.5047055726460078
63951,0.5200421483589407
63952,0.4548481583262585
63953,0.40642728620288654
63954,0.5158516690691338
63955,0.5537772274208298
63956,0.38694484151862435
63957,0.5650315092357477
63958,0.5036599195799324
63959,0.31116590559120316
63960,0.4353715835754669
63961,0.5522948307994304
63962,0.5483836543674694
63963,0.40748652330258084
63964,0.47200007886261264
63965,0.4815956776124821
63966,0.44157925651668634
63967,0.348289008846151
63968,0.5141931951046664
63969,0.5739076973648582
63970,0.5695067923637458
63971,0.5324400182074497
63972,0.5657131633524648
63973,0.5001669616002875
63974,0.4051661557681439
63975,0.5270357321289828
63976,0.424924810042202
63977,0.4955279477606483
63978,0.5054101888789376
63979,0.5588766882031758
63980,0.28619405374630374
63981,0.49732068474099383
63982,0.40364037823144705
63983,0.39365609275253827
63984,0.5469159664369682
63985,0.5091815289367212
63986,0.4969638254305565
63987,0.5572146322039412
63988,0.3773546810747632
63989,0.4185532822798283
63990,0.4257173475273974
63991,0.7984212805612524
63992,0.5397526009579354
63993,0.4479930468533265
63994,0.45538270039705464
63995,0.571156418574984
63996,0.45909874865902955
63997,0.41929645728189696
63998,0.49292056743060503
63999,0.45342912389347695
64000,0.5118324999949388
64001,0.536464611059934
64002,0.5478152078950965
64003,0.6209399167668265
64004,0.45195353991187315
64005,0.4282938530663739
64006,0.20123824388171627
64007,0.3860722653348977
64008,0.46432993316701054
64009,0.5097918238936864
64010,0.5180657454093376
64011,0.36926729411013587
64012,0.5307844408968062
64013,0.5014034191957631
64014,0.4535879484172613
64015,0.48759377594410575
64016,0.4587579092524151
64017,0.5453732554081094
64018,0.5360469348774104
64019,0.4611779607546443
64020,0.46727962532950157
64021,0.5318268766700892
64022,0.526521062532828
64023,0.49445526957058117
64024,0.4242163265712821
64025,0.21981090349699944
64026,0.4292439956388758
64027,0.389679700605346
64028,0.8804730238940398
64029,0.46059899997774983
64030,0.5920429927310166
64031,0.5007747426669759
64032,0.43344901769415006
64033,0.5214153123521595
64034,0.42225320683271006
64035,0.34722283991198355
64036,0.5228434391080878
64037,0.40359919967092067
64038,0.5148861870325409
64039,0.5090528277441683
64040,0.5099392689050203
64041,0.3365308258503344
64042,0.29472879719214673
64043,0.4266363367767854
64044,0.45706147893370996
64045,0.515471759116851
64046,0.4642353348000367
64047,0.5463147614881293
64048,0.5574802007427165
64049,0.41445519798126745
64050,0.5179873290997593
64051,0.4356833182534493
64052,0.5696214762840175
64053,0.3731649553903451
64054,0.632627113544833
64055,0.6887281824710164
64056,0.38480627134157513
64057,0.5273591873739804
64058,0.5269523983822569
64059,0.5529101041218151
64060,0.7379796260518616
64061,0.4642670068216451
64062,0.5579513883187261
64063,0.4714370577754363
64064,0.5089816441153873
64065,0.419948470175331
64066,0.5083787985410493
64067,0.5557283294691426
64068,0.5379362544118818
64069,0.5489050149018516
64070,0.43946666081796665
64071,0.35830960329188444
64072,0.4753317589052373
64073,0.34834069877599944
64074,0.5481279695273513
64075,0.8710210074452466
64076,0.3908237337807958
64077,0.4889158991199446
64078,0.5089338501865369
64079,0.4682824395851382
64080,0.3865214287062646
64081,0.12304854244420524
64082,0.5255576500480941
64083,0.4959570118952153
64084,0.44528592741937195
64085,0.5367143905774916
64086,0.5129162037796039
64087,0.4634129466126506
64088,0.3230176699103619
64089,0.5138182601288888
64090,0.5407305569174261
64091,0.598935172844643
64092,0.462398016458112
64093,0.4777649911498137
64094,0.5616833229055301
64095,0.4977762787855167
64096,0.3796090387568811
64097,0.33971462034007255
64098,0.379112347313798
64099,0.44960181093262014
64100,0.5083053140006557
64101,0.5732295304528858
64102,0.5590622690465153
64103,0.6746653497738357
64104,0.4500289986086173
64105,0.47820696855259276
64106,0.5282212225348342
64107,0.4169628818848428
64108,0.40661075331959123
64109,0.5337474474845435
64110,0.4085776002894754
64111,0.4710028466986423
64112,0.4453660717286246
64113,0.4598198928963995
64114,0.8529947625125466
64115,0.5091915230669605
64116,0.40299072876054304
64117,0.44255984705610146
64118,0.4857934179210923
64119,0.4459855779257158
64120,0.7779319994677496
64121,0.6076108430225658
64122,0.454681962128844
64123,0.4267420296658402
64124,0.4392432221374654
64125,0.4751222867477125
64126,0.5474843161592648
64127,0.4041391955659868
64128,0.5675088142937285
64129,0.5315549277885719
64130,0.5435235276436268
64131,0.4203233591364064
64132,0.5268097760726093
64133,0.37479885130840884
64134,0.5351333118487338
64135,0.4191247152309732
64136,0.4685132407649592
64137,0.38353757731467353
64138,0.5246598966914421
64139,0.4446872369640107
64140,0.5260549123763519
64141,0.42744980824751994
64142,0.5580640091662894
64143,0.5546356010294864
64144,0.4515830912121162
64145,0.5489396952386845
64146,0.5769963147212485
64147,0.48515085571357225
64148,0.47721205911589526
64149,0.4224331497221824
64150,0.5480471175044446
64151,0.4998521719638154
64152,0.5081213621489663
64153,0.4501963785257556
64154,0.5748767199666535
64155,0.3103659316764526
64156,0.5313944645531793
64157,0.42111619987994114
64158,0.5197442905402716
64159,0.3080413057050856
64160,0.4224510708695515
64161,0.39720205502094397
64162,0.44459304379968917
64163,0.42594676301645634
64164,0.5193567948344724
64165,0.24369060884237748
64166,0.5127549935141342
64167,0.3996909297962585
64168,0.39570739431730145
64169,0.4064156523522479
64170,0.4223932526529793
64171,0.2664688253999721
64172,0.5076125600748063
64173,0.5070723062468375
64174,0.43341696827097304
64175,0.5376180715358521
64176,0.5537271482173168
64177,0.4583454757019219
64178,0.4060477327539812
64179,0.343878867544886
64180,0.5111415404796561
64181,0.34691219537969725
64182,0.4047999727056198
64183,0.37404795314487926
64184,0.5476469100678505
64185,0.44983526949837743
64186,0.5284303237863692
64187,0.1899892145672644
64188,0.505997133116491
64189,0.4181524025903506
64190,0.48056473619912776
64191,0.42442596690277634
64192,0.5552237475029699
64193,0.5192584574467726
64194,0.777097753984202
64195,0.5565754484485038
64196,0.3752898335421643
64197,0.4325626214562077
64198,0.41733408488463686
64199,0.57500608702003
64200,0.42583814327229863
64201,0.47000757920286085
64202,0.5585061794462776
64203,0.49456760046745063
64204,0.5745917685836217
64205,0.41127542961240365
64206,0.45000365132450365
64207,0.5321960926596617
64208,0.5130452043623128
64209,0.48432820004135385
64210,0.3361657404872516
64211,0.40784031445562324
64212,0.492246600606231
64213,0.4274297085150419
64214,0.4560172069196836
64215,0.3975386893322991
64216,0.4277581944272681
64217,0.5000508383824358
64218,0.3742002086968775
64219,0.4760924632796325
64220,0.48721411130665865
64221,0.5524676599683382
64222,0.6057739325009228
64223,0.38588732867006637
64224,0.5843878269460104
64225,0.49698715124578063
64226,0.3971210372951456
64227,0.5105163269158489
64228,0.38976895709640164
64229,0.5085898165991847
64230,0.5056599367856692
64231,0.3699079541475477
64232,0.5884809189842807
64233,0.5406492386132348
64234,0.3925921425195196
64235,0.37565406342779334
64236,0.4886425421353105
64237,0.5448696997989908
64238,0.47056357123401443
64239,0.4203932004699925
64240,0.5028417712565368
64241,0.4461595345406831
64242,0.4815436560851598
64243,0.48679009356761577
64244,0.4136285204541155
64245,0.4775709672282081
64246,0.7378520096357537
64247,0.5293143381235127
64248,0.4907118596563117
64249,0.44591017124805626
64250,0.22787871054636155
64251,0.5373178614275839
64252,0.5849492833919544
64253,0.5133545425054183
64254,0.2744508944425021
64255,0.18628638999579458
64256,0.3794099888241635
64257,0.43079307505805164
64258,0.5126988430800892
64259,0.3927218930050919
64260,0.5383788124496935
64261,0.5420991957130098
64262,0.24673143170798578
64263,0.8255090127780824
64264,0.43872060183046846
64265,0.5331913501253385
64266,0.38102600251750646
64267,0.4930353711059066
64268,0.4391163613361829
64269,0.5458798956399489
64270,0.5355315650805612
64271,0.5194740695667468
64272,0.43765224601895447
64273,0.39913996504089977
64274,0.19593814675087273
64275,0.3615113508749911
64276,0.572051237063668
64277,0.41918745959024944
64278,0.4877057935784829
64279,0.5633374751205205
64280,0.5381461702255079
64281,0.44576804537339487
64282,0.47055626988840094
64283,0.5486546411622212
64284,0.525449244405569
64285,0.5497202890196858
64286,0.5602869402135682
64287,0.4279487206181981
64288,0.5021811050739459
64289,0.512470859128125
64290,0.3548822373754795
64291,0.5342492635613997
64292,0.43347343363002
64293,0.5340773586019396
64294,0.5548234580187866
64295,0.5587105307324719
64296,0.40511288053941463
64297,0.5442010670118049
64298,0.44470303775483405
64299,0.61569458572491
64300,0.4223919927687715
64301,0.4422760058374884
64302,0.48581677727149136
64303,0.3891694739413718
64304,0.5699901621084222
64305,0.5265963268236371
64306,0.520450112992028
64307,0.4287084344537362
64308,0.4741069593743281
64309,0.5085647315359421
64310,0.5389306890438281
64311,0.4337463424724203
64312,0.5291482879876364
64313,0.5301145025885547
64314,0.40348758201215534
64315,0.4726382865439784
64316,0.5224252476272178
64317,0.8640180775814412
64318,0.3907543797443228
64319,0.4181529844046711
64320,0.40712619150511775
64321,0.2671759188548341
64322,0.5116750255536001
64323,0.4072534618844
64324,0.4840181037800334
64325,0.34601098016801224
64326,0.5045266606651374
64327,0.5138601658621756
64328,0.4070749174197619
64329,0.49999071240361936
64330,0.4124637420946811
64331,0.5574802754264769
64332,0.29323332961093695
64333,0.4156983955339889
64334,0.47159211269735607
64335,0.5143894041383026
64336,0.6960458810740766
64337,0.24541329039049406
64338,0.2625990863434305
64339,0.40090494815471295
64340,0.40536589493826003
64341,0.4072463909492286
64342,0.3722798656555849
64343,0.5872472796245198
64344,0.5279765271730072
64345,0.44105320371718465
64346,0.48098895913311474
64347,0.4871738954350258
64348,0.5563899683196819
64349,0.3940294291866174
64350,0.4840890033034995
64351,0.4349265200610115
64352,0.25731621715711084
64353,0.5471820675999981
64354,0.5352443003299578
64355,0.4040508090097125
64356,0.49749313871761397
64357,0.26773571937199814
64358,0.4864453329344011
64359,0.5256288516968193
64360,0.524885648296602
64361,0.5604961449923546
64362,0.39385608072109807
64363,0.4719938476456436
64364,0.5013203402682341
64365,0.5287629151901369
64366,0.4291260902619313
64367,0.4307171312737997
64368,0.37318578813584036
64369,0.5345726199522631
64370,0.2819229491211527
64371,0.5209312719095879
64372,0.4911268993523741
64373,0.5624739236766065
64374,0.4794764115686165
64375,0.5070027885781683
64376,0.44179869579509734
64377,0.4982626503799848
64378,0.5717954367112549
64379,0.4505288764815913
64380,0.3971168180803671
64381,0.48491717546788143
64382,0.5610733154881534
64383,0.5073236969236536
64384,0.5313174324030528
64385,0.3166745892145687
64386,0.21946401524887096
64387,0.42820213861001216
64388,0.5574692414014146
64389,0.4961849081715392
64390,0.4601315504564296
64391,0.5345295557319226
64392,0.833449655227552
64393,0.8731503469566573
64394,0.5242768041343567
64395,0.4834401216345894
64396,0.5359804855130594
64397,0.4436921182430683
64398,0.5559751692661661
64399,0.5712439793955907
64400,0.5173805677213732
64401,0.4079497370764115
64402,0.5594962678564612
64403,0.5196562388146775
64404,0.39472243568929366
64405,0.549025763710648
64406,0.5153131094833499
64407,0.511951454439329
64408,0.49745629914889855
64409,0.5138679584100575
64410,0.45047163948374125
64411,0.5648284682868977
64412,0.41239579900507883
64413,0.4213905356333031
64414,0.39808560877843774
64415,0.45065217990998
64416,0.5648003949394694
64417,0.4606540099208448
64418,0.5420161491583816
64419,0.42421618910591574
64420,0.5939892727518996
64421,0.5124708001666791
64422,0.5583886914455584
64423,0.5409343628295513
64424,0.4728194134033939
64425,0.5502513925060268
64426,0.46359707955745977
64427,0.41702375735081
64428,0.5701962181527886
64429,0.3694826726103268
64430,0.3432630820513956
64431,0.5514842076390362
64432,0.40257018706184594
64433,0.20537028178939445
64434,0.3007957406696508
64435,0.5277577451742229
64436,0.480915912198748
64437,0.5768981247703413
64438,0.37422772373959245
64439,0.510095327007875
64440,0.47473692222334163
64441,0.5522360716048185
64442,0.4885333441494302
64443,0.5528855304857369
64444,0.4910214179307155
64445,0.3812908011028447
64446,0.37457242706232724
64447,0.5395314442797077
64448,0.26893385313659063
64449,0.3670532108951121
64450,0.5243355816258594
64451,0.43154966751775375
64452,0.5249016225391628
64453,0.5241096028990848
64454,0.4925950711459563
64455,0.5101038285677676
64456,0.41268419957466507
64457,0.5138860002283145
64458,0.5382151408428393
64459,0.46343280753881033
64460,0.49016118276521653
64461,0.4809746883055467
64462,0.48415831881241544
64463,0.26231881993402056
64464,0.5494353311911537
64465,0.45696307535409686
64466,0.5437793518110134
64467,0.4450240411085054
64468,0.5363005938175887
64469,0.510538460496523
64470,0.4188491792776136
64471,0.5760025298450108
64472,0.4688929752486527
64473,0.49884902506889217
64474,0.43210763053301066
64475,0.39426189038591497
64476,0.24426916548844305
64477,0.8736206032692138
64478,0.37957469383777775
64479,0.5482158115381865
64480,0.528604774986954
64481,0.46949753088121493
64482,0.4651662808826362
64483,0.38140231838997923
64484,0.5342313005241166
64485,0.32064364327194667
64486,0.5020643241665599
64487,0.3918107629401295
64488,0.7768229933035155
64489,0.5384568582295054
64490,0.5208789482808855
64491,0.4828261734296446
64492,0.5479925880427212
64493,0.5497063492954988
64494,0.44863032664158065
64495,0.7521592920740218
64496,0.4480066074405164
64497,0.5172520836799933
64498,0.5194604691085152
64499,0.5439634697708837
64500,0.4984208126564137
64501,0.34534234904187205
64502,0.520607438988395
64503,0.4996143098695512
64504,0.5023711841110619
64505,0.5183432050302921
64506,0.5514752490820218
64507,0.4266905334960468
64508,0.5000937779602264
64509,0.5506909892487543
64510,0.5434300723528029
64511,0.24931677953138873
64512,0.5431381374211983
64513,0.5322663566733491
64514,0.3811939148207873
64515,0.5076196331979503
64516,0.44464471786304416
64517,0.48489075658044895
64518,0.43626457870465135
64519,0.5317444155166585
64520,0.2541039808284408
64521,0.519658685122823
64522,0.7687750381600998
64523,0.47060332470878835
64524,0.5585102062998234
64525,0.4499369401157535
64526,0.44159343873742407
64527,0.46945695191635467
64528,0.561819154708751
64529,0.3344007179813187
64530,0.4554221340496819
64531,0.4837897666027032
64532,0.5345136033859164
64533,0.43768595787751213
64534,0.5271809892891991
64535,0.22630950814415954
64536,0.4598785017228969
64537,0.5514326161367441
64538,0.40874763861834723
64539,0.4640957387313792
64540,0.5506704223673355
64541,0.5199416989137908
64542,0.42842933349197937
64543,0.312758698629142
64544,0.48923548889442997
64545,0.45581419625790826
64546,0.5099435744289367
64547,0.5772205296533379
64548,0.47058773943752175
64549,0.3545987792648087
64550,0.4523654040757619
64551,0.5083227559735579
64552,0.4811789176082068
64553,0.5530014007905998
64554,0.31747676319565565
64555,0.44034899171947145
64556,0.45563431280437466
64557,0.4394522649368849
64558,0.41969043113611515
64559,0.813349848918544
64560,0.41957384130320363
64561,0.38640870709107367
64562,0.37875437248575244
64563,0.5030717364573575
64564,0.7734329512801438
64565,0.7402569222978462
64566,0.36787473695108247
64567,0.8609234519390581
64568,0.48244411198384346
64569,0.4568776794459165
64570,0.5028160498110231
64571,0.5166036417561466
64572,0.7705929486597015
64573,0.4325858392624472
64574,0.4314253388471887
64575,0.5077186253796718
64576,0.37108372149079283
64577,0.45068084538676756
64578,0.5357465660735766
64579,0.49606550468324856
64580,0.5223310390990661
64581,0.5412680144307644
64582,0.40740988875292183
64583,0.4214819543364044
64584,0.5209544769601258
64585,0.449881085594636
64586,0.5476902255206906
64587,0.5541710176371161
64588,0.5732739140499099
64589,0.42454623163779553
64590,0.5010945304723057
64591,0.8572874068730829
64592,0.27068195700534864
64593,0.5167823432383811
64594,0.5307338958597282
64595,0.8415211385493804
64596,0.4120441631137539
64597,0.5628482938424204
64598,0.5335893619550315
64599,0.33946321278611113
64600,0.4468815707717065
64601,0.49642708909314304
64602,0.5351827789621294
64603,0.5296556375988833
64604,0.4138088645811564
64605,0.54824198650283
64606,0.6720546358863589
64607,0.536607442158625
64608,0.5753799836201274
64609,0.5306215136858993
64610,0.43097845388612555
64611,0.4478598102546887
64612,0.2619612424298923
64613,0.6432141289100618
64614,0.7968921863499064
64615,0.5272316699608056
64616,0.5448125776184748
64617,0.3407915931584188
64618,0.4162890011519867
64619,0.5455667321681473
64620,0.4709018036215853
64621,0.2842686953723878
64622,0.4682491200339329
64623,0.4581689428010691
64624,0.5618452048903888
64625,0.3935390162796078
64626,0.5761777602822111
64627,0.40605900774294346
64628,0.5106249299242851
64629,0.4475789516926762
64630,0.39688555558264355
64631,0.5251101995356087
64632,0.5109148598143339
64633,0.41380912010136567
64634,0.5405295337873158
64635,0.4194275118438853
64636,0.46817059257085913
64637,0.43346666704372044
64638,0.3500973859128688
64639,0.5833403509172559
64640,0.7943977572212818
64641,0.38401540885919566
64642,0.40633798550174166
64643,0.5430344442042028
64644,0.5175393107356485
64645,0.8135596246282427
64646,0.5305825439403972
64647,0.5169084928208031
64648,0.428092130427334
64649,0.4981360633201173
64650,0.5303087506496553
64651,0.5386309736614671
64652,0.3732738184679416
64653,0.4773077487092348
64654,0.5098552982403362
64655,0.5527792335092561
64656,0.5136202188161183
64657,0.4960737373489995
64658,0.5520292452282417
64659,0.18118376196238276
64660,0.49672378383417093
64661,0.5283834625367014
64662,0.562777339864727
64663,0.5471968566461222
64664,0.3062286363352693
64665,0.5211508169956814
64666,0.37393870833796583
64667,0.3314217211621578
64668,0.5523223899608527
64669,0.33918788508501413
64670,0.5265796033108586
64671,0.5207985681312023
64672,0.3893731345975724
64673,0.4400953497374565
64674,0.5097690634548282
64675,0.40624372443728285
64676,0.4788239097126297
64677,0.5334660057538018
64678,0.5165601785798132
64679,0.5372602744621227
64680,0.4843082972340065
64681,0.48468637332829545
64682,0.5223697149470238
64683,0.3803634288314429
64684,0.4130623228817861
64685,0.5629428312278772
64686,0.4543362795816938
64687,0.5307998538288851
64688,0.3721585898849282
64689,0.5215967973597776
64690,0.4743658610261361
64691,0.6061413518961278
64692,0.5136971954604066
64693,0.8358184418419546
64694,0.4463044140558015
64695,0.5262504032804538
64696,0.5303639460931198
64697,0.513601939121261
64698,0.36334752701268946
64699,0.372364066045232
64700,0.47514591836813413
64701,0.44329427638766616
64702,0.2694970707484476
64703,0.3589123914677391
64704,0.3838397478111745
64705,0.41207084829958884
64706,0.5155594176423134
64707,0.4489862855679877
64708,0.4595027006226232
64709,0.49025240556722405
64710,0.5339530173844639
64711,0.4931827368389428
64712,0.4979141808819073
64713,0.5293090589696337
64714,0.5757453839652984
64715,0.7826939979611658
64716,0.4619771444602022
64717,0.5300954004345607
64718,0.2976156797318014
64719,0.436913560712961
64720,0.5176794285943614
64721,0.5290968746195854
64722,0.5581781045123068
64723,0.5007896370330451
64724,0.533934798741068
64725,0.4142100329674886
64726,0.5178713023740179
64727,0.4629724669217194
64728,0.4891540085939817
64729,0.5079293727700911
64730,0.5450538905777031
64731,0.43876935726355526
64732,0.6896677041356661
64733,0.5166946505394386
64734,0.5437587932976802
64735,0.4976991463197852
64736,0.5448867182321031
64737,0.45762247540115364
64738,0.5054799771325664
64739,0.2912452985726944
64740,0.5213382065286967
64741,0.5333481491663958
64742,0.5192589419824954
64743,0.424042622172433
64744,0.5772978054505101
64745,0.5463552737163825
64746,0.42600616670549846
64747,0.5083803512004648
64748,0.6698111128888181
64749,0.4927481422458128
64750,0.42297227466630266
64751,0.48436527182653893
64752,0.5172231524165339
64753,0.43884124263388513
64754,0.8338663516472323
64755,0.582128814749113
64756,0.5195248918837502
64757,0.26416623102611725
64758,0.5481210492244816
64759,0.5149544456025401
64760,0.444409126303385
64761,0.505315932960225
64762,0.5140815476920767
64763,0.502691633165731
64764,0.5578022641144861
64765,0.4271559205890137
64766,0.48721079919732585
64767,0.5309852479139956
64768,0.41725714141482706
64769,0.3283837631864592
64770,0.48246389578480114
64771,0.5030548164729723
64772,0.5275620874403683
64773,0.368543695504306
64774,0.6419082239120629
64775,0.5244622400345694
64776,0.3609342597800173
64777,0.553399461861332
64778,0.4697332551392516
64779,0.5523679108314378
64780,0.7581015218564222
64781,0.41975023178375165
64782,0.533526962392455
64783,0.2839805621308079
64784,0.4211263762455439
64785,0.5647895079671785
64786,0.39881621814124535
64787,0.5173180993175001
64788,0.5020815325324379
64789,0.5301832969944716
64790,0.5462175239791461
64791,0.4641950274913446
64792,0.3102424933010448
64793,0.5525671195308856
64794,0.5538974977335744
64795,0.5357181768334682
64796,0.3850849744102124
64797,0.5778039259664357
64798,0.40419236954560267
64799,0.5662305921663404
64800,0.39826596991353863
64801,0.8148434218429584
64802,0.5040917585616459
64803,0.42719638662463544
64804,0.4383982090735311
64805,0.4641552048711553
64806,0.44920509259446817
64807,0.49224536305324357
64808,0.4705146721664557
64809,0.5721994290793854
64810,0.47076401166233517
64811,0.3795098494162958
64812,0.40582259511978813
64813,0.47429517772970653
64814,0.3838075295085084
64815,0.45360247158051864
64816,0.42533317689905314
64817,0.8548678391892284
64818,0.6142723289702474
64819,0.39217138549892977
64820,0.41728687130721126
64821,0.43675090865784727
64822,0.40718197024470537
64823,0.39718944150254853
64824,0.45917973903176035
64825,0.4662342833680902
64826,0.40727074948308467
64827,0.4126532235918301
64828,0.579067566611238
64829,0.44237128773124096
64830,0.4738644075179534
64831,0.35494628815012746
64832,0.5291829798589825
64833,0.5526747289189958
64834,0.5900235059708157
64835,0.5176508900300472
64836,0.39481158818804274
64837,0.5260512479452206
64838,0.3161048174453379
64839,0.5612271190603126
64840,0.554663639672472
64841,0.5009777769556651
64842,0.847469982830691
64843,0.47053991368028936
64844,0.451683584849502
64845,0.5142693043899899
64846,0.5209079175515289
64847,0.4711406808693742
64848,0.3809519061234864
64849,0.4184036306379662
64850,0.5482370490226529
64851,0.4851112109199491
64852,0.6194436091638491
64853,0.4999425153428231
64854,0.5006940494078862
64855,0.5239767668982866
64856,0.47722326616743405
64857,0.4261161293576467
64858,0.42043313004914046
64859,0.40295704438960434
64860,0.5309848754276393
64861,0.48059275183926964
64862,0.4867611415616341
64863,0.4169127239987859
64864,0.5609137918699567
64865,0.295673168533146
64866,0.4183913534319114
64867,0.536825737342828
64868,0.41633130967135573
64869,0.4558104923121634
64870,0.4372922511871824
64871,0.5068802528891745
64872,0.4938053573104558
64873,0.42928249684728353
64874,0.4688227056508049
64875,0.5218541325983447
64876,0.5194515248195286
64877,0.5124658650939778
64878,0.4211066970271469
64879,0.5321284834045719
64880,0.5278315654701917
64881,0.5111569572514693
64882,0.5350540423312709
64883,0.5119244013611999
64884,0.5582794947420658
64885,0.5340273887372731
64886,0.5663256028293108
64887,0.3898207784324786
64888,0.48932484368251145
64889,0.550767461311894
64890,0.5210042294594754
64891,0.835659196607361
64892,0.49299894893263846
64893,0.3056117413157575
64894,0.33831769136022144
64895,0.49830520373287107
64896,0.37800042132669864
64897,0.21155552229193153
64898,0.3866377177781161
64899,0.26423407994279924
64900,0.5358170830105295
64901,0.3946170280638894
64902,0.42874091122555796
64903,0.6577172038151293
64904,0.5129922950940908
64905,0.567573188462477
64906,0.5752692474198623
64907,0.533135354196435
64908,0.5309443467860231
64909,0.529040549603951
64910,0.497487907755797
64911,0.395355509650006
64912,0.456752077920354
64913,0.4755884963038986
64914,0.4714344090739096
64915,0.5160646385316296
64916,0.5463124552623068
64917,0.49762701721474834
64918,0.40509911463858467
64919,0.5015756857034679
64920,0.45133257300930224
64921,0.5255309015683951
64922,0.4839684063933065
64923,0.8814246968149905
64924,0.33234214840258414
64925,0.5586452513333806
64926,0.22326554846900173
64927,0.4933084080040092
64928,0.3890949900682129
64929,0.4763973271262844
64930,0.5031862697833922
64931,0.4333906486475266
64932,0.5365732912222388
64933,0.39097740534820535
64934,0.4625132769914669
64935,0.4636476963834063
64936,0.5507647282078304
64937,0.5392436771407969
64938,0.41112797176884913
64939,0.4074350779345562
64940,0.5026074876423142
64941,0.3086132126181562
64942,0.5065114468415461
64943,0.39124732454896
64944,0.3289937038656983
64945,0.5395555734816816
64946,0.544287987506215
64947,0.39418094016669325
64948,0.5133305000116051
64949,0.43736088934015976
64950,0.730837166374563
64951,0.5161023532648286
64952,0.451094199427628
64953,0.8174143350978355
64954,0.4975576848347303
64955,0.5396737201174743
64956,0.7486077604902313
64957,0.44094409520572686
64958,0.8756433794590229
64959,0.5323718598564803
64960,0.4956542449534221
64961,0.5156535728158609
64962,0.4646644049274407
64963,0.4302551823294094
64964,0.5130186711831918
64965,0.4514910664289629
64966,0.4735924224589578
64967,0.8884767161685322
64968,0.5744780640681596
64969,0.5682716865603008
64970,0.5745345099930129
64971,0.48090970306329905
64972,0.5350131166084389
64973,0.4925912029674307
64974,0.48240311122818597
64975,0.5408328724302683
64976,0.4532542256744419
64977,0.5652335471301418
64978,0.3741305631823983
64979,0.7484049370805838
64980,0.4263610020437133
64981,0.5074270395366841
64982,0.5709401731610938
64983,0.4893853449952153
64984,0.5325674206865139
64985,0.3055338070292484
64986,0.5164857482626318
64987,0.3242423786194487
64988,0.5202835859117315
64989,0.49666890151167115
64990,0.5354518199700514
64991,0.5718089552926061
64992,0.4018780771557199
64993,0.4065830278749751
64994,0.5543563384866297
64995,0.37996210383645834
64996,0.4631703544131414
64997,0.520797774450385
64998,0.46441723907693266
64999,0.4363753586648588
65000,0.4300708001876133
65001,0.3640294079471387
65002,0.5979967014985307
65003,0.5605336650636279
65004,0.4792763162914437
65005,0.5029442321750768
65006,0.5296675226387029
65007,0.5200712653254871
65008,0.28282292414295856
65009,0.4254220619644288
65010,0.41324904339029095
65011,0.5445596225158872
65012,0.38435639378631736
65013,0.43486965685650736
65014,0.49887619277997314
65015,0.6746450316088516
65016,0.5247222755643755
65017,0.37543398789915333
65018,0.3483156054944953
65019,0.47381019114128087
65020,0.5686182072880536
65021,0.3550657239502155
65022,0.38358480600536426
65023,0.5292047590324918
65024,0.3900257242767595
65025,0.4894192268857117
65026,0.504574923043357
65027,0.5275001046326696
65028,0.5308282220262002
65029,0.5112602847090866
65030,0.34762433637888046
65031,0.41297057677906546
65032,0.5206357789589833
65033,0.4107624646866133
65034,0.49543513362557556
65035,0.5223129227089497
65036,0.5442009971229064
65037,0.3289407093908948
65038,0.4032270475016956
65039,0.5566109619827874
65040,0.45625351601219516
65041,0.5146876591929263
65042,0.5122450301259913
65043,0.5568986835485177
65044,0.4353319904961021
65045,0.42993492919754916
65046,0.529256356637791
65047,0.4279755179016864
65048,0.5414716011468724
65049,0.5759734894800764
65050,0.8460538118098208
65051,0.5270344066259577
65052,0.4961267627719841
65053,0.3229627290096646
65054,0.4037076066755529
65055,0.4372388746641045
65056,0.5200795385363528
65057,0.45881648160969407
65058,0.5464445846446968
65059,0.4273968898531126
65060,0.4583793433734865
65061,0.5279812366768878
65062,0.4275776328645603
65063,0.4513670459974939
65064,0.4520786913665788
65065,0.5218817556619492
65066,0.442164930184716
65067,0.4096281571942534
65068,0.41788952863384904
65069,0.5343932432437908
65070,0.5543124469861169
65071,0.44806456479086304
65072,0.4190945112771842
65073,0.48222897851989377
65074,0.772586065657564
65075,0.4639597051433311
65076,0.5539836143539942
65077,0.5030924417162411
65078,0.4955155626274557
65079,0.5189712061635385
65080,0.5196143479303887
65081,0.4945540501314024
65082,0.4617002815299945
65083,0.5056727793863647
65084,0.39385310120190997
65085,0.4480296456697598
65086,0.39279192628782533
65087,0.5501690140982707
65088,0.48233460350454505
65089,0.5789457000167262
65090,0.502382486997814
65091,0.5225150423140836
65092,0.489519016591094
65093,0.5745188826027596
65094,0.48150058122673645
65095,0.559241625970777
65096,0.26855545432824784
65097,0.7719989562163916
65098,0.5197124568934333
65099,0.8310756721891482
65100,0.48478012744552473
65101,0.591277715769643
65102,0.2869109694743788
65103,0.3462454074311163
65104,0.5462347846757105
65105,0.12683827677425208
65106,0.49051778574649785
65107,0.511829622879315
65108,0.4849319051924379
65109,0.5471827584506248
65110,0.4713290704450224
65111,0.4801595887650351
65112,0.4917512648288847
65113,0.2026052285506047
65114,0.47209245760299196
65115,0.5299119688028414
65116,0.4655879453001211
65117,0.48716553010110974
65118,0.28945984421807375
65119,0.43394635927620007
65120,0.45513166246900455
65121,0.5108468429310011
65122,0.5438849960595998
65123,0.37084571065830213
65124,0.47117111484174756
65125,0.47286607441904743
65126,0.47104087600208927
65127,0.5422990744549413
65128,0.5400068432468037
65129,0.5691639638656741
65130,0.5262592984935239
65131,0.24134639516137696
65132,0.5961871233048258
65133,0.5545950845373256
65134,0.5714832592306432
65135,0.4738502177305476
65136,0.4422274130072901
65137,0.5482506016107321
65138,0.42490397682347647
65139,0.5418546965274261
65140,0.38922781141284074
65141,0.4418774572165769
65142,0.5109499693610756
65143,0.364155040330807
65144,0.5050233134013126
65145,0.566558027646068
65146,0.471241609020016
65147,0.579401153624914
65148,0.40048123173620087
65149,0.5250968026439642
65150,0.3801774419483356
65151,0.4160134103542123
65152,0.5061312821715634
65153,0.5391936903309459
65154,0.4805236957981877
65155,0.46515533692694966
65156,0.5482322670712759
65157,0.5542146818128717
65158,0.5234437324079941
65159,0.4062605794140512
65160,0.4599402366827383
65161,0.5179712484680651
65162,0.5290870614698645
65163,0.2345537870291053
65164,0.3366852937788187
65165,0.4369424315827903
65166,0.5416524736980908
65167,0.4296024152228688
65168,0.5342123077514023
65169,0.5412479036887616
65170,0.5486680382852447
65171,0.4000555188182187
65172,0.3256721879021973
65173,0.3909248187466019
65174,0.6262949443669752
65175,0.534689882152949
65176,0.5672001874468485
65177,0.39201001692843024
65178,0.5590782033981919
65179,0.5189016728794948
65180,0.39628752458708394
65181,0.40508161725423136
65182,0.38190449402297605
65183,0.527539982556348
65184,0.5153683406709332
65185,0.5427770226755922
65186,0.5208014686311676
65187,0.4229351925792351
65188,0.5555241161846585
65189,0.3093538810131524
65190,0.21633172479225019
65191,0.4144012421424409
65192,0.4586525139258249
65193,0.5170852537219862
65194,0.44820788229186137
65195,0.4846330095040108
65196,0.40940570946063404
65197,0.3389797946782788
65198,0.5162533897157703
65199,0.5001946152672796
65200,0.4472085674422043
65201,0.5851968788990992
65202,0.6434348573730241
65203,0.38628407310596097
65204,0.5004119853176993
65205,0.46122922509336733
65206,0.5075815982228855
65207,0.4860017956266734
65208,0.5457313730625866
65209,0.5263064318177493
65210,0.2855973221134021
65211,0.5698912439895916
65212,0.5416105766005498
65213,0.5589119942071272
65214,0.5034130100457825
65215,0.4957678223563512
65216,0.5317723611369986
65217,0.4629245335992884
65218,0.4019944918120799
65219,0.43077481543443114
65220,0.5075814432756185
65221,0.5599230397792816
65222,0.5308572928709946
65223,0.5381648553362282
65224,0.5103539711747845
65225,0.5092584705771811
65226,0.5821111184814042
65227,0.5144179633338936
65228,0.46692227775501316
65229,0.3863371006023322
65230,0.16990232752856896
65231,0.4351919089388644
65232,0.5307399036963844
65233,0.5719914812368522
65234,0.5432539302239948
65235,0.2928519162135651
65236,0.4162991723208345
65237,0.5755521734290293
65238,0.5568335395880193
65239,0.5017460513436048
65240,0.5521454065689322
65241,0.46136383494630334
65242,0.3351284902505523
65243,0.5707508651541401
65244,0.5122444897949575
65245,0.5551578164941963
65246,0.5180608218801233
65247,0.4136367295937266
65248,0.48587199988942115
65249,0.5342819075950832
65250,0.4403162860981811
65251,0.4804842897002095
65252,0.49863756490692546
65253,0.5010428206534628
65254,0.48495875623023255
65255,0.4364640433867215
65256,0.5140574982830346
65257,0.5135257146525485
65258,0.5148332888495311
65259,0.3739188526106305
65260,0.44574572062285395
65261,0.4063195310305018
65262,0.40656143453001814
65263,0.28839557927261505
65264,0.3140980748655171
65265,0.29298192340303564
65266,0.38278526599331536
65267,0.46325955760608156
65268,0.5265175710747795
65269,0.4112832285911358
65270,0.32391273031457135
65271,0.5037276651923286
65272,0.4877811668005013
65273,0.44079725430624755
65274,0.5057582479844854
65275,0.43254266588376766
65276,0.4480251815496298
65277,0.2220426550484782
65278,0.5297866093674678
65279,0.44246411108116146
65280,0.5560306423254685
65281,0.5297743854114152
65282,0.3875550425782288
65283,0.42999441103572494
65284,0.471284342446887
65285,0.45918966004096756
65286,0.4374035263884969
65287,0.4882900072664242
65288,0.4877285702425687
65289,0.5633934072993096
65290,0.49379976754113303
65291,0.5108506528260974
65292,0.5541832960527615
65293,0.3736787349950712
65294,0.5388255555727244
65295,0.52888029327309
65296,0.5164595502301478
65297,0.5325294075368018
65298,0.3422275449863209
65299,0.5357996092304402
65300,0.5750753574312646
65301,0.5089858556933695
65302,0.5624693340317277
65303,0.5144110694444295
65304,0.42756482914226007
65305,0.4682178912656614
65306,0.5566945860378636
65307,0.8015551901332515
65308,0.5590070426799143
65309,0.46916972474608665
65310,0.4661195573398396
65311,0.49822068230351463
65312,0.39264262084468815
65313,0.5351756632841361
65314,0.23991470670664827
65315,0.5182747995183524
65316,0.4284186382719322
65317,0.5254605587420341
65318,0.4979042994676247
65319,0.4297974400425591
65320,0.3435346202039606
65321,0.4402537629215768
65322,0.4856816734820789
65323,0.5601121950583576
65324,0.5378359738980234
65325,0.3911038473771207
65326,0.3944328043748364
65327,0.41833071187458887
65328,0.5036012973885765
65329,0.4478978554376676
65330,0.3849153210954636
65331,0.38424620220808603
65332,0.2376325072671418
65333,0.3487437952800518
65334,0.5346887275852329
65335,0.43531124900012325
65336,0.5227788809976457
65337,0.5041090545212917
65338,0.8327591137804167
65339,0.4879888958858724
65340,0.5553703940350736
65341,0.4142595649623349
65342,0.5476396417190685
65343,0.5485505065556209
65344,0.4295782883438099
65345,0.5086865442000117
65346,0.49537992251555596
65347,0.5078967562763903
65348,0.5253511722163622
65349,0.5239991380595219
65350,0.3012641239541623
65351,0.45583064683232427
65352,0.5578214932366379
65353,0.5489239336510302
65354,0.28833543736026707
65355,0.404298084028985
65356,0.548395106743646
65357,0.3858402223544893
65358,0.38605203700613433
65359,0.5120219207878448
65360,0.5291043367573057
65361,0.43294833476472155
65362,0.3991198126736872
65363,0.4953758543935708
65364,0.5304259770704218
65365,0.5005277803477665
65366,0.39306230085807675
65367,0.5255228589701627
65368,0.5135586991156638
65369,0.5304517884179462
65370,0.5487170077269987
65371,0.47188389057403224
65372,0.39299113663979246
65373,0.5948757720126755
65374,0.7998981269848086
65375,0.43642711205655477
65376,0.42473158262630856
65377,0.5360280490173186
65378,0.5222383528060905
65379,0.5128800926791679
65380,0.5491787105967156
65381,0.5543447724853595
65382,0.5086228438423417
65383,0.21399433027257767
65384,0.5237133580017685
65385,0.3524620991273045
65386,0.5207202468177646
65387,0.428988669920927
65388,0.48701586388128687
65389,0.5015606158421553
65390,0.35316672014313233
65391,0.50989945591906
65392,0.26845795840728714
65393,0.26427074748775486
65394,0.5177882478739363
65395,0.5369887277058164
65396,0.48717879268512676
65397,0.5405837545016969
65398,0.523559284843213
65399,0.43030656931058286
65400,0.48204350547119185
65401,0.4174482139774334
65402,0.3743049542072487
65403,0.5158742048625836
65404,0.5308928486693035
65405,0.5160306112387008
65406,0.4798431256397683
65407,0.7027841258221255
65408,0.41052497359804685
65409,0.42539169392177884
65410,0.48417810040692927
65411,0.569670936841178
65412,0.5213464147303515
65413,0.506163499452039
65414,0.5119989103124233
65415,0.5379747681784981
65416,0.54694156365213
65417,0.4238324768378563
65418,0.48465606050712745
65419,0.3086085561920591
65420,0.5569672155829454
65421,0.5426494945565405
65422,0.4960457365048137
65423,0.6103411885420782
65424,0.2504467109703403
65425,0.5365075928638023
65426,0.41082536541855164
65427,0.5236030453468086
65428,0.408419414287325
65429,0.5092269472632301
65430,0.33530060011205126
65431,0.5295808546815959
65432,0.4033501558677163
65433,0.5179471828719832
65434,0.4548903043804161
65435,0.3996016472369866
65436,0.5108100722997847
65437,0.5491887006876303
65438,0.5357224218522724
65439,0.496364248210189
65440,0.47439859774019516
65441,0.5329100443506706
65442,0.5350766309922568
65443,0.5560986734526707
65444,0.5080939670071578
65445,0.36571602297813977
65446,0.41892206928702747
65447,0.48909130425699854
65448,0.4187752975835299
65449,0.8421797983015009
65450,0.5683172784226284
65451,0.55388898018661
65452,0.38094625303239765
65453,0.49888830280519136
65454,0.46876054710515225
65455,0.4674238709187305
65456,0.5039462502598997
65457,0.30730589739057435
65458,0.5287807242809739
65459,0.46928417878958734
65460,0.450105817275412
65461,0.5609312331173022
65462,0.33319256807227154
65463,0.4816876702555352
65464,0.4579457524178233
65465,0.5385908834679415
65466,0.5070144094329244
65467,0.5334187330106409
65468,0.5446928063428711
65469,0.5257080302781683
65470,0.535837580994888
65471,0.568212845512717
65472,0.5107806487812727
65473,0.5135647319552089
65474,0.5409027483085527
65475,0.5386104596129385
65476,0.4925643497480847
65477,0.41878205670706886
65478,0.49306015100098854
65479,0.5090601778756261
65480,0.5527820522253404
65481,0.5549977187305012
65482,0.2923059125192856
65483,0.5378722009876986
65484,0.5403068723951386
65485,0.8795177783209318
65486,0.4649409365268224
65487,0.5150086702147584
65488,0.4793086789366984
65489,0.44248651471597455
65490,0.47785115984400295
65491,0.5147806919559228
65492,0.28003993776105046
65493,0.28603693697965227
65494,0.5198390196032056
65495,0.3967436998059892
65496,0.5016353554343147
65497,0.45575062654631315
65498,0.4835970253095603
65499,0.5491466054584094
65500,0.5571821783358057
65501,0.3264252694489178
65502,0.5143222962201789
65503,0.5548986854011999
65504,0.3797238868342051
65505,0.4153682451312224
65506,0.4901823139848213
65507,0.5530503462697913
65508,0.4497418843596217
65509,0.5428628955409497
65510,0.5440733465333668
65511,0.5416503457971835
65512,0.3180501077485034
65513,0.5094178196487967
65514,0.55445360145389
65515,0.5348200246415288
65516,0.45861476584450844
65517,0.40142935003677016
65518,0.5630770082353906
65519,0.5332564598094356
65520,0.4651317824730605
65521,0.4435590777357063
65522,0.8664119607711039
65523,0.5654070647048154
65524,0.5407212186663573
65525,0.4414268860809981
65526,0.5185040398887183
65527,0.5745192443765308
65528,0.5605564333803957
65529,0.6773572113708151
65530,0.536276317786061
65531,0.4955908319000838
65532,0.3768959077804984
65533,0.5213134234053362
65534,0.5277409947115682
65535,0.5724959834891539
65536,0.4819576157865134
65537,0.4103831309811199
65538,0.5161860103314312
65539,0.4994646750880679
65540,0.45975144381008864
65541,0.33529334869801575
65542,0.4871835035754999
65543,0.43261945554133036
65544,0.5787761413166691
65545,0.5303406138833313
65546,0.5702838813786845
65547,0.5395527933119619
65548,0.5145088021330579
65549,0.24339292173865584
65550,0.5672799215739317
65551,0.39964645217691835
65552,0.4682140164027802
65553,0.50374625365914
65554,0.2905097582634382
65555,0.28428078998310036
65556,0.5115113943253223
65557,0.45566377092992016
65558,0.3689799643712565
65559,0.4962728986526549
65560,0.42498761010463704
65561,0.36362273771051246
65562,0.5116754445193507
65563,0.3106349507025466
65564,0.5753651426393005
65565,0.4295996363984355
65566,0.5447353076567555
65567,0.4880041784265847
65568,0.3382658530097783
65569,0.3752327874833726
65570,0.41347445129410054
65571,0.46650554945675665
65572,0.5448310022365461
65573,0.5346701625868401
65574,0.5028978010597985
65575,0.39857204372041527
65576,0.8529581732714571
65577,0.514877931226147
65578,0.5102997317766398
65579,0.5183477973188176
65580,0.5322729451353554
65581,0.5345045708862949
65582,0.5428514649441142
65583,0.49583417832293425
65584,0.3952835677328493
65585,0.4028187748763649
65586,0.491629692444525
65587,0.4124695725878995
65588,0.4549800595753526
65589,0.5421330044061958
65590,0.44077437206220066
65591,0.5044033892670656
65592,0.24467483970409967
65593,0.24663225458405214
65594,0.3542402827182603
65595,0.3294552774080375
65596,0.5219789212750853
65597,0.5336509971695949
65598,0.5533465624259094
65599,0.558325928517088
65600,0.41862022921552106
65601,0.5065745066448342
65602,0.44974414755985015
65603,0.5024907931853315
65604,0.4463221288695116
65605,0.422378295993551
65606,0.5266916354213865
65607,0.39332436236503365
65608,0.4459732719817549
65609,0.551335271230775
65610,0.5142864554338186
65611,0.7860166039827368
65612,0.40482971449479366
65613,0.4282170808645561
65614,0.7800554925163372
65615,0.5350340592452576
65616,0.3783499853638688
65617,0.49802794950077023
65618,0.5259032404947656
65619,0.4834570907627851
65620,0.5291051574523701
65621,0.4820346734140259
65622,0.45788871497718125
65623,0.5670885809691074
65624,0.3165591561820492
65625,0.5318174888519469
65626,0.5517596541386207
65627,0.4393084668138553
65628,0.4656987620893017
65629,0.26871743389114155
65630,0.4983782600002691
65631,0.5331378228560717
65632,0.41862213904197837
65633,0.5310908972965857
65634,0.46803107698987784
65635,0.42701907947038853
65636,0.4301775872002079
65637,0.5151105910991186
65638,0.542885231002556
65639,0.19769527626367556
65640,0.44200842421925385
65641,0.5155755076147298
65642,0.508383050482321
65643,0.5301990038645792
65644,0.42651715212278324
65645,0.4319553724862044
65646,0.5172602049374896
65647,0.5633131467366901
65648,0.5287423491954366
65649,0.42378849057053847
65650,0.5540246029358955
65651,0.525058143290678
65652,0.498951583469909
65653,0.5041493744009264
65654,0.45692039826634673
65655,0.2768367346447774
65656,0.5355633357846722
65657,0.5116781203861518
65658,0.5150590253836904
65659,0.5256505120147886
65660,0.6106629629500063
65661,0.45300932331900573
65662,0.4167662163458206
65663,0.4096622392211362
65664,0.5125273138141824
65665,0.48892418476348337
65666,0.5369458917229646
65667,0.44442047572193943
65668,0.5299491984092218
65669,0.4854545273709502
65670,0.4564731979362666
65671,0.4379403167534499
65672,0.4139548440531955
65673,0.4431567869769567
65674,0.5047918338926267
65675,0.42957671132180647
65676,0.8430741748829413
65677,0.5302871715605812
65678,0.4302669691421167
65679,0.2828958712086335
65680,0.526419195864009
65681,0.48405551878287795
65682,0.5561989473366258
65683,0.43390320034257157
65684,0.5325473746362518
65685,0.27445028814663797
65686,0.8610695212809971
65687,0.4767792751480276
65688,0.5174758546161721
65689,0.5726705119465426
65690,0.4568879602468104
65691,0.48311793011517584
65692,0.5557106065462312
65693,0.8406320544914944
65694,0.5301630017119932
65695,0.352164528722651
65696,0.35772001114315666
65697,0.4798936244856755
65698,0.5257684024948173
65699,0.5541067939046568
65700,0.3692279291250298
65701,0.4475538101424385
65702,0.5412177219614167
65703,0.47529735841307214
65704,0.506555970840819
65705,0.4424511511958394
65706,0.4501488431191453
65707,0.4682094263514083
65708,0.5457501993176311
65709,0.5382929115999344
65710,0.4920975646136959
65711,0.5170362984563031
65712,0.5330598641944072
65713,0.4587801235541978
65714,0.5126914407018163
65715,0.5616841674543914
65716,0.4484963107061324
65717,0.5480852395538721
65718,0.505354595870326
65719,0.5225511166538461
65720,0.5182336550225377
65721,0.3957188408929819
65722,0.48323432112208303
65723,0.478472061912445
65724,0.5168649859172346
65725,0.44811646933279536
65726,0.39842457461771447
65727,0.5985509529521407
65728,0.41817293152657437
65729,0.3969450979775615
65730,0.4322565425057278
65731,0.3972007989516065
65732,0.5350276363568294
65733,0.4375831323721341
65734,0.3889645571607365
65735,0.5835756578885033
65736,0.4901043966432125
65737,0.27733142718013964
65738,0.41574971324742965
65739,0.5499774306018657
65740,0.4087564605274833
65741,0.45538387568774885
65742,0.5243726316016933
65743,0.5441374271754433
65744,0.528515675815546
65745,0.46833777545939753
65746,0.42763061340126607
65747,0.8713075211489618
65748,0.43177414066060654
65749,0.5326445904846288
65750,0.30365369350454247
65751,0.5374511242325504
65752,0.39543212394296984
65753,0.6221510007386327
65754,0.23494999244565623
65755,0.47133824852543676
65756,0.5012877685078341
65757,0.39832890291527834
65758,0.5116769354980936
65759,0.3556006408673222
65760,0.5097142765080188
65761,0.5501600613530924
65762,0.427869076244372
65763,0.3142726309161484
65764,0.49991868785355215
65765,0.4299324968819757
65766,0.5505297593497492
65767,0.5319194009677265
65768,0.8342221060880524
65769,0.526360698205361
65770,0.4880951736846798
65771,0.49207870261558545
65772,0.41120738552096325
65773,0.5460760070246711
65774,0.5490839923026941
65775,0.569946729199109
65776,0.5116453156898321
65777,0.46501166817287426
65778,0.37233063540081796
65779,0.5210339971312389
65780,0.5058519390287401
65781,0.4984831079114898
65782,0.23005233289600652
65783,0.4274704819565492
65784,0.519507782705201
65785,0.49650651617888136
65786,0.3436542125770347
65787,0.6751535407942598
65788,0.32325631171063285
65789,0.4205902227667598
65790,0.5059960201738386
65791,0.8811036931448424
65792,0.44997938760967954
65793,0.41214104608957847
65794,0.27494442218538473
65795,0.49431519683122943
65796,0.4822079536308997
65797,0.5253362919970135
65798,0.4485541237457221
65799,0.5181396802665839
65800,0.5007602125610049
65801,0.5533010753828109
65802,0.4409642070456245
65803,0.5302896596402805
65804,0.4753100061992826
65805,0.34678507995993246
65806,0.4209536237483227
65807,0.5685161968169498
65808,0.5335023106907717
65809,0.44159616541194463
65810,0.5482422644737088
65811,0.4334541462044786
65812,0.5406982390199768
65813,0.5501890897366403
65814,0.5370152738876635
65815,0.5209772874606498
65816,0.3129325242930857
65817,0.405532426542244
65818,0.49184377319827827
65819,0.5856819336241589
65820,0.5414766315430598
65821,0.7830326505031587
65822,0.5359110013400604
65823,0.6150348466951097
65824,0.5153355601856489
65825,0.4080024858982436
65826,0.3234911292560617
65827,0.4218478734783348
65828,0.4885712690365351
65829,0.5702539536624938
65830,0.5222564649778334
65831,0.852074018086534
65832,0.21710448175691244
65833,0.7320097732447
65834,0.3583557106854755
65835,0.5120208904930055
65836,0.4635046168551773
65837,0.5311596999300454
65838,0.568718328608904
65839,0.5187952022464094
65840,0.5450967634727802
65841,0.5630438422755873
65842,0.5626180421345347
65843,0.5900560781397206
65844,0.3973407387172749
65845,0.5209729811272494
65846,0.27197142306137334
65847,0.25403253017925065
65848,0.45353317146357885
65849,0.42400765429169696
65850,0.4396944793965711
65851,0.4197826769080423
65852,0.518425483777697
65853,0.5475340287022532
65854,0.5759412874187654
65855,0.39552251942862904
65856,0.5319259233042998
65857,0.5282063258800312
65858,0.5381094596596613
65859,0.5204193516130105
65860,0.6330861471597249
65861,0.5600625557406255
65862,0.529082494082488
65863,0.5167096195259689
65864,0.4663901234686214
65865,0.2612817135266519
65866,0.5260151751927139
65867,0.5182104827441735
65868,0.5179483421519403
65869,0.5155395301647686
65870,0.5451188884972514
65871,0.4832517140212817
65872,0.5583136125048916
65873,0.5132505763098346
65874,0.5386564858877875
65875,0.5148366193506942
65876,0.4493486300179765
65877,0.5594473121685445
65878,0.5218433268967286
65879,0.401170645399811
65880,0.45341142733871315
65881,0.5009002053924986
65882,0.5040386341261706
65883,0.3644995051754284
65884,0.5057405672304753
65885,0.4476276314918922
65886,0.4521047405109103
65887,0.4985414546543645
65888,0.37253917382779106
65889,0.4400164569042465
65890,0.5163495402944228
65891,0.571778998683758
65892,0.5228299073382043
65893,0.4565981643824735
65894,0.5114842483462224
65895,0.21008035407133863
65896,0.4232905263469338
65897,0.5322050975485257
65898,0.4934464262952519
65899,0.47766337907309164
65900,0.5752904484704662
65901,0.5392943011724813
65902,0.417233135823993
65903,0.3980525743880824
65904,0.5390364294334249
65905,0.2707611824968371
65906,0.5610582993562825
65907,0.566443821383371
65908,0.32218314291245514
65909,0.42718289849887153
65910,0.28202264837888924
65911,0.5483113191757071
65912,0.5116767101177909
65913,0.5102480606076856
65914,0.5001990282187831
65915,0.5586045403784332
65916,0.5085858960717368
65917,0.4170845247226722
65918,0.7681397573587095
65919,0.47372648675954765
65920,0.4522623913067912
65921,0.5144511757395099
65922,0.42739705389210986
65923,0.5711657234171493
65924,0.4571153401322867
65925,0.5789213780413576
65926,0.5052921502613505
65927,0.44782619289734266
65928,0.47066007823160366
65929,0.5117948338950616
65930,0.5530759199861167
65931,0.5496909435602206
65932,0.41793759851357576
65933,0.5050027677227947
65934,0.5365088805145094
65935,0.4445068839474328
65936,0.5302724062297111
65937,0.4583609236460041
65938,0.5558382496428724
65939,0.45251909921715483
65940,0.46438649277665933
65941,0.39518408735984145
65942,0.17956221155006444
65943,0.5057516974144586
65944,0.551671374886107
65945,0.47202359321488163
65946,0.5576465193537045
65947,0.5399182380661066
65948,0.4545190800809058
65949,0.4626191719022426
65950,0.4422027323275145
65951,0.5584861580266931
65952,0.4491666569652995
65953,0.4302518755789691
65954,0.40296641012094087
65955,0.5426280602024228
65956,0.535013002909339
65957,0.40321575271367055
65958,0.6237819412031799
65959,0.5631345518489197
65960,0.4404588293512006
65961,0.5371895331668916
65962,0.5759139815659692
65963,0.2967747987219559
65964,0.48879646573486796
65965,0.39632333825140903
65966,0.5688650038899749
65967,0.5206004689604399
65968,0.5442741878913677
65969,0.40438388509847173
65970,0.4490376629717231
65971,0.5598315861640865
65972,0.4539507062894335
65973,0.537480984653198
65974,0.4746800681029743
65975,0.593504223892345
65976,0.44572359480555496
65977,0.5465819891741717
65978,0.8420993275696268
65979,0.3858437315736412
65980,0.37737833624621253
65981,0.41260499897789754
65982,0.4698920230155879
65983,0.5462365863555333
65984,0.5410796826411053
65985,0.4730512738080814
65986,0.5323489145526149
65987,0.5082250019836715
65988,0.5169519336953722
65989,0.4379964537108116
65990,0.45367963429664077
65991,0.5930956011084866
65992,0.4114441030437236
65993,0.5015185586792932
65994,0.24257165473182346
65995,0.3680574240717691
65996,0.3599992217155949
65997,0.4364198227802536
65998,0.5848212397338719
65999,0.3903458823741735
66000,0.5694547918219198
66001,0.49293602771090933
66002,0.48291836475342803
66003,0.41017762320641776
66004,0.48451219080874536
66005,0.4025533409521219
66006,0.5690428317703927
66007,0.39098876439318675
66008,0.4928444357166884
66009,0.5266505100201833
66010,0.5410011427358082
66011,0.5761885330584079
66012,0.5209738171716904
66013,0.4184226209811949
66014,0.4762025036572087
66015,0.4313770812954494
66016,0.5680689852918941
66017,0.507982782686009
66018,0.587570824609096
66019,0.484123664945734
66020,0.5312557054047412
66021,0.5146751585707887
66022,0.4028494173360613
66023,0.4369267984602122
66024,0.48792340329989703
66025,0.6175963697723386
66026,0.532132655968613
66027,0.2891988539847221
66028,0.5096682477817214
66029,0.4360851556788942
66030,0.49452113155638555
66031,0.41607883971754195
66032,0.42251835097068846
66033,0.5084618236611679
66034,0.3927133107597419
66035,0.5119513237402573
66036,0.5265391736253557
66037,0.503510722552998
66038,0.5204935819845578
66039,0.5406193366182288
66040,0.5073653005581166
66041,0.5121937991381897
66042,0.3570348131710134
66043,0.4685541038986379
66044,0.3982766963429407
66045,0.5658365390417741
66046,0.5446481981138906
66047,0.5062402183484703
66048,0.4420618281660909
66049,0.48506660474984165
66050,0.43801707037547427
66051,0.42200046672328245
66052,0.4841462265107516
66053,0.6004197984006157
66054,0.3238625553601789
66055,0.3607650980210763
66056,0.48910484595985365
66057,0.3374224544778377
66058,0.5069288953138523
66059,0.5327675728165112
66060,0.5958133056415812
66061,0.2331958452541228
66062,0.34093173815469324
66063,0.8141513893329567
66064,0.5129457112193626
66065,0.5111591036515796
66066,0.5449372416665595
66067,0.2646253416231492
66068,0.37806634413601403
66069,0.5313602510366897
66070,0.4124802508768664
66071,0.4937051634214114
66072,0.5504258239685583
66073,0.48813524746025744
66074,0.46095640416606526
66075,0.5241037525440398
66076,0.39145005548633954
66077,0.5089016396849532
66078,0.5169152216394329
66079,0.5295251934608798
66080,0.533468889306741
66081,0.5450687481354444
66082,0.5858864531556965
66083,0.5597089373791841
66084,0.4371536108320323
66085,0.5373600013504126
66086,0.7655648287758212
66087,0.5184797781312964
66088,0.5256562712066671
66089,0.35374533552237686
66090,0.39981130145096966
66091,0.5395604125728707
66092,0.371811454565007
66093,0.39474522482432917
66094,0.39497092645856946
66095,0.4953032637928295
66096,0.35881993617433994
66097,0.43345952921838055
66098,0.4576603392887731
66099,0.522380121755668
66100,0.4003151679703091
66101,0.49063775581375924
66102,0.30611907670061483
66103,0.4728557688641043
66104,0.5314096782414822
66105,0.5544093754684182
66106,0.5201971951208106
66107,0.5325994323318458
66108,0.4355022497875969
66109,0.5707128959085876
66110,0.4284314362593059
66111,0.5194817851556733
66112,0.44091560374122013
66113,0.4828395744483941
66114,0.48711536691993973
66115,0.5406504007526518
66116,0.7709369799524446
66117,0.5481389486489486
66118,0.4043797475212919
66119,0.7227415606710041
66120,0.42347329523293686
66121,0.4341523051847111
66122,0.2783619643360669
66123,0.5205294966373736
66124,0.5331685180116768
66125,0.5452668440215921
66126,0.43986338399505376
66127,0.5398272127939768
66128,0.4793774113864713
66129,0.45797348996994386
66130,0.47200430676808447
66131,0.4164684911517138
66132,0.4946341493953938
66133,0.3318213149702289
66134,0.5145325030837499
66135,0.48820737600349656
66136,0.8252164166350694
66137,0.568992043274412
66138,0.5125129372180228
66139,0.4858229321658688
66140,0.5682049847786205
66141,0.49734976392074975
66142,0.5834643641856495
66143,0.47896051094048087
66144,0.5078314469929066
66145,0.5395686311114161
66146,0.34199706532516283
66147,0.6163839274150603
66148,0.586104926340879
66149,0.24368253806834167
66150,0.5246055304836179
66151,0.5423214414416572
66152,0.567814586177004
66153,0.4127243444220057
66154,0.516505692695276
66155,0.4712490670669115
66156,0.5545870966777593
66157,0.4299354214115308
66158,0.4644480777695227
66159,0.5305401339806602
66160,0.5190397791489474
66161,0.4578237007192339
66162,0.5605852323359743
66163,0.40714008767638016
66164,0.3676819467107572
66165,0.4508528246686001
66166,0.5362205784437001
66167,0.5046453216326103
66168,0.5074341795163221
66169,0.5270474121205524
66170,0.5801495412703169
66171,0.49147200292703463
66172,0.5464691042663496
66173,0.5178863811928262
66174,0.8112783994449043
66175,0.5498810556936068
66176,0.7745866849438968
66177,0.4643667590564331
66178,0.5156507197537291
66179,0.5460855795886416
66180,0.40342841543166125
66181,0.35466945892200924
66182,0.45372844782372485
66183,0.3965500054822745
66184,0.47993258637876657
66185,0.5111127641022841
66186,0.5368317543422171
66187,0.8027793326414419
66188,0.38966989258517937
66189,0.4970709116298097
66190,0.26586858747835507
66191,0.538708769662181
66192,0.5565461381239682
66193,0.5344028668043351
66194,0.4806166227457176
66195,0.4927485912758126
66196,0.6322415629521
66197,0.3971398434732005
66198,0.3652743152692357
66199,0.49348669875994716
66200,0.5068088211283924
66201,0.5307120142171298
66202,0.49752312920430464
66203,0.46604668840800817
66204,0.5683530298362413
66205,0.5659863345016884
66206,0.4831166695180352
66207,0.5106785871287669
66208,0.5774798524555192
66209,0.45717617200224625
66210,0.5630403659649394
66211,0.41417950559768946
66212,0.5757283208487987
66213,0.43350719354818473
66214,0.47403704099853095
66215,0.50892563582941
66216,0.43463610931043284
66217,0.34152882525023404
66218,0.5495671874697324
66219,0.4716015548684504
66220,0.3076068984230842
66221,0.5821817829517649
66222,0.5044525573636214
66223,0.47838526025583333
66224,0.5215762314010691
66225,0.5125551332340831
66226,0.5711341322123603
66227,0.5487834040820816
66228,0.45211420846230843
66229,0.4438818185641383
66230,0.5135415126723756
66231,0.5250224036828859
66232,0.5128264322535039
66233,0.44291473150917166
66234,0.46245785648519216
66235,0.4917325999238835
66236,0.5008709816327891
66237,0.4971722703717324
66238,0.44817780895072834
66239,0.5208261187313329
66240,0.3676673634817084
66241,0.4577857244574431
66242,0.5587039252261575
66243,0.4097304046547247
66244,0.3165468205426149
66245,0.5749832718815218
66246,0.47143181083088437
66247,0.504124902507729
66248,0.5289617063493762
66249,0.5541372109958136
66250,0.5011929043912078
66251,0.5630048108830316
66252,0.4332650680128265
66253,0.3834373213060707
66254,0.5232595769278136
66255,0.5528831110990372
66256,0.54062524754426
66257,0.329429734873986
66258,0.5549626086316028
66259,0.5547693360253486
66260,0.2603164316901896
66261,0.42202295416171126
66262,0.3998464922508074
66263,0.5808274466137759
66264,0.5008039928466949
66265,0.5055622521163312
66266,0.4784002062670796
66267,0.4580645385910141
66268,0.51794978210144
66269,0.39364165005211194
66270,0.44026369658755926
66271,0.49522163705959776
66272,0.41186800627939546
66273,0.47652868973777956
66274,0.5507745942129035
66275,0.5300908539331403
66276,0.42006393912533585
66277,0.5029718313157613
66278,0.3002353595604647
66279,0.2570980509277894
66280,0.3403438288632127
66281,0.4299802801547781
66282,0.5076506203139416
66283,0.5530356434873853
66284,0.43692432060048875
66285,0.387517825999843
66286,0.48552217339282083
66287,0.5620524480147263
66288,0.4387282071729374
66289,0.5225940086489652
66290,0.2301161168949646
66291,0.5147593092196763
66292,0.47379521678000047
66293,0.5096757726174661
66294,0.4282923400454174
66295,0.5609169900961875
66296,0.44130082584526426
66297,0.5263046487603509
66298,0.7666089981406615
66299,0.5529394315509193
66300,0.5514780481801057
66301,0.8621845398051974
66302,0.40559817986703856
66303,0.49137603432629395
66304,0.5575616871239333
66305,0.5365125441383317
66306,0.5220326164322208
66307,0.4564299580812253
66308,0.41784315625184276
66309,0.49511851011788055
66310,0.543535497771455
66311,0.5927800657716246
66312,0.4262692667290139
66313,0.4594720561137052
66314,0.42617791681120304
66315,0.5545670410997322
66316,0.45804768308563465
66317,0.5318928159871252
66318,0.543792449842389
66319,0.5666271814221898
66320,0.4884060668597662
66321,0.4095848378991827
66322,0.3157561968997877
66323,0.44338480894910437
66324,0.5143780922150694
66325,0.4509030845534104
66326,0.5423426608564117
66327,0.5741455928847602
66328,0.5337887607446848
66329,0.4172012488385826
66330,0.5343425415417054
66331,0.573984407976975
66332,0.49433218345308383
66333,0.5682177027511246
66334,0.5500834960045787
66335,0.5217243135479004
66336,0.5107932652676574
66337,0.557376547096642
66338,0.4024737579834544
66339,0.39300081090768635
66340,0.5242120414298237
66341,0.4182947350392103
66342,0.3926877882470365
66343,0.4822751673662802
66344,0.4841996850147835
66345,0.5116285424830073
66346,0.5558643565191445
66347,0.5311309435824536
66348,0.44128607245533363
66349,0.5144677773390427
66350,0.4299428011473187
66351,0.5217618972358228
66352,0.4187957691375347
66353,0.4042364972024543
66354,0.14246905799543774
66355,0.5588378781065485
66356,0.5259230340339329
66357,0.532039107191552
66358,0.2581042692227235
66359,0.5012719187672217
66360,0.5218510028992641
66361,0.522442082496104
66362,0.4473655895577531
66363,0.29428016187815975
66364,0.4308157756737946
66365,0.5039181396384621
66366,0.44737993348038513
66367,0.5435008165351184
66368,0.500948080033778
66369,0.571793744581376
66370,0.4875291902567783
66371,0.4299950010135989
66372,0.5146108134819404
66373,0.4275864564072996
66374,0.36006184772076694
66375,0.5290929774912191
66376,0.5834632311440172
66377,0.7815625327073082
66378,0.5528775412497557
66379,0.2675207136932292
66380,0.48793014753756
66381,0.8011075676924231
66382,0.36950771692295953
66383,0.5434373508866656
66384,0.5195160950710411
66385,0.4825111963644993
66386,0.3465133326070904
66387,0.5258335481695148
66388,0.380739361387741
66389,0.4564862243759918
66390,0.4047580374909694
66391,0.5184527794163794
66392,0.3337034806785452
66393,0.47764084183064104
66394,0.5602512508303163
66395,0.4335607187430466
66396,0.3750344747556071
66397,0.43959884352398026
66398,0.42845310353820654
66399,0.5144255447939782
66400,0.5189616048346448
66401,0.4572193303136864
66402,0.4494408735096435
66403,0.3986116928000385
66404,0.41717427393631507
66405,0.5456512291561422
66406,0.49242844526505125
66407,0.4907294793430261
66408,0.5061677614983787
66409,0.5419487972079533
66410,0.5410416941064967
66411,0.4899505449746812
66412,0.4136956906242269
66413,0.7616820777932868
66414,0.5016217869318651
66415,0.3114091887654271
66416,0.4153360164776214
66417,0.38113027310240033
66418,0.5457536960748784
66419,0.5727425307768589
66420,0.3823999490824064
66421,0.469724293332669
66422,0.35648862914546403
66423,0.7366891864086914
66424,0.5557957914976497
66425,0.4845266149669842
66426,0.543103800144749
66427,0.355057647784064
66428,0.5203679168182017
66429,0.47019792413175965
66430,0.555733906741513
66431,0.38314587683243684
66432,0.3963136180015476
66433,0.4207093059598177
66434,0.5551970623507259
66435,0.4925865209027232
66436,0.4845977116432576
66437,0.5150792668862186
66438,0.5476079489950322
66439,0.43873689202687616
66440,0.8129923885749104
66441,0.4207429635934423
66442,0.2623300597578803
66443,0.5281422257740577
66444,0.4801374962465801
66445,0.5171164027819668
66446,0.513580570223206
66447,0.5647566892286141
66448,0.26851924812213535
66449,0.5207259686532942
66450,0.39888617487946787
66451,0.5410392034356926
66452,0.5256289720717161
66453,0.48176806308572356
66454,0.4071154932810512
66455,0.39058643705573437
66456,0.4744940913868364
66457,0.4476069503709761
66458,0.39329762856853995
66459,0.4770119039837409
66460,0.5497143914022004
66461,0.46799388868252845
66462,0.8654299892490954
66463,0.5357558533625625
66464,0.8033990445891227
66465,0.5276390493291151
66466,0.8493909236314997
66467,0.5456120974149457
66468,0.5164399560939953
66469,0.5418929807996062
66470,0.8207668563181453
66471,0.4947534718419493
66472,0.5718095465248264
66473,0.36488377824482005
66474,0.4828788093620674
66475,0.5260888063702897
66476,0.5558585895315825
66477,0.5223112559561708
66478,0.4735471767161361
66479,0.3075189669316811
66480,0.440785415966361
66481,0.434977546244774
66482,0.491880654419502
66483,0.4488354244556606
66484,0.5296503734479798
66485,0.5147041647897924
66486,0.532249742767033
66487,0.4308452357142774
66488,0.5853844656990065
66489,0.5654047172725065
66490,0.5019072192819639
66491,0.5310126479757872
66492,0.48882846652654827
66493,0.5632979854429716
66494,0.46591771663879183
66495,0.5068648820215848
66496,0.8586600928385086
66497,0.42002321975506773
66498,0.504405949661336
66499,0.5203441819316194
66500,0.5431947247536986
66501,0.5548388119189455
66502,0.4604725098055399
66503,0.37614494018035205
66504,0.39912523988283893
66505,0.5021287259009404
66506,0.4842927863517947
66507,0.3903364847045061
66508,0.45006830331056064
66509,0.5158939703039711
66510,0.5676375771079631
66511,0.400347585977655
66512,0.5418638599443117
66513,0.46657243321287023
66514,0.49087852058438086
66515,0.5524589763872794
66516,0.6236973923436843
66517,0.4160893879306081
66518,0.5417354741866857
66519,0.5211593986349321
66520,0.4319530459254529
66521,0.3775686463906087
66522,0.5394434916105623
66523,0.5400432405974538
66524,0.46435066848571843
66525,0.3433894101497542
66526,0.46465704956707077
66527,0.5185204457895338
66528,0.5486422773329545
66529,0.5086185911782194
66530,0.4769467398845155
66531,0.4480892124825018
66532,0.5124146873388439
66533,0.42469590345957453
66534,0.30771942978479594
66535,0.413281551400788
66536,0.43284030115968836
66537,0.38427721429337947
66538,0.36579353882789833
66539,0.5402206050775344
66540,0.5063143205923649
66541,0.44027732669120706
66542,0.4691379900291573
66543,0.4894597683604232
66544,0.5418217313315548
66545,0.5094219180205855
66546,0.4998466401991938
66547,0.5230438818372604
66548,0.5315271759114775
66549,0.513610384403129
66550,0.3489461047660052
66551,0.4087713960697171
66552,0.4594243832835629
66553,0.4124046037213429
66554,0.539208472567811
66555,0.5252322195560049
66556,0.40525973346946315
66557,0.5347662009415226
66558,0.3810456920733408
66559,0.43263108725902316
66560,0.46414157595495453
66561,0.490570400710155
66562,0.543206546864607
66563,0.47462248951181446
66564,0.5222450235405527
66565,0.5354869408179046
66566,0.5102372851577158
66567,0.360182865095069
66568,0.4638956406799609
66569,0.3761033579988368
66570,0.6017841092961038
66571,0.5615169861189463
66572,0.4310215560140687
66573,0.8483632086430045
66574,0.5398798090984052
66575,0.26511152237795266
66576,0.49253043634978105
66577,0.43916492384935574
66578,0.4477975177769637
66579,0.365763305985646
66580,0.45719482291884783
66581,0.5025253377744485
66582,0.4775680890188115
66583,0.4654983452927406
66584,0.704129081263079
66585,0.46414555582137135
66586,0.5098273964444744
66587,0.5315624404951454
66588,0.3760261869980607
66589,0.2982115855461688
66590,0.5578261267210958
66591,0.5796385680572911
66592,0.5988631736916311
66593,0.8700839735538973
66594,0.4616759810609972
66595,0.4775705593284162
66596,0.5438699889580056
66597,0.43940841080038545
66598,0.38807095206646963
66599,0.2978215390825079
66600,0.5553809102294117
66601,0.5033003749326679
66602,0.5334178475641811
66603,0.5073656663490517
66604,0.37733427579397977
66605,0.43713897702928917
66606,0.4110812841564849
66607,0.5151226124933826
66608,0.5613859233914733
66609,0.5143884697140052
66610,0.3951708979003177
66611,0.8143461052034147
66612,0.4112602580577574
66613,0.8339036120874447
66614,0.5475666119086965
66615,0.5547632898899203
66616,0.5564794195691756
66617,0.44985619487108874
66618,0.49729075458511285
66619,0.5408106513502035
66620,0.49716492184796207
66621,0.4120656350182279
66622,0.46721593617400903
66623,0.5592027428348865
66624,0.5547129987652942
66625,0.5352887562493452
66626,0.4302464330776547
66627,0.5252615700839888
66628,0.42693922416837954
66629,0.5288592998706088
66630,0.5581911267069639
66631,0.5453913971031882
66632,0.4929424853328129
66633,0.4714122469461249
66634,0.6546155958269582
66635,0.4222289286936327
66636,0.3171671031719346
66637,0.4513716284348309
66638,0.4293377563160144
66639,0.33251704922885433
66640,0.5051232237100487
66641,0.2652444623769427
66642,0.5383980757498501
66643,0.8464924040520259
66644,0.5447766711489167
66645,0.7115829451526958
66646,0.5246886964790787
66647,0.25190477353643576
66648,0.4250761967771451
66649,0.3852380309198483
66650,0.3906912127171467
66651,0.5621708254342918
66652,0.45230094262328613
66653,0.443501826411211
66654,0.45901241606141985
66655,0.4994985874966273
66656,0.5735567693696003
66657,0.5106187089862605
66658,0.4871693422716453
66659,0.49361550757620976
66660,0.5142215266471972
66661,0.5336292542802188
66662,0.502955209302029
66663,0.41599887968104937
66664,0.5255342303008105
66665,0.25725867776594474
66666,0.5269652081705515
66667,0.5007074585636497
66668,0.4832310804766067
66669,0.4791716411508689
66670,0.41470970633237986
66671,0.480731287760034
66672,0.4775346598430331
66673,0.5409650715050713
66674,0.4189415615316309
66675,0.411188871905883
66676,0.48490886221692125
66677,0.5112849785761642
66678,0.4093925192240004
66679,0.5799198572005956
66680,0.5167067519535571
66681,0.513835167597106
66682,0.4967961381027991
66683,0.509971563227252
66684,0.5658870122417163
66685,0.4280153049914
66686,0.548866773654813
66687,0.5598716306911224
66688,0.5650700022649545
66689,0.4092508224548565
66690,0.5067523521522433
66691,0.44018019853642826
66692,0.4913531671673627
66693,0.48946477285909357
66694,0.46657075058530284
66695,0.39608125455703086
66696,0.43948479911572313
66697,0.5023841170226189
66698,0.3734921530305612
66699,0.5569655631592514
66700,0.5230822399304648
66701,0.25040258495323886
66702,0.5673766890861613
66703,0.4498652157416551
66704,0.5507663018899932
66705,0.5255887161295385
66706,0.5302807301163767
66707,0.4048000997951989
66708,0.4954240780323077
66709,0.4740300313608075
66710,0.45907392909487926
66711,0.7443805768057857
66712,0.4985570412983051
66713,0.43573211816201185
66714,0.5382304042187349
66715,0.49476644561257516
66716,0.5022603326520183
66717,0.37429477940129124
66718,0.27045934763675605
66719,0.4109636540703734
66720,0.4402887934148221
66721,0.5023253748831573
66722,0.37080604290539987
66723,0.3946404419372171
66724,0.5179565339240177
66725,0.8651715914626578
66726,0.5261812991402695
66727,0.5714391108021141
66728,0.5290988811902585
66729,0.38995179132866636
66730,0.5272851478875193
66731,0.3963071533535533
66732,0.5305878416037456
66733,0.4164976829772345
66734,0.4297867639437709
66735,0.4484171430975109
66736,0.5416224265574712
66737,0.501573130009208
66738,0.49582301526926054
66739,0.44014869370383164
66740,0.5409093037003051
66741,0.47089817414476287
66742,0.45205676620851415
66743,0.5670671926204414
66744,0.469940414990869
66745,0.39437242170766856
66746,0.37660690837266025
66747,0.5682331809331526
66748,0.4206294980972797
66749,0.4529189337269605
66750,0.24385400505485563
66751,0.5656955285355509
66752,0.5409241810237974
66753,0.5674894680638035
66754,0.2583820763872003
66755,0.3412136835217695
66756,0.5484925820836308
66757,0.5290819332184934
66758,0.543131157195726
66759,0.515070436769309
66760,0.5101983923623141
66761,0.5637521787439317
66762,0.5045481668716478
66763,0.3387699611397902
66764,0.8282910278845548
66765,0.572233792232162
66766,0.5457427957808884
66767,0.39015047690840376
66768,0.520536870570705
66769,0.5182241687179836
66770,0.4074126483248928
66771,0.5010998401769556
66772,0.44785974835701986
66773,0.3843642310930769
66774,0.38468364595626425
66775,0.5419595252805308
66776,0.545173426705531
66777,0.45642157074319883
66778,0.4137631051473378
66779,0.532646396381312
66780,0.561588352506398
66781,0.41561720830269255
66782,0.4685902579161754
66783,0.4484988515807422
66784,0.5365497898761218
66785,0.48038036233574716
66786,0.49323987344665166
66787,0.5100473042932931
66788,0.39365906675439805
66789,0.5054279006432879
66790,0.45269958989921416
66791,0.2269406789713018
66792,0.44441438408906125
66793,0.5683145450365022
66794,0.4762227373391565
66795,0.49679065291004176
66796,0.5394896255552084
66797,0.8132151833946296
66798,0.4416018928970687
66799,0.38594023942001227
66800,0.5164943951609253
66801,0.5809708265868573
66802,0.49211871651564004
66803,0.37191890844543496
66804,0.5596385253931933
66805,0.39366514630274885
66806,0.43612956998143954
66807,0.25482333597338985
66808,0.5086653073192018
66809,0.4338235711039381
66810,0.30558884880537124
66811,0.4508185346401198
66812,0.4042076701345345
66813,0.4657667336930369
66814,0.3902771278958247
66815,0.7930773862275659
66816,0.2708521746746816
66817,0.3998443892204901
66818,0.524670875712855
66819,0.6361761912176129
66820,0.4061020829777043
66821,0.5169558292046107
66822,0.4291608801961415
66823,0.5041538769767917
66824,0.4954428163400014
66825,0.4428644589945194
66826,0.4182052249525763
66827,0.41082566816218474
66828,0.5244146865140954
66829,0.45573369598174174
66830,0.3603033193060031
66831,0.35492458023686063
66832,0.5195618489233113
66833,0.44909633480257444
66834,0.41904369131155206
66835,0.5259893302575177
66836,0.20754445077089873
66837,0.4024203711007451
66838,0.47869395294616646
66839,0.3765880240588335
66840,0.2760472194343592
66841,0.3708957652847041
66842,0.35892511402537436
66843,0.2587032231501894
66844,0.4992415125860393
66845,0.47926878511016585
66846,0.21571072855648787
66847,0.5427991064085457
66848,0.49980225370775305
66849,0.45531843667056926
66850,0.5128684334789217
66851,0.40290393292381277
66852,0.4940328789266689
66853,0.9112115434520897
66854,0.5407919228989051
66855,0.4411022874365844
66856,0.4789119787895784
66857,0.5306623207240143
66858,0.4682068279625293
66859,0.4867324087620729
66860,0.4661486200798324
66861,0.514928678862636
66862,0.25025287611022506
66863,0.42975268573657316
66864,0.410614727759701
66865,0.5309098827738791
66866,0.46726176293987987
66867,0.5721461942046664
66868,0.4936050270662692
66869,0.3951304515777147
66870,0.4322419926671129
66871,0.4038525126060681
66872,0.43688435952472576
66873,0.5078314868875684
66874,0.4313377284978722
66875,0.362627872929136
66876,0.4625668625614665
66877,0.3994642808746087
66878,0.43239503487205694
66879,0.48546451454232564
66880,0.42646988587758955
66881,0.5503250030672029
66882,0.5182622739128037
66883,0.8222720916268698
66884,0.5246481854666375
66885,0.3970734976881942
66886,0.5212625883078859
66887,0.5129912324932726
66888,0.8108497858777423
66889,0.5387677073510354
66890,0.5086951493532503
66891,0.4426373220347212
66892,0.5234516277368119
66893,0.4943625931553644
66894,0.4812483286779329
66895,0.42624811223662135
66896,0.5323477258224139
66897,0.45041685898145994
66898,0.33123346439032786
66899,0.4258680163674897
66900,0.800046155526298
66901,0.5578625766283808
66902,0.3576219356502357
66903,0.6100521030789064
66904,0.4186132301130145
66905,0.4325961239782857
66906,0.4723850889089193
66907,0.4876478908850911
66908,0.23029909727209294
66909,0.48510568686163924
66910,0.44544036473609977
66911,0.3334772017843382
66912,0.24527158572889152
66913,0.5496070258409078
66914,0.47128386027310953
66915,0.5240101676619082
66916,0.46161306342193814
66917,0.5751283384732807
66918,0.39573241594087954
66919,0.4411156906707836
66920,0.49823880759201594
66921,0.5158072598124201
66922,0.4431766905584115
66923,0.3447431942865399
66924,0.4502377657829252
66925,0.43057178790202183
66926,0.4975396235958662
66927,0.5006809070745469
66928,0.5237770164867501
66929,0.36977218148838964
66930,0.4564654489105456
66931,0.5378885579658209
66932,0.38861890239824715
66933,0.47349268682782175
66934,0.48443645720470935
66935,0.3742970158224457
66936,0.4076672582516388
66937,0.5580135009810835
66938,0.5337949361880439
66939,0.3597738202101695
66940,0.5756300423982941
66941,0.5635871847054484
66942,0.5610706180146084
66943,0.5144408249308645
66944,0.568499039316454
66945,0.45586321062478263
66946,0.4571151123041263
66947,0.401901264702958
66948,0.2596258782916508
66949,0.4838001246890936
66950,0.5946700544710286
66951,0.36985963574996783
66952,0.3898954683473719
66953,0.45164150524651214
66954,0.4334803149560056
66955,0.4909640620179552
66956,0.4687534680073033
66957,0.4421796863477045
66958,0.42441657326808413
66959,0.5271738280929387
66960,0.4388774488325809
66961,0.46761554364753627
66962,0.44026576677824925
66963,0.5871558187650155
66964,0.5340163810887427
66965,0.5423684012195543
66966,0.4418342823275621
66967,0.41644032869759706
66968,0.5188015133607589
66969,0.5859790181751009
66970,0.5630921424513188
66971,0.3635494520125629
66972,0.4223845710995072
66973,0.2521105090178432
66974,0.5431549723065079
66975,0.47369111203068165
66976,0.42631472100987633
66977,0.4727164416768753
66978,0.5538239559348297
66979,0.48330904672717256
66980,0.40785888708534773
66981,0.4999798183710055
66982,0.5561025862333489
66983,0.4764247741569676
66984,0.3894211357196554
66985,0.3311103397219445
66986,0.2951380587418692
66987,0.5083657742372081
66988,0.48678387163411135
66989,0.25749971445021586
66990,0.4424680134782862
66991,0.4419206432889215
66992,0.27628674470723774
66993,0.5255304667289352
66994,0.4915108107602865
66995,0.7087875906146032
66996,0.5270806571445915
66997,0.3659561575783033
66998,0.4870970603389552
66999,0.40399307044796595
67000,0.5497462990271365
67001,0.5500196641567106
67002,0.5231345140340002
67003,0.37618632023724247
67004,0.47301203729251
67005,0.40573151608244584
67006,0.7690324009418393
67007,0.8501681664037455
67008,0.42018190574553205
67009,0.42422372098448125
67010,0.2952974811032345
67011,0.4461898512403018
67012,0.43383339353239125
67013,0.5302642743227068
67014,0.547624896651713
67015,0.517957338963762
67016,0.544135120648036
67017,0.4569069382518462
67018,0.8613738018464718
67019,0.543493786282814
67020,0.6797332757255516
67021,0.49026209043005775
67022,0.5301791194051271
67023,0.5370608788582929
67024,0.4431485465328811
67025,0.3210327997299076
67026,0.225349014000305
67027,0.4385688671565138
67028,0.4827935648636177
67029,0.5024746209265805
67030,0.5352756911499351
67031,0.3765003660228527
67032,0.5022178349547869
67033,0.7090360598398018
67034,0.49948271499280184
67035,0.5180799281775385
67036,0.5523177437619623
67037,0.5171092759628917
67038,0.4911102883985989
67039,0.3346406237270986
67040,0.4857611185963764
67041,0.5320142945832466
67042,0.5237173281810906
67043,0.4349667520561274
67044,0.4810678690360226
67045,0.3545254706524203
67046,0.5053755717058793
67047,0.5087775532107938
67048,0.5199968791861154
67049,0.47382689692818897
67050,0.5302051925579376
67051,0.5525431014619384
67052,0.34281671103332517
67053,0.5072678200107159
67054,0.546064797411837
67055,0.47520722590672804
67056,0.4850429172293727
67057,0.5163069526356322
67058,0.5080214247287184
67059,0.5433011200184474
67060,0.46530982570765717
67061,0.480768981874173
67062,0.5214968842784649
67063,0.7637930883407443
67064,0.8185137377380722
67065,0.5051924760864207
67066,0.5484381382867258
67067,0.44281482939284955
67068,0.5233686680046453
67069,0.4475245935516497
67070,0.5604780506134449
67071,0.3859035591159708
67072,0.5664771114850718
67073,0.5007147979447459
67074,0.5001281919175308
67075,0.5094593166264065
67076,0.523735621649293
67077,0.4931459896729115
67078,0.4621038977714448
67079,0.4555357661992829
67080,0.5575895247607703
67081,0.44060475609752847
67082,0.5037739850363504
67083,0.467019117922975
67084,0.4608397147472986
67085,0.4368334814005679
67086,0.39974893675851836
67087,0.5466068216181725
67088,0.5012525757052687
67089,0.5110955356790395
67090,0.4189331078842406
67091,0.5193923940170941
67092,0.57027547700543
67093,0.5097537513403535
67094,0.497710447154695
67095,0.1885125280143618
67096,0.24404867929118612
67097,0.4706219137767266
67098,0.5461387622056217
67099,0.5059495299739951
67100,0.5204179232244673
67101,0.5757149251236887
67102,0.4650695514143168
67103,0.555046603516108
67104,0.37566918502234115
67105,0.5261233650116632
67106,0.3793188705044402
67107,0.5419106874658136
67108,0.5193456551203818
67109,0.24590153704130988
67110,0.35745244836303686
67111,0.5398199526097718
67112,0.18622396910068942
67113,0.5369368740289021
67114,0.4967418110404607
67115,0.5781137152059306
67116,0.3673174399952936
67117,0.40830212182898445
67118,0.49876190934712933
67119,0.3671181592448721
67120,0.496009912218415
67121,0.3928087988829892
67122,0.5491502400920486
67123,0.5162495687540658
67124,0.5269413066635039
67125,0.47325749604789397
67126,0.554121167652118
67127,0.4842349126841601
67128,0.3034213824440435
67129,0.4959133686203972
67130,0.4617063025968865
67131,0.4704231751134981
67132,0.44080031643118467
67133,0.47579218657007644
67134,0.5109815385734435
67135,0.4232412884114289
67136,0.54162532148017
67137,0.7291678698311436
67138,0.5279464970670295
67139,0.43807161159797603
67140,0.5191164676336999
67141,0.3994850408570551
67142,0.34441446279484217
67143,0.5334528917558236
67144,0.5325560495567048
67145,0.5217761093873595
67146,0.35355774285422276
67147,0.49149916756606693
67148,0.5187222452021913
67149,0.4449757360020953
67150,0.36856376807471714
67151,0.48127002593178336
67152,0.5267349456947592
67153,0.547163829016708
67154,0.5227998423603052
67155,0.2790017689977876
67156,0.4060084002753741
67157,0.5561242762037016
67158,0.3387393382732321
67159,0.4746145568687556
67160,0.5353667371084486
67161,0.3905685397249913
67162,0.4074348976077311
67163,0.43836783947123137
67164,0.6370818417882037
67165,0.529840847498713
67166,0.4315928106932476
67167,0.4842233019849231
67168,0.44948291929577594
67169,0.5203194797786999
67170,0.27007923046775356
67171,0.35948501958358314
67172,0.4917031710808161
67173,0.42660367164942736
67174,0.4640920190398467
67175,0.5211080711570258
67176,0.41979349365275725
67177,0.5497945376495659
67178,0.4756502827387544
67179,0.25886130898221776
67180,0.42296955846113143
67181,0.459528699935223
67182,0.5419968288653472
67183,0.5026048670541541
67184,0.43972682476448766
67185,0.4314163918405324
67186,0.5517674318352652
67187,0.5136058728754571
67188,0.4202511315082251
67189,0.4619974137019072
67190,0.4540312843909967
67191,0.361898175517424
67192,0.4726035081073924
67193,0.508209495376739
67194,0.5453340352587684
67195,0.4332023485337825
67196,0.5259042626082573
67197,0.5019898902303421
67198,0.2758146263813989
67199,0.6914025870802141
67200,0.4853929797275471
67201,0.4194661393681248
67202,0.4860085156587862
67203,0.541680071769112
67204,0.5089470009242233
67205,0.43235157707274713
67206,0.547656227791484
67207,0.4953168078400154
67208,0.7804563864181225
67209,0.5376342831814404
67210,0.4138344535384539
67211,0.49603261226873563
67212,0.5757510066735567
67213,0.5010751652412733
67214,0.5191527803982026
67215,0.5209207513701262
67216,0.5119927397908495
67217,0.5020331514333656
67218,0.37032367620598267
67219,0.406011723862698
67220,0.5098487817431228
67221,0.4867311741602204
67222,0.5572887296206032
67223,0.5447998204450532
67224,0.4889098588974519
67225,0.5559301809634623
67226,0.41355885194534386
67227,0.5740180883124119
67228,0.42515302819615314
67229,0.45874315899409457
67230,0.5224022957856977
67231,0.5544827452769616
67232,0.39672577260355174
67233,0.4486060771504716
67234,0.46677705362336097
67235,0.42506916362709973
67236,0.5293582479438739
67237,0.5344996315086445
67238,0.5355392841638327
67239,0.48413311132706216
67240,0.5494675054775139
67241,0.30791597432060414
67242,0.47842121342554167
67243,0.4733627453107418
67244,0.4868847098870884
67245,0.48947479799822446
67246,0.2019554876966749
67247,0.5565454120301304
67248,0.5210356514364444
67249,0.5314162554302806
67250,0.45926634260428423
67251,0.4367983757482218
67252,0.5138888120068922
67253,0.41156842631052376
67254,0.565343461415304
67255,0.43269372533536127
67256,0.46210932040606134
67257,0.44457370282214265
67258,0.48371039562862944
67259,0.5309838897226661
67260,0.4372786265969395
67261,0.3615521793711771
67262,0.5415161475601666
67263,0.27875411435624065
67264,0.5711640799655453
67265,0.5391871187918547
67266,0.5263134683917401
67267,0.21772442761140604
67268,0.39976321611996046
67269,0.47521334016304384
67270,0.5011459673266376
67271,0.573819133691031
67272,0.3909705640574427
67273,0.25638719123323284
67274,0.4070752943085985
67275,0.483343772654353
67276,0.4862842558363804
67277,0.5369827901552416
67278,0.5059160665427833
67279,0.5498650137754304
67280,0.2643441829112304
67281,0.41275302015381926
67282,0.38652143077765233
67283,0.5101841561364501
67284,0.555835936294266
67285,0.45507818429046387
67286,0.4538735909521699
67287,0.5459922976359622
67288,0.5212913641841302
67289,0.6244225926071313
67290,0.41853506820683767
67291,0.4353487766038012
67292,0.3805411877160422
67293,0.5667477552487035
67294,0.4799459036759426
67295,0.4423827063391046
67296,0.4232850600514446
67297,0.496358070845032
67298,0.5241966354473739
67299,0.4614587970213678
67300,0.48128897244010826
67301,0.4538671220193001
67302,0.4253030345917068
67303,0.5776527747453605
67304,0.4850057786247009
67305,0.5277323826155571
67306,0.5154378329637211
67307,0.42010832780451407
67308,0.5165663918731359
67309,0.5258326874776714
67310,0.47480642537792367
67311,0.4889598906736804
67312,0.48419054706666803
67313,0.5244915335271766
67314,0.36759980744464016
67315,0.4938231252396632
67316,0.37552988621710126
67317,0.40980942501916545
67318,0.580783699621934
67319,0.4036969980596742
67320,0.3783376607619505
67321,0.5008565422217351
67322,0.5332629620049107
67323,0.49963697425210857
67324,0.5508664574812664
67325,0.38547809306781455
67326,0.5307757582751899
67327,0.5141002463192696
67328,0.24549930102459724
67329,0.4169845367392747
67330,0.5280385756876975
67331,0.4277726843879781
67332,0.494211421785938
67333,0.3951258450284407
67334,0.4666169650597735
67335,0.5041568650418318
67336,0.5210999122499143
67337,0.5361638920860052
67338,0.4181382595028934
67339,0.5472236491960057
67340,0.2425489250313068
67341,0.5505825252839844
67342,0.5482893373317508
67343,0.39106976767171214
67344,0.4303709197846785
67345,0.5144286583001993
67346,0.3750883689995441
67347,0.5241703837361248
67348,0.39926307241442943
67349,0.5286782202259356
67350,0.44730595381424404
67351,0.35309844745534696
67352,0.37863363886423923
67353,0.5070170794147614
67354,0.41352314735973306
67355,0.4320634102298799
67356,0.45484717332560826
67357,0.30779337854618494
67358,0.538776505361009
67359,0.5813710781157685
67360,0.4697712041451472
67361,0.43119202178442684
67362,0.45711475311706284
67363,0.45162820799420417
67364,0.44489103773015204
67365,0.5105579471965087
67366,0.5902233839934483
67367,0.8648688658185127
67368,0.5734442744291343
67369,0.4049474900315403
67370,0.5338687490538113
67371,0.5237676691189542
67372,0.5523356036346572
67373,0.48995656184012026
67374,0.5418357737030156
67375,0.538462143744739
67376,0.575256081113758
67377,0.495321265804938
67378,0.462999885251755
67379,0.4065087256373233
67380,0.4916808394399248
67381,0.45505287111728165
67382,0.5021449219484265
67383,0.5514916171020949
67384,0.5154424674026016
67385,0.6775039722617983
67386,0.28498963132810556
67387,0.5387553961195397
67388,0.5192883327219947
67389,0.5218657317111809
67390,0.44008878078416497
67391,0.3918612293018713
67392,0.545474323205126
67393,0.4056778831193532
67394,0.4991144694661588
67395,0.5445280551974826
67396,0.5197165327868212
67397,0.4062164675450566
67398,0.4002930102859754
67399,0.4876063392553062
67400,0.471058851016052
67401,0.44583959481508206
67402,0.3955421826149413
67403,0.3724615061402164
67404,0.43149791535374205
67405,0.45167695568707933
67406,0.5150249245061754
67407,0.42477298179761563
67408,0.4789137757624565
67409,0.5097318001920471
67410,0.4886555839825567
67411,0.49625587983778713
67412,0.496255497226866
67413,0.3967891799008952
67414,0.4492511471929934
67415,0.390595071769559
67416,0.28304128439316606
67417,0.5300973334427117
67418,0.4008826941564939
67419,0.4741808988775816
67420,0.5112334047369014
67421,0.4902259263473502
67422,0.5204703440088154
67423,0.47414241456433487
67424,0.8333781004350953
67425,0.5485333415679402
67426,0.441862636977995
67427,0.545079713291002
67428,0.5124640327584281
67429,0.572621003427003
67430,0.4319438055862821
67431,0.5057422433492528
67432,0.4299714293388779
67433,0.45444869823309897
67434,0.41416335774902957
67435,0.45425771288701494
67436,0.43488919612598587
67437,0.4874630522251661
67438,0.3788790574531373
67439,0.2954115069990016
67440,0.48054755144825195
67441,0.5275525346393504
67442,0.43540354908548906
67443,0.3948358765079004
67444,0.563589856801015
67445,0.559585679374675
67446,0.5427072081282917
67447,0.5606084696661212
67448,0.5299872748852527
67449,0.5405028472211828
67450,0.4212691498501167
67451,0.36957041137062724
67452,0.4655125535985099
67453,0.468978794395505
67454,0.364072806234442
67455,0.5019059218239305
67456,0.2553286983005221
67457,0.5081969545683717
67458,0.46640312826165087
67459,0.4001172357772026
67460,0.40539985552839275
67461,0.3978655635525258
67462,0.8351428549849048
67463,0.528430923347782
67464,0.49584404539283633
67465,0.3185621086074708
67466,0.3694855047337615
67467,0.5510797231222765
67468,0.3677944678990473
67469,0.5514903627039092
67470,0.32031665251316066
67471,0.4597566711216375
67472,0.5260614992751886
67473,0.5438805861612356
67474,0.47050160771162236
67475,0.8705693881698864
67476,0.48583299442618094
67477,0.4593548660469921
67478,0.4160942886435199
67479,0.5322436461923359
67480,0.5462049356900761
67481,0.5091198220152184
67482,0.49970807529914063
67483,0.2718310491705829
67484,0.5128856992370766
67485,0.5262805410159397
67486,0.4503305129530111
67487,0.49327219195229643
67488,0.518503181392309
67489,0.5397777308298094
67490,0.4397559925600356
67491,0.5373335331132826
67492,0.5166868634481345
67493,0.542357879938717
67494,0.37108731198178174
67495,0.49342885560815775
67496,0.32671307689079476
67497,0.4993416420743452
67498,0.45599086492333024
67499,0.5359921134352102
67500,0.530489623322627
67501,0.42786477843289333
67502,0.4281030126010961
67503,0.49086949750398007
67504,0.49699229265298367
67505,0.5358484259784292
67506,0.4485422231884249
67507,0.3379710624367226
67508,0.5613646477987437
67509,0.5322012133755493
67510,0.550902142767885
67511,0.27325436557089816
67512,0.31797212720134127
67513,0.5589837542710172
67514,0.7937847380214105
67515,0.7017397794614191
67516,0.4519664558298455
67517,0.5294546519245008
67518,0.5315615374738621
67519,0.2665109061287674
67520,0.5536534742825596
67521,0.4841217160054293
67522,0.5222758653713151
67523,0.5210210210097955
67524,0.5691279340288162
67525,0.5151736644308617
67526,0.3934263050125562
67527,0.5111404182932823
67528,0.4541479697533257
67529,0.4233173275705202
67530,0.491097796263228
67531,0.2645701658257217
67532,0.4058691115936027
67533,0.5326925769572661
67534,0.5220196761002202
67535,0.5303270875437458
67536,0.8385630616793117
67537,0.42258984853108095
67538,0.529503047917352
67539,0.4578263970636211
67540,0.35754008864552234
67541,0.4622130543516744
67542,0.5750353411889586
67543,0.5323380398204909
67544,0.4884898563836487
67545,0.5455523170351232
67546,0.5724781624871338
67547,0.4075515184728376
67548,0.49180285750291935
67549,0.5375859471152085
67550,0.4592946091664171
67551,0.5727774404156091
67552,0.4942605298825618
67553,0.5128697017765905
67554,0.28451047720262973
67555,0.5379866733350833
67556,0.4025277402191666
67557,0.7815639983128995
67558,0.5298522283089008
67559,0.3818849826070536
67560,0.459615906800741
67561,0.3040415062851249
67562,0.4638231911956212
67563,0.489847355124525
67564,0.5610102864813672
67565,0.35527886950667303
67566,0.39879371262861324
67567,0.45474043992468
67568,0.12487086857799717
67569,0.45410997889464433
67570,0.5347326701429758
67571,0.5648909629420807
67572,0.38485397963801243
67573,0.7036842095562015
67574,0.45812426176286675
67575,0.838337627127145
67576,0.4820681726127804
67577,0.5513839155491773
67578,0.4809451340156242
67579,0.5519533468152299
67580,0.5221025005359907
67581,0.445901844290951
67582,0.5081182191282
67583,0.5427215418572707
67584,0.5344583732154552
67585,0.37458993382051187
67586,0.5172726789375177
67587,0.41551684781477266
67588,0.2865790665626474
67589,0.45294712973506135
67590,0.4824598640542285
67591,0.402889584069731
67592,0.2959817370760675
67593,0.5908025106918342
67594,0.3408120303070122
67595,0.43095731520521074
67596,0.5256135373501235
67597,0.38743549783394965
67598,0.4061846122841837
67599,0.5871404599155169
67600,0.5256319624911201
67601,0.5455455900660096
67602,0.36171209242005714
67603,0.532513133524025
67604,0.516878084389578
67605,0.808275083193302
67606,0.44965673368308756
67607,0.5227577669478507
67608,0.5516533184032223
67609,0.41263767766476295
67610,0.5307646302557398
67611,0.4869552300179434
67612,0.5031960151619327
67613,0.521895018697959
67614,0.5791912183706319
67615,0.5124951052702409
67616,0.507325594953593
67617,0.4066316116843817
67618,0.4743359729699633
67619,0.4453303176081077
67620,0.4229150685781482
67621,0.3701585313566679
67622,0.27912915739368843
67623,0.548388366511801
67624,0.5053301225885514
67625,0.5803691397580802
67626,0.7621048469987496
67627,0.5046144788909505
67628,0.5467030825525921
67629,0.5097864848029481
67630,0.48614185885386485
67631,0.8888033225782991
67632,0.8775812910655159
67633,0.8554249316621997
67634,0.5062535897058754
67635,0.4056667563804924
67636,0.4663764567860618
67637,0.4361095119755938
67638,0.48566857300019717
67639,0.5180642394749952
67640,0.3582599299744813
67641,0.5233920163694264
67642,0.5569860076389719
67643,0.7918186186830352
67644,0.42665995223854786
67645,0.5812624208495137
67646,0.5080326233026667
67647,0.498565907452851
67648,0.5286519214436632
67649,0.5368074672306271
67650,0.5541485546815713
67651,0.45528233551292235
67652,0.5423510811745973
67653,0.49966557961242086
67654,0.4924388905453111
67655,0.5268446132821821
67656,0.7952264135058783
67657,0.5539915368222827
67658,0.5227008527877139
67659,0.5017475958968202
67660,0.4715595170609341
67661,0.5206791977511841
67662,0.5637681762350458
67663,0.5603364000318453
67664,0.5398358437217988
67665,0.5712083012851099
67666,0.5009999775811432
67667,0.5765510719933568
67668,0.43553949459285585
67669,0.5206879682925737
67670,0.4671717180304227
67671,0.5423312640772721
67672,0.310386466211725
67673,0.4247009417315172
67674,0.5213343197284669
67675,0.37341932980407566
67676,0.3991902361661059
67677,0.6577153564248107
67678,0.5032558128263831
67679,0.4913216718479931
67680,0.5106255274586647
67681,0.5939191857772218
67682,0.395313103476083
67683,0.34489328721117263
67684,0.5118597562869854
67685,0.5165350445099799
67686,0.4947694851219064
67687,0.521518742867845
67688,0.503140888719969
67689,0.39995108015357583
67690,0.539641617162064
67691,0.40011380764174775
67692,0.3787255155622152
67693,0.5310810044248343
67694,0.5209342465510108
67695,0.4282006726010923
67696,0.5236622519901172
67697,0.5424231342906723
67698,0.5231611799888327
67699,0.3680694478192751
67700,0.3848591713582293
67701,0.3975104923764363
67702,0.45528073513052186
67703,0.5145555941797497
67704,0.2756963659192634
67705,0.7864080782928805
67706,0.4505198900824487
67707,0.23648686809006883
67708,0.5209533219528023
67709,0.42189553148391584
67710,0.4005748366456711
67711,0.5189719368135268
67712,0.5932399584105258
67713,0.47004712489107936
67714,0.3797366557803312
67715,0.4155958886585649
67716,0.2514677564826547
67717,0.3699826697152125
67718,0.5465287904054704
67719,0.39249654199621004
67720,0.676241078736048
67721,0.5477086367178949
67722,0.46222163674816646
67723,0.42772024762587774
67724,0.5656054047998454
67725,0.2541281775599778
67726,0.44251281080830784
67727,0.49570915278050454
67728,0.4417802137863243
67729,0.5309680331788742
67730,0.5158193547498792
67731,0.36987847040708527
67732,0.3828488250505036
67733,0.33517974825645014
67734,0.5137151388733223
67735,0.33533158296857224
67736,0.3869129327358208
67737,0.39489851827060185
67738,0.23458501810117943
67739,0.25276771839581846
67740,0.38354938759697466
67741,0.47950471807636635
67742,0.5550422991188815
67743,0.5262801568764318
67744,0.5524707803854009
67745,0.27123909512940464
67746,0.42017470286651365
67747,0.49089622286967804
67748,0.5310915712810528
67749,0.43769497852471523
67750,0.33247337268884314
67751,0.5331531517721589
67752,0.44905785507775275
67753,0.4574666769470238
67754,0.30268614097099183
67755,0.5374336767984685
67756,0.42212229075930824
67757,0.5220970002751161
67758,0.5261627871757378
67759,0.5438443427611577
67760,0.6430192062734299
67761,0.5813674399642217
67762,0.5352380035476275
67763,0.513576437456189
67764,0.5133031748883088
67765,0.495785641937398
67766,0.5535491974263774
67767,0.5515025760510842
67768,0.24352276343240375
67769,0.42301594403218923
67770,0.4404173727975803
67771,0.48531515560480293
67772,0.6455011778328016
67773,0.31290106359572784
67774,0.5419365591395364
67775,0.4896915441159068
67776,0.5461017736886398
67777,0.47852049154773263
67778,0.4366582104599721
67779,0.48527422586390556
67780,0.5083847936207438
67781,0.37905415172165113
67782,0.3975808434201094
67783,0.3953326085913921
67784,0.34776772361079267
67785,0.5533881183464593
67786,0.5095124164275254
67787,0.6173510992382335
67788,0.49932996333621604
67789,0.3962827048896012
67790,0.5399723002070581
67791,0.5566211808780307
67792,0.40701328884960586
67793,0.3161126790427093
67794,0.5386652191589594
67795,0.5722087377404961
67796,0.42939763030553996
67797,0.31920533490971126
67798,0.45804968583524985
67799,0.5749427950885799
67800,0.3762533706117493
67801,0.5051212696285794
67802,0.8645001073382336
67803,0.4669913408612875
67804,0.3924921018393177
67805,0.5342419875183078
67806,0.5868589669766487
67807,0.5138391954909627
67808,0.4581860066066241
67809,0.5054547943695389
67810,0.5111433371379291
67811,0.49395979394663697
67812,0.39012430755807803
67813,0.4866891403470498
67814,0.3783162037045204
67815,0.4518293213039527
67816,0.43198429059565635
67817,0.530867163197747
67818,0.4959429561937904
67819,0.4566823597691041
67820,0.5364172209222594
67821,0.5167573034882375
67822,0.5121777325387482
67823,0.9104677808912045
67824,0.5140403533098559
67825,0.48362922992365165
67826,0.3151465097554309
67827,0.4844829008505747
67828,0.4518165021612952
67829,0.5618593749695975
67830,0.5045509441250253
67831,0.4126044491761477
67832,0.4785236664151911
67833,0.8349483161337421
67834,0.47683286264008456
67835,0.5187042224464866
67836,0.5716763304716572
67837,0.5607135029050557
67838,0.540432960069332
67839,0.5155016280311676
67840,0.4937150082456282
67841,0.5773955563706042
67842,0.466772844275394
67843,0.5310871428452929
67844,0.5590104964696837
67845,0.5143726280748158
67846,0.8904477945719276
67847,0.5432834179698728
67848,0.4334724269903786
67849,0.5098306912569983
67850,0.46376856197500294
67851,0.40088785055741527
67852,0.5697540944174063
67853,0.48726587335413335
67854,0.4169539002228039
67855,0.44175226119638294
67856,0.4562874812544809
67857,0.5323249616532426
67858,0.5179231850223683
67859,0.5108179801469058
67860,0.4314639027614841
67861,0.5442884745738109
67862,0.4850935049338338
67863,0.23199240744865898
67864,0.5058321633539641
67865,0.49325914969001516
67866,0.5328485566032944
67867,0.44206082663058466
67868,0.4735661526427217
67869,0.4221252745212788
67870,0.5109640194362955
67871,0.5800305534752441
67872,0.5715784590614066
67873,0.504968848658238
67874,0.4525852510247975
67875,0.48643453204958864
67876,0.442054868572821
67877,0.4034342077478641
67878,0.4961650451240369
67879,0.3814267175716594
67880,0.5034943521092017
67881,0.4901639668300796
67882,0.39597913505057974
67883,0.3515335704091376
67884,0.43925872322997833
67885,0.42783130647281903
67886,0.41102884013780283
67887,0.5354492578837378
67888,0.6003153994819285
67889,0.5095580517640297
67890,0.5360524440756983
67891,0.34147637392195446
67892,0.36751006393083024
67893,0.46302172302704886
67894,0.4422421196384666
67895,0.4880880773529514
67896,0.2742135415308787
67897,0.4878211142382172
67898,0.4465898400025822
67899,0.26713291579244686
67900,0.34148795461030124
67901,0.3759784525864093
67902,0.5063179902809487
67903,0.4439521830623736
67904,0.5120478730133385
67905,0.5508044545753491
67906,0.5065159943375275
67907,0.2552143091361237
67908,0.5434483293524431
67909,0.5579432665339827
67910,0.5241489599118968
67911,0.5454664138604481
67912,0.5262278686742878
67913,0.5282442749734588
67914,0.4661351354978388
67915,0.873097752214573
67916,0.3929680724290476
67917,0.5360657980449857
67918,0.4586068071941843
67919,0.5612165319454772
67920,0.5568190833666901
67921,0.23517856641622095
67922,0.3329904971924762
67923,0.39873943879429496
67924,0.5880690211912432
67925,0.40140520181535816
67926,0.4420038084700121
67927,0.4915599712369774
67928,0.5071100267762894
67929,0.4602896199171876
67930,0.5289803692850206
67931,0.30393862717756914
67932,0.5137871796428495
67933,0.40134540128524454
67934,0.45207262119605823
67935,0.5159136309823855
67936,0.4177476523848726
67937,0.5143541534076481
67938,0.46615760818771595
67939,0.5309041881386277
67940,0.42671981311023544
67941,0.4267169469011157
67942,0.8054505026600925
67943,0.4876161773736199
67944,0.41432842039663975
67945,0.503894097788817
67946,0.5042890234411672
67947,0.4079085834904338
67948,0.4962790962827322
67949,0.5535807906261888
67950,0.5891549588870775
67951,0.5991454828882306
67952,0.4019717190581417
67953,0.5118456897802842
67954,0.7866366153977947
67955,0.3435313657832039
67956,0.5481879844450118
67957,0.44060348692294815
67958,0.5482421167282382
67959,0.5128725343656922
67960,0.4939183852610144
67961,0.5411606477542931
67962,0.5899839540845224
67963,0.5396576947643866
67964,0.5183108032309794
67965,0.4159562176845038
67966,0.3479030880679484
67967,0.5193614457669428
67968,0.4501386196314755
67969,0.4276388225426677
67970,0.547541007764625
67971,0.43863851317786107
67972,0.42087280414001194
67973,0.42779324299115573
67974,0.4890908371841405
67975,0.38320726465528887
67976,0.5487900293733394
67977,0.49558494804294684
67978,0.3834167944539783
67979,0.46044713409805776
67980,0.42848423313092393
67981,0.31711441355804193
67982,0.4883238225883865
67983,0.3011298577771486
67984,0.5338746064784236
67985,0.41518567486965835
67986,0.5007762233348952
67987,0.5702028693947765
67988,0.37482746709958614
67989,0.5020825326551868
67990,0.5147517511343569
67991,0.257934609110032
67992,0.4471005221583785
67993,0.4019790892261508
67994,0.5338678575163545
67995,0.2999800721494595
67996,0.5652378212717987
67997,0.4837861997769171
67998,0.5551467826973354
67999,0.5363946487224989
68000,0.5344431047125141
68001,0.48230076173757186
68002,0.5526274200498256
68003,0.47542823113187577
68004,0.4333168695509754
68005,0.4317795761719579
68006,0.5444891611017684
68007,0.4834867649926327
68008,0.5290515639910226
68009,0.3032917804894942
68010,0.40575704461148787
68011,0.5084568108802112
68012,0.4766968258132458
68013,0.5251680950446977
68014,0.5593106237763874
68015,0.4146484393554802
68016,0.3598305668528246
68017,0.5472857134316259
68018,0.5061518400166535
68019,0.4414106952404892
68020,0.5405910537686567
68021,0.41065484474851877
68022,0.47879411455661336
68023,0.5405567657835962
68024,0.4238948306592094
68025,0.4358953002500372
68026,0.47971992900994
68027,0.44724781081002846
68028,0.5526560329793746
68029,0.5660571178695901
68030,0.4821062284165005
68031,0.4852631084643444
68032,0.5138467556227927
68033,0.42856770423931
68034,0.4055649579375607
68035,0.42506520793443275
68036,0.43705524730038864
68037,0.44106325265526364
68038,0.43872928012500695
68039,0.40537345970209754
68040,0.2036468276233635
68041,0.5199364316833316
68042,0.4927370681600759
68043,0.30802550473531143
68044,0.41402708726547593
68045,0.5129854511748392
68046,0.43812528976277604
68047,0.7205852093952256
68048,0.24589363776154294
68049,0.5258905873849682
68050,0.542314488170504
68051,0.49516511069702857
68052,0.2379490996553243
68053,0.5617431157328955
68054,0.5366974973921456
68055,0.2651413156290575
68056,0.5097942698487695
68057,0.5189579213241873
68058,0.566735736686291
68059,0.30702640269688
68060,0.3944827124678848
68061,0.5078988204251006
68062,0.5055189939909079
68063,0.538668409351286
68064,0.5592102150857441
68065,0.5654732791486672
68066,0.4863017794521623
68067,0.48108058592584674
68068,0.5182571070388803
68069,0.39115967261948037
68070,0.44426654435866925
68071,0.5644495466166661
68072,0.34084497864360214
68073,0.5159414777429798
68074,0.21473405990367211
68075,0.569226264643835
68076,0.3855156384803876
68077,0.5627755544268319
68078,0.45493040900281106
68079,0.5031156618207924
68080,0.48795552237306644
68081,0.5064389713020685
68082,0.4938026799759271
68083,0.5269481315214661
68084,0.42070756442626295
68085,0.5640891044983032
68086,0.5489236894969398
68087,0.3270515656302195
68088,0.490121802057086
68089,0.5057077483851372
68090,0.2495552039559206
68091,0.544097715585365
68092,0.5348373009990941
68093,0.43526002712842987
68094,0.5522176382877713
68095,0.4866049223697558
68096,0.4968952725951453
68097,0.409408970121309
68098,0.49767235807979704
68099,0.37647448586344784
68100,0.5053444495900697
68101,0.5573319747728436
68102,0.31613770135311275
68103,0.38088541825863415
68104,0.547702499476982
68105,0.4635304972947423
68106,0.4411617406874671
68107,0.4543174043629169
68108,0.5085014660344345
68109,0.4706707052420958
68110,0.5198060184713981
68111,0.5458397525107747
68112,0.39302493702361
68113,0.4964887141184815
68114,0.4711029001203317
68115,0.6142442427634305
68116,0.4811573306887937
68117,0.5278005567695258
68118,0.2972587731461477
68119,0.41312568523821586
68120,0.5091336234061545
68121,0.5204918892019056
68122,0.34127078728300425
68123,0.4354723438319472
68124,0.7450226189937171
68125,0.40104376236394845
68126,0.4970523016713728
68127,0.4863991588919607
68128,0.5259839894040094
68129,0.8247568168147744
68130,0.5973637940225781
68131,0.4172997958951809
68132,0.5165360108093696
68133,0.490697499090736
68134,0.5639160164511153
68135,0.34110865262310924
68136,0.41684789981471837
68137,0.42123201284513756
68138,0.5315971830229368
68139,0.4959664421142762
68140,0.5129148182684694
68141,0.44643165499459486
68142,0.44358323255281196
68143,0.5008526809553929
68144,0.4306009203006638
68145,0.41977466518907786
68146,0.39309256432796563
68147,0.5056116307439787
68148,0.516422760689251
68149,0.47682390992970974
68150,0.4568356988937215
68151,0.20463868449422823
68152,0.42626917106411094
68153,0.2832222366156779
68154,0.5214238086345712
68155,0.4720416553052574
68156,0.31108248802709365
68157,0.5230002058244216
68158,0.37729619903954786
68159,0.4318657824783421
68160,0.5018739515866458
68161,0.5770312862400381
68162,0.3910636560842515
68163,0.5422896106836617
68164,0.5293338132768274
68165,0.5511402115753089
68166,0.5354017060644223
68167,0.5337927777871806
68168,0.48803335765663725
68169,0.5115178356662944
68170,0.5321103214431869
68171,0.4988967865675005
68172,0.5729396043710564
68173,0.4344894793441021
68174,0.3631495750843917
68175,0.3959616782366702
68176,0.40801047070914803
68177,0.53884896681943
68178,0.4465718416271665
68179,0.5425183876992801
68180,0.4675927774625213
68181,0.5253182367412776
68182,0.3002999798498463
68183,0.41375962964130264
68184,0.417460384937137
68185,0.4511460535368315
68186,0.49713666275721563
68187,0.5435094803943964
68188,0.4353659047344634
68189,0.45053875707695323
68190,0.5202723280950475
68191,0.5447799454295569
68192,0.5247387811464082
68193,0.4344968740428392
68194,0.4624640169513033
68195,0.503395647161969
68196,0.5539570650223
68197,0.820252023421838
68198,0.5072242466632041
68199,0.49863086515955146
68200,0.5533749173675712
68201,0.5169717117681065
68202,0.5524296982698498
68203,0.5151085281899522
68204,0.4169069384872268
68205,0.5189668154843309
68206,0.442938979401763
68207,0.3901123190150213
68208,0.4799230891617421
68209,0.3826912429515467
68210,0.4536784629794038
68211,0.8114958107443732
68212,0.5184409389135324
68213,0.4445738338398181
68214,0.4182935719083617
68215,0.537959487697151
68216,0.5405841992729669
68217,0.5174303877463813
68218,0.5255563629537492
68219,0.5514728974082781
68220,0.5409003590875027
68221,0.45202470760266106
68222,0.5186697193740781
68223,0.47913253882023077
68224,0.44246943359195434
68225,0.5694119689119362
68226,0.41756739444526597
68227,0.46745357592930814
68228,0.5439950438755279
68229,0.408629464817011
68230,0.49775477653434624
68231,0.5411016337560892
68232,0.5898145990262446
68233,0.5196448468110977
68234,0.6023178229718499
68235,0.41620113970987227
68236,0.5468399684425381
68237,0.41911051075332223
68238,0.3940283382626671
68239,0.48643535384046904
68240,0.43714875315120316
68241,0.5316448060247614
68242,0.5502815077055555
68243,0.46009042930737337
68244,0.40706430929381127
68245,0.5762485553792439
68246,0.7075021325827342
68247,0.49991488875956513
68248,0.40053404841045187
68249,0.3769723341043701
68250,0.46318183449002576
68251,0.488291741292499
68252,0.4272528566104362
68253,0.5227825909897533
68254,0.5190871261958395
68255,0.5269257130534984
68256,0.2962687266629851
68257,0.42456376159808196
68258,0.5108395215758536
68259,0.4433909485732231
68260,0.5364847021073406
68261,0.5892716033147084
68262,0.5112063064315383
68263,0.5376237297645138
68264,0.47805161147722997
68265,0.4987757869210029
68266,0.5004177840825916
68267,0.5406491642937713
68268,0.5285093028858555
68269,0.5345125398015539
68270,0.5073959435793234
68271,0.4537308449333079
68272,0.35784494944426454
68273,0.5258947636840082
68274,0.5205574517731432
68275,0.4359843028451459
68276,0.5430985154183674
68277,0.4888016484253457
68278,0.5177975801536138
68279,0.7944234690353927
68280,0.4705912898070366
68281,0.28457532542534975
68282,0.5010969928851189
68283,0.5428477374269681
68284,0.5240406414917986
68285,0.4391141570773825
68286,0.42816600618971545
68287,0.4375900286116703
68288,0.5613140026544706
68289,0.35771787856603476
68290,0.40051648520282535
68291,0.4721573620139578
68292,0.3089659972770986
68293,0.48694929909696477
68294,0.5406916740380827
68295,0.36303845789423844
68296,0.5252639977403717
68297,0.4920459566107336
68298,0.5080798454597961
68299,0.4694521079943634
68300,0.46934255656873414
68301,0.39242238634066384
68302,0.44850017715403323
68303,0.5185276590922208
68304,0.5564111744846345
68305,0.45826319250187675
68306,0.39918687824212684
68307,0.6000914767557664
68308,0.4908701024635024
68309,0.4751241984420507
68310,0.4087690909030056
68311,0.3376142611473221
68312,0.5109287134817423
68313,0.523801280022871
68314,0.5111683053230915
68315,0.40729364189861106
68316,0.4497202584662785
68317,0.5183420571919934
68318,0.4337449781167065
68319,0.5337732901355519
68320,0.5264017472408051
68321,0.552816661411052
68322,0.45991389645615466
68323,0.4922925196608821
68324,0.514169094642863
68325,0.47893944713861825
68326,0.5035282298456218
68327,0.4742678656407703
68328,0.2697671722586201
68329,0.5562603474089236
68330,0.34380098787094837
68331,0.4120166190991998
68332,0.506921595811434
68333,0.43674975474010824
68334,0.3685866638485127
68335,0.47740795700813676
68336,0.4804654016559165
68337,0.4505748084213874
68338,0.5432962220577219
68339,0.41885184017689725
68340,0.46347633213199463
68341,0.5104506517121372
68342,0.531840775709765
68343,0.414588659484867
68344,0.2850159990100814
68345,0.5151784509468291
68346,0.5216913346561348
68347,0.5903469754733537
68348,0.4877413566760552
68349,0.5823112790084057
68350,0.5211372171885142
68351,0.5678410839471584
68352,0.4584460092125108
68353,0.37831878943387387
68354,0.44310519346557825
68355,0.5195630862303582
68356,0.4227877168843206
68357,0.5433153379532886
68358,0.4867429134880394
68359,0.41481027579020635
68360,0.5786447718008068
68361,0.33858014039529377
68362,0.5379125989239599
68363,0.4840538480071847
68364,0.43396234987836246
68365,0.724605741029395
68366,0.3973621780339553
68367,0.36019686862278927
68368,0.3263283169172076
68369,0.35595287259446334
68370,0.5677739597249251
68371,0.5402382521622349
68372,0.3491136338467476
68373,0.4691390725857659
68374,0.4253212127623179
68375,0.5208263425372102
68376,0.46430709789318836
68377,0.5472550421191218
68378,0.5319278536234575
68379,0.5051409653654837
68380,0.5097729020086692
68381,0.476032440329904
68382,0.7855944289206169
68383,0.4938102208775786
68384,0.43700999585146794
68385,0.47475249163685446
68386,0.4753227112363372
68387,0.543198323623235
68388,0.47807974574350565
68389,0.4961007659077183
68390,0.4478131371118272
68391,0.42914524572742724
68392,0.43518680919472574
68393,0.49549510787936235
68394,0.8513639888778763
68395,0.5620121022848829
68396,0.398460800546734
68397,0.5452942490242966
68398,0.692277935212364
68399,0.5293689408262623
68400,0.5183430305440966
68401,0.39612534384207543
68402,0.8144119074833772
68403,0.5389263397969829
68404,0.5150837473881096
68405,0.530501502035076
68406,0.5370267076628409
68407,0.5526296409620769
68408,0.49323886443980125
68409,0.5043439626648094
68410,0.5245586689949622
68411,0.4437080444014985
68412,0.5795800646718291
68413,0.5240103469904015
68414,0.8383567210550187
68415,0.4200327625090898
68416,0.44294437791427305
68417,0.5565583294706096
68418,0.5050116025146015
68419,0.5229608743098242
68420,0.4268918411346796
68421,0.46853798889632725
68422,0.4259773696842623
68423,0.4477776677567096
68424,0.44809810841321107
68425,0.5193172465544339
68426,0.4004247422413765
68427,0.5321946900640848
68428,0.5774414837526483
68429,0.42285088202571386
68430,0.4948204732066482
68431,0.4543502419481216
68432,0.5284768778176389
68433,0.40107649761547476
68434,0.46523893343326944
68435,0.5230834190679022
68436,0.4868220180649009
68437,0.5968075616439384
68438,0.44315369783730196
68439,0.514368823548311
68440,0.46641520044008633
68441,0.47394505680192295
68442,0.36633813142055077
68443,0.3829732986234036
68444,0.357927649041037
68445,0.24913313525096553
68446,0.4365925137312672
68447,0.5299430482125812
68448,0.4347020390990082
68449,0.5658898270527913
68450,0.5282142805040796
68451,0.5361720949569937
68452,0.6768576049664845
68453,0.5669659447482209
68454,0.8666369651924976
68455,0.4861782717971418
68456,0.3850701990516022
68457,0.3329640375914281
68458,0.3671249427252544
68459,0.2211415285448338
68460,0.49797771055124473
68461,0.7418435592367183
68462,0.2949920404800029
68463,0.5179857291262162
68464,0.35176322084608863
68465,0.35669578260111257
68466,0.5079628024685301
68467,0.601492605029713
68468,0.5162753955376617
68469,0.43002298307664
68470,0.2611198171407501
68471,0.45737264679504197
68472,0.35995080716923816
68473,0.4742197249113696
68474,0.5104363029801187
68475,0.5045539891651621
68476,0.4809037294231471
68477,0.36125701176662306
68478,0.521443456503722
68479,0.42119107637247843
68480,0.5384952751196931
68481,0.46703301235268396
68482,0.5012180325686428
68483,0.2753576140194381
68484,0.5114580421762166
68485,0.4861113966988317
68486,0.4257327225476696
68487,0.4742384613044115
68488,0.4616707589396356
68489,0.5238286230334468
68490,0.4700992649275337
68491,0.3169325491963558
68492,0.3346687649700658
68493,0.3394828074481087
68494,0.45239485225404624
68495,0.41585647175754475
68496,0.41946876938496486
68497,0.5422394337619875
68498,0.5049179521853054
68499,0.4593315461618342
68500,0.41573966233788523
68501,0.44785001412737524
68502,0.4398321057631173
68503,0.5556328693845412
68504,0.5522483812952803
68505,0.49707299787973025
68506,0.5332072367694249
68507,0.4387268215629901
68508,0.504605850741889
68509,0.4399257646320797
68510,0.4200428199369998
68511,0.527773640629673
68512,0.4638507070694019
68513,0.5235326516961688
68514,0.584602551581388
68515,0.42633225624192805
68516,0.44281210650527497
68517,0.42780744204420124
68518,0.4151504396917014
68519,0.4292951055083485
68520,0.40650143402009015
68521,0.4843777416951961
68522,0.4208821467068295
68523,0.4632685015848056
68524,0.4274598260017771
68525,0.5239706483317581
68526,0.5367849380536993
68527,0.4931851689904476
68528,0.5569367329011399
68529,0.5164874095895429
68530,0.5404638808591774
68531,0.4144507554716396
68532,0.4982898626020381
68533,0.4322735210109444
68534,0.4569986520856872
68535,0.40921004772211567
68536,0.6564298720093369
68537,0.5112467590221476
68538,0.3990359649503976
68539,0.41511275226611893
68540,0.559765764897164
68541,0.4157007626734123
68542,0.48495917057370314
68543,0.5104980509751487
68544,0.4435142427956204
68545,0.5765964568638915
68546,0.5677185026752043
68547,0.37872597488474524
68548,0.497777892819512
68549,0.4880048729194252
68550,0.4074973279692729
68551,0.4442063930183973
68552,0.42468265625699747
68553,0.4300412216057487
68554,0.5483862276959097
68555,0.3675957698357164
68556,0.3991664064170323
68557,0.4966372654159119
68558,0.48873093802653855
68559,0.604382699905982
68560,0.43710030690908686
68561,0.46809524281820836
68562,0.4082028247420438
68563,0.5441209062169539
68564,0.5011021968869818
68565,0.41465532334394756
68566,0.42493203529824203
68567,0.5002608511314985
68568,0.46190164064794864
68569,0.4248909075753134
68570,0.8361288741533175
68571,0.45254496284733114
68572,0.5701045785317419
68573,0.48997150832035735
68574,0.4328343948826174
68575,0.5123887730709847
68576,0.5921254509135945
68577,0.34215812413122165
68578,0.5008805504012427
68579,0.385475900521546
68580,0.4958460442935816
68581,0.4881770179268638
68582,0.48844675725268705
68583,0.42761889239384615
68584,0.4700439729362384
68585,0.37798219757320556
68586,0.4964992808211071
68587,0.4235633690398163
68588,0.47569414985459224
68589,0.5089494509045172
68590,0.4616355074198123
68591,0.45056111703089025
68592,0.348843246525484
68593,0.37808212881224773
68594,0.3724194404356625
68595,0.41971708733227614
68596,0.5536121758774434
68597,0.2789308075320941
68598,0.4360717334224744
68599,0.5761433059996687
68600,0.5190405137916606
68601,0.46529070910883646
68602,0.5207014448600122
68603,0.5817975731156693
68604,0.5430941007539001
68605,0.4061793617637399
68606,0.394309194600949
68607,0.47627248014064305
68608,0.45422131778158986
68609,0.400820351723739
68610,0.36892637354175684
68611,0.4356729497697142
68612,0.5401685732772754
68613,0.5266216059162179
68614,0.40044512369022656
68615,0.49589805230362627
68616,0.43756796609895343
68617,0.4276480145286727
68618,0.5092973374021856
68619,0.49617713200870645
68620,0.5688270778811217
68621,0.4813240822836979
68622,0.4161376431228585
68623,0.4352343553855024
68624,0.5571390289074837
68625,0.4783112058884762
68626,0.2194412781944374
68627,0.4213200374014574
68628,0.3380877093965528
68629,0.5056035094577097
68630,0.46272466595178763
68631,0.7812799207239026
68632,0.5038638301298861
68633,0.42545622458559496
68634,0.5393044810836706
68635,0.42268666778344494
68636,0.34202909109313573
68637,0.32224760299899047
68638,0.3988877503960344
68639,0.5369113258166505
68640,0.5396458054937016
68641,0.47308032763950936
68642,0.4755560457133633
68643,0.506820546884512
68644,0.5508526913939603
68645,0.419960131754669
68646,0.4318495457352701
68647,0.431261515986043
68648,0.36525524722725944
68649,0.8393899812608329
68650,0.44771192070108984
68651,0.5091721330602684
68652,0.49627162556601007
68653,0.31066579907896874
68654,0.4282384357140875
68655,0.47488791992311946
68656,0.4470282360279867
68657,0.537049963212874
68658,0.4378567171820037
68659,0.44598092824165836
68660,0.44237362904618155
68661,0.4841056283190765
68662,0.42133189887879496
68663,0.5328873791205392
68664,0.42073866519836206
68665,0.5150485376120586
68666,0.5485371193416296
68667,0.4972576369401235
68668,0.3923450127776072
68669,0.4751312454218808
68670,0.3744858097771683
68671,0.49177072175639036
68672,0.23316009182481176
68673,0.4555594850513634
68674,0.5116208821176287
68675,0.5477548490932294
68676,0.3349684279712621
68677,0.28291666382891223
68678,0.5194456109930727
68679,0.5571703805486781
68680,0.42450769023678925
68681,0.5606741429686137
68682,0.6051032540076613
68683,0.49858357019958954
68684,0.440741655511035
68685,0.5461371715040277
68686,0.42324006544515735
68687,0.5511587144252132
68688,0.4082877020338085
68689,0.3890420573607815
68690,0.39584620252471736
68691,0.5374612358791855
68692,0.42159166113515445
68693,0.4827598982339096
68694,0.5253510214004945
68695,0.46847498043082036
68696,0.5136993988491286
68697,0.5311997802946605
68698,0.42731229799414516
68699,0.4369850989973875
68700,0.39875279692101856
68701,0.28109334706649236
68702,0.5208000829470966
68703,0.49151348014013363
68704,0.5353603995931635
68705,0.5264570561565824
68706,0.768468102263782
68707,0.5659375297728222
68708,0.5565748642738508
68709,0.5420352513743005
68710,0.510897441622885
68711,0.5741236672836161
68712,0.5723868677745829
68713,0.44177931539916687
68714,0.34767813421523586
68715,0.4817964858561057
68716,0.5190420225722875
68717,0.5416020774221386
68718,0.5014994552309093
68719,0.4469201645312767
68720,0.4569747698823632
68721,0.49862377680624265
68722,0.5037436496229097
68723,0.25099803105088436
68724,0.5223357665508148
68725,0.3848632090839805
68726,0.5351239020337123
68727,0.5317008020242671
68728,0.3824989087866139
68729,0.5245222160604449
68730,0.43782039366060277
68731,0.4622155207793958
68732,0.3214517045142769
68733,0.49245414445904
68734,0.48938085473634646
68735,0.519841569805411
68736,0.48619869068891436
68737,0.5698550191274532
68738,0.4771959796542029
68739,0.43312365131872155
68740,0.35469724615246717
68741,0.5575695633647557
68742,0.5106819533870429
68743,0.5014256131268204
68744,0.435729545766
68745,0.4738496968905451
68746,0.7639827969802624
68747,0.5144262161046699
68748,0.5439294284263819
68749,0.4241025896818138
68750,0.8735022648140283
68751,0.32456772925573496
68752,0.5518237295565055
68753,0.47508120079762234
68754,0.5389050416677418
68755,0.19625800698275606
68756,0.5115494282613968
68757,0.5168031252958052
68758,0.5203843134182985
68759,0.4265420562600763
68760,0.49574854250802275
68761,0.4150519425855219
68762,0.5204634172274795
68763,0.5242040773964043
68764,0.2651072885445719
68765,0.43805268053956653
68766,0.31256281536611386
68767,0.4182627748083871
68768,0.8401768828882168
68769,0.3946841137582053
68770,0.4259911843704365
68771,0.5323496665406787
68772,0.4344548757930963
68773,0.4745035247902344
68774,0.4836102285336564
68775,0.43106026794520214
68776,0.5575022376029297
68777,0.37281053248775936
68778,0.4986893103388726
68779,0.5606805570254311
68780,0.42054278022652053
68781,0.4187197062662648
68782,0.5565326507506857
68783,0.5546450121323253
68784,0.4950548138999133
68785,0.5138608421901055
68786,0.38960977691858156
68787,0.4425452861757884
68788,0.5562787344060901
68789,0.4304382127909267
68790,0.4818908918095065
68791,0.5445711927190033
68792,0.5737493172559858
68793,0.49421090113966054
68794,0.5385980637597513
68795,0.4573064228796485
68796,0.4298020085338119
68797,0.4237802169986323
68798,0.5255942480389013
68799,0.5379291065280125
68800,0.4406096543029862
68801,0.300353684251405
68802,0.3992811080557393
68803,0.3984975108996654
68804,0.5370385198237121
68805,0.4684606456408793
68806,0.517035312041535
68807,0.4873603225686919
68808,0.45147662837174557
68809,0.47349373176712195
68810,0.44692820490378526
68811,0.4604137709936358
68812,0.48199560472648595
68813,0.4509740778110185
68814,0.4988169634537335
68815,0.48036683791730445
68816,0.5241558449130362
68817,0.7971691232047136
68818,0.5025778355656098
68819,0.5170990261304034
68820,0.3624809383265686
68821,0.5651469311769343
68822,0.47275925828830045
68823,0.48471185907632863
68824,0.3375675615607747
68825,0.542551311102458
68826,0.46970607467960834
68827,0.43152118613311363
68828,0.5140691645801835
68829,0.5290848266165067
68830,0.3944691172971533
68831,0.26958309414673465
68832,0.49059140648113836
68833,0.5210210523174957
68834,0.42807349527262195
68835,0.5110425210495237
68836,0.5171544643642156
68837,0.45246914747078615
68838,0.5229299560447641
68839,0.5304534452580931
68840,0.8305448750783404
68841,0.4219847535648728
68842,0.5419243446529103
68843,0.4997352033966904
68844,0.5697758046554122
68845,0.5487171960044419
68846,0.44577186377183586
68847,0.5791054874337821
68848,0.4199657778525762
68849,0.4923128737733512
68850,0.46354412492083585
68851,0.5571533123417087
68852,0.8732059931799098
68853,0.47071378819148174
68854,0.44256702997382436
68855,0.3787006488213446
68856,0.5545498110497481
68857,0.4283245008680782
68858,0.5229589163388724
68859,0.2967070640078231
68860,0.40925631171294946
68861,0.3993244131735235
68862,0.41427367182916636
68863,0.1442465514577253
68864,0.5462687854121021
68865,0.4758623680244576
68866,0.4241295909993425
68867,0.3679100352387783
68868,0.5678461827312237
68869,0.4451643735323189
68870,0.28665344178931185
68871,0.5781290106890923
68872,0.5166499942038323
68873,0.5042049582227487
68874,0.5818575152482844
68875,0.4903124541407658
68876,0.5545568837289022
68877,0.5540734614722271
68878,0.39611038719117686
68879,0.4629712506582215
68880,0.5320855701137853
68881,0.22642250000368963
68882,0.5493625518259454
68883,0.5499569315652636
68884,0.49361526749181983
68885,0.37720507993709784
68886,0.5797565573304077
68887,0.8771572174213754
68888,0.5665053786211474
68889,0.46768733992962563
68890,0.5414540557146414
68891,0.5322690760730727
68892,0.33590221259478376
68893,0.369260301068967
68894,0.41968320540622933
68895,0.4450364964725817
68896,0.5418360646771586
68897,0.40809138973265585
68898,0.4689455375765866
68899,0.529802458016537
68900,0.46503171901298485
68901,0.4269020267060757
68902,0.424929190183624
68903,0.37831647838258275
68904,0.4305195660484406
68905,0.4129157703761396
68906,0.5499542423330105
68907,0.48804766216810425
68908,0.532238482619961
68909,0.4782344556345976
68910,0.5538846283229619
68911,0.5568257096949968
68912,0.4711814421856619
68913,0.43389306034792874
68914,0.4131212279731918
68915,0.8551343295236593
68916,0.5685244329198981
68917,0.40906865193192926
68918,0.4499028908767333
68919,0.5455668384732574
68920,0.4743391685216604
68921,0.5861278369179826
68922,0.5181708636426228
68923,0.5410091113853053
68924,0.48933065983499735
68925,0.26317394438552694
68926,0.4513942875544074
68927,0.5564477776284458
68928,0.4650087494771591
68929,0.449085382833068
68930,0.49601561996268234
68931,0.34473159389991054
68932,0.5774643711088469
68933,0.42263345055264734
68934,0.543241147985553
68935,0.4904132008688191
68936,0.5155595997863742
68937,0.4178083835356442
68938,0.42702366945459164
68939,0.4132418672746389
68940,0.5813627596156364
68941,0.34277328529890844
68942,0.4258923885874831
68943,0.37786371209270697
68944,0.7907308109880818
68945,0.45495237043427317
68946,0.44484378527113383
68947,0.28521498085082075
68948,0.48271331182646887
68949,0.5155957799410699
68950,0.5406468400980965
68951,0.5017420121093199
68952,0.5525967719040142
68953,0.5119350044600102
68954,0.4861205437577494
68955,0.4931514058282223
68956,0.3492142207896532
68957,0.4116632341331442
68958,0.5215695110360293
68959,0.5287440301471593
68960,0.5222147367798674
68961,0.33554508650197057
68962,0.3926798784681126
68963,0.39712401813608383
68964,0.43152909771135806
68965,0.4539103890907424
68966,0.5645524079339871
68967,0.48608389790891554
68968,0.4232098485993431
68969,0.5932038875202015
68970,0.5776206814174351
68971,0.5509029857330323
68972,0.5122960356800047
68973,0.40705931138807305
68974,0.7949301333604821
68975,0.5434161486217074
68976,0.4895032807694771
68977,0.5475753625078735
68978,0.5238562727004561
68979,0.36239607521787526
68980,0.48531567003116677
68981,0.5415162345851608
68982,0.5190025745076411
68983,0.5146550694245569
68984,0.5177635174847875
68985,0.5032074739909728
68986,0.5554221594107751
68987,0.5334573616814187
68988,0.21660393350277396
68989,0.5247014857321891
68990,0.5217444662084186
68991,0.51574658135731
68992,0.697247136005667
68993,0.392995726740081
68994,0.32970031304351305
68995,0.4210094078588382
68996,0.5369778993676162
68997,0.4225443758406413
68998,0.5022395660373793
68999,0.5072685443335944
69000,0.47933379418518957
69001,0.3890864972007527
69002,0.520391219084751
69003,0.5818942792935989
69004,0.45683157298389715
69005,0.5612300003223879
69006,0.5485653406548123
69007,0.7326732633811979
69008,0.3566256603790527
69009,0.4579077530568604
69010,0.5489607372152127
69011,0.2713142539237946
69012,0.48566149245796036
69013,0.2548075279960596
69014,0.5039491646191143
69015,0.48854592027766003
69016,0.3589374509820695
69017,0.39584284122997226
69018,0.4490266475201212
69019,0.49146831147989284
69020,0.40678552945879387
69021,0.5660503929643851
69022,0.5246071208452491
69023,0.42624870159412165
69024,0.4437655353117443
69025,0.4995321502252339
69026,0.43203654677913134
69027,0.40759390365552245
69028,0.5264549991021317
69029,0.5463519145165459
69030,0.39130313239853654
69031,0.4564616964287924
69032,0.8402363092238986
69033,0.5119377456604923
69034,0.41056756301542363
69035,0.45408909093309957
69036,0.3160364137441895
69037,0.42712405052706837
69038,0.4731045726691497
69039,0.49326658766117626
69040,0.5662463335936418
69041,0.5471501208286378
69042,0.5293269552512226
69043,0.48829131812247567
69044,0.5045862455049483
69045,0.3698413194141558
69046,0.5583864097631929
69047,0.4161117365144022
69048,0.42560431048985997
69049,0.5112345466139914
69050,0.4178360320114503
69051,0.38626822656123827
69052,0.5516931527786688
69053,0.5146393130019832
69054,0.4488105601120027
69055,0.4810223862431133
69056,0.5417506344502085
69057,0.5484369876033942
69058,0.5279815779276882
69059,0.5232438015885242
69060,0.5041391650126272
69061,0.32793875097701597
69062,0.25702657752733965
69063,0.49216062753929035
69064,0.5502315044444113
69065,0.5042571139978572
69066,0.4523715357750268
69067,0.39412516372659545
69068,0.5552139091054229
69069,0.36406216311403033
69070,0.4864163004290359
69071,0.4995673243426342
69072,0.44659597985739724
69073,0.5329317599099008
69074,0.48994997166205345
69075,0.5016856448998998
69076,0.4288333107445107
69077,0.2351169115205652
69078,0.4923733132874775
69079,0.32864429256544947
69080,0.48616317637687245
69081,0.4063425740906015
69082,0.5335001779027496
69083,0.5325208717748854
69084,0.2603234281867938
69085,0.2312471424654883
69086,0.568241973420193
69087,0.3634775782763531
69088,0.4851418874379563
69089,0.5269980016985459
69090,0.4340686067139521
69091,0.448676137989476
69092,0.3861622949558117
69093,0.5865377269139457
69094,0.3917152083315988
69095,0.5011860306498283
69096,0.46087338668295463
69097,0.41617573913517436
69098,0.5008004204278089
69099,0.527637293247831
69100,0.5435111540090893
69101,0.3962805371584665
69102,0.5390187573543597
69103,0.5132080672093118
69104,0.5319291113687276
69105,0.5485887211553204
69106,0.5400827436095916
69107,0.48982609735041893
69108,0.5208312144736492
69109,0.42851894991961964
69110,0.5837262534786205
69111,0.5494040340893457
69112,0.42245107959931244
69113,0.5352060307688122
69114,0.40648638635849854
69115,0.5289275543235267
69116,0.4597210149709906
69117,0.5486312643223762
69118,0.8711491139355195
69119,0.31742251784563374
69120,0.2921100682716906
69121,0.5662221308316975
69122,0.439756723800974
69123,0.4831198986056597
69124,0.43593806125489426
69125,0.5038870610233614
69126,0.5437765676756128
69127,0.5076726222219898
69128,0.49554616280433095
69129,0.49232221374676377
69130,0.42274597137566733
69131,0.42480995435136476
69132,0.23093654337363304
69133,0.39606158489430704
69134,0.4330130551963883
69135,0.3577138969262838
69136,0.5128066833603553
69137,0.4482755146184161
69138,0.26769128382577345
69139,0.5136812759598058
69140,0.40871759709082545
69141,0.4489676035599542
69142,0.40365357302261506
69143,0.5694534197899124
69144,0.5155885575466638
69145,0.5216867283815788
69146,0.5167570001958368
69147,0.4556664239516625
69148,0.5575472404463838
69149,0.5595834781579453
69150,0.5697318137104203
69151,0.3516483634880551
69152,0.45502676880117265
69153,0.5270991199562074
69154,0.4447380724370801
69155,0.4951823193340054
69156,0.5287744928809831
69157,0.25966222478765505
69158,0.5001862054515496
69159,0.4959015032923596
69160,0.7941909670306457
69161,0.4961105534393855
69162,0.4471492794419801
69163,0.4397694667131184
69164,0.34110326394480966
69165,0.4461360003605807
69166,0.5146973451055555
69167,0.519361791491951
69168,0.5413037799667868
69169,0.49911861528366286
69170,0.5214121284362223
69171,0.20811306304754504
69172,0.13235548525262242
69173,0.5360369830664121
69174,0.5012218534698545
69175,0.8388031772349628
69176,0.5596140900155074
69177,0.5644734963129897
69178,0.4380570224491991
69179,0.5681976835293305
69180,0.5199656636238563
69181,0.51205771935869
69182,0.43905303726668393
69183,0.5306639093389578
69184,0.44528072928265955
69185,0.45524420567455387
69186,0.43900826840018586
69187,0.5719698184195134
69188,0.3752025677807582
69189,0.24899893344783067
69190,0.3737462573828937
69191,0.5259005297031725
69192,0.7917614627125446
69193,0.5543481701368219
69194,0.38901073620131954
69195,0.543314298270572
69196,0.5382673345062429
69197,0.38569473828727224
69198,0.5614243544065733
69199,0.5226446593001821
69200,0.5513178996442876
69201,0.5041063479475772
69202,0.4311354997513985
69203,0.47249651760896383
69204,0.5017292221703161
69205,0.545828663139798
69206,0.41839916101549196
69207,0.5341623375176049
69208,0.3858616119234401
69209,0.5716605744596032
69210,0.8138541932261613
69211,0.5172907266044614
69212,0.4591478984331511
69213,0.2628061193909102
69214,0.7979060900506866
69215,0.4453131216506045
69216,0.49636030776793805
69217,0.6395549489651313
69218,0.5158563013875704
69219,0.5786055962625353
69220,0.5266397474144984
69221,0.5803802046280296
69222,0.4321070167307849
69223,0.4609147328360024
69224,0.18102250867490433
69225,0.40083834894947534
69226,0.5033022974778959
69227,0.36717174007945774
69228,0.5334573958310934
69229,0.5289262096406799
69230,0.3066340847708574
69231,0.8410870487378357
69232,0.41637917737243074
69233,0.5601171915675959
69234,0.543676676901188
69235,0.42023526504322894
69236,0.47078998093827906
69237,0.5376694162522474
69238,0.2987919257966802
69239,0.4143917405437164
69240,0.4240511722646972
69241,0.5016076488171712
69242,0.553066002015548
69243,0.41653420316071194
69244,0.4663525372722405
69245,0.499012418394969
69246,0.47081992046627535
69247,0.40564909944577526
69248,0.2819603942604935
69249,0.5542733639332824
69250,0.5384423218739974
69251,0.5403618204255773
69252,0.4450072106280698
69253,0.4328666544049345
69254,0.5570930458665898
69255,0.44948718040840546
69256,0.466412286523024
69257,0.426075729606249
69258,0.3814830647394112
69259,0.5727898267085886
69260,0.4713923748838457
69261,0.4709546810201285
69262,0.4723724101446931
69263,0.3902366496081496
69264,0.22990881533861302
69265,0.5181727409724819
69266,0.5527647504778551
69267,0.5104655756801347
69268,0.42986928389032775
69269,0.5433386750804396
69270,0.40263927056175747
69271,0.404974620929223
69272,0.3753420157222361
69273,0.5631634379965917
69274,0.512502110950604
69275,0.5121999442181165
69276,0.4812531554280709
69277,0.4692630832325668
69278,0.8943146588598735
69279,0.4753408586314501
69280,0.3673164751077119
69281,0.5478302713397705
69282,0.5658928152666047
69283,0.6843008078667561
69284,0.5510295996345509
69285,0.47807380227570856
69286,0.5293947317471942
69287,0.447295108507203
69288,0.47197574611265863
69289,0.5572748120725356
69290,0.47685976836832644
69291,0.40462340186588797
69292,0.7605990331136394
69293,0.41668055384105634
69294,0.511771500977641
69295,0.3132079286942945
69296,0.364134789091737
69297,0.5032244751576471
69298,0.5382887336377298
69299,0.28559839726179787
69300,0.48645950016577083
69301,0.5225346009390033
69302,0.5583883888531641
69303,0.5411076338266381
69304,0.4967840453842406
69305,0.4390459758217895
69306,0.37224291088633893
69307,0.394755486035157
69308,0.5206536042753134
69309,0.5062528440072815
69310,0.5120435888476861
69311,0.48992764594442
69312,0.5111683929731968
69313,0.577941197554256
69314,0.491907973258558
69315,0.4238260475737121
69316,0.36539452913125986
69317,0.45050984948509676
69318,0.4113800554892721
69319,0.4827262413060227
69320,0.4891931701519815
69321,0.5274278535173542
69322,0.494716177883433
69323,0.4999828959211208
69324,0.4648469888335686
69325,0.42722993451315583
69326,0.523768246253745
69327,0.454429232295538
69328,0.543447503513504
69329,0.5182659549518672
69330,0.530943174730269
69331,0.36129346812809393
69332,0.7747679913452828
69333,0.558910525285383
69334,0.6026883100259143
69335,0.5269398976721182
69336,0.5103481302686396
69337,0.4054608669888157
69338,0.48660722248886545
69339,0.48325682757995087
69340,0.5494618670820476
69341,0.4239392683417725
69342,0.5151835031334812
69343,0.37520765962419933
69344,0.437367293858187
69345,0.5596995623735367
69346,0.5409348616376751
69347,0.4162626096176533
69348,0.5287065158678493
69349,0.47706928652095093
69350,0.5543258045981942
69351,0.5638162725176922
69352,0.5190799876712735
69353,0.5561344674926691
69354,0.456565581935388
69355,0.42153387107842294
69356,0.5226596206631822
69357,0.5409254322117407
69358,0.49079383558551026
69359,0.48191945544943027
69360,0.3460287943503162
69361,0.4621441295961473
69362,0.5528336726984248
69363,0.5229129940352983
69364,0.5281333498161516
69365,0.416837767981345
69366,0.4400343043641043
69367,0.5134105536346112
69368,0.48878507141686905
69369,0.34533231239374657
69370,0.4684897603993205
69371,0.4839564573007371
69372,0.5635646464620033
69373,0.3871953253665879
69374,0.520769012800968
69375,0.5457675385048066
69376,0.4428986686338745
69377,0.47842757053162266
69378,0.4075086610837741
69379,0.5169830671460908
69380,0.5452480499420933
69381,0.5112096399418694
69382,0.4991685469052911
69383,0.5519181129775571
69384,0.4940235394034029
69385,0.45849147612565294
69386,0.4415126864293892
69387,0.5518890600426686
69388,0.46604145455338714
69389,0.4236297072436201
69390,0.5165763210765857
69391,0.5654289559558362
69392,0.523166313673004
69393,0.3825849847776973
69394,0.5723656401477971
69395,0.5467675533443344
69396,0.497622198821552
69397,0.6038264961876546
69398,0.5037522144763061
69399,0.46786789370091386
69400,0.586673124730246
69401,0.4473332005395742
69402,0.6383621754882902
69403,0.5222106516947906
69404,0.5252452495145493
69405,0.3976602473142988
69406,0.40735803402497694
69407,0.5284280687189077
69408,0.5249475699869518
69409,0.527581911775255
69410,0.46603769994934136
69411,0.42664090447176
69412,0.5296916891476853
69413,0.47771448303949204
69414,0.23802710309067066
69415,0.5303357156354365
69416,0.24875819884170472
69417,0.502225164535048
69418,0.43065263290953454
69419,0.47883587045510007
69420,0.4812533012569477
69421,0.4388407859250549
69422,0.44596883803786536
69423,0.5033098509905471
69424,0.5377770769604168
69425,0.39585223721985824
69426,0.457262733060465
69427,0.5118482077266198
69428,0.41404810482171583
69429,0.44525329071253117
69430,0.5675217869858185
69431,0.45075127376775564
69432,0.5557732618025786
69433,0.5467739095926321
69434,0.5120663315052484
69435,0.5345369255781766
69436,0.5495570581792701
69437,0.2829417042739896
69438,0.5577389990021909
69439,0.45652089299799087
69440,0.5173527752682853
69441,0.4358427009801167
69442,0.44707654649959405
69443,0.4723581265496406
69444,0.4806055237109885
69445,0.4920876606512112
69446,0.474745850831609
69447,0.583366027476734
69448,0.5468111173049831
69449,0.5029463178361562
69450,0.4793515650515801
69451,0.42275691754052563
69452,0.4306846457156804
69453,0.37209753533178835
69454,0.4985238761933294
69455,0.42678326215551216
69456,0.5808886071633695
69457,0.5086322662200813
69458,0.39398348115754595
69459,0.4528803626415295
69460,0.5115962036858557
69461,0.4453288456622239
69462,0.4136929093359157
69463,0.7458226750746461
69464,0.5093655982310352
69465,0.5699296466661
69466,0.48135416299205347
69467,0.4925739808018436
69468,0.5300843699601259
69469,0.28557710062519204
69470,0.4622396435078537
69471,0.4465073839083284
69472,0.5540574901657787
69473,0.37185713497808687
69474,0.8699661798822576
69475,0.3832937355383848
69476,0.5143034054718971
69477,0.5089638886070985
69478,0.38412865587052236
69479,0.5405545865336396
69480,0.47616898480110253
69481,0.47890709885468824
69482,0.43331264684068005
69483,0.5957333506514588
69484,0.38727003250255143
69485,0.41060190279899045
69486,0.4725718701289988
69487,0.5817808792629865
69488,0.4635646967307022
69489,0.46349454329864903
69490,0.5201602641890938
69491,0.4253649609081164
69492,0.2678593691226518
69493,0.501618467034668
69494,0.4580225946714991
69495,0.4890789542362429
69496,0.561824216772222
69497,0.43638793732747994
69498,0.33499377004483
69499,0.4377453253331513
69500,0.4902417380356565
69501,0.4696111088085156
69502,0.48432902868218625
69503,0.5816158296357239
69504,0.46141428284315555
69505,0.5137187130420264
69506,0.7710643891034273
69507,0.44426695230453406
69508,0.5196592423666788
69509,0.5245361143150367
69510,0.5279855291869242
69511,0.4463845921233377
69512,0.46819707724061693
69513,0.321497073180447
69514,0.427675009394256
69515,0.4349745762083769
69516,0.5170376105778621
69517,0.4686485096164123
69518,0.514258073378833
69519,0.6060857158317089
69520,0.26963776188688315
69521,0.4113418318518675
69522,0.46668483524453697
69523,0.5574011317012456
69524,0.41617515817801237
69525,0.5125210194492977
69526,0.6808260538788526
69527,0.49111111595012613
69528,0.3632695423086242
69529,0.4079045186174162
69530,0.31298465026281397
69531,0.47490453023209456
69532,0.5308264245992576
69533,0.45844689525531546
69534,0.4105609912189549
69535,0.4818208904867611
69536,0.4280445580953799
69537,0.49435819317385127
69538,0.42947962731504935
69539,0.433215032933382
69540,0.4135437177935
69541,0.5152352585265064
69542,0.48845225608501036
69543,0.4990268814448731
69544,0.5445126788427481
69545,0.46091806597748447
69546,0.5547404457857001
69547,0.5018817396049641
69548,0.391251471533436
69549,0.5297214821482295
69550,0.5146386231969491
69551,0.49293980367169504
69552,0.5311360386083758
69553,0.5412178506635003
69554,0.4152067754172213
69555,0.6131104303076372
69556,0.43671125114387943
69557,0.4690316486186089
69558,0.4382172865923961
69559,0.5565506739608761
69560,0.4822621805798775
69561,0.41562049912108445
69562,0.4693995522286038
69563,0.3739507024745244
69564,0.5101789557937029
69565,0.5703935730866216
69566,0.5026719875292455
69567,0.5363824065376785
69568,0.5887084315364
69569,0.41118635446265694
69570,0.5409254323286142
69571,0.5208367364886252
69572,0.38543146157398883
69573,0.38021441958363267
69574,0.5370706837643213
69575,0.4548321900444258
69576,0.41558405459785003
69577,0.5774802200060911
69578,0.4951177681835879
69579,0.38371944185860785
69580,0.3729410728313502
69581,0.46379252427781814
69582,0.5200286634052653
69583,0.5377524687066206
69584,0.49721750380541924
69585,0.5436220699847718
69586,0.3438496221787953
69587,0.41075540188064036
69588,0.4680403157469394
69589,0.5530738481449218
69590,0.560310186695361
69591,0.42846889134970884
69592,0.402049085574516
69593,0.5050917425997973
69594,0.2502707265688916
69595,0.6605433047368502
69596,0.4573736275967856
69597,0.4904810774915711
69598,0.5891154006393396
69599,0.3285107388242024
69600,0.428615457859748
69601,0.4392675685494572
69602,0.5198953049490954
69603,0.8847397543289249
69604,0.5487308657140547
69605,0.517320750266767
69606,0.5430280219749634
69607,0.412793688391408
69608,0.27531706998312366
69609,0.5007675082243666
69610,0.5095164623029537
69611,0.4008109969622688
69612,0.3321411427375133
69613,0.1734777602406215
69614,0.54711096815346
69615,0.49224315322974477
69616,0.4972402317973775
69617,0.5390483509107283
69618,0.4189531600580189
69619,0.5291706499972226
69620,0.4794456307127783
69621,0.5954619999186903
69622,0.4566332030059083
69623,0.4521318112527794
69624,0.4891937916280158
69625,0.4915725380383843
69626,0.240158609677869
69627,0.23005122927972124
69628,0.54358288570034
69629,0.41193099407403305
69630,0.5778461272887073
69631,0.5194302760304285
69632,0.4309062406593882
69633,0.4585211411688742
69634,0.41645529006447296
69635,0.4184246208132824
69636,0.4850440067562427
69637,0.555091130278224
69638,0.4063547214809694
69639,0.47355010245311696
69640,0.4637295076089387
69641,0.8052412142905536
69642,0.4181817787114473
69643,0.4342159478677689
69644,0.5866896781630087
69645,0.501103063499223
69646,0.4031600551662412
69647,0.6691953718536653
69648,0.43396478831092644
69649,0.49413990374177674
69650,0.4469359389417325
69651,0.17253893692268252
69652,0.4535710778020447
69653,0.4548232127941614
69654,0.42969562024509184
69655,0.4331407670476446
69656,0.43087549736784836
69657,0.5334655107150497
69658,0.5242908189028281
69659,0.4104190256124021
69660,0.4877500891066393
69661,0.3567333365422393
69662,0.5245415742283251
69663,0.5388807074428984
69664,0.4882862961407132
69665,0.5011034483190149
69666,0.46533499222059344
69667,0.3419846963059899
69668,0.5312867874941604
69669,0.503696361747944
69670,0.468395733896461
69671,0.5024821154309944
69672,0.38510356739323376
69673,0.3351221012910711
69674,0.36587938506436535
69675,0.4495181835567644
69676,0.3914483533989864
69677,0.5856776004718244
69678,0.5266328251953668
69679,0.4320195013663125
69680,0.32877359563386954
69681,0.42492670344052635
69682,0.5269597329556307
69683,0.5221317209301498
69684,0.5608145780568352
69685,0.5187416214109933
69686,0.5921321780038707
69687,0.4890259858504381
69688,0.5695993195161085
69689,0.5268130881498057
69690,0.5429774848757666
69691,0.5146532965828619
69692,0.36926922039899523
69693,0.5276786118980245
69694,0.37197142688270945
69695,0.49357686288983194
69696,0.5328497454135229
69697,0.3793605491872776
69698,0.37616087640824314
69699,0.5098962977110675
69700,0.5487505907862007
69701,0.5421589634425029
69702,0.39150486239273136
69703,0.4086742530982042
69704,0.4205624250796406
69705,0.46605039961173006
69706,0.5704998569790273
69707,0.5523304565170656
69708,0.4124412555059898
69709,0.41512216240047073
69710,0.30938176460819394
69711,0.29161171849933243
69712,0.5489481204796294
69713,0.2934476182104543
69714,0.411761629351004
69715,0.4231030334280767
69716,0.4747567388216215
69717,0.4115988827234807
69718,0.5451394589476762
69719,0.5313485833567717
69720,0.5226453545855522
69721,0.5610484217963566
69722,0.4896871858624079
69723,0.5820149454450546
69724,0.24975251076598257
69725,0.481976451535179
69726,0.49754735250561616
69727,0.4607530876931602
69728,0.8590810605857838
69729,0.4652651705104246
69730,0.4580890952417732
69731,0.5472174132352263
69732,0.41859421531835656
69733,0.5207627099279
69734,0.4910102463852488
69735,0.5624965050767217
69736,0.4174904123517744
69737,0.8435166221357562
69738,0.49358520375812637
69739,0.4816405636107353
69740,0.4475154787038527
69741,0.7281005630611479
69742,0.5845808922631329
69743,0.38018384938009886
69744,0.41013966780782996
69745,0.5380597876106739
69746,0.5492784552372737
69747,0.588504761234563
69748,0.3780368523403284
69749,0.5113665325346104
69750,0.4715567577520474
69751,0.49137181169814254
69752,0.4359886477740804
69753,0.4585567976895149
69754,0.23183079698497713
69755,0.3194763414772403
69756,0.29704253252792484
69757,0.4043488925429436
69758,0.3895271030216038
69759,0.4996801010724351
69760,0.5043321184779775
69761,0.4445469170060644
69762,0.522415813709462
69763,0.4242238481940539
69764,0.3930610057540161
69765,0.5396815602989578
69766,0.26929304691588984
69767,0.5221829625785136
69768,0.49244493068321804
69769,0.42309427945168937
69770,0.45895989692254535
69771,0.39047534067920364
69772,0.2817577061824469
69773,0.3936336877183063
69774,0.5719357406271494
69775,0.32599395444875096
69776,0.3995518381336767
69777,0.46114204165759975
69778,0.5174110928205222
69779,0.44506786165837103
69780,0.5296145819019779
69781,0.538423275584453
69782,0.37245321317667046
69783,0.526354918522589
69784,0.41958032855089117
69785,0.4477535968989744
69786,0.5471870968515171
69787,0.4399976502796233
69788,0.4126850203569523
69789,0.5180576005748441
69790,0.5626708090662458
69791,0.4619053124568182
69792,0.4839433583248851
69793,0.526912902192085
69794,0.5194166189667153
69795,0.48535102815237513
69796,0.5292569225054139
69797,0.24466991505350977
69798,0.3882246447645155
69799,0.38393811282230966
69800,0.5843063084295289
69801,0.4227521420049761
69802,0.5427633631012558
69803,0.5030786532405007
69804,0.44795106399630724
69805,0.3159416283230389
69806,0.4165026654592598
69807,0.5413198922677626
69808,0.3393124157287674
69809,0.5348059460388128
69810,0.5549333716686853
69811,0.40423188015272754
69812,0.4020463429604845
69813,0.4732050822156187
69814,0.5454458546416084
69815,0.540762369404639
69816,0.4792828632565315
69817,0.5571969550121838
69818,0.41561823561476036
69819,0.5325899429461702
69820,0.5118383413027533
69821,0.4034240100571942
69822,0.5198526726708386
69823,0.8569046098984122
69824,0.2815801476552528
69825,0.5069358889556294
69826,0.5377092420813206
69827,0.5119506191657271
69828,0.5335895662949767
69829,0.4524982130521547
69830,0.5204885250853104
69831,0.5275141447139627
69832,0.48833593714529866
69833,0.2581620825135106
69834,0.3890529881551036
69835,0.49511338984728326
69836,0.4275394291968718
69837,0.5435220913605784
69838,0.4838587604607731
69839,0.45762333566471264
69840,0.47099603574621135
69841,0.30259424676776625
69842,0.46216336207013375
69843,0.5574548882162252
69844,0.5008157471666101
69845,0.5390075804499646
69846,0.43381493173432456
69847,0.5583497852581765
69848,0.5292375541578028
69849,0.43468974596395743
69850,0.4961308126853154
69851,0.3492286672819794
69852,0.5048038178705151
69853,0.5064256654718331
69854,0.3938582538699099
69855,0.5558831374991576
69856,0.5461902797465377
69857,0.5101170639439195
69858,0.49578229731312484
69859,0.3670309181093059
69860,0.48808405240720554
69861,0.41122395793208644
69862,0.5099776954579306
69863,0.3708152768562115
69864,0.5304024212852956
69865,0.5383257346754531
69866,0.5128480811726951
69867,0.5189750314258428
69868,0.25702156386381925
69869,0.35940435489658
69870,0.5190838897659279
69871,0.5438820422303307
69872,0.4804904070052814
69873,0.528286245538046
69874,0.41797932615170796
69875,0.49162307042632014
69876,0.4944027184312851
69877,0.411778724271931
69878,0.3564604123403032
69879,0.5186023059841972
69880,0.44356672081403287
69881,0.404177478516215
69882,0.5220683255446552
69883,0.5198377614369921
69884,0.5107117353131543
69885,0.44971145900357345
69886,0.27375391371731794
69887,0.4471049850830012
69888,0.4335487738873569
69889,0.4369140243741168
69890,0.3901491595190546
69891,0.46766055858471245
69892,0.5444061799956769
69893,0.3062370488706182
69894,0.5043738244121931
69895,0.4684419636426233
69896,0.550257824455467
69897,0.21189351196792633
69898,0.24735880041838454
69899,0.4949539233145682
69900,0.6685176837175667
69901,0.26515129081670946
69902,0.3732410055661506
69903,0.47307925840751996
69904,0.539518467739893
69905,0.45280261235081265
69906,0.8611968368625447
69907,0.5633726767765143
69908,0.516645011276561
69909,0.3336730324319321
69910,0.4159299721343156
69911,0.47464862226964294
69912,0.37431905025702344
69913,0.5473877433320543
69914,0.44159674550125816
69915,0.5327253070033819
69916,0.5596621232618764
69917,0.5832311357609625
69918,0.45765591316366677
69919,0.48449483980760044
69920,0.3099981257828517
69921,0.43647827570603687
69922,0.4540009879066715
69923,0.47219091262966967
69924,0.29393171858969114
69925,0.2979652365518526
69926,0.4941017431137806
69927,0.5412048110221541
69928,0.5633972782331079
69929,0.4562950514835995
69930,0.4177287236849549
69931,0.5260941362892992
69932,0.5574589023342511
69933,0.4539383368220102
69934,0.2872345255984767
69935,0.5010510415779136
69936,0.543014631920995
69937,0.4132420757947132
69938,0.43863780478456843
69939,0.5367690212948344
69940,0.3752572962028429
69941,0.4224016399694987
69942,0.36136587045944424
69943,0.5425996493726994
69944,0.48986789867063313
69945,0.5215006226729673
69946,0.4241500009641846
69947,0.4618816916797086
69948,0.8260305890661624
69949,0.3872424230412706
69950,0.3704571482213052
69951,0.4980564139193597
69952,0.4527592350452694
69953,0.473338331619806
69954,0.32301804862272027
69955,0.4570800284377201
69956,0.5228736950110434
69957,0.35874599114646705
69958,0.5143612998479647
69959,0.4214164122092164
69960,0.5151126991210507
69961,0.5255810772293872
69962,0.41884261801240236
69963,0.42071809740689947
69964,0.5636516064200667
69965,0.5450207148268861
69966,0.6008534932696418
69967,0.5188856355592028
69968,0.4988796761869721
69969,0.5445811087237044
69970,0.5199032219533757
69971,0.545757211973469
69972,0.5402133421763666
69973,0.5456771189200398
69974,0.42862982527226784
69975,0.4440580747836174
69976,0.3441221639115347
69977,0.31180334222176187
69978,0.48309417498435997
69979,0.5240238132569665
69980,0.5246003122832279
69981,0.5212562366736437
69982,0.2815867062489006
69983,0.5410641023153254
69984,0.41378291313532845
69985,0.4206969939197893
69986,0.4340451910081152
69987,0.46794960340008174
69988,0.5079809220472622
69989,0.4717278900833257
69990,0.44801174993666565
69991,0.5101575108471595
69992,0.8249157083266445
69993,0.39110466728933235
69994,0.5383790863565475
69995,0.5355125345518734
69996,0.4177404147562984
69997,0.5256888944936616
69998,0.5094516920195269
69999,0.47942383616621603
70000,0.5001858067134266
70001,0.8553337411316835
70002,0.5219963920707189
70003,0.2420638383378895
70004,0.34339982806485564
70005,0.4539474958628712
70006,0.41097290026913896
70007,0.42385759108279175
70008,0.5629937236712719
70009,0.8246450329775414
70010,0.8707871034223037
70011,0.4435624079853763
70012,0.44139948429336195
70013,0.33705939191188505
70014,0.4528381034667485
70015,0.47771685094961175
70016,0.5121610557329194
70017,0.5131027805253808
70018,0.5387713247581584
70019,0.5835946254943675
70020,0.4521036967032341
70021,0.24826193909528568
70022,0.4350255852938572
70023,0.5690964681058919
70024,0.5666397244544897
70025,0.5379336205297894
70026,0.44306597861139674
70027,0.21161356653125687
70028,0.46925130378379826
70029,0.37364959524696106
70030,0.5383924068614819
70031,0.4419027172290973
70032,0.37973507833098663
70033,0.4939035714649273
70034,0.41939044594131225
70035,0.5475985274019669
70036,0.5474531279880895
70037,0.39954643792050676
70038,0.5181802430613817
70039,0.4727917885868271
70040,0.5067728850112245
70041,0.4551982698226328
70042,0.5557867896788341
70043,0.5320900121870553
70044,0.4149943342181942
70045,0.5358250466742064
70046,0.5482395066193926
70047,0.601160859534183
70048,0.541406684245127
70049,0.5451495246126852
70050,0.4403850361935267
70051,0.5171351757690277
70052,0.402564342939819
70053,0.5206990668706051
70054,0.47618132156029735
70055,0.4313255406349561
70056,0.44141598480767286
70057,0.43093834090046307
70058,0.5279962633906616
70059,0.5641942987313115
70060,0.3747214100544985
70061,0.5671334631306505
70062,0.47398512481372035
70063,0.5229310018237187
70064,0.4189859137847589
70065,0.5204569697752983
70066,0.43497214612683877
70067,0.4152181846553153
70068,0.41913614773660784
70069,0.5256805751729755
70070,0.24571169732280881
70071,0.5151808204152992
70072,0.44255462419057645
70073,0.5244959466470511
70074,0.5265717316198881
70075,0.49854695736792504
70076,0.4911903121960141
70077,0.45598703000855345
70078,0.48775166855693536
70079,0.5144331602634957
70080,0.542332414646113
70081,0.4667080822314837
70082,0.4217845595484899
70083,0.8844972807596132
70084,0.5152629955009088
70085,0.36598128864320334
70086,0.41259693299713
70087,0.46283353602457655
70088,0.5490204636222832
70089,0.5229730040433013
70090,0.4869203786313314
70091,0.5269229299852219
70092,0.2770002135385895
70093,0.5289605658280003
70094,0.4255269540223829
70095,0.5674132372774036
70096,0.5594549041321784
70097,0.4716430481549483
70098,0.6080391608541826
70099,0.40084120373957405
70100,0.43229997513683804
70101,0.37400368062743755
70102,0.43011965864944174
70103,0.21712271355003374
70104,0.47820704755149657
70105,0.42642862632652107
70106,0.5065902508104692
70107,0.5306407921499388
70108,0.5119831162698264
70109,0.3977471565381731
70110,0.5237275055103925
70111,0.4906998109258528
70112,0.3672390988443216
70113,0.4380207717186095
70114,0.5039744108067151
70115,0.5107500099789238
70116,0.3896395695416112
70117,0.530730706059194
70118,0.5619580852502627
70119,0.5118791932457686
70120,0.5558836841830357
70121,0.5541438070369304
70122,0.5250908532299796
70123,0.5663641650873849
70124,0.49693900384464196
70125,0.5409868782083813
70126,0.5046279644701965
70127,0.5125814093173657
70128,0.5115407348089449
70129,0.4132564065048298
70130,0.3745023869095296
70131,0.5099135516081175
70132,0.566109886007494
70133,0.5200788667323167
70134,0.5078536123968511
70135,0.4920065123009368
70136,0.48522647920190376
70137,0.38307548216260634
70138,0.5537785628662285
70139,0.515887465778799
70140,0.4138442007028237
70141,0.4990938240260711
70142,0.5533795633387157
70143,0.554574446646736
70144,0.420112598317737
70145,0.5327359125322493
70146,0.46202403632462835
70147,0.48044498273583225
70148,0.5208667180427042
70149,0.511673634291924
70150,0.3872670741671987
70151,0.4137133970739202
70152,0.5216621603120364
70153,0.35248035849608744
70154,0.4601508449192502
70155,0.41120104408787633
70156,0.39953693957105413
70157,0.5193468882023436
70158,0.48060939935771446
70159,0.5712400868122105
70160,0.7900341316549876
70161,0.346434420830526
70162,0.37244130563024447
70163,0.5037288939107641
70164,0.5483964332883029
70165,0.7781373970584277
70166,0.7858936285217472
70167,0.4020195700277598
70168,0.4209594286562192
70169,0.5536123671529178
70170,0.4298683711893834
70171,0.5458919870416441
70172,0.3808561115051834
70173,0.46238120798447885
70174,0.39959157475249135
70175,0.5837584930451881
70176,0.41203527992957445
70177,0.4750323239016388
70178,0.5094750868881355
70179,0.27945248122816313
70180,0.5348161191183562
70181,0.42800183234682504
70182,0.46834845927646557
70183,0.3933379060163996
70184,0.572809751421714
70185,0.4611469607164506
70186,0.31862017509507734
70187,0.4487300705766162
70188,0.513954457965848
70189,0.4418245033360214
70190,0.4167043929291249
70191,0.5414475510419419
70192,0.5841211418252004
70193,0.6409119939482596
70194,0.5408948888255556
70195,0.5988627212209097
70196,0.4896005654688459
70197,0.27420435284183303
70198,0.4590341730478527
70199,0.5155222859312614
70200,0.2709528462315299
70201,0.5558190190835467
70202,0.490522417949397
70203,0.5442042367757218
70204,0.526300835232572
70205,0.5695704685377287
70206,0.5051019005444229
70207,0.5785200954024663
70208,0.5104326621863656
70209,0.544621307142509
70210,0.3545533255767622
70211,0.41037740736764794
70212,0.5013675736522907
70213,0.4591269346230348
70214,0.539906695890147
70215,0.2677513104949059
70216,0.42555391019926636
70217,0.4300583192034364
70218,0.5297237522751487
70219,0.5158052727389884
70220,0.7717513248059563
70221,0.4644152499850335
70222,0.4318415028955913
70223,0.5403771476225443
70224,0.5131602716785161
70225,0.4984534876372536
70226,0.5256710318423883
70227,0.46874499276448395
70228,0.8775109805016236
70229,0.5436939016504145
70230,0.4890823994904677
70231,0.26262947350732957
70232,0.5190447413257635
70233,0.19964877700520317
70234,0.5550183170653424
70235,0.3249533041662295
70236,0.5148808885874137
70237,0.3698948058466327
70238,0.4565006699171203
70239,0.5264383141244241
70240,0.5367782309479108
70241,0.4979944380070191
70242,0.5331587533401466
70243,0.5524523235806474
70244,0.5374981909504585
70245,0.426534534539066
70246,0.5611392849692565
70247,0.5251521903443817
70248,0.39444715764897736
70249,0.5024240052251521
70250,0.5223263194864749
70251,0.5618784327480152
70252,0.4949094484730946
70253,0.5571440299087327
70254,0.4411562216525427
70255,0.37823797601851405
70256,0.49232410697134393
70257,0.46986045832495554
70258,0.5289338160868883
70259,0.5673944664275641
70260,0.5001788507364361
70261,0.46307038584798316
70262,0.4706312159460551
70263,0.568408796890458
70264,0.428770180223724
70265,0.48679936341013436
70266,0.5315226098743874
70267,0.5242575599075289
70268,0.42551433334544153
70269,0.451238192076496
70270,0.5223766524488683
70271,0.5525149682123572
70272,0.4846560635056464
70273,0.5110009082859798
70274,0.3708052721879771
70275,0.49128140109620994
70276,0.5244597451330864
70277,0.5225423302151166
70278,0.5735686866251575
70279,0.506009666456069
70280,0.23303878463881894
70281,0.47683184797957834
70282,0.5258519383169101
70283,0.4073215314042048
70284,0.5377454929079447
70285,0.526352794628699
70286,0.4776842577065182
70287,0.29316294091650674
70288,0.48293979660811137
70289,0.50032086705408
70290,0.5832601323567997
70291,0.5674205212607747
70292,0.5487765250478593
70293,0.5336574813815819
70294,0.5227990783037835
70295,0.42671422856624636
70296,0.4246741783124478
70297,0.3775587320778188
70298,0.47828230090316737
70299,0.8971170447592308
70300,0.5424435787998978
70301,0.37852256275432206
70302,0.834751811451834
70303,0.45085673177296925
70304,0.45183661863839786
70305,0.40681064047340515
70306,0.5252173388897126
70307,0.5461411844854751
70308,0.5963062933126
70309,0.42932857714044115
70310,0.391576116126505
70311,0.5402573701909406
70312,0.4475265803172304
70313,0.52348773071006
70314,0.519326639671482
70315,0.4755874316986005
70316,0.5040994710457742
70317,0.3761042665435691
70318,0.4895202264340094
70319,0.569857555165816
70320,0.41362887719019753
70321,0.4257578028355743
70322,0.540417095352346
70323,0.49689906441115284
70324,0.32127110085630073
70325,0.2834624276723411
70326,0.31118103631185473
70327,0.5547680224056563
70328,0.5481813963289475
70329,0.48310529672048974
70330,0.4156107206970726
70331,0.5337099166127247
70332,0.44301118486291435
70333,0.5576859281747915
70334,0.5256462957373239
70335,0.4873759873748417
70336,0.5089778558699853
70337,0.5176097787575511
70338,0.5035118625513187
70339,0.4396724524625424
70340,0.43197178557895843
70341,0.49566205102204736
70342,0.5366594737225944
70343,0.7874671247151297
70344,0.513754131775667
70345,0.40626356734981933
70346,0.3350340785392415
70347,0.6527966839421103
70348,0.40409232141914375
70349,0.3218120747479598
70350,0.5263765808340357
70351,0.44145506751740604
70352,0.42620767751443883
70353,0.5090783218179593
70354,0.5443540259022819
70355,0.534427932516995
70356,0.2489350613148743
70357,0.3491797270915968
70358,0.4944332619871661
70359,0.40352794605883346
70360,0.4429538100686393
70361,0.5755582518557256
70362,0.5058649516514877
70363,0.5384982243918164
70364,0.42677462145538037
70365,0.5152510454456775
70366,0.37866567368134246
70367,0.5986108247326101
70368,0.4494198289741247
70369,0.5030514629549875
70370,0.3569912462731948
70371,0.48149412272490694
70372,0.5202119003497615
70373,0.5403342026471526
70374,0.5243331695770627
70375,0.506135431983333
70376,0.4561672198080596
70377,0.48494602349024407
70378,0.4469813432437876
70379,0.531499644498868
70380,0.5026952446569135
70381,0.4819758252027594
70382,0.5208355326514865
70383,0.42464600287143733
70384,0.4067966889047653
70385,0.43652030456012497
70386,0.5333466000830153
70387,0.3487777388830806
70388,0.4037905598776003
70389,0.5254198029977769
70390,0.5047150371109231
70391,0.7691536721331358
70392,0.47338820715239255
70393,0.4536253970580332
70394,0.454612598807425
70395,0.4585806515896243
70396,0.415039293352265
70397,0.4663366178008186
70398,0.4878629555532129
70399,0.5652223734769929
70400,0.547812664300146
70401,0.5162893040249228
70402,0.48677034898732197
70403,0.6127696785116195
70404,0.5026449138102552
70405,0.5196466346003478
70406,0.41069802935647304
70407,0.5627138046556518
70408,0.3449644656033617
70409,0.45768393563062076
70410,0.40214101733338603
70411,0.5187354154205577
70412,0.42425791852567746
70413,0.43387462600917776
70414,0.5323154904621882
70415,0.41809477651088267
70416,0.4303009573580032
70417,0.5522398076507888
70418,0.5048781329456711
70419,0.47093212048197663
70420,0.4939624494550393
70421,0.5207295436384664
70422,0.40580574314011464
70423,0.3948004282135285
70424,0.5067887253695744
70425,0.4231368483985636
70426,0.458567043317459
70427,0.3987213343458959
70428,0.512087969561602
70429,0.5139387988028421
70430,0.49811981490692986
70431,0.4180647160970604
70432,0.5138783533496192
70433,0.4579782842714298
70434,0.449949321260841
70435,0.5023129193047643
70436,0.5254564208503796
70437,0.4748860753101387
70438,0.44242493567358837
70439,0.5351129577988074
70440,0.39390380333909886
70441,0.5307852218053727
70442,0.5492462822131146
70443,0.4489995345323738
70444,0.4675021394037835
70445,0.46270102091826354
70446,0.4826079256283799
70447,0.5711410028622136
70448,0.5722847903711971
70449,0.5269246726613981
70450,0.5312108969951113
70451,0.5476610021322301
70452,0.5129127526993627
70453,0.45186237654641087
70454,0.5266591918123099
70455,0.5135198376938944
70456,0.4065212755575372
70457,0.14541044231553407
70458,0.5414588726957577
70459,0.5381701739267509
70460,0.4738843645434565
70461,0.4811986148304058
70462,0.4767355367036502
70463,0.37346617868696363
70464,0.5263482801039409
70465,0.441183475092305
70466,0.3688127277431802
70467,0.5309473216311442
70468,0.39309824504215973
70469,0.4982786996933878
70470,0.44959743019948484
70471,0.4605735149074319
70472,0.28840299209817494
70473,0.5687224167498819
70474,0.51649824389745
70475,0.5012556081987211
70476,0.5423060869319888
70477,0.5229563152274626
70478,0.49180022174608923
70479,0.2795276424202744
70480,0.427484001949948
70481,0.4784819886586498
70482,0.5340597404137299
70483,0.5309719221829959
70484,0.5230552860210164
70485,0.5704215708459187
70486,0.41338822780067647
70487,0.49408741530386086
70488,0.3864002467651725
70489,0.4539119367705335
70490,0.4714694722248275
70491,0.49028197910270566
70492,0.5060773088851342
70493,0.36325783257744076
70494,0.4036961353223159
70495,0.43002124216562754
70496,0.3642345962154026
70497,0.4389358756422204
70498,0.4171987974369584
70499,0.31037826859967577
70500,0.7938839843930573
70501,0.7980188507958847
70502,0.4191882117286369
70503,0.3806578497016369
70504,0.5443825123593046
70505,0.5075645296638768
70506,0.537460321202412
70507,0.5823192443372474
70508,0.40358132168176386
70509,0.5195999838778799
70510,0.5162406606943806
70511,0.43023655001608047
70512,0.33233331281500217
70513,0.47606847285692916
70514,0.5343710075664971
70515,0.47673916421286694
70516,0.5004807500436834
70517,0.44340119160753927
70518,0.5070127666760502
70519,0.32675936138804
70520,0.540897899318574
70521,0.5259585900903744
70522,0.5652460965006214
70523,0.5428388941459027
70524,0.43040568151022174
70525,0.5381891060377423
70526,0.3404252853936341
70527,0.5104346292352376
70528,0.36190425834075046
70529,0.5572591427971239
70530,0.3820273624679446
70531,0.5570027019474665
70532,0.40639144475106587
70533,0.3115082441093112
70534,0.5613097906084883
70535,0.5303207775557317
70536,0.7602763801105222
70537,0.4939743984407721
70538,0.8173291552552213
70539,0.44523665803387413
70540,0.4976708259796941
70541,0.35626090563076745
70542,0.5501707871472655
70543,0.36078706795426396
70544,0.8843647695179616
70545,0.275052398657328
70546,0.5596447257486034
70547,0.5502225770571544
70548,0.3731833574064389
70549,0.43291491418508754
70550,0.41984107119050834
70551,0.5595859343020425
70552,0.4263683646118729
70553,0.31731683171983127
70554,0.37126793082530213
70555,0.4851889817909264
70556,0.4154241750244127
70557,0.856429621557073
70558,0.42892079393427424
70559,0.4678927794260136
70560,0.3872612221674894
70561,0.5334646110798685
70562,0.5683362915745824
70563,0.5255713617423338
70564,0.41650951337400266
70565,0.5100249182707054
70566,0.5292089142733343
70567,0.5609783144613717
70568,0.40772829839083446
70569,0.8735996887846681
70570,0.3826606023816384
70571,0.530118664687326
70572,0.49302776185629393
70573,0.5660366854216266
70574,0.5584977063443085
70575,0.5281248323760344
70576,0.24199152286662154
70577,0.43174181355144975
70578,0.38405831727137235
70579,0.4056435298871391
70580,0.33886221378074605
70581,0.4890333814445681
70582,0.4347677263451922
70583,0.384900911674413
70584,0.56071576515992
70585,0.5590233897622231
70586,0.5244757384676308
70587,0.5330423642393479
70588,0.864500829472168
70589,0.4680319133035236
70590,0.26396125997224806
70591,0.5464665932636489
70592,0.5253331322453674
70593,0.297420445285389
70594,0.43644883221552194
70595,0.48244494754972855
70596,0.5697266685772341
70597,0.4210075348160898
70598,0.4612244987484633
70599,0.6040485012948064
70600,0.4260313079322866
70601,0.5431020580404411
70602,0.4999660330620793
70603,0.428860347024698
70604,0.5565284271029814
70605,0.2763651247247308
70606,0.5226995264944201
70607,0.5580415473260236
70608,0.41991538520949634
70609,0.5350184990408041
70610,0.558023182527213
70611,0.5631944049152748
70612,0.5757384867282404
70613,0.49353138336835306
70614,0.37540429668969666
70615,0.5006369047086303
70616,0.5116722501430067
70617,0.5271956377530839
70618,0.4434098085756424
70619,0.30969807483017414
70620,0.43857854236021915
70621,0.5187581943680214
70622,0.5149899708052116
70623,0.4281489428015475
70624,0.5173857254119654
70625,0.4054168629435005
70626,0.535495734886962
70627,0.509693646421925
70628,0.5513353354051517
70629,0.49158847214322954
70630,0.5620434253254375
70631,0.3825958130530403
70632,0.430443840689255
70633,0.4000161676226617
70634,0.5270854425664832
70635,0.49364813422189996
70636,0.426050703417684
70637,0.57452693584156
70638,0.4295314908839969
70639,0.5044291876849343
70640,0.3979052983232168
70641,0.49024200016163116
70642,0.5445056697062245
70643,0.4634643365466291
70644,0.6611791643800101
70645,0.5022554367690538
70646,0.6360141926613609
70647,0.5581163322860221
70648,0.4792435418988646
70649,0.5470819406628853
70650,0.3810711984028264
70651,0.5605441006606999
70652,0.21200429669252077
70653,0.573959938598563
70654,0.5126228080447509
70655,0.22818499864954306
70656,0.5395620963414445
70657,0.5134410434080656
70658,0.5092474198639936
70659,0.42486156625644217
70660,0.4861851876106976
70661,0.37568169730837286
70662,0.5496254098960728
70663,0.5505189978252883
70664,0.5431678732534221
70665,0.5416689735796746
70666,0.3955726210428207
70667,0.5459615982213087
70668,0.5457743490641008
70669,0.5152798880915901
70670,0.37629774104900926
70671,0.5296770277890613
70672,0.5072863737246731
70673,0.4624481691651247
70674,0.8054139133807419
70675,0.405308327076594
70676,0.5216945044879542
70677,0.5007005097110024
70678,0.518835782580598
70679,0.5106096332204353
70680,0.42042919170316373
70681,0.5767767089254977
70682,0.42593673693607886
70683,0.7711746449082298
70684,0.577275664684624
70685,0.5053226448467
70686,0.5006277509462482
70687,0.24529425128658286
70688,0.38718066353612474
70689,0.5401473353084757
70690,0.467459647885615
70691,0.560527537587087
70692,0.5764441091556198
70693,0.4409520884808899
70694,0.5029384441040856
70695,0.7809188072365579
70696,0.46301273885325794
70697,0.2611696319438167
70698,0.49764245492286857
70699,0.5416392188566536
70700,0.2706061156087706
70701,0.5377808517789235
70702,0.505935650214297
70703,0.42131414429638747
70704,0.41977160759942955
70705,0.28270450075746195
70706,0.5042472520694545
70707,0.5509786900507562
70708,0.4260488555123529
70709,0.37707142887088246
70710,0.5313206264219155
70711,0.2755166983530305
70712,0.5222259051393208
70713,0.5757354736690736
70714,0.38029822205690383
70715,0.43086145202069903
70716,0.4983923448424371
70717,0.4043403937358169
70718,0.5463854848167446
70719,0.4645462753328343
70720,0.4906851526729787
70721,0.41445268108087746
70722,0.5317596142584904
70723,0.402308506615661
70724,0.4579871976529652
70725,0.3857278046518204
70726,0.5295519300622054
70727,0.5839662084167405
70728,0.5598392461189889
70729,0.4532305569024623
70730,0.40804246859970367
70731,0.31565374647870575
70732,0.540244147945067
70733,0.5213236320070306
70734,0.48330450278896153
70735,0.5240271307254329
70736,0.426218221516551
70737,0.8435746493191526
70738,0.4811977694981165
70739,0.4472893195611276
70740,0.5335912303097914
70741,0.4758194288773105
70742,0.239454848090295
70743,0.5666776486968704
70744,0.4414805895296166
70745,0.40968233162099116
70746,0.5732474847167925
70747,0.5446862095761316
70748,0.47255109106277576
70749,0.5258153745018249
70750,0.5265433621070729
70751,0.49244227273946134
70752,0.3394992341961281
70753,0.5076311843377864
70754,0.5825723845197149
70755,0.3496117059582145
70756,0.5055377306118354
70757,0.550326446505689
70758,0.5429465358106365
70759,0.31812302839007195
70760,0.5291208794928819
70761,0.3977641239289219
70762,0.5487252649110641
70763,0.33098035803085835
70764,0.5472185637542843
70765,0.5301586339743953
70766,0.3596021147068825
70767,0.5587112673989033
70768,0.565986375915239
70769,0.5099836869582829
70770,0.43916271110267907
70771,0.3790714566843537
70772,0.46899894537979825
70773,0.5503365503099408
70774,0.3662698891659146
70775,0.5596548092838384
70776,0.43771621751234363
70777,0.3847749497353256
70778,0.5429638532055733
70779,0.5359077468643308
70780,0.49967184941687964
70781,0.8123396752773823
70782,0.5317619064557222
70783,0.5092584684381912
70784,0.5076126595623656
70785,0.4018630523873691
70786,0.5023164887865847
70787,0.5486177718886158
70788,0.44977771283477996
70789,0.17835992313349963
70790,0.26315043807596417
70791,0.5676009556613492
70792,0.3171905781946388
70793,0.5587561888933876
70794,0.4895787266722009
70795,0.5539730779115688
70796,0.5047225587282435
70797,0.40874060582512534
70798,0.45729755607414435
70799,0.5506509545150229
70800,0.5323260541977344
70801,0.4350611263333639
70802,0.5256311789241898
70803,0.8413060164356939
70804,0.38494744518529955
70805,0.42054793527398954
70806,0.395440135925766
70807,0.562558702760002
70808,0.558597876815069
70809,0.5234483028464971
70810,0.4904830037122212
70811,0.7397734467011031
70812,0.3982704444944556
70813,0.5047713237252188
70814,0.5013506129763645
70815,0.4904891438999915
70816,0.5273036907826785
70817,0.48327163344471974
70818,0.42150520375964984
70819,0.5310113338779767
70820,0.34017207919806675
70821,0.4426909374047601
70822,0.5138768213692184
70823,0.4733374960298844
70824,0.4453587424448898
70825,0.46400153304953284
70826,0.4310251052558662
70827,0.4417532789531593
70828,0.5804189653039069
70829,0.5591888868824789
70830,0.38134937477557296
70831,0.4007339737624786
70832,0.512370245390241
70833,0.49800145805888174
70834,0.2834484533458304
70835,0.5129945633071258
70836,0.5214881892941056
70837,0.5265365669757547
70838,0.5368253971650155
70839,0.43453936031978957
70840,0.4373468678297835
70841,0.33035695483191513
70842,0.5520745195107369
70843,0.5272040356489279
70844,0.29476230114382396
70845,0.43253034702220466
70846,0.5648428012876376
70847,0.41349333598853566
70848,0.5191917251945213
70849,0.5214789733826557
70850,0.466985222472293
70851,0.4443149700805569
70852,0.46697220229974673
70853,0.4763454458102527
70854,0.5612070619130507
70855,0.532320988117522
70856,0.4893127943238116
70857,0.8333840943286197
70858,0.49603508632490545
70859,0.5570503569124755
70860,0.47577240350585
70861,0.30962459824373784
70862,0.5876929272716096
70863,0.21283607929474505
70864,0.40824754532848684
70865,0.38315653328601507
70866,0.4915283891288282
70867,0.5114881170120406
70868,0.3870870550245952
70869,0.4213738183321419
70870,0.430698771132221
70871,0.4196201796452127
70872,0.31046680738043714
70873,0.5059006250095347
70874,0.38195324491086596
70875,0.5260509018050055
70876,0.5229924197513394
70877,0.33597042496887836
70878,0.5508440082275242
70879,0.38111008816862946
70880,0.4189074739788392
70881,0.5278942723260703
70882,0.3047010944945625
70883,0.42985543960465183
70884,0.3115232050138689
70885,0.4825896322815233
70886,0.4449139690239533
70887,0.5526715502184177
70888,0.5266072744651316
70889,0.4556823356252823
70890,0.39526673312209626
70891,0.42192327874376123
70892,0.364353592365488
70893,0.5615790870836962
70894,0.5157056501333241
70895,0.5106473737942444
70896,0.5294196927247967
70897,0.44275479195738315
70898,0.5621659090416363
70899,0.5026905712953361
70900,0.5479673017818782
70901,0.45801223530078183
70902,0.479332806823779
70903,0.7776221829841276
70904,0.5084421987373526
70905,0.5617641009989482
70906,0.4275784721106387
70907,0.3375660811896048
70908,0.5161190601574237
70909,0.5835903926492829
70910,0.5257087496412466
70911,0.6104634789337869
70912,0.4234268509499481
70913,0.44545437521116776
70914,0.4644507251479511
70915,0.4877984299660811
70916,0.30827927398138993
70917,0.5675292863215197
70918,0.42619848258194326
70919,0.4606241284655027
70920,0.24676733312104915
70921,0.43199726045992975
70922,0.4684323430103786
70923,0.5628901058693591
70924,0.5512155842888458
70925,0.4667847560659236
70926,0.41716301254244026
70927,0.3968583025214303
70928,0.4721856270961746
70929,0.5409337780380705
70930,0.4548440815272533
70931,0.46629238063408135
70932,0.5084715008732533
70933,0.35238285398584307
70934,0.5045851030271524
70935,0.4595756310008557
70936,0.5491777962797385
70937,0.5012559732292093
70938,0.5085867958545013
70939,0.35828751582843965
70940,0.5428861034212347
70941,0.5553559652403439
70942,0.5382813250880943
70943,0.5728368798357086
70944,0.1707365417498086
70945,0.4218426954521231
70946,0.5271569454950737
70947,0.4167450108317228
70948,0.540057596994054
70949,0.3848605035139348
70950,0.572436193422117
70951,0.6084457739895709
70952,0.45318421725054875
70953,0.35475840929314933
70954,0.4092227437238248
70955,0.5466396592807694
70956,0.5721715272321642
70957,0.5054149710159018
70958,0.5011657947452609
70959,0.5154429966717196
70960,0.523894800541513
70961,0.5446460973997312
70962,0.41722646973994454
70963,0.5075293062478337
70964,0.4292332672758506
70965,0.23858139901998798
70966,0.5346912513129437
70967,0.5151757322398803
70968,0.4489362643505887
70969,0.5758235608485452
70970,0.4102033639336772
70971,0.5311934798486685
70972,0.5363560626956752
70973,0.4286235585052043
70974,0.427264731771031
70975,0.3957616418377947
70976,0.4258375610979833
70977,0.5306779020641919
70978,0.5283341549562167
70979,0.4398874818128074
70980,0.5014411400223725
70981,0.5391220426054569
70982,0.35438858754195873
70983,0.4797064660458264
70984,0.5679419432283527
70985,0.5127291941654942
70986,0.5568912069088925
70987,0.4845470846383183
70988,0.4213326858142905
70989,0.6979231076472804
70990,0.5012978167717613
70991,0.4533005280609254
70992,0.4410191571461095
70993,0.4214934812451688
70994,0.5011952160938424
70995,0.48689875715063125
70996,0.5225144926379107
70997,0.5486668510031208
70998,0.42951271702270966
70999,0.5115667536478932
71000,0.551645808459053
71001,0.5694834240543564
71002,0.5544207259091427
71003,0.5450398083341439
71004,0.5144932896151919
71005,0.38921241772858184
71006,0.4444551292178251
71007,0.4393290839264327
71008,0.530717787437082
71009,0.5466517231837735
71010,0.4179208764811243
71011,0.3650591573498783
71012,0.47330023740233185
71013,0.5081546524790135
71014,0.5009260842528833
71015,0.5338778991743954
71016,0.5377427931235308
71017,0.4981096716450301
71018,0.2853470096683214
71019,0.5264713577456512
71020,0.5294744651260104
71021,0.5457029134868758
71022,0.41210593345409186
71023,0.5118476386536822
71024,0.5106699047130336
71025,0.4914817447523484
71026,0.4924120767520548
71027,0.49627880306736005
71028,0.3830823570867409
71029,0.4343734104999311
71030,0.48910930404304104
71031,0.851335069718525
71032,0.45347930190638497
71033,0.41441814062995297
71034,0.3520595036788973
71035,0.6440598214044232
71036,0.5245571602840492
71037,0.40871760892743947
71038,0.5265166099177262
71039,0.49210518972001266
71040,0.5527990310342166
71041,0.4696493663721429
71042,0.5586955208195525
71043,0.4888889660870107
71044,0.44870860469172485
71045,0.5182802791179761
71046,0.4870777228324417
71047,0.2503930420606179
71048,0.5456008047721606
71049,0.3317959977489493
71050,0.4189431206858706
71051,0.5199595549939379
71052,0.41107676365983215
71053,0.4449822485038214
71054,0.5059588184503276
71055,0.4339044056352131
71056,0.5715286017724014
71057,0.45058491610903173
71058,0.5143210666001332
71059,0.43824747335628383
71060,0.41737123089900385
71061,0.8584314255122981
71062,0.483557486952398
71063,0.46460688508820963
71064,0.5314084782279351
71065,0.2505149405979621
71066,0.5383100417055408
71067,0.5474976705863519
71068,0.3352272961515242
71069,0.6731310583620913
71070,0.4707633081691623
71071,0.5261446821530493
71072,0.4824378184913137
71073,0.5725924379263106
71074,0.5015217715729019
71075,0.367337412219205
71076,0.4542456892798575
71077,0.4697291403814042
71078,0.52377216767464
71079,0.3929486356462527
71080,0.4685891616508888
71081,0.49039311947428493
71082,0.4158487680136199
71083,0.49002635173940445
71084,0.5229651197623536
71085,0.5734895170220781
71086,0.3792550119406357
71087,0.33682706443345684
71088,0.5136714125746742
71089,0.3773220992988738
71090,0.5133332083887265
71091,0.2546645706309759
71092,0.42494169380200497
71093,0.5091055746608251
71094,0.8447464641635356
71095,0.3714907331132472
71096,0.520448790791105
71097,0.5324007366512048
71098,0.5029799339149715
71099,0.5032027650192465
71100,0.5103612754624044
71101,0.41154701393998605
71102,0.45176449104714034
71103,0.4579098943806291
71104,0.8359736399811839
71105,0.5591147101052717
71106,0.497444895586516
71107,0.5078088863352791
71108,0.4295313543896204
71109,0.5310547663993959
71110,0.43215592989068513
71111,0.5153051309941074
71112,0.23946277788576542
71113,0.549457610106679
71114,0.5426592485813072
71115,0.5247920519037641
71116,0.4198322235923174
71117,0.28943521888560886
71118,0.3113944678956584
71119,0.3938986210846178
71120,0.5453935863960424
71121,0.5302996198678919
71122,0.8089404693625217
71123,0.5225690054108075
71124,0.5620384712977432
71125,0.5116322413654231
71126,0.4417746433493603
71127,0.414622044358715
71128,0.49513144306867873
71129,0.43410522553178904
71130,0.5309317444445414
71131,0.4909999655570283
71132,0.4153463264345269
71133,0.42514940837145626
71134,0.4985032895468647
71135,0.5696750124748569
71136,0.41862246760083144
71137,0.48657642398357426
71138,0.41798385102496316
71139,0.42580977724854907
71140,0.5539346583587101
71141,0.5037107894473175
71142,0.37591896764731203
71143,0.5820940449637971
71144,0.43617288444391644
71145,0.5391897819049498
71146,0.41207837996260227
71147,0.3983844358785232
71148,0.5092154614642744
71149,0.4530073771014314
71150,0.5420667431593178
71151,0.5502583077992685
71152,0.3864006547767438
71153,0.48289526244156955
71154,0.5445428787738523
71155,0.5108153383752767
71156,0.4316193897190909
71157,0.8694400031475067
71158,0.3370203151672849
71159,0.5221007493923028
71160,0.4501734334278367
71161,0.6021059819121783
71162,0.530659059618096
71163,0.5488168433613054
71164,0.4798368834750007
71165,0.4835156602912935
71166,0.42179054569169183
71167,0.5595355308653139
71168,0.4437109296806976
71169,0.4759900005869901
71170,0.5682463427752799
71171,0.47672088629139836
71172,0.5406374894827712
71173,0.46000217501326957
71174,0.5393835445081038
71175,0.5612642507739682
71176,0.41546420530212014
71177,0.5607674332469215
71178,0.8354670541895569
71179,0.42697366990290897
71180,0.42451808230044125
71181,0.36669335845026024
71182,0.5398258637895824
71183,0.5114719552889129
71184,0.31835695735439434
71185,0.5671631961192057
71186,0.34984226078977426
71187,0.19825668613635916
71188,0.5062710594702517
71189,0.5086254184868411
71190,0.5621973147260945
71191,0.5031851980464558
71192,0.45905168662953305
71193,0.4628718757288329
71194,0.2642856146270729
71195,0.6188073213567981
71196,0.5227225636261921
71197,0.5615341945847421
71198,0.5108609277761492
71199,0.5373991308454056
71200,0.36707358644022453
71201,0.5216019336053584
71202,0.5231391328570115
71203,0.3495258078525187
71204,0.4246396288255157
71205,0.4758743186251972
71206,0.4065439545550626
71207,0.399032250387615
71208,0.49280212120550476
71209,0.472025633189983
71210,0.5263578297887058
71211,0.39688221971292137
71212,0.5695034563468522
71213,0.5213656584926271
71214,0.5358537023947765
71215,0.5112430765799625
71216,0.20494514617983678
71217,0.2843759542498895
71218,0.3140573783578809
71219,0.5269518571311224
71220,0.2495929651706324
71221,0.5299556757043915
71222,0.3783829432105571
71223,0.533833362813467
71224,0.7930589549038274
71225,0.27748712095244243
71226,0.29991944242025315
71227,0.35794965490742225
71228,0.258354743294307
71229,0.35181626532627364
71230,0.1402764933174881
71231,0.5368870908092839
71232,0.5030083546907219
71233,0.5141936319342285
71234,0.5713665559347668
71235,0.2855801855796151
71236,0.8613500964929796
71237,0.8211285303572
71238,0.5641726655809441
71239,0.4229449900000184
71240,0.5437986435813656
71241,0.5190371303362233
71242,0.4523629023693608
71243,0.5282109120074676
71244,0.2976812849697409
71245,0.3966974950432147
71246,0.24748559038172946
71247,0.25873991371653593
71248,0.47549118176424765
71249,0.32633199347467207
71250,0.8417391559321367
71251,0.48896241888829495
71252,0.26809135527478506
71253,0.5026899151443321
71254,0.515653993693496
71255,0.43767741110795905
71256,0.46566230152911964
71257,0.5302845433990161
71258,0.5161526296984605
71259,0.5345136648465814
71260,0.25667662641392797
71261,0.45918028721805865
71262,0.5045403813338527
71263,0.3437231450876124
71264,0.5229042835702208
71265,0.28517857730567264
71266,0.4548724323124466
71267,0.19582772085630892
71268,0.5440661074603043
71269,0.504894327582686
71270,0.4885326664347607
71271,0.5054583522531005
71272,0.5234879800000629
71273,0.2509893264360146
71274,0.48409945070091204
71275,0.21456956049397646
71276,0.5437395667652187
71277,0.4993098452729899
71278,0.17954204349982314
71279,0.4405915789575513
71280,0.27250754112504694
71281,0.37803919294396404
71282,0.29107075999957677
71283,0.5852418067185121
71284,0.4738736560401443
71285,0.5237355980782793
71286,0.4997232742809271
71287,0.5274942498370055
71288,0.3191244070783103
71289,0.39901258770560627
71290,0.5381180812266428
71291,0.517144484453476
71292,0.27252604412944104
71293,0.7000754631651505
71294,0.2866056564593332
71295,0.3215624591058729
71296,0.3642966264423857
71297,0.5488120204544105
71298,0.5380551895039599
71299,0.6177107289058756
71300,0.26799805985266184
71301,0.29592882813495525
71302,0.17617095043245545
71303,0.23419346706045502
71304,0.41249122848778985
71305,0.36534707883186246
71306,0.3948926577071515
71307,0.5349463350369302
71308,0.31903287679463
71309,0.441876021991349
71310,0.5061402666594874
71311,0.5296839920332425
71312,0.5326159851493892
71313,0.26628563732337024
71314,0.438913315842399
71315,0.27357641845036934
71316,0.26141886740456677
71317,0.2888627950384078
71318,0.5336394555848342
71319,0.5314655146505806
71320,0.5479819483322499
71321,0.519718882326651
71322,0.3137478276751279
71323,0.5295126626269006
71324,0.2592159788622528
71325,0.5325766159888236
71326,0.2490488877612855
71327,0.5116922564568587
71328,0.544621665763261
71329,0.5562404524277864
71330,0.33037253808727074
71331,0.4761324654924078
71332,0.46242684458772093
71333,0.5130969408600901
71334,0.5604056911472004
71335,0.5022268545554588
71336,0.4858309987790507
71337,0.3889143080495488
71338,0.7939880405902393
71339,0.44043522988399
71340,0.4793991486117878
71341,0.3343711799798231
71342,0.7950039566289915
71343,0.27910934178430175
71344,0.7380422556823923
71345,0.4227722086532458
71346,0.5182464751723364
71347,0.5248364695625993
71348,0.4798208640129381
71349,0.3612924091611692
71350,0.4143672816199397
71351,0.23246693601080246
71352,0.5315364568035117
71353,0.5864838520287486
71354,0.5145064844132075
71355,0.45310648488163074
71356,0.3430502132193398
71357,0.4592151298925386
71358,0.43959105569447166
71359,0.2669085885653883
71360,0.33143182598824
71361,0.510255233537874
71362,0.5038343046617725
71363,0.818623991773579
71364,0.3390011722868865
71365,0.526008083157273
71366,0.34433570790952206
71367,0.560889339829696
71368,0.4702722704300849
71369,0.35054745261672554
71370,0.5192128312859258
71371,0.5143603059719489
71372,0.5474163404192391
71373,0.14985437661500317
71374,0.49844130473075376
71375,0.4583949931910191
71376,0.2674461961401875
71377,0.3121034871743499
71378,0.25438041800125477
71379,0.17570594917940302
71380,0.522764715908722
71381,0.38768721338880097
71382,0.5253814038019459
71383,0.30314520141669415
71384,0.4972117160850094
71385,0.5317922819158859
71386,0.5487248935862542
71387,0.5504193379340385
71388,0.552032217885509
71389,0.48934630786441935
71390,0.5515073546751244
71391,0.313604974227376
71392,0.49844238383996897
71393,0.4584382542504259
71394,0.41835403009875055
71395,0.314404067370201
71396,0.4745919537313557
71397,0.4315381974809845
71398,0.3827772070295887
71399,0.5446051263657185
71400,0.222074919967547
71401,0.5452483852659443
71402,0.2687245098919111
71403,0.5338381161414456
71404,0.29930706825546133
71405,0.5034896329488988
71406,0.5163332765844199
71407,0.23673404004342413
71408,0.2917816470849757
71409,0.4359906332442809
71410,0.32436292713774456
71411,0.2794134796918052
71412,0.5158278812838096
71413,0.5469714345141266
71414,0.39135398463703946
71415,0.18726766403187153
71416,0.46309160028080193
71417,0.43039367427237435
71418,0.575475317172267
71419,0.5138457006034182
71420,0.515652735851271
71421,0.150072697077532
71422,0.4630920009095368
71423,0.44231347520661923
71424,0.39744785689029155
71425,0.5068847216351928
71426,0.5242305548776499
71427,0.26793925788492623
71428,0.3909206107236996
71429,0.31341414992039385
71430,0.5123722945422293
71431,0.5665926862950644
71432,0.5024296950978004
71433,0.5223791409103905
71434,0.4997154419895886
71435,0.5363832248974174
71436,0.44791352184903127
71437,0.4507489382302187
71438,0.38536634683558957
71439,0.539898781196529
71440,0.5133042235511883
71441,0.35514707232377907
71442,0.2560613146366306
71443,0.4128454205004706
71444,0.5554070184968537
71445,0.5585983700569652
71446,0.5053775867381968
71447,0.48258148876269524
71448,0.5217201989162231
71449,0.5157207987153911
71450,0.45261045703632447
71451,0.6403656606990672
71452,0.49889024301591367
71453,0.5207192841822665
71454,0.528991669573222
71455,0.5013193356785325
71456,0.2712931309085061
71457,0.5427609153333963
71458,0.4632445464125046
71459,0.5588662937574221
71460,0.5041544078590304
71461,0.46657061288677076
71462,0.3414394401695815
71463,0.5679807492340808
71464,0.3848597891542051
71465,0.44492488444925005
71466,0.45110150561325607
71467,0.49356460096849847
71468,0.23446343108762718
71469,0.4908477358148504
71470,0.5021668468950539
71471,0.42119555019509586
71472,0.5403681832522227
71473,0.4602351330443956
71474,0.4332059063476838
71475,0.5093074695751229
71476,0.5634133351179387
71477,0.5655844624938667
71478,0.547495936873049
71479,0.5632786776198374
71480,0.34089670116088994
71481,0.3620825812512469
71482,0.504883295575007
71483,0.3342469598340309
71484,0.5518119766549533
71485,0.49681739414650194
71486,0.545199960144511
71487,0.3020084806043925
71488,0.5251796869365499
71489,0.2576498188252509
71490,0.5399442515115781
71491,0.5158605273045624
71492,0.49952107999297746
71493,0.4960763713515777
71494,0.3173382473839918
71495,0.5449166494742125
71496,0.45937722256308183
71497,0.4980773242366933
71498,0.34412616842623767
71499,0.5121806157492296
71500,0.41925719024762115
71501,0.49262982863198
71502,0.46169425101650574
71503,0.23524468039029964
71504,0.4798555721068375
71505,0.5421821088253814
71506,0.5653785782930685
71507,0.5399426580664638
71508,0.4442945741314322
71509,0.28413463945853035
71510,0.31510420384897453
71511,0.48787540977753824
71512,0.5043975148854892
71513,0.2989901830568265
71514,0.2812684292044246
71515,0.24985777752379607
71516,0.5300989424037089
71517,0.5331183161798271
71518,0.5150668316133373
71519,0.46671415616722634
71520,0.21641164499352145
71521,0.4381106336706368
71522,0.16808837135844695
71523,0.5628062494123117
71524,0.258977526709164
71525,0.49787181433476546
71526,0.19842546141463444
71527,0.49259613045460215
71528,0.5793178932880038
71529,0.4826343469914213
71530,0.546439726286723
71531,0.5148709215323412
71532,0.5642497042698061
71533,0.5507003572742113
71534,0.5412103460951028
71535,0.5709550337113319
71536,0.44067912322130454
71537,0.44108537860377345
71538,0.4922326103413434
71539,0.3454076555088292
71540,0.4617681090571302
71541,0.2843068422190354
71542,0.27552951898134714
71543,0.30847031316401863
71544,0.44310377318236066
71545,0.3092344543833317
71546,0.5214576207828189
71547,0.5282021071184979
71548,0.32332901648319695
71549,0.3074816745096465
71550,0.47393752899772834
71551,0.5111243276911338
71552,0.39255538071540963
71553,0.4901911097593382
71554,0.6183479628851153
71555,0.391527516144281
71556,0.2619915111299805
71557,0.46185713152360336
71558,0.28124054599713055
71559,0.32924802421729255
71560,0.2745737225266405
71561,0.507087908007137
71562,0.5379449432237375
71563,0.5135694901375276
71564,0.3237064465013694
71565,0.5153747386361741
71566,0.4539598723651185
71567,0.5485196996558283
71568,0.4097119013744144
71569,0.23829256827295733
71570,0.42099526454111935
71571,0.33145529772182436
71572,0.57538334343809
71573,0.23272474181322025
71574,0.511060600019938
71575,0.5104457742777865
71576,0.43821542850901635
71577,0.5289229750524191
71578,0.4741951092103721
71579,0.390345180816879
71580,0.4765584060873348
71581,0.21616641333896455
71582,0.47361781456254887
71583,0.5483072529488024
71584,0.5876754798102688
71585,0.5443982724829904
71586,0.4648312731335739
71587,0.8143342384187432
71588,0.42294032174165214
71589,0.31191325397224867
71590,0.5496019834783464
71591,0.5188480842343326
71592,0.44716051188009326
71593,0.49946583251251936
71594,0.29111491060791006
71595,0.41164266674836714
71596,0.30814477553669395
71597,0.420556806741184
71598,0.43512613477411016
71599,0.48319559209964436
71600,0.533903505936268
71601,0.4558718623232465
71602,0.515457358649457
71603,0.2229472872641204
71604,0.4273840632152449
71605,0.5268361131074734
71606,0.4808510317542738
71607,0.3750268401903902
71608,0.8190096738330352
71609,0.29806547025716723
71610,0.8167626733964569
71611,0.5480954013882353
71612,0.6498822461945667
71613,0.37275013366505616
71614,0.5097314397874243
71615,0.5613072669842323
71616,0.5021880506410947
71617,0.43672374645991746
71618,0.4915331566744243
71619,0.27316822752118547
71620,0.40415604973812624
71621,0.27689676664223467
71622,0.49918427548979727
71623,0.5006651948214409
71624,0.5502543973926257
71625,0.48452614340162375
71626,0.531944023397274
71627,0.22378888716165313
71628,0.4201102911514316
71629,0.5139853194742773
71630,0.36039920913041373
71631,0.492026534583876
71632,0.5336541143966141
71633,0.4233469328299056
71634,0.5272765710022788
71635,0.5050121297588333
71636,0.3119322969949922
71637,0.5271369889927198
71638,0.5029132954794938
71639,0.38426719542514554
71640,0.4920346135145111
71641,0.5368197014476874
71642,0.27369278049742046
71643,0.46845372057720486
71644,0.4481160170544895
71645,0.5041478190331806
71646,0.7472017726261766
71647,0.5211714531228102
71648,0.5515949204736584
71649,0.5289255716898832
71650,0.4915050047288657
71651,0.23555053883128624
71652,0.46569827860015345
71653,0.561293732546312
71654,0.5455534600147244
71655,0.37526941412836207
71656,0.5260708219788701
71657,0.4573991408366807
71658,0.5176123063770749
71659,0.4031988340413178
71660,0.4874830530695971
71661,0.46676078733137183
71662,0.5464410653877649
71663,0.27858029857655864
71664,0.2854982252621285
71665,0.5343552242351508
71666,0.2886860714876739
71667,0.15362727514479566
71668,0.5274179591656816
71669,0.5055293111809156
71670,0.5298923270767912
71671,0.5534225729412158
71672,0.5476035270033104
71673,0.5899361815975469
71674,0.4932682142067904
71675,0.2120705416674458
71676,0.4736458771384362
71677,0.5095741906205262
71678,0.4690727819788348
71679,0.3028060557621402
71680,0.597642466320528
71681,0.563824881780617
71682,0.4373799577335591
71683,0.48630340814197703
71684,0.6101813187473912
71685,0.5688350155074271
71686,0.49558599149924454
71687,0.5535313848638429
71688,0.5487308967294956
71689,0.45255015278896177
71690,0.4819881462584807
71691,0.5565352746441571
71692,0.5462638351796089
71693,0.23576472549462688
71694,0.41328314689785195
71695,0.10976893973305073
71696,0.5094109209357748
71697,0.5584793115044616
71698,0.4570342142400789
71699,0.48637471410477606
71700,0.5353741914196709
71701,0.43871916461353855
71702,0.5541770084429107
71703,0.5838684537689246
71704,0.4985636247251
71705,0.5352647748795493
71706,0.5740406622086093
71707,0.4519620093022856
71708,0.8540065959100703
71709,0.28959450812195053
71710,0.3373105861193841
71711,0.46424843547360556
71712,0.5252221474171737
71713,0.32037378468317146
71714,0.5297359768503751
71715,0.25673074480882974
71716,0.5070424610014616
71717,0.47270399787420003
71718,0.47073564739659346
71719,0.5045134081989588
71720,0.3098260654620393
71721,0.48304177941950505
71722,0.5024816585416697
71723,0.30272065835290124
71724,0.17815245461715307
71725,0.5558168295831489
71726,0.5497985698671108
71727,0.49747872927438314
71728,0.2840398062725733
71729,0.2278571439881693
71730,0.5405666853549764
71731,0.3587514809712272
71732,0.5230462951421015
71733,0.49617467480603517
71734,0.32432065209809324
71735,0.49952670245522457
71736,0.5647284654163854
71737,0.5366776392061198
71738,0.5100231816341113
71739,0.5446597505686485
71740,0.5014492564595759
71741,0.5294846565912871
71742,0.403322471958156
71743,0.4960807839617081
71744,0.8078188777046692
71745,0.5482944779282507
71746,0.5350087527734084
71747,0.40764617004309683
71748,0.52304956130566
71749,0.5508158980033441
71750,0.5194703375912334
71751,0.47932944061604743
71752,0.3501145046113095
71753,0.35502147938882544
71754,0.33593358753863795
71755,0.5285420843467892
71756,0.6275422024679325
71757,0.3352998808245719
71758,0.4386993961047584
71759,0.23593726098619272
71760,0.45706446308708587
71761,0.45919653827535073
71762,0.451269447037485
71763,0.526621463938803
71764,0.24816629943913696
71765,0.47883589594720966
71766,0.27858418373192656
71767,0.48983407415051156
71768,0.5064492860873988
71769,0.4120233446350651
71770,0.27001317955947846
71771,0.5770895044937205
71772,0.30164387413603044
71773,0.5565980812002217
71774,0.5290252192174593
71775,0.27951888062452696
71776,0.5582729959206278
71777,0.5317197460460877
71778,0.4074412258398564
71779,0.45100434573538795
71780,0.25040867598840416
71781,0.5255200514010768
71782,0.26099885110567994
71783,0.5285396645493622
71784,0.80822297422751
71785,0.515739840103224
71786,0.3901793768044464
71787,0.425597306487295
71788,0.5397563859751048
71789,0.48516898623525617
71790,0.29426825980805366
71791,0.28791353582900875
71792,0.42174962942004113
71793,0.5004133276499367
71794,0.45029708711285477
71795,0.5002587412509018
71796,0.5494099500854264
71797,0.5231545929438906
71798,0.5579896406915633
71799,0.3309672544646754
71800,0.40452634689427724
71801,0.5212492289007233
71802,0.4208940670173319
71803,0.29312337137141087
71804,0.5513426421541088
71805,0.3544073800387773
71806,0.27679331759285025
71807,0.5318742009894007
71808,0.8214350588132706
71809,0.28394148424030285
71810,0.23793037616929916
71811,0.43077481940300066
71812,0.29926888173601074
71813,0.5974564064365008
71814,0.28960850997587667
71815,0.469586947320028
71816,0.490568796378917
71817,0.5852100041741916
71818,0.19946745419303663
71819,0.49149903323626337
71820,0.5766218126581103
71821,0.5863533926079422
71822,0.2084862525117866
71823,0.1877676943762784
71824,0.5399497720043483
71825,0.5470925514465268
71826,0.403667584200515
71827,0.5368227981764637
71828,0.41231572419967555
71829,0.3341684687378633
71830,0.2773629426955072
71831,0.18268452439457328
71832,0.2861228098110627
71833,0.5579012648028618
71834,0.2887004541659253
71835,0.4605854972986025
71836,0.5006220780787559
71837,0.328320403480658
71838,0.5489212048599851
71839,0.5430234604455919
71840,0.41943515218490357
71841,0.4848473205467674
71842,0.4451025816479657
71843,0.5985574639531848
71844,0.5331675050998257
71845,0.5269791287896014
71846,0.5501315258115012
71847,0.548400226675852
71848,0.6233445929977501
71849,0.45390788821110956
71850,0.4208620323214528
71851,0.30516207930631817
71852,0.4822306799068488
71853,0.45211752233212366
71854,0.5349379991382751
71855,0.3170261835352053
71856,0.5223231926470822
71857,0.5455092040069676
71858,0.5330540564440859
71859,0.5056348010196343
71860,0.5762055009177952
71861,0.5157050174628306
71862,0.5485749364133179
71863,0.5138228806572034
71864,0.7195012703391461
71865,0.3976722903643818
71866,0.810991610155286
71867,0.5065897615903979
71868,0.5175343628381299
71869,0.5004525831178287
71870,0.28964046794298914
71871,0.5802148091798511
71872,0.44878951845229054
71873,0.28403487528599486
71874,0.8676601523648336
71875,0.5330022851286165
71876,0.3385156171323657
71877,0.5274351650609347
71878,0.5547358068240933
71879,0.4954197420807119
71880,0.5533515369069576
71881,0.27052278923555495
71882,0.2802319992253629
71883,0.7215719345937921
71884,0.22996446166551263
71885,0.5258311080210025
71886,0.5195558697231192
71887,0.4617068627220077
71888,0.4876517215983053
71889,0.4631614703835359
71890,0.541328883255839
71891,0.29848629795644677
71892,0.5211397651988079
71893,0.24383148914646074
71894,0.49313835029491715
71895,0.3948193646446063
71896,0.28451146361569785
71897,0.5508619649288574
71898,0.2803952826679457
71899,0.2558835685817022
71900,0.29987925102356744
71901,0.3084848693611876
71902,0.44120954631036136
71903,0.24212783451188133
71904,0.5086125706365167
71905,0.45145688374886284
71906,0.47316538453424606
71907,0.48265661207910926
71908,0.46689690789512883
71909,0.3757923184989172
71910,0.5852576236647687
71911,0.5353719648688543
71912,0.2497621361012665
71913,0.4914041509045728
71914,0.2751214040011581
71915,0.47362741070922126
71916,0.4484586414069882
71917,0.24823573206145322
71918,0.2790263288442183
71919,0.325151237439875
71920,0.5283704697365497
71921,0.5654736243202259
71922,0.41741033377403963
71923,0.4440340590423025
71924,0.17437464586847864
71925,0.32317978191659336
71926,0.47185188800788713
71927,0.4785399968125194
71928,0.28275194194649084
71929,0.5258598354985929
71930,0.40482390811955543
71931,0.2571542560288169
71932,0.4995264170683111
71933,0.28097890451145974
71934,0.3013928775447973
71935,0.539474565437954
71936,0.5263821275374196
71937,0.6076086920811862
71938,0.33018775970368
71939,0.27389688199973733
71940,0.5134458414037367
71941,0.2557269115574619
71942,0.5327366515879118
71943,0.49362884741796786
71944,0.5142226735216107
71945,0.45070530478862075
71946,0.511831699654323
71947,0.36659318079003594
71948,0.23965896930031227
71949,0.5329702074149811
71950,0.30320035062475387
71951,0.5218724951805674
71952,0.33683646325925054
71953,0.278057163100184
71954,0.2606016747427113
71955,0.2711580570383607
71956,0.4649106488072508
71957,0.2136893172348235
71958,0.3114413387710884
71959,0.2850925675058117
71960,0.5988775859152582
71961,0.38934163773789643
71962,0.504953375426594
71963,0.23202645865657592
71964,0.2941606574760025
71965,0.3145449410191536
71966,0.508448875842668
71967,0.5025465074640516
71968,0.28464223077381245
71969,0.5990646833432749
71970,0.4065059129337427
71971,0.3388298223299569
71972,0.4959772681190547
71973,0.4199881285780411
71974,0.44397814444784167
71975,0.5241341730263774
71976,0.3040779334454907
71977,0.16093492793254247
71978,0.43325631448122415
71979,0.5739368806205708
71980,0.35448930529314115
71981,0.5443506601574132
71982,0.5367728277371131
71983,0.40620284491554587
71984,0.2810726250464903
71985,0.509433364316419
71986,0.32400451954719284
71987,0.5186260822564895
71988,0.395300104853633
71989,0.3447448014773422
71990,0.3496130360477812
71991,0.4915842286646211
71992,0.3241312622128267
71993,0.2481247076599333
71994,0.550378940159187
71995,0.3005572445199218
71996,0.3940408289250736
71997,0.48702443691329206
71998,0.5099754876912481
71999,0.5108679655087466
72000,0.4785165096692992
72001,0.5074322313351279
72002,0.5245153409151353
72003,0.5715249369637996
72004,0.2806453010180672
72005,0.22850451714295364
72006,0.5157748279251593
72007,0.512430287135554
72008,0.47372184641353987
72009,0.5038892382301693
72010,0.4892170047630933
72011,0.31113344711828167
72012,0.4910407925774889
72013,0.23762461847563715
72014,0.5570662596408984
72015,0.5622030403064059
72016,0.3044936255537198
72017,0.5093407380118771
72018,0.4507100858208459
72019,0.5374952189341997
72020,0.3248284355850192
72021,0.5556175977529317
72022,0.5223782859583633
72023,0.32840356447030394
72024,0.30165352382288224
72025,0.5171511119556269
72026,0.5088280144608227
72027,0.4979972987433608
72028,0.2998575786596338
72029,0.36219496609175156
72030,0.5541998737703895
72031,0.5107185158046669
72032,0.5335620556884608
72033,0.4207926242109101
72034,0.4032836468599605
72035,0.30138387042999065
72036,0.560940360852282
72037,0.5579293278661519
72038,0.4909943852768469
72039,0.46245518102931565
72040,0.453768756580706
72041,0.27806605909635607
72042,0.7431426784575853
72043,0.466389520513175
72044,0.5025588691049803
72045,0.46540460911690806
72046,0.5048812839770552
72047,0.4627722927548908
72048,0.3965913970760176
72049,0.5471895710618143
72050,0.474225543533116
72051,0.5346731281282837
72052,0.538616655646861
72053,0.5252715481496555
72054,0.21622205367035774
72055,0.537874576730092
72056,0.4962447879891706
72057,0.47775554420121763
72058,0.25409618328211236
72059,0.5619190707352646
72060,0.3348788097097968
72061,0.4161125069695014
72062,0.5196294179603806
72063,0.3349780903043355
72064,0.4860085922736126
72065,0.5933003405898281
72066,0.604713122406765
72067,0.5081415225172989
72068,0.49842426788466543
72069,0.5327482095486031
72070,0.32504519353956907
72071,0.5867590272580442
72072,0.46210330159514396
72073,0.5170985351924691
72074,0.39087796802992364
72075,0.2399170929886484
72076,0.5227913939722204
72077,0.5105815402160628
72078,0.3540011628573409
72079,0.4583339276020343
72080,0.5364986858689843
72081,0.510747884057387
72082,0.5133069737532215
72083,0.42348291249567444
72084,0.8436927662603467
72085,0.335582581761543
72086,0.47981080157174205
72087,0.41343937665181135
72088,0.49853983388515466
72089,0.4957954796944951
72090,0.33130428721005695
72091,0.4967676651287224
72092,0.4875708779927149
72093,0.4339122724745388
72094,0.4565379299722121
72095,0.5148050376514521
72096,0.566593106878329
72097,0.4063547126748849
72098,0.41405723039596715
72099,0.2962289629885955
72100,0.32411234710689074
72101,0.2681944040043089
72102,0.5026730482204398
72103,0.3893025239958228
72104,0.4605272365789134
72105,0.540460335599731
72106,0.4896773809194543
72107,0.5458249913877795
72108,0.35987690093274205
72109,0.8148571097716253
72110,0.5454739719572382
72111,0.5143002480545847
72112,0.301421451151835
72113,0.3052940884084229
72114,0.504335076127203
72115,0.5727353335065596
72116,0.49785133422199784
72117,0.5068124485703365
72118,0.5318532981646723
72119,0.3412493348753009
72120,0.5119115174601221
72121,0.5235104875378188
72122,0.5016097670238281
72123,0.5004272877692102
72124,0.5610755671112523
72125,0.561484533052276
72126,0.2630275455553132
72127,0.33681777806042035
72128,0.3853733473764989
72129,0.3133612749512456
72130,0.33593558765341497
72131,0.5309967501945061
72132,0.5252433140351691
72133,0.266738978739261
72134,0.5193840968660313
72135,0.2663482252846705
72136,0.5163300710684496
72137,0.5257759798048461
72138,0.4591458919780892
72139,0.5105302162374741
72140,0.47966923608251727
72141,0.5159726201545135
72142,0.5715526915220888
72143,0.5350825063807739
72144,0.3240588302648794
72145,0.5252349969772846
72146,0.5119970349591149
72147,0.294463409785011
72148,0.5667275319284192
72149,0.5304389306126843
72150,0.4637994782452828
72151,0.5305575928617041
72152,0.36492724748623656
72153,0.8734890312592402
72154,0.5039140486945772
72155,0.5530867502358984
72156,0.4805662926587122
72157,0.3297922586021847
72158,0.49705823877709254
72159,0.5355364408229596
72160,0.28793418811008553
72161,0.5805424555771381
72162,0.5066029914552909
72163,0.42517429868128576
72164,0.6440424205752519
72165,0.26680469205205054
72166,0.3963656693576876
72167,0.2687271038479137
72168,0.42673083392413624
72169,0.43669365195951637
72170,0.5264590977849414
72171,0.5552171935889763
72172,0.4546841877018088
72173,0.32717834645284666
72174,0.4541642381900203
72175,0.46893300008160477
72176,0.4926626193991376
72177,0.5504364170641104
72178,0.34711484863834074
72179,0.5388999020222661
72180,0.4347307759811924
72181,0.37229949943359486
72182,0.38973693632629486
72183,0.4606806293596135
72184,0.3084785508130475
72185,0.5777807622381466
72186,0.4431759004171841
72187,0.42184318311400515
72188,0.4695262809868658
72189,0.33655931483543433
72190,0.2632402641457046
72191,0.2928422734807582
72192,0.5251143031421693
72193,0.5286066558195406
72194,0.26552494850920116
72195,0.5343834512649048
72196,0.4875121473474499
72197,0.3682563676612092
72198,0.5425214531912745
72199,0.2656702945407104
72200,0.31192945853411624
72201,0.24955772655397798
72202,0.47143357394616314
72203,0.41656675055132975
72204,0.5842504724086195
72205,0.5393164479531882
72206,0.8430869320424842
72207,0.5311188094039941
72208,0.5660885544946618
72209,0.3061516859107906
72210,0.2711538868284705
72211,0.8150254078091868
72212,0.28959198727236923
72213,0.5487848151451481
72214,0.47507381707711904
72215,0.48389280500089904
72216,0.45003082120328264
72217,0.4882822821104981
72218,0.4838720536597167
72219,0.3985794752343393
72220,0.658667829208698
72221,0.32135279801691324
72222,0.3448411213896243
72223,0.5372779622536753
72224,0.5113067328606039
72225,0.5726318131950259
72226,0.4179185432049229
72227,0.2712805239565386
72228,0.512142258146004
72229,0.5647365681864355
72230,0.5002937278221606
72231,0.5531530312293551
72232,0.28338124148802424
72233,0.44150905074989744
72234,0.33053917262970156
72235,0.2566492590745231
72236,0.3957903499343255
72237,0.53542617214058
72238,0.5279911714606618
72239,0.3896803980327227
72240,0.2758345065992644
72241,0.8347088695441706
72242,0.5137701314368796
72243,0.4592080188852856
72244,0.53957427297384
72245,0.5241632152226601
72246,0.5690419038665346
72247,0.6365166551475644
72248,0.47168696178988256
72249,0.212140435249244
72250,0.49533170884494754
72251,0.5367299929475101
72252,0.5590786039472894
72253,0.4845963837068716
72254,0.5145857245735069
72255,0.5444547599868038
72256,0.5331537229699715
72257,0.6352866069221514
72258,0.5082858439975347
72259,0.4647706362052997
72260,0.5060227565854681
72261,0.5446614692081435
72262,0.569037265285582
72263,0.5501423231104771
72264,0.4382067729027773
72265,0.5422608200236968
72266,0.5081552201388323
72267,0.45521443985609217
72268,0.5286057617411543
72269,0.5089491673484483
72270,0.3416905063139709
72271,0.5091875186482738
72272,0.5434976153390683
72273,0.40597313956709713
72274,0.3405610133914215
72275,0.445976986951341
72276,0.27994174411429124
72277,0.5637532108210719
72278,0.5040079143476449
72279,0.2630744736786267
72280,0.5006083988057656
72281,0.1883775101583526
72282,0.5608109565879966
72283,0.524030052308174
72284,0.5439800366494487
72285,0.5639212929555685
72286,0.46283299687266327
72287,0.478470501889992
72288,0.447527639537029
72289,0.2664211956557909
72290,0.5270139561045832
72291,0.5596003230422346
72292,0.36231844511809624
72293,0.44921328414107137
72294,0.5621086269503737
72295,0.5188623925193965
72296,0.5098412874712304
72297,0.27562343293606023
72298,0.33400728829633164
72299,0.40908512813283876
72300,0.4864301388804534
72301,0.5468331255563362
72302,0.4237356348085212
72303,0.5278160040175307
72304,0.4510402511015512
72305,0.2802920950935992
72306,0.5327304006355679
72307,0.838918666999496
72308,0.5403187850403209
72309,0.3309229935954724
72310,0.49672345548513364
72311,0.4560227486889393
72312,0.4629672743824555
72313,0.5303920590735163
72314,0.3907161541108723
72315,0.47117999157988727
72316,0.36475791452489303
72317,0.42350142749611086
72318,0.2797809338313376
72319,0.4983577388596187
72320,0.5792442173377331
72321,0.3012955143098338
72322,0.5316464459976239
72323,0.47873521851680445
72324,0.46489533219960605
72325,0.5577575532878085
72326,0.2162184202313012
72327,0.3081496409986416
72328,0.49708478787618654
72329,0.3499482752593284
72330,0.47483033586452983
72331,0.43523057465601744
72332,0.4648267745095689
72333,0.3117272979667894
72334,0.4831567262493178
72335,0.5506959615847963
72336,0.2694289823347741
72337,0.5024601782772914
72338,0.5218040835681245
72339,0.5420148050979543
72340,0.3113805656820164
72341,0.30392348939812047
72342,0.5469370766253202
72343,0.7665179655762302
72344,0.48175328402621453
72345,0.5012269297927799
72346,0.5072025229747715
72347,0.5735086195221738
72348,0.4435517889157911
72349,0.5090918256600027
72350,0.544315286490749
72351,0.43355235414515486
72352,0.5393665120455825
72353,0.5204054912975611
72354,0.3531255180344237
72355,0.3061685546127489
72356,0.5132911387861828
72357,0.5009626209063871
72358,0.4356269214653313
72359,0.4954212410262853
72360,0.3893506912069476
72361,0.5345653819359364
72362,0.42540924431133326
72363,0.6117004167385647
72364,0.4878933985187226
72365,0.5306779477179852
72366,0.3119923405567591
72367,0.5305832569252312
72368,0.46495025305488885
72369,0.535959941954455
72370,0.7989682443572955
72371,0.2992597384685801
72372,0.5149151737827096
72373,0.5473941114025236
72374,0.537436580236542
72375,0.1960978703435526
72376,0.45538504815380615
72377,0.2827025511730143
72378,0.5084126461958018
72379,0.22874989673752957
72380,0.25351717731348816
72381,0.5557219667592718
72382,0.28341195259105484
72383,0.25178174236660944
72384,0.3004717367201828
72385,0.49604025884241015
72386,0.5238700214616673
72387,0.5158519745476579
72388,0.5135039042013101
72389,0.513567777801035
72390,0.4519801128012507
72391,0.5088550457155453
72392,0.23118717794975435
72393,0.3381671385605676
72394,0.28541702425950516
72395,0.4761888369322348
72396,0.21913765797181425
72397,0.5580177325526886
72398,0.5076317520152793
72399,0.22936814178078596
72400,0.4778112603333378
72401,0.5835328489654926
72402,0.4718692633294814
72403,0.5174333674335725
72404,0.43868830755122656
72405,0.4924711012804232
72406,0.34891628201318714
72407,0.5237931111030388
72408,0.5009421423830634
72409,0.5191670218950689
72410,0.45978962759843056
72411,0.4142941015635928
72412,0.3170945840949148
72413,0.5130011670786939
72414,0.5215487884977614
72415,0.46645556595510607
72416,0.39266511312943714
72417,0.563579073575017
72418,0.5404073143589573
72419,0.4938386523018055
72420,0.43156333259140434
72421,0.31713344978503955
72422,0.30572135779166043
72423,0.8591897584794648
72424,0.555159359244441
72425,0.5487898026442041
72426,0.45719365655294075
72427,0.5227874697216549
72428,0.331221356135342
72429,0.5390740898357032
72430,0.3354527498683994
72431,0.5104516054858801
72432,0.4928316430654919
72433,0.5074642559922289
72434,0.5579011541326353
72435,0.4442511026358978
72436,0.30048028585614683
72437,0.3033432150432252
72438,0.4326321213341434
72439,0.287613943345169
72440,0.26431454806680305
72441,0.48950212198392085
72442,0.2541337429432332
72443,0.137309683812738
72444,0.5027005972348771
72445,0.3269762938420541
72446,0.2982400190108556
72447,0.5118586532530315
72448,0.5411419594555711
72449,0.30462556453550643
72450,0.22654232252064038
72451,0.2508681161585623
72452,0.2883348909188426
72453,0.5085150904516184
72454,0.4805411731034296
72455,0.3112966159339221
72456,0.515515361591861
72457,0.5428658798326158
72458,0.2734649975402201
72459,0.23553918861213757
72460,0.2808861174408866
72461,0.25250874813463825
72462,0.39421496438021886
72463,0.4657109990837555
72464,0.5217502523811209
72465,0.49879199690396464
72466,0.5101320486615797
72467,0.532094923253314
72468,0.37063775258002335
72469,0.36064362498466357
72470,0.49616932039965606
72471,0.4995802452485779
72472,0.2442453992722316
72473,0.5089244028780341
72474,0.3408738355222699
72475,0.2732543901304311
72476,0.44156987462942465
72477,0.4213933703712783
72478,0.5349740690374427
72479,0.2777982661887013
72480,0.5160656112073839
72481,0.4418586494864744
72482,0.47650908340584375
72483,0.5286268305991159
72484,0.5235741275421052
72485,0.5096509381348943
72486,0.27126835258237303
72487,0.5262746481214131
72488,0.4957686797131287
72489,0.47958607104240564
72490,0.45331371614909394
72491,0.5692362494241228
72492,0.2070159504067904
72493,0.29210338810441944
72494,0.5394736769079734
72495,0.22861307959181837
72496,0.5299963426169794
72497,0.4250324573882455
72498,0.5832503528075609
72499,0.43172902497174276
72500,0.31594429413037084
72501,0.4946143915420786
72502,0.22112331254854173
72503,0.5696929795007586
72504,0.5243170955735138
72505,0.2945896526131967
72506,0.540660113735567
72507,0.4755168451574301
72508,0.5328463635437648
72509,0.28406586270505085
72510,0.30549028096868386
72511,0.49214527519309875
72512,0.30861200376451503
72513,0.5052268287160886
72514,0.3841979589197431
72515,0.5024903043743563
72516,0.33416079626313194
72517,0.554595567129777
72518,0.5199971565139593
72519,0.4587178634554691
72520,0.832209181398349
72521,0.18356348596756789
72522,0.5471885393249947
72523,0.5643128146507442
72524,0.4050116801421277
72525,0.5485437517762161
72526,0.5244129984429581
72527,0.528004124052509
72528,0.27663634339884163
72529,0.4111710911784715
72530,0.4618216964329645
72531,0.5435628795701335
72532,0.43896291488664746
72533,0.24109298396779189
72534,0.29815495796101915
72535,0.4427313875150107
72536,0.5286210050695853
72537,0.23847252588385406
72538,0.51410507851331
72539,0.4757312914884065
72540,0.7777737118970729
72541,0.27013692056638977
72542,0.2948039996802251
72543,0.5567644775636762
72544,0.3242910531810631
72545,0.4876401825685641
72546,0.47581451162103
72547,0.3206073719545216
72548,0.44795580109876454
72549,0.5571349318806893
72550,0.5070040818837382
72551,0.5330106519807541
72552,0.4899201041490984
72553,0.20454203964400514
72554,0.5439931245383702
72555,0.5157201850765761
72556,0.5327991881831127
72557,0.5366553986094704
72558,0.30507756861430685
72559,0.8062988032734978
72560,0.8830258303643089
72561,0.5582926962365268
72562,0.14167934257086492
72563,0.5663248688512357
72564,0.4822075227478153
72565,0.5153982607876937
72566,0.224838756100416
72567,0.31113112617524524
72568,0.2851862516631978
72569,0.48777837186095924
72570,0.15584955219043362
72571,0.49187083189023006
72572,0.42788360224390193
72573,0.45494600715029815
72574,0.5390097780206048
72575,0.37539760296013397
72576,0.5249800719922239
72577,0.4491797370090955
72578,0.5529648313118722
72579,0.4484423900128788
72580,0.30038570945738
72581,0.4316034864852319
72582,0.4266362877232209
72583,0.5023175563977943
72584,0.5347496114910159
72585,0.3664420272684603
72586,0.25809664672098676
72587,0.5293862691612049
72588,0.2531144623314655
72589,0.4874250978387577
72590,0.2831419756334587
72591,0.1618688379743523
72592,0.5690711742578287
72593,0.41798541056278593
72594,0.25036766819633993
72595,0.15722250144108382
72596,0.5679372700491627
72597,0.5159097714777646
72598,0.5163090852353335
72599,0.2886563416147725
72600,0.5014635249771127
72601,0.45843315600621615
72602,0.5583389036055355
72603,0.5697380936466915
72604,0.645338516860989
72605,0.425391690558396
72606,0.8333918636964379
72607,0.4577298697348837
72608,0.4513699142155091
72609,0.34646800251363125
72610,0.5126515694300174
72611,0.51538267473227
72612,0.5782493310269388
72613,0.3129215562087945
72614,0.49447835889184166
72615,0.5152330869694687
72616,0.5420677675788599
72617,0.4188087965048389
72618,0.5117171085073255
72619,0.5215110996373599
72620,0.35933391237651147
72621,0.40203175621637893
72622,0.5393280472722206
72623,0.500970326972062
72624,0.5274011279140527
72625,0.5424487827589881
72626,0.4750148318498589
72627,0.2986833721769095
72628,0.5132370440376689
72629,0.20614500667260374
72630,0.5384144133079481
72631,0.47619117625796853
72632,0.4336636142771329
72633,0.26835859126691575
72634,0.5249879824208394
72635,0.5261383902432544
72636,0.4912534890760529
72637,0.5379443031975378
72638,0.2929760182611241
72639,0.5047461838142475
72640,0.38020407035229103
72641,0.5283338735187884
72642,0.5235058981848015
72643,0.5230726208319679
72644,0.5290940856445268
72645,0.556045109954774
72646,0.376985325592504
72647,0.5509526832224818
72648,0.4816399546741494
72649,0.417955672796369
72650,0.3868473679530597
72651,0.5731393221105746
72652,0.4635896144772582
72653,0.512738442375004
72654,0.5301279434343068
72655,0.4749718275530773
72656,0.4945206766891722
72657,0.5556542357359423
72658,0.4501771866163692
72659,0.4786979421134633
72660,0.47294832854524577
72661,0.5245603698574163
72662,0.5034625902109127
72663,0.5731386551994867
72664,0.5103315160321612
72665,0.3036109638572646
72666,0.49621083037446817
72667,0.43247978287599487
72668,0.32356927837770444
72669,0.4984479245974371
72670,0.5255487858202379
72671,0.28646090580449307
72672,0.1949961375116523
72673,0.5453311982680888
72674,0.5343498573807854
72675,0.28850865691339805
72676,0.4617924614398122
72677,0.4369422098618173
72678,0.398077660052514
72679,0.45066647736692006
72680,0.5633039302007614
72681,0.5370797872646867
72682,0.39735379414257116
72683,0.2900047208122757
72684,0.45813265691883065
72685,0.39280079733757195
72686,0.3086591978907199
72687,0.49423007363614774
72688,0.5378194779542729
72689,0.4917524202713024
72690,0.4960299913717478
72691,0.5581756669321293
72692,0.4593772529825185
72693,0.4949504259831637
72694,0.6939887129551872
72695,0.5030939319298781
72696,0.43633926826354963
72697,0.47177403931366313
72698,0.5115111447340128
72699,0.4332661758886918
72700,0.43960157846802944
72701,0.5450202928991565
72702,0.4735036126218958
72703,0.5650808197009692
72704,0.2901458462733667
72705,0.3587520542616531
72706,0.46384946351046347
72707,0.25378624086101886
72708,0.5241988717296333
72709,0.5285599580763961
72710,0.29132576821949885
72711,0.5074101950682172
72712,0.47187587674939274
72713,0.5434413364217243
72714,0.5503923842896803
72715,0.4672489812510147
72716,0.5146486364834408
72717,0.24224474867960372
72718,0.5631998541045498
72719,0.36084627588529594
72720,0.2925438589714283
72721,0.47002848009594184
72722,0.27978042060968167
72723,0.2999107755536559
72724,0.5083652719066989
72725,0.49378963675968623
72726,0.5126446305605953
72727,0.5814849838624326
72728,0.26109066347531606
72729,0.20109793099395668
72730,0.4864171899635834
72731,0.2719852027415066
72732,0.5289813379478346
72733,0.2693011132974051
72734,0.5387435841385075
72735,0.441788124410343
72736,0.5266972448881062
72737,0.48985024219477696
72738,0.4463827220076827
72739,0.5237707104216193
72740,0.2989668646909832
72741,0.48303641884902865
72742,0.4598133333620835
72743,0.47949103241999813
72744,0.8003347422306349
72745,0.5135378201956233
72746,0.3431790357694307
72747,0.4734179150131258
72748,0.5332480804323905
72749,0.5010141632937914
72750,0.5429131637427678
72751,0.5997312597501737
72752,0.5548136738212741
72753,0.4664502691032481
72754,0.4944174421407394
72755,0.2907563407221883
72756,0.26532694356921827
72757,0.32899519993017934
72758,0.4847904720881837
72759,0.510041144415194
72760,0.3528522403863532
72761,0.5425018701552319
72762,0.25872447635794005
72763,0.2810376862508157
72764,0.488705567307246
72765,0.5070979500349222
72766,0.43102967566030065
72767,0.3092134471978356
72768,0.5164762089529801
72769,0.5010381084230104
72770,0.5743752415371526
72771,0.5505844546931614
72772,0.48020737951341275
72773,0.5125619996162128
72774,0.44584941852496907
72775,0.5006441278667513
72776,0.5527871336019564
72777,0.5325517542499842
72778,0.5518476863785552
72779,0.5762428464613827
72780,0.4704911590274159
72781,0.5568876144174582
72782,0.26262347613139564
72783,0.20806710622284438
72784,0.4063454584395266
72785,0.8354744399993765
72786,0.4965112259143611
72787,0.5233015281756772
72788,0.5321974392395687
72789,0.3260486621859253
72790,0.5417374632287957
72791,0.46883174337863076
72792,0.289416301574375
72793,0.5168910879709586
72794,0.4976354959370351
72795,0.5466962116962417
72796,0.3066156720382704
72797,0.46695592903065913
72798,0.5292848603839914
72799,0.34012021989156976
72800,0.5213248272307449
72801,0.4518020200277969
72802,0.52889003151838
72803,0.36583698150151
72804,0.351173537878472
72805,0.45939178437814243
72806,0.4654816716308949
72807,0.4011489906735458
72808,0.5594305344171886
72809,0.5220288440332219
72810,0.5373919500782102
72811,0.49689309935075754
72812,0.18766333764092477
72813,0.3955650721182235
72814,0.49603762413056623
72815,0.4953002626325073
72816,0.5627971981586584
72817,0.28588220634875183
72818,0.25256283185613476
72819,0.8680873858375017
72820,0.5102457520278427
72821,0.16283896853952576
72822,0.5306134605373367
72823,0.5931645328766749
72824,0.3573829844533511
72825,0.20014284710629657
72826,0.4092742062605956
72827,0.5872117924576991
72828,0.4266749366997524
72829,0.5020708567462937
72830,0.5472982903998234
72831,0.26305480289472455
72832,0.37648612081719113
72833,0.3926029712333334
72834,0.48476107505299104
72835,0.30015126489404487
72836,0.5117459037531046
72837,0.49440228807916486
72838,0.3181284592195288
72839,0.26678612721871225
72840,0.5305042384058511
72841,0.5484078796612506
72842,0.560583198477917
72843,0.26904482692991555
72844,0.5184836258353565
72845,0.527059013380464
72846,0.5260302675742352
72847,0.4976048327321612
72848,0.5278768624934834
72849,0.5293280873030357
72850,0.4890481197451354
72851,0.3736993036104029
72852,0.4553725449630422
72853,0.198731836496884
72854,0.25789879236739977
72855,0.51400277562316
72856,0.54841412752071
72857,0.29432173872326733
72858,0.2405337044232836
72859,0.23202375770188607
72860,0.4870038066801144
72861,0.3274724375911933
72862,0.27402674103120345
72863,0.583448826055055
72864,0.8204720281605231
72865,0.27476441702935206
72866,0.5287045943602484
72867,0.5137323407288388
72868,0.1829227067717564
72869,0.2438285460387772
72870,0.3327864868785154
72871,0.4756427835549824
72872,0.518287031139312
72873,0.47082613125652606
72874,0.7429834562008982
72875,0.36126855295614013
72876,0.5575921468398205
72877,0.3219999311160736
72878,0.49109595306464576
72879,0.4246976417800911
72880,0.5372541442438576
72881,0.4220534049274343
72882,0.5280774520325708
72883,0.14053462584555823
72884,0.29873200851839693
72885,0.5063267096344236
72886,0.5838650696029244
72887,0.5410180576508442
72888,0.47078006078489226
72889,0.4957905009185567
72890,0.4574775437761094
72891,0.27776148728077116
72892,0.3876973484837955
72893,0.47455291276602807
72894,0.5302010798656739
72895,0.49403194036057685
72896,0.52396898571453
72897,0.5155671010583927
72898,0.4491135835288671
72899,0.2529328445470452
72900,0.5339424954159182
72901,0.32136231909799623
72902,0.47421022161312854
72903,0.5543356041310946
72904,0.4657255526611126
72905,0.533241433196425
72906,0.5290591695735964
72907,0.5088655919268749
72908,0.25467373915500585
72909,0.5221085921045734
72910,0.46706259203032846
72911,0.8675956394503498
72912,0.5268914479570755
72913,0.5203254977057871
72914,0.46577589490881105
72915,0.506702551306328
72916,0.40582109913377346
72917,0.4378715939335551
72918,0.48875885880750974
72919,0.30095428954193004
72920,0.5266505791401578
72921,0.4927925933602585
72922,0.4612606350323411
72923,0.18610259114210828
72924,0.4423756853578597
72925,0.5212848554466557
72926,0.23857955146750645
72927,0.37134678464750437
72928,0.47514205093593287
72929,0.43477253113140235
72930,0.46038500706606594
72931,0.47884766641594717
72932,0.3264420726638046
72933,0.5032990590323391
72934,0.5401439492469903
72935,0.5338068443350857
72936,0.5085915599042946
72937,0.5379866805450001
72938,0.5538069396581377
72939,0.49374111098153056
72940,0.5010700325701739
72941,0.4309862975158286
72942,0.446047618646149
72943,0.48927379171273444
72944,0.32467301499518414
72945,0.4470980525313779
72946,0.5461082700973368
72947,0.5709537015847749
72948,0.19814239999132832
72949,0.5188018789662286
72950,0.41892551109758286
72951,0.39486882972987536
72952,0.30948311460973993
72953,0.5218702781864815
72954,0.18302814535849884
72955,0.2751651036061875
72956,0.2691695890943595
72957,0.45794524500436773
72958,0.29696033799565963
72959,0.5649892835333431
72960,0.4616105602784117
72961,0.5303779999847746
72962,0.5367191743287026
72963,0.2907389172880715
72964,0.5023587613571164
72965,0.2600692322945439
72966,0.5272921777534945
72967,0.2979074836456315
72968,0.8473250284246485
72969,0.46528856425080894
72970,0.38967823220323494
72971,0.523102876462995
72972,0.5851005745225175
72973,0.49993166567806224
72974,0.47315103461041813
72975,0.5271509029239421
72976,0.25414375684408025
72977,0.3160827084933874
72978,0.2545205840704967
72979,0.4181358428686185
72980,0.4165488030828331
72981,0.31463022028198945
72982,0.5179297393685268
72983,0.4648160151662544
72984,0.4718077978051822
72985,0.22038876602777224
72986,0.32618228311246356
72987,0.5442605932548886
72988,0.33022472445976647
72989,0.5129017964613211
72990,0.3851553312548146
72991,0.4302030903085067
72992,0.19394061991881767
72993,0.43052883102928463
72994,0.475321387460276
72995,0.5890710275177986
72996,0.2534943726478171
72997,0.29886850660153547
72998,0.5952449704029831
72999,0.3487834379869565
73000,0.5582333783934657
73001,0.5835272318834825
73002,0.48340467104608875
73003,0.543035890726241
73004,0.5300972193926597
73005,0.5310006678671587
73006,0.23478748168779934
73007,0.2675642670008582
73008,0.5463852605126435
73009,0.46260510116047615
73010,0.3944202355081006
73011,0.3954304153482851
73012,0.5278852979933852
73013,0.40891986361230737
73014,0.5460286596282794
73015,0.2547189571190725
73016,0.5127154789681106
73017,0.5086872773513272
73018,0.3799634377740554
73019,0.486432629122094
73020,0.2592223070570645
73021,0.2717045946146931
73022,0.5211997900474247
73023,0.5424280495222396
73024,0.5451564227436374
73025,0.555960214933967
73026,0.4668991206803387
73027,0.5534616000587375
73028,0.5698396716208358
73029,0.5284800351410373
73030,0.288397462632776
73031,0.5206514366693512
73032,0.5034904503541722
73033,0.36259911981949927
73034,0.2844771333209327
73035,0.5754664878981673
73036,0.4551380177408486
73037,0.45132183024398104
73038,0.30569602123505324
73039,0.42512260449452377
73040,0.5545493658276545
73041,0.4072807330640727
73042,0.4652710345971824
73043,0.5173368635030255
73044,0.5277012817175252
73045,0.49305126232728647
73046,0.32924426815978275
73047,0.4270119926644019
73048,0.30461852175293325
73049,0.24327829586266964
73050,0.5392392056011049
73051,0.4811450265098835
73052,0.5060208320911426
73053,0.5374659061509675
73054,0.48284144338294843
73055,0.49250815744489573
73056,0.5702624413526582
73057,0.49242262333452674
73058,0.47797871746835974
73059,0.49345750021044027
73060,0.4819715816577658
73061,0.511361501284429
73062,0.474710844671096
73063,0.5215573092893998
73064,0.26316127045811427
73065,0.475676071120169
73066,0.26422243156685576
73067,0.2886384346767159
73068,0.45241620820960654
73069,0.5319891891403141
73070,0.5411509492625586
73071,0.5123366130659327
73072,0.40524525869245454
73073,0.4089957391896765
73074,0.23236220380194647
73075,0.4067749075193211
73076,0.5424374895240465
73077,0.2383983257905367
73078,0.5596705184962028
73079,0.5418645383573405
73080,0.32508309158285104
73081,0.2780535335334575
73082,0.44467614744404893
73083,0.5465299714843728
73084,0.5405120452727822
73085,0.5060583791259475
73086,0.4316179061823836
73087,0.5148338803228528
73088,0.2856989195154898
73089,0.5518973513671307
73090,0.3578554131541237
73091,0.4978074365358273
73092,0.5603095086217195
73093,0.20789298418638705
73094,0.5022062637614821
73095,0.5281181797212889
73096,0.5383760173747737
73097,0.48701983686639155
73098,0.24725677247762504
73099,0.5297335701913586
73100,0.2577858679183363
73101,0.5239954243025047
73102,0.4522224397663751
73103,0.47144834324356877
73104,0.5755697393919655
73105,0.5336856447784949
73106,0.5112566625733066
73107,0.8030315341432965
73108,0.5599968454073282
73109,0.3058955318569559
73110,0.5338885414494782
73111,0.28455284349313853
73112,0.40983160764826354
73113,0.5300555038768261
73114,0.5385978363335927
73115,0.4892673804347045
73116,0.48521442458693126
73117,0.5289051052711385
73118,0.29851756784261496
73119,0.4582210744410448
73120,0.3191135518954812
73121,0.5242881266131696
73122,0.7772790831739969
73123,0.26767013579957544
73124,0.44728545299547173
73125,0.30868752320894177
73126,0.23711188657577367
73127,0.37932882343291247
73128,0.3478804841128729
73129,0.5014159611525384
73130,0.3023073908572584
73131,0.562004644235438
73132,0.40824581606856963
73133,0.2968010911660514
73134,0.5435066902676763
73135,0.47523453930210746
73136,0.23819601785937047
73137,0.45490798446025954
73138,0.48354705701627254
73139,0.5483792746829065
73140,0.5268486190505999
73141,0.5695918192297257
73142,0.5745736782669094
73143,0.4933595289510447
73144,0.5405817710856837
73145,0.40927737085972976
73146,0.3317252476407337
73147,0.5452425706318645
73148,0.4988680761239246
73149,0.5651373126500103
73150,0.30705939168779145
73151,0.5542788974901407
73152,0.7994339910218604
73153,0.5669097114680762
73154,0.45889452209128334
73155,0.44611264025118913
73156,0.2613401672343135
73157,0.465365141547614
73158,0.2369835892868576
73159,0.511132659429109
73160,0.526746684762052
73161,0.42410531951494024
73162,0.24763457494448468
73163,0.4800211136049572
73164,0.4694166202147923
73165,0.5627956831632792
73166,0.47467489191353557
73167,0.4758050549941049
73168,0.19149065123793316
73169,0.5058364894031154
73170,0.4902670676806801
73171,0.5428193533415394
73172,0.31273095205369583
73173,0.512768207667693
73174,0.539975558011058
73175,0.5632952223148028
73176,0.5440829345028594
73177,0.5771698265028882
73178,0.5262630981797431
73179,0.5838264311764246
73180,0.5426037869049186
73181,0.691137173967144
73182,0.348965441203985
73183,0.397118995669789
73184,0.22910815326215922
73185,0.267557232076453
73186,0.5041749109541493
73187,0.32277774367167744
73188,0.520936176750122
73189,0.5505704170415114
73190,0.5779021392491906
73191,0.5176455878044445
73192,0.4797149500945129
73193,0.4005352917198753
73194,0.5661160117792444
73195,0.45323087165618
73196,0.29787032153058085
73197,0.30915112847066134
73198,0.4580631431484078
73199,0.5247177528017676
73200,0.32241774027108155
73201,0.44631328438171974
73202,0.21259035722415123
73203,0.4812261973719284
73204,0.30966249548929936
73205,0.34296748085518464
73206,0.4443080269071453
73207,0.801570158850817
73208,0.49601400342974894
73209,0.5541094739529013
73210,0.25806666646553206
73211,0.47363640979735755
73212,0.31600772344089734
73213,0.25001016080891325
73214,0.4790203878536191
73215,0.37065389587351527
73216,0.5070605848747156
73217,0.6498632481289746
73218,0.2766391718180586
73219,0.39742874852037985
73220,0.37751514407224573
73221,0.5158952440608666
73222,0.499394768428865
73223,0.6073155084700955
73224,0.49137235641174265
73225,0.351115884476844
73226,0.5490088858121921
73227,0.47050925957205864
73228,0.27448106658789434
73229,0.5511802086189412
73230,0.5518981730754895
73231,0.5371902071390148
73232,0.5704123964507276
73233,0.5186929437797752
73234,0.3073496454058538
73235,0.5503788922635078
73236,0.23721743892830566
73237,0.2498368917630522
73238,0.24297249362671697
73239,0.38807575106534387
73240,0.4979080981217457
73241,0.37144215572328015
73242,0.47694588844513247
73243,0.4739326709570844
73244,0.37014472019433586
73245,0.36528162965789446
73246,0.2999623882059623
73247,0.20993971054511462
73248,0.5937436968543275
73249,0.3814500073161002
73250,0.5344564348198075
73251,0.4009950723945944
73252,0.5311456504025746
73253,0.5177656012587674
73254,0.23086115242879876
73255,0.2994493649064036
73256,0.5144814357461143
73257,0.30770306279812437
73258,0.8468901743138453
73259,0.4925526506806822
73260,0.5560390606873741
73261,0.5676370241858102
73262,0.3866016729280604
73263,0.4341652700152454
73264,0.5575302897564255
73265,0.42139322223200354
73266,0.415946456273829
73267,0.4950667588542416
73268,0.4371979440071779
73269,0.2992124974017291
73270,0.44127223072652155
73271,0.43880930963356596
73272,0.48716258670502455
73273,0.48975245852251587
73274,0.2533695056556023
73275,0.2793738043158388
73276,0.3004266606152469
73277,0.44077568904832687
73278,0.5287841868070433
73279,0.5112092709505667
73280,0.26807927533253023
73281,0.5301502532230893
73282,0.5943885326435945
73283,0.2876381228099308
73284,0.45322386934444087
73285,0.31025279148428336
73286,0.45821309218389616
73287,0.3548882888068103
73288,0.3351361082355148
73289,0.348059838732644
73290,0.4780334211033319
73291,0.3002729715481542
73292,0.37243794286354465
73293,0.42290954399428476
73294,0.5295110960618002
73295,0.5610252447019332
73296,0.4689304517810126
73297,0.28651686459623377
73298,0.332967915040327
73299,0.5324932236500766
73300,0.28720798366342987
73301,0.5330185650130547
73302,0.464959156012739
73303,0.5680806619241064
73304,0.49887838111730753
73305,0.4304089358690439
73306,0.256278705326418
73307,0.5392680484260931
73308,0.4975515022901979
73309,0.37728008417221903
73310,0.2949488991416711
73311,0.46990115320783193
73312,0.3915194623290666
73313,0.4688192257945376
73314,0.47656030059033283
73315,0.5284671246612939
73316,0.5664404923147007
73317,0.47900236677403984
73318,0.5481672203520217
73319,0.4963853015314086
73320,0.5282026729489374
73321,0.5173987396975102
73322,0.4768131141019081
73323,0.333356966029941
73324,0.30606368059675537
73325,0.41958523245820806
73326,0.5211492712221898
73327,0.28821637067480826
73328,0.4790533602370965
73329,0.32997171784612667
73330,0.39921092548103143
73331,0.49375985207541806
73332,0.49256414248396657
73333,0.4982808977064507
73334,0.4822943963794762
73335,0.5239291859995673
73336,0.49314707844361755
73337,0.5176809251783686
73338,0.2994876902222118
73339,0.5022237390161399
73340,0.5035679706064096
73341,0.40458170708276747
73342,0.24779705201843008
73343,0.2413065945365094
73344,0.4548882186924738
73345,0.5394449528175337
73346,0.30930518390984674
73347,0.37793402908359364
73348,0.4546441098996076
73349,0.29853150597721556
73350,0.36966068986331535
73351,0.5463814980263424
73352,0.5387598772312646
73353,0.5276573680120077
73354,0.5558486475502474
73355,0.2447536888622701
73356,0.27244861283140254
73357,0.5156457145675654
73358,0.28498049117616836
73359,0.2893480803060797
73360,0.429212824472325
73361,0.2906894180776621
73362,0.5383410459568945
73363,0.41023026581585287
73364,0.3614169966666254
73365,0.2699090991868834
73366,0.24379522457843855
73367,0.4164585799391245
73368,0.5803924375353451
73369,0.4992383374853323
73370,0.46193852585088346
73371,0.45948099631380035
73372,0.22747697421087623
73373,0.4925477028236295
73374,0.5600474370698283
73375,0.47304676624837105
73376,0.4902684136095333
73377,0.31555931361343104
73378,0.3328068430397022
73379,0.5231497430291172
73380,0.26602053982028695
73381,0.47406126108510266
73382,0.24322773204273856
73383,0.1611813536514709
73384,0.3989104122911638
73385,0.5576981367331654
73386,0.32416145365257054
73387,0.3067656760336669
73388,0.5075367840231791
73389,0.43949485735936433
73390,0.5744914637582259
73391,0.24830981658432646
73392,0.5154543938315306
73393,0.47019691627489013
73394,0.49588825558265726
73395,0.5079240173064796
73396,0.18584351180471023
73397,0.5569390433714628
73398,0.5369950652461412
73399,0.5207660749530604
73400,0.48766121445616273
73401,0.49516335663503047
73402,0.4556937474414056
73403,0.24603525628654319
73404,0.45502170696762395
73405,0.5230844254917237
73406,0.44426659517643924
73407,0.5450167464555343
73408,0.5465755533247955
73409,0.3868189830746309
73410,0.5364442319963556
73411,0.4753682137377623
73412,0.5128951883419469
73413,0.5596344291951214
73414,0.5361915055252795
73415,0.5583180004846464
73416,0.5293039571839323
73417,0.19200477702174432
73418,0.570568198783232
73419,0.43674675751685127
73420,0.5205156921406666
73421,0.32607273483033056
73422,0.516902786197242
73423,0.574423149644843
73424,0.3193461670096738
73425,0.21585019719679605
73426,0.430840690690542
73427,0.2816384947583186
73428,0.3663929988468249
73429,0.4926456266150798
73430,0.4662457173619974
73431,0.48416595671584955
73432,0.48614443514361405
73433,0.5158350938228861
73434,0.5036472089038857
73435,0.21148619053477577
73436,0.5411725342045888
73437,0.2724415881723392
73438,0.5439184467434383
73439,0.16632174915726985
73440,0.4651868338049141
73441,0.45902340510919043
73442,0.29968959839039727
73443,0.35273393655733387
73444,0.643037777856217
73445,0.537966034164779
73446,0.4689212427992736
73447,0.576210670795661
73448,0.5764954597707538
73449,0.5038790990461597
73450,0.5193728039520389
73451,0.5288779126518574
73452,0.292247689684436
73453,0.268274666963868
73454,0.30052805524277293
73455,0.44024432608899267
73456,0.2711111168717749
73457,0.42058990191181594
73458,0.5038006406290806
73459,0.40980622184953136
73460,0.587651846238553
73461,0.40931657019573875
73462,0.3870885771413737
73463,0.6120619514214053
73464,0.5175043085622548
73465,0.48691961703876624
73466,0.5619701384049812
73467,0.4698313319787903
73468,0.5133768924363721
73469,0.4372934998895901
73470,0.45235234180521516
73471,0.42824917188114225
73472,0.5508521727804151
73473,0.2942392829935538
73474,0.5391429409899503
73475,0.7012640495018124
73476,0.38420819977793236
73477,0.4732737472661889
73478,0.4731393182764522
73479,0.543319998748312
73480,0.2552263182916236
73481,0.49128338943897376
73482,0.49516244202881604
73483,0.50785542325135
73484,0.5378225383326658
73485,0.5394416408809122
73486,0.5686440989566219
73487,0.4359307282857107
73488,0.4937191195968082
73489,0.5494048895241661
73490,0.3151630661028451
73491,0.291498715320734
73492,0.2702688757920272
73493,0.1508790834031285
73494,0.5163739802510949
73495,0.5467203448707232
73496,0.5274501214048998
73497,0.4169822646811902
73498,0.4810329777443247
73499,0.42968032523831945
73500,0.2701418156290097
73501,0.45532497592028437
73502,0.5461001437673387
73503,0.853838087636989
73504,0.36985300283767747
73505,0.4542466720948081
73506,0.24884585012588875
73507,0.3017157210473802
73508,0.48907227770013917
73509,0.36241485358010933
73510,0.5172346017639847
73511,0.45120089467541585
73512,0.5432988951580148
73513,0.4570655292933482
73514,0.3741287225921405
73515,0.4283099006133605
73516,0.21972167396899311
73517,0.26661845363608905
73518,0.30371232690010885
73519,0.47917810971833685
73520,0.21655284181680337
73521,0.5123426027124455
73522,0.4826038192840191
73523,0.5335344227540884
73524,0.27746508074336906
73525,0.40137335377483135
73526,0.4506804841054441
73527,0.8450888608707746
73528,0.4927004581516908
73529,0.533612777550417
73530,0.337312810731908
73531,0.5194402914576413
73532,0.5307375574634827
73533,0.6026481176309161
