id,label
53480,0.5000036586034184
53481,0.5000036586034184
53482,0.5000036586034184
53483,0.5000036586034184
53484,0.5000036586034184
53485,0.5000036586034184
53486,0.5000036586034184
53487,0.5000036586034184
53488,0.5000036586034184
53489,0.5000036586034184
53490,0.4996001527158275
53491,0.500716950893306
53492,0.5000036586034184
53493,0.5000036586034184
53494,0.5000036586034184
53495,0.5000036586034184
53496,0.5000036586034184
53497,0.5000036586034184
53498,0.5000036586034184
53499,0.5000036586034184
53500,0.5000036586034184
53501,0.5000036586034184
53502,0.5000036586034184
53503,0.5000036586034184
53504,0.5000036586034184
53505,0.5000036586034184
53506,0.5000036586034184
53507,0.500716950893306
53508,0.5000036586034184
53509,0.5000036586034184
53510,0.500716950893306
53511,0.5000036586034184
53512,0.5000036586034184
53513,0.500716950893306
53514,0.5000036586034184
53515,0.500716950893306
53516,0.5000036586034184
53517,0.5000036586034184
53518,0.5000036586034184
53519,0.5000036586034184
53520,0.500716950893306
53521,0.5000036586034184
53522,0.500716950893306
53523,0.5000036586034184
53524,0.5000036586034184
53525,0.5000036586034184
53526,0.5000036586034184
53527,0.5000036586034184
53528,0.5000036586034184
53529,0.5000036586034184
53530,0.5000036586034184
53531,0.5000036586034184
53532,0.5000036586034184
53533,0.5000036586034184
53534,0.5000036586034184
53535,0.5000036586034184
53536,0.5000036586034184
53537,0.500716950893306
53538,0.5000036586034184
53539,0.5000036586034184
53540,0.500716950893306
53541,0.5000036586034184
53542,0.5000036586034184
53543,0.5000036586034184
53544,0.5000036586034184
53545,0.5000036586034184
53546,0.5000036586034184
53547,0.500716950893306
53548,0.5000036586034184
53549,0.500716950893306
53550,0.5000036586034184
53551,0.5000036586034184
53552,0.5000036586034184
53553,0.5000036586034184
53554,0.5000036586034184
53555,0.500716950893306
53556,0.500716950893306
53557,0.5000036586034184
53558,0.500716950893306
53559,0.5000036586034184
53560,0.5000036586034184
53561,0.500716950893306
53562,0.5000036586034184
53563,0.5000036586034184
53564,0.500716950893306
53565,0.5000036586034184
53566,0.5000036586034184
53567,0.5000036586034184
53568,0.5000036586034184
53569,0.5000036586034184
53570,0.500716950893306
53571,0.5000036586034184
53572,0.5000036586034184
53573,0.5000036586034184
53574,0.5000036586034184
53575,0.5000036586034184
53576,0.5000036586034184
53577,0.500716950893306
53578,0.5000036586034184
53579,0.5000036586034184
53580,0.5000036586034184
53581,0.5000036586034184
53582,0.5000036586034184
53583,0.5000036586034184
53584,0.5000036586034184
53585,0.5000036586034184
53586,0.5000036586034184
53587,0.5000036586034184
53588,0.5000036586034184
53589,0.5000036586034184
53590,0.5000036586034184
53591,0.5000036586034184
53592,0.500716950893306
53593,0.5000036586034184
53594,0.5000036586034184
53595,0.5000036586034184
53596,0.500716950893306
53597,0.4996001527158275
53598,0.5000036586034184
53599,0.5000036586034184
53600,0.5000036586034184
53601,0.5000036586034184
53602,0.5000036586034184
53603,0.4996001527158275
53604,0.5000036586034184
53605,0.500716950893306
53606,0.5000036586034184
53607,0.5000036586034184
53608,0.5000036586034184
53609,0.5000036586034184
53610,0.5000036586034184
53611,0.5000036586034184
53612,0.5000036586034184
53613,0.5000036586034184
53614,0.5000036586034184
53615,0.5000036586034184
53616,0.500716950893306
53617,0.5000036586034184
53618,0.5000036586034184
53619,0.500716950893306
53620,0.4996001527158275
53621,0.5000036586034184
53622,0.5000036586034184
53623,0.5000036586034184
53624,0.500716950893306
53625,0.5000036586034184
53626,0.5000036586034184
53627,0.500716950893306
53628,0.5000036586034184
53629,0.5000036586034184
53630,0.5000036586034184
53631,0.500716950893306
53632,0.5000036586034184
53633,0.5000036586034184
53634,0.5000036586034184
53635,0.500716950893306
53636,0.5000036586034184
53637,0.5000036586034184
53638,0.5000036586034184
53639,0.5000036586034184
53640,0.500716950893306
53641,0.5000036586034184
53642,0.5000036586034184
53643,0.5000036586034184
53644,0.5000036586034184
53645,0.500716950893306
53646,0.5000036586034184
53647,0.5000036586034184
53648,0.5000036586034184
53649,0.5000036586034184
53650,0.5000036586034184
53651,0.4996001527158275
53652,0.500716950893306
53653,0.5000036586034184
53654,0.500716950893306
53655,0.5000036586034184
53656,0.5000036586034184
53657,0.5000036586034184
53658,0.5000036586034184
53659,0.5000036586034184
53660,0.5000036586034184
53661,0.5000036586034184
53662,0.5000036586034184
53663,0.5000036586034184
53664,0.5000036586034184
53665,0.5000036586034184
53666,0.500716950893306
53667,0.5000036586034184
53668,0.5000036586034184
53669,0.5000036586034184
53670,0.5000036586034184
53671,0.5000036586034184
53672,0.5000036586034184
53673,0.5000036586034184
53674,0.5000036586034184
53675,0.5000036586034184
53676,0.5000036586034184
53677,0.5000036586034184
53678,0.5000036586034184
53679,0.4996001527158275
53680,0.5000036586034184
53681,0.5000036586034184
53682,0.5000036586034184
53683,0.5000036586034184
53684,0.5000036586034184
53685,0.500716950893306
53686,0.500716950893306
53687,0.5000036586034184
53688,0.5000036586034184
53689,0.5000036586034184
53690,0.500716950893306
53691,0.5000036586034184
53692,0.5000036586034184
53693,0.5000036586034184
53694,0.5000036586034184
53695,0.5000036586034184
53696,0.5000036586034184
53697,0.5000036586034184
53698,0.5000036586034184
53699,0.5000036586034184
53700,0.5000036586034184
53701,0.5000036586034184
53702,0.5000036586034184
53703,0.5000036586034184
53704,0.5000036586034184
53705,0.5000036586034184
53706,0.5000036586034184
53707,0.5000036586034184
53708,0.500716950893306
53709,0.5000036586034184
53710,0.500716950893306
53711,0.5000036586034184
53712,0.5000036586034184
53713,0.500716950893306
53714,0.5000036586034184
53715,0.5000036586034184
53716,0.5000036586034184
53717,0.500716950893306
53718,0.5000036586034184
53719,0.5000036586034184
53720,0.5000036586034184
53721,0.5000036586034184
53722,0.5000036586034184
53723,0.5000036586034184
53724,0.5000036586034184
53725,0.5000036586034184
53726,0.4996001527158275
53727,0.5000036586034184
53728,0.4996001527158275
53729,0.5000036586034184
53730,0.500716950893306
53731,0.5000036586034184
53732,0.5000036586034184
53733,0.5000036586034184
53734,0.5000036586034184
53735,0.500716950893306
53736,0.5000036586034184
53737,0.5000036586034184
53738,0.500716950893306
53739,0.5000036586034184
53740,0.5000036586034184
53741,0.5000036586034184
53742,0.5000036586034184
53743,0.500716950893306
53744,0.5000036586034184
53745,0.5000036586034184
53746,0.500716950893306
53747,0.5000036586034184
53748,0.500716950893306
53749,0.5000036586034184
53750,0.5000036586034184
53751,0.5000036586034184
53752,0.500716950893306
53753,0.4996001527158275
53754,0.5000036586034184
53755,0.5000036586034184
53756,0.5000036586034184
53757,0.5000036586034184
53758,0.500716950893306
53759,0.5000036586034184
53760,0.5000036586034184
53761,0.5000036586034184
53762,0.5000036586034184
53763,0.500716950893306
53764,0.5000036586034184
53765,0.5000036586034184
53766,0.500716950893306
53767,0.5000036586034184
53768,0.5000036586034184
53769,0.5000036586034184
53770,0.500716950893306
53771,0.5000036586034184
53772,0.5000036586034184
53773,0.5000036586034184
53774,0.5000036586034184
53775,0.5000036586034184
53776,0.5000036586034184
53777,0.5000036586034184
53778,0.5000036586034184
53779,0.5000036586034184
53780,0.5000036586034184
53781,0.5000036586034184
53782,0.5000036586034184
53783,0.5000036586034184
53784,0.5000036586034184
53785,0.5000036586034184
53786,0.4996001527158275
53787,0.5000036586034184
53788,0.5000036586034184
53789,0.5000036586034184
53790,0.5000036586034184
53791,0.5000036586034184
53792,0.500716950893306
53793,0.5000036586034184
53794,0.5000036586034184
53795,0.5000036586034184
53796,0.5000036586034184
53797,0.5000036586034184
53798,0.500716950893306
53799,0.5000036586034184
53800,0.500716950893306
53801,0.5000036586034184
53802,0.5000036586034184
53803,0.5000036586034184
53804,0.5000036586034184
53805,0.5000036586034184
53806,0.5000036586034184
53807,0.5000036586034184
53808,0.5000036586034184
53809,0.5000036586034184
53810,0.500716950893306
53811,0.5000036586034184
53812,0.5000036586034184
53813,0.5000036586034184
53814,0.5000036586034184
53815,0.5000036586034184
53816,0.5000036586034184
53817,0.5000036586034184
53818,0.5000036586034184
53819,0.5000036586034184
53820,0.5000036586034184
53821,0.5000036586034184
53822,0.5000036586034184
53823,0.5000036586034184
53824,0.5000036586034184
53825,0.5000036586034184
53826,0.5000036586034184
53827,0.5000036586034184
53828,0.5000036586034184
53829,0.5000036586034184
53830,0.5000036586034184
53831,0.5000036586034184
53832,0.5000036586034184
53833,0.5000036586034184
53834,0.500716950893306
53835,0.5000036586034184
53836,0.5000036586034184
53837,0.5000036586034184
53838,0.5000036586034184
53839,0.4996001527158275
53840,0.5000036586034184
53841,0.5000036586034184
53842,0.5000036586034184
53843,0.5000036586034184
53844,0.5000036586034184
53845,0.5000036586034184
53846,0.5000036586034184
53847,0.5000036586034184
53848,0.5000036586034184
53849,0.5000036586034184
53850,0.5000036586034184
53851,0.5000036586034184
53852,0.5000036586034184
53853,0.5000036586034184
53854,0.500716950893306
53855,0.5000036586034184
53856,0.5000036586034184
53857,0.5000036586034184
53858,0.5000036586034184
53859,0.5000036586034184
53860,0.5000036586034184
53861,0.5000036586034184
53862,0.500716950893306
53863,0.5000036586034184
53864,0.5000036586034184
53865,0.500716950893306
53866,0.5000036586034184
53867,0.5000036586034184
53868,0.5000036586034184
53869,0.5000036586034184
53870,0.5000036586034184
53871,0.5000036586034184
53872,0.500716950893306
53873,0.5000036586034184
53874,0.5000036586034184
53875,0.500716950893306
53876,0.500716950893306
53877,0.5000036586034184
53878,0.5000036586034184
53879,0.5000036586034184
53880,0.5000036586034184
53881,0.5000036586034184
53882,0.5000036586034184
53883,0.5000036586034184
53884,0.500716950893306
53885,0.5000036586034184
53886,0.5000036586034184
53887,0.5000036586034184
53888,0.500716950893306
53889,0.500716950893306
53890,0.5000036586034184
53891,0.5000036586034184
53892,0.5000036586034184
53893,0.5000036586034184
53894,0.5000036586034184
53895,0.5000036586034184
53896,0.500716950893306
53897,0.5000036586034184
53898,0.500716950893306
53899,0.5000036586034184
53900,0.5000036586034184
53901,0.5000036586034184
53902,0.5000036586034184
53903,0.5000036586034184
53904,0.500716950893306
53905,0.500716950893306
53906,0.5000036586034184
53907,0.5000036586034184
53908,0.4996001527158275
53909,0.5000036586034184
53910,0.5000036586034184
53911,0.500716950893306
53912,0.5000036586034184
53913,0.5000036586034184
53914,0.5000036586034184
53915,0.5000036586034184
53916,0.5000036586034184
53917,0.5000036586034184
53918,0.5000036586034184
53919,0.5000036586034184
53920,0.5000036586034184
53921,0.5000036586034184
53922,0.5000036586034184
53923,0.5000036586034184
53924,0.5000036586034184
53925,0.5000036586034184
53926,0.5000036586034184
53927,0.5000036586034184
53928,0.5000036586034184
53929,0.5000036586034184
53930,0.500716950893306
53931,0.5000036586034184
53932,0.5000036586034184
53933,0.5000036586034184
53934,0.5000036586034184
53935,0.5000036586034184
53936,0.5000036586034184
53937,0.5000036586034184
53938,0.5000036586034184
53939,0.5000036586034184
53940,0.500716950893306
53941,0.5000036586034184
53942,0.5000036586034184
53943,0.5000036586034184
53944,0.5000036586034184
53945,0.5000036586034184
53946,0.5000036586034184
53947,0.500716950893306
53948,0.5000036586034184
53949,0.5000036586034184
53950,0.5000036586034184
53951,0.5000036586034184
53952,0.5000036586034184
53953,0.500716950893306
53954,0.5000036586034184
53955,0.5000036586034184
53956,0.5000036586034184
53957,0.5000036586034184
53958,0.5000036586034184
53959,0.5000036586034184
53960,0.5000036586034184
53961,0.5000036586034184
53962,0.5000036586034184
53963,0.5000036586034184
53964,0.5000036586034184
53965,0.5000036586034184
53966,0.500716950893306
53967,0.500716950893306
53968,0.500716950893306
53969,0.500716950893306
53970,0.5000036586034184
53971,0.5000036586034184
53972,0.5000036586034184
53973,0.5000036586034184
53974,0.4996001527158275
53975,0.5000036586034184
53976,0.5000036586034184
53977,0.5000036586034184
53978,0.5000036586034184
53979,0.500716950893306
53980,0.5000036586034184
53981,0.5000036586034184
53982,0.5000036586034184
53983,0.5000036586034184
53984,0.5000036586034184
53985,0.5000036586034184
53986,0.5000036586034184
53987,0.500716950893306
53988,0.4996001527158275
53989,0.5000036586034184
53990,0.5000036586034184
53991,0.500716950893306
53992,0.5000036586034184
53993,0.5000036586034184
53994,0.5000036586034184
53995,0.4996001527158275
53996,0.5000036586034184
53997,0.5000036586034184
53998,0.5000036586034184
53999,0.5000036586034184
54000,0.5000036586034184
54001,0.5000036586034184
54002,0.500716950893306
54003,0.5000036586034184
54004,0.5000036586034184
54005,0.5000036586034184
54006,0.5000036586034184
54007,0.5000036586034184
54008,0.5000036586034184
54009,0.5000036586034184
54010,0.5000036586034184
54011,0.5000036586034184
54012,0.5000036586034184
54013,0.5000036586034184
54014,0.5000036586034184
54015,0.5000036586034184
54016,0.5000036586034184
54017,0.500716950893306
54018,0.5000036586034184
54019,0.500716950893306
54020,0.500716950893306
54021,0.5000036586034184
54022,0.5000036586034184
54023,0.500716950893306
54024,0.5000036586034184
54025,0.4996001527158275
54026,0.5000036586034184
54027,0.5000036586034184
54028,0.500716950893306
54029,0.5000036586034184
54030,0.500716950893306
54031,0.500716950893306
54032,0.5000036586034184
54033,0.5000036586034184
54034,0.5000036586034184
54035,0.5000036586034184
54036,0.5000036586034184
54037,0.5000036586034184
54038,0.5000036586034184
54039,0.500716950893306
54040,0.5000036586034184
54041,0.5000036586034184
54042,0.5000036586034184
54043,0.5000036586034184
54044,0.5000036586034184
54045,0.5000036586034184
54046,0.5000036586034184
54047,0.5000036586034184
54048,0.5000036586034184
54049,0.5000036586034184
54050,0.5000036586034184
54051,0.5000036586034184
54052,0.5000036586034184
54053,0.500716950893306
54054,0.5000036586034184
54055,0.5000036586034184
54056,0.5000036586034184
54057,0.5000036586034184
54058,0.5000036586034184
54059,0.5000036586034184
54060,0.5000036586034184
54061,0.5000036586034184
54062,0.5000036586034184
54063,0.5000036586034184
54064,0.5000036586034184
54065,0.4996001527158275
54066,0.5000036586034184
54067,0.500716950893306
54068,0.5000036586034184
54069,0.5000036586034184
54070,0.5000036586034184
54071,0.5000036586034184
54072,0.5000036586034184
54073,0.5000036586034184
54074,0.5000036586034184
54075,0.5000036586034184
54076,0.5000036586034184
54077,0.5000036586034184
54078,0.5000036586034184
54079,0.5000036586034184
54080,0.5000036586034184
54081,0.5000036586034184
54082,0.5000036586034184
54083,0.5000036586034184
54084,0.5000036586034184
54085,0.5000036586034184
54086,0.5000036586034184
54087,0.5000036586034184
54088,0.5000036586034184
54089,0.5000036586034184
54090,0.5000036586034184
54091,0.5000036586034184
54092,0.5000036586034184
54093,0.500716950893306
54094,0.500716950893306
54095,0.5000036586034184
54096,0.5000036586034184
54097,0.5000036586034184
54098,0.5000036586034184
54099,0.5000036586034184
54100,0.5000036586034184
54101,0.5000036586034184
54102,0.5000036586034184
54103,0.5000036586034184
54104,0.5000036586034184
54105,0.5000036586034184
54106,0.5000036586034184
54107,0.5000036586034184
54108,0.5000036586034184
54109,0.5000036586034184
54110,0.5000036586034184
54111,0.5000036586034184
54112,0.5000036586034184
54113,0.500716950893306
54114,0.5000036586034184
54115,0.5000036586034184
54116,0.5000036586034184
54117,0.5000036586034184
54118,0.5000036586034184
54119,0.500716950893306
54120,0.500716950893306
54121,0.5000036586034184
54122,0.5000036586034184
54123,0.4996001527158275
54124,0.5000036586034184
54125,0.5000036586034184
54126,0.5000036586034184
54127,0.5000036586034184
54128,0.5000036586034184
54129,0.5000036586034184
54130,0.5000036586034184
54131,0.5000036586034184
54132,0.5000036586034184
54133,0.500716950893306
54134,0.5000036586034184
54135,0.500716950893306
54136,0.5000036586034184
54137,0.5000036586034184
54138,0.500716950893306
54139,0.500716950893306
54140,0.500716950893306
54141,0.5000036586034184
54142,0.5000036586034184
54143,0.5000036586034184
54144,0.5000036586034184
54145,0.5000036586034184
54146,0.5000036586034184
54147,0.4996001527158275
54148,0.500716950893306
54149,0.5000036586034184
54150,0.5000036586034184
54151,0.500716950893306
54152,0.5000036586034184
54153,0.5000036586034184
54154,0.5000036586034184
54155,0.5000036586034184
54156,0.5000036586034184
54157,0.5000036586034184
54158,0.5000036586034184
54159,0.5000036586034184
54160,0.5000036586034184
54161,0.5000036586034184
54162,0.4996001527158275
54163,0.5000036586034184
54164,0.5000036586034184
54165,0.5000036586034184
54166,0.5000036586034184
54167,0.5000036586034184
54168,0.5000036586034184
54169,0.5000036586034184
54170,0.5000036586034184
54171,0.5000036586034184
54172,0.5000036586034184
54173,0.5000036586034184
54174,0.5000036586034184
54175,0.5000036586034184
54176,0.5000036586034184
54177,0.500716950893306
54178,0.500716950893306
54179,0.500716950893306
54180,0.5000036586034184
54181,0.5000036586034184
54182,0.5000036586034184
54183,0.5000036586034184
54184,0.500716950893306
54185,0.5000036586034184
54186,0.5000036586034184
54187,0.5000036586034184
54188,0.5000036586034184
54189,0.4996001527158275
54190,0.5000036586034184
54191,0.500716950893306
54192,0.5000036586034184
54193,0.5000036586034184
54194,0.5000036586034184
54195,0.5000036586034184
54196,0.500716950893306
54197,0.5000036586034184
54198,0.5000036586034184
54199,0.5000036586034184
54200,0.500716950893306
54201,0.5000036586034184
54202,0.500716950893306
54203,0.500716950893306
54204,0.5000036586034184
54205,0.5000036586034184
54206,0.5000036586034184
54207,0.5000036586034184
54208,0.500716950893306
54209,0.500716950893306
54210,0.5000036586034184
54211,0.500716950893306
54212,0.5000036586034184
54213,0.5000036586034184
54214,0.5000036586034184
54215,0.5000036586034184
54216,0.5000036586034184
54217,0.5000036586034184
54218,0.4996001527158275
54219,0.5000036586034184
54220,0.5000036586034184
54221,0.5000036586034184
54222,0.5000036586034184
54223,0.5000036586034184
54224,0.5000036586034184
54225,0.5000036586034184
54226,0.5000036586034184
54227,0.5000036586034184
54228,0.5000036586034184
54229,0.5000036586034184
54230,0.5000036586034184
54231,0.5000036586034184
54232,0.5000036586034184
54233,0.5000036586034184
54234,0.5000036586034184
54235,0.4996001527158275
54236,0.500716950893306
54237,0.5000036586034184
54238,0.5000036586034184
54239,0.500716950893306
54240,0.5000036586034184
54241,0.5000036586034184
54242,0.5000036586034184
54243,0.500716950893306
54244,0.5000036586034184
54245,0.5000036586034184
54246,0.5000036586034184
54247,0.5000036586034184
54248,0.5000036586034184
54249,0.5000036586034184
54250,0.5000036586034184
54251,0.5000036586034184
54252,0.500716950893306
54253,0.500716950893306
54254,0.5000036586034184
54255,0.5000036586034184
54256,0.5000036586034184
54257,0.5000036586034184
54258,0.5000036586034184
54259,0.5000036586034184
54260,0.5000036586034184
54261,0.5000036586034184
54262,0.5000036586034184
54263,0.4996001527158275
54264,0.5000036586034184
54265,0.5000036586034184
54266,0.5000036586034184
54267,0.5000036586034184
54268,0.4996001527158275
54269,0.5000036586034184
54270,0.5000036586034184
54271,0.5000036586034184
54272,0.5000036586034184
54273,0.5000036586034184
54274,0.5000036586034184
54275,0.5000036586034184
54276,0.500716950893306
54277,0.5000036586034184
54278,0.5000036586034184
54279,0.500716950893306
54280,0.5000036586034184
54281,0.5000036586034184
54282,0.5000036586034184
54283,0.5000036586034184
54284,0.5000036586034184
54285,0.5000036586034184
54286,0.5000036586034184
54287,0.5000036586034184
54288,0.5000036586034184
54289,0.5000036586034184
54290,0.500716950893306
54291,0.5000036586034184
54292,0.5000036586034184
54293,0.5000036586034184
54294,0.5000036586034184
54295,0.5000036586034184
54296,0.500716950893306
54297,0.5000036586034184
54298,0.5000036586034184
54299,0.5000036586034184
54300,0.5000036586034184
54301,0.5000036586034184
54302,0.5000036586034184
54303,0.5000036586034184
54304,0.5000036586034184
54305,0.5000036586034184
54306,0.5000036586034184
54307,0.5000036586034184
54308,0.500716950893306
54309,0.5000036586034184
54310,0.5000036586034184
54311,0.500716950893306
54312,0.5000036586034184
54313,0.5000036586034184
54314,0.500716950893306
54315,0.5000036586034184
54316,0.5000036586034184
54317,0.500716950893306
54318,0.5000036586034184
54319,0.5000036586034184
54320,0.500716950893306
54321,0.500716950893306
54322,0.5000036586034184
54323,0.5000036586034184
54324,0.5000036586034184
54325,0.5000036586034184
54326,0.5000036586034184
54327,0.5000036586034184
54328,0.5000036586034184
54329,0.500716950893306
54330,0.5000036586034184
54331,0.5000036586034184
54332,0.5000036586034184
54333,0.500716950893306
54334,0.5000036586034184
54335,0.500716950893306
54336,0.5000036586034184
54337,0.500716950893306
54338,0.500716950893306
54339,0.5000036586034184
54340,0.500716950893306
54341,0.500716950893306
54342,0.5000036586034184
54343,0.5000036586034184
54344,0.5000036586034184
54345,0.5000036586034184
54346,0.5000036586034184
54347,0.5000036586034184
54348,0.5000036586034184
54349,0.5000036586034184
54350,0.500716950893306
54351,0.5000036586034184
54352,0.5000036586034184
54353,0.5000036586034184
54354,0.5000036586034184
54355,0.5000036586034184
54356,0.5000036586034184
54357,0.5000036586034184
54358,0.5000036586034184
54359,0.500716950893306
54360,0.5000036586034184
54361,0.5000036586034184
54362,0.5000036586034184
54363,0.4996001527158275
54364,0.5000036586034184
54365,0.5000036586034184
54366,0.5000036586034184
54367,0.5000036586034184
54368,0.5000036586034184
54369,0.5000036586034184
54370,0.5000036586034184
54371,0.5000036586034184
54372,0.5000036586034184
54373,0.5000036586034184
54374,0.500716950893306
54375,0.4996001527158275
54376,0.5000036586034184
54377,0.5000036586034184
54378,0.5000036586034184
54379,0.5000036586034184
54380,0.5000036586034184
54381,0.5000036586034184
54382,0.5000036586034184
54383,0.5000036586034184
54384,0.5000036586034184
54385,0.500716950893306
54386,0.500716950893306
54387,0.5000036586034184
54388,0.5000036586034184
54389,0.500716950893306
54390,0.5000036586034184
54391,0.5000036586034184
54392,0.5000036586034184
54393,0.500716950893306
54394,0.5000036586034184
54395,0.5000036586034184
54396,0.5000036586034184
54397,0.500716950893306
54398,0.500716950893306
54399,0.5000036586034184
54400,0.5000036586034184
54401,0.5000036586034184
54402,0.5000036586034184
54403,0.500716950893306
54404,0.500716950893306
54405,0.5000036586034184
54406,0.4996001527158275
54407,0.5000036586034184
54408,0.5000036586034184
54409,0.5000036586034184
54410,0.5000036586034184
54411,0.500716950893306
54412,0.5000036586034184
54413,0.5000036586034184
54414,0.5000036586034184
54415,0.5000036586034184
54416,0.5000036586034184
54417,0.5000036586034184
54418,0.5000036586034184
54419,0.5000036586034184
54420,0.500716950893306
54421,0.5000036586034184
54422,0.500716950893306
54423,0.5000036586034184
54424,0.5000036586034184
54425,0.5000036586034184
54426,0.5000036586034184
54427,0.5000036586034184
54428,0.5000036586034184
54429,0.5000036586034184
54430,0.5000036586034184
54431,0.5000036586034184
54432,0.500716950893306
54433,0.5000036586034184
54434,0.5000036586034184
54435,0.5000036586034184
54436,0.5000036586034184
54437,0.5000036586034184
54438,0.5000036586034184
54439,0.5000036586034184
54440,0.500716950893306
54441,0.5000036586034184
54442,0.5000036586034184
54443,0.5000036586034184
54444,0.5000036586034184
54445,0.5000036586034184
54446,0.500716950893306
54447,0.5000036586034184
54448,0.5000036586034184
54449,0.5000036586034184
54450,0.5000036586034184
54451,0.500716950893306
54452,0.5000036586034184
54453,0.5000036586034184
54454,0.5000036586034184
54455,0.5000036586034184
54456,0.5000036586034184
54457,0.5000036586034184
54458,0.5000036586034184
54459,0.5000036586034184
54460,0.5000036586034184
54461,0.5000036586034184
54462,0.5000036586034184
54463,0.5000036586034184
54464,0.5000036586034184
54465,0.500716950893306
54466,0.5000036586034184
54467,0.5000036586034184
54468,0.5000036586034184
54469,0.5000036586034184
54470,0.5000036586034184
54471,0.5000036586034184
54472,0.5000036586034184
54473,0.5000036586034184
54474,0.5000036586034184
54475,0.5000036586034184
54476,0.5000036586034184
54477,0.5000036586034184
54478,0.4996001527158275
54479,0.5000036586034184
54480,0.5000036586034184
54481,0.5000036586034184
54482,0.5000036586034184
54483,0.5000036586034184
54484,0.5000036586034184
54485,0.500716950893306
54486,0.500716950893306
54487,0.5000036586034184
54488,0.5000036586034184
54489,0.5000036586034184
54490,0.500716950893306
54491,0.5000036586034184
54492,0.500716950893306
54493,0.5000036586034184
54494,0.500716950893306
54495,0.5000036586034184
54496,0.5000036586034184
54497,0.5000036586034184
54498,0.5000036586034184
54499,0.5000036586034184
54500,0.500716950893306
54501,0.5000036586034184
54502,0.5000036586034184
54503,0.5000036586034184
54504,0.5000036586034184
54505,0.5000036586034184
54506,0.5000036586034184
54507,0.5000036586034184
54508,0.5000036586034184
54509,0.5000036586034184
54510,0.500716950893306
54511,0.5000036586034184
54512,0.5000036586034184
54513,0.5000036586034184
54514,0.5000036586034184
54515,0.5000036586034184
54516,0.5000036586034184
54517,0.5000036586034184
54518,0.5000036586034184
54519,0.500716950893306
54520,0.4996001527158275
54521,0.5000036586034184
54522,0.5000036586034184
54523,0.5000036586034184
54524,0.500716950893306
54525,0.500716950893306
54526,0.5000036586034184
54527,0.5000036586034184
54528,0.5000036586034184
54529,0.5000036586034184
54530,0.500716950893306
54531,0.5000036586034184
54532,0.5000036586034184
54533,0.5000036586034184
54534,0.5000036586034184
54535,0.500716950893306
54536,0.5000036586034184
54537,0.5000036586034184
54538,0.5000036586034184
54539,0.5000036586034184
54540,0.500716950893306
54541,0.5000036586034184
54542,0.5000036586034184
54543,0.5000036586034184
54544,0.5000036586034184
54545,0.4996001527158275
54546,0.5000036586034184
54547,0.5000036586034184
54548,0.5000036586034184
54549,0.500716950893306
54550,0.5000036586034184
54551,0.5000036586034184
54552,0.500716950893306
54553,0.5000036586034184
54554,0.5000036586034184
54555,0.5000036586034184
54556,0.5000036586034184
54557,0.500716950893306
54558,0.5000036586034184
54559,0.5000036586034184
54560,0.500716950893306
54561,0.5000036586034184
54562,0.5000036586034184
54563,0.5000036586034184
54564,0.500716950893306
54565,0.5000036586034184
54566,0.5000036586034184
54567,0.5000036586034184
54568,0.5000036586034184
54569,0.5000036586034184
54570,0.5000036586034184
54571,0.5000036586034184
54572,0.5000036586034184
54573,0.5000036586034184
54574,0.5000036586034184
54575,0.5000036586034184
54576,0.5000036586034184
54577,0.5000036586034184
54578,0.5000036586034184
54579,0.500716950893306
54580,0.5000036586034184
54581,0.5000036586034184
54582,0.5000036586034184
54583,0.5000036586034184
54584,0.5000036586034184
54585,0.5000036586034184
54586,0.500716950893306
54587,0.5000036586034184
54588,0.5000036586034184
54589,0.5000036586034184
54590,0.5000036586034184
54591,0.500716950893306
54592,0.5000036586034184
54593,0.5000036586034184
54594,0.5000036586034184
54595,0.5000036586034184
54596,0.5000036586034184
54597,0.5000036586034184
54598,0.5000036586034184
54599,0.500716950893306
54600,0.5000036586034184
54601,0.5000036586034184
54602,0.5000036586034184
54603,0.5000036586034184
54604,0.5000036586034184
54605,0.5000036586034184
54606,0.5000036586034184
54607,0.5000036586034184
54608,0.5000036586034184
54609,0.500716950893306
54610,0.500716950893306
54611,0.5000036586034184
54612,0.5000036586034184
54613,0.500716950893306
54614,0.5000036586034184
54615,0.5000036586034184
54616,0.5000036586034184
54617,0.500716950893306
54618,0.5000036586034184
54619,0.5000036586034184
54620,0.5000036586034184
54621,0.5000036586034184
54622,0.5000036586034184
54623,0.500716950893306
54624,0.5000036586034184
54625,0.5000036586034184
54626,0.500716950893306
54627,0.500716950893306
54628,0.500716950893306
54629,0.5000036586034184
54630,0.5000036586034184
54631,0.5000036586034184
54632,0.5000036586034184
54633,0.500716950893306
54634,0.5000036586034184
54635,0.5000036586034184
54636,0.5000036586034184
54637,0.5000036586034184
54638,0.5000036586034184
54639,0.5000036586034184
54640,0.5000036586034184
54641,0.5000036586034184
54642,0.5000036586034184
54643,0.5000036586034184
54644,0.5000036586034184
54645,0.500716950893306
54646,0.5000036586034184
54647,0.5000036586034184
54648,0.5000036586034184
54649,0.500716950893306
54650,0.5000036586034184
54651,0.4996001527158275
54652,0.5000036586034184
54653,0.5000036586034184
54654,0.5000036586034184
54655,0.5000036586034184
54656,0.5000036586034184
54657,0.500716950893306
54658,0.5000036586034184
54659,0.5000036586034184
54660,0.5000036586034184
54661,0.5000036586034184
54662,0.500716950893306
54663,0.5000036586034184
54664,0.5000036586034184
54665,0.5000036586034184
54666,0.5000036586034184
54667,0.5000036586034184
54668,0.5000036586034184
54669,0.5000036586034184
54670,0.500716950893306
54671,0.5000036586034184
54672,0.5000036586034184
54673,0.5000036586034184
54674,0.5000036586034184
54675,0.5000036586034184
54676,0.5000036586034184
54677,0.5000036586034184
54678,0.500716950893306
54679,0.5000036586034184
54680,0.5000036586034184
54681,0.500716950893306
54682,0.500716950893306
54683,0.5000036586034184
54684,0.5000036586034184
54685,0.5000036586034184
54686,0.500716950893306
54687,0.5000036586034184
54688,0.500716950893306
54689,0.5000036586034184
54690,0.5000036586034184
54691,0.5000036586034184
54692,0.5000036586034184
54693,0.5000036586034184
54694,0.500716950893306
54695,0.5000036586034184
54696,0.5000036586034184
54697,0.5000036586034184
54698,0.5000036586034184
54699,0.5000036586034184
54700,0.5000036586034184
54701,0.5000036586034184
54702,0.5000036586034184
54703,0.5000036586034184
54704,0.5000036586034184
54705,0.5000036586034184
54706,0.5000036586034184
54707,0.5000036586034184
54708,0.5000036586034184
54709,0.5000036586034184
54710,0.5000036586034184
54711,0.5000036586034184
54712,0.5000036586034184
54713,0.5000036586034184
54714,0.5000036586034184
54715,0.5000036586034184
54716,0.5000036586034184
54717,0.5000036586034184
54718,0.500716950893306
54719,0.5000036586034184
54720,0.5000036586034184
54721,0.500716950893306
54722,0.5000036586034184
54723,0.5000036586034184
54724,0.5000036586034184
54725,0.5000036586034184
54726,0.5000036586034184
54727,0.5000036586034184
54728,0.5000036586034184
54729,0.5000036586034184
54730,0.5000036586034184
54731,0.5000036586034184
54732,0.500716950893306
54733,0.5000036586034184
54734,0.5000036586034184
54735,0.5000036586034184
54736,0.5000036586034184
54737,0.5000036586034184
54738,0.5000036586034184
54739,0.500716950893306
54740,0.5000036586034184
54741,0.5000036586034184
54742,0.5000036586034184
54743,0.500716950893306
54744,0.5000036586034184
54745,0.5000036586034184
54746,0.5000036586034184
54747,0.5000036586034184
54748,0.5000036586034184
54749,0.5000036586034184
54750,0.5000036586034184
54751,0.5000036586034184
54752,0.500716950893306
54753,0.5000036586034184
54754,0.4996001527158275
54755,0.5000036586034184
54756,0.4996001527158275
54757,0.5000036586034184
54758,0.500716950893306
54759,0.4996001527158275
54760,0.5000036586034184
54761,0.5000036586034184
54762,0.5000036586034184
54763,0.5000036586034184
54764,0.5000036586034184
54765,0.5000036586034184
54766,0.500716950893306
54767,0.5000036586034184
54768,0.5000036586034184
54769,0.5000036586034184
54770,0.500716950893306
54771,0.5000036586034184
54772,0.5000036586034184
54773,0.5000036586034184
54774,0.5000036586034184
54775,0.5000036586034184
54776,0.5000036586034184
54777,0.500716950893306
54778,0.5000036586034184
54779,0.5000036586034184
54780,0.5000036586034184
54781,0.5000036586034184
54782,0.500716950893306
54783,0.5000036586034184
54784,0.5000036586034184
54785,0.5000036586034184
54786,0.500716950893306
54787,0.5000036586034184
54788,0.5000036586034184
54789,0.5000036586034184
54790,0.5000036586034184
54791,0.500716950893306
54792,0.500716950893306
54793,0.5000036586034184
54794,0.5000036586034184
54795,0.5000036586034184
54796,0.5000036586034184
54797,0.5000036586034184
54798,0.5000036586034184
54799,0.5000036586034184
54800,0.5000036586034184
54801,0.500716950893306
54802,0.5000036586034184
54803,0.500716950893306
54804,0.5000036586034184
54805,0.5000036586034184
54806,0.500716950893306
54807,0.5000036586034184
54808,0.5000036586034184
54809,0.5000036586034184
54810,0.5000036586034184
54811,0.4996001527158275
54812,0.500716950893306
54813,0.500716950893306
54814,0.5000036586034184
54815,0.500716950893306
54816,0.5000036586034184
54817,0.5000036586034184
54818,0.5000036586034184
54819,0.5000036586034184
54820,0.5000036586034184
54821,0.5000036586034184
54822,0.5000036586034184
54823,0.5000036586034184
54824,0.500716950893306
54825,0.5000036586034184
54826,0.5000036586034184
54827,0.500716950893306
54828,0.500716950893306
54829,0.5000036586034184
54830,0.5000036586034184
54831,0.5000036586034184
54832,0.5000036586034184
54833,0.5000036586034184
54834,0.5000036586034184
54835,0.5000036586034184
54836,0.5000036586034184
54837,0.5000036586034184
54838,0.500716950893306
54839,0.5000036586034184
54840,0.500716950893306
54841,0.5000036586034184
54842,0.5000036586034184
54843,0.5000036586034184
54844,0.5000036586034184
54845,0.5000036586034184
54846,0.500716950893306
54847,0.500716950893306
54848,0.500716950893306
54849,0.5000036586034184
54850,0.5000036586034184
54851,0.5000036586034184
54852,0.500716950893306
54853,0.500716950893306
54854,0.5000036586034184
54855,0.5000036586034184
54856,0.5000036586034184
54857,0.5000036586034184
54858,0.5000036586034184
54859,0.5000036586034184
54860,0.500716950893306
54861,0.5000036586034184
54862,0.5000036586034184
54863,0.5000036586034184
54864,0.5000036586034184
54865,0.5000036586034184
54866,0.5000036586034184
54867,0.5000036586034184
54868,0.500716950893306
54869,0.500716950893306
54870,0.5000036586034184
54871,0.5000036586034184
54872,0.5000036586034184
54873,0.5000036586034184
54874,0.5000036586034184
54875,0.5000036586034184
54876,0.5000036586034184
54877,0.5000036586034184
54878,0.5000036586034184
54879,0.500716950893306
54880,0.5000036586034184
54881,0.4996001527158275
54882,0.5000036586034184
54883,0.500716950893306
54884,0.5000036586034184
54885,0.5000036586034184
54886,0.5000036586034184
54887,0.5000036586034184
54888,0.5000036586034184
54889,0.5000036586034184
54890,0.5000036586034184
54891,0.5000036586034184
54892,0.5000036586034184
54893,0.500716950893306
54894,0.5000036586034184
54895,0.5000036586034184
54896,0.5000036586034184
54897,0.5000036586034184
54898,0.5000036586034184
54899,0.5000036586034184
54900,0.500716950893306
54901,0.500716950893306
54902,0.5000036586034184
54903,0.500716950893306
54904,0.5000036586034184
54905,0.4996001527158275
54906,0.5000036586034184
54907,0.500716950893306
54908,0.500716950893306
54909,0.500716950893306
54910,0.5000036586034184
54911,0.5000036586034184
54912,0.500716950893306
54913,0.5000036586034184
54914,0.5000036586034184
54915,0.4996001527158275
54916,0.5000036586034184
54917,0.5000036586034184
54918,0.5000036586034184
54919,0.5000036586034184
54920,0.500716950893306
54921,0.500716950893306
54922,0.5000036586034184
54923,0.5000036586034184
54924,0.5000036586034184
54925,0.5000036586034184
54926,0.500716950893306
54927,0.5000036586034184
54928,0.5000036586034184
54929,0.5000036586034184
54930,0.5000036586034184
54931,0.5000036586034184
54932,0.500716950893306
54933,0.4996001527158275
54934,0.5000036586034184
54935,0.5000036586034184
54936,0.5000036586034184
54937,0.500716950893306
54938,0.5000036586034184
54939,0.5000036586034184
54940,0.5000036586034184
54941,0.500716950893306
54942,0.5000036586034184
54943,0.5000036586034184
54944,0.5000036586034184
54945,0.5000036586034184
54946,0.5000036586034184
54947,0.5000036586034184
54948,0.5000036586034184
54949,0.5000036586034184
54950,0.500716950893306
54951,0.5000036586034184
54952,0.5000036586034184
54953,0.4996001527158275
54954,0.5000036586034184
54955,0.5000036586034184
54956,0.5000036586034184
54957,0.5000036586034184
54958,0.5000036586034184
54959,0.5000036586034184
54960,0.5000036586034184
54961,0.5000036586034184
54962,0.4996001527158275
54963,0.5000036586034184
54964,0.5000036586034184
54965,0.5000036586034184
54966,0.5000036586034184
54967,0.5000036586034184
54968,0.5000036586034184
54969,0.5000036586034184
54970,0.5000036586034184
54971,0.5000036586034184
54972,0.5000036586034184
54973,0.5000036586034184
54974,0.5000036586034184
54975,0.5000036586034184
54976,0.5000036586034184
54977,0.5000036586034184
54978,0.5000036586034184
54979,0.5000036586034184
54980,0.5000036586034184
54981,0.5000036586034184
54982,0.500716950893306
54983,0.5000036586034184
54984,0.500716950893306
54985,0.5000036586034184
54986,0.5000036586034184
54987,0.5000036586034184
54988,0.5000036586034184
54989,0.5000036586034184
54990,0.5000036586034184
54991,0.5000036586034184
54992,0.500716950893306
54993,0.500716950893306
54994,0.5000036586034184
54995,0.500716950893306
54996,0.5000036586034184
54997,0.5000036586034184
54998,0.500716950893306
54999,0.500716950893306
55000,0.5000036586034184
55001,0.5000036586034184
55002,0.5000036586034184
55003,0.5000036586034184
55004,0.500716950893306
55005,0.5000036586034184
55006,0.5000036586034184
55007,0.5000036586034184
55008,0.5000036586034184
55009,0.500716950893306
55010,0.5000036586034184
55011,0.5000036586034184
55012,0.5000036586034184
55013,0.5000036586034184
55014,0.5000036586034184
55015,0.5000036586034184
55016,0.5000036586034184
55017,0.5000036586034184
55018,0.5000036586034184
55019,0.500716950893306
55020,0.5000036586034184
55021,0.5000036586034184
55022,0.5000036586034184
55023,0.5000036586034184
55024,0.5000036586034184
55025,0.5000036586034184
55026,0.500716950893306
55027,0.5000036586034184
55028,0.5000036586034184
55029,0.5000036586034184
55030,0.5000036586034184
55031,0.5000036586034184
55032,0.5000036586034184
55033,0.5000036586034184
55034,0.5000036586034184
55035,0.5000036586034184
55036,0.5000036586034184
55037,0.5000036586034184
55038,0.5000036586034184
55039,0.5000036586034184
55040,0.5000036586034184
55041,0.5000036586034184
55042,0.5000036586034184
55043,0.5000036586034184
55044,0.500716950893306
55045,0.5000036586034184
55046,0.500716950893306
55047,0.5000036586034184
55048,0.5000036586034184
55049,0.5000036586034184
55050,0.5000036586034184
55051,0.500716950893306
55052,0.5000036586034184
55053,0.5000036586034184
55054,0.5000036586034184
55055,0.4996001527158275
55056,0.5000036586034184
55057,0.5000036586034184
55058,0.5000036586034184
55059,0.5000036586034184
55060,0.500716950893306
55061,0.5000036586034184
55062,0.5000036586034184
55063,0.5000036586034184
55064,0.5000036586034184
55065,0.5000036586034184
55066,0.500716950893306
55067,0.5000036586034184
55068,0.5000036586034184
55069,0.4996001527158275
55070,0.5000036586034184
55071,0.500716950893306
55072,0.500716950893306
55073,0.5000036586034184
55074,0.5000036586034184
55075,0.5000036586034184
55076,0.5000036586034184
55077,0.500716950893306
55078,0.500716950893306
55079,0.5000036586034184
55080,0.5000036586034184
55081,0.500716950893306
55082,0.5000036586034184
55083,0.5000036586034184
55084,0.5000036586034184
55085,0.5000036586034184
55086,0.5000036586034184
55087,0.500716950893306
55088,0.500716950893306
55089,0.5000036586034184
55090,0.5000036586034184
55091,0.5000036586034184
55092,0.5000036586034184
55093,0.5000036586034184
55094,0.500716950893306
55095,0.5000036586034184
55096,0.500716950893306
55097,0.5000036586034184
55098,0.5000036586034184
55099,0.5000036586034184
55100,0.5000036586034184
55101,0.5000036586034184
55102,0.5000036586034184
55103,0.500716950893306
55104,0.5000036586034184
55105,0.5000036586034184
55106,0.5000036586034184
55107,0.5000036586034184
55108,0.500716950893306
55109,0.500716950893306
55110,0.5000036586034184
55111,0.5000036586034184
55112,0.5000036586034184
55113,0.5000036586034184
55114,0.5000036586034184
55115,0.5000036586034184
55116,0.500716950893306
55117,0.5000036586034184
55118,0.5000036586034184
55119,0.5000036586034184
55120,0.5000036586034184
55121,0.5000036586034184
55122,0.5000036586034184
55123,0.5000036586034184
55124,0.5000036586034184
55125,0.5000036586034184
55126,0.5000036586034184
55127,0.500716950893306
55128,0.500716950893306
55129,0.500716950893306
55130,0.5000036586034184
55131,0.5000036586034184
55132,0.5000036586034184
55133,0.500716950893306
55134,0.5000036586034184
55135,0.5000036586034184
55136,0.5000036586034184
55137,0.500716950893306
55138,0.5000036586034184
55139,0.5000036586034184
55140,0.5000036586034184
55141,0.500716950893306
55142,0.5000036586034184
55143,0.500716950893306
55144,0.500716950893306
55145,0.5000036586034184
55146,0.5000036586034184
55147,0.5000036586034184
55148,0.500716950893306
55149,0.5000036586034184
55150,0.5000036586034184
55151,0.5000036586034184
55152,0.5000036586034184
55153,0.500716950893306
55154,0.5000036586034184
55155,0.5000036586034184
55156,0.5000036586034184
55157,0.5000036586034184
55158,0.5000036586034184
55159,0.5000036586034184
55160,0.5000036586034184
55161,0.5000036586034184
55162,0.5000036586034184
55163,0.500716950893306
55164,0.5000036586034184
55165,0.5000036586034184
55166,0.5000036586034184
55167,0.5000036586034184
55168,0.500716950893306
55169,0.5000036586034184
55170,0.500716950893306
55171,0.5000036586034184
55172,0.500716950893306
55173,0.5000036586034184
55174,0.5000036586034184
55175,0.5000036586034184
55176,0.5000036586034184
55177,0.5000036586034184
55178,0.500716950893306
55179,0.5000036586034184
55180,0.5000036586034184
55181,0.5000036586034184
55182,0.5000036586034184
55183,0.500716950893306
55184,0.500716950893306
55185,0.5000036586034184
55186,0.5000036586034184
55187,0.5000036586034184
55188,0.5000036586034184
55189,0.4996001527158275
55190,0.5000036586034184
55191,0.5000036586034184
55192,0.5000036586034184
55193,0.5000036586034184
55194,0.5000036586034184
55195,0.5000036586034184
55196,0.5000036586034184
55197,0.5000036586034184
55198,0.5000036586034184
55199,0.5000036586034184
55200,0.5000036586034184
55201,0.5000036586034184
55202,0.5000036586034184
55203,0.500716950893306
55204,0.5000036586034184
55205,0.5000036586034184
55206,0.5000036586034184
55207,0.5000036586034184
55208,0.5000036586034184
55209,0.5000036586034184
55210,0.5000036586034184
55211,0.5000036586034184
55212,0.5000036586034184
55213,0.5000036586034184
55214,0.5000036586034184
55215,0.5000036586034184
55216,0.5000036586034184
55217,0.5000036586034184
55218,0.5000036586034184
55219,0.5000036586034184
55220,0.5000036586034184
55221,0.5000036586034184
55222,0.5000036586034184
55223,0.5000036586034184
55224,0.5000036586034184
55225,0.5000036586034184
55226,0.5000036586034184
55227,0.5000036586034184
55228,0.5000036586034184
55229,0.5000036586034184
55230,0.4996001527158275
55231,0.5000036586034184
55232,0.5000036586034184
55233,0.5000036586034184
55234,0.5000036586034184
55235,0.5000036586034184
55236,0.5000036586034184
55237,0.5000036586034184
55238,0.5000036586034184
55239,0.5000036586034184
55240,0.5000036586034184
55241,0.5000036586034184
55242,0.5000036586034184
55243,0.5000036586034184
55244,0.4996001527158275
55245,0.5000036586034184
55246,0.5000036586034184
55247,0.5000036586034184
55248,0.5000036586034184
55249,0.5000036586034184
55250,0.5000036586034184
55251,0.500716950893306
55252,0.5000036586034184
55253,0.5000036586034184
55254,0.5000036586034184
55255,0.5000036586034184
55256,0.5000036586034184
55257,0.5000036586034184
55258,0.5000036586034184
55259,0.5000036586034184
55260,0.5000036586034184
55261,0.5000036586034184
55262,0.5000036586034184
55263,0.5000036586034184
55264,0.5000036586034184
55265,0.5000036586034184
55266,0.5000036586034184
55267,0.5000036586034184
55268,0.5000036586034184
55269,0.500716950893306
55270,0.5000036586034184
55271,0.5000036586034184
55272,0.5000036586034184
55273,0.5000036586034184
55274,0.5000036586034184
55275,0.5000036586034184
55276,0.5000036586034184
55277,0.5000036586034184
55278,0.500716950893306
55279,0.5000036586034184
55280,0.5000036586034184
55281,0.5000036586034184
55282,0.5000036586034184
55283,0.5000036586034184
55284,0.5000036586034184
55285,0.5000036586034184
55286,0.5000036586034184
55287,0.5000036586034184
55288,0.4996001527158275
55289,0.5000036586034184
55290,0.5000036586034184
55291,0.500716950893306
55292,0.5000036586034184
55293,0.5000036586034184
55294,0.5000036586034184
55295,0.5000036586034184
55296,0.5000036586034184
55297,0.5000036586034184
55298,0.500716950893306
55299,0.5000036586034184
55300,0.5000036586034184
55301,0.5000036586034184
55302,0.5000036586034184
55303,0.5000036586034184
55304,0.500716950893306
55305,0.5000036586034184
55306,0.5000036586034184
55307,0.5000036586034184
55308,0.5000036586034184
55309,0.500716950893306
55310,0.5000036586034184
55311,0.500716950893306
55312,0.5000036586034184
55313,0.5000036586034184
55314,0.5000036586034184
55315,0.5000036586034184
55316,0.500716950893306
55317,0.5000036586034184
55318,0.500716950893306
55319,0.500716950893306
55320,0.500716950893306
55321,0.5000036586034184
55322,0.500716950893306
55323,0.5000036586034184
55324,0.5000036586034184
55325,0.5000036586034184
55326,0.5000036586034184
55327,0.5000036586034184
55328,0.5000036586034184
55329,0.5000036586034184
55330,0.5000036586034184
55331,0.5000036586034184
55332,0.5000036586034184
55333,0.5000036586034184
55334,0.5000036586034184
55335,0.5000036586034184
55336,0.5000036586034184
55337,0.5000036586034184
55338,0.5000036586034184
55339,0.5000036586034184
55340,0.5000036586034184
55341,0.5000036586034184
55342,0.5000036586034184
55343,0.5000036586034184
55344,0.5000036586034184
55345,0.500716950893306
55346,0.4996001527158275
55347,0.5000036586034184
55348,0.5000036586034184
55349,0.500716950893306
55350,0.5000036586034184
55351,0.5000036586034184
55352,0.5000036586034184
55353,0.5000036586034184
55354,0.5000036586034184
55355,0.500716950893306
55356,0.5000036586034184
55357,0.5000036586034184
55358,0.5000036586034184
55359,0.500716950893306
55360,0.5000036586034184
55361,0.5000036586034184
55362,0.5000036586034184
55363,0.5000036586034184
55364,0.5000036586034184
55365,0.5000036586034184
55366,0.5000036586034184
55367,0.5000036586034184
55368,0.5000036586034184
55369,0.5000036586034184
55370,0.5000036586034184
55371,0.5000036586034184
55372,0.5000036586034184
55373,0.5000036586034184
55374,0.5000036586034184
55375,0.5000036586034184
55376,0.5000036586034184
55377,0.5000036586034184
55378,0.5000036586034184
55379,0.5000036586034184
55380,0.500716950893306
55381,0.500716950893306
55382,0.5000036586034184
55383,0.5000036586034184
55384,0.5000036586034184
55385,0.5000036586034184
55386,0.5000036586034184
55387,0.5000036586034184
55388,0.5000036586034184
55389,0.5000036586034184
55390,0.5000036586034184
55391,0.5000036586034184
55392,0.5000036586034184
55393,0.4996001527158275
55394,0.5000036586034184
55395,0.5000036586034184
55396,0.5000036586034184
55397,0.5000036586034184
55398,0.5000036586034184
55399,0.4996001527158275
55400,0.500716950893306
55401,0.500716950893306
55402,0.5000036586034184
55403,0.5000036586034184
55404,0.5000036586034184
55405,0.5000036586034184
55406,0.5000036586034184
55407,0.5000036586034184
55408,0.500716950893306
55409,0.500716950893306
55410,0.5000036586034184
55411,0.5000036586034184
55412,0.5000036586034184
55413,0.5000036586034184
55414,0.5000036586034184
55415,0.5000036586034184
55416,0.5000036586034184
55417,0.5000036586034184
55418,0.5000036586034184
55419,0.5000036586034184
55420,0.5000036586034184
55421,0.5000036586034184
55422,0.500716950893306
55423,0.5000036586034184
55424,0.5000036586034184
55425,0.5000036586034184
55426,0.5000036586034184
55427,0.5000036586034184
55428,0.500716950893306
55429,0.5000036586034184
55430,0.5000036586034184
55431,0.5000036586034184
55432,0.5000036586034184
55433,0.5000036586034184
55434,0.5000036586034184
55435,0.5000036586034184
55436,0.5000036586034184
55437,0.5000036586034184
55438,0.5000036586034184
55439,0.5000036586034184
55440,0.5000036586034184
55441,0.5000036586034184
55442,0.5000036586034184
55443,0.5000036586034184
55444,0.5000036586034184
55445,0.500716950893306
55446,0.5000036586034184
55447,0.500716950893306
55448,0.500716950893306
55449,0.5000036586034184
55450,0.4996001527158275
55451,0.500716950893306
55452,0.5000036586034184
55453,0.500716950893306
55454,0.5000036586034184
55455,0.500716950893306
55456,0.5000036586034184
55457,0.5000036586034184
55458,0.5000036586034184
55459,0.5000036586034184
55460,0.5000036586034184
55461,0.5000036586034184
55462,0.5000036586034184
55463,0.5000036586034184
55464,0.5000036586034184
55465,0.5000036586034184
55466,0.4996001527158275
55467,0.500716950893306
55468,0.5000036586034184
55469,0.4996001527158275
55470,0.5000036586034184
55471,0.5000036586034184
55472,0.4996001527158275
55473,0.5000036586034184
55474,0.4996001527158275
55475,0.5000036586034184
55476,0.5000036586034184
55477,0.5000036586034184
55478,0.5000036586034184
55479,0.500716950893306
55480,0.5000036586034184
55481,0.5000036586034184
55482,0.5000036586034184
55483,0.5000036586034184
55484,0.5000036586034184
55485,0.5000036586034184
55486,0.5000036586034184
55487,0.500716950893306
55488,0.5000036586034184
55489,0.5000036586034184
55490,0.5000036586034184
55491,0.5000036586034184
55492,0.5000036586034184
55493,0.5000036586034184
55494,0.5000036586034184
55495,0.5000036586034184
55496,0.5000036586034184
55497,0.5000036586034184
55498,0.5000036586034184
55499,0.500716950893306
55500,0.5000036586034184
55501,0.5000036586034184
55502,0.5000036586034184
55503,0.5000036586034184
55504,0.500716950893306
55505,0.5000036586034184
55506,0.5000036586034184
55507,0.5000036586034184
55508,0.5000036586034184
55509,0.5000036586034184
55510,0.5000036586034184
55511,0.5000036586034184
55512,0.5000036586034184
55513,0.500716950893306
55514,0.5000036586034184
55515,0.5000036586034184
55516,0.500716950893306
55517,0.5000036586034184
55518,0.5000036586034184
55519,0.5000036586034184
55520,0.5000036586034184
55521,0.5000036586034184
55522,0.5000036586034184
55523,0.5000036586034184
55524,0.5000036586034184
55525,0.5000036586034184
55526,0.5000036586034184
55527,0.5000036586034184
55528,0.5000036586034184
55529,0.5000036586034184
55530,0.5000036586034184
55531,0.5000036586034184
55532,0.5000036586034184
55533,0.5000036586034184
55534,0.5000036586034184
55535,0.5000036586034184
55536,0.5000036586034184
55537,0.5000036586034184
55538,0.5000036586034184
55539,0.4996001527158275
55540,0.500716950893306
55541,0.500716950893306
55542,0.5000036586034184
55543,0.5000036586034184
55544,0.5000036586034184
55545,0.5000036586034184
55546,0.5000036586034184
55547,0.5000036586034184
55548,0.5000036586034184
55549,0.500716950893306
55550,0.5000036586034184
55551,0.5000036586034184
55552,0.5000036586034184
55553,0.5000036586034184
55554,0.5000036586034184
55555,0.5000036586034184
55556,0.5000036586034184
55557,0.5000036586034184
55558,0.5000036586034184
55559,0.5000036586034184
55560,0.5000036586034184
55561,0.5000036586034184
55562,0.4996001527158275
55563,0.5000036586034184
55564,0.5000036586034184
55565,0.4996001527158275
55566,0.5000036586034184
55567,0.5000036586034184
55568,0.5000036586034184
55569,0.5000036586034184
55570,0.5000036586034184
55571,0.5000036586034184
55572,0.5000036586034184
55573,0.5000036586034184
55574,0.5000036586034184
55575,0.500716950893306
55576,0.5000036586034184
55577,0.5000036586034184
55578,0.5000036586034184
55579,0.5000036586034184
55580,0.5000036586034184
55581,0.5000036586034184
55582,0.5000036586034184
55583,0.500716950893306
55584,0.5000036586034184
55585,0.500716950893306
55586,0.500716950893306
55587,0.5000036586034184
55588,0.5000036586034184
55589,0.500716950893306
55590,0.5000036586034184
55591,0.5000036586034184
55592,0.5000036586034184
55593,0.500716950893306
55594,0.5000036586034184
55595,0.4996001527158275
55596,0.5000036586034184
55597,0.500716950893306
55598,0.500716950893306
55599,0.5000036586034184
55600,0.5000036586034184
55601,0.5000036586034184
55602,0.5000036586034184
55603,0.5000036586034184
55604,0.5000036586034184
55605,0.5000036586034184
55606,0.5000036586034184
55607,0.5000036586034184
55608,0.5000036586034184
55609,0.5000036586034184
55610,0.5000036586034184
55611,0.5000036586034184
55612,0.5000036586034184
55613,0.5000036586034184
55614,0.5000036586034184
55615,0.5000036586034184
55616,0.5000036586034184
55617,0.5000036586034184
55618,0.500716950893306
55619,0.500716950893306
55620,0.5000036586034184
55621,0.5000036586034184
55622,0.500716950893306
55623,0.5000036586034184
55624,0.5000036586034184
55625,0.5000036586034184
55626,0.5000036586034184
55627,0.5000036586034184
55628,0.5000036586034184
55629,0.5000036586034184
55630,0.5000036586034184
55631,0.5000036586034184
55632,0.5000036586034184
55633,0.5000036586034184
55634,0.5000036586034184
55635,0.5000036586034184
55636,0.5000036586034184
55637,0.5000036586034184
55638,0.5000036586034184
55639,0.5000036586034184
55640,0.5000036586034184
55641,0.5000036586034184
55642,0.5000036586034184
55643,0.5000036586034184
55644,0.5000036586034184
55645,0.5000036586034184
55646,0.5000036586034184
55647,0.5000036586034184
55648,0.5000036586034184
55649,0.5000036586034184
55650,0.500716950893306
55651,0.5000036586034184
55652,0.5000036586034184
55653,0.5000036586034184
55654,0.5000036586034184
55655,0.5000036586034184
55656,0.5000036586034184
55657,0.5000036586034184
55658,0.5000036586034184
55659,0.5000036586034184
55660,0.5000036586034184
55661,0.5000036586034184
55662,0.5000036586034184
55663,0.5000036586034184
55664,0.5000036586034184
55665,0.5000036586034184
55666,0.500716950893306
55667,0.5000036586034184
55668,0.5000036586034184
55669,0.5000036586034184
55670,0.5000036586034184
55671,0.5000036586034184
55672,0.5000036586034184
55673,0.500716950893306
55674,0.5000036586034184
55675,0.5000036586034184
55676,0.5000036586034184
55677,0.5000036586034184
55678,0.5000036586034184
55679,0.500716950893306
55680,0.500716950893306
55681,0.5000036586034184
55682,0.500716950893306
55683,0.5000036586034184
55684,0.5000036586034184
55685,0.5000036586034184
55686,0.5000036586034184
55687,0.4996001527158275
55688,0.5000036586034184
55689,0.5000036586034184
55690,0.5000036586034184
55691,0.5000036586034184
55692,0.5000036586034184
55693,0.5000036586034184
55694,0.5000036586034184
55695,0.500716950893306
55696,0.500716950893306
55697,0.5000036586034184
55698,0.5000036586034184
55699,0.5000036586034184
55700,0.5000036586034184
55701,0.5000036586034184
55702,0.5000036586034184
55703,0.500716950893306
55704,0.500716950893306
55705,0.5000036586034184
55706,0.500716950893306
55707,0.5000036586034184
55708,0.500716950893306
55709,0.5000036586034184
55710,0.5000036586034184
55711,0.5000036586034184
55712,0.5000036586034184
55713,0.500716950893306
55714,0.5000036586034184
55715,0.5000036586034184
55716,0.5000036586034184
55717,0.5000036586034184
55718,0.5000036586034184
55719,0.500716950893306
55720,0.5000036586034184
55721,0.5000036586034184
55722,0.5000036586034184
55723,0.5000036586034184
55724,0.5000036586034184
55725,0.5000036586034184
55726,0.5000036586034184
55727,0.5000036586034184
55728,0.5000036586034184
55729,0.5000036586034184
55730,0.5000036586034184
55731,0.5000036586034184
55732,0.5000036586034184
55733,0.500716950893306
55734,0.5000036586034184
55735,0.5000036586034184
55736,0.5000036586034184
55737,0.5000036586034184
55738,0.5000036586034184
55739,0.5000036586034184
55740,0.5000036586034184
55741,0.5000036586034184
55742,0.5000036586034184
55743,0.5000036586034184
55744,0.5000036586034184
55745,0.5000036586034184
55746,0.5000036586034184
55747,0.5000036586034184
55748,0.5000036586034184
55749,0.4996001527158275
55750,0.500716950893306
55751,0.5000036586034184
55752,0.5000036586034184
55753,0.5000036586034184
55754,0.5000036586034184
55755,0.5000036586034184
55756,0.500716950893306
55757,0.5000036586034184
55758,0.5000036586034184
55759,0.5000036586034184
55760,0.5000036586034184
55761,0.5000036586034184
55762,0.5000036586034184
55763,0.500716950893306
55764,0.5000036586034184
55765,0.500716950893306
55766,0.5000036586034184
55767,0.4996001527158275
55768,0.5000036586034184
55769,0.5000036586034184
55770,0.500716950893306
55771,0.5000036586034184
55772,0.5000036586034184
55773,0.5000036586034184
55774,0.5000036586034184
55775,0.500716950893306
55776,0.4996001527158275
55777,0.5000036586034184
55778,0.5000036586034184
55779,0.5000036586034184
55780,0.5000036586034184
55781,0.5000036586034184
55782,0.5000036586034184
55783,0.5000036586034184
55784,0.5000036586034184
55785,0.500716950893306
55786,0.5000036586034184
55787,0.5000036586034184
55788,0.5000036586034184
55789,0.5000036586034184
55790,0.5000036586034184
55791,0.5000036586034184
55792,0.5000036586034184
55793,0.5000036586034184
55794,0.500716950893306
55795,0.500716950893306
55796,0.5000036586034184
55797,0.500716950893306
55798,0.5000036586034184
55799,0.5000036586034184
55800,0.500716950893306
55801,0.5000036586034184
55802,0.5000036586034184
55803,0.500716950893306
55804,0.5000036586034184
55805,0.5000036586034184
55806,0.5000036586034184
55807,0.4996001527158275
55808,0.5000036586034184
55809,0.5000036586034184
55810,0.4996001527158275
55811,0.500716950893306
55812,0.5000036586034184
55813,0.5000036586034184
55814,0.5000036586034184
55815,0.4996001527158275
55816,0.5000036586034184
55817,0.5000036586034184
55818,0.5000036586034184
55819,0.500716950893306
55820,0.4996001527158275
55821,0.5000036586034184
55822,0.5000036586034184
55823,0.5000036586034184
55824,0.5000036586034184
55825,0.5000036586034184
55826,0.5000036586034184
55827,0.5000036586034184
55828,0.5000036586034184
55829,0.5000036586034184
55830,0.5000036586034184
55831,0.5000036586034184
55832,0.5000036586034184
55833,0.5000036586034184
55834,0.5000036586034184
55835,0.5000036586034184
55836,0.5000036586034184
55837,0.5000036586034184
55838,0.5000036586034184
55839,0.5000036586034184
55840,0.5000036586034184
55841,0.5000036586034184
55842,0.5000036586034184
55843,0.5000036586034184
55844,0.5000036586034184
55845,0.5000036586034184
55846,0.5000036586034184
55847,0.5000036586034184
55848,0.5000036586034184
55849,0.5000036586034184
55850,0.5000036586034184
55851,0.5000036586034184
55852,0.5000036586034184
55853,0.5000036586034184
55854,0.5000036586034184
55855,0.5000036586034184
55856,0.5000036586034184
55857,0.500716950893306
55858,0.5000036586034184
55859,0.5000036586034184
55860,0.5000036586034184
55861,0.5000036586034184
55862,0.5000036586034184
55863,0.5000036586034184
55864,0.5000036586034184
55865,0.500716950893306
55866,0.5000036586034184
55867,0.5000036586034184
55868,0.5000036586034184
55869,0.5000036586034184
55870,0.5000036586034184
55871,0.5000036586034184
55872,0.5000036586034184
55873,0.5000036586034184
55874,0.5000036586034184
55875,0.5000036586034184
55876,0.5000036586034184
55877,0.5000036586034184
55878,0.5000036586034184
55879,0.5000036586034184
55880,0.500716950893306
55881,0.5000036586034184
55882,0.5000036586034184
55883,0.5000036586034184
55884,0.5000036586034184
55885,0.4996001527158275
55886,0.5000036586034184
55887,0.500716950893306
55888,0.5000036586034184
55889,0.5000036586034184
55890,0.5000036586034184
55891,0.5000036586034184
55892,0.5000036586034184
55893,0.5000036586034184
55894,0.5000036586034184
55895,0.500716950893306
55896,0.5000036586034184
55897,0.5000036586034184
55898,0.5000036586034184
55899,0.5000036586034184
55900,0.5000036586034184
55901,0.5000036586034184
55902,0.5000036586034184
55903,0.5000036586034184
55904,0.5000036586034184
55905,0.5000036586034184
55906,0.5000036586034184
55907,0.5000036586034184
55908,0.5000036586034184
55909,0.5000036586034184
55910,0.5000036586034184
55911,0.5000036586034184
55912,0.5000036586034184
55913,0.5000036586034184
55914,0.5000036586034184
55915,0.5000036586034184
55916,0.5000036586034184
55917,0.500716950893306
55918,0.5000036586034184
55919,0.5000036586034184
55920,0.5000036586034184
55921,0.5000036586034184
55922,0.5000036586034184
55923,0.5000036586034184
55924,0.4996001527158275
55925,0.500716950893306
55926,0.5000036586034184
55927,0.5000036586034184
55928,0.5000036586034184
55929,0.5000036586034184
55930,0.5000036586034184
55931,0.500716950893306
55932,0.4996001527158275
55933,0.5000036586034184
55934,0.5000036586034184
55935,0.5000036586034184
55936,0.5000036586034184
55937,0.5000036586034184
55938,0.500716950893306
55939,0.5000036586034184
55940,0.5000036586034184
55941,0.5000036586034184
55942,0.5000036586034184
55943,0.5000036586034184
55944,0.500716950893306
55945,0.5000036586034184
55946,0.5000036586034184
55947,0.5000036586034184
55948,0.500716950893306
55949,0.5000036586034184
55950,0.500716950893306
55951,0.5000036586034184
55952,0.5000036586034184
55953,0.5000036586034184
55954,0.5000036586034184
55955,0.5000036586034184
55956,0.5000036586034184
55957,0.5000036586034184
55958,0.5000036586034184
55959,0.5000036586034184
55960,0.5000036586034184
55961,0.5000036586034184
55962,0.5000036586034184
55963,0.5000036586034184
55964,0.500716950893306
55965,0.5000036586034184
55966,0.5000036586034184
55967,0.5000036586034184
55968,0.5000036586034184
55969,0.5000036586034184
55970,0.5000036586034184
55971,0.5000036586034184
55972,0.5000036586034184
55973,0.5000036586034184
55974,0.500716950893306
55975,0.5000036586034184
55976,0.5000036586034184
55977,0.5000036586034184
55978,0.5000036586034184
55979,0.5000036586034184
55980,0.4996001527158275
55981,0.5000036586034184
55982,0.4996001527158275
55983,0.5000036586034184
55984,0.4996001527158275
55985,0.5000036586034184
55986,0.5000036586034184
55987,0.5000036586034184
55988,0.5000036586034184
55989,0.500716950893306
55990,0.5000036586034184
55991,0.5000036586034184
55992,0.5000036586034184
55993,0.5000036586034184
55994,0.5000036586034184
55995,0.5000036586034184
55996,0.5000036586034184
55997,0.5000036586034184
55998,0.5000036586034184
55999,0.5000036586034184
56000,0.5000036586034184
56001,0.500716950893306
56002,0.5000036586034184
56003,0.5000036586034184
56004,0.500716950893306
56005,0.500716950893306
56006,0.5000036586034184
56007,0.5000036586034184
56008,0.5000036586034184
56009,0.5000036586034184
56010,0.5000036586034184
56011,0.5000036586034184
56012,0.5000036586034184
56013,0.5000036586034184
56014,0.5000036586034184
56015,0.5000036586034184
56016,0.5000036586034184
56017,0.5000036586034184
56018,0.5000036586034184
56019,0.500716950893306
56020,0.5000036586034184
56021,0.5000036586034184
56022,0.500716950893306
56023,0.5000036586034184
56024,0.5000036586034184
56025,0.4996001527158275
56026,0.5000036586034184
56027,0.5000036586034184
56028,0.5000036586034184
56029,0.5000036586034184
56030,0.5000036586034184
56031,0.500716950893306
56032,0.5000036586034184
56033,0.5000036586034184
56034,0.5000036586034184
56035,0.5000036586034184
56036,0.5000036586034184
56037,0.5000036586034184
56038,0.5000036586034184
56039,0.5000036586034184
56040,0.5000036586034184
56041,0.500716950893306
56042,0.5000036586034184
56043,0.5000036586034184
56044,0.5000036586034184
56045,0.5000036586034184
56046,0.5000036586034184
56047,0.5000036586034184
56048,0.5000036586034184
56049,0.500716950893306
56050,0.5000036586034184
56051,0.5000036586034184
56052,0.5000036586034184
56053,0.500716950893306
56054,0.5000036586034184
56055,0.5000036586034184
56056,0.5000036586034184
56057,0.5000036586034184
56058,0.500716950893306
56059,0.5000036586034184
56060,0.500716950893306
56061,0.5000036586034184
56062,0.5000036586034184
56063,0.5000036586034184
56064,0.5000036586034184
56065,0.5000036586034184
56066,0.5000036586034184
56067,0.500716950893306
56068,0.500716950893306
56069,0.5000036586034184
56070,0.4996001527158275
56071,0.5000036586034184
56072,0.500716950893306
56073,0.5000036586034184
56074,0.5000036586034184
56075,0.4996001527158275
56076,0.5000036586034184
56077,0.5000036586034184
56078,0.5000036586034184
56079,0.5000036586034184
56080,0.5000036586034184
56081,0.500716950893306
56082,0.5000036586034184
56083,0.5000036586034184
56084,0.5000036586034184
56085,0.5000036586034184
56086,0.5000036586034184
56087,0.5000036586034184
56088,0.5000036586034184
56089,0.5000036586034184
56090,0.5000036586034184
56091,0.5000036586034184
56092,0.5000036586034184
56093,0.5000036586034184
56094,0.5000036586034184
56095,0.500716950893306
56096,0.5000036586034184
56097,0.5000036586034184
56098,0.5000036586034184
56099,0.5000036586034184
56100,0.500716950893306
56101,0.5000036586034184
56102,0.5000036586034184
56103,0.5000036586034184
56104,0.500716950893306
56105,0.5000036586034184
56106,0.5000036586034184
56107,0.5000036586034184
56108,0.5000036586034184
56109,0.5000036586034184
56110,0.5000036586034184
56111,0.5000036586034184
56112,0.5000036586034184
56113,0.5000036586034184
56114,0.5000036586034184
56115,0.500716950893306
56116,0.500716950893306
56117,0.500716950893306
56118,0.5000036586034184
56119,0.5000036586034184
56120,0.5000036586034184
56121,0.5000036586034184
56122,0.5000036586034184
56123,0.5000036586034184
56124,0.5000036586034184
56125,0.5000036586034184
56126,0.5000036586034184
56127,0.5000036586034184
56128,0.5000036586034184
56129,0.500716950893306
56130,0.5000036586034184
56131,0.5000036586034184
56132,0.5000036586034184
56133,0.500716950893306
56134,0.5000036586034184
56135,0.500716950893306
56136,0.5000036586034184
56137,0.500716950893306
56138,0.5000036586034184
56139,0.5000036586034184
56140,0.5000036586034184
56141,0.5000036586034184
56142,0.5000036586034184
56143,0.5000036586034184
56144,0.5000036586034184
56145,0.4996001527158275
56146,0.5000036586034184
56147,0.5000036586034184
56148,0.5000036586034184
56149,0.5000036586034184
56150,0.500716950893306
56151,0.5000036586034184
56152,0.5000036586034184
56153,0.5000036586034184
56154,0.5000036586034184
56155,0.5000036586034184
56156,0.5000036586034184
56157,0.5000036586034184
56158,0.5000036586034184
56159,0.5000036586034184
56160,0.5000036586034184
56161,0.5000036586034184
56162,0.5000036586034184
56163,0.500716950893306
56164,0.5000036586034184
56165,0.5000036586034184
56166,0.5000036586034184
56167,0.5000036586034184
56168,0.5000036586034184
56169,0.5000036586034184
56170,0.5000036586034184
56171,0.5000036586034184
56172,0.5000036586034184
56173,0.5000036586034184
56174,0.5000036586034184
56175,0.5000036586034184
56176,0.5000036586034184
56177,0.5000036586034184
56178,0.500716950893306
56179,0.5000036586034184
56180,0.5000036586034184
56181,0.5000036586034184
56182,0.5000036586034184
56183,0.5000036586034184
56184,0.5000036586034184
56185,0.5000036586034184
56186,0.500716950893306
56187,0.5000036586034184
56188,0.5000036586034184
56189,0.5000036586034184
56190,0.5000036586034184
56191,0.5000036586034184
56192,0.500716950893306
56193,0.5000036586034184
56194,0.5000036586034184
56195,0.4996001527158275
56196,0.5000036586034184
56197,0.5000036586034184
56198,0.5000036586034184
56199,0.5000036586034184
56200,0.5000036586034184
56201,0.5000036586034184
56202,0.500716950893306
56203,0.500716950893306
56204,0.500716950893306
56205,0.5000036586034184
56206,0.5000036586034184
56207,0.500716950893306
56208,0.5000036586034184
56209,0.500716950893306
56210,0.500716950893306
56211,0.5000036586034184
56212,0.5000036586034184
56213,0.5000036586034184
56214,0.4996001527158275
56215,0.5000036586034184
56216,0.5000036586034184
56217,0.5000036586034184
56218,0.5000036586034184
56219,0.5000036586034184
56220,0.5000036586034184
56221,0.500716950893306
56222,0.5000036586034184
56223,0.5000036586034184
56224,0.5000036586034184
56225,0.5000036586034184
56226,0.5000036586034184
56227,0.5000036586034184
56228,0.5000036586034184
56229,0.5000036586034184
56230,0.5000036586034184
56231,0.5000036586034184
56232,0.5000036586034184
56233,0.5000036586034184
56234,0.5000036586034184
56235,0.5000036586034184
56236,0.5000036586034184
56237,0.500716950893306
56238,0.5000036586034184
56239,0.5000036586034184
56240,0.5000036586034184
56241,0.5000036586034184
56242,0.500716950893306
56243,0.5000036586034184
56244,0.5000036586034184
56245,0.5000036586034184
56246,0.4996001527158275
56247,0.5000036586034184
56248,0.5000036586034184
56249,0.5000036586034184
56250,0.5000036586034184
56251,0.5000036586034184
56252,0.500716950893306
56253,0.5000036586034184
56254,0.5000036586034184
56255,0.5000036586034184
56256,0.5000036586034184
56257,0.5000036586034184
56258,0.5000036586034184
56259,0.5000036586034184
56260,0.5000036586034184
56261,0.500716950893306
56262,0.5000036586034184
56263,0.500716950893306
56264,0.5000036586034184
56265,0.5000036586034184
56266,0.5000036586034184
56267,0.5000036586034184
56268,0.4996001527158275
56269,0.500716950893306
56270,0.5000036586034184
56271,0.5000036586034184
56272,0.5000036586034184
56273,0.5000036586034184
56274,0.5000036586034184
56275,0.5000036586034184
56276,0.500716950893306
56277,0.5000036586034184
56278,0.5000036586034184
56279,0.5000036586034184
56280,0.5000036586034184
56281,0.5000036586034184
56282,0.5000036586034184
56283,0.5000036586034184
56284,0.5000036586034184
56285,0.5000036586034184
56286,0.5000036586034184
56287,0.5000036586034184
56288,0.5000036586034184
56289,0.5000036586034184
56290,0.5000036586034184
56291,0.5000036586034184
56292,0.5000036586034184
56293,0.5000036586034184
56294,0.5000036586034184
56295,0.5000036586034184
56296,0.5000036586034184
56297,0.5000036586034184
56298,0.5000036586034184
56299,0.5000036586034184
56300,0.5000036586034184
56301,0.5000036586034184
56302,0.5000036586034184
56303,0.500716950893306
56304,0.5000036586034184
56305,0.5000036586034184
56306,0.5000036586034184
56307,0.500716950893306
56308,0.5000036586034184
56309,0.5000036586034184
56310,0.5000036586034184
56311,0.5000036586034184
56312,0.5000036586034184
56313,0.5000036586034184
56314,0.5000036586034184
56315,0.500716950893306
56316,0.5000036586034184
56317,0.500716950893306
56318,0.5000036586034184
56319,0.5000036586034184
56320,0.5000036586034184
56321,0.5000036586034184
56322,0.5000036586034184
56323,0.5000036586034184
56324,0.5000036586034184
56325,0.5000036586034184
56326,0.5000036586034184
56327,0.5000036586034184
56328,0.500716950893306
56329,0.5000036586034184
56330,0.5000036586034184
56331,0.5000036586034184
56332,0.5000036586034184
56333,0.500716950893306
56334,0.5000036586034184
56335,0.5000036586034184
56336,0.5000036586034184
56337,0.5000036586034184
56338,0.5000036586034184
56339,0.5000036586034184
56340,0.5000036586034184
56341,0.5000036586034184
56342,0.5000036586034184
56343,0.5000036586034184
56344,0.5000036586034184
56345,0.500716950893306
56346,0.5000036586034184
56347,0.4996001527158275
56348,0.5000036586034184
56349,0.5000036586034184
56350,0.5000036586034184
56351,0.5000036586034184
56352,0.5000036586034184
56353,0.5000036586034184
56354,0.5000036586034184
56355,0.5000036586034184
56356,0.5000036586034184
56357,0.5000036586034184
56358,0.5000036586034184
56359,0.5000036586034184
56360,0.500716950893306
56361,0.5000036586034184
56362,0.5000036586034184
56363,0.5000036586034184
56364,0.500716950893306
56365,0.5000036586034184
56366,0.5000036586034184
56367,0.5000036586034184
56368,0.5000036586034184
56369,0.5000036586034184
56370,0.500716950893306
56371,0.5000036586034184
56372,0.5000036586034184
56373,0.5000036586034184
56374,0.5000036586034184
56375,0.500716950893306
56376,0.5000036586034184
56377,0.5000036586034184
56378,0.5000036586034184
56379,0.5000036586034184
56380,0.5000036586034184
56381,0.5000036586034184
56382,0.4996001527158275
56383,0.5000036586034184
56384,0.500716950893306
56385,0.5000036586034184
56386,0.5000036586034184
56387,0.500716950893306
56388,0.5000036586034184
56389,0.5000036586034184
56390,0.5000036586034184
56391,0.5000036586034184
56392,0.5000036586034184
56393,0.5000036586034184
56394,0.5000036586034184
56395,0.5000036586034184
56396,0.5000036586034184
56397,0.5000036586034184
56398,0.5000036586034184
56399,0.5000036586034184
56400,0.5000036586034184
56401,0.5000036586034184
56402,0.5000036586034184
56403,0.5000036586034184
56404,0.500716950893306
56405,0.4996001527158275
56406,0.5000036586034184
56407,0.5000036586034184
56408,0.5000036586034184
56409,0.5000036586034184
56410,0.5000036586034184
56411,0.5000036586034184
56412,0.5000036586034184
56413,0.5000036586034184
56414,0.5000036586034184
56415,0.5000036586034184
56416,0.5000036586034184
56417,0.5000036586034184
56418,0.5000036586034184
56419,0.500716950893306
56420,0.5000036586034184
56421,0.5000036586034184
56422,0.5000036586034184
56423,0.5000036586034184
56424,0.5000036586034184
56425,0.5000036586034184
56426,0.5000036586034184
56427,0.5000036586034184
56428,0.5000036586034184
56429,0.5000036586034184
56430,0.5000036586034184
56431,0.500716950893306
56432,0.5000036586034184
56433,0.5000036586034184
56434,0.5000036586034184
56435,0.5000036586034184
56436,0.500716950893306
56437,0.5000036586034184
56438,0.5000036586034184
56439,0.4996001527158275
56440,0.5000036586034184
56441,0.5000036586034184
56442,0.5000036586034184
56443,0.5000036586034184
56444,0.5000036586034184
56445,0.5000036586034184
56446,0.5000036586034184
56447,0.5000036586034184
56448,0.5000036586034184
56449,0.5000036586034184
56450,0.5000036586034184
56451,0.5000036586034184
56452,0.5000036586034184
56453,0.500716950893306
56454,0.5000036586034184
56455,0.5000036586034184
56456,0.5000036586034184
56457,0.5000036586034184
56458,0.5000036586034184
56459,0.5000036586034184
56460,0.5000036586034184
56461,0.5000036586034184
56462,0.500716950893306
56463,0.4996001527158275
56464,0.5000036586034184
56465,0.500716950893306
56466,0.5000036586034184
56467,0.5000036586034184
56468,0.5000036586034184
56469,0.5000036586034184
56470,0.5000036586034184
56471,0.5000036586034184
56472,0.5000036586034184
56473,0.5000036586034184
56474,0.5000036586034184
56475,0.4996001527158275
56476,0.4996001527158275
56477,0.5000036586034184
56478,0.5000036586034184
56479,0.5000036586034184
56480,0.5000036586034184
56481,0.5000036586034184
56482,0.500716950893306
56483,0.500716950893306
56484,0.5000036586034184
56485,0.5000036586034184
56486,0.5000036586034184
56487,0.5000036586034184
56488,0.5000036586034184
56489,0.5000036586034184
56490,0.5000036586034184
56491,0.5000036586034184
56492,0.5000036586034184
56493,0.5000036586034184
56494,0.500716950893306
56495,0.5000036586034184
56496,0.5000036586034184
56497,0.5000036586034184
56498,0.5000036586034184
56499,0.5000036586034184
56500,0.5000036586034184
56501,0.5000036586034184
56502,0.5000036586034184
56503,0.5000036586034184
56504,0.5000036586034184
56505,0.5000036586034184
56506,0.5000036586034184
56507,0.500716950893306
56508,0.5000036586034184
56509,0.5000036586034184
56510,0.5000036586034184
56511,0.5000036586034184
56512,0.5000036586034184
56513,0.5000036586034184
56514,0.5000036586034184
56515,0.5000036586034184
56516,0.500716950893306
56517,0.500716950893306
56518,0.5000036586034184
56519,0.5000036586034184
56520,0.5000036586034184
56521,0.5000036586034184
56522,0.5000036586034184
56523,0.4996001527158275
56524,0.5000036586034184
56525,0.5000036586034184
56526,0.4996001527158275
56527,0.5000036586034184
56528,0.500716950893306
56529,0.5000036586034184
56530,0.500716950893306
56531,0.500716950893306
56532,0.5000036586034184
56533,0.5000036586034184
56534,0.5000036586034184
56535,0.5000036586034184
56536,0.500716950893306
56537,0.5000036586034184
56538,0.5000036586034184
56539,0.5000036586034184
56540,0.5000036586034184
56541,0.5000036586034184
56542,0.5000036586034184
56543,0.5000036586034184
56544,0.5000036586034184
56545,0.5000036586034184
56546,0.500716950893306
56547,0.5000036586034184
56548,0.500716950893306
56549,0.5000036586034184
56550,0.500716950893306
56551,0.5000036586034184
56552,0.5000036586034184
56553,0.5000036586034184
56554,0.5000036586034184
56555,0.500716950893306
56556,0.500716950893306
56557,0.500716950893306
56558,0.5000036586034184
56559,0.5000036586034184
56560,0.5000036586034184
56561,0.5000036586034184
56562,0.5000036586034184
56563,0.5000036586034184
56564,0.5000036586034184
56565,0.5000036586034184
56566,0.5000036586034184
56567,0.5000036586034184
56568,0.5000036586034184
56569,0.5000036586034184
56570,0.5000036586034184
56571,0.500716950893306
56572,0.5000036586034184
56573,0.500716950893306
56574,0.5000036586034184
56575,0.5000036586034184
56576,0.5000036586034184
56577,0.5000036586034184
56578,0.500716950893306
56579,0.5000036586034184
56580,0.5000036586034184
56581,0.5000036586034184
56582,0.5000036586034184
56583,0.500716950893306
56584,0.4996001527158275
56585,0.5000036586034184
56586,0.5000036586034184
56587,0.5000036586034184
56588,0.500716950893306
56589,0.5000036586034184
56590,0.5000036586034184
56591,0.5000036586034184
56592,0.5000036586034184
56593,0.5000036586034184
56594,0.5000036586034184
56595,0.5000036586034184
56596,0.5000036586034184
56597,0.5000036586034184
56598,0.4996001527158275
56599,0.5000036586034184
56600,0.5000036586034184
56601,0.5000036586034184
56602,0.5000036586034184
56603,0.5000036586034184
56604,0.5000036586034184
56605,0.5000036586034184
56606,0.5000036586034184
56607,0.5000036586034184
56608,0.5000036586034184
56609,0.5000036586034184
56610,0.5000036586034184
56611,0.5000036586034184
56612,0.5000036586034184
56613,0.5000036586034184
56614,0.5000036586034184
56615,0.5000036586034184
56616,0.5000036586034184
56617,0.5000036586034184
56618,0.5000036586034184
56619,0.500716950893306
56620,0.500716950893306
56621,0.5000036586034184
56622,0.5000036586034184
56623,0.5000036586034184
56624,0.5000036586034184
56625,0.500716950893306
56626,0.5000036586034184
56627,0.5000036586034184
56628,0.5000036586034184
56629,0.4996001527158275
56630,0.5000036586034184
56631,0.5000036586034184
56632,0.5000036586034184
56633,0.5000036586034184
56634,0.5000036586034184
56635,0.500716950893306
56636,0.5000036586034184
56637,0.5000036586034184
56638,0.5000036586034184
56639,0.5000036586034184
56640,0.5000036586034184
56641,0.5000036586034184
56642,0.5000036586034184
56643,0.5000036586034184
56644,0.500716950893306
56645,0.500716950893306
56646,0.5000036586034184
56647,0.5000036586034184
56648,0.5000036586034184
56649,0.500716950893306
56650,0.5000036586034184
56651,0.4996001527158275
56652,0.5000036586034184
56653,0.5000036586034184
56654,0.5000036586034184
56655,0.4996001527158275
56656,0.5000036586034184
56657,0.500716950893306
56658,0.5000036586034184
56659,0.5000036586034184
56660,0.500716950893306
56661,0.5000036586034184
56662,0.5000036586034184
56663,0.5000036586034184
56664,0.5000036586034184
56665,0.5000036586034184
56666,0.5000036586034184
56667,0.5000036586034184
56668,0.5000036586034184
56669,0.5000036586034184
56670,0.5000036586034184
56671,0.5000036586034184
56672,0.5000036586034184
56673,0.5000036586034184
56674,0.5000036586034184
56675,0.5000036586034184
56676,0.5000036586034184
56677,0.5000036586034184
56678,0.5000036586034184
56679,0.5000036586034184
56680,0.5000036586034184
56681,0.500716950893306
56682,0.500716950893306
56683,0.5000036586034184
56684,0.5000036586034184
56685,0.5000036586034184
56686,0.5000036586034184
56687,0.5000036586034184
56688,0.500716950893306
56689,0.5000036586034184
56690,0.500716950893306
56691,0.5000036586034184
56692,0.5000036586034184
56693,0.5000036586034184
56694,0.5000036586034184
56695,0.5000036586034184
56696,0.500716950893306
56697,0.5000036586034184
56698,0.500716950893306
56699,0.500716950893306
56700,0.5000036586034184
56701,0.5000036586034184
56702,0.5000036586034184
56703,0.500716950893306
56704,0.5000036586034184
56705,0.500716950893306
56706,0.5000036586034184
56707,0.500716950893306
56708,0.5000036586034184
56709,0.5000036586034184
56710,0.5000036586034184
56711,0.5000036586034184
56712,0.5000036586034184
56713,0.5000036586034184
56714,0.5000036586034184
56715,0.5000036586034184
56716,0.5000036586034184
56717,0.5000036586034184
56718,0.5000036586034184
56719,0.500716950893306
56720,0.5000036586034184
56721,0.4996001527158275
56722,0.5000036586034184
56723,0.5000036586034184
56724,0.500716950893306
56725,0.500716950893306
56726,0.500716950893306
56727,0.5000036586034184
56728,0.5000036586034184
56729,0.500716950893306
56730,0.500716950893306
56731,0.5000036586034184
56732,0.5000036586034184
56733,0.5000036586034184
56734,0.5000036586034184
56735,0.5000036586034184
56736,0.5000036586034184
56737,0.5000036586034184
56738,0.5000036586034184
56739,0.5000036586034184
56740,0.5000036586034184
56741,0.5000036586034184
56742,0.5000036586034184
56743,0.500716950893306
56744,0.5000036586034184
56745,0.500716950893306
56746,0.5000036586034184
56747,0.5000036586034184
56748,0.5000036586034184
56749,0.5000036586034184
56750,0.5000036586034184
56751,0.5000036586034184
56752,0.500716950893306
56753,0.5000036586034184
56754,0.5000036586034184
56755,0.5000036586034184
56756,0.5000036586034184
56757,0.5000036586034184
56758,0.500716950893306
56759,0.5000036586034184
56760,0.5000036586034184
56761,0.5000036586034184
56762,0.5000036586034184
56763,0.4996001527158275
56764,0.5000036586034184
56765,0.500716950893306
56766,0.5000036586034184
56767,0.5000036586034184
56768,0.5000036586034184
56769,0.500716950893306
56770,0.5000036586034184
56771,0.5000036586034184
56772,0.5000036586034184
56773,0.5000036586034184
56774,0.5000036586034184
56775,0.5000036586034184
56776,0.5000036586034184
56777,0.5000036586034184
56778,0.5000036586034184
56779,0.500716950893306
56780,0.5000036586034184
56781,0.5000036586034184
56782,0.5000036586034184
56783,0.500716950893306
56784,0.5000036586034184
56785,0.5000036586034184
56786,0.5000036586034184
56787,0.500716950893306
56788,0.500716950893306
56789,0.5000036586034184
56790,0.5000036586034184
56791,0.5000036586034184
56792,0.5000036586034184
56793,0.5000036586034184
56794,0.5000036586034184
56795,0.500716950893306
56796,0.5000036586034184
56797,0.5000036586034184
56798,0.5000036586034184
56799,0.500716950893306
56800,0.4996001527158275
56801,0.5000036586034184
56802,0.500716950893306
56803,0.5000036586034184
56804,0.5000036586034184
56805,0.5000036586034184
56806,0.5000036586034184
56807,0.5000036586034184
56808,0.500716950893306
56809,0.500716950893306
56810,0.5000036586034184
56811,0.5000036586034184
56812,0.500716950893306
56813,0.5000036586034184
56814,0.4996001527158275
56815,0.5000036586034184
56816,0.5000036586034184
56817,0.5000036586034184
56818,0.5000036586034184
56819,0.5000036586034184
56820,0.500716950893306
56821,0.5000036586034184
56822,0.5000036586034184
56823,0.5000036586034184
56824,0.5000036586034184
56825,0.5000036586034184
56826,0.5000036586034184
56827,0.5000036586034184
56828,0.5000036586034184
56829,0.5000036586034184
56830,0.5000036586034184
56831,0.500716950893306
56832,0.5000036586034184
56833,0.5000036586034184
56834,0.500716950893306
56835,0.5000036586034184
56836,0.5000036586034184
56837,0.5000036586034184
56838,0.500716950893306
56839,0.500716950893306
56840,0.5000036586034184
56841,0.5000036586034184
56842,0.5000036586034184
56843,0.5000036586034184
56844,0.5000036586034184
56845,0.5000036586034184
56846,0.5000036586034184
56847,0.5000036586034184
56848,0.500716950893306
56849,0.500716950893306
56850,0.5000036586034184
56851,0.5000036586034184
56852,0.5000036586034184
56853,0.5000036586034184
56854,0.5000036586034184
56855,0.5000036586034184
56856,0.5000036586034184
56857,0.5000036586034184
56858,0.5000036586034184
56859,0.5000036586034184
56860,0.5000036586034184
56861,0.500716950893306
56862,0.500716950893306
56863,0.5000036586034184
56864,0.5000036586034184
56865,0.5000036586034184
56866,0.500716950893306
56867,0.5000036586034184
56868,0.5000036586034184
56869,0.5000036586034184
56870,0.5000036586034184
56871,0.5000036586034184
56872,0.500716950893306
56873,0.5000036586034184
56874,0.5000036586034184
56875,0.5000036586034184
56876,0.5000036586034184
56877,0.5000036586034184
56878,0.5000036586034184
56879,0.500716950893306
56880,0.5000036586034184
56881,0.5000036586034184
56882,0.5000036586034184
56883,0.5000036586034184
56884,0.5000036586034184
56885,0.5000036586034184
56886,0.5000036586034184
56887,0.5000036586034184
56888,0.5000036586034184
56889,0.4996001527158275
56890,0.500716950893306
56891,0.5000036586034184
56892,0.4996001527158275
56893,0.5000036586034184
56894,0.500716950893306
56895,0.500716950893306
56896,0.500716950893306
56897,0.500716950893306
56898,0.500716950893306
56899,0.5000036586034184
56900,0.5000036586034184
56901,0.500716950893306
56902,0.5000036586034184
56903,0.500716950893306
56904,0.5000036586034184
56905,0.5000036586034184
56906,0.5000036586034184
56907,0.5000036586034184
56908,0.5000036586034184
56909,0.5000036586034184
56910,0.5000036586034184
56911,0.4996001527158275
56912,0.4996001527158275
56913,0.5000036586034184
56914,0.500716950893306
56915,0.5000036586034184
56916,0.5000036586034184
56917,0.5000036586034184
56918,0.5000036586034184
56919,0.5000036586034184
56920,0.5000036586034184
56921,0.5000036586034184
56922,0.500716950893306
56923,0.5000036586034184
56924,0.5000036586034184
56925,0.5000036586034184
56926,0.500716950893306
56927,0.5000036586034184
56928,0.5000036586034184
56929,0.5000036586034184
56930,0.5000036586034184
56931,0.500716950893306
56932,0.5000036586034184
56933,0.5000036586034184
56934,0.500716950893306
56935,0.500716950893306
56936,0.5000036586034184
56937,0.5000036586034184
56938,0.4996001527158275
56939,0.5000036586034184
56940,0.5000036586034184
56941,0.500716950893306
56942,0.5000036586034184
56943,0.5000036586034184
56944,0.5000036586034184
56945,0.5000036586034184
56946,0.5000036586034184
56947,0.5000036586034184
56948,0.5000036586034184
56949,0.5000036586034184
56950,0.500716950893306
56951,0.5000036586034184
56952,0.500716950893306
56953,0.5000036586034184
56954,0.500716950893306
56955,0.5000036586034184
56956,0.5000036586034184
56957,0.500716950893306
56958,0.5000036586034184
56959,0.5000036586034184
56960,0.5000036586034184
56961,0.4996001527158275
56962,0.5000036586034184
56963,0.5000036586034184
56964,0.5000036586034184
56965,0.5000036586034184
56966,0.5000036586034184
56967,0.5000036586034184
56968,0.5000036586034184
56969,0.5000036586034184
56970,0.5000036586034184
56971,0.5000036586034184
56972,0.500716950893306
56973,0.5000036586034184
56974,0.5000036586034184
56975,0.5000036586034184
56976,0.5000036586034184
56977,0.5000036586034184
56978,0.500716950893306
56979,0.5000036586034184
56980,0.5000036586034184
56981,0.5000036586034184
56982,0.5000036586034184
56983,0.5000036586034184
56984,0.5000036586034184
56985,0.500716950893306
56986,0.5000036586034184
56987,0.5000036586034184
56988,0.5000036586034184
56989,0.5000036586034184
56990,0.500716950893306
56991,0.5000036586034184
56992,0.500716950893306
56993,0.5000036586034184
56994,0.5000036586034184
56995,0.5000036586034184
56996,0.5000036586034184
56997,0.5000036586034184
56998,0.5000036586034184
56999,0.5000036586034184
57000,0.5000036586034184
57001,0.500716950893306
57002,0.5000036586034184
57003,0.5000036586034184
57004,0.5000036586034184
57005,0.5000036586034184
57006,0.5000036586034184
57007,0.500716950893306
57008,0.5000036586034184
57009,0.5000036586034184
57010,0.5000036586034184
57011,0.5000036586034184
57012,0.5000036586034184
57013,0.5000036586034184
57014,0.500716950893306
57015,0.5000036586034184
57016,0.5000036586034184
57017,0.5000036586034184
57018,0.500716950893306
57019,0.5000036586034184
57020,0.5000036586034184
57021,0.5000036586034184
57022,0.5000036586034184
57023,0.5000036586034184
57024,0.5000036586034184
57025,0.5000036586034184
57026,0.5000036586034184
57027,0.5000036586034184
57028,0.500716950893306
57029,0.5000036586034184
57030,0.5000036586034184
57031,0.500716950893306
57032,0.5000036586034184
57033,0.5000036586034184
57034,0.5000036586034184
57035,0.5000036586034184
57036,0.500716950893306
57037,0.5000036586034184
57038,0.5000036586034184
57039,0.5000036586034184
57040,0.5000036586034184
57041,0.5000036586034184
57042,0.5000036586034184
57043,0.5000036586034184
57044,0.5000036586034184
57045,0.5000036586034184
57046,0.500716950893306
57047,0.5000036586034184
57048,0.5000036586034184
57049,0.500716950893306
57050,0.5000036586034184
57051,0.5000036586034184
57052,0.5000036586034184
57053,0.500716950893306
57054,0.5000036586034184
57055,0.5000036586034184
57056,0.5000036586034184
57057,0.5000036586034184
57058,0.5000036586034184
57059,0.500716950893306
57060,0.5000036586034184
57061,0.5000036586034184
57062,0.5000036586034184
57063,0.5000036586034184
57064,0.5000036586034184
57065,0.5000036586034184
57066,0.5000036586034184
57067,0.5000036586034184
57068,0.500716950893306
57069,0.5000036586034184
57070,0.5000036586034184
57071,0.5000036586034184
57072,0.5000036586034184
57073,0.5000036586034184
57074,0.5000036586034184
57075,0.5000036586034184
57076,0.5000036586034184
57077,0.500716950893306
57078,0.5000036586034184
57079,0.5000036586034184
57080,0.500716950893306
57081,0.5000036586034184
57082,0.5000036586034184
57083,0.5000036586034184
57084,0.5000036586034184
57085,0.5000036586034184
57086,0.5000036586034184
57087,0.5000036586034184
57088,0.5000036586034184
57089,0.500716950893306
57090,0.5000036586034184
57091,0.4996001527158275
57092,0.5000036586034184
57093,0.5000036586034184
57094,0.5000036586034184
57095,0.5000036586034184
57096,0.5000036586034184
57097,0.5000036586034184
57098,0.5000036586034184
57099,0.5000036586034184
57100,0.5000036586034184
57101,0.5000036586034184
57102,0.5000036586034184
57103,0.5000036586034184
57104,0.5000036586034184
57105,0.500716950893306
57106,0.500716950893306
57107,0.5000036586034184
57108,0.5000036586034184
57109,0.5000036586034184
57110,0.5000036586034184
57111,0.5000036586034184
57112,0.5000036586034184
57113,0.5000036586034184
57114,0.5000036586034184
57115,0.5000036586034184
57116,0.4996001527158275
57117,0.5000036586034184
57118,0.5000036586034184
57119,0.5000036586034184
57120,0.5000036586034184
57121,0.5000036586034184
57122,0.5000036586034184
57123,0.5000036586034184
57124,0.5000036586034184
57125,0.5000036586034184
57126,0.500716950893306
57127,0.5000036586034184
57128,0.5000036586034184
57129,0.5000036586034184
57130,0.500716950893306
57131,0.5000036586034184
57132,0.5000036586034184
57133,0.4996001527158275
57134,0.5000036586034184
57135,0.5000036586034184
57136,0.5000036586034184
57137,0.5000036586034184
57138,0.5000036586034184
57139,0.5000036586034184
57140,0.5000036586034184
57141,0.5000036586034184
57142,0.5000036586034184
57143,0.5000036586034184
57144,0.500716950893306
57145,0.5000036586034184
57146,0.5000036586034184
57147,0.5000036586034184
57148,0.5000036586034184
57149,0.5000036586034184
57150,0.5000036586034184
57151,0.5000036586034184
57152,0.5000036586034184
57153,0.5000036586034184
57154,0.5000036586034184
57155,0.5000036586034184
57156,0.5000036586034184
57157,0.5000036586034184
57158,0.5000036586034184
57159,0.5000036586034184
57160,0.5000036586034184
57161,0.5000036586034184
57162,0.5000036586034184
57163,0.5000036586034184
57164,0.5000036586034184
57165,0.5000036586034184
57166,0.5000036586034184
57167,0.5000036586034184
57168,0.5000036586034184
57169,0.5000036586034184
57170,0.5000036586034184
57171,0.5000036586034184
57172,0.5000036586034184
57173,0.5000036586034184
57174,0.5000036586034184
57175,0.5000036586034184
57176,0.5000036586034184
57177,0.5000036586034184
57178,0.500716950893306
57179,0.4996001527158275
57180,0.5000036586034184
57181,0.5000036586034184
57182,0.5000036586034184
57183,0.5000036586034184
57184,0.5000036586034184
57185,0.5000036586034184
57186,0.5000036586034184
57187,0.500716950893306
57188,0.500716950893306
57189,0.5000036586034184
57190,0.5000036586034184
57191,0.5000036586034184
57192,0.5000036586034184
57193,0.4996001527158275
57194,0.5000036586034184
57195,0.5000036586034184
57196,0.5000036586034184
57197,0.5000036586034184
57198,0.5000036586034184
57199,0.5000036586034184
57200,0.5000036586034184
57201,0.5000036586034184
57202,0.500716950893306
57203,0.5000036586034184
57204,0.5000036586034184
57205,0.5000036586034184
57206,0.5000036586034184
57207,0.500716950893306
57208,0.5000036586034184
57209,0.5000036586034184
57210,0.5000036586034184
57211,0.5000036586034184
57212,0.5000036586034184
57213,0.5000036586034184
57214,0.5000036586034184
57215,0.5000036586034184
57216,0.5000036586034184
57217,0.5000036586034184
57218,0.5000036586034184
57219,0.5000036586034184
57220,0.5000036586034184
57221,0.5000036586034184
57222,0.5000036586034184
57223,0.5000036586034184
57224,0.4996001527158275
57225,0.5000036586034184
57226,0.5000036586034184
57227,0.500716950893306
57228,0.5000036586034184
57229,0.5000036586034184
57230,0.5000036586034184
57231,0.5000036586034184
57232,0.5000036586034184
57233,0.5000036586034184
57234,0.5000036586034184
57235,0.5000036586034184
57236,0.500716950893306
57237,0.5000036586034184
57238,0.500716950893306
57239,0.500716950893306
57240,0.5000036586034184
57241,0.5000036586034184
57242,0.5000036586034184
57243,0.500716950893306
57244,0.5000036586034184
57245,0.5000036586034184
57246,0.5000036586034184
57247,0.5000036586034184
57248,0.5000036586034184
57249,0.5000036586034184
57250,0.5000036586034184
57251,0.5000036586034184
57252,0.5000036586034184
57253,0.5000036586034184
57254,0.5000036586034184
57255,0.500716950893306
57256,0.5000036586034184
57257,0.5000036586034184
57258,0.5000036586034184
57259,0.5000036586034184
57260,0.500716950893306
57261,0.5000036586034184
57262,0.5000036586034184
57263,0.5000036586034184
57264,0.5000036586034184
57265,0.5000036586034184
57266,0.500716950893306
57267,0.5000036586034184
57268,0.500716950893306
57269,0.5000036586034184
57270,0.500716950893306
57271,0.5000036586034184
57272,0.5000036586034184
57273,0.5000036586034184
57274,0.5000036586034184
57275,0.5000036586034184
57276,0.5000036586034184
57277,0.5000036586034184
57278,0.500716950893306
57279,0.5000036586034184
57280,0.5000036586034184
57281,0.5000036586034184
57282,0.5000036586034184
57283,0.5000036586034184
57284,0.5000036586034184
57285,0.5000036586034184
57286,0.5000036586034184
57287,0.500716950893306
57288,0.5000036586034184
57289,0.500716950893306
57290,0.500716950893306
57291,0.5000036586034184
57292,0.500716950893306
57293,0.5000036586034184
57294,0.5000036586034184
57295,0.5000036586034184
57296,0.5000036586034184
57297,0.500716950893306
57298,0.500716950893306
57299,0.500716950893306
57300,0.5000036586034184
57301,0.5000036586034184
57302,0.5000036586034184
57303,0.5000036586034184
57304,0.500716950893306
57305,0.500716950893306
57306,0.5000036586034184
57307,0.5000036586034184
57308,0.5000036586034184
57309,0.5000036586034184
57310,0.5000036586034184
57311,0.5000036586034184
57312,0.500716950893306
57313,0.5000036586034184
57314,0.5000036586034184
57315,0.5000036586034184
57316,0.5000036586034184
57317,0.5000036586034184
57318,0.5000036586034184
57319,0.5000036586034184
57320,0.5000036586034184
57321,0.500716950893306
57322,0.500716950893306
57323,0.5000036586034184
57324,0.500716950893306
57325,0.5000036586034184
57326,0.5000036586034184
57327,0.5000036586034184
57328,0.5000036586034184
57329,0.5000036586034184
57330,0.5000036586034184
57331,0.500716950893306
57332,0.5000036586034184
57333,0.5000036586034184
57334,0.5000036586034184
57335,0.500716950893306
57336,0.5000036586034184
57337,0.5000036586034184
57338,0.5000036586034184
57339,0.500716950893306
57340,0.5000036586034184
57341,0.5000036586034184
57342,0.5000036586034184
57343,0.5000036586034184
57344,0.500716950893306
57345,0.500716950893306
57346,0.5000036586034184
57347,0.5000036586034184
57348,0.500716950893306
57349,0.5000036586034184
57350,0.5000036586034184
57351,0.5000036586034184
57352,0.5000036586034184
57353,0.5000036586034184
57354,0.5000036586034184
57355,0.5000036586034184
57356,0.5000036586034184
57357,0.5000036586034184
57358,0.5000036586034184
57359,0.500716950893306
57360,0.5000036586034184
57361,0.5000036586034184
57362,0.5000036586034184
57363,0.5000036586034184
57364,0.5000036586034184
57365,0.500716950893306
57366,0.5000036586034184
57367,0.5000036586034184
57368,0.5000036586034184
57369,0.5000036586034184
57370,0.5000036586034184
57371,0.5000036586034184
57372,0.5000036586034184
57373,0.5000036586034184
57374,0.500716950893306
57375,0.5000036586034184
57376,0.500716950893306
57377,0.5000036586034184
57378,0.5000036586034184
57379,0.5000036586034184
57380,0.5000036586034184
57381,0.5000036586034184
57382,0.5000036586034184
57383,0.5000036586034184
57384,0.5000036586034184
57385,0.5000036586034184
57386,0.5000036586034184
57387,0.5000036586034184
57388,0.5000036586034184
57389,0.500716950893306
57390,0.500716950893306
57391,0.5000036586034184
57392,0.500716950893306
57393,0.5000036586034184
57394,0.500716950893306
57395,0.5000036586034184
57396,0.4996001527158275
57397,0.5000036586034184
57398,0.5000036586034184
57399,0.5000036586034184
57400,0.5000036586034184
57401,0.5000036586034184
57402,0.5000036586034184
57403,0.5000036586034184
57404,0.5000036586034184
57405,0.5000036586034184
57406,0.5000036586034184
57407,0.500716950893306
57408,0.5000036586034184
57409,0.5000036586034184
57410,0.500716950893306
57411,0.500716950893306
57412,0.5000036586034184
57413,0.5000036586034184
57414,0.5000036586034184
57415,0.5000036586034184
57416,0.500716950893306
57417,0.5000036586034184
57418,0.5000036586034184
57419,0.500716950893306
57420,0.5000036586034184
57421,0.5000036586034184
57422,0.5000036586034184
57423,0.500716950893306
57424,0.500716950893306
57425,0.5000036586034184
57426,0.5000036586034184
57427,0.5000036586034184
57428,0.5000036586034184
57429,0.500716950893306
57430,0.500716950893306
57431,0.5000036586034184
57432,0.5000036586034184
57433,0.5000036586034184
57434,0.5000036586034184
57435,0.500716950893306
57436,0.4996001527158275
57437,0.500716950893306
57438,0.5000036586034184
57439,0.5000036586034184
57440,0.5000036586034184
57441,0.500716950893306
57442,0.5000036586034184
57443,0.5000036586034184
57444,0.5000036586034184
57445,0.5000036586034184
57446,0.5000036586034184
57447,0.5000036586034184
57448,0.5000036586034184
57449,0.5000036586034184
57450,0.5000036586034184
57451,0.5000036586034184
57452,0.5000036586034184
57453,0.500716950893306
57454,0.500716950893306
57455,0.5000036586034184
57456,0.5000036586034184
57457,0.5000036586034184
57458,0.5000036586034184
57459,0.5000036586034184
57460,0.5000036586034184
57461,0.5000036586034184
57462,0.5000036586034184
57463,0.500716950893306
57464,0.5000036586034184
57465,0.5000036586034184
57466,0.4996001527158275
57467,0.5000036586034184
57468,0.5000036586034184
57469,0.500716950893306
57470,0.5000036586034184
57471,0.5000036586034184
57472,0.5000036586034184
57473,0.5000036586034184
57474,0.5000036586034184
57475,0.5000036586034184
57476,0.5000036586034184
57477,0.500716950893306
57478,0.5000036586034184
57479,0.5000036586034184
57480,0.4996001527158275
57481,0.5000036586034184
57482,0.5000036586034184
57483,0.5000036586034184
57484,0.500716950893306
57485,0.5000036586034184
57486,0.4996001527158275
57487,0.5000036586034184
57488,0.4996001527158275
57489,0.500716950893306
57490,0.5000036586034184
57491,0.500716950893306
57492,0.5000036586034184
57493,0.5000036586034184
57494,0.5000036586034184
57495,0.5000036586034184
57496,0.5000036586034184
57497,0.500716950893306
57498,0.500716950893306
57499,0.5000036586034184
57500,0.500716950893306
57501,0.5000036586034184
57502,0.5000036586034184
57503,0.5000036586034184
57504,0.5000036586034184
57505,0.5000036586034184
57506,0.5000036586034184
57507,0.500716950893306
57508,0.4996001527158275
57509,0.5000036586034184
57510,0.5000036586034184
57511,0.5000036586034184
57512,0.5000036586034184
57513,0.5000036586034184
57514,0.5000036586034184
57515,0.5000036586034184
57516,0.500716950893306
57517,0.5000036586034184
57518,0.5000036586034184
57519,0.5000036586034184
57520,0.500716950893306
57521,0.5000036586034184
57522,0.5000036586034184
57523,0.5000036586034184
57524,0.5000036586034184
57525,0.500716950893306
57526,0.500716950893306
57527,0.5000036586034184
57528,0.500716950893306
57529,0.5000036586034184
57530,0.5000036586034184
57531,0.5000036586034184
57532,0.5000036586034184
57533,0.5000036586034184
57534,0.5000036586034184
57535,0.5000036586034184
57536,0.5000036586034184
57537,0.5000036586034184
57538,0.5000036586034184
57539,0.5000036586034184
57540,0.5000036586034184
57541,0.5000036586034184
57542,0.5000036586034184
57543,0.5000036586034184
57544,0.5000036586034184
57545,0.5000036586034184
57546,0.5000036586034184
57547,0.5000036586034184
57548,0.5000036586034184
57549,0.5000036586034184
57550,0.5000036586034184
57551,0.5000036586034184
57552,0.5000036586034184
57553,0.500716950893306
57554,0.5000036586034184
57555,0.5000036586034184
57556,0.5000036586034184
57557,0.5000036586034184
57558,0.5000036586034184
57559,0.5000036586034184
57560,0.5000036586034184
57561,0.5000036586034184
57562,0.5000036586034184
57563,0.5000036586034184
57564,0.5000036586034184
57565,0.5000036586034184
57566,0.5000036586034184
57567,0.5000036586034184
57568,0.5000036586034184
57569,0.500716950893306
57570,0.5000036586034184
57571,0.500716950893306
57572,0.5000036586034184
57573,0.5000036586034184
57574,0.5000036586034184
57575,0.5000036586034184
57576,0.5000036586034184
57577,0.5000036586034184
57578,0.5000036586034184
57579,0.5000036586034184
57580,0.5000036586034184
57581,0.500716950893306
57582,0.5000036586034184
57583,0.5000036586034184
57584,0.500716950893306
57585,0.5000036586034184
57586,0.5000036586034184
57587,0.5000036586034184
57588,0.5000036586034184
57589,0.5000036586034184
57590,0.5000036586034184
57591,0.5000036586034184
57592,0.500716950893306
57593,0.5000036586034184
57594,0.500716950893306
57595,0.500716950893306
57596,0.5000036586034184
57597,0.5000036586034184
57598,0.5000036586034184
57599,0.5000036586034184
57600,0.5000036586034184
57601,0.5000036586034184
57602,0.500716950893306
57603,0.5000036586034184
57604,0.5000036586034184
57605,0.5000036586034184
57606,0.5000036586034184
57607,0.5000036586034184
57608,0.5000036586034184
57609,0.5000036586034184
57610,0.5000036586034184
57611,0.5000036586034184
57612,0.5000036586034184
57613,0.5000036586034184
57614,0.5000036586034184
57615,0.5000036586034184
57616,0.5000036586034184
57617,0.5000036586034184
57618,0.5000036586034184
57619,0.5000036586034184
57620,0.5000036586034184
57621,0.5000036586034184
57622,0.5000036586034184
57623,0.5000036586034184
57624,0.5000036586034184
57625,0.5000036586034184
57626,0.5000036586034184
57627,0.4996001527158275
57628,0.5000036586034184
57629,0.5000036586034184
57630,0.500716950893306
57631,0.5000036586034184
57632,0.5000036586034184
57633,0.5000036586034184
57634,0.5000036586034184
57635,0.5000036586034184
57636,0.5000036586034184
57637,0.5000036586034184
57638,0.5000036586034184
57639,0.500716950893306
57640,0.5000036586034184
57641,0.5000036586034184
57642,0.5000036586034184
57643,0.5000036586034184
57644,0.5000036586034184
57645,0.500716950893306
57646,0.5000036586034184
57647,0.5000036586034184
57648,0.5000036586034184
57649,0.500716950893306
57650,0.5000036586034184
57651,0.5000036586034184
57652,0.500716950893306
57653,0.5000036586034184
57654,0.5000036586034184
57655,0.5000036586034184
57656,0.5000036586034184
57657,0.5000036586034184
57658,0.4996001527158275
57659,0.5000036586034184
57660,0.5000036586034184
57661,0.5000036586034184
57662,0.5000036586034184
57663,0.5000036586034184
57664,0.5000036586034184
57665,0.5000036586034184
57666,0.4996001527158275
57667,0.5000036586034184
57668,0.5000036586034184
57669,0.5000036586034184
57670,0.5000036586034184
57671,0.5000036586034184
57672,0.5000036586034184
57673,0.500716950893306
57674,0.5000036586034184
57675,0.500716950893306
57676,0.500716950893306
57677,0.500716950893306
57678,0.500716950893306
57679,0.500716950893306
57680,0.5000036586034184
57681,0.5000036586034184
57682,0.5000036586034184
57683,0.5000036586034184
57684,0.500716950893306
57685,0.5000036586034184
57686,0.500716950893306
57687,0.5000036586034184
57688,0.5000036586034184
57689,0.5000036586034184
57690,0.5000036586034184
57691,0.5000036586034184
57692,0.500716950893306
57693,0.5000036586034184
57694,0.5000036586034184
57695,0.5000036586034184
57696,0.5000036586034184
57697,0.500716950893306
57698,0.5000036586034184
57699,0.4996001527158275
57700,0.4996001527158275
57701,0.5000036586034184
57702,0.5000036586034184
57703,0.500716950893306
57704,0.5000036586034184
57705,0.500716950893306
57706,0.5000036586034184
57707,0.5000036586034184
57708,0.5000036586034184
57709,0.5000036586034184
57710,0.500716950893306
57711,0.5000036586034184
57712,0.4996001527158275
57713,0.5000036586034184
57714,0.5000036586034184
57715,0.5000036586034184
57716,0.5000036586034184
57717,0.5000036586034184
57718,0.5000036586034184
57719,0.5000036586034184
57720,0.500716950893306
57721,0.5000036586034184
57722,0.5000036586034184
57723,0.5000036586034184
57724,0.5000036586034184
57725,0.5000036586034184
57726,0.5000036586034184
57727,0.500716950893306
57728,0.5000036586034184
57729,0.5000036586034184
57730,0.5000036586034184
57731,0.5000036586034184
57732,0.5000036586034184
57733,0.5000036586034184
57734,0.500716950893306
57735,0.5000036586034184
57736,0.5000036586034184
57737,0.5000036586034184
57738,0.5000036586034184
57739,0.5000036586034184
57740,0.5000036586034184
57741,0.500716950893306
57742,0.5000036586034184
57743,0.5000036586034184
57744,0.5000036586034184
57745,0.500716950893306
57746,0.5000036586034184
57747,0.5000036586034184
57748,0.5000036586034184
57749,0.5000036586034184
57750,0.5000036586034184
57751,0.5000036586034184
57752,0.500716950893306
57753,0.5000036586034184
57754,0.5000036586034184
57755,0.5000036586034184
57756,0.5000036586034184
57757,0.5000036586034184
57758,0.5000036586034184
57759,0.5000036586034184
57760,0.5000036586034184
57761,0.5000036586034184
57762,0.5000036586034184
57763,0.5000036586034184
57764,0.5000036586034184
57765,0.5000036586034184
57766,0.5000036586034184
57767,0.500716950893306
57768,0.5000036586034184
57769,0.5000036586034184
57770,0.5000036586034184
57771,0.5000036586034184
57772,0.5000036586034184
57773,0.5000036586034184
57774,0.5000036586034184
57775,0.5000036586034184
57776,0.500716950893306
57777,0.5000036586034184
57778,0.5000036586034184
57779,0.5000036586034184
57780,0.5000036586034184
57781,0.5000036586034184
57782,0.500716950893306
57783,0.5000036586034184
57784,0.5000036586034184
57785,0.500716950893306
57786,0.5000036586034184
57787,0.5000036586034184
57788,0.5000036586034184
57789,0.5000036586034184
57790,0.5000036586034184
57791,0.5000036586034184
57792,0.5000036586034184
57793,0.5000036586034184
57794,0.5000036586034184
57795,0.5000036586034184
57796,0.5000036586034184
57797,0.5000036586034184
57798,0.5000036586034184
57799,0.5000036586034184
57800,0.5000036586034184
57801,0.5000036586034184
57802,0.5000036586034184
57803,0.5000036586034184
57804,0.5000036586034184
57805,0.5000036586034184
57806,0.5000036586034184
57807,0.5000036586034184
57808,0.5000036586034184
57809,0.5000036586034184
57810,0.5000036586034184
57811,0.5000036586034184
57812,0.5000036586034184
57813,0.5000036586034184
57814,0.5000036586034184
57815,0.5000036586034184
57816,0.5000036586034184
57817,0.5000036586034184
57818,0.500716950893306
57819,0.5000036586034184
57820,0.5000036586034184
57821,0.5000036586034184
57822,0.5000036586034184
57823,0.5000036586034184
57824,0.5000036586034184
57825,0.500716950893306
57826,0.5000036586034184
57827,0.5000036586034184
57828,0.5000036586034184
57829,0.500716950893306
57830,0.5000036586034184
57831,0.5000036586034184
57832,0.5000036586034184
57833,0.5000036586034184
57834,0.5000036586034184
57835,0.5000036586034184
57836,0.5000036586034184
57837,0.5000036586034184
57838,0.5000036586034184
57839,0.5000036586034184
57840,0.5000036586034184
57841,0.5000036586034184
57842,0.5000036586034184
57843,0.5000036586034184
57844,0.5000036586034184
57845,0.5000036586034184
57846,0.5000036586034184
57847,0.5000036586034184
57848,0.5000036586034184
57849,0.5000036586034184
57850,0.5000036586034184
57851,0.5000036586034184
57852,0.5000036586034184
57853,0.5000036586034184
57854,0.5000036586034184
57855,0.5000036586034184
57856,0.4996001527158275
57857,0.5000036586034184
57858,0.500716950893306
57859,0.500716950893306
57860,0.5000036586034184
57861,0.5000036586034184
57862,0.5000036586034184
57863,0.500716950893306
57864,0.5000036586034184
57865,0.5000036586034184
57866,0.5000036586034184
57867,0.5000036586034184
57868,0.5000036586034184
57869,0.5000036586034184
57870,0.5000036586034184
57871,0.5000036586034184
57872,0.5000036586034184
57873,0.500716950893306
57874,0.5000036586034184
57875,0.500716950893306
57876,0.5000036586034184
57877,0.5000036586034184
57878,0.500716950893306
57879,0.5000036586034184
57880,0.500716950893306
57881,0.5000036586034184
57882,0.5000036586034184
57883,0.5000036586034184
57884,0.5000036586034184
57885,0.5000036586034184
57886,0.5000036586034184
57887,0.5000036586034184
57888,0.5000036586034184
57889,0.5000036586034184
57890,0.5000036586034184
57891,0.5000036586034184
57892,0.5000036586034184
57893,0.500716950893306
57894,0.500716950893306
57895,0.5000036586034184
57896,0.5000036586034184
57897,0.5000036586034184
57898,0.5000036586034184
57899,0.5000036586034184
57900,0.5000036586034184
57901,0.5000036586034184
57902,0.5000036586034184
57903,0.5000036586034184
57904,0.5000036586034184
57905,0.5000036586034184
57906,0.5000036586034184
57907,0.5000036586034184
57908,0.5000036586034184
57909,0.5000036586034184
57910,0.5000036586034184
57911,0.5000036586034184
57912,0.5000036586034184
57913,0.5000036586034184
57914,0.5000036586034184
57915,0.500716950893306
57916,0.500716950893306
57917,0.5000036586034184
57918,0.500716950893306
57919,0.5000036586034184
57920,0.5000036586034184
57921,0.5000036586034184
57922,0.5000036586034184
57923,0.500716950893306
57924,0.500716950893306
57925,0.5000036586034184
57926,0.5000036586034184
57927,0.5000036586034184
57928,0.5000036586034184
57929,0.5000036586034184
57930,0.5000036586034184
57931,0.5000036586034184
57932,0.5000036586034184
57933,0.5000036586034184
57934,0.5000036586034184
57935,0.5000036586034184
57936,0.5000036586034184
57937,0.5000036586034184
57938,0.5000036586034184
57939,0.5000036586034184
57940,0.5000036586034184
57941,0.5000036586034184
57942,0.5000036586034184
57943,0.5000036586034184
57944,0.500716950893306
57945,0.5000036586034184
57946,0.5000036586034184
57947,0.5000036586034184
57948,0.5000036586034184
57949,0.500716950893306
57950,0.5000036586034184
57951,0.5000036586034184
57952,0.5000036586034184
57953,0.5000036586034184
57954,0.5000036586034184
57955,0.5000036586034184
57956,0.5000036586034184
57957,0.5000036586034184
57958,0.5000036586034184
57959,0.5000036586034184
57960,0.5000036586034184
57961,0.5000036586034184
57962,0.5000036586034184
57963,0.500716950893306
57964,0.5000036586034184
57965,0.4996001527158275
57966,0.500716950893306
57967,0.4996001527158275
57968,0.500716950893306
57969,0.5000036586034184
57970,0.5000036586034184
57971,0.5000036586034184
57972,0.5000036586034184
57973,0.5000036586034184
57974,0.4996001527158275
57975,0.500716950893306
57976,0.500716950893306
57977,0.500716950893306
57978,0.5000036586034184
57979,0.500716950893306
57980,0.5000036586034184
57981,0.5000036586034184
57982,0.5000036586034184
57983,0.5000036586034184
57984,0.5000036586034184
57985,0.500716950893306
57986,0.4996001527158275
57987,0.500716950893306
57988,0.500716950893306
57989,0.5000036586034184
57990,0.5000036586034184
57991,0.5000036586034184
57992,0.5000036586034184
57993,0.500716950893306
57994,0.5000036586034184
57995,0.5000036586034184
57996,0.4996001527158275
57997,0.500716950893306
57998,0.5000036586034184
57999,0.5000036586034184
58000,0.500716950893306
58001,0.4996001527158275
58002,0.500716950893306
58003,0.500716950893306
58004,0.5000036586034184
58005,0.500716950893306
58006,0.5000036586034184
58007,0.5000036586034184
58008,0.5000036586034184
58009,0.5000036586034184
58010,0.5000036586034184
58011,0.5000036586034184
58012,0.5000036586034184
58013,0.5000036586034184
58014,0.5000036586034184
58015,0.5000036586034184
58016,0.5000036586034184
58017,0.5000036586034184
58018,0.5000036586034184
58019,0.4996001527158275
58020,0.5000036586034184
58021,0.5000036586034184
58022,0.500716950893306
58023,0.5000036586034184
58024,0.5000036586034184
58025,0.5000036586034184
58026,0.5000036586034184
58027,0.500716950893306
58028,0.5000036586034184
58029,0.5000036586034184
58030,0.5000036586034184
58031,0.5000036586034184
58032,0.5000036586034184
58033,0.500716950893306
58034,0.5000036586034184
58035,0.5000036586034184
58036,0.5000036586034184
58037,0.5000036586034184
58038,0.5000036586034184
58039,0.5000036586034184
58040,0.5000036586034184
58041,0.5000036586034184
58042,0.5000036586034184
58043,0.5000036586034184
58044,0.5000036586034184
58045,0.500716950893306
58046,0.5000036586034184
58047,0.5000036586034184
58048,0.5000036586034184
58049,0.5000036586034184
58050,0.500716950893306
58051,0.5000036586034184
58052,0.5000036586034184
58053,0.5000036586034184
58054,0.5000036586034184
58055,0.5000036586034184
58056,0.5000036586034184
58057,0.5000036586034184
58058,0.5000036586034184
58059,0.500716950893306
58060,0.5000036586034184
58061,0.5000036586034184
58062,0.5000036586034184
58063,0.5000036586034184
58064,0.5000036586034184
58065,0.5000036586034184
58066,0.5000036586034184
58067,0.5000036586034184
58068,0.500716950893306
58069,0.500716950893306
58070,0.5000036586034184
58071,0.500716950893306
58072,0.5000036586034184
58073,0.5000036586034184
58074,0.5000036586034184
58075,0.5000036586034184
58076,0.5000036586034184
58077,0.5000036586034184
58078,0.500716950893306
58079,0.5000036586034184
58080,0.5000036586034184
58081,0.500716950893306
58082,0.5000036586034184
58083,0.5000036586034184
58084,0.5000036586034184
58085,0.5000036586034184
58086,0.5000036586034184
58087,0.5000036586034184
58088,0.5000036586034184
58089,0.500716950893306
58090,0.5000036586034184
58091,0.5000036586034184
58092,0.5000036586034184
58093,0.5000036586034184
58094,0.5000036586034184
58095,0.500716950893306
58096,0.5000036586034184
58097,0.5000036586034184
58098,0.5000036586034184
58099,0.500716950893306
58100,0.5000036586034184
58101,0.5000036586034184
58102,0.5000036586034184
58103,0.5000036586034184
58104,0.500716950893306
58105,0.5000036586034184
58106,0.5000036586034184
58107,0.5000036586034184
58108,0.5000036586034184
58109,0.5000036586034184
58110,0.5000036586034184
58111,0.5000036586034184
58112,0.500716950893306
58113,0.5000036586034184
58114,0.5000036586034184
58115,0.4996001527158275
58116,0.5000036586034184
58117,0.5000036586034184
58118,0.500716950893306
58119,0.4996001527158275
58120,0.5000036586034184
58121,0.5000036586034184
58122,0.500716950893306
58123,0.5000036586034184
58124,0.5000036586034184
58125,0.5000036586034184
58126,0.5000036586034184
58127,0.4996001527158275
58128,0.5000036586034184
58129,0.5000036586034184
58130,0.500716950893306
58131,0.5000036586034184
58132,0.5000036586034184
58133,0.5000036586034184
58134,0.5000036586034184
58135,0.500716950893306
58136,0.5000036586034184
58137,0.500716950893306
58138,0.4996001527158275
58139,0.5000036586034184
58140,0.5000036586034184
58141,0.4996001527158275
58142,0.5000036586034184
58143,0.5000036586034184
58144,0.5000036586034184
58145,0.5000036586034184
58146,0.500716950893306
58147,0.5000036586034184
58148,0.5000036586034184
58149,0.500716950893306
58150,0.5000036586034184
58151,0.5000036586034184
58152,0.5000036586034184
58153,0.5000036586034184
58154,0.5000036586034184
58155,0.5000036586034184
58156,0.5000036586034184
58157,0.5000036586034184
58158,0.5000036586034184
58159,0.500716950893306
58160,0.5000036586034184
58161,0.5000036586034184
58162,0.500716950893306
58163,0.5000036586034184
58164,0.5000036586034184
58165,0.5000036586034184
58166,0.5000036586034184
58167,0.5000036586034184
58168,0.4996001527158275
58169,0.5000036586034184
58170,0.5000036586034184
58171,0.5000036586034184
58172,0.5000036586034184
58173,0.5000036586034184
58174,0.5000036586034184
58175,0.5000036586034184
58176,0.5000036586034184
58177,0.5000036586034184
58178,0.5000036586034184
58179,0.5000036586034184
58180,0.5000036586034184
58181,0.5000036586034184
58182,0.5000036586034184
58183,0.5000036586034184
58184,0.5000036586034184
58185,0.5000036586034184
58186,0.5000036586034184
58187,0.5000036586034184
58188,0.500716950893306
58189,0.4996001527158275
58190,0.5000036586034184
58191,0.5000036586034184
58192,0.500716950893306
58193,0.5000036586034184
58194,0.5000036586034184
58195,0.5000036586034184
58196,0.5000036586034184
58197,0.5000036586034184
58198,0.5000036586034184
58199,0.5000036586034184
58200,0.4996001527158275
58201,0.5000036586034184
58202,0.5000036586034184
58203,0.4996001527158275
58204,0.5000036586034184
58205,0.5000036586034184
58206,0.500716950893306
58207,0.5000036586034184
58208,0.5000036586034184
58209,0.5000036586034184
58210,0.5000036586034184
58211,0.5000036586034184
58212,0.5000036586034184
58213,0.5000036586034184
58214,0.5000036586034184
58215,0.5000036586034184
58216,0.5000036586034184
58217,0.5000036586034184
58218,0.5000036586034184
58219,0.5000036586034184
58220,0.5000036586034184
58221,0.5000036586034184
58222,0.5000036586034184
58223,0.5000036586034184
58224,0.5000036586034184
58225,0.5000036586034184
58226,0.5000036586034184
58227,0.5000036586034184
58228,0.5000036586034184
58229,0.5000036586034184
58230,0.5000036586034184
58231,0.5000036586034184
58232,0.5000036586034184
58233,0.5000036586034184
58234,0.5000036586034184
58235,0.5000036586034184
58236,0.500716950893306
58237,0.500716950893306
58238,0.5000036586034184
58239,0.5000036586034184
58240,0.5000036586034184
58241,0.500716950893306
58242,0.500716950893306
58243,0.4996001527158275
58244,0.5000036586034184
58245,0.5000036586034184
58246,0.500716950893306
58247,0.5000036586034184
58248,0.5000036586034184
58249,0.5000036586034184
58250,0.500716950893306
58251,0.5000036586034184
58252,0.5000036586034184
58253,0.5000036586034184
58254,0.5000036586034184
58255,0.5000036586034184
58256,0.5000036586034184
58257,0.5000036586034184
58258,0.5000036586034184
58259,0.5000036586034184
58260,0.5000036586034184
58261,0.500716950893306
58262,0.5000036586034184
58263,0.5000036586034184
58264,0.5000036586034184
58265,0.5000036586034184
58266,0.500716950893306
58267,0.5000036586034184
58268,0.5000036586034184
58269,0.5000036586034184
58270,0.500716950893306
58271,0.5000036586034184
58272,0.5000036586034184
58273,0.5000036586034184
58274,0.500716950893306
58275,0.5000036586034184
58276,0.5000036586034184
58277,0.5000036586034184
58278,0.5000036586034184
58279,0.5000036586034184
58280,0.5000036586034184
58281,0.5000036586034184
58282,0.5000036586034184
58283,0.5000036586034184
58284,0.5000036586034184
58285,0.5000036586034184
58286,0.5000036586034184
58287,0.5000036586034184
58288,0.5000036586034184
58289,0.5000036586034184
58290,0.5000036586034184
58291,0.5000036586034184
58292,0.5000036586034184
58293,0.5000036586034184
58294,0.5000036586034184
58295,0.5000036586034184
58296,0.500716950893306
58297,0.500716950893306
58298,0.5000036586034184
58299,0.500716950893306
58300,0.5000036586034184
58301,0.5000036586034184
58302,0.5000036586034184
58303,0.5000036586034184
58304,0.5000036586034184
58305,0.5000036586034184
58306,0.5000036586034184
58307,0.5000036586034184
58308,0.5000036586034184
58309,0.5000036586034184
58310,0.5000036586034184
58311,0.500716950893306
58312,0.5000036586034184
58313,0.5000036586034184
58314,0.5000036586034184
58315,0.5000036586034184
58316,0.5000036586034184
58317,0.5000036586034184
58318,0.5000036586034184
58319,0.5000036586034184
58320,0.500716950893306
58321,0.5000036586034184
58322,0.5000036586034184
58323,0.5000036586034184
58324,0.500716950893306
58325,0.500716950893306
58326,0.500716950893306
58327,0.5000036586034184
58328,0.5000036586034184
58329,0.5000036586034184
58330,0.5000036586034184
58331,0.5000036586034184
58332,0.5000036586034184
58333,0.5000036586034184
58334,0.5000036586034184
58335,0.5000036586034184
58336,0.5000036586034184
58337,0.500716950893306
58338,0.5000036586034184
58339,0.500716950893306
58340,0.5000036586034184
58341,0.5000036586034184
58342,0.5000036586034184
58343,0.4996001527158275
58344,0.5000036586034184
58345,0.5000036586034184
58346,0.5000036586034184
58347,0.5000036586034184
58348,0.5000036586034184
58349,0.500716950893306
58350,0.5000036586034184
58351,0.5000036586034184
58352,0.5000036586034184
58353,0.5000036586034184
58354,0.5000036586034184
58355,0.5000036586034184
58356,0.5000036586034184
58357,0.5000036586034184
58358,0.5000036586034184
58359,0.5000036586034184
58360,0.500716950893306
58361,0.5000036586034184
58362,0.5000036586034184
58363,0.5000036586034184
58364,0.500716950893306
58365,0.5000036586034184
58366,0.5000036586034184
58367,0.5000036586034184
58368,0.5000036586034184
58369,0.5000036586034184
58370,0.5000036586034184
58371,0.500716950893306
58372,0.5000036586034184
58373,0.4996001527158275
58374,0.500716950893306
58375,0.5000036586034184
58376,0.5000036586034184
58377,0.5000036586034184
58378,0.500716950893306
58379,0.500716950893306
58380,0.5000036586034184
58381,0.5000036586034184
58382,0.5000036586034184
58383,0.5000036586034184
58384,0.5000036586034184
58385,0.5000036586034184
58386,0.5000036586034184
58387,0.5000036586034184
58388,0.5000036586034184
58389,0.5000036586034184
58390,0.5000036586034184
58391,0.5000036586034184
58392,0.5000036586034184
58393,0.5000036586034184
58394,0.5000036586034184
58395,0.5000036586034184
58396,0.5000036586034184
58397,0.5000036586034184
58398,0.5000036586034184
58399,0.5000036586034184
58400,0.5000036586034184
58401,0.5000036586034184
58402,0.5000036586034184
58403,0.5000036586034184
58404,0.5000036586034184
58405,0.5000036586034184
58406,0.5000036586034184
58407,0.500716950893306
58408,0.4996001527158275
58409,0.5000036586034184
58410,0.5000036586034184
58411,0.5000036586034184
58412,0.5000036586034184
58413,0.4996001527158275
58414,0.5000036586034184
58415,0.5000036586034184
58416,0.500716950893306
58417,0.5000036586034184
58418,0.5000036586034184
58419,0.5000036586034184
58420,0.5000036586034184
58421,0.5000036586034184
58422,0.500716950893306
58423,0.5000036586034184
58424,0.500716950893306
58425,0.5000036586034184
58426,0.5000036586034184
58427,0.5000036586034184
58428,0.5000036586034184
58429,0.500716950893306
58430,0.5000036586034184
58431,0.500716950893306
58432,0.5000036586034184
58433,0.5000036586034184
58434,0.5000036586034184
58435,0.5000036586034184
58436,0.5000036586034184
58437,0.5000036586034184
58438,0.5000036586034184
58439,0.5000036586034184
58440,0.5000036586034184
58441,0.4996001527158275
58442,0.500716950893306
58443,0.500716950893306
58444,0.5000036586034184
58445,0.500716950893306
58446,0.5000036586034184
58447,0.5000036586034184
58448,0.5000036586034184
58449,0.5000036586034184
58450,0.5000036586034184
58451,0.500716950893306
58452,0.500716950893306
58453,0.5000036586034184
58454,0.5000036586034184
58455,0.5000036586034184
58456,0.5000036586034184
58457,0.5000036586034184
58458,0.5000036586034184
58459,0.5000036586034184
58460,0.5000036586034184
58461,0.5000036586034184
58462,0.5000036586034184
58463,0.5000036586034184
58464,0.5000036586034184
58465,0.5000036586034184
58466,0.5000036586034184
58467,0.500716950893306
58468,0.5000036586034184
58469,0.500716950893306
58470,0.5000036586034184
58471,0.5000036586034184
58472,0.5000036586034184
58473,0.5000036586034184
58474,0.500716950893306
58475,0.5000036586034184
58476,0.5000036586034184
58477,0.5000036586034184
58478,0.5000036586034184
58479,0.5000036586034184
58480,0.5000036586034184
58481,0.500716950893306
58482,0.5000036586034184
58483,0.5000036586034184
58484,0.5000036586034184
58485,0.5000036586034184
58486,0.5000036586034184
58487,0.5000036586034184
58488,0.4996001527158275
58489,0.500716950893306
58490,0.5000036586034184
58491,0.5000036586034184
58492,0.5000036586034184
58493,0.4996001527158275
58494,0.5000036586034184
58495,0.5000036586034184
58496,0.500716950893306
58497,0.500716950893306
58498,0.5000036586034184
58499,0.500716950893306
58500,0.500716950893306
58501,0.500716950893306
58502,0.5000036586034184
58503,0.5000036586034184
58504,0.5000036586034184
58505,0.5000036586034184
58506,0.4996001527158275
58507,0.5000036586034184
58508,0.5000036586034184
58509,0.5000036586034184
58510,0.5000036586034184
58511,0.5000036586034184
58512,0.5000036586034184
58513,0.5000036586034184
58514,0.5000036586034184
58515,0.500716950893306
58516,0.500716950893306
58517,0.5000036586034184
58518,0.5000036586034184
58519,0.5000036586034184
58520,0.5000036586034184
58521,0.5000036586034184
58522,0.500716950893306
58523,0.5000036586034184
58524,0.5000036586034184
58525,0.5000036586034184
58526,0.5000036586034184
58527,0.5000036586034184
58528,0.5000036586034184
58529,0.500716950893306
58530,0.5000036586034184
58531,0.5000036586034184
58532,0.5000036586034184
58533,0.4996001527158275
58534,0.5000036586034184
58535,0.5000036586034184
58536,0.500716950893306
58537,0.5000036586034184
58538,0.500716950893306
58539,0.5000036586034184
58540,0.5000036586034184
58541,0.5000036586034184
58542,0.5000036586034184
58543,0.500716950893306
58544,0.5000036586034184
58545,0.5000036586034184
58546,0.5000036586034184
58547,0.500716950893306
58548,0.500716950893306
58549,0.5000036586034184
58550,0.5000036586034184
58551,0.5000036586034184
58552,0.5000036586034184
58553,0.5000036586034184
58554,0.5000036586034184
58555,0.5000036586034184
58556,0.5000036586034184
58557,0.5000036586034184
58558,0.5000036586034184
58559,0.500716950893306
58560,0.5000036586034184
58561,0.5000036586034184
58562,0.5000036586034184
58563,0.5000036586034184
58564,0.5000036586034184
58565,0.5000036586034184
58566,0.5000036586034184
58567,0.5000036586034184
58568,0.500716950893306
58569,0.5000036586034184
58570,0.500716950893306
58571,0.500716950893306
58572,0.5000036586034184
58573,0.5000036586034184
58574,0.5000036586034184
58575,0.5000036586034184
58576,0.5000036586034184
58577,0.5000036586034184
58578,0.5000036586034184
58579,0.5000036586034184
58580,0.500716950893306
58581,0.500716950893306
58582,0.5000036586034184
58583,0.5000036586034184
58584,0.5000036586034184
58585,0.5000036586034184
58586,0.5000036586034184
58587,0.500716950893306
58588,0.5000036586034184
58589,0.5000036586034184
58590,0.5000036586034184
58591,0.5000036586034184
58592,0.5000036586034184
58593,0.5000036586034184
58594,0.5000036586034184
58595,0.5000036586034184
58596,0.500716950893306
58597,0.5000036586034184
58598,0.5000036586034184
58599,0.500716950893306
58600,0.5000036586034184
58601,0.5000036586034184
58602,0.5000036586034184
58603,0.5000036586034184
58604,0.5000036586034184
58605,0.5000036586034184
58606,0.5000036586034184
58607,0.5000036586034184
58608,0.5000036586034184
58609,0.5000036586034184
58610,0.5000036586034184
58611,0.5000036586034184
58612,0.500716950893306
58613,0.5000036586034184
58614,0.5000036586034184
58615,0.5000036586034184
58616,0.5000036586034184
58617,0.5000036586034184
58618,0.5000036586034184
58619,0.5000036586034184
58620,0.5000036586034184
58621,0.500716950893306
58622,0.5000036586034184
58623,0.5000036586034184
58624,0.5000036586034184
58625,0.500716950893306
58626,0.500716950893306
58627,0.4996001527158275
58628,0.5000036586034184
58629,0.5000036586034184
58630,0.5000036586034184
58631,0.500716950893306
58632,0.500716950893306
58633,0.500716950893306
58634,0.5000036586034184
58635,0.5000036586034184
58636,0.5000036586034184
58637,0.5000036586034184
58638,0.5000036586034184
58639,0.5000036586034184
58640,0.5000036586034184
58641,0.5000036586034184
58642,0.5000036586034184
58643,0.5000036586034184
58644,0.5000036586034184
58645,0.5000036586034184
58646,0.5000036586034184
58647,0.5000036586034184
58648,0.5000036586034184
58649,0.5000036586034184
58650,0.5000036586034184
58651,0.5000036586034184
58652,0.500716950893306
58653,0.5000036586034184
58654,0.5000036586034184
58655,0.500716950893306
58656,0.5000036586034184
58657,0.5000036586034184
58658,0.500716950893306
58659,0.5000036586034184
58660,0.4996001527158275
58661,0.5000036586034184
58662,0.5000036586034184
58663,0.5000036586034184
58664,0.5000036586034184
58665,0.5000036586034184
58666,0.5000036586034184
58667,0.5000036586034184
58668,0.5000036586034184
58669,0.5000036586034184
58670,0.5000036586034184
58671,0.5000036586034184
58672,0.5000036586034184
58673,0.5000036586034184
58674,0.5000036586034184
58675,0.5000036586034184
58676,0.5000036586034184
58677,0.5000036586034184
58678,0.5000036586034184
58679,0.5000036586034184
58680,0.500716950893306
58681,0.5000036586034184
58682,0.5000036586034184
58683,0.5000036586034184
58684,0.5000036586034184
58685,0.5000036586034184
58686,0.5000036586034184
58687,0.5000036586034184
58688,0.500716950893306
58689,0.5000036586034184
58690,0.500716950893306
58691,0.5000036586034184
58692,0.5000036586034184
58693,0.5000036586034184
58694,0.5000036586034184
58695,0.5000036586034184
58696,0.5000036586034184
58697,0.5000036586034184
58698,0.5000036586034184
58699,0.5000036586034184
58700,0.500716950893306
58701,0.5000036586034184
58702,0.500716950893306
58703,0.5000036586034184
58704,0.500716950893306
58705,0.5000036586034184
58706,0.5000036586034184
58707,0.5000036586034184
58708,0.5000036586034184
58709,0.5000036586034184
58710,0.5000036586034184
58711,0.500716950893306
58712,0.500716950893306
58713,0.5000036586034184
58714,0.5000036586034184
58715,0.5000036586034184
58716,0.5000036586034184
58717,0.5000036586034184
58718,0.5000036586034184
58719,0.5000036586034184
58720,0.5000036586034184
58721,0.5000036586034184
58722,0.5000036586034184
58723,0.5000036586034184
58724,0.500716950893306
58725,0.5000036586034184
58726,0.5000036586034184
58727,0.5000036586034184
58728,0.5000036586034184
58729,0.500716950893306
58730,0.5000036586034184
58731,0.5000036586034184
58732,0.5000036586034184
58733,0.5000036586034184
58734,0.5000036586034184
58735,0.500716950893306
58736,0.5000036586034184
58737,0.500716950893306
58738,0.5000036586034184
58739,0.5000036586034184
58740,0.5000036586034184
58741,0.5000036586034184
58742,0.5000036586034184
58743,0.5000036586034184
58744,0.5000036586034184
58745,0.5000036586034184
58746,0.5000036586034184
58747,0.4996001527158275
58748,0.500716950893306
58749,0.5000036586034184
58750,0.5000036586034184
58751,0.5000036586034184
58752,0.5000036586034184
58753,0.5000036586034184
58754,0.5000036586034184
58755,0.5000036586034184
58756,0.5000036586034184
58757,0.5000036586034184
58758,0.4996001527158275
58759,0.5000036586034184
58760,0.5000036586034184
58761,0.5000036586034184
58762,0.5000036586034184
58763,0.5000036586034184
58764,0.4996001527158275
58765,0.5000036586034184
58766,0.5000036586034184
58767,0.5000036586034184
58768,0.5000036586034184
58769,0.5000036586034184
58770,0.5000036586034184
58771,0.5000036586034184
58772,0.5000036586034184
58773,0.5000036586034184
58774,0.5000036586034184
58775,0.500716950893306
58776,0.5000036586034184
58777,0.5000036586034184
58778,0.5000036586034184
58779,0.5000036586034184
58780,0.5000036586034184
58781,0.5000036586034184
58782,0.5000036586034184
58783,0.5000036586034184
58784,0.5000036586034184
58785,0.4996001527158275
58786,0.5000036586034184
58787,0.5000036586034184
58788,0.5000036586034184
58789,0.5000036586034184
58790,0.5000036586034184
58791,0.5000036586034184
58792,0.5000036586034184
58793,0.5000036586034184
58794,0.5000036586034184
58795,0.5000036586034184
58796,0.500716950893306
58797,0.500716950893306
58798,0.5000036586034184
58799,0.5000036586034184
58800,0.5000036586034184
58801,0.5000036586034184
58802,0.500716950893306
58803,0.5000036586034184
58804,0.5000036586034184
58805,0.5000036586034184
58806,0.500716950893306
58807,0.5000036586034184
58808,0.5000036586034184
58809,0.500716950893306
58810,0.5000036586034184
58811,0.5000036586034184
58812,0.5000036586034184
58813,0.5000036586034184
58814,0.5000036586034184
58815,0.5000036586034184
58816,0.5000036586034184
58817,0.5000036586034184
58818,0.500716950893306
58819,0.5000036586034184
58820,0.500716950893306
58821,0.500716950893306
58822,0.5000036586034184
58823,0.5000036586034184
58824,0.5000036586034184
58825,0.500716950893306
58826,0.5000036586034184
58827,0.5000036586034184
58828,0.5000036586034184
58829,0.5000036586034184
58830,0.5000036586034184
58831,0.5000036586034184
58832,0.5000036586034184
58833,0.500716950893306
58834,0.5000036586034184
58835,0.5000036586034184
58836,0.5000036586034184
58837,0.5000036586034184
58838,0.5000036586034184
58839,0.5000036586034184
58840,0.5000036586034184
58841,0.5000036586034184
58842,0.500716950893306
58843,0.5000036586034184
58844,0.5000036586034184
58845,0.5000036586034184
58846,0.5000036586034184
58847,0.5000036586034184
58848,0.5000036586034184
58849,0.500716950893306
58850,0.500716950893306
58851,0.500716950893306
58852,0.5000036586034184
58853,0.5000036586034184
58854,0.5000036586034184
58855,0.5000036586034184
58856,0.500716950893306
58857,0.5000036586034184
58858,0.5000036586034184
58859,0.5000036586034184
58860,0.4996001527158275
58861,0.5000036586034184
58862,0.5000036586034184
58863,0.5000036586034184
58864,0.500716950893306
58865,0.5000036586034184
58866,0.500716950893306
58867,0.500716950893306
58868,0.5000036586034184
58869,0.5000036586034184
58870,0.4996001527158275
58871,0.5000036586034184
58872,0.5000036586034184
58873,0.5000036586034184
58874,0.5000036586034184
58875,0.5000036586034184
58876,0.500716950893306
58877,0.5000036586034184
58878,0.5000036586034184
58879,0.5000036586034184
58880,0.500716950893306
58881,0.5000036586034184
58882,0.5000036586034184
58883,0.5000036586034184
58884,0.5000036586034184
58885,0.5000036586034184
58886,0.5000036586034184
58887,0.500716950893306
58888,0.5000036586034184
58889,0.5000036586034184
58890,0.5000036586034184
58891,0.5000036586034184
58892,0.5000036586034184
58893,0.5000036586034184
58894,0.5000036586034184
58895,0.5000036586034184
58896,0.500716950893306
58897,0.5000036586034184
58898,0.500716950893306
58899,0.4996001527158275
58900,0.5000036586034184
58901,0.5000036586034184
58902,0.5000036586034184
58903,0.500716950893306
58904,0.5000036586034184
58905,0.5000036586034184
58906,0.5000036586034184
58907,0.4996001527158275
58908,0.500716950893306
58909,0.5000036586034184
58910,0.5000036586034184
58911,0.500716950893306
58912,0.5000036586034184
58913,0.500716950893306
58914,0.5000036586034184
58915,0.5000036586034184
58916,0.5000036586034184
58917,0.5000036586034184
58918,0.500716950893306
58919,0.5000036586034184
58920,0.5000036586034184
58921,0.5000036586034184
58922,0.5000036586034184
58923,0.5000036586034184
58924,0.5000036586034184
58925,0.5000036586034184
58926,0.5000036586034184
58927,0.5000036586034184
58928,0.5000036586034184
58929,0.5000036586034184
58930,0.5000036586034184
58931,0.5000036586034184
58932,0.5000036586034184
58933,0.5000036586034184
58934,0.5000036586034184
58935,0.5000036586034184
58936,0.5000036586034184
58937,0.5000036586034184
58938,0.5000036586034184
58939,0.5000036586034184
58940,0.5000036586034184
58941,0.5000036586034184
58942,0.5000036586034184
58943,0.5000036586034184
58944,0.500716950893306
58945,0.500716950893306
58946,0.5000036586034184
58947,0.5000036586034184
58948,0.5000036586034184
58949,0.5000036586034184
58950,0.5000036586034184
58951,0.5000036586034184
58952,0.5000036586034184
58953,0.500716950893306
58954,0.5000036586034184
58955,0.5000036586034184
58956,0.5000036586034184
58957,0.5000036586034184
58958,0.5000036586034184
58959,0.5000036586034184
58960,0.5000036586034184
58961,0.500716950893306
58962,0.5000036586034184
58963,0.5000036586034184
58964,0.5000036586034184
58965,0.4996001527158275
58966,0.5000036586034184
58967,0.5000036586034184
58968,0.500716950893306
58969,0.4996001527158275
58970,0.5000036586034184
58971,0.5000036586034184
58972,0.5000036586034184
58973,0.5000036586034184
58974,0.5000036586034184
58975,0.5000036586034184
58976,0.5000036586034184
58977,0.5000036586034184
58978,0.5000036586034184
58979,0.5000036586034184
58980,0.500716950893306
58981,0.5000036586034184
58982,0.5000036586034184
58983,0.5000036586034184
58984,0.5000036586034184
58985,0.5000036586034184
58986,0.5000036586034184
58987,0.5000036586034184
58988,0.5000036586034184
58989,0.5000036586034184
58990,0.5000036586034184
58991,0.5000036586034184
58992,0.5000036586034184
58993,0.5000036586034184
58994,0.5000036586034184
58995,0.5000036586034184
58996,0.5000036586034184
58997,0.5000036586034184
58998,0.5000036586034184
58999,0.4996001527158275
59000,0.5000036586034184
59001,0.500716950893306
59002,0.5000036586034184
59003,0.5000036586034184
59004,0.5000036586034184
59005,0.5000036586034184
59006,0.5000036586034184
59007,0.5000036586034184
59008,0.500716950893306
59009,0.5000036586034184
59010,0.5000036586034184
59011,0.5000036586034184
59012,0.5000036586034184
59013,0.5000036586034184
59014,0.5000036586034184
59015,0.500716950893306
59016,0.4996001527158275
59017,0.5000036586034184
59018,0.500716950893306
59019,0.500716950893306
59020,0.5000036586034184
59021,0.5000036586034184
59022,0.5000036586034184
59023,0.5000036586034184
59024,0.5000036586034184
59025,0.5000036586034184
59026,0.5000036586034184
59027,0.5000036586034184
59028,0.5000036586034184
59029,0.5000036586034184
59030,0.5000036586034184
59031,0.5000036586034184
59032,0.500716950893306
59033,0.500716950893306
59034,0.5000036586034184
59035,0.5000036586034184
59036,0.5000036586034184
59037,0.5000036586034184
59038,0.5000036586034184
59039,0.5000036586034184
59040,0.5000036586034184
59041,0.5000036586034184
59042,0.5000036586034184
59043,0.5000036586034184
59044,0.500716950893306
59045,0.5000036586034184
59046,0.5000036586034184
59047,0.5000036586034184
59048,0.5000036586034184
59049,0.5000036586034184
59050,0.5000036586034184
59051,0.500716950893306
59052,0.5000036586034184
59053,0.5000036586034184
59054,0.5000036586034184
59055,0.5000036586034184
59056,0.5000036586034184
59057,0.5000036586034184
59058,0.5000036586034184
59059,0.5000036586034184
59060,0.5000036586034184
59061,0.5000036586034184
59062,0.5000036586034184
59063,0.5000036586034184
59064,0.5000036586034184
59065,0.500716950893306
59066,0.500716950893306
59067,0.5000036586034184
59068,0.5000036586034184
59069,0.5000036586034184
59070,0.5000036586034184
59071,0.500716950893306
59072,0.5000036586034184
59073,0.5000036586034184
59074,0.5000036586034184
59075,0.5000036586034184
59076,0.4996001527158275
59077,0.5000036586034184
59078,0.4996001527158275
59079,0.500716950893306
59080,0.5000036586034184
59081,0.5000036586034184
59082,0.500716950893306
59083,0.5000036586034184
59084,0.5000036586034184
59085,0.5000036586034184
59086,0.500716950893306
59087,0.5000036586034184
59088,0.5000036586034184
59089,0.5000036586034184
59090,0.5000036586034184
59091,0.5000036586034184
59092,0.5000036586034184
59093,0.5000036586034184
59094,0.5000036586034184
59095,0.5000036586034184
59096,0.5000036586034184
59097,0.500716950893306
59098,0.4996001527158275
59099,0.5000036586034184
59100,0.500716950893306
59101,0.5000036586034184
59102,0.500716950893306
59103,0.5000036586034184
59104,0.5000036586034184
59105,0.5000036586034184
59106,0.5000036586034184
59107,0.5000036586034184
59108,0.5000036586034184
59109,0.5000036586034184
59110,0.5000036586034184
59111,0.5000036586034184
59112,0.5000036586034184
59113,0.5000036586034184
59114,0.500716950893306
59115,0.500716950893306
59116,0.5000036586034184
59117,0.5000036586034184
59118,0.5000036586034184
59119,0.5000036586034184
59120,0.5000036586034184
59121,0.5000036586034184
59122,0.5000036586034184
59123,0.5000036586034184
59124,0.5000036586034184
59125,0.5000036586034184
59126,0.5000036586034184
59127,0.5000036586034184
59128,0.5000036586034184
59129,0.5000036586034184
59130,0.5000036586034184
59131,0.5000036586034184
59132,0.500716950893306
59133,0.5000036586034184
59134,0.5000036586034184
59135,0.5000036586034184
59136,0.5000036586034184
59137,0.500716950893306
59138,0.500716950893306
59139,0.5000036586034184
59140,0.5000036586034184
59141,0.5000036586034184
59142,0.500716950893306
59143,0.5000036586034184
59144,0.5000036586034184
59145,0.5000036586034184
59146,0.500716950893306
59147,0.5000036586034184
59148,0.500716950893306
59149,0.500716950893306
59150,0.5000036586034184
59151,0.500716950893306
59152,0.5000036586034184
59153,0.500716950893306
59154,0.5000036586034184
59155,0.5000036586034184
59156,0.4996001527158275
59157,0.500716950893306
59158,0.5000036586034184
59159,0.5000036586034184
59160,0.500716950893306
59161,0.5000036586034184
59162,0.5000036586034184
59163,0.500716950893306
59164,0.500716950893306
59165,0.5000036586034184
59166,0.5000036586034184
59167,0.5000036586034184
59168,0.500716950893306
59169,0.5000036586034184
59170,0.5000036586034184
59171,0.5000036586034184
59172,0.5000036586034184
59173,0.5000036586034184
59174,0.5000036586034184
59175,0.5000036586034184
59176,0.5000036586034184
59177,0.5000036586034184
59178,0.5000036586034184
59179,0.5000036586034184
59180,0.500716950893306
59181,0.5000036586034184
59182,0.5000036586034184
59183,0.5000036586034184
59184,0.500716950893306
59185,0.5000036586034184
59186,0.5000036586034184
59187,0.5000036586034184
59188,0.500716950893306
59189,0.500716950893306
59190,0.5000036586034184
59191,0.5000036586034184
59192,0.500716950893306
59193,0.5000036586034184
59194,0.500716950893306
59195,0.5000036586034184
59196,0.5000036586034184
59197,0.5000036586034184
59198,0.5000036586034184
59199,0.5000036586034184
59200,0.5000036586034184
59201,0.5000036586034184
59202,0.5000036586034184
59203,0.5000036586034184
59204,0.5000036586034184
59205,0.5000036586034184
59206,0.5000036586034184
59207,0.5000036586034184
59208,0.5000036586034184
59209,0.5000036586034184
59210,0.500716950893306
59211,0.5000036586034184
59212,0.5000036586034184
59213,0.5000036586034184
59214,0.500716950893306
59215,0.5000036586034184
59216,0.5000036586034184
59217,0.5000036586034184
59218,0.5000036586034184
59219,0.5000036586034184
59220,0.5000036586034184
59221,0.5000036586034184
59222,0.5000036586034184
59223,0.5000036586034184
59224,0.5000036586034184
59225,0.5000036586034184
59226,0.500716950893306
59227,0.500716950893306
59228,0.500716950893306
59229,0.5000036586034184
59230,0.5000036586034184
59231,0.500716950893306
59232,0.5000036586034184
59233,0.5000036586034184
59234,0.500716950893306
59235,0.5000036586034184
59236,0.5000036586034184
59237,0.5000036586034184
59238,0.5000036586034184
59239,0.5000036586034184
59240,0.5000036586034184
59241,0.5000036586034184
59242,0.5000036586034184
59243,0.5000036586034184
59244,0.500716950893306
59245,0.5000036586034184
59246,0.5000036586034184
59247,0.5000036586034184
59248,0.5000036586034184
59249,0.5000036586034184
59250,0.5000036586034184
59251,0.5000036586034184
59252,0.5000036586034184
59253,0.5000036586034184
59254,0.5000036586034184
59255,0.4996001527158275
59256,0.5000036586034184
59257,0.5000036586034184
59258,0.5000036586034184
59259,0.5000036586034184
59260,0.500716950893306
59261,0.5000036586034184
59262,0.5000036586034184
59263,0.5000036586034184
59264,0.5000036586034184
59265,0.4996001527158275
59266,0.5000036586034184
59267,0.5000036586034184
59268,0.5000036586034184
59269,0.500716950893306
59270,0.5000036586034184
59271,0.5000036586034184
59272,0.500716950893306
59273,0.5000036586034184
59274,0.5000036586034184
59275,0.5000036586034184
59276,0.5000036586034184
59277,0.5000036586034184
59278,0.5000036586034184
59279,0.5000036586034184
59280,0.5000036586034184
59281,0.5000036586034184
59282,0.5000036586034184
59283,0.5000036586034184
59284,0.5000036586034184
59285,0.5000036586034184
59286,0.5000036586034184
59287,0.5000036586034184
59288,0.5000036586034184
59289,0.5000036586034184
59290,0.500716950893306
59291,0.5000036586034184
59292,0.500716950893306
59293,0.5000036586034184
59294,0.500716950893306
59295,0.5000036586034184
59296,0.5000036586034184
59297,0.5000036586034184
59298,0.5000036586034184
59299,0.4996001527158275
59300,0.5000036586034184
59301,0.5000036586034184
59302,0.5000036586034184
59303,0.5000036586034184
59304,0.5000036586034184
59305,0.5000036586034184
59306,0.5000036586034184
59307,0.500716950893306
59308,0.5000036586034184
59309,0.5000036586034184
59310,0.5000036586034184
59311,0.500716950893306
59312,0.5000036586034184
59313,0.5000036586034184
59314,0.5000036586034184
59315,0.5000036586034184
59316,0.5000036586034184
59317,0.5000036586034184
59318,0.5000036586034184
59319,0.5000036586034184
59320,0.5000036586034184
59321,0.5000036586034184
59322,0.5000036586034184
59323,0.5000036586034184
59324,0.5000036586034184
59325,0.5000036586034184
59326,0.5000036586034184
59327,0.500716950893306
59328,0.500716950893306
59329,0.5000036586034184
59330,0.5000036586034184
59331,0.500716950893306
59332,0.5000036586034184
59333,0.5000036586034184
59334,0.5000036586034184
59335,0.5000036586034184
59336,0.5000036586034184
59337,0.5000036586034184
59338,0.500716950893306
59339,0.5000036586034184
59340,0.5000036586034184
59341,0.5000036586034184
59342,0.500716950893306
59343,0.5000036586034184
59344,0.5000036586034184
59345,0.5000036586034184
59346,0.5000036586034184
59347,0.5000036586034184
59348,0.5000036586034184
59349,0.500716950893306
59350,0.5000036586034184
59351,0.5000036586034184
59352,0.5000036586034184
59353,0.5000036586034184
59354,0.5000036586034184
59355,0.5000036586034184
59356,0.5000036586034184
59357,0.5000036586034184
59358,0.5000036586034184
59359,0.5000036586034184
59360,0.5000036586034184
59361,0.5000036586034184
59362,0.5000036586034184
59363,0.5000036586034184
59364,0.500716950893306
59365,0.5000036586034184
59366,0.5000036586034184
59367,0.5000036586034184
59368,0.5000036586034184
59369,0.5000036586034184
59370,0.5000036586034184
59371,0.5000036586034184
59372,0.5000036586034184
59373,0.5000036586034184
59374,0.5000036586034184
59375,0.5000036586034184
59376,0.5000036586034184
59377,0.5000036586034184
59378,0.500716950893306
59379,0.5000036586034184
59380,0.5000036586034184
59381,0.5000036586034184
59382,0.5000036586034184
59383,0.5000036586034184
59384,0.5000036586034184
59385,0.5000036586034184
59386,0.5000036586034184
59387,0.5000036586034184
59388,0.5000036586034184
59389,0.5000036586034184
59390,0.500716950893306
59391,0.5000036586034184
59392,0.5000036586034184
59393,0.5000036586034184
59394,0.5000036586034184
59395,0.5000036586034184
59396,0.5000036586034184
59397,0.5000036586034184
59398,0.5000036586034184
59399,0.5000036586034184
59400,0.5000036586034184
59401,0.5000036586034184
59402,0.4996001527158275
59403,0.500716950893306
59404,0.5000036586034184
59405,0.5000036586034184
59406,0.5000036586034184
59407,0.500716950893306
59408,0.5000036586034184
59409,0.5000036586034184
59410,0.5000036586034184
59411,0.5000036586034184
59412,0.5000036586034184
59413,0.5000036586034184
59414,0.5000036586034184
59415,0.5000036586034184
59416,0.5000036586034184
59417,0.5000036586034184
59418,0.5000036586034184
59419,0.5000036586034184
59420,0.500716950893306
59421,0.4996001527158275
59422,0.500716950893306
59423,0.5000036586034184
59424,0.5000036586034184
59425,0.5000036586034184
59426,0.5000036586034184
59427,0.5000036586034184
59428,0.5000036586034184
59429,0.5000036586034184
59430,0.5000036586034184
59431,0.5000036586034184
59432,0.5000036586034184
59433,0.500716950893306
59434,0.500716950893306
59435,0.5000036586034184
59436,0.500716950893306
59437,0.5000036586034184
59438,0.5000036586034184
59439,0.4996001527158275
59440,0.500716950893306
59441,0.5000036586034184
59442,0.5000036586034184
59443,0.5000036586034184
59444,0.500716950893306
59445,0.5000036586034184
59446,0.5000036586034184
59447,0.5000036586034184
59448,0.5000036586034184
59449,0.5000036586034184
59450,0.5000036586034184
59451,0.5000036586034184
59452,0.5000036586034184
59453,0.5000036586034184
59454,0.5000036586034184
59455,0.5000036586034184
59456,0.5000036586034184
59457,0.5000036586034184
59458,0.500716950893306
59459,0.5000036586034184
59460,0.5000036586034184
59461,0.5000036586034184
59462,0.5000036586034184
59463,0.5000036586034184
59464,0.5000036586034184
59465,0.5000036586034184
59466,0.5000036586034184
59467,0.4996001527158275
59468,0.5000036586034184
59469,0.5000036586034184
59470,0.5000036586034184
59471,0.5000036586034184
59472,0.5000036586034184
59473,0.5000036586034184
59474,0.5000036586034184
59475,0.500716950893306
59476,0.5000036586034184
59477,0.5000036586034184
59478,0.5000036586034184
59479,0.5000036586034184
59480,0.5000036586034184
59481,0.5000036586034184
59482,0.5000036586034184
59483,0.500716950893306
59484,0.500716950893306
59485,0.5000036586034184
59486,0.5000036586034184
59487,0.5000036586034184
59488,0.500716950893306
59489,0.500716950893306
59490,0.5000036586034184
59491,0.500716950893306
59492,0.5000036586034184
59493,0.5000036586034184
59494,0.5000036586034184
59495,0.5000036586034184
59496,0.5000036586034184
59497,0.5000036586034184
59498,0.5000036586034184
59499,0.5000036586034184
59500,0.5000036586034184
59501,0.5000036586034184
59502,0.5000036586034184
59503,0.5000036586034184
59504,0.500716950893306
59505,0.500716950893306
59506,0.5000036586034184
59507,0.4996001527158275
59508,0.5000036586034184
59509,0.5000036586034184
59510,0.5000036586034184
59511,0.5000036586034184
59512,0.5000036586034184
59513,0.5000036586034184
59514,0.5000036586034184
59515,0.500716950893306
59516,0.5000036586034184
59517,0.5000036586034184
59518,0.5000036586034184
59519,0.5000036586034184
59520,0.5000036586034184
59521,0.5000036586034184
59522,0.5000036586034184
59523,0.5000036586034184
59524,0.500716950893306
59525,0.5000036586034184
59526,0.5000036586034184
59527,0.500716950893306
59528,0.5000036586034184
59529,0.500716950893306
59530,0.5000036586034184
59531,0.5000036586034184
59532,0.5000036586034184
59533,0.5000036586034184
59534,0.5000036586034184
59535,0.5000036586034184
59536,0.5000036586034184
59537,0.5000036586034184
59538,0.500716950893306
59539,0.5000036586034184
59540,0.500716950893306
59541,0.5000036586034184
59542,0.5000036586034184
59543,0.5000036586034184
59544,0.500716950893306
59545,0.5000036586034184
59546,0.5000036586034184
59547,0.5000036586034184
59548,0.5000036586034184
59549,0.5000036586034184
59550,0.5000036586034184
59551,0.5000036586034184
59552,0.500716950893306
59553,0.5000036586034184
59554,0.5000036586034184
59555,0.5000036586034184
59556,0.4996001527158275
59557,0.5000036586034184
59558,0.5000036586034184
59559,0.5000036586034184
59560,0.5000036586034184
59561,0.5000036586034184
59562,0.5000036586034184
59563,0.500716950893306
59564,0.5000036586034184
59565,0.5000036586034184
59566,0.5000036586034184
59567,0.5000036586034184
59568,0.5000036586034184
59569,0.5000036586034184
59570,0.4996001527158275
59571,0.4996001527158275
59572,0.5000036586034184
59573,0.500716950893306
59574,0.5000036586034184
59575,0.5000036586034184
59576,0.5000036586034184
59577,0.5000036586034184
59578,0.5000036586034184
59579,0.5000036586034184
59580,0.500716950893306
59581,0.5000036586034184
59582,0.5000036586034184
59583,0.4996001527158275
59584,0.5000036586034184
59585,0.5000036586034184
59586,0.5000036586034184
59587,0.500716950893306
59588,0.5000036586034184
59589,0.5000036586034184
59590,0.5000036586034184
59591,0.5000036586034184
59592,0.5000036586034184
59593,0.5000036586034184
59594,0.5000036586034184
59595,0.5000036586034184
59596,0.5000036586034184
59597,0.5000036586034184
59598,0.500716950893306
59599,0.5000036586034184
59600,0.500716950893306
59601,0.5000036586034184
59602,0.5000036586034184
59603,0.5000036586034184
59604,0.5000036586034184
59605,0.5000036586034184
59606,0.5000036586034184
59607,0.5000036586034184
59608,0.4996001527158275
59609,0.500716950893306
59610,0.5000036586034184
59611,0.5000036586034184
59612,0.5000036586034184
59613,0.5000036586034184
59614,0.500716950893306
59615,0.500716950893306
59616,0.5000036586034184
59617,0.5000036586034184
59618,0.500716950893306
59619,0.5000036586034184
59620,0.5000036586034184
59621,0.5000036586034184
59622,0.5000036586034184
59623,0.5000036586034184
59624,0.5000036586034184
59625,0.5000036586034184
59626,0.5000036586034184
59627,0.5000036586034184
59628,0.5000036586034184
59629,0.5000036586034184
59630,0.5000036586034184
59631,0.500716950893306
59632,0.5000036586034184
59633,0.5000036586034184
59634,0.5000036586034184
59635,0.5000036586034184
59636,0.5000036586034184
59637,0.5000036586034184
59638,0.5000036586034184
59639,0.5000036586034184
59640,0.5000036586034184
59641,0.5000036586034184
59642,0.5000036586034184
59643,0.5000036586034184
59644,0.5000036586034184
59645,0.5000036586034184
59646,0.5000036586034184
59647,0.5000036586034184
59648,0.5000036586034184
59649,0.5000036586034184
59650,0.5000036586034184
59651,0.5000036586034184
59652,0.5000036586034184
59653,0.5000036586034184
59654,0.5000036586034184
59655,0.4996001527158275
59656,0.5000036586034184
59657,0.4996001527158275
59658,0.5000036586034184
59659,0.5000036586034184
59660,0.5000036586034184
59661,0.5000036586034184
59662,0.5000036586034184
59663,0.5000036586034184
59664,0.5000036586034184
59665,0.5000036586034184
59666,0.5000036586034184
59667,0.5000036586034184
59668,0.500716950893306
59669,0.5000036586034184
59670,0.5000036586034184
59671,0.5000036586034184
59672,0.5000036586034184
59673,0.5000036586034184
59674,0.5000036586034184
59675,0.5000036586034184
59676,0.5000036586034184
59677,0.5000036586034184
59678,0.5000036586034184
59679,0.5000036586034184
59680,0.5000036586034184
59681,0.5000036586034184
59682,0.5000036586034184
59683,0.5000036586034184
59684,0.5000036586034184
59685,0.5000036586034184
59686,0.5000036586034184
59687,0.5000036586034184
59688,0.5000036586034184
59689,0.4996001527158275
59690,0.5000036586034184
59691,0.500716950893306
59692,0.5000036586034184
59693,0.5000036586034184
59694,0.500716950893306
59695,0.5000036586034184
59696,0.5000036586034184
59697,0.5000036586034184
59698,0.5000036586034184
59699,0.5000036586034184
59700,0.500716950893306
59701,0.500716950893306
59702,0.500716950893306
59703,0.5000036586034184
59704,0.5000036586034184
59705,0.5000036586034184
59706,0.5000036586034184
59707,0.5000036586034184
59708,0.5000036586034184
59709,0.5000036586034184
59710,0.5000036586034184
59711,0.5000036586034184
59712,0.5000036586034184
59713,0.500716950893306
59714,0.5000036586034184
59715,0.5000036586034184
59716,0.5000036586034184
59717,0.5000036586034184
59718,0.5000036586034184
59719,0.5000036586034184
59720,0.5000036586034184
59721,0.5000036586034184
59722,0.5000036586034184
59723,0.5000036586034184
59724,0.5000036586034184
59725,0.5000036586034184
59726,0.5000036586034184
59727,0.5000036586034184
59728,0.5000036586034184
59729,0.5000036586034184
59730,0.5000036586034184
59731,0.4996001527158275
59732,0.5000036586034184
59733,0.5000036586034184
59734,0.5000036586034184
59735,0.5000036586034184
59736,0.5000036586034184
59737,0.5000036586034184
59738,0.5000036586034184
59739,0.5000036586034184
59740,0.5000036586034184
59741,0.500716950893306
59742,0.5000036586034184
59743,0.500716950893306
59744,0.5000036586034184
59745,0.5000036586034184
59746,0.5000036586034184
59747,0.5000036586034184
59748,0.5000036586034184
59749,0.5000036586034184
59750,0.5000036586034184
59751,0.500716950893306
59752,0.5000036586034184
59753,0.5000036586034184
59754,0.500716950893306
59755,0.5000036586034184
59756,0.5000036586034184
59757,0.5000036586034184
59758,0.5000036586034184
59759,0.500716950893306
59760,0.5000036586034184
59761,0.5000036586034184
59762,0.500716950893306
59763,0.5000036586034184
59764,0.5000036586034184
59765,0.5000036586034184
59766,0.5000036586034184
59767,0.5000036586034184
59768,0.5000036586034184
59769,0.5000036586034184
59770,0.5000036586034184
59771,0.5000036586034184
59772,0.5000036586034184
59773,0.5000036586034184
59774,0.4996001527158275
59775,0.5000036586034184
59776,0.5000036586034184
59777,0.4996001527158275
59778,0.5000036586034184
59779,0.5000036586034184
59780,0.5000036586034184
59781,0.5000036586034184
59782,0.5000036586034184
59783,0.5000036586034184
59784,0.5000036586034184
59785,0.5000036586034184
59786,0.5000036586034184
59787,0.5000036586034184
59788,0.5000036586034184
59789,0.5000036586034184
59790,0.5000036586034184
59791,0.5000036586034184
59792,0.500716950893306
59793,0.5000036586034184
59794,0.4996001527158275
59795,0.5000036586034184
59796,0.5000036586034184
59797,0.5000036586034184
59798,0.5000036586034184
59799,0.5000036586034184
59800,0.500716950893306
59801,0.5000036586034184
59802,0.5000036586034184
59803,0.5000036586034184
59804,0.5000036586034184
59805,0.5000036586034184
59806,0.5000036586034184
59807,0.500716950893306
59808,0.5000036586034184
59809,0.5000036586034184
59810,0.5000036586034184
59811,0.5000036586034184
59812,0.500716950893306
59813,0.5000036586034184
59814,0.5000036586034184
59815,0.5000036586034184
59816,0.5000036586034184
59817,0.5000036586034184
59818,0.5000036586034184
59819,0.5000036586034184
59820,0.5000036586034184
59821,0.5000036586034184
59822,0.5000036586034184
59823,0.5000036586034184
59824,0.5000036586034184
59825,0.5000036586034184
59826,0.5000036586034184
59827,0.5000036586034184
59828,0.4996001527158275
59829,0.5000036586034184
59830,0.5000036586034184
59831,0.5000036586034184
59832,0.5000036586034184
59833,0.500716950893306
59834,0.4996001527158275
59835,0.500716950893306
59836,0.5000036586034184
59837,0.5000036586034184
59838,0.5000036586034184
59839,0.5000036586034184
59840,0.5000036586034184
59841,0.5000036586034184
59842,0.5000036586034184
59843,0.5000036586034184
59844,0.500716950893306
59845,0.5000036586034184
59846,0.5000036586034184
59847,0.5000036586034184
59848,0.5000036586034184
59849,0.5000036586034184
59850,0.5000036586034184
59851,0.5000036586034184
59852,0.500716950893306
59853,0.5000036586034184
59854,0.5000036586034184
59855,0.5000036586034184
59856,0.4996001527158275
59857,0.5000036586034184
59858,0.500716950893306
59859,0.500716950893306
59860,0.5000036586034184
59861,0.5000036586034184
59862,0.4996001527158275
59863,0.5000036586034184
59864,0.500716950893306
59865,0.500716950893306
59866,0.5000036586034184
59867,0.5000036586034184
59868,0.500716950893306
59869,0.500716950893306
59870,0.500716950893306
59871,0.5000036586034184
59872,0.5000036586034184
59873,0.5000036586034184
59874,0.5000036586034184
59875,0.5000036586034184
59876,0.5000036586034184
59877,0.500716950893306
59878,0.5000036586034184
59879,0.5000036586034184
59880,0.5000036586034184
59881,0.500716950893306
59882,0.5000036586034184
59883,0.5000036586034184
59884,0.5000036586034184
59885,0.5000036586034184
59886,0.5000036586034184
59887,0.5000036586034184
59888,0.5000036586034184
59889,0.500716950893306
59890,0.5000036586034184
59891,0.5000036586034184
59892,0.5000036586034184
59893,0.5000036586034184
59894,0.5000036586034184
59895,0.5000036586034184
59896,0.5000036586034184
59897,0.5000036586034184
59898,0.5000036586034184
59899,0.5000036586034184
59900,0.5000036586034184
59901,0.5000036586034184
59902,0.5000036586034184
59903,0.5000036586034184
59904,0.5000036586034184
59905,0.500716950893306
59906,0.5000036586034184
59907,0.5000036586034184
59908,0.4996001527158275
59909,0.5000036586034184
59910,0.5000036586034184
59911,0.5000036586034184
59912,0.4996001527158275
59913,0.500716950893306
59914,0.5000036586034184
59915,0.5000036586034184
59916,0.5000036586034184
59917,0.5000036586034184
59918,0.5000036586034184
59919,0.5000036586034184
59920,0.5000036586034184
59921,0.5000036586034184
59922,0.5000036586034184
59923,0.5000036586034184
59924,0.5000036586034184
59925,0.5000036586034184
59926,0.5000036586034184
59927,0.5000036586034184
59928,0.5000036586034184
59929,0.5000036586034184
59930,0.500716950893306
59931,0.500716950893306
59932,0.500716950893306
59933,0.5000036586034184
59934,0.5000036586034184
59935,0.5000036586034184
59936,0.5000036586034184
59937,0.5000036586034184
59938,0.5000036586034184
59939,0.5000036586034184
59940,0.5000036586034184
59941,0.5000036586034184
59942,0.5000036586034184
59943,0.5000036586034184
59944,0.500716950893306
59945,0.5000036586034184
59946,0.500716950893306
59947,0.5000036586034184
59948,0.5000036586034184
59949,0.5000036586034184
59950,0.500716950893306
59951,0.5000036586034184
59952,0.5000036586034184
59953,0.5000036586034184
59954,0.5000036586034184
59955,0.5000036586034184
59956,0.5000036586034184
59957,0.5000036586034184
59958,0.500716950893306
59959,0.4996001527158275
59960,0.5000036586034184
59961,0.5000036586034184
59962,0.5000036586034184
59963,0.5000036586034184
59964,0.4996001527158275
59965,0.5000036586034184
59966,0.5000036586034184
59967,0.5000036586034184
59968,0.500716950893306
59969,0.500716950893306
59970,0.5000036586034184
59971,0.5000036586034184
59972,0.5000036586034184
59973,0.5000036586034184
59974,0.500716950893306
59975,0.500716950893306
59976,0.500716950893306
59977,0.5000036586034184
59978,0.5000036586034184
59979,0.5000036586034184
59980,0.5000036586034184
59981,0.5000036586034184
59982,0.500716950893306
59983,0.500716950893306
59984,0.500716950893306
59985,0.5000036586034184
59986,0.500716950893306
59987,0.5000036586034184
59988,0.5000036586034184
59989,0.4996001527158275
59990,0.5000036586034184
59991,0.5000036586034184
59992,0.5000036586034184
59993,0.500716950893306
59994,0.5000036586034184
59995,0.5000036586034184
59996,0.5000036586034184
59997,0.5000036586034184
59998,0.5000036586034184
59999,0.500716950893306
60000,0.5000036586034184
60001,0.500716950893306
60002,0.5000036586034184
60003,0.5000036586034184
60004,0.500716950893306
60005,0.5000036586034184
60006,0.5000036586034184
60007,0.5000036586034184
60008,0.5000036586034184
60009,0.5000036586034184
60010,0.5000036586034184
60011,0.5000036586034184
60012,0.5000036586034184
60013,0.5000036586034184
60014,0.5000036586034184
60015,0.5000036586034184
60016,0.4996001527158275
60017,0.5000036586034184
60018,0.5000036586034184
60019,0.5000036586034184
60020,0.5000036586034184
60021,0.5000036586034184
60022,0.5000036586034184
60023,0.5000036586034184
60024,0.5000036586034184
60025,0.5000036586034184
60026,0.5000036586034184
60027,0.500716950893306
60028,0.500716950893306
60029,0.5000036586034184
60030,0.5000036586034184
60031,0.5000036586034184
60032,0.5000036586034184
60033,0.5000036586034184
60034,0.500716950893306
60035,0.5000036586034184
60036,0.500716950893306
60037,0.4996001527158275
60038,0.5000036586034184
60039,0.5000036586034184
60040,0.5000036586034184
60041,0.5000036586034184
60042,0.5000036586034184
60043,0.5000036586034184
60044,0.4996001527158275
60045,0.5000036586034184
60046,0.5000036586034184
60047,0.5000036586034184
60048,0.5000036586034184
60049,0.5000036586034184
60050,0.5000036586034184
60051,0.5000036586034184
60052,0.5000036586034184
60053,0.500716950893306
60054,0.5000036586034184
60055,0.5000036586034184
60056,0.5000036586034184
60057,0.5000036586034184
60058,0.5000036586034184
60059,0.500716950893306
60060,0.500716950893306
60061,0.5000036586034184
60062,0.5000036586034184
60063,0.5000036586034184
60064,0.5000036586034184
60065,0.5000036586034184
60066,0.5000036586034184
60067,0.4996001527158275
60068,0.5000036586034184
60069,0.5000036586034184
60070,0.5000036586034184
60071,0.5000036586034184
60072,0.5000036586034184
60073,0.5000036586034184
60074,0.5000036586034184
60075,0.5000036586034184
60076,0.5000036586034184
60077,0.5000036586034184
60078,0.5000036586034184
60079,0.500716950893306
60080,0.500716950893306
60081,0.5000036586034184
60082,0.5000036586034184
60083,0.5000036586034184
60084,0.500716950893306
60085,0.4996001527158275
60086,0.5000036586034184
60087,0.5000036586034184
60088,0.5000036586034184
60089,0.5000036586034184
60090,0.5000036586034184
60091,0.500716950893306
60092,0.5000036586034184
60093,0.5000036586034184
60094,0.5000036586034184
60095,0.5000036586034184
60096,0.5000036586034184
60097,0.5000036586034184
60098,0.5000036586034184
60099,0.5000036586034184
60100,0.5000036586034184
60101,0.4996001527158275
60102,0.5000036586034184
60103,0.500716950893306
60104,0.500716950893306
60105,0.4996001527158275
60106,0.5000036586034184
60107,0.500716950893306
60108,0.5000036586034184
60109,0.500716950893306
60110,0.5000036586034184
60111,0.500716950893306
60112,0.5000036586034184
60113,0.5000036586034184
60114,0.5000036586034184
60115,0.500716950893306
60116,0.5000036586034184
60117,0.5000036586034184
60118,0.5000036586034184
60119,0.5000036586034184
60120,0.500716950893306
60121,0.5000036586034184
60122,0.5000036586034184
60123,0.5000036586034184
60124,0.5000036586034184
60125,0.5000036586034184
60126,0.5000036586034184
60127,0.5000036586034184
60128,0.5000036586034184
60129,0.5000036586034184
60130,0.5000036586034184
60131,0.5000036586034184
60132,0.5000036586034184
60133,0.5000036586034184
60134,0.5000036586034184
60135,0.5000036586034184
60136,0.5000036586034184
60137,0.4996001527158275
60138,0.5000036586034184
60139,0.500716950893306
60140,0.4996001527158275
60141,0.5000036586034184
60142,0.5000036586034184
60143,0.5000036586034184
60144,0.5000036586034184
60145,0.5000036586034184
60146,0.5000036586034184
60147,0.5000036586034184
60148,0.5000036586034184
60149,0.5000036586034184
60150,0.5000036586034184
60151,0.5000036586034184
60152,0.5000036586034184
60153,0.5000036586034184
60154,0.5000036586034184
60155,0.5000036586034184
60156,0.5000036586034184
60157,0.5000036586034184
60158,0.5000036586034184
60159,0.5000036586034184
60160,0.5000036586034184
60161,0.5000036586034184
60162,0.5000036586034184
60163,0.500716950893306
60164,0.500716950893306
60165,0.5000036586034184
60166,0.4996001527158275
60167,0.500716950893306
60168,0.5000036586034184
60169,0.5000036586034184
60170,0.5000036586034184
60171,0.5000036586034184
60172,0.5000036586034184
60173,0.5000036586034184
60174,0.5000036586034184
60175,0.5000036586034184
60176,0.5000036586034184
60177,0.5000036586034184
60178,0.5000036586034184
60179,0.500716950893306
60180,0.4996001527158275
60181,0.5000036586034184
60182,0.5000036586034184
60183,0.5000036586034184
60184,0.5000036586034184
60185,0.5000036586034184
60186,0.5000036586034184
60187,0.5000036586034184
60188,0.5000036586034184
60189,0.5000036586034184
60190,0.500716950893306
60191,0.5000036586034184
60192,0.5000036586034184
60193,0.5000036586034184
60194,0.5000036586034184
60195,0.5000036586034184
60196,0.500716950893306
60197,0.5000036586034184
60198,0.5000036586034184
60199,0.5000036586034184
60200,0.5000036586034184
60201,0.5000036586034184
60202,0.5000036586034184
60203,0.5000036586034184
60204,0.5000036586034184
60205,0.500716950893306
60206,0.5000036586034184
60207,0.500716950893306
60208,0.5000036586034184
60209,0.5000036586034184
60210,0.5000036586034184
60211,0.500716950893306
60212,0.5000036586034184
60213,0.5000036586034184
60214,0.5000036586034184
60215,0.5000036586034184
60216,0.5000036586034184
60217,0.5000036586034184
60218,0.500716950893306
60219,0.5000036586034184
60220,0.500716950893306
60221,0.5000036586034184
60222,0.5000036586034184
60223,0.5000036586034184
60224,0.5000036586034184
60225,0.5000036586034184
60226,0.5000036586034184
60227,0.5000036586034184
60228,0.5000036586034184
60229,0.5000036586034184
60230,0.5000036586034184
60231,0.5000036586034184
60232,0.5000036586034184
60233,0.5000036586034184
60234,0.5000036586034184
60235,0.5000036586034184
60236,0.5000036586034184
60237,0.4996001527158275
60238,0.5000036586034184
60239,0.5000036586034184
60240,0.5000036586034184
60241,0.5000036586034184
60242,0.5000036586034184
60243,0.5000036586034184
60244,0.5000036586034184
60245,0.5000036586034184
60246,0.5000036586034184
60247,0.500716950893306
60248,0.500716950893306
60249,0.500716950893306
60250,0.5000036586034184
60251,0.5000036586034184
60252,0.5000036586034184
60253,0.5000036586034184
60254,0.5000036586034184
60255,0.5000036586034184
60256,0.5000036586034184
60257,0.500716950893306
60258,0.5000036586034184
60259,0.5000036586034184
60260,0.5000036586034184
60261,0.5000036586034184
60262,0.5000036586034184
60263,0.5000036586034184
60264,0.500716950893306
60265,0.5000036586034184
60266,0.5000036586034184
60267,0.500716950893306
60268,0.500716950893306
60269,0.5000036586034184
60270,0.500716950893306
60271,0.500716950893306
60272,0.500716950893306
60273,0.5000036586034184
60274,0.5000036586034184
60275,0.5000036586034184
60276,0.5000036586034184
60277,0.5000036586034184
60278,0.5000036586034184
60279,0.500716950893306
60280,0.500716950893306
60281,0.5000036586034184
60282,0.500716950893306
60283,0.5000036586034184
60284,0.5000036586034184
60285,0.5000036586034184
60286,0.5000036586034184
60287,0.5000036586034184
60288,0.500716950893306
60289,0.500716950893306
60290,0.5000036586034184
60291,0.5000036586034184
60292,0.5000036586034184
60293,0.5000036586034184
60294,0.5000036586034184
60295,0.5000036586034184
60296,0.5000036586034184
60297,0.5000036586034184
60298,0.4996001527158275
60299,0.5000036586034184
60300,0.5000036586034184
60301,0.5000036586034184
60302,0.5000036586034184
60303,0.500716950893306
60304,0.500716950893306
60305,0.5000036586034184
60306,0.5000036586034184
60307,0.5000036586034184
60308,0.5000036586034184
60309,0.5000036586034184
60310,0.500716950893306
60311,0.5000036586034184
60312,0.5000036586034184
60313,0.5000036586034184
60314,0.4996001527158275
60315,0.5000036586034184
60316,0.5000036586034184
60317,0.5000036586034184
60318,0.500716950893306
60319,0.5000036586034184
60320,0.5000036586034184
60321,0.5000036586034184
60322,0.500716950893306
60323,0.5000036586034184
60324,0.4996001527158275
60325,0.5000036586034184
60326,0.500716950893306
60327,0.500716950893306
60328,0.5000036586034184
60329,0.5000036586034184
60330,0.5000036586034184
60331,0.5000036586034184
60332,0.500716950893306
60333,0.5000036586034184
60334,0.5000036586034184
60335,0.5000036586034184
60336,0.5000036586034184
60337,0.5000036586034184
60338,0.5000036586034184
60339,0.500716950893306
60340,0.5000036586034184
60341,0.5000036586034184
60342,0.5000036586034184
60343,0.500716950893306
60344,0.5000036586034184
60345,0.5000036586034184
60346,0.5000036586034184
60347,0.5000036586034184
60348,0.5000036586034184
60349,0.5000036586034184
60350,0.5000036586034184
60351,0.500716950893306
60352,0.5000036586034184
60353,0.5000036586034184
60354,0.5000036586034184
60355,0.5000036586034184
60356,0.5000036586034184
60357,0.5000036586034184
60358,0.5000036586034184
60359,0.500716950893306
60360,0.5000036586034184
60361,0.500716950893306
60362,0.5000036586034184
60363,0.5000036586034184
60364,0.5000036586034184
60365,0.5000036586034184
60366,0.5000036586034184
60367,0.5000036586034184
60368,0.5000036586034184
60369,0.5000036586034184
60370,0.5000036586034184
60371,0.5000036586034184
60372,0.5000036586034184
60373,0.5000036586034184
60374,0.500716950893306
60375,0.5000036586034184
60376,0.5000036586034184
60377,0.5000036586034184
60378,0.500716950893306
60379,0.5000036586034184
60380,0.500716950893306
60381,0.5000036586034184
60382,0.5000036586034184
60383,0.5000036586034184
60384,0.5000036586034184
60385,0.5000036586034184
60386,0.500716950893306
60387,0.500716950893306
60388,0.5000036586034184
60389,0.5000036586034184
60390,0.5000036586034184
60391,0.5000036586034184
60392,0.5000036586034184
60393,0.5000036586034184
60394,0.5000036586034184
60395,0.5000036586034184
60396,0.5000036586034184
60397,0.5000036586034184
60398,0.4996001527158275
60399,0.5000036586034184
60400,0.500716950893306
60401,0.5000036586034184
60402,0.500716950893306
60403,0.5000036586034184
60404,0.500716950893306
60405,0.5000036586034184
60406,0.4996001527158275
60407,0.5000036586034184
60408,0.500716950893306
60409,0.5000036586034184
60410,0.4996001527158275
60411,0.5000036586034184
60412,0.500716950893306
60413,0.5000036586034184
60414,0.5000036586034184
60415,0.5000036586034184
60416,0.5000036586034184
60417,0.5000036586034184
60418,0.5000036586034184
60419,0.500716950893306
60420,0.5000036586034184
60421,0.500716950893306
60422,0.5000036586034184
60423,0.5000036586034184
60424,0.500716950893306
60425,0.500716950893306
60426,0.5000036586034184
60427,0.500716950893306
60428,0.5000036586034184
60429,0.5000036586034184
60430,0.5000036586034184
60431,0.5000036586034184
60432,0.5000036586034184
60433,0.5000036586034184
60434,0.5000036586034184
60435,0.5000036586034184
60436,0.500716950893306
60437,0.5000036586034184
60438,0.5000036586034184
60439,0.5000036586034184
60440,0.5000036586034184
60441,0.500716950893306
60442,0.5000036586034184
60443,0.5000036586034184
60444,0.5000036586034184
60445,0.5000036586034184
60446,0.5000036586034184
60447,0.5000036586034184
60448,0.5000036586034184
60449,0.500716950893306
60450,0.5000036586034184
60451,0.5000036586034184
60452,0.500716950893306
60453,0.500716950893306
60454,0.5000036586034184
60455,0.5000036586034184
60456,0.5000036586034184
60457,0.5000036586034184
60458,0.5000036586034184
60459,0.5000036586034184
60460,0.5000036586034184
60461,0.500716950893306
60462,0.5000036586034184
60463,0.5000036586034184
60464,0.5000036586034184
60465,0.5000036586034184
60466,0.5000036586034184
60467,0.4996001527158275
60468,0.500716950893306
60469,0.5000036586034184
60470,0.5000036586034184
60471,0.5000036586034184
60472,0.5000036586034184
60473,0.5000036586034184
60474,0.5000036586034184
60475,0.5000036586034184
60476,0.5000036586034184
60477,0.5000036586034184
60478,0.5000036586034184
60479,0.5000036586034184
60480,0.500716950893306
60481,0.5000036586034184
60482,0.5000036586034184
60483,0.5000036586034184
60484,0.5000036586034184
60485,0.5000036586034184
60486,0.5000036586034184
60487,0.5000036586034184
60488,0.5000036586034184
60489,0.5000036586034184
60490,0.500716950893306
60491,0.5000036586034184
60492,0.5000036586034184
60493,0.5000036586034184
60494,0.5000036586034184
60495,0.5000036586034184
60496,0.5000036586034184
60497,0.5000036586034184
60498,0.5000036586034184
60499,0.500716950893306
60500,0.5000036586034184
60501,0.5000036586034184
60502,0.5000036586034184
60503,0.5000036586034184
60504,0.5000036586034184
60505,0.5000036586034184
60506,0.5000036586034184
60507,0.5000036586034184
60508,0.500716950893306
60509,0.500716950893306
60510,0.5000036586034184
60511,0.5000036586034184
60512,0.5000036586034184
60513,0.5000036586034184
60514,0.5000036586034184
60515,0.5000036586034184
60516,0.5000036586034184
60517,0.5000036586034184
60518,0.5000036586034184
60519,0.5000036586034184
60520,0.4996001527158275
60521,0.5000036586034184
60522,0.5000036586034184
60523,0.5000036586034184
60524,0.5000036586034184
60525,0.5000036586034184
60526,0.5000036586034184
60527,0.5000036586034184
60528,0.5000036586034184
60529,0.5000036586034184
60530,0.5000036586034184
60531,0.5000036586034184
60532,0.5000036586034184
60533,0.5000036586034184
60534,0.5000036586034184
60535,0.5000036586034184
60536,0.5000036586034184
60537,0.5000036586034184
60538,0.5000036586034184
60539,0.500716950893306
60540,0.5000036586034184
60541,0.5000036586034184
60542,0.5000036586034184
60543,0.5000036586034184
60544,0.5000036586034184
60545,0.5000036586034184
60546,0.5000036586034184
60547,0.5000036586034184
60548,0.4996001527158275
60549,0.5000036586034184
60550,0.4996001527158275
60551,0.5000036586034184
60552,0.500716950893306
60553,0.500716950893306
60554,0.5000036586034184
60555,0.5000036586034184
60556,0.5000036586034184
60557,0.500716950893306
60558,0.500716950893306
60559,0.5000036586034184
60560,0.500716950893306
60561,0.5000036586034184
60562,0.5000036586034184
60563,0.5000036586034184
60564,0.5000036586034184
60565,0.5000036586034184
60566,0.5000036586034184
60567,0.5000036586034184
60568,0.5000036586034184
60569,0.5000036586034184
60570,0.500716950893306
60571,0.5000036586034184
60572,0.5000036586034184
60573,0.5000036586034184
60574,0.5000036586034184
60575,0.5000036586034184
60576,0.5000036586034184
60577,0.5000036586034184
60578,0.500716950893306
60579,0.5000036586034184
60580,0.5000036586034184
60581,0.5000036586034184
60582,0.5000036586034184
60583,0.5000036586034184
60584,0.5000036586034184
60585,0.500716950893306
60586,0.5000036586034184
60587,0.5000036586034184
60588,0.500716950893306
60589,0.5000036586034184
60590,0.5000036586034184
60591,0.5000036586034184
60592,0.5000036586034184
60593,0.5000036586034184
60594,0.4996001527158275
60595,0.5000036586034184
60596,0.5000036586034184
60597,0.500716950893306
60598,0.5000036586034184
60599,0.5000036586034184
60600,0.5000036586034184
60601,0.5000036586034184
60602,0.5000036586034184
60603,0.5000036586034184
60604,0.5000036586034184
60605,0.5000036586034184
60606,0.5000036586034184
60607,0.5000036586034184
60608,0.5000036586034184
60609,0.5000036586034184
60610,0.4996001527158275
60611,0.5000036586034184
60612,0.5000036586034184
60613,0.500716950893306
60614,0.5000036586034184
60615,0.5000036586034184
60616,0.5000036586034184
60617,0.5000036586034184
60618,0.5000036586034184
60619,0.5000036586034184
60620,0.5000036586034184
60621,0.4996001527158275
60622,0.4996001527158275
60623,0.5000036586034184
60624,0.5000036586034184
60625,0.5000036586034184
60626,0.500716950893306
60627,0.5000036586034184
60628,0.5000036586034184
60629,0.5000036586034184
60630,0.5000036586034184
60631,0.5000036586034184
60632,0.5000036586034184
60633,0.5000036586034184
60634,0.5000036586034184
60635,0.5000036586034184
60636,0.5000036586034184
60637,0.500716950893306
60638,0.5000036586034184
60639,0.5000036586034184
60640,0.500716950893306
60641,0.5000036586034184
60642,0.5000036586034184
60643,0.5000036586034184
60644,0.5000036586034184
60645,0.5000036586034184
60646,0.5000036586034184
60647,0.5000036586034184
60648,0.5000036586034184
60649,0.5000036586034184
60650,0.500716950893306
60651,0.5000036586034184
60652,0.5000036586034184
60653,0.5000036586034184
60654,0.5000036586034184
60655,0.500716950893306
60656,0.5000036586034184
60657,0.5000036586034184
60658,0.5000036586034184
60659,0.500716950893306
60660,0.5000036586034184
60661,0.5000036586034184
60662,0.5000036586034184
60663,0.5000036586034184
60664,0.5000036586034184
60665,0.5000036586034184
60666,0.5000036586034184
60667,0.5000036586034184
60668,0.5000036586034184
60669,0.5000036586034184
60670,0.5000036586034184
60671,0.500716950893306
60672,0.5000036586034184
60673,0.5000036586034184
60674,0.5000036586034184
60675,0.5000036586034184
60676,0.5000036586034184
60677,0.5000036586034184
60678,0.5000036586034184
60679,0.500716950893306
60680,0.5000036586034184
60681,0.5000036586034184
60682,0.5000036586034184
60683,0.5000036586034184
60684,0.5000036586034184
60685,0.5000036586034184
60686,0.5000036586034184
60687,0.5000036586034184
60688,0.5000036586034184
60689,0.4996001527158275
60690,0.5000036586034184
60691,0.5000036586034184
60692,0.5000036586034184
60693,0.5000036586034184
60694,0.5000036586034184
60695,0.5000036586034184
60696,0.5000036586034184
60697,0.5000036586034184
60698,0.5000036586034184
60699,0.5000036586034184
60700,0.500716950893306
60701,0.5000036586034184
60702,0.5000036586034184
60703,0.5000036586034184
60704,0.5000036586034184
60705,0.500716950893306
60706,0.5000036586034184
60707,0.5000036586034184
60708,0.5000036586034184
60709,0.5000036586034184
60710,0.5000036586034184
60711,0.5000036586034184
60712,0.5000036586034184
60713,0.5000036586034184
60714,0.5000036586034184
60715,0.5000036586034184
60716,0.5000036586034184
60717,0.5000036586034184
60718,0.500716950893306
60719,0.5000036586034184
60720,0.5000036586034184
60721,0.5000036586034184
60722,0.4996001527158275
60723,0.500716950893306
60724,0.5000036586034184
60725,0.5000036586034184
60726,0.5000036586034184
60727,0.500716950893306
60728,0.5000036586034184
60729,0.500716950893306
60730,0.5000036586034184
60731,0.5000036586034184
60732,0.500716950893306
60733,0.5000036586034184
60734,0.5000036586034184
60735,0.5000036586034184
60736,0.5000036586034184
60737,0.500716950893306
60738,0.5000036586034184
60739,0.5000036586034184
60740,0.4996001527158275
60741,0.500716950893306
60742,0.5000036586034184
60743,0.5000036586034184
60744,0.5000036586034184
60745,0.5000036586034184
60746,0.5000036586034184
60747,0.5000036586034184
60748,0.5000036586034184
60749,0.5000036586034184
60750,0.5000036586034184
60751,0.5000036586034184
60752,0.5000036586034184
60753,0.5000036586034184
60754,0.5000036586034184
60755,0.5000036586034184
60756,0.5000036586034184
60757,0.5000036586034184
60758,0.500716950893306
60759,0.5000036586034184
60760,0.5000036586034184
60761,0.5000036586034184
60762,0.5000036586034184
60763,0.5000036586034184
60764,0.5000036586034184
60765,0.5000036586034184
60766,0.500716950893306
60767,0.500716950893306
60768,0.500716950893306
60769,0.500716950893306
60770,0.500716950893306
60771,0.4996001527158275
60772,0.5000036586034184
60773,0.5000036586034184
60774,0.4996001527158275
60775,0.5000036586034184
60776,0.5000036586034184
60777,0.5000036586034184
60778,0.5000036586034184
60779,0.5000036586034184
60780,0.5000036586034184
60781,0.500716950893306
60782,0.5000036586034184
60783,0.5000036586034184
60784,0.5000036586034184
60785,0.5000036586034184
60786,0.500716950893306
60787,0.5000036586034184
60788,0.5000036586034184
60789,0.500716950893306
60790,0.5000036586034184
60791,0.5000036586034184
60792,0.500716950893306
60793,0.5000036586034184
60794,0.5000036586034184
60795,0.500716950893306
60796,0.5000036586034184
60797,0.500716950893306
60798,0.500716950893306
60799,0.5000036586034184
60800,0.5000036586034184
60801,0.5000036586034184
60802,0.5000036586034184
60803,0.5000036586034184
60804,0.5000036586034184
60805,0.5000036586034184
60806,0.500716950893306
60807,0.5000036586034184
60808,0.500716950893306
60809,0.500716950893306
60810,0.5000036586034184
60811,0.5000036586034184
60812,0.5000036586034184
60813,0.500716950893306
60814,0.5000036586034184
60815,0.5000036586034184
60816,0.500716950893306
60817,0.5000036586034184
60818,0.5000036586034184
60819,0.5000036586034184
60820,0.500716950893306
60821,0.5000036586034184
60822,0.4996001527158275
60823,0.500716950893306
60824,0.500716950893306
60825,0.5000036586034184
60826,0.5000036586034184
60827,0.5000036586034184
60828,0.4996001527158275
60829,0.5000036586034184
60830,0.5000036586034184
60831,0.5000036586034184
60832,0.500716950893306
60833,0.5000036586034184
60834,0.5000036586034184
60835,0.500716950893306
60836,0.5000036586034184
60837,0.5000036586034184
60838,0.5000036586034184
60839,0.5000036586034184
60840,0.500716950893306
60841,0.5000036586034184
60842,0.500716950893306
60843,0.5000036586034184
60844,0.5000036586034184
60845,0.5000036586034184
60846,0.5000036586034184
60847,0.5000036586034184
60848,0.5000036586034184
60849,0.5000036586034184
60850,0.5000036586034184
60851,0.5000036586034184
60852,0.5000036586034184
60853,0.5000036586034184
60854,0.5000036586034184
60855,0.5000036586034184
60856,0.5000036586034184
60857,0.5000036586034184
60858,0.500716950893306
60859,0.5000036586034184
60860,0.4996001527158275
60861,0.5000036586034184
60862,0.5000036586034184
60863,0.500716950893306
60864,0.5000036586034184
60865,0.5000036586034184
60866,0.5000036586034184
60867,0.5000036586034184
60868,0.500716950893306
60869,0.5000036586034184
60870,0.5000036586034184
60871,0.5000036586034184
60872,0.5000036586034184
60873,0.5000036586034184
60874,0.5000036586034184
60875,0.500716950893306
60876,0.500716950893306
60877,0.5000036586034184
60878,0.5000036586034184
60879,0.5000036586034184
60880,0.500716950893306
60881,0.5000036586034184
60882,0.5000036586034184
60883,0.5000036586034184
60884,0.500716950893306
60885,0.5000036586034184
60886,0.5000036586034184
60887,0.500716950893306
60888,0.5000036586034184
60889,0.5000036586034184
60890,0.5000036586034184
60891,0.5000036586034184
60892,0.5000036586034184
60893,0.500716950893306
60894,0.5000036586034184
60895,0.5000036586034184
60896,0.5000036586034184
60897,0.5000036586034184
60898,0.5000036586034184
60899,0.5000036586034184
60900,0.500716950893306
60901,0.5000036586034184
60902,0.5000036586034184
60903,0.5000036586034184
60904,0.5000036586034184
60905,0.5000036586034184
60906,0.500716950893306
60907,0.5000036586034184
60908,0.5000036586034184
60909,0.5000036586034184
60910,0.5000036586034184
60911,0.500716950893306
60912,0.5000036586034184
60913,0.5000036586034184
60914,0.5000036586034184
60915,0.5000036586034184
60916,0.5000036586034184
60917,0.5000036586034184
60918,0.5000036586034184
60919,0.5000036586034184
60920,0.5000036586034184
60921,0.5000036586034184
60922,0.5000036586034184
60923,0.500716950893306
60924,0.5000036586034184
60925,0.5000036586034184
60926,0.5000036586034184
60927,0.5000036586034184
60928,0.5000036586034184
60929,0.5000036586034184
60930,0.5000036586034184
60931,0.5000036586034184
60932,0.5000036586034184
60933,0.5000036586034184
60934,0.5000036586034184
60935,0.5000036586034184
60936,0.500716950893306
60937,0.5000036586034184
60938,0.5000036586034184
60939,0.5000036586034184
60940,0.5000036586034184
60941,0.5000036586034184
60942,0.500716950893306
60943,0.5000036586034184
60944,0.5000036586034184
60945,0.5000036586034184
60946,0.5000036586034184
60947,0.4996001527158275
60948,0.5000036586034184
60949,0.5000036586034184
60950,0.5000036586034184
60951,0.5000036586034184
60952,0.500716950893306
60953,0.5000036586034184
60954,0.500716950893306
60955,0.5000036586034184
60956,0.5000036586034184
60957,0.500716950893306
60958,0.5000036586034184
60959,0.500716950893306
60960,0.500716950893306
60961,0.5000036586034184
60962,0.500716950893306
60963,0.5000036586034184
60964,0.5000036586034184
60965,0.5000036586034184
60966,0.5000036586034184
60967,0.5000036586034184
60968,0.5000036586034184
60969,0.500716950893306
60970,0.5000036586034184
60971,0.5000036586034184
60972,0.5000036586034184
60973,0.5000036586034184
60974,0.5000036586034184
60975,0.5000036586034184
60976,0.5000036586034184
60977,0.5000036586034184
60978,0.5000036586034184
60979,0.5000036586034184
60980,0.5000036586034184
60981,0.5000036586034184
60982,0.500716950893306
60983,0.5000036586034184
60984,0.5000036586034184
60985,0.5000036586034184
60986,0.500716950893306
60987,0.5000036586034184
60988,0.4996001527158275
60989,0.5000036586034184
60990,0.5000036586034184
60991,0.500716950893306
60992,0.5000036586034184
60993,0.5000036586034184
60994,0.5000036586034184
60995,0.5000036586034184
60996,0.5000036586034184
60997,0.5000036586034184
60998,0.500716950893306
60999,0.5000036586034184
61000,0.5000036586034184
61001,0.5000036586034184
61002,0.5000036586034184
61003,0.5000036586034184
61004,0.5000036586034184
61005,0.5000036586034184
61006,0.5000036586034184
61007,0.5000036586034184
61008,0.4996001527158275
61009,0.5000036586034184
61010,0.5000036586034184
61011,0.5000036586034184
61012,0.500716950893306
61013,0.500716950893306
61014,0.5000036586034184
61015,0.5000036586034184
61016,0.5000036586034184
61017,0.5000036586034184
61018,0.5000036586034184
61019,0.5000036586034184
61020,0.5000036586034184
61021,0.5000036586034184
61022,0.5000036586034184
61023,0.5000036586034184
61024,0.5000036586034184
61025,0.5000036586034184
61026,0.5000036586034184
61027,0.5000036586034184
61028,0.5000036586034184
61029,0.5000036586034184
61030,0.5000036586034184
61031,0.5000036586034184
61032,0.5000036586034184
61033,0.5000036586034184
61034,0.5000036586034184
61035,0.5000036586034184
61036,0.5000036586034184
61037,0.5000036586034184
61038,0.5000036586034184
61039,0.5000036586034184
61040,0.5000036586034184
61041,0.5000036586034184
61042,0.5000036586034184
61043,0.5000036586034184
61044,0.5000036586034184
61045,0.5000036586034184
61046,0.5000036586034184
61047,0.5000036586034184
61048,0.5000036586034184
61049,0.5000036586034184
61050,0.5000036586034184
61051,0.5000036586034184
61052,0.5000036586034184
61053,0.5000036586034184
61054,0.5000036586034184
61055,0.5000036586034184
61056,0.5000036586034184
61057,0.5000036586034184
61058,0.5000036586034184
61059,0.4996001527158275
61060,0.5000036586034184
61061,0.5000036586034184
61062,0.5000036586034184
61063,0.5000036586034184
61064,0.5000036586034184
61065,0.5000036586034184
61066,0.5000036586034184
61067,0.5000036586034184
61068,0.5000036586034184
61069,0.5000036586034184
61070,0.5000036586034184
61071,0.5000036586034184
61072,0.5000036586034184
61073,0.5000036586034184
61074,0.5000036586034184
61075,0.5000036586034184
61076,0.500716950893306
61077,0.5000036586034184
61078,0.5000036586034184
61079,0.5000036586034184
61080,0.5000036586034184
61081,0.5000036586034184
61082,0.500716950893306
61083,0.500716950893306
61084,0.500716950893306
61085,0.5000036586034184
61086,0.5000036586034184
61087,0.5000036586034184
61088,0.500716950893306
61089,0.5000036586034184
61090,0.500716950893306
61091,0.5000036586034184
61092,0.5000036586034184
61093,0.5000036586034184
61094,0.5000036586034184
61095,0.500716950893306
61096,0.5000036586034184
61097,0.5000036586034184
61098,0.5000036586034184
61099,0.5000036586034184
61100,0.5000036586034184
61101,0.5000036586034184
61102,0.5000036586034184
61103,0.5000036586034184
61104,0.5000036586034184
61105,0.5000036586034184
61106,0.5000036586034184
61107,0.5000036586034184
61108,0.5000036586034184
61109,0.5000036586034184
61110,0.500716950893306
61111,0.500716950893306
61112,0.5000036586034184
61113,0.4996001527158275
61114,0.500716950893306
61115,0.5000036586034184
61116,0.500716950893306
61117,0.5000036586034184
61118,0.500716950893306
61119,0.5000036586034184
61120,0.5000036586034184
61121,0.5000036586034184
61122,0.500716950893306
61123,0.5000036586034184
61124,0.5000036586034184
61125,0.500716950893306
61126,0.5000036586034184
61127,0.500716950893306
61128,0.5000036586034184
61129,0.500716950893306
61130,0.5000036586034184
61131,0.5000036586034184
61132,0.5000036586034184
61133,0.5000036586034184
61134,0.5000036586034184
61135,0.5000036586034184
61136,0.5000036586034184
61137,0.5000036586034184
61138,0.5000036586034184
61139,0.5000036586034184
61140,0.500716950893306
61141,0.5000036586034184
61142,0.5000036586034184
61143,0.500716950893306
61144,0.5000036586034184
61145,0.5000036586034184
61146,0.500716950893306
61147,0.5000036586034184
61148,0.5000036586034184
61149,0.5000036586034184
61150,0.5000036586034184
61151,0.5000036586034184
61152,0.5000036586034184
61153,0.5000036586034184
61154,0.5000036586034184
61155,0.5000036586034184
61156,0.5000036586034184
61157,0.5000036586034184
61158,0.5000036586034184
61159,0.5000036586034184
61160,0.500716950893306
61161,0.500716950893306
61162,0.5000036586034184
61163,0.4996001527158275
61164,0.5000036586034184
61165,0.5000036586034184
61166,0.5000036586034184
61167,0.500716950893306
61168,0.500716950893306
61169,0.5000036586034184
61170,0.5000036586034184
61171,0.500716950893306
61172,0.5000036586034184
61173,0.5000036586034184
61174,0.4996001527158275
61175,0.5000036586034184
61176,0.5000036586034184
61177,0.5000036586034184
61178,0.5000036586034184
61179,0.5000036586034184
61180,0.5000036586034184
61181,0.5000036586034184
61182,0.5000036586034184
61183,0.5000036586034184
61184,0.5000036586034184
61185,0.5000036586034184
61186,0.5000036586034184
61187,0.5000036586034184
61188,0.5000036586034184
61189,0.500716950893306
61190,0.5000036586034184
61191,0.5000036586034184
61192,0.5000036586034184
61193,0.5000036586034184
61194,0.5000036586034184
61195,0.5000036586034184
61196,0.500716950893306
61197,0.5000036586034184
61198,0.5000036586034184
61199,0.5000036586034184
61200,0.5000036586034184
61201,0.5000036586034184
61202,0.5000036586034184
61203,0.500716950893306
61204,0.5000036586034184
61205,0.5000036586034184
61206,0.5000036586034184
61207,0.5000036586034184
61208,0.5000036586034184
61209,0.5000036586034184
61210,0.5000036586034184
61211,0.5000036586034184
61212,0.500716950893306
61213,0.500716950893306
61214,0.500716950893306
61215,0.5000036586034184
61216,0.5000036586034184
61217,0.5000036586034184
61218,0.5000036586034184
61219,0.5000036586034184
61220,0.5000036586034184
61221,0.500716950893306
61222,0.5000036586034184
61223,0.500716950893306
61224,0.500716950893306
61225,0.500716950893306
61226,0.5000036586034184
61227,0.500716950893306
61228,0.5000036586034184
61229,0.5000036586034184
61230,0.5000036586034184
61231,0.5000036586034184
61232,0.5000036586034184
61233,0.5000036586034184
61234,0.5000036586034184
61235,0.5000036586034184
61236,0.5000036586034184
61237,0.5000036586034184
61238,0.500716950893306
61239,0.500716950893306
61240,0.500716950893306
61241,0.5000036586034184
61242,0.5000036586034184
61243,0.5000036586034184
61244,0.5000036586034184
61245,0.5000036586034184
61246,0.500716950893306
61247,0.500716950893306
61248,0.5000036586034184
61249,0.5000036586034184
61250,0.4996001527158275
61251,0.5000036586034184
61252,0.5000036586034184
61253,0.5000036586034184
61254,0.5000036586034184
61255,0.5000036586034184
61256,0.5000036586034184
61257,0.5000036586034184
61258,0.500716950893306
61259,0.5000036586034184
61260,0.5000036586034184
61261,0.500716950893306
61262,0.5000036586034184
61263,0.5000036586034184
61264,0.5000036586034184
61265,0.5000036586034184
61266,0.5000036586034184
61267,0.500716950893306
61268,0.5000036586034184
61269,0.5000036586034184
61270,0.5000036586034184
61271,0.5000036586034184
61272,0.5000036586034184
61273,0.5000036586034184
61274,0.5000036586034184
61275,0.5000036586034184
61276,0.5000036586034184
61277,0.500716950893306
61278,0.5000036586034184
61279,0.5000036586034184
61280,0.5000036586034184
61281,0.5000036586034184
61282,0.500716950893306
61283,0.5000036586034184
61284,0.5000036586034184
61285,0.5000036586034184
61286,0.500716950893306
61287,0.5000036586034184
61288,0.4996001527158275
61289,0.5000036586034184
61290,0.5000036586034184
61291,0.5000036586034184
61292,0.5000036586034184
61293,0.500716950893306
61294,0.500716950893306
61295,0.5000036586034184
61296,0.5000036586034184
61297,0.500716950893306
61298,0.5000036586034184
61299,0.5000036586034184
61300,0.500716950893306
61301,0.5000036586034184
61302,0.5000036586034184
61303,0.500716950893306
61304,0.5000036586034184
61305,0.5000036586034184
61306,0.5000036586034184
61307,0.5000036586034184
61308,0.5000036586034184
61309,0.4996001527158275
61310,0.500716950893306
61311,0.500716950893306
61312,0.5000036586034184
61313,0.500716950893306
61314,0.500716950893306
61315,0.5000036586034184
61316,0.5000036586034184
61317,0.5000036586034184
61318,0.5000036586034184
61319,0.500716950893306
61320,0.5000036586034184
61321,0.5000036586034184
61322,0.5000036586034184
61323,0.5000036586034184
61324,0.5000036586034184
61325,0.5000036586034184
61326,0.5000036586034184
61327,0.5000036586034184
61328,0.5000036586034184
61329,0.500716950893306
61330,0.500716950893306
61331,0.5000036586034184
61332,0.500716950893306
61333,0.5000036586034184
61334,0.5000036586034184
61335,0.500716950893306
61336,0.5000036586034184
61337,0.4996001527158275
61338,0.5000036586034184
61339,0.5000036586034184
61340,0.5000036586034184
61341,0.5000036586034184
61342,0.500716950893306
61343,0.500716950893306
61344,0.500716950893306
61345,0.5000036586034184
61346,0.5000036586034184
61347,0.5000036586034184
61348,0.5000036586034184
61349,0.5000036586034184
61350,0.5000036586034184
61351,0.5000036586034184
61352,0.5000036586034184
61353,0.5000036586034184
61354,0.5000036586034184
61355,0.5000036586034184
61356,0.5000036586034184
61357,0.5000036586034184
61358,0.5000036586034184
61359,0.5000036586034184
61360,0.5000036586034184
61361,0.5000036586034184
61362,0.5000036586034184
61363,0.5000036586034184
61364,0.5000036586034184
61365,0.5000036586034184
61366,0.5000036586034184
61367,0.500716950893306
61368,0.500716950893306
61369,0.5000036586034184
61370,0.5000036586034184
61371,0.4996001527158275
61372,0.5000036586034184
61373,0.5000036586034184
61374,0.500716950893306
61375,0.5000036586034184
61376,0.5000036586034184
61377,0.5000036586034184
61378,0.5000036586034184
61379,0.5000036586034184
61380,0.5000036586034184
61381,0.5000036586034184
61382,0.500716950893306
61383,0.500716950893306
61384,0.500716950893306
61385,0.5000036586034184
61386,0.5000036586034184
61387,0.5000036586034184
61388,0.5000036586034184
61389,0.500716950893306
61390,0.5000036586034184
61391,0.4996001527158275
61392,0.500716950893306
61393,0.500716950893306
61394,0.5000036586034184
61395,0.5000036586034184
61396,0.5000036586034184
61397,0.5000036586034184
61398,0.5000036586034184
61399,0.5000036586034184
61400,0.5000036586034184
61401,0.500716950893306
61402,0.5000036586034184
61403,0.500716950893306
61404,0.4996001527158275
61405,0.5000036586034184
61406,0.5000036586034184
61407,0.5000036586034184
61408,0.500716950893306
61409,0.5000036586034184
61410,0.500716950893306
61411,0.5000036586034184
61412,0.5000036586034184
61413,0.5000036586034184
61414,0.5000036586034184
61415,0.5000036586034184
61416,0.500716950893306
61417,0.5000036586034184
61418,0.5000036586034184
61419,0.500716950893306
61420,0.5000036586034184
61421,0.500716950893306
61422,0.5000036586034184
61423,0.5000036586034184
61424,0.500716950893306
61425,0.5000036586034184
61426,0.5000036586034184
61427,0.5000036586034184
61428,0.5000036586034184
61429,0.5000036586034184
61430,0.5000036586034184
61431,0.5000036586034184
61432,0.5000036586034184
61433,0.5000036586034184
61434,0.5000036586034184
61435,0.500716950893306
61436,0.5000036586034184
61437,0.5000036586034184
61438,0.5000036586034184
61439,0.5000036586034184
61440,0.5000036586034184
61441,0.5000036586034184
61442,0.5000036586034184
61443,0.500716950893306
61444,0.5000036586034184
61445,0.5000036586034184
61446,0.5000036586034184
61447,0.5000036586034184
61448,0.5000036586034184
61449,0.5000036586034184
61450,0.5000036586034184
61451,0.5000036586034184
61452,0.5000036586034184
61453,0.4996001527158275
61454,0.5000036586034184
61455,0.5000036586034184
61456,0.5000036586034184
61457,0.500716950893306
61458,0.5000036586034184
61459,0.5000036586034184
61460,0.500716950893306
61461,0.5000036586034184
61462,0.5000036586034184
61463,0.5000036586034184
61464,0.5000036586034184
61465,0.5000036586034184
61466,0.500716950893306
61467,0.5000036586034184
61468,0.5000036586034184
61469,0.5000036586034184
61470,0.5000036586034184
61471,0.5000036586034184
61472,0.5000036586034184
61473,0.5000036586034184
61474,0.5000036586034184
61475,0.500716950893306
61476,0.5000036586034184
61477,0.5000036586034184
61478,0.5000036586034184
61479,0.5000036586034184
61480,0.5000036586034184
61481,0.5000036586034184
61482,0.5000036586034184
61483,0.5000036586034184
61484,0.5000036586034184
61485,0.500716950893306
61486,0.5000036586034184
61487,0.5000036586034184
61488,0.5000036586034184
61489,0.5000036586034184
61490,0.500716950893306
61491,0.5000036586034184
61492,0.5000036586034184
61493,0.5000036586034184
61494,0.5000036586034184
61495,0.5000036586034184
61496,0.5000036586034184
61497,0.500716950893306
61498,0.5000036586034184
61499,0.5000036586034184
61500,0.5000036586034184
61501,0.5000036586034184
61502,0.5000036586034184
61503,0.5000036586034184
61504,0.5000036586034184
61505,0.5000036586034184
61506,0.500716950893306
61507,0.5000036586034184
61508,0.5000036586034184
61509,0.4996001527158275
61510,0.500716950893306
61511,0.5000036586034184
61512,0.5000036586034184
61513,0.5000036586034184
61514,0.5000036586034184
61515,0.500716950893306
61516,0.5000036586034184
61517,0.5000036586034184
61518,0.5000036586034184
61519,0.5000036586034184
61520,0.5000036586034184
61521,0.5000036586034184
61522,0.5000036586034184
61523,0.5000036586034184
61524,0.5000036586034184
61525,0.5000036586034184
61526,0.500716950893306
61527,0.500716950893306
61528,0.5000036586034184
61529,0.5000036586034184
61530,0.5000036586034184
61531,0.500716950893306
61532,0.5000036586034184
61533,0.5000036586034184
61534,0.5000036586034184
61535,0.5000036586034184
61536,0.5000036586034184
61537,0.5000036586034184
61538,0.5000036586034184
61539,0.5000036586034184
61540,0.5000036586034184
61541,0.5000036586034184
61542,0.5000036586034184
61543,0.5000036586034184
61544,0.5000036586034184
61545,0.5000036586034184
61546,0.5000036586034184
61547,0.5000036586034184
61548,0.5000036586034184
61549,0.5000036586034184
61550,0.500716950893306
61551,0.5000036586034184
61552,0.500716950893306
61553,0.5000036586034184
61554,0.5000036586034184
61555,0.5000036586034184
61556,0.5000036586034184
61557,0.5000036586034184
61558,0.5000036586034184
61559,0.500716950893306
61560,0.4996001527158275
61561,0.5000036586034184
61562,0.500716950893306
61563,0.5000036586034184
61564,0.5000036586034184
61565,0.5000036586034184
61566,0.5000036586034184
61567,0.4996001527158275
61568,0.5000036586034184
61569,0.500716950893306
61570,0.5000036586034184
61571,0.4996001527158275
61572,0.5000036586034184
61573,0.5000036586034184
61574,0.5000036586034184
61575,0.5000036586034184
61576,0.5000036586034184
61577,0.5000036586034184
61578,0.5000036586034184
61579,0.5000036586034184
61580,0.5000036586034184
61581,0.5000036586034184
61582,0.5000036586034184
61583,0.500716950893306
61584,0.5000036586034184
61585,0.5000036586034184
61586,0.5000036586034184
61587,0.5000036586034184
61588,0.5000036586034184
61589,0.5000036586034184
61590,0.500716950893306
61591,0.5000036586034184
61592,0.4996001527158275
61593,0.5000036586034184
61594,0.5000036586034184
61595,0.5000036586034184
61596,0.500716950893306
61597,0.5000036586034184
61598,0.5000036586034184
61599,0.500716950893306
61600,0.5000036586034184
61601,0.500716950893306
61602,0.500716950893306
61603,0.5000036586034184
61604,0.5000036586034184
61605,0.5000036586034184
61606,0.5000036586034184
61607,0.5000036586034184
61608,0.4996001527158275
61609,0.5000036586034184
61610,0.5000036586034184
61611,0.5000036586034184
61612,0.5000036586034184
61613,0.5000036586034184
61614,0.5000036586034184
61615,0.5000036586034184
61616,0.5000036586034184
61617,0.5000036586034184
61618,0.5000036586034184
61619,0.5000036586034184
61620,0.500716950893306
61621,0.500716950893306
61622,0.5000036586034184
61623,0.5000036586034184
61624,0.5000036586034184
61625,0.5000036586034184
61626,0.5000036586034184
61627,0.5000036586034184
61628,0.5000036586034184
61629,0.500716950893306
61630,0.5000036586034184
61631,0.500716950893306
61632,0.5000036586034184
61633,0.5000036586034184
61634,0.5000036586034184
61635,0.5000036586034184
61636,0.4996001527158275
61637,0.500716950893306
61638,0.5000036586034184
61639,0.5000036586034184
61640,0.5000036586034184
61641,0.5000036586034184
61642,0.500716950893306
61643,0.5000036586034184
61644,0.5000036586034184
61645,0.4996001527158275
61646,0.5000036586034184
61647,0.5000036586034184
61648,0.5000036586034184
61649,0.5000036586034184
61650,0.5000036586034184
61651,0.5000036586034184
61652,0.5000036586034184
61653,0.5000036586034184
61654,0.5000036586034184
61655,0.5000036586034184
61656,0.5000036586034184
61657,0.5000036586034184
61658,0.5000036586034184
61659,0.5000036586034184
61660,0.5000036586034184
61661,0.5000036586034184
61662,0.5000036586034184
61663,0.5000036586034184
61664,0.5000036586034184
61665,0.5000036586034184
61666,0.500716950893306
61667,0.5000036586034184
61668,0.5000036586034184
61669,0.5000036586034184
61670,0.5000036586034184
61671,0.5000036586034184
61672,0.5000036586034184
61673,0.5000036586034184
61674,0.5000036586034184
61675,0.500716950893306
61676,0.5000036586034184
61677,0.5000036586034184
61678,0.5000036586034184
61679,0.5000036586034184
61680,0.5000036586034184
61681,0.5000036586034184
61682,0.5000036586034184
61683,0.5000036586034184
61684,0.5000036586034184
61685,0.500716950893306
61686,0.5000036586034184
61687,0.5000036586034184
61688,0.5000036586034184
61689,0.500716950893306
61690,0.5000036586034184
61691,0.5000036586034184
61692,0.5000036586034184
61693,0.500716950893306
61694,0.5000036586034184
61695,0.5000036586034184
61696,0.500716950893306
61697,0.500716950893306
61698,0.5000036586034184
61699,0.5000036586034184
61700,0.5000036586034184
61701,0.5000036586034184
61702,0.5000036586034184
61703,0.5000036586034184
61704,0.5000036586034184
61705,0.500716950893306
61706,0.500716950893306
61707,0.5000036586034184
61708,0.500716950893306
61709,0.5000036586034184
61710,0.5000036586034184
61711,0.500716950893306
61712,0.5000036586034184
61713,0.5000036586034184
61714,0.5000036586034184
61715,0.5000036586034184
61716,0.5000036586034184
61717,0.5000036586034184
61718,0.5000036586034184
61719,0.5000036586034184
61720,0.5000036586034184
61721,0.500716950893306
61722,0.5000036586034184
61723,0.5000036586034184
61724,0.5000036586034184
61725,0.5000036586034184
61726,0.5000036586034184
61727,0.500716950893306
61728,0.5000036586034184
61729,0.5000036586034184
61730,0.5000036586034184
61731,0.5000036586034184
61732,0.5000036586034184
61733,0.500716950893306
61734,0.5000036586034184
61735,0.5000036586034184
61736,0.500716950893306
61737,0.5000036586034184
61738,0.5000036586034184
61739,0.5000036586034184
61740,0.5000036586034184
61741,0.5000036586034184
61742,0.5000036586034184
61743,0.5000036586034184
61744,0.5000036586034184
61745,0.5000036586034184
61746,0.5000036586034184
61747,0.5000036586034184
61748,0.5000036586034184
61749,0.5000036586034184
61750,0.5000036586034184
61751,0.5000036586034184
61752,0.5000036586034184
61753,0.5000036586034184
61754,0.5000036586034184
61755,0.5000036586034184
61756,0.500716950893306
61757,0.5000036586034184
61758,0.5000036586034184
61759,0.5000036586034184
61760,0.500716950893306
61761,0.500716950893306
61762,0.500716950893306
61763,0.5000036586034184
61764,0.5000036586034184
61765,0.5000036586034184
61766,0.5000036586034184
61767,0.5000036586034184
61768,0.500716950893306
61769,0.5000036586034184
61770,0.5000036586034184
61771,0.500716950893306
61772,0.500716950893306
61773,0.5000036586034184
61774,0.5000036586034184
61775,0.5000036586034184
61776,0.5000036586034184
61777,0.5000036586034184
61778,0.5000036586034184
61779,0.500716950893306
61780,0.5000036586034184
61781,0.5000036586034184
61782,0.5000036586034184
61783,0.5000036586034184
61784,0.5000036586034184
61785,0.5000036586034184
61786,0.5000036586034184
61787,0.5000036586034184
61788,0.5000036586034184
61789,0.500716950893306
61790,0.4996001527158275
61791,0.5000036586034184
61792,0.5000036586034184
61793,0.5000036586034184
61794,0.5000036586034184
61795,0.5000036586034184
61796,0.5000036586034184
61797,0.5000036586034184
61798,0.5000036586034184
61799,0.5000036586034184
61800,0.5000036586034184
61801,0.5000036586034184
61802,0.5000036586034184
61803,0.500716950893306
61804,0.500716950893306
61805,0.5000036586034184
61806,0.500716950893306
61807,0.500716950893306
61808,0.5000036586034184
61809,0.5000036586034184
61810,0.500716950893306
61811,0.5000036586034184
61812,0.5000036586034184
61813,0.5000036586034184
61814,0.4996001527158275
61815,0.5000036586034184
61816,0.5000036586034184
61817,0.5000036586034184
61818,0.5000036586034184
61819,0.5000036586034184
61820,0.5000036586034184
61821,0.5000036586034184
61822,0.5000036586034184
61823,0.5000036586034184
61824,0.5000036586034184
61825,0.5000036586034184
61826,0.5000036586034184
61827,0.500716950893306
61828,0.500716950893306
61829,0.500716950893306
61830,0.5000036586034184
61831,0.5000036586034184
61832,0.500716950893306
61833,0.5000036586034184
61834,0.5000036586034184
61835,0.5000036586034184
61836,0.5000036586034184
61837,0.500716950893306
61838,0.500716950893306
61839,0.5000036586034184
61840,0.5000036586034184
61841,0.5000036586034184
61842,0.500716950893306
61843,0.5000036586034184
61844,0.500716950893306
61845,0.500716950893306
61846,0.5000036586034184
61847,0.5000036586034184
61848,0.5000036586034184
61849,0.5000036586034184
61850,0.5000036586034184
61851,0.5000036586034184
61852,0.5000036586034184
61853,0.500716950893306
61854,0.5000036586034184
61855,0.5000036586034184
61856,0.5000036586034184
61857,0.5000036586034184
61858,0.500716950893306
61859,0.5000036586034184
61860,0.5000036586034184
61861,0.5000036586034184
61862,0.500716950893306
61863,0.4996001527158275
61864,0.5000036586034184
61865,0.5000036586034184
61866,0.5000036586034184
61867,0.4996001527158275
61868,0.5000036586034184
61869,0.5000036586034184
61870,0.500716950893306
61871,0.500716950893306
61872,0.5000036586034184
61873,0.5000036586034184
61874,0.5000036586034184
61875,0.5000036586034184
61876,0.5000036586034184
61877,0.5000036586034184
61878,0.5000036586034184
61879,0.5000036586034184
61880,0.5000036586034184
61881,0.5000036586034184
61882,0.500716950893306
61883,0.5000036586034184
61884,0.500716950893306
61885,0.5000036586034184
61886,0.5000036586034184
61887,0.5000036586034184
61888,0.500716950893306
61889,0.5000036586034184
61890,0.5000036586034184
61891,0.500716950893306
61892,0.5000036586034184
61893,0.5000036586034184
61894,0.500716950893306
61895,0.5000036586034184
61896,0.5000036586034184
61897,0.5000036586034184
61898,0.5000036586034184
61899,0.5000036586034184
61900,0.500716950893306
61901,0.4996001527158275
61902,0.5000036586034184
61903,0.5000036586034184
61904,0.5000036586034184
61905,0.5000036586034184
61906,0.5000036586034184
61907,0.5000036586034184
61908,0.5000036586034184
61909,0.500716950893306
61910,0.5000036586034184
61911,0.5000036586034184
61912,0.5000036586034184
61913,0.5000036586034184
61914,0.5000036586034184
61915,0.5000036586034184
61916,0.5000036586034184
61917,0.5000036586034184
61918,0.5000036586034184
61919,0.5000036586034184
61920,0.5000036586034184
61921,0.5000036586034184
61922,0.5000036586034184
61923,0.5000036586034184
61924,0.5000036586034184
61925,0.4996001527158275
61926,0.5000036586034184
61927,0.5000036586034184
61928,0.5000036586034184
61929,0.5000036586034184
61930,0.5000036586034184
61931,0.5000036586034184
61932,0.5000036586034184
61933,0.5000036586034184
61934,0.500716950893306
61935,0.5000036586034184
61936,0.500716950893306
61937,0.5000036586034184
61938,0.5000036586034184
61939,0.5000036586034184
61940,0.5000036586034184
61941,0.500716950893306
61942,0.5000036586034184
61943,0.5000036586034184
61944,0.5000036586034184
61945,0.5000036586034184
61946,0.5000036586034184
61947,0.5000036586034184
61948,0.5000036586034184
61949,0.500716950893306
61950,0.5000036586034184
61951,0.5000036586034184
61952,0.5000036586034184
61953,0.5000036586034184
61954,0.5000036586034184
61955,0.500716950893306
61956,0.5000036586034184
61957,0.5000036586034184
61958,0.5000036586034184
61959,0.5000036586034184
61960,0.5000036586034184
61961,0.5000036586034184
61962,0.5000036586034184
61963,0.5000036586034184
61964,0.500716950893306
61965,0.5000036586034184
61966,0.5000036586034184
61967,0.4996001527158275
61968,0.5000036586034184
61969,0.5000036586034184
61970,0.5000036586034184
61971,0.5000036586034184
61972,0.5000036586034184
61973,0.5000036586034184
61974,0.5000036586034184
61975,0.5000036586034184
61976,0.5000036586034184
61977,0.5000036586034184
61978,0.5000036586034184
61979,0.5000036586034184
61980,0.500716950893306
61981,0.5000036586034184
61982,0.5000036586034184
61983,0.5000036586034184
61984,0.5000036586034184
61985,0.5000036586034184
61986,0.5000036586034184
61987,0.5000036586034184
61988,0.5000036586034184
61989,0.5000036586034184
61990,0.5000036586034184
61991,0.5000036586034184
61992,0.5000036586034184
61993,0.5000036586034184
61994,0.500716950893306
61995,0.5000036586034184
61996,0.5000036586034184
61997,0.5000036586034184
61998,0.500716950893306
61999,0.500716950893306
62000,0.5000036586034184
62001,0.5000036586034184
62002,0.5000036586034184
62003,0.5000036586034184
62004,0.4996001527158275
62005,0.500716950893306
62006,0.5000036586034184
62007,0.5000036586034184
62008,0.5000036586034184
62009,0.5000036586034184
62010,0.5000036586034184
62011,0.5000036586034184
62012,0.5000036586034184
62013,0.5000036586034184
62014,0.500716950893306
62015,0.5000036586034184
62016,0.5000036586034184
62017,0.5000036586034184
62018,0.5000036586034184
62019,0.5000036586034184
62020,0.5000036586034184
62021,0.5000036586034184
62022,0.5000036586034184
62023,0.500716950893306
62024,0.500716950893306
62025,0.5000036586034184
62026,0.5000036586034184
62027,0.5000036586034184
62028,0.5000036586034184
62029,0.500716950893306
62030,0.5000036586034184
62031,0.5000036586034184
62032,0.5000036586034184
62033,0.5000036586034184
62034,0.5000036586034184
62035,0.500716950893306
62036,0.500716950893306
62037,0.5000036586034184
62038,0.5000036586034184
62039,0.5000036586034184
62040,0.5000036586034184
62041,0.5000036586034184
62042,0.500716950893306
62043,0.5000036586034184
62044,0.5000036586034184
62045,0.5000036586034184
62046,0.5000036586034184
62047,0.5000036586034184
62048,0.5000036586034184
62049,0.500716950893306
62050,0.5000036586034184
62051,0.5000036586034184
62052,0.5000036586034184
62053,0.5000036586034184
62054,0.5000036586034184
62055,0.5000036586034184
62056,0.5000036586034184
62057,0.5000036586034184
62058,0.5000036586034184
62059,0.500716950893306
62060,0.5000036586034184
62061,0.5000036586034184
62062,0.5000036586034184
62063,0.5000036586034184
62064,0.5000036586034184
62065,0.5000036586034184
62066,0.5000036586034184
62067,0.500716950893306
62068,0.5000036586034184
62069,0.5000036586034184
62070,0.5000036586034184
62071,0.5000036586034184
62072,0.5000036586034184
62073,0.5000036586034184
62074,0.5000036586034184
62075,0.5000036586034184
62076,0.500716950893306
62077,0.5000036586034184
62078,0.5000036586034184
62079,0.4996001527158275
62080,0.5000036586034184
62081,0.5000036586034184
62082,0.5000036586034184
62083,0.5000036586034184
62084,0.5000036586034184
62085,0.5000036586034184
62086,0.5000036586034184
62087,0.5000036586034184
62088,0.5000036586034184
62089,0.5000036586034184
62090,0.5000036586034184
62091,0.500716950893306
62092,0.5000036586034184
62093,0.5000036586034184
62094,0.5000036586034184
62095,0.5000036586034184
62096,0.5000036586034184
62097,0.500716950893306
62098,0.5000036586034184
62099,0.5000036586034184
62100,0.5000036586034184
62101,0.5000036586034184
62102,0.5000036586034184
62103,0.5000036586034184
62104,0.5000036586034184
62105,0.5000036586034184
62106,0.5000036586034184
62107,0.5000036586034184
62108,0.5000036586034184
62109,0.5000036586034184
62110,0.5000036586034184
62111,0.5000036586034184
62112,0.5000036586034184
62113,0.500716950893306
62114,0.5000036586034184
62115,0.5000036586034184
62116,0.5000036586034184
62117,0.5000036586034184
62118,0.5000036586034184
62119,0.5000036586034184
62120,0.5000036586034184
62121,0.5000036586034184
62122,0.5000036586034184
62123,0.5000036586034184
62124,0.5000036586034184
62125,0.5000036586034184
62126,0.5000036586034184
62127,0.5000036586034184
62128,0.5000036586034184
62129,0.5000036586034184
62130,0.4996001527158275
62131,0.5000036586034184
62132,0.5000036586034184
62133,0.5000036586034184
62134,0.5000036586034184
62135,0.5000036586034184
62136,0.5000036586034184
62137,0.5000036586034184
62138,0.5000036586034184
62139,0.5000036586034184
62140,0.5000036586034184
62141,0.5000036586034184
62142,0.5000036586034184
62143,0.5000036586034184
62144,0.5000036586034184
62145,0.500716950893306
62146,0.5000036586034184
62147,0.5000036586034184
62148,0.5000036586034184
62149,0.5000036586034184
62150,0.500716950893306
62151,0.5000036586034184
62152,0.5000036586034184
62153,0.500716950893306
62154,0.500716950893306
62155,0.4996001527158275
62156,0.5000036586034184
62157,0.500716950893306
62158,0.5000036586034184
62159,0.5000036586034184
62160,0.4996001527158275
62161,0.500716950893306
62162,0.500716950893306
62163,0.5000036586034184
62164,0.5000036586034184
62165,0.5000036586034184
62166,0.5000036586034184
62167,0.5000036586034184
62168,0.5000036586034184
62169,0.5000036586034184
62170,0.5000036586034184
62171,0.5000036586034184
62172,0.5000036586034184
62173,0.5000036586034184
62174,0.5000036586034184
62175,0.5000036586034184
62176,0.5000036586034184
62177,0.500716950893306
62178,0.5000036586034184
62179,0.5000036586034184
62180,0.5000036586034184
62181,0.500716950893306
62182,0.5000036586034184
62183,0.5000036586034184
62184,0.5000036586034184
62185,0.4996001527158275
62186,0.5000036586034184
62187,0.5000036586034184
62188,0.500716950893306
62189,0.5000036586034184
62190,0.5000036586034184
62191,0.5000036586034184
62192,0.500716950893306
62193,0.5000036586034184
62194,0.5000036586034184
62195,0.5000036586034184
62196,0.5000036586034184
62197,0.5000036586034184
62198,0.5000036586034184
62199,0.5000036586034184
62200,0.5000036586034184
62201,0.500716950893306
62202,0.5000036586034184
62203,0.5000036586034184
62204,0.5000036586034184
62205,0.500716950893306
62206,0.5000036586034184
62207,0.500716950893306
62208,0.5000036586034184
62209,0.5000036586034184
62210,0.5000036586034184
62211,0.5000036586034184
62212,0.500716950893306
62213,0.5000036586034184
62214,0.5000036586034184
62215,0.5000036586034184
62216,0.5000036586034184
62217,0.5000036586034184
62218,0.5000036586034184
62219,0.5000036586034184
62220,0.5000036586034184
62221,0.5000036586034184
62222,0.5000036586034184
62223,0.5000036586034184
62224,0.5000036586034184
62225,0.5000036586034184
62226,0.5000036586034184
62227,0.5000036586034184
62228,0.500716950893306
62229,0.500716950893306
62230,0.5000036586034184
62231,0.5000036586034184
62232,0.5000036586034184
62233,0.5000036586034184
62234,0.5000036586034184
62235,0.5000036586034184
62236,0.5000036586034184
62237,0.5000036586034184
62238,0.500716950893306
62239,0.5000036586034184
62240,0.5000036586034184
62241,0.5000036586034184
62242,0.5000036586034184
62243,0.5000036586034184
62244,0.4996001527158275
62245,0.5000036586034184
62246,0.5000036586034184
62247,0.5000036586034184
62248,0.5000036586034184
62249,0.5000036586034184
62250,0.5000036586034184
62251,0.5000036586034184
62252,0.5000036586034184
62253,0.5000036586034184
62254,0.500716950893306
62255,0.5000036586034184
62256,0.5000036586034184
62257,0.5000036586034184
62258,0.5000036586034184
62259,0.5000036586034184
62260,0.5000036586034184
62261,0.5000036586034184
62262,0.5000036586034184
62263,0.5000036586034184
62264,0.500716950893306
62265,0.5000036586034184
62266,0.4996001527158275
62267,0.5000036586034184
62268,0.5000036586034184
62269,0.500716950893306
62270,0.5000036586034184
62271,0.5000036586034184
62272,0.500716950893306
62273,0.5000036586034184
62274,0.5000036586034184
62275,0.5000036586034184
62276,0.4996001527158275
62277,0.5000036586034184
62278,0.5000036586034184
62279,0.500716950893306
62280,0.5000036586034184
62281,0.5000036586034184
62282,0.5000036586034184
62283,0.5000036586034184
62284,0.5000036586034184
62285,0.5000036586034184
62286,0.5000036586034184
62287,0.5000036586034184
62288,0.500716950893306
62289,0.5000036586034184
62290,0.500716950893306
62291,0.4996001527158275
62292,0.5000036586034184
62293,0.5000036586034184
62294,0.5000036586034184
62295,0.5000036586034184
62296,0.5000036586034184
62297,0.5000036586034184
62298,0.500716950893306
62299,0.5000036586034184
62300,0.5000036586034184
62301,0.5000036586034184
62302,0.5000036586034184
62303,0.5000036586034184
62304,0.5000036586034184
62305,0.5000036586034184
62306,0.5000036586034184
62307,0.5000036586034184
62308,0.5000036586034184
62309,0.5000036586034184
62310,0.5000036586034184
62311,0.500716950893306
62312,0.500716950893306
62313,0.5000036586034184
62314,0.5000036586034184
62315,0.5000036586034184
62316,0.500716950893306
62317,0.5000036586034184
62318,0.5000036586034184
62319,0.5000036586034184
62320,0.5000036586034184
62321,0.5000036586034184
62322,0.5000036586034184
62323,0.5000036586034184
62324,0.5000036586034184
62325,0.5000036586034184
62326,0.4996001527158275
62327,0.5000036586034184
62328,0.5000036586034184
62329,0.500716950893306
62330,0.5000036586034184
62331,0.5000036586034184
62332,0.500716950893306
62333,0.5000036586034184
62334,0.5000036586034184
62335,0.5000036586034184
62336,0.5000036586034184
62337,0.5000036586034184
62338,0.5000036586034184
62339,0.5000036586034184
62340,0.4996001527158275
62341,0.5000036586034184
62342,0.5000036586034184
62343,0.5000036586034184
62344,0.5000036586034184
62345,0.5000036586034184
62346,0.500716950893306
62347,0.5000036586034184
62348,0.5000036586034184
62349,0.4996001527158275
62350,0.5000036586034184
62351,0.5000036586034184
62352,0.5000036586034184
62353,0.5000036586034184
62354,0.5000036586034184
62355,0.5000036586034184
62356,0.500716950893306
62357,0.5000036586034184
62358,0.5000036586034184
62359,0.5000036586034184
62360,0.5000036586034184
62361,0.5000036586034184
62362,0.5000036586034184
62363,0.5000036586034184
62364,0.5000036586034184
62365,0.5000036586034184
62366,0.5000036586034184
62367,0.5000036586034184
62368,0.5000036586034184
62369,0.500716950893306
62370,0.5000036586034184
62371,0.5000036586034184
62372,0.5000036586034184
62373,0.5000036586034184
62374,0.5000036586034184
62375,0.5000036586034184
62376,0.5000036586034184
62377,0.5000036586034184
62378,0.5000036586034184
62379,0.5000036586034184
62380,0.5000036586034184
62381,0.5000036586034184
62382,0.500716950893306
62383,0.5000036586034184
62384,0.5000036586034184
62385,0.500716950893306
62386,0.500716950893306
62387,0.5000036586034184
62388,0.5000036586034184
62389,0.5000036586034184
62390,0.5000036586034184
62391,0.5000036586034184
62392,0.5000036586034184
62393,0.500716950893306
62394,0.5000036586034184
62395,0.5000036586034184
62396,0.5000036586034184
62397,0.500716950893306
62398,0.500716950893306
62399,0.5000036586034184
62400,0.5000036586034184
62401,0.5000036586034184
62402,0.5000036586034184
62403,0.5000036586034184
62404,0.500716950893306
62405,0.5000036586034184
62406,0.5000036586034184
62407,0.5000036586034184
62408,0.5000036586034184
62409,0.5000036586034184
62410,0.5000036586034184
62411,0.5000036586034184
62412,0.500716950893306
62413,0.5000036586034184
62414,0.5000036586034184
62415,0.5000036586034184
62416,0.5000036586034184
62417,0.5000036586034184
62418,0.5000036586034184
62419,0.5000036586034184
62420,0.500716950893306
62421,0.500716950893306
62422,0.5000036586034184
62423,0.500716950893306
62424,0.5000036586034184
62425,0.5000036586034184
62426,0.4996001527158275
62427,0.5000036586034184
62428,0.5000036586034184
62429,0.5000036586034184
62430,0.5000036586034184
62431,0.5000036586034184
62432,0.5000036586034184
62433,0.5000036586034184
62434,0.5000036586034184
62435,0.5000036586034184
62436,0.5000036586034184
62437,0.500716950893306
62438,0.5000036586034184
62439,0.500716950893306
62440,0.5000036586034184
62441,0.500716950893306
62442,0.5000036586034184
62443,0.5000036586034184
62444,0.5000036586034184
62445,0.5000036586034184
62446,0.5000036586034184
62447,0.5000036586034184
62448,0.5000036586034184
62449,0.500716950893306
62450,0.5000036586034184
62451,0.5000036586034184
62452,0.5000036586034184
62453,0.5000036586034184
62454,0.5000036586034184
62455,0.5000036586034184
62456,0.500716950893306
62457,0.5000036586034184
62458,0.5000036586034184
62459,0.5000036586034184
62460,0.5000036586034184
62461,0.5000036586034184
62462,0.5000036586034184
62463,0.500716950893306
62464,0.5000036586034184
62465,0.5000036586034184
62466,0.5000036586034184
62467,0.5000036586034184
62468,0.5000036586034184
62469,0.5000036586034184
62470,0.5000036586034184
62471,0.500716950893306
62472,0.5000036586034184
62473,0.5000036586034184
62474,0.5000036586034184
62475,0.5000036586034184
62476,0.5000036586034184
62477,0.5000036586034184
62478,0.4996001527158275
62479,0.500716950893306
62480,0.500716950893306
62481,0.5000036586034184
62482,0.500716950893306
62483,0.5000036586034184
62484,0.500716950893306
62485,0.5000036586034184
62486,0.5000036586034184
62487,0.5000036586034184
62488,0.5000036586034184
62489,0.500716950893306
62490,0.500716950893306
62491,0.5000036586034184
62492,0.5000036586034184
62493,0.5000036586034184
62494,0.5000036586034184
62495,0.5000036586034184
62496,0.5000036586034184
62497,0.5000036586034184
62498,0.5000036586034184
62499,0.5000036586034184
62500,0.5000036586034184
62501,0.5000036586034184
62502,0.5000036586034184
62503,0.5000036586034184
62504,0.5000036586034184
62505,0.5000036586034184
62506,0.500716950893306
62507,0.5000036586034184
62508,0.5000036586034184
62509,0.5000036586034184
62510,0.5000036586034184
62511,0.5000036586034184
62512,0.500716950893306
62513,0.5000036586034184
62514,0.4996001527158275
62515,0.5000036586034184
62516,0.5000036586034184
62517,0.5000036586034184
62518,0.5000036586034184
62519,0.5000036586034184
62520,0.5000036586034184
62521,0.5000036586034184
62522,0.5000036586034184
62523,0.5000036586034184
62524,0.5000036586034184
62525,0.5000036586034184
62526,0.5000036586034184
62527,0.500716950893306
62528,0.5000036586034184
62529,0.5000036586034184
62530,0.5000036586034184
62531,0.5000036586034184
62532,0.5000036586034184
62533,0.5000036586034184
62534,0.5000036586034184
62535,0.5000036586034184
62536,0.5000036586034184
62537,0.5000036586034184
62538,0.5000036586034184
62539,0.5000036586034184
62540,0.5000036586034184
62541,0.5000036586034184
62542,0.5000036586034184
62543,0.5000036586034184
62544,0.5000036586034184
62545,0.5000036586034184
62546,0.5000036586034184
62547,0.5000036586034184
62548,0.5000036586034184
62549,0.5000036586034184
62550,0.5000036586034184
62551,0.4996001527158275
62552,0.5000036586034184
62553,0.5000036586034184
62554,0.5000036586034184
62555,0.5000036586034184
62556,0.5000036586034184
62557,0.5000036586034184
62558,0.5000036586034184
62559,0.5000036586034184
62560,0.5000036586034184
62561,0.5000036586034184
62562,0.5000036586034184
62563,0.500716950893306
62564,0.4996001527158275
62565,0.5000036586034184
62566,0.5000036586034184
62567,0.5000036586034184
62568,0.5000036586034184
62569,0.5000036586034184
62570,0.5000036586034184
62571,0.500716950893306
62572,0.5000036586034184
62573,0.5000036586034184
62574,0.5000036586034184
62575,0.5000036586034184
62576,0.5000036586034184
62577,0.5000036586034184
62578,0.5000036586034184
62579,0.5000036586034184
62580,0.500716950893306
62581,0.5000036586034184
62582,0.5000036586034184
62583,0.5000036586034184
62584,0.5000036586034184
62585,0.5000036586034184
62586,0.5000036586034184
62587,0.5000036586034184
62588,0.5000036586034184
62589,0.5000036586034184
62590,0.5000036586034184
62591,0.500716950893306
62592,0.5000036586034184
62593,0.5000036586034184
62594,0.5000036586034184
62595,0.5000036586034184
62596,0.5000036586034184
62597,0.5000036586034184
62598,0.5000036586034184
62599,0.5000036586034184
62600,0.500716950893306
62601,0.5000036586034184
62602,0.5000036586034184
62603,0.5000036586034184
62604,0.5000036586034184
62605,0.5000036586034184
62606,0.5000036586034184
62607,0.5000036586034184
62608,0.5000036586034184
62609,0.5000036586034184
62610,0.5000036586034184
62611,0.5000036586034184
62612,0.5000036586034184
62613,0.5000036586034184
62614,0.5000036586034184
62615,0.5000036586034184
62616,0.5000036586034184
62617,0.5000036586034184
62618,0.5000036586034184
62619,0.4996001527158275
62620,0.5000036586034184
62621,0.500716950893306
62622,0.5000036586034184
62623,0.5000036586034184
62624,0.5000036586034184
62625,0.4996001527158275
62626,0.5000036586034184
62627,0.5000036586034184
62628,0.5000036586034184
62629,0.5000036586034184
62630,0.5000036586034184
62631,0.5000036586034184
62632,0.4996001527158275
62633,0.5000036586034184
62634,0.5000036586034184
62635,0.5000036586034184
62636,0.500716950893306
62637,0.500716950893306
62638,0.5000036586034184
62639,0.5000036586034184
62640,0.5000036586034184
62641,0.5000036586034184
62642,0.5000036586034184
62643,0.5000036586034184
62644,0.5000036586034184
62645,0.5000036586034184
62646,0.5000036586034184
62647,0.5000036586034184
62648,0.5000036586034184
62649,0.5000036586034184
62650,0.5000036586034184
62651,0.5000036586034184
62652,0.5000036586034184
62653,0.5000036586034184
62654,0.4996001527158275
62655,0.5000036586034184
62656,0.5000036586034184
62657,0.5000036586034184
62658,0.5000036586034184
62659,0.5000036586034184
62660,0.5000036586034184
62661,0.5000036586034184
62662,0.5000036586034184
62663,0.5000036586034184
62664,0.500716950893306
62665,0.5000036586034184
62666,0.5000036586034184
62667,0.5000036586034184
62668,0.5000036586034184
62669,0.5000036586034184
62670,0.5000036586034184
62671,0.5000036586034184
62672,0.5000036586034184
62673,0.5000036586034184
62674,0.5000036586034184
62675,0.5000036586034184
62676,0.500716950893306
62677,0.5000036586034184
62678,0.5000036586034184
62679,0.5000036586034184
62680,0.5000036586034184
62681,0.5000036586034184
62682,0.5000036586034184
62683,0.500716950893306
62684,0.500716950893306
62685,0.5000036586034184
62686,0.5000036586034184
62687,0.5000036586034184
62688,0.5000036586034184
62689,0.5000036586034184
62690,0.5000036586034184
62691,0.500716950893306
62692,0.5000036586034184
62693,0.5000036586034184
62694,0.5000036586034184
62695,0.5000036586034184
62696,0.5000036586034184
62697,0.5000036586034184
62698,0.5000036586034184
62699,0.5000036586034184
62700,0.5000036586034184
62701,0.5000036586034184
62702,0.5000036586034184
62703,0.5000036586034184
62704,0.500716950893306
62705,0.500716950893306
62706,0.500716950893306
62707,0.5000036586034184
62708,0.500716950893306
62709,0.5000036586034184
62710,0.5000036586034184
62711,0.5000036586034184
62712,0.5000036586034184
62713,0.5000036586034184
62714,0.5000036586034184
62715,0.5000036586034184
62716,0.5000036586034184
62717,0.5000036586034184
62718,0.5000036586034184
62719,0.500716950893306
62720,0.5000036586034184
62721,0.5000036586034184
62722,0.5000036586034184
62723,0.500716950893306
62724,0.5000036586034184
62725,0.5000036586034184
62726,0.5000036586034184
62727,0.5000036586034184
62728,0.5000036586034184
62729,0.5000036586034184
62730,0.5000036586034184
62731,0.5000036586034184
62732,0.5000036586034184
62733,0.5000036586034184
62734,0.5000036586034184
62735,0.5000036586034184
62736,0.5000036586034184
62737,0.5000036586034184
62738,0.5000036586034184
62739,0.5000036586034184
62740,0.5000036586034184
62741,0.5000036586034184
62742,0.5000036586034184
62743,0.5000036586034184
62744,0.5000036586034184
62745,0.5000036586034184
62746,0.5000036586034184
62747,0.5000036586034184
62748,0.5000036586034184
62749,0.5000036586034184
62750,0.5000036586034184
62751,0.5000036586034184
62752,0.5000036586034184
62753,0.5000036586034184
62754,0.5000036586034184
62755,0.5000036586034184
62756,0.5000036586034184
62757,0.500716950893306
62758,0.500716950893306
62759,0.5000036586034184
62760,0.5000036586034184
62761,0.5000036586034184
62762,0.5000036586034184
62763,0.5000036586034184
62764,0.5000036586034184
62765,0.5000036586034184
62766,0.5000036586034184
62767,0.5000036586034184
62768,0.5000036586034184
62769,0.5000036586034184
62770,0.5000036586034184
62771,0.5000036586034184
62772,0.5000036586034184
62773,0.5000036586034184
62774,0.5000036586034184
62775,0.5000036586034184
62776,0.5000036586034184
62777,0.500716950893306
62778,0.5000036586034184
62779,0.5000036586034184
62780,0.500716950893306
62781,0.5000036586034184
62782,0.5000036586034184
62783,0.5000036586034184
62784,0.4996001527158275
62785,0.500716950893306
62786,0.5000036586034184
62787,0.5000036586034184
62788,0.5000036586034184
62789,0.5000036586034184
62790,0.5000036586034184
62791,0.5000036586034184
62792,0.5000036586034184
62793,0.5000036586034184
62794,0.5000036586034184
62795,0.5000036586034184
62796,0.5000036586034184
62797,0.5000036586034184
62798,0.5000036586034184
62799,0.5000036586034184
62800,0.5000036586034184
62801,0.5000036586034184
62802,0.5000036586034184
62803,0.5000036586034184
62804,0.5000036586034184
62805,0.500716950893306
62806,0.5000036586034184
62807,0.5000036586034184
62808,0.5000036586034184
62809,0.5000036586034184
62810,0.500716950893306
62811,0.5000036586034184
62812,0.500716950893306
62813,0.5000036586034184
62814,0.5000036586034184
62815,0.5000036586034184
62816,0.500716950893306
62817,0.5000036586034184
62818,0.5000036586034184
62819,0.500716950893306
62820,0.5000036586034184
62821,0.5000036586034184
62822,0.5000036586034184
62823,0.5000036586034184
62824,0.5000036586034184
62825,0.5000036586034184
62826,0.500716950893306
62827,0.500716950893306
62828,0.5000036586034184
62829,0.5000036586034184
62830,0.5000036586034184
62831,0.5000036586034184
62832,0.5000036586034184
62833,0.5000036586034184
62834,0.5000036586034184
62835,0.5000036586034184
62836,0.5000036586034184
62837,0.5000036586034184
62838,0.5000036586034184
62839,0.500716950893306
62840,0.5000036586034184
62841,0.5000036586034184
62842,0.500716950893306
62843,0.5000036586034184
62844,0.500716950893306
62845,0.5000036586034184
62846,0.5000036586034184
62847,0.5000036586034184
62848,0.500716950893306
62849,0.5000036586034184
62850,0.5000036586034184
62851,0.5000036586034184
62852,0.5000036586034184
62853,0.5000036586034184
62854,0.5000036586034184
62855,0.5000036586034184
62856,0.5000036586034184
62857,0.500716950893306
62858,0.5000036586034184
62859,0.5000036586034184
62860,0.5000036586034184
62861,0.5000036586034184
62862,0.5000036586034184
62863,0.4996001527158275
62864,0.5000036586034184
62865,0.5000036586034184
62866,0.500716950893306
62867,0.5000036586034184
62868,0.5000036586034184
62869,0.500716950893306
62870,0.500716950893306
62871,0.5000036586034184
62872,0.5000036586034184
62873,0.5000036586034184
62874,0.5000036586034184
62875,0.5000036586034184
62876,0.5000036586034184
62877,0.5000036586034184
62878,0.500716950893306
62879,0.5000036586034184
62880,0.5000036586034184
62881,0.5000036586034184
62882,0.5000036586034184
62883,0.5000036586034184
62884,0.5000036586034184
62885,0.5000036586034184
62886,0.5000036586034184
62887,0.5000036586034184
62888,0.5000036586034184
62889,0.5000036586034184
62890,0.5000036586034184
62891,0.500716950893306
62892,0.5000036586034184
62893,0.5000036586034184
62894,0.5000036586034184
62895,0.5000036586034184
62896,0.5000036586034184
62897,0.5000036586034184
62898,0.5000036586034184
62899,0.4996001527158275
62900,0.5000036586034184
62901,0.5000036586034184
62902,0.500716950893306
62903,0.5000036586034184
62904,0.5000036586034184
62905,0.5000036586034184
62906,0.500716950893306
62907,0.5000036586034184
62908,0.5000036586034184
62909,0.5000036586034184
62910,0.5000036586034184
62911,0.5000036586034184
62912,0.5000036586034184
62913,0.5000036586034184
62914,0.5000036586034184
62915,0.5000036586034184
62916,0.5000036586034184
62917,0.4996001527158275
62918,0.5000036586034184
62919,0.5000036586034184
62920,0.5000036586034184
62921,0.5000036586034184
62922,0.5000036586034184
62923,0.500716950893306
62924,0.5000036586034184
62925,0.500716950893306
62926,0.5000036586034184
62927,0.5000036586034184
62928,0.5000036586034184
62929,0.5000036586034184
62930,0.5000036586034184
62931,0.5000036586034184
62932,0.5000036586034184
62933,0.5000036586034184
62934,0.5000036586034184
62935,0.5000036586034184
62936,0.5000036586034184
62937,0.500716950893306
62938,0.5000036586034184
62939,0.5000036586034184
62940,0.5000036586034184
62941,0.5000036586034184
62942,0.5000036586034184
62943,0.5000036586034184
62944,0.5000036586034184
62945,0.5000036586034184
62946,0.5000036586034184
62947,0.500716950893306
62948,0.5000036586034184
62949,0.5000036586034184
62950,0.500716950893306
62951,0.5000036586034184
62952,0.5000036586034184
62953,0.5000036586034184
62954,0.500716950893306
62955,0.5000036586034184
62956,0.500716950893306
62957,0.5000036586034184
62958,0.5000036586034184
62959,0.5000036586034184
62960,0.5000036586034184
62961,0.5000036586034184
62962,0.500716950893306
62963,0.5000036586034184
62964,0.5000036586034184
62965,0.5000036586034184
62966,0.5000036586034184
62967,0.5000036586034184
62968,0.5000036586034184
62969,0.500716950893306
62970,0.5000036586034184
62971,0.4996001527158275
62972,0.5000036586034184
62973,0.5000036586034184
62974,0.5000036586034184
62975,0.5000036586034184
62976,0.5000036586034184
62977,0.5000036586034184
62978,0.5000036586034184
62979,0.4996001527158275
62980,0.5000036586034184
62981,0.5000036586034184
62982,0.5000036586034184
62983,0.5000036586034184
62984,0.5000036586034184
62985,0.500716950893306
62986,0.500716950893306
62987,0.5000036586034184
62988,0.5000036586034184
62989,0.5000036586034184
62990,0.5000036586034184
62991,0.5000036586034184
62992,0.5000036586034184
62993,0.5000036586034184
62994,0.5000036586034184
62995,0.5000036586034184
62996,0.5000036586034184
62997,0.5000036586034184
62998,0.5000036586034184
62999,0.5000036586034184
63000,0.4996001527158275
63001,0.5000036586034184
63002,0.500716950893306
63003,0.500716950893306
63004,0.4996001527158275
63005,0.500716950893306
63006,0.5000036586034184
63007,0.5000036586034184
63008,0.5000036586034184
63009,0.4996001527158275
63010,0.5000036586034184
63011,0.5000036586034184
63012,0.5000036586034184
63013,0.5000036586034184
63014,0.5000036586034184
63015,0.5000036586034184
63016,0.5000036586034184
63017,0.4996001527158275
63018,0.5000036586034184
63019,0.5000036586034184
63020,0.500716950893306
63021,0.5000036586034184
63022,0.5000036586034184
63023,0.5000036586034184
63024,0.5000036586034184
63025,0.5000036586034184
63026,0.5000036586034184
63027,0.5000036586034184
63028,0.5000036586034184
63029,0.5000036586034184
63030,0.5000036586034184
63031,0.5000036586034184
63032,0.5000036586034184
63033,0.5000036586034184
63034,0.5000036586034184
63035,0.5000036586034184
63036,0.5000036586034184
63037,0.5000036586034184
63038,0.5000036586034184
63039,0.5000036586034184
63040,0.5000036586034184
63041,0.5000036586034184
63042,0.500716950893306
63043,0.5000036586034184
63044,0.5000036586034184
63045,0.5000036586034184
63046,0.5000036586034184
63047,0.5000036586034184
63048,0.5000036586034184
63049,0.5000036586034184
63050,0.5000036586034184
63051,0.5000036586034184
63052,0.5000036586034184
63053,0.5000036586034184
63054,0.5000036586034184
63055,0.500716950893306
63056,0.5000036586034184
63057,0.5000036586034184
63058,0.5000036586034184
63059,0.5000036586034184
63060,0.5000036586034184
63061,0.5000036586034184
63062,0.5000036586034184
63063,0.500716950893306
63064,0.5000036586034184
63065,0.5000036586034184
63066,0.5000036586034184
63067,0.5000036586034184
63068,0.5000036586034184
63069,0.4996001527158275
63070,0.5000036586034184
63071,0.5000036586034184
63072,0.5000036586034184
63073,0.5000036586034184
63074,0.5000036586034184
63075,0.5000036586034184
63076,0.5000036586034184
63077,0.500716950893306
63078,0.5000036586034184
63079,0.5000036586034184
63080,0.5000036586034184
63081,0.5000036586034184
63082,0.5000036586034184
63083,0.5000036586034184
63084,0.5000036586034184
63085,0.5000036586034184
63086,0.5000036586034184
63087,0.500716950893306
63088,0.5000036586034184
63089,0.5000036586034184
63090,0.5000036586034184
63091,0.500716950893306
63092,0.500716950893306
63093,0.5000036586034184
63094,0.5000036586034184
63095,0.4996001527158275
63096,0.500716950893306
63097,0.5000036586034184
63098,0.5000036586034184
63099,0.5000036586034184
63100,0.500716950893306
63101,0.5000036586034184
63102,0.5000036586034184
63103,0.500716950893306
63104,0.5000036586034184
63105,0.500716950893306
63106,0.500716950893306
63107,0.5000036586034184
63108,0.4996001527158275
63109,0.5000036586034184
63110,0.5000036586034184
63111,0.5000036586034184
63112,0.5000036586034184
63113,0.5000036586034184
63114,0.5000036586034184
63115,0.5000036586034184
63116,0.5000036586034184
63117,0.5000036586034184
63118,0.5000036586034184
63119,0.500716950893306
63120,0.5000036586034184
63121,0.5000036586034184
63122,0.5000036586034184
63123,0.5000036586034184
63124,0.5000036586034184
63125,0.5000036586034184
63126,0.500716950893306
63127,0.5000036586034184
63128,0.5000036586034184
63129,0.5000036586034184
63130,0.5000036586034184
63131,0.5000036586034184
63132,0.4996001527158275
63133,0.5000036586034184
63134,0.5000036586034184
63135,0.5000036586034184
63136,0.5000036586034184
63137,0.5000036586034184
63138,0.5000036586034184
63139,0.5000036586034184
63140,0.5000036586034184
63141,0.4996001527158275
63142,0.5000036586034184
63143,0.5000036586034184
63144,0.5000036586034184
63145,0.5000036586034184
63146,0.5000036586034184
63147,0.5000036586034184
63148,0.5000036586034184
63149,0.5000036586034184
63150,0.4996001527158275
63151,0.4996001527158275
63152,0.4996001527158275
63153,0.4996001527158275
63154,0.4996001527158275
63155,0.4996001527158275
63156,0.500716950893306
63157,0.5000036586034184
63158,0.5000036586034184
63159,0.500716950893306
63160,0.4996001527158275
63161,0.5000036586034184
63162,0.4996001527158275
63163,0.5000036586034184
63164,0.4996001527158275
63165,0.500716950893306
63166,0.500716950893306
63167,0.4996001527158275
63168,0.4996001527158275
63169,0.4996001527158275
63170,0.500716950893306
63171,0.500716950893306
63172,0.4996001527158275
63173,0.4996001527158275
63174,0.4996001527158275
63175,0.4996001527158275
63176,0.5000036586034184
63177,0.4996001527158275
63178,0.4996001527158275
63179,0.4996001527158275
63180,0.500716950893306
63181,0.4996001527158275
63182,0.4996001527158275
63183,0.4996001527158275
63184,0.4996001527158275
63185,0.4996001527158275
63186,0.4996001527158275
63187,0.4996001527158275
63188,0.4996001527158275
63189,0.4996001527158275
63190,0.4996001527158275
63191,0.500716950893306
63192,0.500716950893306
63193,0.4996001527158275
63194,0.5000036586034184
63195,0.4996001527158275
63196,0.4996001527158275
63197,0.4996001527158275
63198,0.500716950893306
63199,0.5000036586034184
63200,0.4996001527158275
63201,0.4996001527158275
63202,0.4996001527158275
63203,0.4996001527158275
63204,0.4996001527158275
63205,0.5000036586034184
63206,0.4996001527158275
63207,0.4996001527158275
63208,0.500716950893306
63209,0.5000036586034184
63210,0.500716950893306
63211,0.4996001527158275
63212,0.4996001527158275
63213,0.500716950893306
63214,0.4996001527158275
63215,0.4996001527158275
63216,0.5000036586034184
63217,0.4996001527158275
63218,0.4996001527158275
63219,0.5000036586034184
63220,0.5000036586034184
63221,0.500716950893306
63222,0.4996001527158275
63223,0.500716950893306
63224,0.4996001527158275
63225,0.4996001527158275
63226,0.4996001527158275
63227,0.4996001527158275
63228,0.4996001527158275
63229,0.4996001527158275
63230,0.500716950893306
63231,0.5000036586034184
63232,0.4996001527158275
63233,0.4996001527158275
63234,0.500716950893306
63235,0.4996001527158275
63236,0.4996001527158275
63237,0.4996001527158275
63238,0.5000036586034184
63239,0.500716950893306
63240,0.4996001527158275
63241,0.5000036586034184
63242,0.4996001527158275
63243,0.4996001527158275
63244,0.4996001527158275
63245,0.4996001527158275
63246,0.4996001527158275
63247,0.4996001527158275
63248,0.4996001527158275
63249,0.5000036586034184
63250,0.4996001527158275
63251,0.500716950893306
63252,0.4996001527158275
63253,0.4996001527158275
63254,0.500716950893306
63255,0.5000036586034184
63256,0.500716950893306
63257,0.5000036586034184
63258,0.4996001527158275
63259,0.5000036586034184
63260,0.500716950893306
63261,0.4996001527158275
63262,0.4996001527158275
63263,0.500716950893306
63264,0.4996001527158275
63265,0.4996001527158275
63266,0.4996001527158275
63267,0.5000036586034184
63268,0.4996001527158275
63269,0.4996001527158275
63270,0.4996001527158275
63271,0.4996001527158275
63272,0.4996001527158275
63273,0.500716950893306
63274,0.500716950893306
63275,0.5000036586034184
63276,0.4996001527158275
63277,0.4996001527158275
63278,0.500716950893306
63279,0.4996001527158275
63280,0.4996001527158275
63281,0.4996001527158275
63282,0.4996001527158275
63283,0.4996001527158275
63284,0.4996001527158275
63285,0.4996001527158275
63286,0.4996001527158275
63287,0.500716950893306
63288,0.4996001527158275
63289,0.4996001527158275
63290,0.5000036586034184
63291,0.4996001527158275
63292,0.5000036586034184
63293,0.4996001527158275
63294,0.4996001527158275
63295,0.4996001527158275
63296,0.500716950893306
63297,0.500716950893306
63298,0.500716950893306
63299,0.4996001527158275
63300,0.4996001527158275
63301,0.4996001527158275
63302,0.4996001527158275
63303,0.500716950893306
63304,0.4996001527158275
63305,0.4996001527158275
63306,0.4996001527158275
63307,0.4996001527158275
63308,0.500716950893306
63309,0.4996001527158275
63310,0.4996001527158275
63311,0.4996001527158275
63312,0.4996001527158275
63313,0.4996001527158275
63314,0.4996001527158275
63315,0.5000036586034184
63316,0.4996001527158275
63317,0.4996001527158275
63318,0.500716950893306
63319,0.4996001527158275
63320,0.500716950893306
63321,0.4996001527158275
63322,0.4996001527158275
63323,0.4996001527158275
63324,0.4996001527158275
63325,0.5000036586034184
63326,0.4996001527158275
63327,0.4996001527158275
63328,0.4996001527158275
63329,0.4996001527158275
63330,0.4996001527158275
63331,0.4996001527158275
63332,0.5000036586034184
63333,0.4996001527158275
63334,0.500716950893306
63335,0.4996001527158275
63336,0.4996001527158275
63337,0.4996001527158275
63338,0.4996001527158275
63339,0.4996001527158275
63340,0.4996001527158275
63341,0.5000036586034184
63342,0.500716950893306
63343,0.500716950893306
63344,0.5000036586034184
63345,0.4996001527158275
63346,0.5000036586034184
63347,0.4996001527158275
63348,0.4996001527158275
63349,0.4996001527158275
63350,0.5000036586034184
63351,0.4996001527158275
63352,0.5000036586034184
63353,0.4996001527158275
63354,0.4996001527158275
63355,0.4996001527158275
63356,0.500716950893306
63357,0.4996001527158275
63358,0.4996001527158275
63359,0.5000036586034184
63360,0.5000036586034184
63361,0.5000036586034184
63362,0.4996001527158275
63363,0.5000036586034184
63364,0.5000036586034184
63365,0.4996001527158275
63366,0.4996001527158275
63367,0.4996001527158275
63368,0.5000036586034184
63369,0.5037196770466462
63370,0.4996001527158275
63371,0.500716950893306
63372,0.4996001527158275
63373,0.4996001527158275
63374,0.500716950893306
63375,0.4996001527158275
63376,0.4996001527158275
63377,0.4996001527158275
63378,0.500716950893306
63379,0.4996001527158275
63380,0.4996001527158275
63381,0.4996001527158275
63382,0.500716950893306
63383,0.5000036586034184
63384,0.500716950893306
63385,0.4996001527158275
63386,0.4996001527158275
63387,0.5000036586034184
63388,0.4996001527158275
63389,0.4996001527158275
63390,0.500716950893306
63391,0.500716950893306
63392,0.500716950893306
63393,0.500716950893306
63394,0.4996001527158275
63395,0.500716950893306
63396,0.4996001527158275
63397,0.4996001527158275
63398,0.4996001527158275
63399,0.4996001527158275
63400,0.500716950893306
63401,0.4996001527158275
63402,0.4996001527158275
63403,0.5000036586034184
63404,0.4996001527158275
63405,0.4996001527158275
63406,0.4996001527158275
63407,0.4996001527158275
63408,0.5000036586034184
63409,0.4996001527158275
63410,0.500716950893306
63411,0.500716950893306
63412,0.4996001527158275
63413,0.4996001527158275
63414,0.4996001527158275
63415,0.4996001527158275
63416,0.4996001527158275
63417,0.5000036586034184
63418,0.5000036586034184
63419,0.500716950893306
63420,0.4996001527158275
63421,0.4996001527158275
63422,0.5000036586034184
63423,0.4996001527158275
63424,0.4996001527158275
63425,0.4996001527158275
63426,0.4996001527158275
63427,0.500716950893306
63428,0.5000036586034184
63429,0.4996001527158275
63430,0.4996001527158275
63431,0.4996001527158275
63432,0.500716950893306
63433,0.4996001527158275
63434,0.4996001527158275
63435,0.4996001527158275
63436,0.5000036586034184
63437,0.4996001527158275
63438,0.4996001527158275
63439,0.4996001527158275
63440,0.5000036586034184
63441,0.4996001527158275
63442,0.4996001527158275
63443,0.4996001527158275
63444,0.5000036586034184
63445,0.4996001527158275
63446,0.4996001527158275
63447,0.5037196770466462
63448,0.4996001527158275
63449,0.500716950893306
63450,0.5000036586034184
63451,0.4996001527158275
63452,0.4996001527158275
63453,0.500716950893306
63454,0.4996001527158275
63455,0.5000036586034184
63456,0.4996001527158275
63457,0.4996001527158275
63458,0.4996001527158275
63459,0.500716950893306
63460,0.4996001527158275
63461,0.500716950893306
63462,0.5000036586034184
63463,0.4996001527158275
63464,0.4996001527158275
63465,0.5000036586034184
63466,0.5000036586034184
63467,0.4996001527158275
63468,0.500716950893306
63469,0.500716950893306
63470,0.4996001527158275
63471,0.500716950893306
63472,0.500716950893306
63473,0.5000036586034184
63474,0.5000036586034184
63475,0.4996001527158275
63476,0.4996001527158275
63477,0.4996001527158275
63478,0.4996001527158275
63479,0.5000036586034184
63480,0.4996001527158275
63481,0.5000036586034184
63482,0.5000036586034184
63483,0.5000036586034184
63484,0.4996001527158275
63485,0.500716950893306
63486,0.500716950893306
63487,0.4996001527158275
63488,0.5000036586034184
63489,0.4996001527158275
63490,0.4996001527158275
63491,0.500716950893306
63492,0.4996001527158275
63493,0.4996001527158275
63494,0.4996001527158275
63495,0.500716950893306
63496,0.4996001527158275
63497,0.4996001527158275
63498,0.5000036586034184
63499,0.4996001527158275
63500,0.500716950893306
63501,0.4996001527158275
63502,0.5000036586034184
63503,0.4996001527158275
63504,0.500716950893306
63505,0.5000036586034184
63506,0.4996001527158275
63507,0.4996001527158275
63508,0.4996001527158275
63509,0.4996001527158275
63510,0.4996001527158275
63511,0.4996001527158275
63512,0.4996001527158275
63513,0.4996001527158275
63514,0.4996001527158275
63515,0.5000036586034184
63516,0.4996001527158275
63517,0.500716950893306
63518,0.500716950893306
63519,0.4996001527158275
63520,0.4996001527158275
63521,0.4996001527158275
63522,0.4996001527158275
63523,0.4996001527158275
63524,0.5000036586034184
63525,0.500716950893306
63526,0.500716950893306
63527,0.4996001527158275
63528,0.4996001527158275
63529,0.5000036586034184
63530,0.500716950893306
63531,0.5000036586034184
63532,0.4996001527158275
63533,0.4996001527158275
63534,0.5000036586034184
63535,0.500716950893306
63536,0.4996001527158275
63537,0.4996001527158275
63538,0.4996001527158275
63539,0.4996001527158275
63540,0.4996001527158275
63541,0.5000036586034184
63542,0.4996001527158275
63543,0.4996001527158275
63544,0.4996001527158275
63545,0.5000036586034184
63546,0.5000036586034184
63547,0.4996001527158275
63548,0.4996001527158275
63549,0.5000036586034184
63550,0.5000036586034184
63551,0.4996001527158275
63552,0.4996001527158275
63553,0.500716950893306
63554,0.4996001527158275
63555,0.5000036586034184
63556,0.4996001527158275
63557,0.4996001527158275
63558,0.4996001527158275
63559,0.4996001527158275
63560,0.4996001527158275
63561,0.5000036586034184
63562,0.500716950893306
63563,0.4996001527158275
63564,0.5000036586034184
63565,0.4996001527158275
63566,0.5000036586034184
63567,0.4996001527158275
63568,0.500716950893306
63569,0.5000036586034184
63570,0.5037196770466462
63571,0.4996001527158275
63572,0.500716950893306
63573,0.500716950893306
63574,0.5000036586034184
63575,0.500716950893306
63576,0.4996001527158275
63577,0.4996001527158275
63578,0.4996001527158275
63579,0.5000036586034184
63580,0.4996001527158275
63581,0.5000036586034184
63582,0.4996001527158275
63583,0.4996001527158275
63584,0.4996001527158275
63585,0.4996001527158275
63586,0.4996001527158275
63587,0.5000036586034184
63588,0.4996001527158275
63589,0.500716950893306
63590,0.4996001527158275
63591,0.4996001527158275
63592,0.500716950893306
63593,0.4996001527158275
63594,0.500716950893306
63595,0.4996001527158275
63596,0.5000036586034184
63597,0.4996001527158275
63598,0.4996001527158275
63599,0.4996001527158275
63600,0.4996001527158275
63601,0.4996001527158275
63602,0.4996001527158275
63603,0.5000036586034184
63604,0.5000036586034184
63605,0.500716950893306
63606,0.500716950893306
63607,0.4996001527158275
63608,0.4996001527158275
63609,0.4996001527158275
63610,0.4996001527158275
63611,0.5000036586034184
63612,0.500716950893306
63613,0.500716950893306
63614,0.4996001527158275
63615,0.500716950893306
63616,0.4996001527158275
63617,0.5000036586034184
63618,0.4996001527158275
63619,0.4996001527158275
63620,0.5000036586034184
63621,0.4996001527158275
63622,0.5000036586034184
63623,0.5000036586034184
63624,0.4996001527158275
63625,0.5000036586034184
63626,0.4996001527158275
63627,0.5000036586034184
63628,0.4996001527158275
63629,0.4996001527158275
63630,0.5000036586034184
63631,0.4996001527158275
63632,0.4996001527158275
63633,0.4996001527158275
63634,0.4996001527158275
63635,0.4996001527158275
63636,0.5000036586034184
63637,0.500716950893306
63638,0.5000036586034184
63639,0.4996001527158275
63640,0.4996001527158275
63641,0.500716950893306
63642,0.500716950893306
63643,0.5000036586034184
63644,0.4996001527158275
63645,0.4996001527158275
63646,0.4996001527158275
63647,0.500716950893306
63648,0.5000036586034184
63649,0.4996001527158275
63650,0.4996001527158275
63651,0.4996001527158275
63652,0.5000036586034184
63653,0.4996001527158275
63654,0.4996001527158275
63655,0.4996001527158275
63656,0.4996001527158275
63657,0.4996001527158275
63658,0.5000036586034184
63659,0.4996001527158275
63660,0.4996001527158275
63661,0.4996001527158275
63662,0.4996001527158275
63663,0.4996001527158275
63664,0.5000036586034184
63665,0.4996001527158275
63666,0.4996001527158275
63667,0.4996001527158275
63668,0.5000036586034184
63669,0.4996001527158275
63670,0.500716950893306
63671,0.4996001527158275
63672,0.4996001527158275
63673,0.4996001527158275
63674,0.4996001527158275
63675,0.4996001527158275
63676,0.4996001527158275
63677,0.4996001527158275
63678,0.500716950893306
63679,0.500716950893306
63680,0.500716950893306
63681,0.4996001527158275
63682,0.5000036586034184
63683,0.4996001527158275
63684,0.5000036586034184
63685,0.4996001527158275
63686,0.5000036586034184
63687,0.500716950893306
63688,0.500716950893306
63689,0.500716950893306
63690,0.4996001527158275
63691,0.4996001527158275
63692,0.4996001527158275
63693,0.500716950893306
63694,0.5000036586034184
63695,0.4996001527158275
63696,0.4996001527158275
63697,0.5000036586034184
63698,0.500716950893306
63699,0.500716950893306
63700,0.4996001527158275
63701,0.4996001527158275
63702,0.4996001527158275
63703,0.4996001527158275
63704,0.4996001527158275
63705,0.5000036586034184
63706,0.4996001527158275
63707,0.4996001527158275
63708,0.4996001527158275
63709,0.4996001527158275
63710,0.500716950893306
63711,0.500716950893306
63712,0.500716950893306
63713,0.4996001527158275
63714,0.4996001527158275
63715,0.500716950893306
63716,0.5000036586034184
63717,0.4996001527158275
63718,0.5000036586034184
63719,0.5000036586034184
63720,0.4996001527158275
63721,0.4996001527158275
63722,0.4996001527158275
63723,0.4996001527158275
63724,0.4996001527158275
63725,0.500716950893306
63726,0.5000036586034184
63727,0.4996001527158275
63728,0.500716950893306
63729,0.4996001527158275
63730,0.4996001527158275
63731,0.4996001527158275
63732,0.5000036586034184
63733,0.4996001527158275
63734,0.5000036586034184
63735,0.5000036586034184
63736,0.4996001527158275
63737,0.4996001527158275
63738,0.4996001527158275
63739,0.5000036586034184
63740,0.4996001527158275
63741,0.4996001527158275
63742,0.4996001527158275
63743,0.4996001527158275
63744,0.4996001527158275
63745,0.4996001527158275
63746,0.4996001527158275
63747,0.500716950893306
63748,0.4996001527158275
63749,0.4996001527158275
63750,0.4996001527158275
63751,0.4996001527158275
63752,0.5000036586034184
63753,0.4996001527158275
63754,0.5000036586034184
63755,0.4996001527158275
63756,0.500716950893306
63757,0.4996001527158275
63758,0.4996001527158275
63759,0.5000036586034184
63760,0.4996001527158275
63761,0.5000036586034184
63762,0.4996001527158275
63763,0.500716950893306
63764,0.5000036586034184
63765,0.4996001527158275
63766,0.4996001527158275
63767,0.500716950893306
63768,0.4996001527158275
63769,0.4996001527158275
63770,0.4996001527158275
63771,0.4996001527158275
63772,0.4996001527158275
63773,0.4996001527158275
63774,0.5000036586034184
63775,0.5000036586034184
63776,0.4996001527158275
63777,0.4996001527158275
63778,0.500716950893306
63779,0.4996001527158275
63780,0.500716950893306
63781,0.4996001527158275
63782,0.500716950893306
63783,0.4996001527158275
63784,0.500716950893306
63785,0.4996001527158275
63786,0.500716950893306
63787,0.4996001527158275
63788,0.4996001527158275
63789,0.500716950893306
63790,0.5000036586034184
63791,0.4996001527158275
63792,0.4996001527158275
63793,0.4996001527158275
63794,0.4996001527158275
63795,0.5000036586034184
63796,0.5000036586034184
63797,0.4996001527158275
63798,0.4996001527158275
63799,0.500716950893306
63800,0.4996001527158275
63801,0.500716950893306
63802,0.5000036586034184
63803,0.4996001527158275
63804,0.4996001527158275
63805,0.500716950893306
63806,0.4996001527158275
63807,0.4996001527158275
63808,0.4996001527158275
63809,0.500716950893306
63810,0.500716950893306
63811,0.4996001527158275
63812,0.5000036586034184
63813,0.500716950893306
63814,0.500716950893306
63815,0.5000036586034184
63816,0.4996001527158275
63817,0.5000036586034184
63818,0.4996001527158275
63819,0.500716950893306
63820,0.4996001527158275
63821,0.500716950893306
63822,0.4996001527158275
63823,0.500716950893306
63824,0.4996001527158275
63825,0.500716950893306
63826,0.5000036586034184
63827,0.4996001527158275
63828,0.4996001527158275
63829,0.4996001527158275
63830,0.4996001527158275
63831,0.4996001527158275
63832,0.4996001527158275
63833,0.4996001527158275
63834,0.5000036586034184
63835,0.4996001527158275
63836,0.500716950893306
63837,0.4996001527158275
63838,0.4996001527158275
63839,0.4996001527158275
63840,0.4996001527158275
63841,0.4996001527158275
63842,0.500716950893306
63843,0.4996001527158275
63844,0.4996001527158275
63845,0.4996001527158275
63846,0.5000036586034184
63847,0.5000036586034184
63848,0.5000036586034184
63849,0.4996001527158275
63850,0.5000036586034184
63851,0.4996001527158275
63852,0.4996001527158275
63853,0.4996001527158275
63854,0.4996001527158275
63855,0.4996001527158275
63856,0.4996001527158275
63857,0.4996001527158275
63858,0.4996001527158275
63859,0.500716950893306
63860,0.4996001527158275
63861,0.500716950893306
63862,0.4996001527158275
63863,0.4996001527158275
63864,0.500716950893306
63865,0.5000036586034184
63866,0.4996001527158275
63867,0.4996001527158275
63868,0.4996001527158275
63869,0.4996001527158275
63870,0.4996001527158275
63871,0.4996001527158275
63872,0.4996001527158275
63873,0.4996001527158275
63874,0.4996001527158275
63875,0.4996001527158275
63876,0.4996001527158275
63877,0.5000036586034184
63878,0.5000036586034184
63879,0.4996001527158275
63880,0.500716950893306
63881,0.4996001527158275
63882,0.4996001527158275
63883,0.4996001527158275
63884,0.4996001527158275
63885,0.4996001527158275
63886,0.4996001527158275
63887,0.4996001527158275
63888,0.500716950893306
63889,0.500716950893306
63890,0.4996001527158275
63891,0.4996001527158275
63892,0.4996001527158275
63893,0.5000036586034184
63894,0.4996001527158275
63895,0.4996001527158275
63896,0.5000036586034184
63897,0.5000036586034184
63898,0.500716950893306
63899,0.500716950893306
63900,0.4996001527158275
63901,0.4996001527158275
63902,0.5000036586034184
63903,0.4996001527158275
63904,0.4996001527158275
63905,0.5000036586034184
63906,0.500716950893306
63907,0.5000036586034184
63908,0.4996001527158275
63909,0.4996001527158275
63910,0.4996001527158275
63911,0.4996001527158275
63912,0.5000036586034184
63913,0.4996001527158275
63914,0.4996001527158275
63915,0.500716950893306
63916,0.4996001527158275
63917,0.4996001527158275
63918,0.500716950893306
63919,0.500716950893306
63920,0.4996001527158275
63921,0.4996001527158275
63922,0.5000036586034184
63923,0.4996001527158275
63924,0.500716950893306
63925,0.5000036586034184
63926,0.500716950893306
63927,0.4996001527158275
63928,0.500716950893306
63929,0.500716950893306
63930,0.4996001527158275
63931,0.4996001527158275
63932,0.5000036586034184
63933,0.4996001527158275
63934,0.4996001527158275
63935,0.500716950893306
63936,0.4996001527158275
63937,0.5000036586034184
63938,0.500716950893306
63939,0.4996001527158275
63940,0.5000036586034184
63941,0.4996001527158275
63942,0.5000036586034184
63943,0.4996001527158275
63944,0.500716950893306
63945,0.4996001527158275
63946,0.4996001527158275
63947,0.500716950893306
63948,0.4996001527158275
63949,0.5000036586034184
63950,0.4996001527158275
63951,0.4996001527158275
63952,0.4996001527158275
63953,0.4996001527158275
63954,0.5000036586034184
63955,0.4996001527158275
63956,0.4996001527158275
63957,0.4996001527158275
63958,0.5000036586034184
63959,0.4996001527158275
63960,0.4996001527158275
63961,0.4996001527158275
63962,0.500716950893306
63963,0.4996001527158275
63964,0.4996001527158275
63965,0.4996001527158275
63966,0.4996001527158275
63967,0.5000036586034184
63968,0.5000036586034184
63969,0.4996001527158275
63970,0.500716950893306
63971,0.4996001527158275
63972,0.500716950893306
63973,0.4996001527158275
63974,0.4996001527158275
63975,0.4996001527158275
63976,0.4996001527158275
63977,0.4996001527158275
63978,0.500716950893306
63979,0.4996001527158275
63980,0.500716950893306
63981,0.4996001527158275
63982,0.4996001527158275
63983,0.4996001527158275
63984,0.4996001527158275
63985,0.4996001527158275
63986,0.4996001527158275
63987,0.4996001527158275
63988,0.4996001527158275
63989,0.5000036586034184
63990,0.4996001527158275
63991,0.4996001527158275
63992,0.4996001527158275
63993,0.4996001527158275
63994,0.5000036586034184
63995,0.4996001527158275
63996,0.4996001527158275
63997,0.4996001527158275
63998,0.5000036586034184
63999,0.4996001527158275
64000,0.500716950893306
64001,0.4996001527158275
64002,0.4996001527158275
64003,0.5000036586034184
64004,0.4996001527158275
64005,0.5000036586034184
64006,0.5000036586034184
64007,0.4996001527158275
64008,0.4996001527158275
64009,0.500716950893306
64010,0.5000036586034184
64011,0.4996001527158275
64012,0.4996001527158275
64013,0.4996001527158275
64014,0.4996001527158275
64015,0.4996001527158275
64016,0.5000036586034184
64017,0.4996001527158275
64018,0.4996001527158275
64019,0.4996001527158275
64020,0.4996001527158275
64021,0.4996001527158275
64022,0.5000036586034184
64023,0.4996001527158275
64024,0.4996001527158275
64025,0.5000036586034184
64026,0.4996001527158275
64027,0.4996001527158275
64028,0.4996001527158275
64029,0.500716950893306
64030,0.500716950893306
64031,0.5000036586034184
64032,0.5000036586034184
64033,0.4996001527158275
64034,0.4996001527158275
64035,0.4996001527158275
64036,0.4996001527158275
64037,0.4996001527158275
64038,0.4996001527158275
64039,0.5000036586034184
64040,0.4996001527158275
64041,0.4996001527158275
64042,0.4996001527158275
64043,0.4996001527158275
64044,0.4996001527158275
64045,0.500716950893306
64046,0.4996001527158275
64047,0.500716950893306
64048,0.5000036586034184
64049,0.5037196770466462
64050,0.5000036586034184
64051,0.4996001527158275
64052,0.4996001527158275
64053,0.4996001527158275
64054,0.500716950893306
64055,0.500716950893306
64056,0.4996001527158275
64057,0.4996001527158275
64058,0.4996001527158275
64059,0.4996001527158275
64060,0.5000036586034184
64061,0.4996001527158275
64062,0.4996001527158275
64063,0.4996001527158275
64064,0.4996001527158275
64065,0.4996001527158275
64066,0.500716950893306
64067,0.500716950893306
64068,0.500716950893306
64069,0.500716950893306
64070,0.4996001527158275
64071,0.5000036586034184
64072,0.4996001527158275
64073,0.4996001527158275
64074,0.500716950893306
64075,0.4996001527158275
64076,0.4996001527158275
64077,0.4996001527158275
64078,0.4996001527158275
64079,0.4996001527158275
64080,0.4996001527158275
64081,0.5000036586034184
64082,0.500716950893306
64083,0.4996001527158275
64084,0.4996001527158275
64085,0.4996001527158275
64086,0.500716950893306
64087,0.5000036586034184
64088,0.5000036586034184
64089,0.5000036586034184
64090,0.4996001527158275
64091,0.4996001527158275
64092,0.5000036586034184
64093,0.5000036586034184
64094,0.4996001527158275
64095,0.4996001527158275
64096,0.4996001527158275
64097,0.4996001527158275
64098,0.4996001527158275
64099,0.4996001527158275
64100,0.4996001527158275
64101,0.500716950893306
64102,0.5000036586034184
64103,0.4996001527158275
64104,0.4996001527158275
64105,0.4996001527158275
64106,0.4996001527158275
64107,0.4996001527158275
64108,0.4996001527158275
64109,0.4996001527158275
64110,0.4996001527158275
64111,0.5000036586034184
64112,0.500716950893306
64113,0.4996001527158275
64114,0.4996001527158275
64115,0.4996001527158275
64116,0.4996001527158275
64117,0.4996001527158275
64118,0.500716950893306
64119,0.4996001527158275
64120,0.4996001527158275
64121,0.5000036586034184
64122,0.4996001527158275
64123,0.4996001527158275
64124,0.4996001527158275
64125,0.500716950893306
64126,0.4996001527158275
64127,0.4996001527158275
64128,0.500716950893306
64129,0.4996001527158275
64130,0.4996001527158275
64131,0.4996001527158275
64132,0.4996001527158275
64133,0.4996001527158275
64134,0.5000036586034184
64135,0.4996001527158275
64136,0.5000036586034184
64137,0.4996001527158275
64138,0.4996001527158275
64139,0.4996001527158275
64140,0.4996001527158275
64141,0.4996001527158275
64142,0.4996001527158275
64143,0.500716950893306
64144,0.4996001527158275
64145,0.4996001527158275
64146,0.500716950893306
64147,0.5000036586034184
64148,0.5000036586034184
64149,0.4996001527158275
64150,0.4996001527158275
64151,0.4996001527158275
64152,0.4996001527158275
64153,0.4996001527158275
64154,0.500716950893306
64155,0.5000036586034184
64156,0.4996001527158275
64157,0.4996001527158275
64158,0.4996001527158275
64159,0.5000036586034184
64160,0.4996001527158275
64161,0.4996001527158275
64162,0.4996001527158275
64163,0.4996001527158275
64164,0.4996001527158275
64165,0.5000036586034184
64166,0.4996001527158275
64167,0.4996001527158275
64168,0.4996001527158275
64169,0.4996001527158275
64170,0.500716950893306
64171,0.5000036586034184
64172,0.4996001527158275
64173,0.4996001527158275
64174,0.4996001527158275
64175,0.4996001527158275
64176,0.5000036586034184
64177,0.4996001527158275
64178,0.4996001527158275
64179,0.5000036586034184
64180,0.5000036586034184
64181,0.4996001527158275
64182,0.4996001527158275
64183,0.4996001527158275
64184,0.500716950893306
64185,0.4996001527158275
64186,0.4996001527158275
64187,0.5000036586034184
64188,0.4996001527158275
64189,0.5000036586034184
64190,0.500716950893306
64191,0.5000036586034184
64192,0.4996001527158275
64193,0.500716950893306
64194,0.4996001527158275
64195,0.500716950893306
64196,0.4996001527158275
64197,0.4996001527158275
64198,0.4996001527158275
64199,0.4996001527158275
64200,0.5000036586034184
64201,0.500716950893306
64202,0.500716950893306
64203,0.4996001527158275
64204,0.4996001527158275
64205,0.4996001527158275
64206,0.5000036586034184
64207,0.4996001527158275
64208,0.5000036586034184
64209,0.4996001527158275
64210,0.5000036586034184
64211,0.4996001527158275
64212,0.4996001527158275
64213,0.4996001527158275
64214,0.4996001527158275
64215,0.4996001527158275
64216,0.4996001527158275
64217,0.5000036586034184
64218,0.4996001527158275
64219,0.4996001527158275
64220,0.5000036586034184
64221,0.500716950893306
64222,0.4996001527158275
64223,0.4996001527158275
64224,0.500716950893306
64225,0.4996001527158275
64226,0.4996001527158275
64227,0.4996001527158275
64228,0.4996001527158275
64229,0.5000036586034184
64230,0.4996001527158275
64231,0.4996001527158275
64232,0.4996001527158275
64233,0.4996001527158275
64234,0.4996001527158275
64235,0.4996001527158275
64236,0.5000036586034184
64237,0.4996001527158275
64238,0.5000036586034184
64239,0.500716950893306
64240,0.4996001527158275
64241,0.4996001527158275
64242,0.4996001527158275
64243,0.4996001527158275
64244,0.4996001527158275
64245,0.4996001527158275
64246,0.5000036586034184
64247,0.4996001527158275
64248,0.4996001527158275
64249,0.4996001527158275
64250,0.5000036586034184
64251,0.4996001527158275
64252,0.4996001527158275
64253,0.4996001527158275
64254,0.4996001527158275
64255,0.4996001527158275
64256,0.4996001527158275
64257,0.4996001527158275
64258,0.5000036586034184
64259,0.4996001527158275
64260,0.500716950893306
64261,0.500716950893306
64262,0.5000036586034184
64263,0.4996001527158275
64264,0.500716950893306
64265,0.5000036586034184
64266,0.4996001527158275
64267,0.4996001527158275
64268,0.4996001527158275
64269,0.500716950893306
64270,0.4996001527158275
64271,0.4996001527158275
64272,0.4996001527158275
64273,0.4996001527158275
64274,0.5000036586034184
64275,0.4996001527158275
64276,0.500716950893306
64277,0.5000036586034184
64278,0.5000036586034184
64279,0.500716950893306
64280,0.4996001527158275
64281,0.4996001527158275
64282,0.4996001527158275
64283,0.4996001527158275
64284,0.5000036586034184
64285,0.4996001527158275
64286,0.4996001527158275
64287,0.4996001527158275
64288,0.4996001527158275
64289,0.5000036586034184
64290,0.4996001527158275
64291,0.500716950893306
64292,0.4996001527158275
64293,0.500716950893306
64294,0.5000036586034184
64295,0.4996001527158275
64296,0.4996001527158275
64297,0.500716950893306
64298,0.4996001527158275
64299,0.500716950893306
64300,0.4996001527158275
64301,0.5000036586034184
64302,0.4996001527158275
64303,0.4996001527158275
64304,0.500716950893306
64305,0.4996001527158275
64306,0.5000036586034184
64307,0.500716950893306
64308,0.500716950893306
64309,0.5000036586034184
64310,0.4996001527158275
64311,0.4996001527158275
64312,0.4996001527158275
64313,0.4996001527158275
64314,0.4996001527158275
64315,0.4996001527158275
64316,0.5000036586034184
64317,0.4996001527158275
64318,0.4996001527158275
64319,0.4996001527158275
64320,0.4996001527158275
64321,0.5000036586034184
64322,0.500716950893306
64323,0.4996001527158275
64324,0.4996001527158275
64325,0.5000036586034184
64326,0.500716950893306
64327,0.5000036586034184
64328,0.4996001527158275
64329,0.5000036586034184
64330,0.4996001527158275
64331,0.4996001527158275
64332,0.5000036586034184
64333,0.4996001527158275
64334,0.4996001527158275
64335,0.4996001527158275
64336,0.500716950893306
64337,0.5000036586034184
64338,0.5000036586034184
64339,0.4996001527158275
64340,0.4996001527158275
64341,0.4996001527158275
64342,0.4996001527158275
64343,0.4996001527158275
64344,0.4996001527158275
64345,0.500716950893306
64346,0.5000036586034184
64347,0.500716950893306
64348,0.500716950893306
64349,0.4996001527158275
64350,0.5000036586034184
64351,0.4996001527158275
64352,0.5000036586034184
64353,0.4996001527158275
64354,0.4996001527158275
64355,0.5000036586034184
64356,0.5000036586034184
64357,0.5000036586034184
64358,0.5000036586034184
64359,0.500716950893306
64360,0.500716950893306
64361,0.4996001527158275
64362,0.4996001527158275
64363,0.500716950893306
64364,0.500716950893306
64365,0.500716950893306
64366,0.5000036586034184
64367,0.4996001527158275
64368,0.500716950893306
64369,0.500716950893306
64370,0.4996001527158275
64371,0.4996001527158275
64372,0.5000036586034184
64373,0.500716950893306
64374,0.4996001527158275
64375,0.4996001527158275
64376,0.4996001527158275
64377,0.4996001527158275
64378,0.4996001527158275
64379,0.4996001527158275
64380,0.4996001527158275
64381,0.5000036586034184
64382,0.4996001527158275
64383,0.500716950893306
64384,0.5000036586034184
64385,0.4996001527158275
64386,0.5000036586034184
64387,0.5000036586034184
64388,0.4996001527158275
64389,0.5000036586034184
64390,0.4996001527158275
64391,0.4996001527158275
64392,0.5000036586034184
64393,0.5000036586034184
64394,0.500716950893306
64395,0.4996001527158275
64396,0.4996001527158275
64397,0.4996001527158275
64398,0.4996001527158275
64399,0.500716950893306
64400,0.4996001527158275
64401,0.4996001527158275
64402,0.500716950893306
64403,0.500716950893306
64404,0.4996001527158275
64405,0.5000036586034184
64406,0.4996001527158275
64407,0.500716950893306
64408,0.5000036586034184
64409,0.5000036586034184
64410,0.4996001527158275
64411,0.4996001527158275
64412,0.4996001527158275
64413,0.4996001527158275
64414,0.4996001527158275
64415,0.4996001527158275
64416,0.4996001527158275
64417,0.5000036586034184
64418,0.500716950893306
64419,0.4996001527158275
64420,0.4996001527158275
64421,0.5000036586034184
64422,0.4996001527158275
64423,0.4996001527158275
64424,0.500716950893306
64425,0.500716950893306
64426,0.4996001527158275
64427,0.4996001527158275
64428,0.4996001527158275
64429,0.4996001527158275
64430,0.5000036586034184
64431,0.5000036586034184
64432,0.4996001527158275
64433,0.5000036586034184
64434,0.500716950893306
64435,0.4996001527158275
64436,0.5000036586034184
64437,0.4996001527158275
64438,0.4996001527158275
64439,0.5000036586034184
64440,0.4996001527158275
64441,0.500716950893306
64442,0.4996001527158275
64443,0.4996001527158275
64444,0.4996001527158275
64445,0.4996001527158275
64446,0.4996001527158275
64447,0.4996001527158275
64448,0.4996001527158275
64449,0.4996001527158275
64450,0.4996001527158275
64451,0.4996001527158275
64452,0.500716950893306
64453,0.4996001527158275
64454,0.500716950893306
64455,0.4996001527158275
64456,0.4996001527158275
64457,0.500716950893306
64458,0.5000036586034184
64459,0.4996001527158275
64460,0.500716950893306
64461,0.5000036586034184
64462,0.5000036586034184
64463,0.5000036586034184
64464,0.500716950893306
64465,0.4996001527158275
64466,0.500716950893306
64467,0.4996001527158275
64468,0.5000036586034184
64469,0.4996001527158275
64470,0.4996001527158275
64471,0.500716950893306
64472,0.500716950893306
64473,0.4996001527158275
64474,0.4996001527158275
64475,0.4996001527158275
64476,0.5000036586034184
64477,0.4996001527158275
64478,0.4996001527158275
64479,0.5000036586034184
64480,0.4996001527158275
64481,0.4996001527158275
64482,0.500716950893306
64483,0.4996001527158275
64484,0.5000036586034184
64485,0.500716950893306
64486,0.5000036586034184
64487,0.5000036586034184
64488,0.500716950893306
64489,0.5000036586034184
64490,0.5000036586034184
64491,0.4996001527158275
64492,0.4996001527158275
64493,0.4996001527158275
64494,0.4996001527158275
64495,0.5000036586034184
64496,0.5000036586034184
64497,0.5000036586034184
64498,0.500716950893306
64499,0.500716950893306
64500,0.5000036586034184
64501,0.5000036586034184
64502,0.5000036586034184
64503,0.4996001527158275
64504,0.4996001527158275
64505,0.4996001527158275
64506,0.4996001527158275
64507,0.4996001527158275
64508,0.4996001527158275
64509,0.500716950893306
64510,0.500716950893306
64511,0.5000036586034184
64512,0.5000036586034184
64513,0.4996001527158275
64514,0.4996001527158275
64515,0.5000036586034184
64516,0.4996001527158275
64517,0.5000036586034184
64518,0.4996001527158275
64519,0.5000036586034184
64520,0.500716950893306
64521,0.4996001527158275
64522,0.5000036586034184
64523,0.4996001527158275
64524,0.4996001527158275
64525,0.4996001527158275
64526,0.4996001527158275
64527,0.5000036586034184
64528,0.500716950893306
64529,0.4996001527158275
64530,0.4996001527158275
64531,0.5000036586034184
64532,0.5000036586034184
64533,0.4996001527158275
64534,0.500716950893306
64535,0.5000036586034184
64536,0.4996001527158275
64537,0.4996001527158275
64538,0.4996001527158275
64539,0.4996001527158275
64540,0.500716950893306
64541,0.4996001527158275
64542,0.4996001527158275
64543,0.5000036586034184
64544,0.500716950893306
64545,0.5000036586034184
64546,0.4996001527158275
64547,0.500716950893306
64548,0.4996001527158275
64549,0.4996001527158275
64550,0.4996001527158275
64551,0.4996001527158275
64552,0.5000036586034184
64553,0.4996001527158275
64554,0.4996001527158275
64555,0.500716950893306
64556,0.5000036586034184
64557,0.4996001527158275
64558,0.4996001527158275
64559,0.4996001527158275
64560,0.4996001527158275
64561,0.4996001527158275
64562,0.5000036586034184
64563,0.500716950893306
64564,0.5000036586034184
64565,0.4996001527158275
64566,0.4996001527158275
64567,0.500716950893306
64568,0.4996001527158275
64569,0.4996001527158275
64570,0.4996001527158275
64571,0.500716950893306
64572,0.5000036586034184
64573,0.500716950893306
64574,0.4996001527158275
64575,0.5000036586034184
64576,0.500716950893306
64577,0.4996001527158275
64578,0.500716950893306
64579,0.4996001527158275
64580,0.4996001527158275
64581,0.4996001527158275
64582,0.4996001527158275
64583,0.4996001527158275
64584,0.5000036586034184
64585,0.4996001527158275
64586,0.4996001527158275
64587,0.500716950893306
64588,0.4996001527158275
64589,0.4996001527158275
64590,0.5000036586034184
64591,0.4996001527158275
64592,0.5000036586034184
64593,0.5000036586034184
64594,0.4996001527158275
64595,0.4996001527158275
64596,0.4996001527158275
64597,0.4996001527158275
64598,0.4996001527158275
64599,0.5000036586034184
64600,0.500716950893306
64601,0.4996001527158275
64602,0.5000036586034184
64603,0.4996001527158275
64604,0.5000036586034184
64605,0.5000036586034184
64606,0.500716950893306
64607,0.500716950893306
64608,0.4996001527158275
64609,0.4996001527158275
64610,0.4996001527158275
64611,0.4996001527158275
64612,0.4996001527158275
64613,0.500716950893306
64614,0.4996001527158275
64615,0.500716950893306
64616,0.4996001527158275
64617,0.4996001527158275
64618,0.4996001527158275
64619,0.5000036586034184
64620,0.500716950893306
64621,0.5000036586034184
64622,0.4996001527158275
64623,0.4996001527158275
64624,0.4996001527158275
64625,0.4996001527158275
64626,0.4996001527158275
64627,0.4996001527158275
64628,0.5000036586034184
64629,0.4996001527158275
64630,0.4996001527158275
64631,0.4996001527158275
64632,0.5000036586034184
64633,0.4996001527158275
64634,0.4996001527158275
64635,0.4996001527158275
64636,0.4996001527158275
64637,0.4996001527158275
64638,0.500716950893306
64639,0.500716950893306
64640,0.4996001527158275
64641,0.4996001527158275
64642,0.4996001527158275
64643,0.4996001527158275
64644,0.500716950893306
64645,0.500716950893306
64646,0.4996001527158275
64647,0.5000036586034184
64648,0.4996001527158275
64649,0.5000036586034184
64650,0.500716950893306
64651,0.4996001527158275
64652,0.4996001527158275
64653,0.5000036586034184
64654,0.4996001527158275
64655,0.5000036586034184
64656,0.4996001527158275
64657,0.4996001527158275
64658,0.500716950893306
64659,0.5000036586034184
64660,0.4996001527158275
64661,0.5000036586034184
64662,0.4996001527158275
64663,0.4996001527158275
64664,0.4996001527158275
64665,0.4996001527158275
64666,0.4996001527158275
64667,0.4996001527158275
64668,0.500716950893306
64669,0.4996001527158275
64670,0.4996001527158275
64671,0.500716950893306
64672,0.4996001527158275
64673,0.4996001527158275
64674,0.4996001527158275
64675,0.4996001527158275
64676,0.500716950893306
64677,0.4996001527158275
64678,0.4996001527158275
64679,0.4996001527158275
64680,0.4996001527158275
64681,0.5000036586034184
64682,0.4996001527158275
64683,0.4996001527158275
64684,0.4996001527158275
64685,0.4996001527158275
64686,0.4996001527158275
64687,0.4996001527158275
64688,0.4996001527158275
64689,0.4996001527158275
64690,0.4996001527158275
64691,0.500716950893306
64692,0.500716950893306
64693,0.500716950893306
64694,0.4996001527158275
64695,0.4996001527158275
64696,0.500716950893306
64697,0.4996001527158275
64698,0.4996001527158275
64699,0.4996001527158275
64700,0.5000036586034184
64701,0.4996001527158275
64702,0.500716950893306
64703,0.4996001527158275
64704,0.4996001527158275
64705,0.4996001527158275
64706,0.4996001527158275
64707,0.4996001527158275
64708,0.4996001527158275
64709,0.4996001527158275
64710,0.4996001527158275
64711,0.5000036586034184
64712,0.4996001527158275
64713,0.5000036586034184
64714,0.5000036586034184
64715,0.4996001527158275
64716,0.4996001527158275
64717,0.4996001527158275
64718,0.5000036586034184
64719,0.4996001527158275
64720,0.500716950893306
64721,0.5000036586034184
64722,0.4996001527158275
64723,0.4996001527158275
64724,0.4996001527158275
64725,0.4996001527158275
64726,0.4996001527158275
64727,0.4996001527158275
64728,0.4996001527158275
64729,0.5000036586034184
64730,0.4996001527158275
64731,0.4996001527158275
64732,0.4996001527158275
64733,0.500716950893306
64734,0.4996001527158275
64735,0.4996001527158275
64736,0.500716950893306
64737,0.4996001527158275
64738,0.500716950893306
64739,0.5000036586034184
64740,0.500716950893306
64741,0.4996001527158275
64742,0.5000036586034184
64743,0.4996001527158275
64744,0.4996001527158275
64745,0.500716950893306
64746,0.4996001527158275
64747,0.4996001527158275
64748,0.4996001527158275
64749,0.4996001527158275
64750,0.4996001527158275
64751,0.500716950893306
64752,0.500716950893306
64753,0.4996001527158275
64754,0.4996001527158275
64755,0.4996001527158275
64756,0.4996001527158275
64757,0.5000036586034184
64758,0.5000036586034184
64759,0.5000036586034184
64760,0.4996001527158275
64761,0.5000036586034184
64762,0.5000036586034184
64763,0.4996001527158275
64764,0.500716950893306
64765,0.4996001527158275
64766,0.4996001527158275
64767,0.500716950893306
64768,0.4996001527158275
64769,0.4996001527158275
64770,0.500716950893306
64771,0.4996001527158275
64772,0.4996001527158275
64773,0.5000036586034184
64774,0.4996001527158275
64775,0.4996001527158275
64776,0.4996001527158275
64777,0.500716950893306
64778,0.4996001527158275
64779,0.5000036586034184
64780,0.5000036586034184
64781,0.4996001527158275
64782,0.500716950893306
64783,0.5000036586034184
64784,0.4996001527158275
64785,0.4996001527158275
64786,0.4996001527158275
64787,0.500716950893306
64788,0.5000036586034184
64789,0.4996001527158275
64790,0.4996001527158275
64791,0.4996001527158275
64792,0.5000036586034184
64793,0.4996001527158275
64794,0.4996001527158275
64795,0.4996001527158275
64796,0.4996001527158275
64797,0.4996001527158275
64798,0.4996001527158275
64799,0.500716950893306
64800,0.500716950893306
64801,0.5000036586034184
64802,0.4996001527158275
64803,0.4996001527158275
64804,0.4996001527158275
64805,0.4996001527158275
64806,0.4996001527158275
64807,0.5000036586034184
64808,0.4996001527158275
64809,0.4996001527158275
64810,0.4996001527158275
64811,0.4996001527158275
64812,0.4996001527158275
64813,0.500716950893306
64814,0.4996001527158275
64815,0.4996001527158275
64816,0.5000036586034184
64817,0.4996001527158275
64818,0.4996001527158275
64819,0.4996001527158275
64820,0.4996001527158275
64821,0.4996001527158275
64822,0.4996001527158275
64823,0.500716950893306
64824,0.4996001527158275
64825,0.5000036586034184
64826,0.4996001527158275
64827,0.4996001527158275
64828,0.4996001527158275
64829,0.4996001527158275
64830,0.4996001527158275
64831,0.4996001527158275
64832,0.500716950893306
64833,0.500716950893306
64834,0.500716950893306
64835,0.4996001527158275
64836,0.4996001527158275
64837,0.4996001527158275
64838,0.4996001527158275
64839,0.4996001527158275
64840,0.4996001527158275
64841,0.4996001527158275
64842,0.4996001527158275
64843,0.4996001527158275
64844,0.4996001527158275
64845,0.4996001527158275
64846,0.4996001527158275
64847,0.4996001527158275
64848,0.4996001527158275
64849,0.4996001527158275
64850,0.4996001527158275
64851,0.4996001527158275
64852,0.500716950893306
64853,0.5000036586034184
64854,0.5000036586034184
64855,0.4996001527158275
64856,0.500716950893306
64857,0.4996001527158275
64858,0.4996001527158275
64859,0.4996001527158275
64860,0.4996001527158275
64861,0.500716950893306
64862,0.4996001527158275
64863,0.4996001527158275
64864,0.4996001527158275
64865,0.500716950893306
64866,0.4996001527158275
64867,0.4996001527158275
64868,0.4996001527158275
64869,0.4996001527158275
64870,0.4996001527158275
64871,0.4996001527158275
64872,0.5000036586034184
64873,0.4996001527158275
64874,0.4996001527158275
64875,0.500716950893306
64876,0.5000036586034184
64877,0.5000036586034184
64878,0.4996001527158275
64879,0.500716950893306
64880,0.4996001527158275
64881,0.4996001527158275
64882,0.4996001527158275
64883,0.500716950893306
64884,0.4996001527158275
64885,0.500716950893306
64886,0.4996001527158275
64887,0.4996001527158275
64888,0.4996001527158275
64889,0.4996001527158275
64890,0.4996001527158275
64891,0.4996001527158275
64892,0.5000036586034184
64893,0.4996001527158275
64894,0.4996001527158275
64895,0.5000036586034184
64896,0.4996001527158275
64897,0.500716950893306
64898,0.500716950893306
64899,0.5000036586034184
64900,0.500716950893306
64901,0.4996001527158275
64902,0.4996001527158275
64903,0.4996001527158275
64904,0.5000036586034184
64905,0.4996001527158275
64906,0.500716950893306
64907,0.500716950893306
64908,0.4996001527158275
64909,0.5000036586034184
64910,0.4996001527158275
64911,0.4996001527158275
64912,0.4996001527158275
64913,0.4996001527158275
64914,0.5000036586034184
64915,0.500716950893306
64916,0.500716950893306
64917,0.4996001527158275
64918,0.4996001527158275
64919,0.4996001527158275
64920,0.4996001527158275
64921,0.4996001527158275
64922,0.4996001527158275
64923,0.4996001527158275
64924,0.4996001527158275
64925,0.4996001527158275
64926,0.500716950893306
64927,0.5000036586034184
64928,0.4996001527158275
64929,0.500716950893306
64930,0.5000036586034184
64931,0.4996001527158275
64932,0.4996001527158275
64933,0.4996001527158275
64934,0.5000036586034184
64935,0.5000036586034184
64936,0.5000036586034184
64937,0.4996001527158275
64938,0.4996001527158275
64939,0.4996001527158275
64940,0.4996001527158275
64941,0.4996001527158275
64942,0.5000036586034184
64943,0.4996001527158275
64944,0.4996001527158275
64945,0.4996001527158275
64946,0.4996001527158275
64947,0.4996001527158275
64948,0.4996001527158275
64949,0.4996001527158275
64950,0.4996001527158275
64951,0.5000036586034184
64952,0.500716950893306
64953,0.4996001527158275
64954,0.500716950893306
64955,0.4996001527158275
64956,0.5000036586034184
64957,0.4996001527158275
64958,0.4996001527158275
64959,0.4996001527158275
64960,0.500716950893306
64961,0.500716950893306
64962,0.5000036586034184
64963,0.4996001527158275
64964,0.4996001527158275
64965,0.4996001527158275
64966,0.500716950893306
64967,0.4996001527158275
64968,0.500716950893306
64969,0.500716950893306
64970,0.500716950893306
64971,0.4996001527158275
64972,0.4996001527158275
64973,0.4996001527158275
64974,0.4996001527158275
64975,0.500716950893306
64976,0.4996001527158275
64977,0.500716950893306
64978,0.4996001527158275
64979,0.5000036586034184
64980,0.4996001527158275
64981,0.4996001527158275
64982,0.4996001527158275
64983,0.500716950893306
64984,0.5000036586034184
64985,0.4996001527158275
64986,0.5000036586034184
64987,0.4996001527158275
64988,0.5000036586034184
64989,0.5000036586034184
64990,0.4996001527158275
64991,0.500716950893306
64992,0.4996001527158275
64993,0.4996001527158275
64994,0.5000036586034184
64995,0.4996001527158275
64996,0.500716950893306
64997,0.4996001527158275
64998,0.5000036586034184
64999,0.4996001527158275
65000,0.4996001527158275
65001,0.4996001527158275
65002,0.500716950893306
65003,0.500716950893306
65004,0.500716950893306
65005,0.5000036586034184
65006,0.4996001527158275
65007,0.5000036586034184
65008,0.5000036586034184
65009,0.5000036586034184
65010,0.5000036586034184
65011,0.500716950893306
65012,0.4996001527158275
65013,0.5000036586034184
65014,0.5000036586034184
65015,0.5000036586034184
65016,0.4996001527158275
65017,0.4996001527158275
65018,0.4996001527158275
65019,0.500716950893306
65020,0.500716950893306
65021,0.4996001527158275
65022,0.4996001527158275
65023,0.4996001527158275
65024,0.4996001527158275
65025,0.4996001527158275
65026,0.4996001527158275
65027,0.5000036586034184
65028,0.4996001527158275
65029,0.4996001527158275
65030,0.5000036586034184
65031,0.4996001527158275
65032,0.5000036586034184
65033,0.4996001527158275
65034,0.5000036586034184
65035,0.4996001527158275
65036,0.5000036586034184
65037,0.4996001527158275
65038,0.4996001527158275
65039,0.4996001527158275
65040,0.4996001527158275
65041,0.5000036586034184
65042,0.500716950893306
65043,0.5000036586034184
65044,0.4996001527158275
65045,0.4996001527158275
65046,0.500716950893306
65047,0.4996001527158275
65048,0.500716950893306
65049,0.500716950893306
65050,0.500716950893306
65051,0.4996001527158275
65052,0.500716950893306
65053,0.4996001527158275
65054,0.4996001527158275
65055,0.4996001527158275
65056,0.4996001527158275
65057,0.4996001527158275
65058,0.500716950893306
65059,0.4996001527158275
65060,0.4996001527158275
65061,0.4996001527158275
65062,0.4996001527158275
65063,0.4996001527158275
65064,0.4996001527158275
65065,0.500716950893306
65066,0.5000036586034184
65067,0.4996001527158275
65068,0.4996001527158275
65069,0.4996001527158275
65070,0.5000036586034184
65071,0.4996001527158275
65072,0.4996001527158275
65073,0.4996001527158275
65074,0.4996001527158275
65075,0.4996001527158275
65076,0.5000036586034184
65077,0.4996001527158275
65078,0.4996001527158275
65079,0.5000036586034184
65080,0.500716950893306
65081,0.5000036586034184
65082,0.4996001527158275
65083,0.4996001527158275
65084,0.4996001527158275
65085,0.5000036586034184
65086,0.4996001527158275
65087,0.4996001527158275
65088,0.5000036586034184
65089,0.4996001527158275
65090,0.5000036586034184
65091,0.5000036586034184
65092,0.4996001527158275
65093,0.4996001527158275
65094,0.4996001527158275
65095,0.4996001527158275
65096,0.5000036586034184
65097,0.5000036586034184
65098,0.4996001527158275
65099,0.500716950893306
65100,0.5000036586034184
65101,0.500716950893306
65102,0.500716950893306
65103,0.4996001527158275
65104,0.4996001527158275
65105,0.5000036586034184
65106,0.4996001527158275
65107,0.5000036586034184
65108,0.4996001527158275
65109,0.4996001527158275
65110,0.4996001527158275
65111,0.4996001527158275
65112,0.500716950893306
65113,0.4996001527158275
65114,0.500716950893306
65115,0.5000036586034184
65116,0.4996001527158275
65117,0.4996001527158275
65118,0.5000036586034184
65119,0.4996001527158275
65120,0.4996001527158275
65121,0.4996001527158275
65122,0.4996001527158275
65123,0.4996001527158275
65124,0.4996001527158275
65125,0.4996001527158275
65126,0.5000036586034184
65127,0.4996001527158275
65128,0.500716950893306
65129,0.4996001527158275
65130,0.4996001527158275
65131,0.5000036586034184
65132,0.500716950893306
65133,0.4996001527158275
65134,0.4996001527158275
65135,0.4996001527158275
65136,0.4996001527158275
65137,0.4996001527158275
65138,0.4996001527158275
65139,0.5000036586034184
65140,0.4996001527158275
65141,0.5000036586034184
65142,0.4996001527158275
65143,0.4996001527158275
65144,0.4996001527158275
65145,0.4996001527158275
65146,0.4996001527158275
65147,0.4996001527158275
65148,0.4996001527158275
65149,0.4996001527158275
65150,0.4996001527158275
65151,0.4996001527158275
65152,0.4996001527158275
65153,0.5000036586034184
65154,0.500716950893306
65155,0.500716950893306
65156,0.5000036586034184
65157,0.5000036586034184
65158,0.500716950893306
65159,0.4996001527158275
65160,0.4996001527158275
65161,0.4996001527158275
65162,0.4996001527158275
65163,0.4996001527158275
65164,0.4996001527158275
65165,0.4996001527158275
65166,0.5000036586034184
65167,0.4996001527158275
65168,0.500716950893306
65169,0.4996001527158275
65170,0.500716950893306
65171,0.4996001527158275
65172,0.4996001527158275
65173,0.4996001527158275
65174,0.4996001527158275
65175,0.4996001527158275
65176,0.4996001527158275
65177,0.4996001527158275
65178,0.500716950893306
65179,0.4996001527158275
65180,0.4996001527158275
65181,0.5000036586034184
65182,0.4996001527158275
65183,0.500716950893306
65184,0.5000036586034184
65185,0.4996001527158275
65186,0.4996001527158275
65187,0.500716950893306
65188,0.4996001527158275
65189,0.500716950893306
65190,0.5000036586034184
65191,0.500716950893306
65192,0.4996001527158275
65193,0.4996001527158275
65194,0.4996001527158275
65195,0.4996001527158275
65196,0.4996001527158275
65197,0.4996001527158275
65198,0.4996001527158275
65199,0.4996001527158275
65200,0.4996001527158275
65201,0.500716950893306
65202,0.5000036586034184
65203,0.4996001527158275
65204,0.4996001527158275
65205,0.4996001527158275
65206,0.4996001527158275
65207,0.4996001527158275
65208,0.4996001527158275
65209,0.4996001527158275
65210,0.500716950893306
65211,0.4996001527158275
65212,0.500716950893306
65213,0.500716950893306
65214,0.4996001527158275
65215,0.4996001527158275
65216,0.4996001527158275
65217,0.5000036586034184
65218,0.4996001527158275
65219,0.4996001527158275
65220,0.4996001527158275
65221,0.4996001527158275
65222,0.4996001527158275
65223,0.4996001527158275
65224,0.4996001527158275
65225,0.4996001527158275
65226,0.4996001527158275
65227,0.5000036586034184
65228,0.5000036586034184
65229,0.4996001527158275
65230,0.5000036586034184
65231,0.500716950893306
65232,0.4996001527158275
65233,0.4996001527158275
65234,0.4996001527158275
65235,0.4996001527158275
65236,0.4996001527158275
65237,0.500716950893306
65238,0.4996001527158275
65239,0.4996001527158275
65240,0.500716950893306
65241,0.4996001527158275
65242,0.5000036586034184
65243,0.4996001527158275
65244,0.4996001527158275
65245,0.4996001527158275
65246,0.4996001527158275
65247,0.4996001527158275
65248,0.4996001527158275
65249,0.5000036586034184
65250,0.5037196770466462
65251,0.4996001527158275
65252,0.4996001527158275
65253,0.5000036586034184
65254,0.4996001527158275
65255,0.4996001527158275
65256,0.500716950893306
65257,0.5000036586034184
65258,0.4996001527158275
65259,0.4996001527158275
65260,0.4996001527158275
65261,0.4996001527158275
65262,0.4996001527158275
65263,0.5000036586034184
65264,0.4996001527158275
65265,0.5000036586034184
65266,0.4996001527158275
65267,0.4996001527158275
65268,0.5000036586034184
65269,0.5000036586034184
65270,0.5000036586034184
65271,0.500716950893306
65272,0.5000036586034184
65273,0.5000036586034184
65274,0.4996001527158275
65275,0.4996001527158275
65276,0.4996001527158275
65277,0.5000036586034184
65278,0.4996001527158275
65279,0.4996001527158275
65280,0.4996001527158275
65281,0.5000036586034184
65282,0.4996001527158275
65283,0.4996001527158275
65284,0.5000036586034184
65285,0.4996001527158275
65286,0.4996001527158275
65287,0.5000036586034184
65288,0.4996001527158275
65289,0.500716950893306
65290,0.500716950893306
65291,0.5000036586034184
65292,0.4996001527158275
65293,0.4996001527158275
65294,0.5000036586034184
65295,0.4996001527158275
65296,0.500716950893306
65297,0.5000036586034184
65298,0.4996001527158275
65299,0.4996001527158275
65300,0.4996001527158275
65301,0.4996001527158275
65302,0.4996001527158275
65303,0.4996001527158275
65304,0.4996001527158275
65305,0.5000036586034184
65306,0.4996001527158275
65307,0.4996001527158275
65308,0.500716950893306
65309,0.4996001527158275
65310,0.500716950893306
65311,0.4996001527158275
65312,0.4996001527158275
65313,0.5000036586034184
65314,0.500716950893306
65315,0.5000036586034184
65316,0.4996001527158275
65317,0.5000036586034184
65318,0.4996001527158275
65319,0.4996001527158275
65320,0.500716950893306
65321,0.4996001527158275
65322,0.4996001527158275
65323,0.5000036586034184
65324,0.4996001527158275
65325,0.4996001527158275
65326,0.4996001527158275
65327,0.4996001527158275
65328,0.500716950893306
65329,0.4996001527158275
65330,0.4996001527158275
65331,0.4996001527158275
65332,0.5000036586034184
65333,0.5000036586034184
65334,0.4996001527158275
65335,0.5000036586034184
65336,0.4996001527158275
65337,0.4996001527158275
65338,0.5000036586034184
65339,0.4996001527158275
65340,0.4996001527158275
65341,0.4996001527158275
65342,0.4996001527158275
65343,0.500716950893306
65344,0.4996001527158275
65345,0.4996001527158275
65346,0.4996001527158275
65347,0.4996001527158275
65348,0.500716950893306
65349,0.5000036586034184
65350,0.5000036586034184
65351,0.500716950893306
65352,0.4996001527158275
65353,0.500716950893306
65354,0.5000036586034184
65355,0.4996001527158275
65356,0.4996001527158275
65357,0.4996001527158275
65358,0.4996001527158275
65359,0.4996001527158275
65360,0.500716950893306
65361,0.500716950893306
65362,0.4996001527158275
65363,0.4996001527158275
65364,0.500716950893306
65365,0.500716950893306
65366,0.4996001527158275
65367,0.4996001527158275
65368,0.500716950893306
65369,0.4996001527158275
65370,0.4996001527158275
65371,0.4996001527158275
65372,0.4996001527158275
65373,0.4996001527158275
65374,0.4996001527158275
65375,0.5000036586034184
65376,0.4996001527158275
65377,0.4996001527158275
65378,0.5000036586034184
65379,0.4996001527158275
65380,0.500716950893306
65381,0.4996001527158275
65382,0.4996001527158275
65383,0.5000036586034184
65384,0.500716950893306
65385,0.5000036586034184
65386,0.5000036586034184
65387,0.4996001527158275
65388,0.4996001527158275
65389,0.500716950893306
65390,0.4996001527158275
65391,0.500716950893306
65392,0.5000036586034184
65393,0.5000036586034184
65394,0.4996001527158275
65395,0.4996001527158275
65396,0.4996001527158275
65397,0.500716950893306
65398,0.5000036586034184
65399,0.4996001527158275
65400,0.500716950893306
65401,0.5000036586034184
65402,0.4996001527158275
65403,0.4996001527158275
65404,0.5000036586034184
65405,0.5000036586034184
65406,0.4996001527158275
65407,0.4996001527158275
65408,0.4996001527158275
65409,0.4996001527158275
65410,0.500716950893306
65411,0.500716950893306
65412,0.4996001527158275
65413,0.4996001527158275
65414,0.5000036586034184
65415,0.4996001527158275
65416,0.500716950893306
65417,0.4996001527158275
65418,0.4996001527158275
65419,0.5000036586034184
65420,0.4996001527158275
65421,0.4996001527158275
65422,0.4996001527158275
65423,0.500716950893306
65424,0.4996001527158275
65425,0.4996001527158275
65426,0.4996001527158275
65427,0.500716950893306
65428,0.4996001527158275
65429,0.4996001527158275
65430,0.4996001527158275
65431,0.5000036586034184
65432,0.4996001527158275
65433,0.500716950893306
65434,0.500716950893306
65435,0.4996001527158275
65436,0.4996001527158275
65437,0.4996001527158275
65438,0.4996001527158275
65439,0.5000036586034184
65440,0.500716950893306
65441,0.4996001527158275
65442,0.4996001527158275
65443,0.4996001527158275
65444,0.500716950893306
65445,0.4996001527158275
65446,0.4996001527158275
65447,0.4996001527158275
65448,0.4996001527158275
65449,0.4996001527158275
65450,0.4996001527158275
65451,0.4996001527158275
65452,0.4996001527158275
65453,0.4996001527158275
65454,0.4996001527158275
65455,0.500716950893306
65456,0.4996001527158275
65457,0.5000036586034184
65458,0.500716950893306
65459,0.4996001527158275
65460,0.500716950893306
65461,0.500716950893306
65462,0.5000036586034184
65463,0.4996001527158275
65464,0.5000036586034184
65465,0.500716950893306
65466,0.5000036586034184
65467,0.500716950893306
65468,0.5000036586034184
65469,0.4996001527158275
65470,0.4996001527158275
65471,0.4996001527158275
65472,0.4996001527158275
65473,0.5000036586034184
65474,0.500716950893306
65475,0.4996001527158275
65476,0.4996001527158275
65477,0.4996001527158275
65478,0.4996001527158275
65479,0.500716950893306
65480,0.4996001527158275
65481,0.4996001527158275
65482,0.4996001527158275
65483,0.4996001527158275
65484,0.4996001527158275
65485,0.4996001527158275
65486,0.5000036586034184
65487,0.4996001527158275
65488,0.500716950893306
65489,0.5000036586034184
65490,0.4996001527158275
65491,0.4996001527158275
65492,0.5000036586034184
65493,0.5000036586034184
65494,0.4996001527158275
65495,0.4996001527158275
65496,0.4996001527158275
65497,0.4996001527158275
65498,0.500716950893306
65499,0.500716950893306
65500,0.4996001527158275
65501,0.4996001527158275
65502,0.500716950893306
65503,0.500716950893306
65504,0.4996001527158275
65505,0.4996001527158275
65506,0.4996001527158275
65507,0.4996001527158275
65508,0.5000036586034184
65509,0.500716950893306
65510,0.500716950893306
65511,0.500716950893306
65512,0.5000036586034184
65513,0.5000036586034184
65514,0.4996001527158275
65515,0.4996001527158275
65516,0.4996001527158275
65517,0.4996001527158275
65518,0.4996001527158275
65519,0.500716950893306
65520,0.5000036586034184
65521,0.4996001527158275
65522,0.500716950893306
65523,0.5000036586034184
65524,0.4996001527158275
65525,0.4996001527158275
65526,0.4996001527158275
65527,0.500716950893306
65528,0.500716950893306
65529,0.4996001527158275
65530,0.4996001527158275
65531,0.4996001527158275
65532,0.4996001527158275
65533,0.4996001527158275
65534,0.500716950893306
65535,0.4996001527158275
65536,0.4996001527158275
65537,0.4996001527158275
65538,0.5000036586034184
65539,0.4996001527158275
65540,0.5000036586034184
65541,0.500716950893306
65542,0.5000036586034184
65543,0.4996001527158275
65544,0.4996001527158275
65545,0.4996001527158275
65546,0.4996001527158275
65547,0.4996001527158275
65548,0.4996001527158275
65549,0.5000036586034184
65550,0.500716950893306
65551,0.4996001527158275
65552,0.5000036586034184
65553,0.500716950893306
65554,0.500716950893306
65555,0.500716950893306
65556,0.4996001527158275
65557,0.4996001527158275
65558,0.4996001527158275
65559,0.500716950893306
65560,0.4996001527158275
65561,0.500716950893306
65562,0.5000036586034184
65563,0.5000036586034184
65564,0.500716950893306
65565,0.4996001527158275
65566,0.4996001527158275
65567,0.5000036586034184
65568,0.4996001527158275
65569,0.4996001527158275
65570,0.4996001527158275
65571,0.4996001527158275
65572,0.4996001527158275
65573,0.5000036586034184
65574,0.5000036586034184
65575,0.4996001527158275
65576,0.4996001527158275
65577,0.5000036586034184
65578,0.5000036586034184
65579,0.4996001527158275
65580,0.4996001527158275
65581,0.5000036586034184
65582,0.4996001527158275
65583,0.5000036586034184
65584,0.4996001527158275
65585,0.4996001527158275
65586,0.4996001527158275
65587,0.4996001527158275
65588,0.5000036586034184
65589,0.4996001527158275
65590,0.4996001527158275
65591,0.4996001527158275
65592,0.4996001527158275
65593,0.500716950893306
65594,0.500716950893306
65595,0.5000036586034184
65596,0.4996001527158275
65597,0.4996001527158275
65598,0.5000036586034184
65599,0.4996001527158275
65600,0.4996001527158275
65601,0.5000036586034184
65602,0.5000036586034184
65603,0.4996001527158275
65604,0.4996001527158275
65605,0.4996001527158275
65606,0.500716950893306
65607,0.4996001527158275
65608,0.4996001527158275
65609,0.4996001527158275
65610,0.5000036586034184
65611,0.4996001527158275
65612,0.4996001527158275
65613,0.4996001527158275
65614,0.500716950893306
65615,0.500716950893306
65616,0.4996001527158275
65617,0.4996001527158275
65618,0.4996001527158275
65619,0.4996001527158275
65620,0.4996001527158275
65621,0.4996001527158275
65622,0.4996001527158275
65623,0.4996001527158275
65624,0.4996001527158275
65625,0.5000036586034184
65626,0.500716950893306
65627,0.4996001527158275
65628,0.4996001527158275
65629,0.5000036586034184
65630,0.4996001527158275
65631,0.5000036586034184
65632,0.4996001527158275
65633,0.4996001527158275
65634,0.5000036586034184
65635,0.4996001527158275
65636,0.4996001527158275
65637,0.4996001527158275
65638,0.500716950893306
65639,0.5000036586034184
65640,0.4996001527158275
65641,0.4996001527158275
65642,0.4996001527158275
65643,0.4996001527158275
65644,0.4996001527158275
65645,0.4996001527158275
65646,0.4996001527158275
65647,0.500716950893306
65648,0.5000036586034184
65649,0.4996001527158275
65650,0.4996001527158275
65651,0.4996001527158275
65652,0.500716950893306
65653,0.4996001527158275
65654,0.500716950893306
65655,0.500716950893306
65656,0.500716950893306
65657,0.500716950893306
65658,0.500716950893306
65659,0.4996001527158275
65660,0.500716950893306
65661,0.5000036586034184
65662,0.4996001527158275
65663,0.4996001527158275
65664,0.4996001527158275
65665,0.5000036586034184
65666,0.4996001527158275
65667,0.4996001527158275
65668,0.4996001527158275
65669,0.4996001527158275
65670,0.4996001527158275
65671,0.4996001527158275
65672,0.500716950893306
65673,0.4996001527158275
65674,0.4996001527158275
65675,0.4996001527158275
65676,0.4996001527158275
65677,0.500716950893306
65678,0.4996001527158275
65679,0.5000036586034184
65680,0.4996001527158275
65681,0.5000036586034184
65682,0.500716950893306
65683,0.4996001527158275
65684,0.5000036586034184
65685,0.4996001527158275
65686,0.500716950893306
65687,0.4996001527158275
65688,0.4996001527158275
65689,0.500716950893306
65690,0.5000036586034184
65691,0.5000036586034184
65692,0.4996001527158275
65693,0.5000036586034184
65694,0.500716950893306
65695,0.4996001527158275
65696,0.4996001527158275
65697,0.5000036586034184
65698,0.4996001527158275
65699,0.4996001527158275
65700,0.5000036586034184
65701,0.5000036586034184
65702,0.500716950893306
65703,0.4996001527158275
65704,0.4996001527158275
65705,0.5000036586034184
65706,0.4996001527158275
65707,0.5000036586034184
65708,0.4996001527158275
65709,0.4996001527158275
65710,0.500716950893306
65711,0.4996001527158275
65712,0.4996001527158275
65713,0.500716950893306
65714,0.5000036586034184
65715,0.500716950893306
65716,0.4996001527158275
65717,0.4996001527158275
65718,0.4996001527158275
65719,0.4996001527158275
65720,0.5000036586034184
65721,0.4996001527158275
65722,0.4996001527158275
65723,0.5000036586034184
65724,0.4996001527158275
65725,0.4996001527158275
65726,0.4996001527158275
65727,0.500716950893306
65728,0.4996001527158275
65729,0.500716950893306
65730,0.500716950893306
65731,0.4996001527158275
65732,0.4996001527158275
65733,0.4996001527158275
65734,0.4996001527158275
65735,0.4996001527158275
65736,0.4996001527158275
65737,0.5000036586034184
65738,0.4996001527158275
65739,0.5000036586034184
65740,0.500716950893306
65741,0.5000036586034184
65742,0.500716950893306
65743,0.4996001527158275
65744,0.4996001527158275
65745,0.5000036586034184
65746,0.4996001527158275
65747,0.500716950893306
65748,0.4996001527158275
65749,0.5000036586034184
65750,0.5000036586034184
65751,0.500716950893306
65752,0.4996001527158275
65753,0.500716950893306
65754,0.5000036586034184
65755,0.500716950893306
65756,0.4996001527158275
65757,0.4996001527158275
65758,0.4996001527158275
65759,0.4996001527158275
65760,0.500716950893306
65761,0.4996001527158275
65762,0.5000036586034184
65763,0.4996001527158275
65764,0.5000036586034184
65765,0.4996001527158275
65766,0.4996001527158275
65767,0.4996001527158275
65768,0.500716950893306
65769,0.4996001527158275
65770,0.500716950893306
65771,0.4996001527158275
65772,0.4996001527158275
65773,0.4996001527158275
65774,0.500716950893306
65775,0.4996001527158275
65776,0.500716950893306
65777,0.4996001527158275
65778,0.4996001527158275
65779,0.5000036586034184
65780,0.500716950893306
65781,0.4996001527158275
65782,0.5000036586034184
65783,0.4996001527158275
65784,0.5000036586034184
65785,0.500716950893306
65786,0.4996001527158275
65787,0.500716950893306
65788,0.4996001527158275
65789,0.4996001527158275
65790,0.500716950893306
65791,0.4996001527158275
65792,0.4996001527158275
65793,0.4996001527158275
65794,0.5000036586034184
65795,0.4996001527158275
65796,0.4996001527158275
65797,0.500716950893306
65798,0.4996001527158275
65799,0.5000036586034184
65800,0.4996001527158275
65801,0.5000036586034184
65802,0.4996001527158275
65803,0.500716950893306
65804,0.5000036586034184
65805,0.4996001527158275
65806,0.4996001527158275
65807,0.500716950893306
65808,0.5000036586034184
65809,0.4996001527158275
65810,0.4996001527158275
65811,0.4996001527158275
65812,0.5000036586034184
65813,0.4996001527158275
65814,0.5000036586034184
65815,0.5000036586034184
65816,0.5000036586034184
65817,0.500716950893306
65818,0.500716950893306
65819,0.4996001527158275
65820,0.4996001527158275
65821,0.4996001527158275
65822,0.500716950893306
65823,0.4996001527158275
65824,0.4996001527158275
65825,0.4996001527158275
65826,0.5000036586034184
65827,0.4996001527158275
65828,0.4996001527158275
65829,0.4996001527158275
65830,0.500716950893306
65831,0.500716950893306
65832,0.500716950893306
65833,0.5000036586034184
65834,0.4996001527158275
65835,0.4996001527158275
65836,0.4996001527158275
65837,0.4996001527158275
65838,0.4996001527158275
65839,0.4996001527158275
65840,0.4996001527158275
65841,0.4996001527158275
65842,0.500716950893306
65843,0.4996001527158275
65844,0.4996001527158275
65845,0.500716950893306
65846,0.4996001527158275
65847,0.5000036586034184
65848,0.4996001527158275
65849,0.4996001527158275
65850,0.4996001527158275
65851,0.4996001527158275
65852,0.5000036586034184
65853,0.4996001527158275
65854,0.500716950893306
65855,0.500716950893306
65856,0.5000036586034184
65857,0.500716950893306
65858,0.4996001527158275
65859,0.4996001527158275
65860,0.500716950893306
65861,0.4996001527158275
65862,0.500716950893306
65863,0.4996001527158275
65864,0.4996001527158275
65865,0.500716950893306
65866,0.4996001527158275
65867,0.4996001527158275
65868,0.500716950893306
65869,0.5000036586034184
65870,0.4996001527158275
65871,0.5000036586034184
65872,0.4996001527158275
65873,0.4996001527158275
65874,0.5000036586034184
65875,0.500716950893306
65876,0.4996001527158275
65877,0.4996001527158275
65878,0.5000036586034184
65879,0.500716950893306
65880,0.4996001527158275
65881,0.4996001527158275
65882,0.500716950893306
65883,0.500716950893306
65884,0.4996001527158275
65885,0.4996001527158275
65886,0.4996001527158275
65887,0.5000036586034184
65888,0.5000036586034184
65889,0.4996001527158275
65890,0.4996001527158275
65891,0.500716950893306
65892,0.4996001527158275
65893,0.4996001527158275
65894,0.5000036586034184
65895,0.500716950893306
65896,0.4996001527158275
65897,0.4996001527158275
65898,0.4996001527158275
65899,0.500716950893306
65900,0.500716950893306
65901,0.4996001527158275
65902,0.4996001527158275
65903,0.4996001527158275
65904,0.4996001527158275
65905,0.5000036586034184
65906,0.4996001527158275
65907,0.500716950893306
65908,0.4996001527158275
65909,0.4996001527158275
65910,0.5000036586034184
65911,0.5000036586034184
65912,0.5000036586034184
65913,0.4996001527158275
65914,0.4996001527158275
65915,0.4996001527158275
65916,0.4996001527158275
65917,0.5000036586034184
65918,0.4996001527158275
65919,0.4996001527158275
65920,0.4996001527158275
65921,0.4996001527158275
65922,0.4996001527158275
65923,0.4996001527158275
65924,0.4996001527158275
65925,0.4996001527158275
65926,0.4996001527158275
65927,0.4996001527158275
65928,0.4996001527158275
65929,0.4996001527158275
65930,0.5000036586034184
65931,0.4996001527158275
65932,0.4996001527158275
65933,0.4996001527158275
65934,0.4996001527158275
65935,0.4996001527158275
65936,0.4996001527158275
65937,0.4996001527158275
65938,0.4996001527158275
65939,0.4996001527158275
65940,0.4996001527158275
65941,0.4996001527158275
65942,0.5000036586034184
65943,0.500716950893306
65944,0.500716950893306
65945,0.4996001527158275
65946,0.500716950893306
65947,0.4996001527158275
65948,0.5000036586034184
65949,0.4996001527158275
65950,0.500716950893306
65951,0.4996001527158275
65952,0.500716950893306
65953,0.4996001527158275
65954,0.4996001527158275
65955,0.500716950893306
65956,0.4996001527158275
65957,0.4996001527158275
65958,0.4996001527158275
65959,0.4996001527158275
65960,0.4996001527158275
65961,0.4996001527158275
65962,0.4996001527158275
65963,0.5000036586034184
65964,0.4996001527158275
65965,0.4996001527158275
65966,0.4996001527158275
65967,0.500716950893306
65968,0.4996001527158275
65969,0.4996001527158275
65970,0.4996001527158275
65971,0.4996001527158275
65972,0.500716950893306
65973,0.4996001527158275
65974,0.5000036586034184
65975,0.4996001527158275
65976,0.500716950893306
65977,0.4996001527158275
65978,0.4996001527158275
65979,0.4996001527158275
65980,0.4996001527158275
65981,0.4996001527158275
65982,0.5000036586034184
65983,0.4996001527158275
65984,0.4996001527158275
65985,0.5000036586034184
65986,0.4996001527158275
65987,0.500716950893306
65988,0.500716950893306
65989,0.4996001527158275
65990,0.4996001527158275
65991,0.500716950893306
65992,0.4996001527158275
65993,0.5000036586034184
65994,0.4996001527158275
65995,0.5000036586034184
65996,0.4996001527158275
65997,0.4996001527158275
65998,0.500716950893306
65999,0.4996001527158275
66000,0.4996001527158275
66001,0.4996001527158275
66002,0.500716950893306
66003,0.4996001527158275
66004,0.4996001527158275
66005,0.4996001527158275
66006,0.5000036586034184
66007,0.5000036586034184
66008,0.4996001527158275
66009,0.4996001527158275
66010,0.5000036586034184
66011,0.500716950893306
66012,0.5000036586034184
66013,0.5000036586034184
66014,0.4996001527158275
66015,0.4996001527158275
66016,0.500716950893306
66017,0.4996001527158275
66018,0.500716950893306
66019,0.500716950893306
66020,0.4996001527158275
66021,0.4996001527158275
66022,0.4996001527158275
66023,0.4996001527158275
66024,0.5000036586034184
66025,0.4996001527158275
66026,0.500716950893306
66027,0.500716950893306
66028,0.5000036586034184
66029,0.500716950893306
66030,0.4996001527158275
66031,0.4996001527158275
66032,0.4996001527158275
66033,0.4996001527158275
66034,0.4996001527158275
66035,0.4996001527158275
66036,0.500716950893306
66037,0.500716950893306
66038,0.5000036586034184
66039,0.4996001527158275
66040,0.4996001527158275
66041,0.4996001527158275
66042,0.4996001527158275
66043,0.5000036586034184
66044,0.4996001527158275
66045,0.4996001527158275
66046,0.5000036586034184
66047,0.5000036586034184
66048,0.4996001527158275
66049,0.5000036586034184
66050,0.4996001527158275
66051,0.4996001527158275
66052,0.5000036586034184
66053,0.500716950893306
66054,0.5000036586034184
66055,0.4996001527158275
66056,0.5000036586034184
66057,0.4996001527158275
66058,0.4996001527158275
66059,0.4996001527158275
66060,0.4996001527158275
66061,0.4996001527158275
66062,0.500716950893306
66063,0.4996001527158275
66064,0.4996001527158275
66065,0.5000036586034184
66066,0.5000036586034184
66067,0.5000036586034184
66068,0.4996001527158275
66069,0.4996001527158275
66070,0.4996001527158275
66071,0.4996001527158275
66072,0.4996001527158275
66073,0.5000036586034184
66074,0.4996001527158275
66075,0.4996001527158275
66076,0.4996001527158275
66077,0.4996001527158275
66078,0.5000036586034184
66079,0.4996001527158275
66080,0.4996001527158275
66081,0.500716950893306
66082,0.500716950893306
66083,0.4996001527158275
66084,0.4996001527158275
66085,0.4996001527158275
66086,0.5000036586034184
66087,0.5000036586034184
66088,0.5000036586034184
66089,0.4996001527158275
66090,0.4996001527158275
66091,0.5000036586034184
66092,0.4996001527158275
66093,0.5000036586034184
66094,0.4996001527158275
66095,0.4996001527158275
66096,0.4996001527158275
66097,0.4996001527158275
66098,0.4996001527158275
66099,0.5000036586034184
66100,0.4996001527158275
66101,0.4996001527158275
66102,0.5000036586034184
66103,0.4996001527158275
66104,0.4996001527158275
66105,0.4996001527158275
66106,0.5000036586034184
66107,0.4996001527158275
66108,0.4996001527158275
66109,0.4996001527158275
66110,0.500716950893306
66111,0.4996001527158275
66112,0.4996001527158275
66113,0.4996001527158275
66114,0.4996001527158275
66115,0.5000036586034184
66116,0.5000036586034184
66117,0.500716950893306
66118,0.4996001527158275
66119,0.500716950893306
66120,0.4996001527158275
66121,0.4996001527158275
66122,0.5000036586034184
66123,0.4996001527158275
66124,0.500716950893306
66125,0.500716950893306
66126,0.4996001527158275
66127,0.500716950893306
66128,0.4996001527158275
66129,0.5000036586034184
66130,0.5000036586034184
66131,0.4996001527158275
66132,0.4996001527158275
66133,0.4996001527158275
66134,0.4996001527158275
66135,0.4996001527158275
66136,0.4996001527158275
66137,0.4996001527158275
66138,0.4996001527158275
66139,0.4996001527158275
66140,0.4996001527158275
66141,0.4996001527158275
66142,0.4996001527158275
66143,0.4996001527158275
66144,0.4996001527158275
66145,0.5000036586034184
66146,0.5000036586034184
66147,0.4996001527158275
66148,0.5000036586034184
66149,0.5000036586034184
66150,0.500716950893306
66151,0.4996001527158275
66152,0.4996001527158275
66153,0.4996001527158275
66154,0.4996001527158275
66155,0.500716950893306
66156,0.4996001527158275
66157,0.4996001527158275
66158,0.500716950893306
66159,0.4996001527158275
66160,0.4996001527158275
66161,0.4996001527158275
66162,0.500716950893306
66163,0.4996001527158275
66164,0.500716950893306
66165,0.4996001527158275
66166,0.4996001527158275
66167,0.4996001527158275
66168,0.4996001527158275
66169,0.5000036586034184
66170,0.4996001527158275
66171,0.4996001527158275
66172,0.4996001527158275
66173,0.500716950893306
66174,0.5000036586034184
66175,0.4996001527158275
66176,0.4996001527158275
66177,0.4996001527158275
66178,0.4996001527158275
66179,0.4996001527158275
66180,0.4996001527158275
66181,0.5000036586034184
66182,0.4996001527158275
66183,0.4996001527158275
66184,0.5000036586034184
66185,0.4996001527158275
66186,0.5000036586034184
66187,0.500716950893306
66188,0.5000036586034184
66189,0.4996001527158275
66190,0.5000036586034184
66191,0.4996001527158275
66192,0.4996001527158275
66193,0.500716950893306
66194,0.500716950893306
66195,0.5000036586034184
66196,0.4996001527158275
66197,0.4996001527158275
66198,0.4996001527158275
66199,0.5000036586034184
66200,0.5000036586034184
66201,0.4996001527158275
66202,0.4996001527158275
66203,0.4996001527158275
66204,0.500716950893306
66205,0.5000036586034184
66206,0.500716950893306
66207,0.500716950893306
66208,0.4996001527158275
66209,0.4996001527158275
66210,0.500716950893306
66211,0.4996001527158275
66212,0.4996001527158275
66213,0.4996001527158275
66214,0.4996001527158275
66215,0.500716950893306
66216,0.4996001527158275
66217,0.4996001527158275
66218,0.4996001527158275
66219,0.4996001527158275
66220,0.5000036586034184
66221,0.4996001527158275
66222,0.4996001527158275
66223,0.4996001527158275
66224,0.5000036586034184
66225,0.500716950893306
66226,0.4996001527158275
66227,0.4996001527158275
66228,0.4996001527158275
66229,0.4996001527158275
66230,0.500716950893306
66231,0.4996001527158275
66232,0.500716950893306
66233,0.4996001527158275
66234,0.4996001527158275
66235,0.5000036586034184
66236,0.4996001527158275
66237,0.5000036586034184
66238,0.4996001527158275
66239,0.4996001527158275
66240,0.4996001527158275
66241,0.5000036586034184
66242,0.4996001527158275
66243,0.5000036586034184
66244,0.5000036586034184
66245,0.5000036586034184
66246,0.4996001527158275
66247,0.4996001527158275
66248,0.5000036586034184
66249,0.4996001527158275
66250,0.5000036586034184
66251,0.500716950893306
66252,0.4996001527158275
66253,0.4996001527158275
66254,0.500716950893306
66255,0.4996001527158275
66256,0.5000036586034184
66257,0.5000036586034184
66258,0.4996001527158275
66259,0.500716950893306
66260,0.5000036586034184
66261,0.4996001527158275
66262,0.4996001527158275
66263,0.4996001527158275
66264,0.5000036586034184
66265,0.5000036586034184
66266,0.5000036586034184
66267,0.5000036586034184
66268,0.500716950893306
66269,0.4996001527158275
66270,0.4996001527158275
66271,0.4996001527158275
66272,0.4996001527158275
66273,0.4996001527158275
66274,0.4996001527158275
66275,0.5000036586034184
66276,0.4996001527158275
66277,0.5000036586034184
66278,0.5000036586034184
66279,0.5000036586034184
66280,0.4996001527158275
66281,0.4996001527158275
66282,0.4996001527158275
66283,0.5000036586034184
66284,0.5000036586034184
66285,0.4996001527158275
66286,0.500716950893306
66287,0.4996001527158275
66288,0.500716950893306
66289,0.500716950893306
66290,0.5000036586034184
66291,0.500716950893306
66292,0.4996001527158275
66293,0.500716950893306
66294,0.4996001527158275
66295,0.4996001527158275
66296,0.4996001527158275
66297,0.500716950893306
66298,0.5000036586034184
66299,0.4996001527158275
66300,0.4996001527158275
66301,0.4996001527158275
66302,0.5000036586034184
66303,0.500716950893306
66304,0.4996001527158275
66305,0.4996001527158275
66306,0.4996001527158275
66307,0.4996001527158275
66308,0.4996001527158275
66309,0.500716950893306
66310,0.5000036586034184
66311,0.500716950893306
66312,0.4996001527158275
66313,0.4996001527158275
66314,0.4996001527158275
66315,0.500716950893306
66316,0.5000036586034184
66317,0.4996001527158275
66318,0.4996001527158275
66319,0.4996001527158275
66320,0.5000036586034184
66321,0.5000036586034184
66322,0.4996001527158275
66323,0.5000036586034184
66324,0.500716950893306
66325,0.500716950893306
66326,0.4996001527158275
66327,0.4996001527158275
66328,0.5000036586034184
66329,0.4996001527158275
66330,0.4996001527158275
66331,0.4996001527158275
66332,0.500716950893306
66333,0.4996001527158275
66334,0.500716950893306
66335,0.5000036586034184
66336,0.5000036586034184
66337,0.4996001527158275
66338,0.4996001527158275
66339,0.4996001527158275
66340,0.4996001527158275
66341,0.4996001527158275
66342,0.5000036586034184
66343,0.500716950893306
66344,0.4996001527158275
66345,0.4996001527158275
66346,0.500716950893306
66347,0.500716950893306
66348,0.500716950893306
66349,0.5000036586034184
66350,0.4996001527158275
66351,0.5000036586034184
66352,0.5000036586034184
66353,0.4996001527158275
66354,0.500716950893306
66355,0.500716950893306
66356,0.500716950893306
66357,0.4996001527158275
66358,0.5000036586034184
66359,0.500716950893306
66360,0.4996001527158275
66361,0.4996001527158275
66362,0.4996001527158275
66363,0.5000036586034184
66364,0.4996001527158275
66365,0.5000036586034184
66366,0.4996001527158275
66367,0.500716950893306
66368,0.5000036586034184
66369,0.500716950893306
66370,0.4996001527158275
66371,0.4996001527158275
66372,0.4996001527158275
66373,0.4996001527158275
66374,0.4996001527158275
66375,0.5000036586034184
66376,0.4996001527158275
66377,0.4996001527158275
66378,0.4996001527158275
66379,0.5000036586034184
66380,0.500716950893306
66381,0.5000036586034184
66382,0.4996001527158275
66383,0.5000036586034184
66384,0.5000036586034184
66385,0.5000036586034184
66386,0.4996001527158275
66387,0.500716950893306
66388,0.4996001527158275
66389,0.5000036586034184
66390,0.4996001527158275
66391,0.500716950893306
66392,0.5000036586034184
66393,0.5000036586034184
66394,0.4996001527158275
66395,0.4996001527158275
66396,0.4996001527158275
66397,0.4996001527158275
66398,0.4996001527158275
66399,0.4996001527158275
66400,0.4996001527158275
66401,0.4996001527158275
66402,0.4996001527158275
66403,0.500716950893306
66404,0.4996001527158275
66405,0.500716950893306
66406,0.4996001527158275
66407,0.500716950893306
66408,0.4996001527158275
66409,0.4996001527158275
66410,0.4996001527158275
66411,0.4996001527158275
66412,0.4996001527158275
66413,0.4996001527158275
66414,0.500716950893306
66415,0.500716950893306
66416,0.4996001527158275
66417,0.4996001527158275
66418,0.500716950893306
66419,0.4996001527158275
66420,0.4996001527158275
66421,0.500716950893306
66422,0.4996001527158275
66423,0.500716950893306
66424,0.500716950893306
66425,0.4996001527158275
66426,0.4996001527158275
66427,0.4996001527158275
66428,0.5000036586034184
66429,0.5000036586034184
66430,0.500716950893306
66431,0.4996001527158275
66432,0.4996001527158275
66433,0.4996001527158275
66434,0.5000036586034184
66435,0.4996001527158275
66436,0.5000036586034184
66437,0.4996001527158275
66438,0.500716950893306
66439,0.4996001527158275
66440,0.500716950893306
66441,0.4996001527158275
66442,0.5000036586034184
66443,0.5000036586034184
66444,0.5000036586034184
66445,0.5000036586034184
66446,0.4996001527158275
66447,0.500716950893306
66448,0.5000036586034184
66449,0.4996001527158275
66450,0.4996001527158275
66451,0.4996001527158275
66452,0.5000036586034184
66453,0.5000036586034184
66454,0.4996001527158275
66455,0.4996001527158275
66456,0.4996001527158275
66457,0.500716950893306
66458,0.4996001527158275
66459,0.5000036586034184
66460,0.500716950893306
66461,0.4996001527158275
66462,0.4996001527158275
66463,0.500716950893306
66464,0.4996001527158275
66465,0.500716950893306
66466,0.5000036586034184
66467,0.500716950893306
66468,0.4996001527158275
66469,0.500716950893306
66470,0.4996001527158275
66471,0.4996001527158275
66472,0.4996001527158275
66473,0.4996001527158275
66474,0.4996001527158275
66475,0.4996001527158275
66476,0.500716950893306
66477,0.4996001527158275
66478,0.5000036586034184
66479,0.5000036586034184
66480,0.4996001527158275
66481,0.4996001527158275
66482,0.4996001527158275
66483,0.4996001527158275
66484,0.4996001527158275
66485,0.4996001527158275
66486,0.4996001527158275
66487,0.4996001527158275
66488,0.500716950893306
66489,0.4996001527158275
66490,0.5000036586034184
66491,0.4996001527158275
66492,0.4996001527158275
66493,0.4996001527158275
66494,0.4996001527158275
66495,0.5000036586034184
66496,0.4996001527158275
66497,0.500716950893306
66498,0.5000036586034184
66499,0.4996001527158275
66500,0.4996001527158275
66501,0.5000036586034184
66502,0.4996001527158275
66503,0.4996001527158275
66504,0.5000036586034184
66505,0.4996001527158275
66506,0.4996001527158275
66507,0.4996001527158275
66508,0.5037196770466462
66509,0.5000036586034184
66510,0.4996001527158275
66511,0.4996001527158275
66512,0.5000036586034184
66513,0.4996001527158275
66514,0.5000036586034184
66515,0.4996001527158275
66516,0.4996001527158275
66517,0.5000036586034184
66518,0.5000036586034184
66519,0.4996001527158275
66520,0.4996001527158275
66521,0.4996001527158275
66522,0.4996001527158275
66523,0.4996001527158275
66524,0.4996001527158275
66525,0.5000036586034184
66526,0.4996001527158275
66527,0.500716950893306
66528,0.4996001527158275
66529,0.4996001527158275
66530,0.500716950893306
66531,0.5000036586034184
66532,0.4996001527158275
66533,0.4996001527158275
66534,0.500716950893306
66535,0.4996001527158275
66536,0.4996001527158275
66537,0.500716950893306
66538,0.4996001527158275
66539,0.5000036586034184
66540,0.5000036586034184
66541,0.4996001527158275
66542,0.4996001527158275
66543,0.500716950893306
66544,0.4996001527158275
66545,0.5000036586034184
66546,0.5000036586034184
66547,0.5000036586034184
66548,0.5000036586034184
66549,0.500716950893306
66550,0.4996001527158275
66551,0.4996001527158275
66552,0.4996001527158275
66553,0.4996001527158275
66554,0.5000036586034184
66555,0.4996001527158275
66556,0.4996001527158275
66557,0.500716950893306
66558,0.4996001527158275
66559,0.4996001527158275
66560,0.4996001527158275
66561,0.500716950893306
66562,0.4996001527158275
66563,0.5000036586034184
66564,0.4996001527158275
66565,0.4996001527158275
66566,0.4996001527158275
66567,0.500716950893306
66568,0.4996001527158275
66569,0.4996001527158275
66570,0.500716950893306
66571,0.4996001527158275
66572,0.4996001527158275
66573,0.4996001527158275
66574,0.500716950893306
66575,0.5000036586034184
66576,0.5000036586034184
66577,0.5000036586034184
66578,0.5000036586034184
66579,0.4996001527158275
66580,0.500716950893306
66581,0.500716950893306
66582,0.4996001527158275
66583,0.4996001527158275
66584,0.500716950893306
66585,0.4996001527158275
66586,0.5000036586034184
66587,0.4996001527158275
66588,0.4996001527158275
66589,0.4996001527158275
66590,0.4996001527158275
66591,0.4996001527158275
66592,0.500716950893306
66593,0.4996001527158275
66594,0.4996001527158275
66595,0.500716950893306
66596,0.500716950893306
66597,0.4996001527158275
66598,0.4996001527158275
66599,0.4996001527158275
66600,0.4996001527158275
66601,0.500716950893306
66602,0.4996001527158275
66603,0.5000036586034184
66604,0.4996001527158275
66605,0.5000036586034184
66606,0.4996001527158275
66607,0.500716950893306
66608,0.4996001527158275
66609,0.4996001527158275
66610,0.4996001527158275
66611,0.4996001527158275
66612,0.4996001527158275
66613,0.4996001527158275
66614,0.4996001527158275
66615,0.500716950893306
66616,0.4996001527158275
66617,0.5037196770466462
66618,0.4996001527158275
66619,0.4996001527158275
66620,0.4996001527158275
66621,0.4996001527158275
66622,0.4996001527158275
66623,0.5000036586034184
66624,0.500716950893306
66625,0.4996001527158275
66626,0.4996001527158275
66627,0.500716950893306
66628,0.4996001527158275
66629,0.4996001527158275
66630,0.500716950893306
66631,0.4996001527158275
66632,0.4996001527158275
66633,0.500716950893306
66634,0.4996001527158275
66635,0.4996001527158275
66636,0.4996001527158275
66637,0.5000036586034184
66638,0.4996001527158275
66639,0.5000036586034184
66640,0.5000036586034184
66641,0.5000036586034184
66642,0.4996001527158275
66643,0.4996001527158275
66644,0.500716950893306
66645,0.4996001527158275
66646,0.4996001527158275
66647,0.5000036586034184
66648,0.4996001527158275
66649,0.500716950893306
66650,0.4996001527158275
66651,0.4996001527158275
66652,0.5000036586034184
66653,0.4996001527158275
66654,0.4996001527158275
66655,0.4996001527158275
66656,0.4996001527158275
66657,0.500716950893306
66658,0.5000036586034184
66659,0.4996001527158275
66660,0.5000036586034184
66661,0.500716950893306
66662,0.4996001527158275
66663,0.4996001527158275
66664,0.5000036586034184
66665,0.5000036586034184
66666,0.5000036586034184
66667,0.4996001527158275
66668,0.4996001527158275
66669,0.4996001527158275
66670,0.4996001527158275
66671,0.500716950893306
66672,0.4996001527158275
66673,0.4996001527158275
66674,0.4996001527158275
66675,0.4996001527158275
66676,0.4996001527158275
66677,0.5000036586034184
66678,0.4996001527158275
66679,0.4996001527158275
66680,0.5000036586034184
66681,0.500716950893306
66682,0.500716950893306
66683,0.5000036586034184
66684,0.500716950893306
66685,0.4996001527158275
66686,0.500716950893306
66687,0.500716950893306
66688,0.4996001527158275
66689,0.4996001527158275
66690,0.500716950893306
66691,0.4996001527158275
66692,0.5000036586034184
66693,0.5000036586034184
66694,0.4996001527158275
66695,0.4996001527158275
66696,0.4996001527158275
66697,0.5000036586034184
66698,0.4996001527158275
66699,0.500716950893306
66700,0.4996001527158275
66701,0.500716950893306
66702,0.500716950893306
66703,0.4996001527158275
66704,0.4996001527158275
66705,0.4996001527158275
66706,0.4996001527158275
66707,0.4996001527158275
66708,0.4996001527158275
66709,0.4996001527158275
66710,0.5000036586034184
66711,0.4996001527158275
66712,0.5000036586034184
66713,0.4996001527158275
66714,0.5000036586034184
66715,0.4996001527158275
66716,0.5000036586034184
66717,0.5000036586034184
66718,0.4996001527158275
66719,0.4996001527158275
66720,0.4996001527158275
66721,0.4996001527158275
66722,0.5000036586034184
66723,0.4996001527158275
66724,0.500716950893306
66725,0.4996001527158275
66726,0.4996001527158275
66727,0.500716950893306
66728,0.4996001527158275
66729,0.4996001527158275
66730,0.500716950893306
66731,0.4996001527158275
66732,0.5000036586034184
66733,0.500716950893306
66734,0.4996001527158275
66735,0.4996001527158275
66736,0.4996001527158275
66737,0.5000036586034184
66738,0.4996001527158275
66739,0.4996001527158275
66740,0.4996001527158275
66741,0.5000036586034184
66742,0.4996001527158275
66743,0.500716950893306
66744,0.4996001527158275
66745,0.4996001527158275
66746,0.4996001527158275
66747,0.4996001527158275
66748,0.4996001527158275
66749,0.4996001527158275
66750,0.5000036586034184
66751,0.500716950893306
66752,0.500716950893306
66753,0.4996001527158275
66754,0.5000036586034184
66755,0.5000036586034184
66756,0.500716950893306
66757,0.500716950893306
66758,0.500716950893306
66759,0.5000036586034184
66760,0.5000036586034184
66761,0.4996001527158275
66762,0.500716950893306
66763,0.4996001527158275
66764,0.4996001527158275
66765,0.4996001527158275
66766,0.4996001527158275
66767,0.4996001527158275
66768,0.5000036586034184
66769,0.500716950893306
66770,0.4996001527158275
66771,0.4996001527158275
66772,0.4996001527158275
66773,0.4996001527158275
66774,0.4996001527158275
66775,0.4996001527158275
66776,0.5000036586034184
66777,0.4996001527158275
66778,0.4996001527158275
66779,0.4996001527158275
66780,0.4996001527158275
66781,0.4996001527158275
66782,0.5000036586034184
66783,0.5000036586034184
66784,0.500716950893306
66785,0.500716950893306
66786,0.4996001527158275
66787,0.4996001527158275
66788,0.4996001527158275
66789,0.4996001527158275
66790,0.4996001527158275
66791,0.4996001527158275
66792,0.4996001527158275
66793,0.4996001527158275
66794,0.4996001527158275
66795,0.5000036586034184
66796,0.5000036586034184
66797,0.4996001527158275
66798,0.4996001527158275
66799,0.4996001527158275
66800,0.500716950893306
66801,0.500716950893306
66802,0.4996001527158275
66803,0.4996001527158275
66804,0.500716950893306
66805,0.4996001527158275
66806,0.4996001527158275
66807,0.5000036586034184
66808,0.4996001527158275
66809,0.4996001527158275
66810,0.4996001527158275
66811,0.4996001527158275
66812,0.4996001527158275
66813,0.4996001527158275
66814,0.4996001527158275
66815,0.500716950893306
66816,0.4996001527158275
66817,0.4996001527158275
66818,0.4996001527158275
66819,0.4996001527158275
66820,0.4996001527158275
66821,0.4996001527158275
66822,0.4996001527158275
66823,0.4996001527158275
66824,0.500716950893306
66825,0.4996001527158275
66826,0.4996001527158275
66827,0.4996001527158275
66828,0.4996001527158275
66829,0.500716950893306
66830,0.4996001527158275
66831,0.500716950893306
66832,0.4996001527158275
66833,0.4996001527158275
66834,0.4996001527158275
66835,0.5000036586034184
66836,0.500716950893306
66837,0.4996001527158275
66838,0.5000036586034184
66839,0.4996001527158275
66840,0.5000036586034184
66841,0.5000036586034184
66842,0.4996001527158275
66843,0.5000036586034184
66844,0.4996001527158275
66845,0.4996001527158275
66846,0.5000036586034184
66847,0.4996001527158275
66848,0.4996001527158275
66849,0.4996001527158275
66850,0.4996001527158275
66851,0.4996001527158275
66852,0.4996001527158275
66853,0.500716950893306
66854,0.4996001527158275
66855,0.4996001527158275
66856,0.4996001527158275
66857,0.5000036586034184
66858,0.4996001527158275
66859,0.4996001527158275
66860,0.5000036586034184
66861,0.5000036586034184
66862,0.500716950893306
66863,0.4996001527158275
66864,0.5000036586034184
66865,0.500716950893306
66866,0.4996001527158275
66867,0.4996001527158275
66868,0.4996001527158275
66869,0.4996001527158275
66870,0.4996001527158275
66871,0.4996001527158275
66872,0.4996001527158275
66873,0.4996001527158275
66874,0.4996001527158275
66875,0.4996001527158275
66876,0.5000036586034184
66877,0.4996001527158275
66878,0.4996001527158275
66879,0.4996001527158275
66880,0.4996001527158275
66881,0.4996001527158275
66882,0.500716950893306
66883,0.5000036586034184
66884,0.500716950893306
66885,0.4996001527158275
66886,0.4996001527158275
66887,0.4996001527158275
66888,0.5000036586034184
66889,0.4996001527158275
66890,0.4996001527158275
66891,0.4996001527158275
66892,0.5000036586034184
66893,0.5000036586034184
66894,0.500716950893306
66895,0.4996001527158275
66896,0.4996001527158275
66897,0.4996001527158275
66898,0.4996001527158275
66899,0.4996001527158275
66900,0.500716950893306
66901,0.500716950893306
66902,0.500716950893306
66903,0.500716950893306
66904,0.4996001527158275
66905,0.500716950893306
66906,0.4996001527158275
66907,0.5000036586034184
66908,0.5000036586034184
66909,0.5000036586034184
66910,0.4996001527158275
66911,0.500716950893306
66912,0.5000036586034184
66913,0.4996001527158275
66914,0.4996001527158275
66915,0.5000036586034184
66916,0.500716950893306
66917,0.500716950893306
66918,0.4996001527158275
66919,0.4996001527158275
66920,0.5000036586034184
66921,0.4996001527158275
66922,0.4996001527158275
66923,0.4996001527158275
66924,0.5000036586034184
66925,0.4996001527158275
66926,0.500716950893306
66927,0.4996001527158275
66928,0.4996001527158275
66929,0.4996001527158275
66930,0.500716950893306
66931,0.4996001527158275
66932,0.4996001527158275
66933,0.4996001527158275
66934,0.4996001527158275
66935,0.4996001527158275
66936,0.4996001527158275
66937,0.4996001527158275
66938,0.5000036586034184
66939,0.4996001527158275
66940,0.4996001527158275
66941,0.500716950893306
66942,0.4996001527158275
66943,0.4996001527158275
66944,0.500716950893306
66945,0.4996001527158275
66946,0.4996001527158275
66947,0.4996001527158275
66948,0.500716950893306
66949,0.5000036586034184
66950,0.500716950893306
66951,0.4996001527158275
66952,0.4996001527158275
66953,0.4996001527158275
66954,0.4996001527158275
66955,0.4996001527158275
66956,0.4996001527158275
66957,0.4996001527158275
66958,0.4996001527158275
66959,0.500716950893306
66960,0.4996001527158275
66961,0.5000036586034184
66962,0.4996001527158275
66963,0.500716950893306
66964,0.4996001527158275
66965,0.500716950893306
66966,0.4996001527158275
66967,0.4996001527158275
66968,0.5000036586034184
66969,0.500716950893306
66970,0.5000036586034184
66971,0.5000036586034184
66972,0.4996001527158275
66973,0.500716950893306
66974,0.5000036586034184
66975,0.4996001527158275
66976,0.4996001527158275
66977,0.4996001527158275
66978,0.500716950893306
66979,0.5000036586034184
66980,0.4996001527158275
66981,0.500716950893306
66982,0.4996001527158275
66983,0.4996001527158275
66984,0.4996001527158275
66985,0.5000036586034184
66986,0.500716950893306
66987,0.4996001527158275
66988,0.4996001527158275
66989,0.5000036586034184
66990,0.500716950893306
66991,0.4996001527158275
66992,0.5000036586034184
66993,0.500716950893306
66994,0.4996001527158275
66995,0.500716950893306
66996,0.4996001527158275
66997,0.4996001527158275
66998,0.4996001527158275
66999,0.4996001527158275
67000,0.500716950893306
67001,0.4996001527158275
67002,0.4996001527158275
67003,0.4996001527158275
67004,0.5000036586034184
67005,0.4996001527158275
67006,0.4996001527158275
67007,0.4996001527158275
67008,0.4996001527158275
67009,0.4996001527158275
67010,0.4996001527158275
67011,0.4996001527158275
67012,0.4996001527158275
67013,0.4996001527158275
67014,0.4996001527158275
67015,0.500716950893306
67016,0.500716950893306
67017,0.5000036586034184
67018,0.4996001527158275
67019,0.500716950893306
67020,0.500716950893306
67021,0.4996001527158275
67022,0.5000036586034184
67023,0.5000036586034184
67024,0.4996001527158275
67025,0.4996001527158275
67026,0.4996001527158275
67027,0.4996001527158275
67028,0.5000036586034184
67029,0.5000036586034184
67030,0.4996001527158275
67031,0.4996001527158275
67032,0.4996001527158275
67033,0.4996001527158275
67034,0.5000036586034184
67035,0.5000036586034184
67036,0.4996001527158275
67037,0.4996001527158275
67038,0.4996001527158275
67039,0.4996001527158275
67040,0.4996001527158275
67041,0.500716950893306
67042,0.4996001527158275
67043,0.5000036586034184
67044,0.4996001527158275
67045,0.5000036586034184
67046,0.4996001527158275
67047,0.500716950893306
67048,0.4996001527158275
67049,0.500716950893306
67050,0.4996001527158275
67051,0.4996001527158275
67052,0.4996001527158275
67053,0.4996001527158275
67054,0.4996001527158275
67055,0.5037196770466462
67056,0.5000036586034184
67057,0.5000036586034184
67058,0.4996001527158275
67059,0.4996001527158275
67060,0.5000036586034184
67061,0.4996001527158275
67062,0.4996001527158275
67063,0.4996001527158275
67064,0.4996001527158275
67065,0.4996001527158275
67066,0.4996001527158275
67067,0.4996001527158275
67068,0.500716950893306
67069,0.4996001527158275
67070,0.4996001527158275
67071,0.4996001527158275
67072,0.4996001527158275
67073,0.4996001527158275
67074,0.4996001527158275
67075,0.4996001527158275
67076,0.500716950893306
67077,0.5000036586034184
67078,0.4996001527158275
67079,0.4996001527158275
67080,0.4996001527158275
67081,0.4996001527158275
67082,0.500716950893306
67083,0.4996001527158275
67084,0.4996001527158275
67085,0.4996001527158275
67086,0.4996001527158275
67087,0.4996001527158275
67088,0.4996001527158275
67089,0.500716950893306
67090,0.4996001527158275
67091,0.500716950893306
67092,0.4996001527158275
67093,0.500716950893306
67094,0.4996001527158275
67095,0.5000036586034184
67096,0.500716950893306
67097,0.4996001527158275
67098,0.4996001527158275
67099,0.4996001527158275
67100,0.5000036586034184
67101,0.4996001527158275
67102,0.5000036586034184
67103,0.4996001527158275
67104,0.4996001527158275
67105,0.5000036586034184
67106,0.4996001527158275
67107,0.500716950893306
67108,0.4996001527158275
67109,0.5000036586034184
67110,0.500716950893306
67111,0.500716950893306
67112,0.5000036586034184
67113,0.4996001527158275
67114,0.4996001527158275
67115,0.4996001527158275
67116,0.4996001527158275
67117,0.4996001527158275
67118,0.5000036586034184
67119,0.4996001527158275
67120,0.5000036586034184
67121,0.4996001527158275
67122,0.4996001527158275
67123,0.500716950893306
67124,0.4996001527158275
67125,0.4996001527158275
67126,0.5000036586034184
67127,0.5000036586034184
67128,0.500716950893306
67129,0.4996001527158275
67130,0.4996001527158275
67131,0.4996001527158275
67132,0.4996001527158275
67133,0.500716950893306
67134,0.500716950893306
67135,0.4996001527158275
67136,0.500716950893306
67137,0.5000036586034184
67138,0.4996001527158275
67139,0.4996001527158275
67140,0.500716950893306
67141,0.4996001527158275
67142,0.5000036586034184
67143,0.4996001527158275
67144,0.500716950893306
67145,0.4996001527158275
67146,0.4996001527158275
67147,0.5000036586034184
67148,0.500716950893306
67149,0.4996001527158275
67150,0.4996001527158275
67151,0.4996001527158275
67152,0.500716950893306
67153,0.500716950893306
67154,0.4996001527158275
67155,0.500716950893306
67156,0.4996001527158275
67157,0.4996001527158275
67158,0.5000036586034184
67159,0.5000036586034184
67160,0.500716950893306
67161,0.4996001527158275
67162,0.4996001527158275
67163,0.4996001527158275
67164,0.5000036586034184
67165,0.4996001527158275
67166,0.4996001527158275
67167,0.4996001527158275
67168,0.4996001527158275
67169,0.500716950893306
67170,0.500716950893306
67171,0.4996001527158275
67172,0.5000036586034184
67173,0.4996001527158275
67174,0.4996001527158275
67175,0.4996001527158275
67176,0.4996001527158275
67177,0.4996001527158275
67178,0.4996001527158275
67179,0.5000036586034184
67180,0.4996001527158275
67181,0.4996001527158275
67182,0.500716950893306
67183,0.4996001527158275
67184,0.4996001527158275
67185,0.500716950893306
67186,0.4996001527158275
67187,0.5000036586034184
67188,0.4996001527158275
67189,0.5000036586034184
67190,0.500716950893306
67191,0.4996001527158275
67192,0.4996001527158275
67193,0.4996001527158275
67194,0.4996001527158275
67195,0.5000036586034184
67196,0.4996001527158275
67197,0.4996001527158275
67198,0.4996001527158275
67199,0.500716950893306
67200,0.5000036586034184
67201,0.4996001527158275
67202,0.500716950893306
67203,0.4996001527158275
67204,0.4996001527158275
67205,0.4996001527158275
67206,0.5000036586034184
67207,0.4996001527158275
67208,0.5000036586034184
67209,0.5000036586034184
67210,0.4996001527158275
67211,0.500716950893306
67212,0.4996001527158275
67213,0.4996001527158275
67214,0.5000036586034184
67215,0.5000036586034184
67216,0.4996001527158275
67217,0.4996001527158275
67218,0.4996001527158275
67219,0.4996001527158275
67220,0.5000036586034184
67221,0.5000036586034184
67222,0.4996001527158275
67223,0.4996001527158275
67224,0.500716950893306
67225,0.4996001527158275
67226,0.4996001527158275
67227,0.500716950893306
67228,0.4996001527158275
67229,0.4996001527158275
67230,0.4996001527158275
67231,0.500716950893306
67232,0.4996001527158275
67233,0.4996001527158275
67234,0.4996001527158275
67235,0.4996001527158275
67236,0.4996001527158275
67237,0.500716950893306
67238,0.5000036586034184
67239,0.5000036586034184
67240,0.4996001527158275
67241,0.5037196770466462
67242,0.4996001527158275
67243,0.500716950893306
67244,0.500716950893306
67245,0.5000036586034184
67246,0.5000036586034184
67247,0.4996001527158275
67248,0.5000036586034184
67249,0.4996001527158275
67250,0.4996001527158275
67251,0.4996001527158275
67252,0.500716950893306
67253,0.4996001527158275
67254,0.4996001527158275
67255,0.4996001527158275
67256,0.5000036586034184
67257,0.4996001527158275
67258,0.4996001527158275
67259,0.5000036586034184
67260,0.5000036586034184
67261,0.4996001527158275
67262,0.500716950893306
67263,0.5000036586034184
67264,0.500716950893306
67265,0.500716950893306
67266,0.4996001527158275
67267,0.5000036586034184
67268,0.4996001527158275
67269,0.4996001527158275
67270,0.5000036586034184
67271,0.500716950893306
67272,0.5000036586034184
67273,0.5000036586034184
67274,0.4996001527158275
67275,0.4996001527158275
67276,0.4996001527158275
67277,0.500716950893306
67278,0.500716950893306
67279,0.4996001527158275
67280,0.5000036586034184
67281,0.4996001527158275
67282,0.4996001527158275
67283,0.4996001527158275
67284,0.5000036586034184
67285,0.5000036586034184
67286,0.4996001527158275
67287,0.4996001527158275
67288,0.4996001527158275
67289,0.500716950893306
67290,0.5000036586034184
67291,0.4996001527158275
67292,0.4996001527158275
67293,0.4996001527158275
67294,0.500716950893306
67295,0.4996001527158275
67296,0.4996001527158275
67297,0.500716950893306
67298,0.500716950893306
67299,0.4996001527158275
67300,0.4996001527158275
67301,0.4996001527158275
67302,0.5000036586034184
67303,0.4996001527158275
67304,0.5000036586034184
67305,0.4996001527158275
67306,0.4996001527158275
67307,0.4996001527158275
67308,0.4996001527158275
67309,0.4996001527158275
67310,0.4996001527158275
67311,0.4996001527158275
67312,0.4996001527158275
67313,0.500716950893306
67314,0.4996001527158275
67315,0.5000036586034184
67316,0.4996001527158275
67317,0.4996001527158275
67318,0.5000036586034184
67319,0.5000036586034184
67320,0.4996001527158275
67321,0.4996001527158275
67322,0.4996001527158275
67323,0.5000036586034184
67324,0.4996001527158275
67325,0.4996001527158275
67326,0.4996001527158275
67327,0.5000036586034184
67328,0.4996001527158275
67329,0.4996001527158275
67330,0.4996001527158275
67331,0.4996001527158275
67332,0.4996001527158275
67333,0.4996001527158275
67334,0.5000036586034184
67335,0.4996001527158275
67336,0.4996001527158275
67337,0.5000036586034184
67338,0.4996001527158275
67339,0.500716950893306
67340,0.5000036586034184
67341,0.4996001527158275
67342,0.500716950893306
67343,0.4996001527158275
67344,0.4996001527158275
67345,0.500716950893306
67346,0.4996001527158275
67347,0.4996001527158275
67348,0.500716950893306
67349,0.5000036586034184
67350,0.4996001527158275
67351,0.5000036586034184
67352,0.4996001527158275
67353,0.500716950893306
67354,0.4996001527158275
67355,0.4996001527158275
67356,0.5000036586034184
67357,0.4996001527158275
67358,0.500716950893306
67359,0.500716950893306
67360,0.500716950893306
67361,0.5000036586034184
67362,0.4996001527158275
67363,0.4996001527158275
67364,0.4996001527158275
67365,0.500716950893306
67366,0.500716950893306
67367,0.500716950893306
67368,0.4996001527158275
67369,0.4996001527158275
67370,0.500716950893306
67371,0.500716950893306
67372,0.4996001527158275
67373,0.4996001527158275
67374,0.500716950893306
67375,0.4996001527158275
67376,0.500716950893306
67377,0.4996001527158275
67378,0.5000036586034184
67379,0.4996001527158275
67380,0.4996001527158275
67381,0.4996001527158275
67382,0.5000036586034184
67383,0.4996001527158275
67384,0.4996001527158275
67385,0.500716950893306
67386,0.5000036586034184
67387,0.4996001527158275
67388,0.4996001527158275
67389,0.4996001527158275
67390,0.4996001527158275
67391,0.4996001527158275
67392,0.500716950893306
67393,0.500716950893306
67394,0.4996001527158275
67395,0.500716950893306
67396,0.4996001527158275
67397,0.4996001527158275
67398,0.4996001527158275
67399,0.5000036586034184
67400,0.4996001527158275
67401,0.4996001527158275
67402,0.4996001527158275
67403,0.4996001527158275
67404,0.4996001527158275
67405,0.4996001527158275
67406,0.4996001527158275
67407,0.4996001527158275
67408,0.4996001527158275
67409,0.500716950893306
67410,0.4996001527158275
67411,0.4996001527158275
67412,0.4996001527158275
67413,0.4996001527158275
67414,0.4996001527158275
67415,0.5000036586034184
67416,0.500716950893306
67417,0.4996001527158275
67418,0.4996001527158275
67419,0.5000036586034184
67420,0.4996001527158275
67421,0.500716950893306
67422,0.4996001527158275
67423,0.5000036586034184
67424,0.500716950893306
67425,0.5000036586034184
67426,0.4996001527158275
67427,0.4996001527158275
67428,0.4996001527158275
67429,0.4996001527158275
67430,0.4996001527158275
67431,0.5000036586034184
67432,0.4996001527158275
67433,0.5000036586034184
67434,0.4996001527158275
67435,0.4996001527158275
67436,0.500716950893306
67437,0.500716950893306
67438,0.4996001527158275
67439,0.500716950893306
67440,0.4996001527158275
67441,0.5000036586034184
67442,0.4996001527158275
67443,0.4996001527158275
67444,0.4996001527158275
67445,0.4996001527158275
67446,0.500716950893306
67447,0.500716950893306
67448,0.4996001527158275
67449,0.4996001527158275
67450,0.4996001527158275
67451,0.4996001527158275
67452,0.5000036586034184
67453,0.5000036586034184
67454,0.500716950893306
67455,0.500716950893306
67456,0.500716950893306
67457,0.4996001527158275
67458,0.4996001527158275
67459,0.4996001527158275
67460,0.4996001527158275
67461,0.4996001527158275
67462,0.4996001527158275
67463,0.4996001527158275
67464,0.5000036586034184
67465,0.5000036586034184
67466,0.4996001527158275
67467,0.4996001527158275
67468,0.4996001527158275
67469,0.4996001527158275
67470,0.5000036586034184
67471,0.4996001527158275
67472,0.4996001527158275
67473,0.500716950893306
67474,0.4996001527158275
67475,0.500716950893306
67476,0.5000036586034184
67477,0.5000036586034184
67478,0.4996001527158275
67479,0.500716950893306
67480,0.4996001527158275
67481,0.5000036586034184
67482,0.4996001527158275
67483,0.4996001527158275
67484,0.5000036586034184
67485,0.4996001527158275
67486,0.4996001527158275
67487,0.4996001527158275
67488,0.4996001527158275
67489,0.5000036586034184
67490,0.5000036586034184
67491,0.4996001527158275
67492,0.4996001527158275
67493,0.500716950893306
67494,0.4996001527158275
67495,0.5000036586034184
67496,0.5000036586034184
67497,0.4996001527158275
67498,0.5000036586034184
67499,0.4996001527158275
67500,0.500716950893306
67501,0.500716950893306
67502,0.4996001527158275
67503,0.4996001527158275
67504,0.5000036586034184
67505,0.4996001527158275
67506,0.5000036586034184
67507,0.4996001527158275
67508,0.4996001527158275
67509,0.500716950893306
67510,0.4996001527158275
67511,0.5000036586034184
67512,0.4996001527158275
67513,0.500716950893306
67514,0.4996001527158275
67515,0.4996001527158275
67516,0.5000036586034184
67517,0.4996001527158275
67518,0.5000036586034184
67519,0.5000036586034184
67520,0.4996001527158275
67521,0.4996001527158275
67522,0.5000036586034184
67523,0.4996001527158275
67524,0.500716950893306
67525,0.5000036586034184
67526,0.4996001527158275
67527,0.5000036586034184
67528,0.4996001527158275
67529,0.5000036586034184
67530,0.4996001527158275
67531,0.4996001527158275
67532,0.4996001527158275
67533,0.500716950893306
67534,0.4996001527158275
67535,0.500716950893306
67536,0.4996001527158275
67537,0.4996001527158275
67538,0.500716950893306
67539,0.4996001527158275
67540,0.4996001527158275
67541,0.500716950893306
67542,0.4996001527158275
67543,0.4996001527158275
67544,0.4996001527158275
67545,0.500716950893306
67546,0.500716950893306
67547,0.4996001527158275
67548,0.4996001527158275
67549,0.4996001527158275
67550,0.5000036586034184
67551,0.4996001527158275
67552,0.4996001527158275
67553,0.4996001527158275
67554,0.5000036586034184
67555,0.5000036586034184
67556,0.4996001527158275
67557,0.4996001527158275
67558,0.4996001527158275
67559,0.4996001527158275
67560,0.4996001527158275
67561,0.5000036586034184
67562,0.500716950893306
67563,0.5000036586034184
67564,0.4996001527158275
67565,0.500716950893306
67566,0.4996001527158275
67567,0.4996001527158275
67568,0.4996001527158275
67569,0.4996001527158275
67570,0.5000036586034184
67571,0.500716950893306
67572,0.4996001527158275
67573,0.4996001527158275
67574,0.4996001527158275
67575,0.5000036586034184
67576,0.4996001527158275
67577,0.500716950893306
67578,0.5000036586034184
67579,0.500716950893306
67580,0.5000036586034184
67581,0.4996001527158275
67582,0.4996001527158275
67583,0.5000036586034184
67584,0.5000036586034184
67585,0.4996001527158275
67586,0.5000036586034184
67587,0.4996001527158275
67588,0.5000036586034184
67589,0.500716950893306
67590,0.4996001527158275
67591,0.4996001527158275
67592,0.5000036586034184
67593,0.4996001527158275
67594,0.4996001527158275
67595,0.4996001527158275
67596,0.4996001527158275
67597,0.4996001527158275
67598,0.4996001527158275
67599,0.500716950893306
67600,0.4996001527158275
67601,0.5000036586034184
67602,0.4996001527158275
67603,0.5000036586034184
67604,0.4996001527158275
67605,0.4996001527158275
67606,0.4996001527158275
67607,0.4996001527158275
67608,0.4996001527158275
67609,0.4996001527158275
67610,0.4996001527158275
67611,0.5000036586034184
67612,0.4996001527158275
67613,0.4996001527158275
67614,0.4996001527158275
67615,0.4996001527158275
67616,0.4996001527158275
67617,0.4996001527158275
67618,0.4996001527158275
67619,0.4996001527158275
67620,0.4996001527158275
67621,0.4996001527158275
67622,0.500716950893306
67623,0.4996001527158275
67624,0.5000036586034184
67625,0.500716950893306
67626,0.4996001527158275
67627,0.4996001527158275
67628,0.4996001527158275
67629,0.4996001527158275
67630,0.4996001527158275
67631,0.500716950893306
67632,0.500716950893306
67633,0.4996001527158275
67634,0.5000036586034184
67635,0.4996001527158275
67636,0.500716950893306
67637,0.5000036586034184
67638,0.5000036586034184
67639,0.4996001527158275
67640,0.5000036586034184
67641,0.4996001527158275
67642,0.500716950893306
67643,0.500716950893306
67644,0.4996001527158275
67645,0.4996001527158275
67646,0.4996001527158275
67647,0.5000036586034184
67648,0.4996001527158275
67649,0.500716950893306
67650,0.4996001527158275
67651,0.4996001527158275
67652,0.4996001527158275
67653,0.5000036586034184
67654,0.5000036586034184
67655,0.500716950893306
67656,0.4996001527158275
67657,0.4996001527158275
67658,0.5000036586034184
67659,0.5000036586034184
67660,0.500716950893306
67661,0.4996001527158275
67662,0.500716950893306
67663,0.500716950893306
67664,0.500716950893306
67665,0.4996001527158275
67666,0.4996001527158275
67667,0.4996001527158275
67668,0.4996001527158275
67669,0.4996001527158275
67670,0.500716950893306
67671,0.4996001527158275
67672,0.4996001527158275
67673,0.4996001527158275
67674,0.4996001527158275
67675,0.4996001527158275
67676,0.4996001527158275
67677,0.5000036586034184
67678,0.500716950893306
67679,0.4996001527158275
67680,0.500716950893306
67681,0.4996001527158275
67682,0.4996001527158275
67683,0.5000036586034184
67684,0.4996001527158275
67685,0.5000036586034184
67686,0.5000036586034184
67687,0.500716950893306
67688,0.5000036586034184
67689,0.4996001527158275
67690,0.500716950893306
67691,0.5000036586034184
67692,0.4996001527158275
67693,0.500716950893306
67694,0.4996001527158275
67695,0.4996001527158275
67696,0.4996001527158275
67697,0.4996001527158275
67698,0.4996001527158275
67699,0.4996001527158275
67700,0.4996001527158275
67701,0.5000036586034184
67702,0.5000036586034184
67703,0.500716950893306
67704,0.4996001527158275
67705,0.4996001527158275
67706,0.4996001527158275
67707,0.4996001527158275
67708,0.5000036586034184
67709,0.4996001527158275
67710,0.4996001527158275
67711,0.4996001527158275
67712,0.4996001527158275
67713,0.4996001527158275
67714,0.4996001527158275
67715,0.4996001527158275
67716,0.5000036586034184
67717,0.4996001527158275
67718,0.4996001527158275
67719,0.4996001527158275
67720,0.4996001527158275
67721,0.500716950893306
67722,0.4996001527158275
67723,0.4996001527158275
67724,0.500716950893306
67725,0.5000036586034184
67726,0.4996001527158275
67727,0.4996001527158275
67728,0.4996001527158275
67729,0.5000036586034184
67730,0.4996001527158275
67731,0.4996001527158275
67732,0.4996001527158275
67733,0.4996001527158275
67734,0.4996001527158275
67735,0.4996001527158275
67736,0.4996001527158275
67737,0.4996001527158275
67738,0.5000036586034184
67739,0.5000036586034184
67740,0.5000036586034184
67741,0.5000036586034184
67742,0.4996001527158275
67743,0.4996001527158275
67744,0.4996001527158275
67745,0.5000036586034184
67746,0.4996001527158275
67747,0.5000036586034184
67748,0.4996001527158275
67749,0.4996001527158275
67750,0.4996001527158275
67751,0.5000036586034184
67752,0.4996001527158275
67753,0.4996001527158275
67754,0.4996001527158275
67755,0.5000036586034184
67756,0.500716950893306
67757,0.4996001527158275
67758,0.4996001527158275
67759,0.4996001527158275
67760,0.500716950893306
67761,0.4996001527158275
67762,0.500716950893306
67763,0.4996001527158275
67764,0.5000036586034184
67765,0.500716950893306
67766,0.5000036586034184
67767,0.4996001527158275
67768,0.500716950893306
67769,0.4996001527158275
67770,0.4996001527158275
67771,0.5000036586034184
67772,0.500716950893306
67773,0.500716950893306
67774,0.4996001527158275
67775,0.5000036586034184
67776,0.4996001527158275
67777,0.5000036586034184
67778,0.4996001527158275
67779,0.4996001527158275
67780,0.4996001527158275
67781,0.4996001527158275
67782,0.4996001527158275
67783,0.5000036586034184
67784,0.4996001527158275
67785,0.500716950893306
67786,0.5000036586034184
67787,0.4996001527158275
67788,0.4996001527158275
67789,0.4996001527158275
67790,0.500716950893306
67791,0.4996001527158275
67792,0.4996001527158275
67793,0.5000036586034184
67794,0.5000036586034184
67795,0.5000036586034184
67796,0.4996001527158275
67797,0.5000036586034184
67798,0.4996001527158275
67799,0.500716950893306
67800,0.4996001527158275
67801,0.5000036586034184
67802,0.4996001527158275
67803,0.4996001527158275
67804,0.4996001527158275
67805,0.4996001527158275
67806,0.500716950893306
67807,0.5000036586034184
67808,0.4996001527158275
67809,0.4996001527158275
67810,0.4996001527158275
67811,0.500716950893306
67812,0.4996001527158275
67813,0.4996001527158275
67814,0.4996001527158275
67815,0.500716950893306
67816,0.4996001527158275
67817,0.500716950893306
67818,0.4996001527158275
67819,0.4996001527158275
67820,0.500716950893306
67821,0.5000036586034184
67822,0.5000036586034184
67823,0.500716950893306
67824,0.4996001527158275
67825,0.5037196770466462
67826,0.5000036586034184
67827,0.5000036586034184
67828,0.4996001527158275
67829,0.4996001527158275
67830,0.5000036586034184
67831,0.4996001527158275
67832,0.500716950893306
67833,0.500716950893306
67834,0.500716950893306
67835,0.5000036586034184
67836,0.4996001527158275
67837,0.500716950893306
67838,0.4996001527158275
67839,0.5000036586034184
67840,0.4996001527158275
67841,0.4996001527158275
67842,0.5000036586034184
67843,0.4996001527158275
67844,0.4996001527158275
67845,0.500716950893306
67846,0.4996001527158275
67847,0.4996001527158275
67848,0.4996001527158275
67849,0.500716950893306
67850,0.4996001527158275
67851,0.4996001527158275
67852,0.500716950893306
67853,0.4996001527158275
67854,0.4996001527158275
67855,0.4996001527158275
67856,0.4996001527158275
67857,0.5000036586034184
67858,0.4996001527158275
67859,0.500716950893306
67860,0.5000036586034184
67861,0.5000036586034184
67862,0.4996001527158275
67863,0.5000036586034184
67864,0.4996001527158275
67865,0.4996001527158275
67866,0.4996001527158275
67867,0.4996001527158275
67868,0.5000036586034184
67869,0.4996001527158275
67870,0.500716950893306
67871,0.4996001527158275
67872,0.5000036586034184
67873,0.4996001527158275
67874,0.4996001527158275
67875,0.4996001527158275
67876,0.4996001527158275
67877,0.4996001527158275
67878,0.5000036586034184
67879,0.4996001527158275
67880,0.4996001527158275
67881,0.5000036586034184
67882,0.4996001527158275
67883,0.4996001527158275
67884,0.4996001527158275
67885,0.4996001527158275
67886,0.4996001527158275
67887,0.4996001527158275
67888,0.4996001527158275
67889,0.4996001527158275
67890,0.500716950893306
67891,0.4996001527158275
67892,0.500716950893306
67893,0.4996001527158275
67894,0.4996001527158275
67895,0.4996001527158275
67896,0.5000036586034184
67897,0.5000036586034184
67898,0.4996001527158275
67899,0.500716950893306
67900,0.4996001527158275
67901,0.4996001527158275
67902,0.500716950893306
67903,0.4996001527158275
67904,0.4996001527158275
67905,0.4996001527158275
67906,0.500716950893306
67907,0.5000036586034184
67908,0.4996001527158275
67909,0.4996001527158275
67910,0.500716950893306
67911,0.4996001527158275
67912,0.4996001527158275
67913,0.500716950893306
67914,0.4996001527158275
67915,0.4996001527158275
67916,0.4996001527158275
67917,0.4996001527158275
67918,0.4996001527158275
67919,0.4996001527158275
67920,0.4996001527158275
67921,0.5000036586034184
67922,0.5000036586034184
67923,0.4996001527158275
67924,0.4996001527158275
67925,0.500716950893306
67926,0.500716950893306
67927,0.500716950893306
67928,0.4996001527158275
67929,0.4996001527158275
67930,0.4996001527158275
67931,0.4996001527158275
67932,0.5000036586034184
67933,0.4996001527158275
67934,0.4996001527158275
67935,0.4996001527158275
67936,0.500716950893306
67937,0.500716950893306
67938,0.4996001527158275
67939,0.500716950893306
67940,0.4996001527158275
67941,0.4996001527158275
67942,0.5000036586034184
67943,0.500716950893306
67944,0.4996001527158275
67945,0.5000036586034184
67946,0.5000036586034184
67947,0.4996001527158275
67948,0.5000036586034184
67949,0.500716950893306
67950,0.4996001527158275
67951,0.500716950893306
67952,0.4996001527158275
67953,0.5000036586034184
67954,0.5000036586034184
67955,0.4996001527158275
67956,0.500716950893306
67957,0.500716950893306
67958,0.5000036586034184
67959,0.5000036586034184
67960,0.4996001527158275
67961,0.4996001527158275
67962,0.4996001527158275
67963,0.5000036586034184
67964,0.4996001527158275
67965,0.4996001527158275
67966,0.4996001527158275
67967,0.5000036586034184
67968,0.4996001527158275
67969,0.4996001527158275
67970,0.500716950893306
67971,0.4996001527158275
67972,0.4996001527158275
67973,0.4996001527158275
67974,0.500716950893306
67975,0.4996001527158275
67976,0.4996001527158275
67977,0.4996001527158275
67978,0.4996001527158275
67979,0.500716950893306
67980,0.4996001527158275
67981,0.4996001527158275
67982,0.4996001527158275
67983,0.5000036586034184
67984,0.4996001527158275
67985,0.4996001527158275
67986,0.500716950893306
67987,0.500716950893306
67988,0.4996001527158275
67989,0.4996001527158275
67990,0.4996001527158275
67991,0.5000036586034184
67992,0.4996001527158275
67993,0.4996001527158275
67994,0.4996001527158275
67995,0.4996001527158275
67996,0.4996001527158275
67997,0.5000036586034184
67998,0.4996001527158275
67999,0.4996001527158275
68000,0.4996001527158275
68001,0.4996001527158275
68002,0.4996001527158275
68003,0.5000036586034184
68004,0.4996001527158275
68005,0.4996001527158275
68006,0.4996001527158275
68007,0.4996001527158275
68008,0.500716950893306
68009,0.500716950893306
68010,0.4996001527158275
68011,0.4996001527158275
68012,0.4996001527158275
68013,0.4996001527158275
68014,0.4996001527158275
68015,0.4996001527158275
68016,0.500716950893306
68017,0.500716950893306
68018,0.5000036586034184
68019,0.4996001527158275
68020,0.4996001527158275
68021,0.4996001527158275
68022,0.500716950893306
68023,0.5000036586034184
68024,0.4996001527158275
68025,0.500716950893306
68026,0.5000036586034184
68027,0.4996001527158275
68028,0.4996001527158275
68029,0.500716950893306
68030,0.500716950893306
68031,0.5000036586034184
68032,0.4996001527158275
68033,0.4996001527158275
68034,0.4996001527158275
68035,0.4996001527158275
68036,0.4996001527158275
68037,0.4996001527158275
68038,0.5000036586034184
68039,0.4996001527158275
68040,0.4996001527158275
68041,0.4996001527158275
68042,0.500716950893306
68043,0.5000036586034184
68044,0.5000036586034184
68045,0.4996001527158275
68046,0.4996001527158275
68047,0.4996001527158275
68048,0.5000036586034184
68049,0.4996001527158275
68050,0.4996001527158275
68051,0.5000036586034184
68052,0.500716950893306
68053,0.4996001527158275
68054,0.4996001527158275
68055,0.5000036586034184
68056,0.4996001527158275
68057,0.5000036586034184
68058,0.4996001527158275
68059,0.5000036586034184
68060,0.4996001527158275
68061,0.4996001527158275
68062,0.4996001527158275
68063,0.4996001527158275
68064,0.500716950893306
68065,0.4996001527158275
68066,0.500716950893306
68067,0.500716950893306
68068,0.5000036586034184
68069,0.4996001527158275
68070,0.4996001527158275
68071,0.4996001527158275
68072,0.4996001527158275
68073,0.5000036586034184
68074,0.4996001527158275
68075,0.4996001527158275
68076,0.4996001527158275
68077,0.500716950893306
68078,0.500716950893306
68079,0.500716950893306
68080,0.5000036586034184
68081,0.500716950893306
68082,0.4996001527158275
68083,0.5000036586034184
68084,0.4996001527158275
68085,0.500716950893306
68086,0.5000036586034184
68087,0.4996001527158275
68088,0.4996001527158275
68089,0.4996001527158275
68090,0.5000036586034184
68091,0.5000036586034184
68092,0.4996001527158275
68093,0.4996001527158275
68094,0.4996001527158275
68095,0.4996001527158275
68096,0.5000036586034184
68097,0.4996001527158275
68098,0.4996001527158275
68099,0.4996001527158275
68100,0.4996001527158275
68101,0.4996001527158275
68102,0.4996001527158275
68103,0.4996001527158275
68104,0.5000036586034184
68105,0.4996001527158275
68106,0.4996001527158275
68107,0.5000036586034184
68108,0.5000036586034184
68109,0.4996001527158275
68110,0.4996001527158275
68111,0.5000036586034184
68112,0.4996001527158275
68113,0.4996001527158275
68114,0.4996001527158275
68115,0.500716950893306
68116,0.500716950893306
68117,0.500716950893306
68118,0.4996001527158275
68119,0.4996001527158275
68120,0.4996001527158275
68121,0.4996001527158275
68122,0.500716950893306
68123,0.4996001527158275
68124,0.5000036586034184
68125,0.4996001527158275
68126,0.4996001527158275
68127,0.4996001527158275
68128,0.4996001527158275
68129,0.5000036586034184
68130,0.4996001527158275
68131,0.4996001527158275
68132,0.4996001527158275
68133,0.5000036586034184
68134,0.5000036586034184
68135,0.500716950893306
68136,0.4996001527158275
68137,0.4996001527158275
68138,0.4996001527158275
68139,0.4996001527158275
68140,0.4996001527158275
68141,0.4996001527158275
68142,0.4996001527158275
68143,0.4996001527158275
68144,0.4996001527158275
68145,0.4996001527158275
68146,0.4996001527158275
68147,0.500716950893306
68148,0.4996001527158275
68149,0.4996001527158275
68150,0.4996001527158275
68151,0.5000036586034184
68152,0.4996001527158275
68153,0.5000036586034184
68154,0.5000036586034184
68155,0.5000036586034184
68156,0.4996001527158275
68157,0.4996001527158275
68158,0.4996001527158275
68159,0.4996001527158275
68160,0.5000036586034184
68161,0.4996001527158275
68162,0.4996001527158275
68163,0.4996001527158275
68164,0.4996001527158275
68165,0.4996001527158275
68166,0.5000036586034184
68167,0.4996001527158275
68168,0.500716950893306
68169,0.4996001527158275
68170,0.4996001527158275
68171,0.5000036586034184
68172,0.4996001527158275
68173,0.4996001527158275
68174,0.4996001527158275
68175,0.4996001527158275
68176,0.4996001527158275
68177,0.4996001527158275
68178,0.4996001527158275
68179,0.5000036586034184
68180,0.4996001527158275
68181,0.4996001527158275
68182,0.5000036586034184
68183,0.4996001527158275
68184,0.4996001527158275
68185,0.4996001527158275
68186,0.5000036586034184
68187,0.5000036586034184
68188,0.4996001527158275
68189,0.4996001527158275
68190,0.5000036586034184
68191,0.4996001527158275
68192,0.4996001527158275
68193,0.5000036586034184
68194,0.4996001527158275
68195,0.4996001527158275
68196,0.5000036586034184
68197,0.4996001527158275
68198,0.5000036586034184
68199,0.4996001527158275
68200,0.4996001527158275
68201,0.5000036586034184
68202,0.5000036586034184
68203,0.4996001527158275
68204,0.4996001527158275
68205,0.4996001527158275
68206,0.5000036586034184
68207,0.4996001527158275
68208,0.5000036586034184
68209,0.4996001527158275
68210,0.4996001527158275
68211,0.4996001527158275
68212,0.4996001527158275
68213,0.4996001527158275
68214,0.4996001527158275
68215,0.4996001527158275
68216,0.4996001527158275
68217,0.5000036586034184
68218,0.4996001527158275
68219,0.500716950893306
68220,0.500716950893306
68221,0.4996001527158275
68222,0.500716950893306
68223,0.4996001527158275
68224,0.4996001527158275
68225,0.4996001527158275
68226,0.4996001527158275
68227,0.4996001527158275
68228,0.4996001527158275
68229,0.4996001527158275
68230,0.4996001527158275
68231,0.500716950893306
68232,0.500716950893306
68233,0.4996001527158275
68234,0.4996001527158275
68235,0.4996001527158275
68236,0.4996001527158275
68237,0.4996001527158275
68238,0.4996001527158275
68239,0.4996001527158275
68240,0.4996001527158275
68241,0.500716950893306
68242,0.4996001527158275
68243,0.500716950893306
68244,0.4996001527158275
68245,0.4996001527158275
68246,0.4996001527158275
68247,0.5000036586034184
68248,0.4996001527158275
68249,0.4996001527158275
68250,0.500716950893306
68251,0.5000036586034184
68252,0.4996001527158275
68253,0.500716950893306
68254,0.4996001527158275
68255,0.5000036586034184
68256,0.4996001527158275
68257,0.4996001527158275
68258,0.500716950893306
68259,0.4996001527158275
68260,0.5000036586034184
68261,0.500716950893306
68262,0.4996001527158275
68263,0.500716950893306
68264,0.4996001527158275
68265,0.500716950893306
68266,0.4996001527158275
68267,0.4996001527158275
68268,0.500716950893306
68269,0.4996001527158275
68270,0.4996001527158275
68271,0.4996001527158275
68272,0.4996001527158275
68273,0.4996001527158275
68274,0.500716950893306
68275,0.4996001527158275
68276,0.4996001527158275
68277,0.4996001527158275
68278,0.4996001527158275
68279,0.500716950893306
68280,0.4996001527158275
68281,0.5000036586034184
68282,0.4996001527158275
68283,0.4996001527158275
68284,0.5000036586034184
68285,0.5000036586034184
68286,0.4996001527158275
68287,0.4996001527158275
68288,0.4996001527158275
68289,0.4996001527158275
68290,0.5000036586034184
68291,0.500716950893306
68292,0.4996001527158275
68293,0.5000036586034184
68294,0.4996001527158275
68295,0.4996001527158275
68296,0.5000036586034184
68297,0.4996001527158275
68298,0.4996001527158275
68299,0.5000036586034184
68300,0.4996001527158275
68301,0.4996001527158275
68302,0.4996001527158275
68303,0.4996001527158275
68304,0.4996001527158275
68305,0.5000036586034184
68306,0.4996001527158275
68307,0.500716950893306
68308,0.5000036586034184
68309,0.5000036586034184
68310,0.4996001527158275
68311,0.4996001527158275
68312,0.4996001527158275
68313,0.5000036586034184
68314,0.5000036586034184
68315,0.4996001527158275
68316,0.5000036586034184
68317,0.4996001527158275
68318,0.4996001527158275
68319,0.4996001527158275
68320,0.4996001527158275
68321,0.5000036586034184
68322,0.4996001527158275
68323,0.5000036586034184
68324,0.5000036586034184
68325,0.5000036586034184
68326,0.4996001527158275
68327,0.5000036586034184
68328,0.5000036586034184
68329,0.5000036586034184
68330,0.4996001527158275
68331,0.4996001527158275
68332,0.4996001527158275
68333,0.4996001527158275
68334,0.5000036586034184
68335,0.4996001527158275
68336,0.4996001527158275
68337,0.4996001527158275
68338,0.4996001527158275
68339,0.4996001527158275
68340,0.4996001527158275
68341,0.4996001527158275
68342,0.4996001527158275
68343,0.4996001527158275
68344,0.5000036586034184
68345,0.4996001527158275
68346,0.500716950893306
68347,0.500716950893306
68348,0.4996001527158275
68349,0.4996001527158275
68350,0.4996001527158275
68351,0.4996001527158275
68352,0.4996001527158275
68353,0.4996001527158275
68354,0.4996001527158275
68355,0.500716950893306
68356,0.4996001527158275
68357,0.4996001527158275
68358,0.4996001527158275
68359,0.4996001527158275
68360,0.500716950893306
68361,0.5000036586034184
68362,0.500716950893306
68363,0.4996001527158275
68364,0.5000036586034184
68365,0.4996001527158275
68366,0.4996001527158275
68367,0.4996001527158275
68368,0.5000036586034184
68369,0.4996001527158275
68370,0.500716950893306
68371,0.4996001527158275
68372,0.4996001527158275
68373,0.4996001527158275
68374,0.4996001527158275
68375,0.4996001527158275
68376,0.4996001527158275
68377,0.4996001527158275
68378,0.5000036586034184
68379,0.500716950893306
68380,0.4996001527158275
68381,0.4996001527158275
68382,0.5000036586034184
68383,0.4996001527158275
68384,0.4996001527158275
68385,0.5000036586034184
68386,0.4996001527158275
68387,0.5000036586034184
68388,0.5000036586034184
68389,0.5000036586034184
68390,0.4996001527158275
68391,0.4996001527158275
68392,0.4996001527158275
68393,0.5000036586034184
68394,0.4996001527158275
68395,0.4996001527158275
68396,0.4996001527158275
68397,0.500716950893306
68398,0.4996001527158275
68399,0.5000036586034184
68400,0.500716950893306
68401,0.4996001527158275
68402,0.500716950893306
68403,0.4996001527158275
68404,0.4996001527158275
68405,0.500716950893306
68406,0.4996001527158275
68407,0.500716950893306
68408,0.4996001527158275
68409,0.5000036586034184
68410,0.4996001527158275
68411,0.4996001527158275
68412,0.500716950893306
68413,0.4996001527158275
68414,0.500716950893306
68415,0.500716950893306
68416,0.4996001527158275
68417,0.500716950893306
68418,0.5000036586034184
68419,0.4996001527158275
68420,0.4996001527158275
68421,0.5000036586034184
68422,0.4996001527158275
68423,0.5000036586034184
68424,0.5000036586034184
68425,0.4996001527158275
68426,0.4996001527158275
68427,0.500716950893306
68428,0.4996001527158275
68429,0.4996001527158275
68430,0.500716950893306
68431,0.4996001527158275
68432,0.4996001527158275
68433,0.4996001527158275
68434,0.500716950893306
68435,0.4996001527158275
68436,0.4996001527158275
68437,0.500716950893306
68438,0.4996001527158275
68439,0.5000036586034184
68440,0.4996001527158275
68441,0.5000036586034184
68442,0.4996001527158275
68443,0.4996001527158275
68444,0.4996001527158275
68445,0.5000036586034184
68446,0.4996001527158275
68447,0.500716950893306
68448,0.5000036586034184
68449,0.4996001527158275
68450,0.500716950893306
68451,0.4996001527158275
68452,0.500716950893306
68453,0.500716950893306
68454,0.4996001527158275
68455,0.5000036586034184
68456,0.4996001527158275
68457,0.4996001527158275
68458,0.4996001527158275
68459,0.5000036586034184
68460,0.4996001527158275
68461,0.5000036586034184
68462,0.5000036586034184
68463,0.500716950893306
68464,0.4996001527158275
68465,0.4996001527158275
68466,0.500716950893306
68467,0.500716950893306
68468,0.4996001527158275
68469,0.4996001527158275
68470,0.5000036586034184
68471,0.4996001527158275
68472,0.4996001527158275
68473,0.4996001527158275
68474,0.500716950893306
68475,0.4996001527158275
68476,0.5000036586034184
68477,0.4996001527158275
68478,0.4996001527158275
68479,0.4996001527158275
68480,0.4996001527158275
68481,0.4996001527158275
68482,0.4996001527158275
68483,0.5000036586034184
68484,0.4996001527158275
68485,0.500716950893306
68486,0.4996001527158275
68487,0.4996001527158275
68488,0.4996001527158275
68489,0.4996001527158275
68490,0.4996001527158275
68491,0.5000036586034184
68492,0.4996001527158275
68493,0.5000036586034184
68494,0.4996001527158275
68495,0.4996001527158275
68496,0.4996001527158275
68497,0.4996001527158275
68498,0.500716950893306
68499,0.4996001527158275
68500,0.4996001527158275
68501,0.5000036586034184
68502,0.5000036586034184
68503,0.500716950893306
68504,0.500716950893306
68505,0.5000036586034184
68506,0.4996001527158275
68507,0.4996001527158275
68508,0.4996001527158275
68509,0.4996001527158275
68510,0.4996001527158275
68511,0.5000036586034184
68512,0.4996001527158275
68513,0.4996001527158275
68514,0.500716950893306
68515,0.4996001527158275
68516,0.4996001527158275
68517,0.500716950893306
68518,0.500716950893306
68519,0.4996001527158275
68520,0.4996001527158275
68521,0.5000036586034184
68522,0.4996001527158275
68523,0.4996001527158275
68524,0.500716950893306
68525,0.5000036586034184
68526,0.5000036586034184
68527,0.5000036586034184
68528,0.500716950893306
68529,0.500716950893306
68530,0.4996001527158275
68531,0.4996001527158275
68532,0.4996001527158275
68533,0.4996001527158275
68534,0.4996001527158275
68535,0.500716950893306
68536,0.4996001527158275
68537,0.5000036586034184
68538,0.5000036586034184
68539,0.4996001527158275
68540,0.500716950893306
68541,0.4996001527158275
68542,0.5000036586034184
68543,0.4996001527158275
68544,0.4996001527158275
68545,0.4996001527158275
68546,0.5000036586034184
68547,0.4996001527158275
68548,0.4996001527158275
68549,0.5000036586034184
68550,0.4996001527158275
68551,0.4996001527158275
68552,0.5000036586034184
68553,0.4996001527158275
68554,0.4996001527158275
68555,0.4996001527158275
68556,0.4996001527158275
68557,0.4996001527158275
68558,0.5000036586034184
68559,0.5000036586034184
68560,0.4996001527158275
68561,0.4996001527158275
68562,0.4996001527158275
68563,0.4996001527158275
68564,0.4996001527158275
68565,0.4996001527158275
68566,0.4996001527158275
68567,0.4996001527158275
68568,0.4996001527158275
68569,0.5000036586034184
68570,0.4996001527158275
68571,0.4996001527158275
68572,0.5000036586034184
68573,0.4996001527158275
68574,0.5000036586034184
68575,0.4996001527158275
68576,0.500716950893306
68577,0.4996001527158275
68578,0.500716950893306
68579,0.4996001527158275
68580,0.5000036586034184
68581,0.4996001527158275
68582,0.5000036586034184
68583,0.4996001527158275
68584,0.4996001527158275
68585,0.4996001527158275
68586,0.4996001527158275
68587,0.4996001527158275
68588,0.5037196770466462
68589,0.4996001527158275
68590,0.4996001527158275
68591,0.4996001527158275
68592,0.4996001527158275
68593,0.4996001527158275
68594,0.500716950893306
68595,0.4996001527158275
68596,0.500716950893306
68597,0.5000036586034184
68598,0.4996001527158275
68599,0.500716950893306
68600,0.4996001527158275
68601,0.4996001527158275
68602,0.4996001527158275
68603,0.500716950893306
68604,0.500716950893306
68605,0.4996001527158275
68606,0.4996001527158275
68607,0.5000036586034184
68608,0.5000036586034184
68609,0.4996001527158275
68610,0.4996001527158275
68611,0.4996001527158275
68612,0.4996001527158275
68613,0.4996001527158275
68614,0.4996001527158275
68615,0.4996001527158275
68616,0.4996001527158275
68617,0.4996001527158275
68618,0.5000036586034184
68619,0.5000036586034184
68620,0.4996001527158275
68621,0.4996001527158275
68622,0.4996001527158275
68623,0.4996001527158275
68624,0.500716950893306
68625,0.4996001527158275
68626,0.500716950893306
68627,0.4996001527158275
68628,0.4996001527158275
68629,0.4996001527158275
68630,0.4996001527158275
68631,0.4996001527158275
68632,0.5000036586034184
68633,0.4996001527158275
68634,0.4996001527158275
68635,0.4996001527158275
68636,0.500716950893306
68637,0.4996001527158275
68638,0.4996001527158275
68639,0.5000036586034184
68640,0.500716950893306
68641,0.4996001527158275
68642,0.4996001527158275
68643,0.500716950893306
68644,0.500716950893306
68645,0.5000036586034184
68646,0.4996001527158275
68647,0.4996001527158275
68648,0.5000036586034184
68649,0.4996001527158275
68650,0.5000036586034184
68651,0.4996001527158275
68652,0.4996001527158275
68653,0.5000036586034184
68654,0.5000036586034184
68655,0.4996001527158275
68656,0.4996001527158275
68657,0.4996001527158275
68658,0.4996001527158275
68659,0.5000036586034184
68660,0.5000036586034184
68661,0.5000036586034184
68662,0.4996001527158275
68663,0.4996001527158275
68664,0.4996001527158275
68665,0.4996001527158275
68666,0.4996001527158275
68667,0.4996001527158275
68668,0.4996001527158275
68669,0.4996001527158275
68670,0.4996001527158275
68671,0.4996001527158275
68672,0.5000036586034184
68673,0.500716950893306
68674,0.5000036586034184
68675,0.4996001527158275
68676,0.5000036586034184
68677,0.5000036586034184
68678,0.4996001527158275
68679,0.4996001527158275
68680,0.4996001527158275
68681,0.4996001527158275
68682,0.500716950893306
68683,0.4996001527158275
68684,0.4996001527158275
68685,0.4996001527158275
68686,0.4996001527158275
68687,0.4996001527158275
68688,0.4996001527158275
68689,0.4996001527158275
68690,0.500716950893306
68691,0.4996001527158275
68692,0.4996001527158275
68693,0.5000036586034184
68694,0.4996001527158275
68695,0.4996001527158275
68696,0.500716950893306
68697,0.500716950893306
68698,0.4996001527158275
68699,0.5000036586034184
68700,0.4996001527158275
68701,0.500716950893306
68702,0.4996001527158275
68703,0.4996001527158275
68704,0.4996001527158275
68705,0.4996001527158275
68706,0.5000036586034184
68707,0.4996001527158275
68708,0.5000036586034184
68709,0.5000036586034184
68710,0.500716950893306
68711,0.4996001527158275
68712,0.500716950893306
68713,0.4996001527158275
68714,0.500716950893306
68715,0.4996001527158275
68716,0.4996001527158275
68717,0.4996001527158275
68718,0.4996001527158275
68719,0.500716950893306
68720,0.5000036586034184
68721,0.4996001527158275
68722,0.4996001527158275
68723,0.5000036586034184
68724,0.4996001527158275
68725,0.4996001527158275
68726,0.4996001527158275
68727,0.5000036586034184
68728,0.4996001527158275
68729,0.4996001527158275
68730,0.4996001527158275
68731,0.500716950893306
68732,0.5000036586034184
68733,0.4996001527158275
68734,0.5000036586034184
68735,0.5000036586034184
68736,0.500716950893306
68737,0.4996001527158275
68738,0.5000036586034184
68739,0.4996001527158275
68740,0.500716950893306
68741,0.4996001527158275
68742,0.5000036586034184
68743,0.4996001527158275
68744,0.4996001527158275
68745,0.500716950893306
68746,0.4996001527158275
68747,0.4996001527158275
68748,0.4996001527158275
68749,0.500716950893306
68750,0.4996001527158275
68751,0.4996001527158275
68752,0.5000036586034184
68753,0.500716950893306
68754,0.500716950893306
68755,0.5000036586034184
68756,0.4996001527158275
68757,0.4996001527158275
68758,0.5000036586034184
68759,0.4996001527158275
68760,0.5000036586034184
68761,0.4996001527158275
68762,0.4996001527158275
68763,0.500716950893306
68764,0.5000036586034184
68765,0.4996001527158275
68766,0.5000036586034184
68767,0.4996001527158275
68768,0.5000036586034184
68769,0.4996001527158275
68770,0.500716950893306
68771,0.500716950893306
68772,0.500716950893306
68773,0.500716950893306
68774,0.4996001527158275
68775,0.4996001527158275
68776,0.500716950893306
68777,0.4996001527158275
68778,0.4996001527158275
68779,0.500716950893306
68780,0.4996001527158275
68781,0.4996001527158275
68782,0.500716950893306
68783,0.4996001527158275
68784,0.4996001527158275
68785,0.500716950893306
68786,0.4996001527158275
68787,0.4996001527158275
68788,0.500716950893306
68789,0.4996001527158275
68790,0.4996001527158275
68791,0.4996001527158275
68792,0.500716950893306
68793,0.500716950893306
68794,0.4996001527158275
68795,0.5000036586034184
68796,0.4996001527158275
68797,0.4996001527158275
68798,0.4996001527158275
68799,0.500716950893306
68800,0.4996001527158275
68801,0.4996001527158275
68802,0.4996001527158275
68803,0.500716950893306
68804,0.4996001527158275
68805,0.4996001527158275
68806,0.4996001527158275
68807,0.4996001527158275
68808,0.4996001527158275
68809,0.4996001527158275
68810,0.5000036586034184
68811,0.4996001527158275
68812,0.4996001527158275
68813,0.5000036586034184
68814,0.5000036586034184
68815,0.4996001527158275
68816,0.4996001527158275
68817,0.5000036586034184
68818,0.5000036586034184
68819,0.4996001527158275
68820,0.4996001527158275
68821,0.500716950893306
68822,0.4996001527158275
68823,0.4996001527158275
68824,0.5000036586034184
68825,0.4996001527158275
68826,0.4996001527158275
68827,0.4996001527158275
68828,0.4996001527158275
68829,0.4996001527158275
68830,0.4996001527158275
68831,0.500716950893306
68832,0.500716950893306
68833,0.4996001527158275
68834,0.4996001527158275
68835,0.4996001527158275
68836,0.5000036586034184
68837,0.4996001527158275
68838,0.5000036586034184
68839,0.4996001527158275
68840,0.4996001527158275
68841,0.4996001527158275
68842,0.500716950893306
68843,0.500716950893306
68844,0.4996001527158275
68845,0.4996001527158275
68846,0.4996001527158275
68847,0.4996001527158275
68848,0.4996001527158275
68849,0.5000036586034184
68850,0.4996001527158275
68851,0.500716950893306
68852,0.500716950893306
68853,0.500716950893306
68854,0.5000036586034184
68855,0.4996001527158275
68856,0.4996001527158275
68857,0.4996001527158275
68858,0.4996001527158275
68859,0.500716950893306
68860,0.4996001527158275
68861,0.5000036586034184
68862,0.4996001527158275
68863,0.500716950893306
68864,0.4996001527158275
68865,0.500716950893306
68866,0.4996001527158275
68867,0.5000036586034184
68868,0.4996001527158275
68869,0.5000036586034184
68870,0.500716950893306
68871,0.4996001527158275
68872,0.5000036586034184
68873,0.4996001527158275
68874,0.4996001527158275
68875,0.4996001527158275
68876,0.5000036586034184
68877,0.500716950893306
68878,0.4996001527158275
68879,0.4996001527158275
68880,0.500716950893306
68881,0.5000036586034184
68882,0.4996001527158275
68883,0.4996001527158275
68884,0.5000036586034184
68885,0.4996001527158275
68886,0.4996001527158275
68887,0.4996001527158275
68888,0.500716950893306
68889,0.4996001527158275
68890,0.500716950893306
68891,0.4996001527158275
68892,0.4996001527158275
68893,0.4996001527158275
68894,0.500716950893306
68895,0.4996001527158275
68896,0.4996001527158275
68897,0.4996001527158275
68898,0.4996001527158275
68899,0.4996001527158275
68900,0.4996001527158275
68901,0.4996001527158275
68902,0.4996001527158275
68903,0.4996001527158275
68904,0.4996001527158275
68905,0.500716950893306
68906,0.4996001527158275
68907,0.4996001527158275
68908,0.4996001527158275
68909,0.4996001527158275
68910,0.4996001527158275
68911,0.500716950893306
68912,0.4996001527158275
68913,0.4996001527158275
68914,0.4996001527158275
68915,0.4996001527158275
68916,0.4996001527158275
68917,0.4996001527158275
68918,0.4996001527158275
68919,0.500716950893306
68920,0.500716950893306
68921,0.500716950893306
68922,0.4996001527158275
68923,0.500716950893306
68924,0.5000036586034184
68925,0.5000036586034184
68926,0.4996001527158275
68927,0.500716950893306
68928,0.5000036586034184
68929,0.5000036586034184
68930,0.5000036586034184
68931,0.5000036586034184
68932,0.5000036586034184
68933,0.4996001527158275
68934,0.4996001527158275
68935,0.4996001527158275
68936,0.4996001527158275
68937,0.4996001527158275
68938,0.500716950893306
68939,0.4996001527158275
68940,0.500716950893306
68941,0.5000036586034184
68942,0.4996001527158275
68943,0.5000036586034184
68944,0.4996001527158275
68945,0.4996001527158275
68946,0.5000036586034184
68947,0.5000036586034184
68948,0.4996001527158275
68949,0.5000036586034184
68950,0.500716950893306
68951,0.500716950893306
68952,0.4996001527158275
68953,0.5000036586034184
68954,0.5000036586034184
68955,0.5000036586034184
68956,0.4996001527158275
68957,0.4996001527158275
68958,0.5000036586034184
68959,0.4996001527158275
68960,0.4996001527158275
68961,0.500716950893306
68962,0.4996001527158275
68963,0.4996001527158275
68964,0.4996001527158275
68965,0.500716950893306
68966,0.500716950893306
68967,0.4996001527158275
68968,0.4996001527158275
68969,0.4996001527158275
68970,0.500716950893306
68971,0.4996001527158275
68972,0.4996001527158275
68973,0.4996001527158275
68974,0.500716950893306
68975,0.4996001527158275
68976,0.4996001527158275
68977,0.4996001527158275
68978,0.4996001527158275
68979,0.4996001527158275
68980,0.4996001527158275
68981,0.500716950893306
68982,0.500716950893306
68983,0.4996001527158275
68984,0.500716950893306
68985,0.500716950893306
68986,0.4996001527158275
68987,0.4996001527158275
68988,0.5000036586034184
68989,0.4996001527158275
68990,0.5000036586034184
68991,0.4996001527158275
68992,0.500716950893306
68993,0.4996001527158275
68994,0.5000036586034184
68995,0.4996001527158275
68996,0.500716950893306
68997,0.4996001527158275
68998,0.4996001527158275
68999,0.4996001527158275
69000,0.4996001527158275
69001,0.4996001527158275
69002,0.4996001527158275
69003,0.500716950893306
69004,0.500716950893306
69005,0.4996001527158275
69006,0.500716950893306
69007,0.5000036586034184
69008,0.4996001527158275
69009,0.4996001527158275
69010,0.4996001527158275
69011,0.5000036586034184
69012,0.4996001527158275
69013,0.5000036586034184
69014,0.5000036586034184
69015,0.4996001527158275
69016,0.4996001527158275
69017,0.4996001527158275
69018,0.4996001527158275
69019,0.500716950893306
69020,0.4996001527158275
69021,0.500716950893306
69022,0.500716950893306
69023,0.4996001527158275
69024,0.4996001527158275
69025,0.500716950893306
69026,0.4996001527158275
69027,0.4996001527158275
69028,0.500716950893306
69029,0.5000036586034184
69030,0.4996001527158275
69031,0.5000036586034184
69032,0.5000036586034184
69033,0.4996001527158275
69034,0.4996001527158275
69035,0.4996001527158275
69036,0.4996001527158275
69037,0.4996001527158275
69038,0.500716950893306
69039,0.4996001527158275
69040,0.4996001527158275
69041,0.500716950893306
69042,0.4996001527158275
69043,0.500716950893306
69044,0.4996001527158275
69045,0.5000036586034184
69046,0.500716950893306
69047,0.4996001527158275
69048,0.4996001527158275
69049,0.4996001527158275
69050,0.4996001527158275
69051,0.4996001527158275
69052,0.500716950893306
69053,0.4996001527158275
69054,0.4996001527158275
69055,0.5000036586034184
69056,0.500716950893306
69057,0.4996001527158275
69058,0.4996001527158275
69059,0.4996001527158275
69060,0.4996001527158275
69061,0.5000036586034184
69062,0.4996001527158275
69063,0.500716950893306
69064,0.4996001527158275
69065,0.4996001527158275
69066,0.4996001527158275
69067,0.4996001527158275
69068,0.4996001527158275
69069,0.4996001527158275
69070,0.4996001527158275
69071,0.4996001527158275
69072,0.4996001527158275
69073,0.4996001527158275
69074,0.500716950893306
69075,0.5000036586034184
69076,0.4996001527158275
69077,0.4996001527158275
69078,0.4996001527158275
69079,0.5000036586034184
69080,0.5000036586034184
69081,0.4996001527158275
69082,0.4996001527158275
69083,0.4996001527158275
69084,0.5000036586034184
69085,0.5000036586034184
69086,0.4996001527158275
69087,0.4996001527158275
69088,0.4996001527158275
69089,0.500716950893306
69090,0.4996001527158275
69091,0.500716950893306
69092,0.4996001527158275
69093,0.4996001527158275
69094,0.4996001527158275
69095,0.4996001527158275
69096,0.4996001527158275
69097,0.4996001527158275
69098,0.4996001527158275
69099,0.4996001527158275
69100,0.5000036586034184
69101,0.4996001527158275
69102,0.4996001527158275
69103,0.5000036586034184
69104,0.4996001527158275
69105,0.4996001527158275
69106,0.5000036586034184
69107,0.4996001527158275
69108,0.5000036586034184
69109,0.4996001527158275
69110,0.4996001527158275
69111,0.500716950893306
69112,0.500716950893306
69113,0.5000036586034184
69114,0.500716950893306
69115,0.5000036586034184
69116,0.4996001527158275
69117,0.5000036586034184
69118,0.4996001527158275
69119,0.5000036586034184
69120,0.500716950893306
69121,0.500716950893306
69122,0.5000036586034184
69123,0.4996001527158275
69124,0.4996001527158275
69125,0.4996001527158275
69126,0.4996001527158275
69127,0.4996001527158275
69128,0.4996001527158275
69129,0.4996001527158275
69130,0.4996001527158275
69131,0.4996001527158275
69132,0.5000036586034184
69133,0.4996001527158275
69134,0.4996001527158275
69135,0.4996001527158275
69136,0.500716950893306
69137,0.4996001527158275
69138,0.500716950893306
69139,0.5000036586034184
69140,0.4996001527158275
69141,0.4996001527158275
69142,0.4996001527158275
69143,0.4996001527158275
69144,0.4996001527158275
69145,0.4996001527158275
69146,0.5000036586034184
69147,0.4996001527158275
69148,0.4996001527158275
69149,0.4996001527158275
69150,0.500716950893306
69151,0.5000036586034184
69152,0.4996001527158275
69153,0.5000036586034184
69154,0.500716950893306
69155,0.4996001527158275
69156,0.500716950893306
69157,0.5000036586034184
69158,0.5000036586034184
69159,0.4996001527158275
69160,0.5000036586034184
69161,0.4996001527158275
69162,0.4996001527158275
69163,0.4996001527158275
69164,0.4996001527158275
69165,0.4996001527158275
69166,0.4996001527158275
69167,0.5000036586034184
69168,0.4996001527158275
69169,0.5000036586034184
69170,0.4996001527158275
69171,0.500716950893306
69172,0.500716950893306
69173,0.4996001527158275
69174,0.4996001527158275
69175,0.4996001527158275
69176,0.4996001527158275
69177,0.4996001527158275
69178,0.5000036586034184
69179,0.4996001527158275
69180,0.4996001527158275
69181,0.4996001527158275
69182,0.5000036586034184
69183,0.4996001527158275
69184,0.4996001527158275
69185,0.5000036586034184
69186,0.4996001527158275
69187,0.5000036586034184
69188,0.4996001527158275
69189,0.4996001527158275
69190,0.5000036586034184
69191,0.500716950893306
69192,0.4996001527158275
69193,0.4996001527158275
69194,0.4996001527158275
69195,0.4996001527158275
69196,0.4996001527158275
69197,0.4996001527158275
69198,0.500716950893306
69199,0.500716950893306
69200,0.4996001527158275
69201,0.4996001527158275
69202,0.4996001527158275
69203,0.4996001527158275
69204,0.4996001527158275
69205,0.500716950893306
69206,0.500716950893306
69207,0.500716950893306
69208,0.4996001527158275
69209,0.500716950893306
69210,0.5000036586034184
69211,0.5000036586034184
69212,0.4996001527158275
69213,0.5000036586034184
69214,0.4996001527158275
69215,0.500716950893306
69216,0.5000036586034184
69217,0.4996001527158275
69218,0.4996001527158275
69219,0.4996001527158275
69220,0.4996001527158275
69221,0.4996001527158275
69222,0.4996001527158275
69223,0.4996001527158275
69224,0.5000036586034184
69225,0.5000036586034184
69226,0.5000036586034184
69227,0.4996001527158275
69228,0.4996001527158275
69229,0.5000036586034184
69230,0.4996001527158275
69231,0.4996001527158275
69232,0.4996001527158275
69233,0.500716950893306
69234,0.500716950893306
69235,0.4996001527158275
69236,0.500716950893306
69237,0.500716950893306
69238,0.4996001527158275
69239,0.4996001527158275
69240,0.4996001527158275
69241,0.4996001527158275
69242,0.4996001527158275
69243,0.4996001527158275
69244,0.4996001527158275
69245,0.500716950893306
69246,0.4996001527158275
69247,0.500716950893306
69248,0.4996001527158275
69249,0.4996001527158275
69250,0.4996001527158275
69251,0.4996001527158275
69252,0.5000036586034184
69253,0.4996001527158275
69254,0.4996001527158275
69255,0.5000036586034184
69256,0.4996001527158275
69257,0.4996001527158275
69258,0.4996001527158275
69259,0.4996001527158275
69260,0.4996001527158275
69261,0.5000036586034184
69262,0.4996001527158275
69263,0.4996001527158275
69264,0.4996001527158275
69265,0.4996001527158275
69266,0.500716950893306
69267,0.4996001527158275
69268,0.500716950893306
69269,0.4996001527158275
69270,0.4996001527158275
69271,0.4996001527158275
69272,0.5000036586034184
69273,0.4996001527158275
69274,0.4996001527158275
69275,0.4996001527158275
69276,0.4996001527158275
69277,0.4996001527158275
69278,0.5000036586034184
69279,0.4996001527158275
69280,0.4996001527158275
69281,0.4996001527158275
69282,0.500716950893306
69283,0.4996001527158275
69284,0.5000036586034184
69285,0.500716950893306
69286,0.5000036586034184
69287,0.4996001527158275
69288,0.5000036586034184
69289,0.4996001527158275
69290,0.4996001527158275
69291,0.4996001527158275
69292,0.4996001527158275
69293,0.4996001527158275
69294,0.4996001527158275
69295,0.5000036586034184
69296,0.4996001527158275
69297,0.500716950893306
69298,0.4996001527158275
69299,0.500716950893306
69300,0.5000036586034184
69301,0.5000036586034184
69302,0.500716950893306
69303,0.4996001527158275
69304,0.4996001527158275
69305,0.4996001527158275
69306,0.4996001527158275
69307,0.4996001527158275
69308,0.4996001527158275
69309,0.4996001527158275
69310,0.4996001527158275
69311,0.4996001527158275
69312,0.4996001527158275
69313,0.500716950893306
69314,0.500716950893306
69315,0.4996001527158275
69316,0.4996001527158275
69317,0.5000036586034184
69318,0.4996001527158275
69319,0.500716950893306
69320,0.4996001527158275
69321,0.4996001527158275
69322,0.5000036586034184
69323,0.4996001527158275
69324,0.4996001527158275
69325,0.4996001527158275
69326,0.4996001527158275
69327,0.4996001527158275
69328,0.4996001527158275
69329,0.5000036586034184
69330,0.4996001527158275
69331,0.4996001527158275
69332,0.500716950893306
69333,0.4996001527158275
69334,0.4996001527158275
69335,0.4996001527158275
69336,0.4996001527158275
69337,0.4996001527158275
69338,0.4996001527158275
69339,0.4996001527158275
69340,0.5000036586034184
69341,0.4996001527158275
69342,0.4996001527158275
69343,0.500716950893306
69344,0.4996001527158275
69345,0.4996001527158275
69346,0.5000036586034184
69347,0.4996001527158275
69348,0.5000036586034184
69349,0.5000036586034184
69350,0.4996001527158275
69351,0.4996001527158275
69352,0.5000036586034184
69353,0.4996001527158275
69354,0.500716950893306
69355,0.4996001527158275
69356,0.4996001527158275
69357,0.500716950893306
69358,0.4996001527158275
69359,0.5000036586034184
69360,0.500716950893306
69361,0.4996001527158275
69362,0.500716950893306
69363,0.5000036586034184
69364,0.500716950893306
69365,0.4996001527158275
69366,0.5000036586034184
69367,0.5000036586034184
69368,0.500716950893306
69369,0.5000036586034184
69370,0.4996001527158275
69371,0.5000036586034184
69372,0.4996001527158275
69373,0.4996001527158275
69374,0.500716950893306
69375,0.5000036586034184
69376,0.4996001527158275
69377,0.4996001527158275
69378,0.4996001527158275
69379,0.4996001527158275
69380,0.4996001527158275
69381,0.4996001527158275
69382,0.4996001527158275
69383,0.4996001527158275
69384,0.5000036586034184
69385,0.4996001527158275
69386,0.4996001527158275
69387,0.4996001527158275
69388,0.5000036586034184
69389,0.4996001527158275
69390,0.500716950893306
69391,0.500716950893306
69392,0.4996001527158275
69393,0.4996001527158275
69394,0.4996001527158275
69395,0.4996001527158275
69396,0.5000036586034184
69397,0.500716950893306
69398,0.4996001527158275
69399,0.4996001527158275
69400,0.500716950893306
69401,0.4996001527158275
69402,0.4996001527158275
69403,0.4996001527158275
69404,0.500716950893306
69405,0.4996001527158275
69406,0.4996001527158275
69407,0.500716950893306
69408,0.4996001527158275
69409,0.500716950893306
69410,0.4996001527158275
69411,0.4996001527158275
69412,0.4996001527158275
69413,0.500716950893306
69414,0.5000036586034184
69415,0.500716950893306
69416,0.4996001527158275
69417,0.5000036586034184
69418,0.4996001527158275
69419,0.500716950893306
69420,0.4996001527158275
69421,0.4996001527158275
69422,0.4996001527158275
69423,0.4996001527158275
69424,0.4996001527158275
69425,0.4996001527158275
69426,0.4996001527158275
69427,0.500716950893306
69428,0.4996001527158275
69429,0.4996001527158275
69430,0.500716950893306
69431,0.4996001527158275
69432,0.4996001527158275
69433,0.4996001527158275
69434,0.4996001527158275
69435,0.4996001527158275
69436,0.4996001527158275
69437,0.4996001527158275
69438,0.4996001527158275
69439,0.5000036586034184
69440,0.4996001527158275
69441,0.4996001527158275
69442,0.4996001527158275
69443,0.500716950893306
69444,0.500716950893306
69445,0.4996001527158275
69446,0.5000036586034184
69447,0.4996001527158275
69448,0.500716950893306
69449,0.4996001527158275
69450,0.4996001527158275
69451,0.500716950893306
69452,0.4996001527158275
69453,0.500716950893306
69454,0.4996001527158275
69455,0.500716950893306
69456,0.500716950893306
69457,0.5000036586034184
69458,0.4996001527158275
69459,0.4996001527158275
69460,0.4996001527158275
69461,0.500716950893306
69462,0.5000036586034184
69463,0.4996001527158275
69464,0.4996001527158275
69465,0.5000036586034184
69466,0.5000036586034184
69467,0.5000036586034184
69468,0.4996001527158275
69469,0.5000036586034184
69470,0.4996001527158275
69471,0.4996001527158275
69472,0.4996001527158275
69473,0.4996001527158275
69474,0.5000036586034184
69475,0.4996001527158275
69476,0.500716950893306
69477,0.4996001527158275
69478,0.5000036586034184
69479,0.500716950893306
69480,0.4996001527158275
69481,0.4996001527158275
69482,0.4996001527158275
69483,0.4996001527158275
69484,0.4996001527158275
69485,0.4996001527158275
69486,0.4996001527158275
69487,0.4996001527158275
69488,0.500716950893306
69489,0.4996001527158275
69490,0.4996001527158275
69491,0.4996001527158275
69492,0.5000036586034184
69493,0.4996001527158275
69494,0.500716950893306
69495,0.5000036586034184
69496,0.4996001527158275
69497,0.4996001527158275
69498,0.4996001527158275
69499,0.4996001527158275
69500,0.500716950893306
69501,0.4996001527158275
69502,0.500716950893306
69503,0.4996001527158275
69504,0.5000036586034184
69505,0.5000036586034184
69506,0.4996001527158275
69507,0.4996001527158275
69508,0.4996001527158275
69509,0.5000036586034184
69510,0.500716950893306
69511,0.500716950893306
69512,0.5000036586034184
69513,0.4996001527158275
69514,0.4996001527158275
69515,0.4996001527158275
69516,0.4996001527158275
69517,0.500716950893306
69518,0.4996001527158275
69519,0.4996001527158275
69520,0.4996001527158275
69521,0.4996001527158275
69522,0.4996001527158275
69523,0.500716950893306
69524,0.4996001527158275
69525,0.5000036586034184
69526,0.4996001527158275
69527,0.4996001527158275
69528,0.5000036586034184
69529,0.4996001527158275
69530,0.4996001527158275
69531,0.4996001527158275
69532,0.500716950893306
69533,0.4996001527158275
69534,0.4996001527158275
69535,0.5000036586034184
69536,0.4996001527158275
69537,0.4996001527158275
69538,0.4996001527158275
69539,0.4996001527158275
69540,0.4996001527158275
69541,0.4996001527158275
69542,0.4996001527158275
69543,0.5000036586034184
69544,0.5000036586034184
69545,0.4996001527158275
69546,0.500716950893306
69547,0.5000036586034184
69548,0.4996001527158275
69549,0.5000036586034184
69550,0.4996001527158275
69551,0.4996001527158275
69552,0.4996001527158275
69553,0.5000036586034184
69554,0.4996001527158275
69555,0.500716950893306
69556,0.5000036586034184
69557,0.4996001527158275
69558,0.4996001527158275
69559,0.5000036586034184
69560,0.500716950893306
69561,0.4996001527158275
69562,0.4996001527158275
69563,0.4996001527158275
69564,0.4996001527158275
69565,0.4996001527158275
69566,0.4996001527158275
69567,0.500716950893306
69568,0.500716950893306
69569,0.4996001527158275
69570,0.4996001527158275
69571,0.4996001527158275
69572,0.500716950893306
69573,0.4996001527158275
69574,0.4996001527158275
69575,0.5000036586034184
69576,0.4996001527158275
69577,0.4996001527158275
69578,0.500716950893306
69579,0.4996001527158275
69580,0.500716950893306
69581,0.4996001527158275
69582,0.5000036586034184
69583,0.5000036586034184
69584,0.500716950893306
69585,0.5000036586034184
69586,0.4996001527158275
69587,0.4996001527158275
69588,0.4996001527158275
69589,0.4996001527158275
69590,0.4996001527158275
69591,0.4996001527158275
69592,0.4996001527158275
69593,0.5000036586034184
69594,0.5000036586034184
69595,0.500716950893306
69596,0.4996001527158275
69597,0.4996001527158275
69598,0.500716950893306
69599,0.4996001527158275
69600,0.4996001527158275
69601,0.5000036586034184
69602,0.4996001527158275
69603,0.4996001527158275
69604,0.4996001527158275
69605,0.500716950893306
69606,0.4996001527158275
69607,0.4996001527158275
69608,0.5000036586034184
69609,0.5000036586034184
69610,0.4996001527158275
69611,0.4996001527158275
69612,0.5000036586034184
69613,0.500716950893306
69614,0.4996001527158275
69615,0.5000036586034184
69616,0.5000036586034184
69617,0.500716950893306
69618,0.4996001527158275
69619,0.4996001527158275
69620,0.4996001527158275
69621,0.500716950893306
69622,0.500716950893306
69623,0.4996001527158275
69624,0.4996001527158275
69625,0.4996001527158275
69626,0.5000036586034184
69627,0.5000036586034184
69628,0.4996001527158275
69629,0.4996001527158275
69630,0.500716950893306
69631,0.5000036586034184
69632,0.4996001527158275
69633,0.5000036586034184
69634,0.500716950893306
69635,0.4996001527158275
69636,0.5000036586034184
69637,0.500716950893306
69638,0.4996001527158275
69639,0.4996001527158275
69640,0.4996001527158275
69641,0.4996001527158275
69642,0.4996001527158275
69643,0.4996001527158275
69644,0.500716950893306
69645,0.4996001527158275
69646,0.4996001527158275
69647,0.4996001527158275
69648,0.5000036586034184
69649,0.4996001527158275
69650,0.4996001527158275
69651,0.5000036586034184
69652,0.500716950893306
69653,0.5000036586034184
69654,0.5000036586034184
69655,0.4996001527158275
69656,0.4996001527158275
69657,0.4996001527158275
69658,0.4996001527158275
69659,0.4996001527158275
69660,0.4996001527158275
69661,0.4996001527158275
69662,0.4996001527158275
69663,0.4996001527158275
69664,0.4996001527158275
69665,0.4996001527158275
69666,0.5000036586034184
69667,0.4996001527158275
69668,0.4996001527158275
69669,0.4996001527158275
69670,0.4996001527158275
69671,0.4996001527158275
69672,0.4996001527158275
69673,0.5000036586034184
69674,0.4996001527158275
69675,0.4996001527158275
69676,0.4996001527158275
69677,0.500716950893306
69678,0.500716950893306
69679,0.4996001527158275
69680,0.5000036586034184
69681,0.4996001527158275
69682,0.500716950893306
69683,0.4996001527158275
69684,0.4996001527158275
69685,0.4996001527158275
69686,0.4996001527158275
69687,0.4996001527158275
69688,0.500716950893306
69689,0.500716950893306
69690,0.500716950893306
69691,0.4996001527158275
69692,0.4996001527158275
69693,0.500716950893306
69694,0.4996001527158275
69695,0.500716950893306
69696,0.5000036586034184
69697,0.4996001527158275
69698,0.4996001527158275
69699,0.4996001527158275
69700,0.500716950893306
69701,0.4996001527158275
69702,0.4996001527158275
69703,0.4996001527158275
69704,0.4996001527158275
69705,0.5000036586034184
69706,0.4996001527158275
69707,0.4996001527158275
69708,0.4996001527158275
69709,0.4996001527158275
69710,0.4996001527158275
69711,0.5000036586034184
69712,0.4996001527158275
69713,0.500716950893306
69714,0.4996001527158275
69715,0.4996001527158275
69716,0.5000036586034184
69717,0.4996001527158275
69718,0.4996001527158275
69719,0.4996001527158275
69720,0.4996001527158275
69721,0.4996001527158275
69722,0.4996001527158275
69723,0.500716950893306
69724,0.500716950893306
69725,0.4996001527158275
69726,0.5000036586034184
69727,0.5000036586034184
69728,0.4996001527158275
69729,0.4996001527158275
69730,0.5000036586034184
69731,0.4996001527158275
69732,0.4996001527158275
69733,0.4996001527158275
69734,0.5000036586034184
69735,0.500716950893306
69736,0.4996001527158275
69737,0.4996001527158275
69738,0.4996001527158275
69739,0.5000036586034184
69740,0.4996001527158275
69741,0.5000036586034184
69742,0.4996001527158275
69743,0.4996001527158275
69744,0.4996001527158275
69745,0.5000036586034184
69746,0.4996001527158275
69747,0.4996001527158275
69748,0.5000036586034184
69749,0.4996001527158275
69750,0.5000036586034184
69751,0.4996001527158275
69752,0.5000036586034184
69753,0.4996001527158275
69754,0.5000036586034184
69755,0.5000036586034184
69756,0.5000036586034184
69757,0.4996001527158275
69758,0.4996001527158275
69759,0.4996001527158275
69760,0.500716950893306
69761,0.4996001527158275
69762,0.5000036586034184
69763,0.4996001527158275
69764,0.4996001527158275
69765,0.500716950893306
69766,0.5000036586034184
69767,0.500716950893306
69768,0.4996001527158275
69769,0.4996001527158275
69770,0.4996001527158275
69771,0.5000036586034184
69772,0.500716950893306
69773,0.5000036586034184
69774,0.4996001527158275
69775,0.500716950893306
69776,0.4996001527158275
69777,0.4996001527158275
69778,0.5000036586034184
69779,0.5000036586034184
69780,0.500716950893306
69781,0.4996001527158275
69782,0.4996001527158275
69783,0.5000036586034184
69784,0.4996001527158275
69785,0.4996001527158275
69786,0.4996001527158275
69787,0.4996001527158275
69788,0.4996001527158275
69789,0.5000036586034184
69790,0.4996001527158275
69791,0.5000036586034184
69792,0.4996001527158275
69793,0.4996001527158275
69794,0.4996001527158275
69795,0.4996001527158275
69796,0.4996001527158275
69797,0.5000036586034184
69798,0.4996001527158275
69799,0.4996001527158275
69800,0.4996001527158275
69801,0.4996001527158275
69802,0.4996001527158275
69803,0.5000036586034184
69804,0.4996001527158275
69805,0.4996001527158275
69806,0.4996001527158275
69807,0.5000036586034184
69808,0.4996001527158275
69809,0.4996001527158275
69810,0.500716950893306
69811,0.5000036586034184
69812,0.4996001527158275
69813,0.5000036586034184
69814,0.4996001527158275
69815,0.4996001527158275
69816,0.5000036586034184
69817,0.500716950893306
69818,0.4996001527158275
69819,0.500716950893306
69820,0.4996001527158275
69821,0.4996001527158275
69822,0.5000036586034184
69823,0.500716950893306
69824,0.500716950893306
69825,0.5000036586034184
69826,0.4996001527158275
69827,0.500716950893306
69828,0.4996001527158275
69829,0.500716950893306
69830,0.500716950893306
69831,0.4996001527158275
69832,0.4996001527158275
69833,0.4996001527158275
69834,0.4996001527158275
69835,0.4996001527158275
69836,0.4996001527158275
69837,0.5000036586034184
69838,0.4996001527158275
69839,0.4996001527158275
69840,0.4996001527158275
69841,0.4996001527158275
69842,0.500716950893306
69843,0.4996001527158275
69844,0.500716950893306
69845,0.500716950893306
69846,0.5000036586034184
69847,0.4996001527158275
69848,0.5000036586034184
69849,0.4996001527158275
69850,0.4996001527158275
69851,0.5000036586034184
69852,0.4996001527158275
69853,0.5000036586034184
69854,0.4996001527158275
69855,0.5000036586034184
69856,0.4996001527158275
69857,0.500716950893306
69858,0.5000036586034184
69859,0.5000036586034184
69860,0.5000036586034184
69861,0.4996001527158275
69862,0.5000036586034184
69863,0.4996001527158275
69864,0.5000036586034184
69865,0.4996001527158275
69866,0.4996001527158275
69867,0.500716950893306
69868,0.5000036586034184
69869,0.4996001527158275
69870,0.4996001527158275
69871,0.4996001527158275
69872,0.4996001527158275
69873,0.500716950893306
69874,0.4996001527158275
69875,0.4996001527158275
69876,0.4996001527158275
69877,0.4996001527158275
69878,0.4996001527158275
69879,0.500716950893306
69880,0.4996001527158275
69881,0.4996001527158275
69882,0.5000036586034184
69883,0.4996001527158275
69884,0.4996001527158275
69885,0.4996001527158275
69886,0.5000036586034184
69887,0.4996001527158275
69888,0.4996001527158275
69889,0.4996001527158275
69890,0.4996001527158275
69891,0.4996001527158275
69892,0.4996001527158275
69893,0.500716950893306
69894,0.4996001527158275
69895,0.4996001527158275
69896,0.500716950893306
69897,0.500716950893306
69898,0.4996001527158275
69899,0.4996001527158275
69900,0.5000036586034184
69901,0.5000036586034184
69902,0.4996001527158275
69903,0.4996001527158275
69904,0.4996001527158275
69905,0.4996001527158275
69906,0.4996001527158275
69907,0.4996001527158275
69908,0.4996001527158275
69909,0.4996001527158275
69910,0.4996001527158275
69911,0.4996001527158275
69912,0.4996001527158275
69913,0.4996001527158275
69914,0.4996001527158275
69915,0.4996001527158275
69916,0.4996001527158275
69917,0.4996001527158275
69918,0.5000036586034184
69919,0.5000036586034184
69920,0.5000036586034184
69921,0.5000036586034184
69922,0.4996001527158275
69923,0.4996001527158275
69924,0.5000036586034184
69925,0.500716950893306
69926,0.4996001527158275
69927,0.4996001527158275
69928,0.4996001527158275
69929,0.4996001527158275
69930,0.4996001527158275
69931,0.500716950893306
69932,0.500716950893306
69933,0.500716950893306
69934,0.5000036586034184
69935,0.500716950893306
69936,0.4996001527158275
69937,0.4996001527158275
69938,0.500716950893306
69939,0.4996001527158275
69940,0.4996001527158275
69941,0.4996001527158275
69942,0.4996001527158275
69943,0.5000036586034184
69944,0.4996001527158275
69945,0.4996001527158275
69946,0.4996001527158275
69947,0.4996001527158275
69948,0.4996001527158275
69949,0.4996001527158275
69950,0.5000036586034184
69951,0.5000036586034184
69952,0.4996001527158275
69953,0.500716950893306
69954,0.4996001527158275
69955,0.500716950893306
69956,0.4996001527158275
69957,0.4996001527158275
69958,0.500716950893306
69959,0.4996001527158275
69960,0.4996001527158275
69961,0.500716950893306
69962,0.4996001527158275
69963,0.5000036586034184
69964,0.4996001527158275
69965,0.4996001527158275
69966,0.500716950893306
69967,0.4996001527158275
69968,0.5000036586034184
69969,0.4996001527158275
69970,0.4996001527158275
69971,0.500716950893306
69972,0.500716950893306
69973,0.4996001527158275
69974,0.4996001527158275
69975,0.4996001527158275
69976,0.4996001527158275
69977,0.5000036586034184
69978,0.5000036586034184
69979,0.4996001527158275
69980,0.500716950893306
69981,0.500716950893306
69982,0.4996001527158275
69983,0.4996001527158275
69984,0.4996001527158275
69985,0.5000036586034184
69986,0.4996001527158275
69987,0.5000036586034184
69988,0.5000036586034184
69989,0.4996001527158275
69990,0.4996001527158275
69991,0.5000036586034184
69992,0.4996001527158275
69993,0.4996001527158275
69994,0.4996001527158275
69995,0.4996001527158275
69996,0.4996001527158275
69997,0.4996001527158275
69998,0.4996001527158275
69999,0.500716950893306
70000,0.5000036586034184
70001,0.4996001527158275
70002,0.4996001527158275
70003,0.5000036586034184
70004,0.5000036586034184
70005,0.500716950893306
70006,0.4996001527158275
70007,0.5000036586034184
70008,0.4996001527158275
70009,0.5000036586034184
70010,0.5000036586034184
70011,0.4996001527158275
70012,0.5000036586034184
70013,0.4996001527158275
70014,0.4996001527158275
70015,0.4996001527158275
70016,0.5000036586034184
70017,0.4996001527158275
70018,0.4996001527158275
70019,0.4996001527158275
70020,0.4996001527158275
70021,0.4996001527158275
70022,0.4996001527158275
70023,0.4996001527158275
70024,0.4996001527158275
70025,0.4996001527158275
70026,0.500716950893306
70027,0.4996001527158275
70028,0.5000036586034184
70029,0.5000036586034184
70030,0.4996001527158275
70031,0.4996001527158275
70032,0.4996001527158275
70033,0.4996001527158275
70034,0.4996001527158275
70035,0.4996001527158275
70036,0.4996001527158275
70037,0.4996001527158275
70038,0.5000036586034184
70039,0.4996001527158275
70040,0.500716950893306
70041,0.500716950893306
70042,0.4996001527158275
70043,0.5000036586034184
70044,0.4996001527158275
70045,0.500716950893306
70046,0.4996001527158275
70047,0.500716950893306
70048,0.4996001527158275
70049,0.4996001527158275
70050,0.4996001527158275
70051,0.5000036586034184
70052,0.4996001527158275
70053,0.5000036586034184
70054,0.4996001527158275
70055,0.4996001527158275
70056,0.5000036586034184
70057,0.4996001527158275
70058,0.4996001527158275
70059,0.500716950893306
70060,0.4996001527158275
70061,0.500716950893306
70062,0.500716950893306
70063,0.500716950893306
70064,0.4996001527158275
70065,0.5000036586034184
70066,0.5000036586034184
70067,0.4996001527158275
70068,0.4996001527158275
70069,0.4996001527158275
70070,0.500716950893306
70071,0.4996001527158275
70072,0.4996001527158275
70073,0.4996001527158275
70074,0.5000036586034184
70075,0.4996001527158275
70076,0.4996001527158275
70077,0.4996001527158275
70078,0.5000036586034184
70079,0.4996001527158275
70080,0.4996001527158275
70081,0.500716950893306
70082,0.4996001527158275
70083,0.4996001527158275
70084,0.4996001527158275
70085,0.4996001527158275
70086,0.500716950893306
70087,0.4996001527158275
70088,0.500716950893306
70089,0.4996001527158275
70090,0.4996001527158275
70091,0.500716950893306
70092,0.5000036586034184
70093,0.5000036586034184
70094,0.5000036586034184
70095,0.4996001527158275
70096,0.4996001527158275
70097,0.4996001527158275
70098,0.500716950893306
70099,0.4996001527158275
70100,0.4996001527158275
70101,0.4996001527158275
70102,0.4996001527158275
70103,0.5000036586034184
70104,0.4996001527158275
70105,0.5000036586034184
70106,0.4996001527158275
70107,0.500716950893306
70108,0.4996001527158275
70109,0.4996001527158275
70110,0.5000036586034184
70111,0.4996001527158275
70112,0.4996001527158275
70113,0.4996001527158275
70114,0.5000036586034184
70115,0.500716950893306
70116,0.4996001527158275
70117,0.4996001527158275
70118,0.4996001527158275
70119,0.4996001527158275
70120,0.4996001527158275
70121,0.4996001527158275
70122,0.4996001527158275
70123,0.4996001527158275
70124,0.5000036586034184
70125,0.4996001527158275
70126,0.5000036586034184
70127,0.4996001527158275
70128,0.500716950893306
70129,0.500716950893306
70130,0.4996001527158275
70131,0.5000036586034184
70132,0.5000036586034184
70133,0.4996001527158275
70134,0.4996001527158275
70135,0.500716950893306
70136,0.4996001527158275
70137,0.4996001527158275
70138,0.5000036586034184
70139,0.5000036586034184
70140,0.4996001527158275
70141,0.5000036586034184
70142,0.4996001527158275
70143,0.4996001527158275
70144,0.4996001527158275
70145,0.4996001527158275
70146,0.4996001527158275
70147,0.500716950893306
70148,0.500716950893306
70149,0.500716950893306
70150,0.4996001527158275
70151,0.4996001527158275
70152,0.5000036586034184
70153,0.4996001527158275
70154,0.4996001527158275
70155,0.4996001527158275
70156,0.4996001527158275
70157,0.4996001527158275
70158,0.5000036586034184
70159,0.4996001527158275
70160,0.500716950893306
70161,0.4996001527158275
70162,0.4996001527158275
70163,0.4996001527158275
70164,0.500716950893306
70165,0.4996001527158275
70166,0.5000036586034184
70167,0.5000036586034184
70168,0.500716950893306
70169,0.4996001527158275
70170,0.4996001527158275
70171,0.500716950893306
70172,0.500716950893306
70173,0.500716950893306
70174,0.4996001527158275
70175,0.4996001527158275
70176,0.4996001527158275
70177,0.5000036586034184
70178,0.500716950893306
70179,0.5000036586034184
70180,0.4996001527158275
70181,0.4996001527158275
70182,0.4996001527158275
70183,0.4996001527158275
70184,0.4996001527158275
70185,0.5000036586034184
70186,0.5000036586034184
70187,0.4996001527158275
70188,0.5000036586034184
70189,0.4996001527158275
70190,0.4996001527158275
70191,0.4996001527158275
70192,0.4996001527158275
70193,0.5000036586034184
70194,0.4996001527158275
70195,0.500716950893306
70196,0.500716950893306
70197,0.5000036586034184
70198,0.4996001527158275
70199,0.500716950893306
70200,0.500716950893306
70201,0.4996001527158275
70202,0.4996001527158275
70203,0.4996001527158275
70204,0.4996001527158275
70205,0.4996001527158275
70206,0.4996001527158275
70207,0.4996001527158275
70208,0.500716950893306
70209,0.4996001527158275
70210,0.4996001527158275
70211,0.4996001527158275
70212,0.4996001527158275
70213,0.4996001527158275
70214,0.5000036586034184
70215,0.5000036586034184
70216,0.4996001527158275
70217,0.4996001527158275
70218,0.4996001527158275
70219,0.4996001527158275
70220,0.4996001527158275
70221,0.4996001527158275
70222,0.4996001527158275
70223,0.4996001527158275
70224,0.500716950893306
70225,0.4996001527158275
70226,0.500716950893306
70227,0.4996001527158275
70228,0.4996001527158275
70229,0.4996001527158275
70230,0.500716950893306
70231,0.5000036586034184
70232,0.5000036586034184
70233,0.5000036586034184
70234,0.500716950893306
70235,0.5000036586034184
70236,0.4996001527158275
70237,0.500716950893306
70238,0.4996001527158275
70239,0.4996001527158275
70240,0.500716950893306
70241,0.5000036586034184
70242,0.4996001527158275
70243,0.4996001527158275
70244,0.4996001527158275
70245,0.4996001527158275
70246,0.4996001527158275
70247,0.4996001527158275
70248,0.4996001527158275
70249,0.4996001527158275
70250,0.500716950893306
70251,0.4996001527158275
70252,0.5000036586034184
70253,0.5000036586034184
70254,0.4996001527158275
70255,0.4996001527158275
70256,0.5000036586034184
70257,0.5000036586034184
70258,0.500716950893306
70259,0.4996001527158275
70260,0.5000036586034184
70261,0.4996001527158275
70262,0.4996001527158275
70263,0.500716950893306
70264,0.4996001527158275
70265,0.500716950893306
70266,0.4996001527158275
70267,0.500716950893306
70268,0.5000036586034184
70269,0.4996001527158275
70270,0.4996001527158275
70271,0.500716950893306
70272,0.4996001527158275
70273,0.4996001527158275
70274,0.4996001527158275
70275,0.5000036586034184
70276,0.4996001527158275
70277,0.4996001527158275
70278,0.500716950893306
70279,0.500716950893306
70280,0.500716950893306
70281,0.4996001527158275
70282,0.500716950893306
70283,0.4996001527158275
70284,0.500716950893306
70285,0.500716950893306
70286,0.4996001527158275
70287,0.500716950893306
70288,0.5000036586034184
70289,0.5000036586034184
70290,0.4996001527158275
70291,0.4996001527158275
70292,0.4996001527158275
70293,0.500716950893306
70294,0.5000036586034184
70295,0.4996001527158275
70296,0.4996001527158275
70297,0.4996001527158275
70298,0.4996001527158275
70299,0.4996001527158275
70300,0.5000036586034184
70301,0.4996001527158275
70302,0.5000036586034184
70303,0.4996001527158275
70304,0.4996001527158275
70305,0.4996001527158275
70306,0.4996001527158275
70307,0.5000036586034184
70308,0.4996001527158275
70309,0.4996001527158275
70310,0.4996001527158275
70311,0.5000036586034184
70312,0.4996001527158275
70313,0.4996001527158275
70314,0.500716950893306
70315,0.5000036586034184
70316,0.5000036586034184
70317,0.4996001527158275
70318,0.5000036586034184
70319,0.4996001527158275
70320,0.4996001527158275
70321,0.4996001527158275
70322,0.4996001527158275
70323,0.4996001527158275
70324,0.5000036586034184
70325,0.5000036586034184
70326,0.500716950893306
70327,0.4996001527158275
70328,0.4996001527158275
70329,0.5000036586034184
70330,0.4996001527158275
70331,0.4996001527158275
70332,0.4996001527158275
70333,0.500716950893306
70334,0.4996001527158275
70335,0.4996001527158275
70336,0.4996001527158275
70337,0.4996001527158275
70338,0.500716950893306
70339,0.4996001527158275
70340,0.4996001527158275
70341,0.5000036586034184
70342,0.5000036586034184
70343,0.4996001527158275
70344,0.4996001527158275
70345,0.4996001527158275
70346,0.5000036586034184
70347,0.4996001527158275
70348,0.4996001527158275
70349,0.5000036586034184
70350,0.4996001527158275
70351,0.4996001527158275
70352,0.4996001527158275
70353,0.4996001527158275
70354,0.4996001527158275
70355,0.500716950893306
70356,0.500716950893306
70357,0.4996001527158275
70358,0.4996001527158275
70359,0.4996001527158275
70360,0.4996001527158275
70361,0.500716950893306
70362,0.5000036586034184
70363,0.4996001527158275
70364,0.5000036586034184
70365,0.4996001527158275
70366,0.4996001527158275
70367,0.4996001527158275
70368,0.4996001527158275
70369,0.5000036586034184
70370,0.500716950893306
70371,0.4996001527158275
70372,0.4996001527158275
70373,0.4996001527158275
70374,0.4996001527158275
70375,0.500716950893306
70376,0.4996001527158275
70377,0.5000036586034184
70378,0.4996001527158275
70379,0.4996001527158275
70380,0.4996001527158275
70381,0.5000036586034184
70382,0.4996001527158275
70383,0.4996001527158275
70384,0.4996001527158275
70385,0.4996001527158275
70386,0.4996001527158275
70387,0.5000036586034184
70388,0.4996001527158275
70389,0.5000036586034184
70390,0.5000036586034184
70391,0.5000036586034184
70392,0.5000036586034184
70393,0.4996001527158275
70394,0.4996001527158275
70395,0.4996001527158275
70396,0.4996001527158275
70397,0.500716950893306
70398,0.5000036586034184
70399,0.500716950893306
70400,0.4996001527158275
70401,0.4996001527158275
70402,0.4996001527158275
70403,0.500716950893306
70404,0.5000036586034184
70405,0.5000036586034184
70406,0.4996001527158275
70407,0.500716950893306
70408,0.4996001527158275
70409,0.500716950893306
70410,0.5000036586034184
70411,0.4996001527158275
70412,0.500716950893306
70413,0.5000036586034184
70414,0.4996001527158275
70415,0.5000036586034184
70416,0.500716950893306
70417,0.500716950893306
70418,0.5000036586034184
70419,0.500716950893306
70420,0.4996001527158275
70421,0.4996001527158275
70422,0.500716950893306
70423,0.4996001527158275
70424,0.4996001527158275
70425,0.4996001527158275
70426,0.4996001527158275
70427,0.4996001527158275
70428,0.500716950893306
70429,0.4996001527158275
70430,0.4996001527158275
70431,0.4996001527158275
70432,0.5000036586034184
70433,0.5000036586034184
70434,0.500716950893306
70435,0.4996001527158275
70436,0.5000036586034184
70437,0.5000036586034184
70438,0.4996001527158275
70439,0.4996001527158275
70440,0.4996001527158275
70441,0.500716950893306
70442,0.500716950893306
70443,0.5000036586034184
70444,0.4996001527158275
70445,0.4996001527158275
70446,0.5000036586034184
70447,0.4996001527158275
70448,0.500716950893306
70449,0.4996001527158275
70450,0.500716950893306
70451,0.4996001527158275
70452,0.5000036586034184
70453,0.500716950893306
70454,0.4996001527158275
70455,0.5000036586034184
70456,0.5000036586034184
70457,0.5000036586034184
70458,0.500716950893306
70459,0.500716950893306
70460,0.5000036586034184
70461,0.5000036586034184
70462,0.5000036586034184
70463,0.4996001527158275
70464,0.5000036586034184
70465,0.4996001527158275
70466,0.4996001527158275
70467,0.500716950893306
70468,0.4996001527158275
70469,0.4996001527158275
70470,0.4996001527158275
70471,0.4996001527158275
70472,0.5000036586034184
70473,0.500716950893306
70474,0.4996001527158275
70475,0.5000036586034184
70476,0.500716950893306
70477,0.500716950893306
70478,0.4996001527158275
70479,0.4996001527158275
70480,0.4996001527158275
70481,0.5000036586034184
70482,0.5000036586034184
70483,0.500716950893306
70484,0.4996001527158275
70485,0.4996001527158275
70486,0.4996001527158275
70487,0.500716950893306
70488,0.4996001527158275
70489,0.5000036586034184
70490,0.4996001527158275
70491,0.4996001527158275
70492,0.5000036586034184
70493,0.4996001527158275
70494,0.4996001527158275
70495,0.4996001527158275
70496,0.4996001527158275
70497,0.4996001527158275
70498,0.4996001527158275
70499,0.500716950893306
70500,0.4996001527158275
70501,0.500716950893306
70502,0.4996001527158275
70503,0.4996001527158275
70504,0.4996001527158275
70505,0.5000036586034184
70506,0.4996001527158275
70507,0.500716950893306
70508,0.4996001527158275
70509,0.4996001527158275
70510,0.500716950893306
70511,0.4996001527158275
70512,0.4996001527158275
70513,0.500716950893306
70514,0.4996001527158275
70515,0.5000036586034184
70516,0.4996001527158275
70517,0.4996001527158275
70518,0.5000036586034184
70519,0.4996001527158275
70520,0.4996001527158275
70521,0.500716950893306
70522,0.4996001527158275
70523,0.500716950893306
70524,0.4996001527158275
70525,0.4996001527158275
70526,0.4996001527158275
70527,0.4996001527158275
70528,0.4996001527158275
70529,0.4996001527158275
70530,0.4996001527158275
70531,0.4996001527158275
70532,0.4996001527158275
70533,0.4996001527158275
70534,0.500716950893306
70535,0.5000036586034184
70536,0.500716950893306
70537,0.500716950893306
70538,0.500716950893306
70539,0.4996001527158275
70540,0.500716950893306
70541,0.4996001527158275
70542,0.500716950893306
70543,0.4996001527158275
70544,0.500716950893306
70545,0.5000036586034184
70546,0.4996001527158275
70547,0.5000036586034184
70548,0.4996001527158275
70549,0.4996001527158275
70550,0.4996001527158275
70551,0.4996001527158275
70552,0.4996001527158275
70553,0.5000036586034184
70554,0.500716950893306
70555,0.5000036586034184
70556,0.4996001527158275
70557,0.5000036586034184
70558,0.4996001527158275
70559,0.4996001527158275
70560,0.4996001527158275
70561,0.4996001527158275
70562,0.4996001527158275
70563,0.4996001527158275
70564,0.4996001527158275
70565,0.500716950893306
70566,0.4996001527158275
70567,0.4996001527158275
70568,0.4996001527158275
70569,0.500716950893306
70570,0.4996001527158275
70571,0.4996001527158275
70572,0.500716950893306
70573,0.500716950893306
70574,0.4996001527158275
70575,0.500716950893306
70576,0.500716950893306
70577,0.4996001527158275
70578,0.4996001527158275
70579,0.4996001527158275
70580,0.5000036586034184
70581,0.500716950893306
70582,0.4996001527158275
70583,0.4996001527158275
70584,0.4996001527158275
70585,0.500716950893306
70586,0.4996001527158275
70587,0.500716950893306
70588,0.500716950893306
70589,0.4996001527158275
70590,0.5000036586034184
70591,0.4996001527158275
70592,0.500716950893306
70593,0.5000036586034184
70594,0.4996001527158275
70595,0.5000036586034184
70596,0.500716950893306
70597,0.4996001527158275
70598,0.5000036586034184
70599,0.500716950893306
70600,0.4996001527158275
70601,0.4996001527158275
70602,0.5000036586034184
70603,0.4996001527158275
70604,0.4996001527158275
70605,0.5000036586034184
70606,0.5000036586034184
70607,0.4996001527158275
70608,0.5000036586034184
70609,0.4996001527158275
70610,0.5000036586034184
70611,0.4996001527158275
70612,0.4996001527158275
70613,0.4996001527158275
70614,0.4996001527158275
70615,0.4996001527158275
70616,0.500716950893306
70617,0.500716950893306
70618,0.4996001527158275
70619,0.5000036586034184
70620,0.4996001527158275
70621,0.4996001527158275
70622,0.4996001527158275
70623,0.500716950893306
70624,0.4996001527158275
70625,0.4996001527158275
70626,0.5000036586034184
70627,0.5000036586034184
70628,0.500716950893306
70629,0.4996001527158275
70630,0.4996001527158275
70631,0.4996001527158275
70632,0.4996001527158275
70633,0.4996001527158275
70634,0.5000036586034184
70635,0.4996001527158275
70636,0.4996001527158275
70637,0.4996001527158275
70638,0.4996001527158275
70639,0.4996001527158275
70640,0.4996001527158275
70641,0.500716950893306
70642,0.5000036586034184
70643,0.4996001527158275
70644,0.4996001527158275
70645,0.5000036586034184
70646,0.500716950893306
70647,0.500716950893306
70648,0.4996001527158275
70649,0.4996001527158275
70650,0.4996001527158275
70651,0.4996001527158275
70652,0.5000036586034184
70653,0.4996001527158275
70654,0.4996001527158275
70655,0.5000036586034184
70656,0.4996001527158275
70657,0.5000036586034184
70658,0.500716950893306
70659,0.4996001527158275
70660,0.4996001527158275
70661,0.4996001527158275
70662,0.5000036586034184
70663,0.4996001527158275
70664,0.5000036586034184
70665,0.4996001527158275
70666,0.4996001527158275
70667,0.4996001527158275
70668,0.4996001527158275
70669,0.500716950893306
70670,0.4996001527158275
70671,0.500716950893306
70672,0.500716950893306
70673,0.5000036586034184
70674,0.500716950893306
70675,0.4996001527158275
70676,0.4996001527158275
70677,0.4996001527158275
70678,0.5000036586034184
70679,0.4996001527158275
70680,0.4996001527158275
70681,0.4996001527158275
70682,0.4996001527158275
70683,0.500716950893306
70684,0.500716950893306
70685,0.5000036586034184
70686,0.4996001527158275
70687,0.4996001527158275
70688,0.4996001527158275
70689,0.4996001527158275
70690,0.4996001527158275
70691,0.4996001527158275
70692,0.4996001527158275
70693,0.4996001527158275
70694,0.4996001527158275
70695,0.4996001527158275
70696,0.5000036586034184
70697,0.4996001527158275
70698,0.4996001527158275
70699,0.500716950893306
70700,0.5000036586034184
70701,0.4996001527158275
70702,0.4996001527158275
70703,0.4996001527158275
70704,0.4996001527158275
70705,0.500716950893306
70706,0.5000036586034184
70707,0.5000036586034184
70708,0.4996001527158275
70709,0.4996001527158275
70710,0.4996001527158275
70711,0.500716950893306
70712,0.4996001527158275
70713,0.500716950893306
70714,0.4996001527158275
70715,0.4996001527158275
70716,0.4996001527158275
70717,0.4996001527158275
70718,0.500716950893306
70719,0.500716950893306
70720,0.4996001527158275
70721,0.4996001527158275
70722,0.4996001527158275
70723,0.4996001527158275
70724,0.4996001527158275
70725,0.4996001527158275
70726,0.5000036586034184
70727,0.4996001527158275
70728,0.4996001527158275
70729,0.4996001527158275
70730,0.4996001527158275
70731,0.5000036586034184
70732,0.500716950893306
70733,0.4996001527158275
70734,0.5000036586034184
70735,0.500716950893306
70736,0.4996001527158275
70737,0.500716950893306
70738,0.4996001527158275
70739,0.4996001527158275
70740,0.5000036586034184
70741,0.4996001527158275
70742,0.4996001527158275
70743,0.5000036586034184
70744,0.4996001527158275
70745,0.4996001527158275
70746,0.4996001527158275
70747,0.4996001527158275
70748,0.4996001527158275
70749,0.5000036586034184
70750,0.5000036586034184
70751,0.4996001527158275
70752,0.500716950893306
70753,0.5000036586034184
70754,0.500716950893306
70755,0.4996001527158275
70756,0.4996001527158275
70757,0.4996001527158275
70758,0.5000036586034184
70759,0.5000036586034184
70760,0.4996001527158275
70761,0.4996001527158275
70762,0.5000036586034184
70763,0.5000036586034184
70764,0.4996001527158275
70765,0.5000036586034184
70766,0.500716950893306
70767,0.5000036586034184
70768,0.4996001527158275
70769,0.4996001527158275
70770,0.4996001527158275
70771,0.4996001527158275
70772,0.500716950893306
70773,0.4996001527158275
70774,0.5000036586034184
70775,0.4996001527158275
70776,0.5000036586034184
70777,0.4996001527158275
70778,0.4996001527158275
70779,0.4996001527158275
70780,0.4996001527158275
70781,0.4996001527158275
70782,0.4996001527158275
70783,0.5000036586034184
70784,0.4996001527158275
70785,0.4996001527158275
70786,0.5000036586034184
70787,0.4996001527158275
70788,0.4996001527158275
70789,0.500716950893306
70790,0.5000036586034184
70791,0.4996001527158275
70792,0.4996001527158275
70793,0.4996001527158275
70794,0.4996001527158275
70795,0.500716950893306
70796,0.500716950893306
70797,0.4996001527158275
70798,0.5000036586034184
70799,0.4996001527158275
70800,0.500716950893306
70801,0.4996001527158275
70802,0.4996001527158275
70803,0.4996001527158275
70804,0.4996001527158275
70805,0.4996001527158275
70806,0.4996001527158275
70807,0.5000036586034184
70808,0.500716950893306
70809,0.500716950893306
70810,0.4996001527158275
70811,0.5000036586034184
70812,0.4996001527158275
70813,0.5000036586034184
70814,0.4996001527158275
70815,0.4996001527158275
70816,0.4996001527158275
70817,0.4996001527158275
70818,0.4996001527158275
70819,0.5000036586034184
70820,0.500716950893306
70821,0.4996001527158275
70822,0.5000036586034184
70823,0.4996001527158275
70824,0.4996001527158275
70825,0.4996001527158275
70826,0.4996001527158275
70827,0.4996001527158275
70828,0.4996001527158275
70829,0.4996001527158275
70830,0.4996001527158275
70831,0.4996001527158275
70832,0.4996001527158275
70833,0.5000036586034184
70834,0.5000036586034184
70835,0.4996001527158275
70836,0.5000036586034184
70837,0.4996001527158275
70838,0.4996001527158275
70839,0.4996001527158275
70840,0.4996001527158275
70841,0.4996001527158275
70842,0.4996001527158275
70843,0.4996001527158275
70844,0.5000036586034184
70845,0.5000036586034184
70846,0.4996001527158275
70847,0.5000036586034184
70848,0.5000036586034184
70849,0.5000036586034184
70850,0.4996001527158275
70851,0.4996001527158275
70852,0.4996001527158275
70853,0.5000036586034184
70854,0.4996001527158275
70855,0.4996001527158275
70856,0.5000036586034184
70857,0.4996001527158275
70858,0.5000036586034184
70859,0.5000036586034184
70860,0.4996001527158275
70861,0.4996001527158275
70862,0.4996001527158275
70863,0.5000036586034184
70864,0.4996001527158275
70865,0.4996001527158275
70866,0.500716950893306
70867,0.4996001527158275
70868,0.4996001527158275
70869,0.4996001527158275
70870,0.500716950893306
70871,0.4996001527158275
70872,0.5000036586034184
70873,0.5000036586034184
70874,0.4996001527158275
70875,0.500716950893306
70876,0.5000036586034184
70877,0.500716950893306
70878,0.5000036586034184
70879,0.4996001527158275
70880,0.4996001527158275
70881,0.4996001527158275
70882,0.4996001527158275
70883,0.4996001527158275
70884,0.5000036586034184
70885,0.4996001527158275
70886,0.4996001527158275
70887,0.4996001527158275
70888,0.4996001527158275
70889,0.5000036586034184
70890,0.4996001527158275
70891,0.4996001527158275
70892,0.4996001527158275
70893,0.4996001527158275
70894,0.4996001527158275
70895,0.4996001527158275
70896,0.500716950893306
70897,0.500716950893306
70898,0.4996001527158275
70899,0.5000036586034184
70900,0.4996001527158275
70901,0.5000036586034184
70902,0.4996001527158275
70903,0.4996001527158275
70904,0.4996001527158275
70905,0.4996001527158275
70906,0.4996001527158275
70907,0.4996001527158275
70908,0.4996001527158275
70909,0.500716950893306
70910,0.500716950893306
70911,0.500716950893306
70912,0.4996001527158275
70913,0.4996001527158275
70914,0.5000036586034184
70915,0.5000036586034184
70916,0.5000036586034184
70917,0.500716950893306
70918,0.4996001527158275
70919,0.4996001527158275
70920,0.5000036586034184
70921,0.5000036586034184
70922,0.4996001527158275
70923,0.500716950893306
70924,0.4996001527158275
70925,0.500716950893306
70926,0.4996001527158275
70927,0.4996001527158275
70928,0.4996001527158275
70929,0.5000036586034184
70930,0.5000036586034184
70931,0.4996001527158275
70932,0.4996001527158275
70933,0.4996001527158275
70934,0.4996001527158275
70935,0.5000036586034184
70936,0.4996001527158275
70937,0.4996001527158275
70938,0.4996001527158275
70939,0.4996001527158275
70940,0.4996001527158275
70941,0.5000036586034184
70942,0.500716950893306
70943,0.4996001527158275
70944,0.4996001527158275
70945,0.5000036586034184
70946,0.500716950893306
70947,0.4996001527158275
70948,0.500716950893306
70949,0.4996001527158275
70950,0.500716950893306
70951,0.500716950893306
70952,0.5000036586034184
70953,0.4996001527158275
70954,0.4996001527158275
70955,0.500716950893306
70956,0.4996001527158275
70957,0.4996001527158275
70958,0.4996001527158275
70959,0.4996001527158275
70960,0.5000036586034184
70961,0.4996001527158275
70962,0.4996001527158275
70963,0.5000036586034184
70964,0.4996001527158275
70965,0.5000036586034184
70966,0.4996001527158275
70967,0.5000036586034184
70968,0.4996001527158275
70969,0.500716950893306
70970,0.4996001527158275
70971,0.500716950893306
70972,0.4996001527158275
70973,0.4996001527158275
70974,0.4996001527158275
70975,0.4996001527158275
70976,0.4996001527158275
70977,0.4996001527158275
70978,0.500716950893306
70979,0.4996001527158275
70980,0.5000036586034184
70981,0.500716950893306
70982,0.4996001527158275
70983,0.4996001527158275
70984,0.4996001527158275
70985,0.5000036586034184
70986,0.4996001527158275
70987,0.500716950893306
70988,0.4996001527158275
70989,0.500716950893306
70990,0.4996001527158275
70991,0.4996001527158275
70992,0.5000036586034184
70993,0.4996001527158275
70994,0.4996001527158275
70995,0.5000036586034184
70996,0.4996001527158275
70997,0.4996001527158275
70998,0.4996001527158275
70999,0.4996001527158275
71000,0.4996001527158275
71001,0.500716950893306
71002,0.4996001527158275
71003,0.4996001527158275
71004,0.5000036586034184
71005,0.4996001527158275
71006,0.500716950893306
71007,0.4996001527158275
71008,0.500716950893306
71009,0.4996001527158275
71010,0.4996001527158275
71011,0.4996001527158275
71012,0.5000036586034184
71013,0.5000036586034184
71014,0.5000036586034184
71015,0.5000036586034184
71016,0.4996001527158275
71017,0.500716950893306
71018,0.5000036586034184
71019,0.5000036586034184
71020,0.5000036586034184
71021,0.500716950893306
71022,0.4996001527158275
71023,0.5000036586034184
71024,0.4996001527158275
71025,0.500716950893306
71026,0.4996001527158275
71027,0.4996001527158275
71028,0.4996001527158275
71029,0.4996001527158275
71030,0.5000036586034184
71031,0.4996001527158275
71032,0.500716950893306
71033,0.5000036586034184
71034,0.500716950893306
71035,0.5000036586034184
71036,0.4996001527158275
71037,0.4996001527158275
71038,0.4996001527158275
71039,0.4996001527158275
71040,0.500716950893306
71041,0.4996001527158275
71042,0.4996001527158275
71043,0.4996001527158275
71044,0.4996001527158275
71045,0.4996001527158275
71046,0.5000036586034184
71047,0.5000036586034184
71048,0.5000036586034184
71049,0.4996001527158275
71050,0.4996001527158275
71051,0.5000036586034184
71052,0.5000036586034184
71053,0.4996001527158275
71054,0.5000036586034184
71055,0.4996001527158275
71056,0.4996001527158275
71057,0.4996001527158275
71058,0.4996001527158275
71059,0.4996001527158275
71060,0.4996001527158275
71061,0.4996001527158275
71062,0.4996001527158275
71063,0.500716950893306
71064,0.4996001527158275
71065,0.5000036586034184
71066,0.500716950893306
71067,0.4996001527158275
71068,0.5000036586034184
71069,0.500716950893306
71070,0.4996001527158275
71071,0.4996001527158275
71072,0.5000036586034184
71073,0.4996001527158275
71074,0.5000036586034184
71075,0.4996001527158275
71076,0.4996001527158275
71077,0.5000036586034184
71078,0.4996001527158275
71079,0.5000036586034184
71080,0.4996001527158275
71081,0.4996001527158275
71082,0.4996001527158275
71083,0.5000036586034184
71084,0.4996001527158275
71085,0.4996001527158275
71086,0.4996001527158275
71087,0.4996001527158275
71088,0.4996001527158275
71089,0.4996001527158275
71090,0.4996001527158275
71091,0.5000036586034184
71092,0.4996001527158275
71093,0.4996001527158275
71094,0.4996001527158275
71095,0.4996001527158275
71096,0.4996001527158275
71097,0.4996001527158275
71098,0.4996001527158275
71099,0.4996001527158275
71100,0.4996001527158275
71101,0.4996001527158275
71102,0.4996001527158275
71103,0.4996001527158275
71104,0.4996001527158275
71105,0.4996001527158275
71106,0.4996001527158275
71107,0.5000036586034184
71108,0.4996001527158275
71109,0.4996001527158275
71110,0.4996001527158275
71111,0.500716950893306
71112,0.4996001527158275
71113,0.4996001527158275
71114,0.4996001527158275
71115,0.4996001527158275
71116,0.4996001527158275
71117,0.5000036586034184
71118,0.5000036586034184
71119,0.5000036586034184
71120,0.4996001527158275
71121,0.4996001527158275
71122,0.500716950893306
71123,0.5000036586034184
71124,0.4996001527158275
71125,0.500716950893306
71126,0.4996001527158275
71127,0.4996001527158275
71128,0.4996001527158275
71129,0.4996001527158275
71130,0.500716950893306
71131,0.4996001527158275
71132,0.4996001527158275
71133,0.4996001527158275
71134,0.5000036586034184
71135,0.500716950893306
71136,0.4996001527158275
71137,0.4996001527158275
71138,0.4996001527158275
71139,0.4996001527158275
71140,0.500716950893306
71141,0.500716950893306
71142,0.4996001527158275
71143,0.500716950893306
71144,0.4996001527158275
71145,0.500716950893306
71146,0.4996001527158275
71147,0.5000036586034184
71148,0.4996001527158275
71149,0.4996001527158275
71150,0.4996001527158275
71151,0.4996001527158275
71152,0.4996001527158275
71153,0.4996001527158275
71154,0.4996001527158275
71155,0.4996001527158275
71156,0.5000036586034184
71157,0.4996001527158275
71158,0.500716950893306
71159,0.500716950893306
71160,0.4996001527158275
71161,0.4996001527158275
71162,0.500716950893306
71163,0.500716950893306
71164,0.4996001527158275
71165,0.5000036586034184
71166,0.4996001527158275
71167,0.5000036586034184
71168,0.500716950893306
71169,0.4996001527158275
71170,0.500716950893306
71171,0.4996001527158275
71172,0.4996001527158275
71173,0.4996001527158275
71174,0.5000036586034184
71175,0.500716950893306
71176,0.4996001527158275
71177,0.4996001527158275
71178,0.4996001527158275
71179,0.4996001527158275
71180,0.4996001527158275
71181,0.4996001527158275
71182,0.5000036586034184
71183,0.4996001527158275
71184,0.4996001527158275
71185,0.500716950893306
71186,0.4996001527158275
71187,0.5000036586034184
71188,0.4996001527158275
71189,0.5000036586034184
71190,0.4996001527158275
71191,0.5000036586034184
71192,0.4996001527158275
71193,0.4996001527158275
71194,0.500716950893306
71195,0.500716950893306
71196,0.4996001527158275
71197,0.4996001527158275
71198,0.5000036586034184
71199,0.5000036586034184
71200,0.4996001527158275
71201,0.5000036586034184
71202,0.4996001527158275
71203,0.4996001527158275
71204,0.4996001527158275
71205,0.5000036586034184
71206,0.4996001527158275
71207,0.4996001527158275
71208,0.5000036586034184
71209,0.4996001527158275
71210,0.4996001527158275
71211,0.4996001527158275
71212,0.4996001527158275
71213,0.4996001527158275
71214,0.5000036586034184
71215,0.5000036586034184
71216,0.4996001527158275
71217,0.4996001527158275
71218,0.5000036586034184
71219,0.4996001527158275
71220,0.5000036586034184
71221,0.4996001527158275
71222,0.5000036586034184
71223,0.4996001527158275
71224,0.5000036586034184
71225,0.500716950893306
71226,0.500716950893306
71227,0.5000036586034184
71228,0.5000036586034184
71229,0.500716950893306
71230,0.5000036586034184
71231,0.4996001527158275
71232,0.4996001527158275
71233,0.4996001527158275
71234,0.5000036586034184
71235,0.4996001527158275
71236,0.500716950893306
71237,0.5000036586034184
71238,0.4996001527158275
71239,0.5000036586034184
71240,0.500716950893306
71241,0.5000036586034184
71242,0.5000036586034184
71243,0.4996001527158275
71244,0.5000036586034184
71245,0.4996001527158275
71246,0.5000036586034184
71247,0.5000036586034184
71248,0.5000036586034184
71249,0.500716950893306
71250,0.5000036586034184
71251,0.5000036586034184
71252,0.5000036586034184
71253,0.4996001527158275
71254,0.4996001527158275
71255,0.4996001527158275
71256,0.500716950893306
71257,0.4996001527158275
71258,0.4996001527158275
71259,0.500716950893306
71260,0.5000036586034184
71261,0.5000036586034184
71262,0.500716950893306
71263,0.5000036586034184
71264,0.4996001527158275
71265,0.5000036586034184
71266,0.4996001527158275
71267,0.4996001527158275
71268,0.4996001527158275
71269,0.5000036586034184
71270,0.500716950893306
71271,0.4996001527158275
71272,0.4996001527158275
71273,0.4996001527158275
71274,0.4996001527158275
71275,0.4996001527158275
71276,0.4996001527158275
71277,0.4996001527158275
71278,0.5000036586034184
71279,0.5000036586034184
71280,0.5000036586034184
71281,0.5000036586034184
71282,0.500716950893306
71283,0.500716950893306
71284,0.5000036586034184
71285,0.4996001527158275
71286,0.4996001527158275
71287,0.500716950893306
71288,0.500716950893306
71289,0.5000036586034184
71290,0.4996001527158275
71291,0.500716950893306
71292,0.5000036586034184
71293,0.500716950893306
71294,0.500716950893306
71295,0.5000036586034184
71296,0.500716950893306
71297,0.4996001527158275
71298,0.4996001527158275
71299,0.4996001527158275
71300,0.5000036586034184
71301,0.5000036586034184
71302,0.5000036586034184
71303,0.500716950893306
71304,0.500716950893306
71305,0.4996001527158275
71306,0.4996001527158275
71307,0.4996001527158275
71308,0.4996001527158275
71309,0.5000036586034184
71310,0.4996001527158275
71311,0.4996001527158275
71312,0.4996001527158275
71313,0.5000036586034184
71314,0.4996001527158275
71315,0.5000036586034184
71316,0.4996001527158275
71317,0.5000036586034184
71318,0.500716950893306
71319,0.4996001527158275
71320,0.500716950893306
71321,0.500716950893306
71322,0.5000036586034184
71323,0.4996001527158275
71324,0.500716950893306
71325,0.500716950893306
71326,0.5000036586034184
71327,0.500716950893306
71328,0.4996001527158275
71329,0.4996001527158275
71330,0.500716950893306
71331,0.5000036586034184
71332,0.500716950893306
71333,0.500716950893306
71334,0.4996001527158275
71335,0.500716950893306
71336,0.5000036586034184
71337,0.5000036586034184
71338,0.500716950893306
71339,0.5000036586034184
71340,0.4996001527158275
71341,0.500716950893306
71342,0.5000036586034184
71343,0.5000036586034184
71344,0.4996001527158275
71345,0.4996001527158275
71346,0.4996001527158275
71347,0.4996001527158275
71348,0.4996001527158275
71349,0.4996001527158275
71350,0.4996001527158275
71351,0.5000036586034184
71352,0.4996001527158275
71353,0.4996001527158275
71354,0.5000036586034184
71355,0.5000036586034184
71356,0.4996001527158275
71357,0.5000036586034184
71358,0.4996001527158275
71359,0.4996001527158275
71360,0.4996001527158275
71361,0.4996001527158275
71362,0.5000036586034184
71363,0.5000036586034184
71364,0.5000036586034184
71365,0.4996001527158275
71366,0.5000036586034184
71367,0.500716950893306
71368,0.5000036586034184
71369,0.500716950893306
71370,0.500716950893306
71371,0.4996001527158275
71372,0.4996001527158275
71373,0.500716950893306
71374,0.4996001527158275
71375,0.4996001527158275
71376,0.4996001527158275
71377,0.5000036586034184
71378,0.5000036586034184
71379,0.5000036586034184
71380,0.5000036586034184
71381,0.500716950893306
71382,0.5000036586034184
71383,0.5000036586034184
71384,0.4996001527158275
71385,0.4996001527158275
71386,0.500716950893306
71387,0.4996001527158275
71388,0.4996001527158275
71389,0.4996001527158275
71390,0.4996001527158275
71391,0.5000036586034184
71392,0.4996001527158275
71393,0.5000036586034184
71394,0.500716950893306
71395,0.5000036586034184
71396,0.4996001527158275
71397,0.5000036586034184
71398,0.500716950893306
71399,0.4996001527158275
71400,0.4996001527158275
71401,0.5000036586034184
71402,0.5000036586034184
71403,0.4996001527158275
71404,0.4996001527158275
71405,0.5000036586034184
71406,0.4996001527158275
71407,0.5000036586034184
71408,0.5000036586034184
71409,0.500716950893306
71410,0.5000036586034184
71411,0.4996001527158275
71412,0.4996001527158275
71413,0.4996001527158275
71414,0.4996001527158275
71415,0.5000036586034184
71416,0.4996001527158275
71417,0.4996001527158275
71418,0.4996001527158275
71419,0.500716950893306
71420,0.5000036586034184
71421,0.5000036586034184
71422,0.500716950893306
71423,0.4996001527158275
71424,0.5037196770466462
71425,0.4996001527158275
71426,0.5000036586034184
71427,0.4996001527158275
71428,0.4996001527158275
71429,0.5000036586034184
71430,0.4996001527158275
71431,0.4996001527158275
71432,0.5000036586034184
71433,0.4996001527158275
71434,0.4996001527158275
71435,0.500716950893306
71436,0.5000036586034184
71437,0.4996001527158275
71438,0.4996001527158275
71439,0.4996001527158275
71440,0.500716950893306
71441,0.4996001527158275
71442,0.5000036586034184
71443,0.4996001527158275
71444,0.4996001527158275
71445,0.5000036586034184
71446,0.4996001527158275
71447,0.4996001527158275
71448,0.4996001527158275
71449,0.4996001527158275
71450,0.4996001527158275
71451,0.5000036586034184
71452,0.4996001527158275
71453,0.500716950893306
71454,0.4996001527158275
71455,0.4996001527158275
71456,0.5000036586034184
71457,0.4996001527158275
71458,0.5000036586034184
71459,0.500716950893306
71460,0.4996001527158275
71461,0.5000036586034184
71462,0.5000036586034184
71463,0.4996001527158275
71464,0.500716950893306
71465,0.5000036586034184
71466,0.5000036586034184
71467,0.5000036586034184
71468,0.5000036586034184
71469,0.4996001527158275
71470,0.5000036586034184
71471,0.5000036586034184
71472,0.5000036586034184
71473,0.4996001527158275
71474,0.4996001527158275
71475,0.4996001527158275
71476,0.4996001527158275
71477,0.4996001527158275
71478,0.4996001527158275
71479,0.4996001527158275
71480,0.5000036586034184
71481,0.4996001527158275
71482,0.4996001527158275
71483,0.5000036586034184
71484,0.4996001527158275
71485,0.500716950893306
71486,0.4996001527158275
71487,0.5000036586034184
71488,0.5000036586034184
71489,0.5000036586034184
71490,0.500716950893306
71491,0.4996001527158275
71492,0.500716950893306
71493,0.5000036586034184
71494,0.500716950893306
71495,0.4996001527158275
71496,0.5000036586034184
71497,0.5000036586034184
71498,0.500716950893306
71499,0.500716950893306
71500,0.4996001527158275
71501,0.4996001527158275
71502,0.4996001527158275
71503,0.5000036586034184
71504,0.5000036586034184
71505,0.4996001527158275
71506,0.500716950893306
71507,0.500716950893306
71508,0.500716950893306
71509,0.500716950893306
71510,0.5000036586034184
71511,0.500716950893306
71512,0.500716950893306
71513,0.5000036586034184
71514,0.4996001527158275
71515,0.5000036586034184
71516,0.5000036586034184
71517,0.4996001527158275
71518,0.5000036586034184
71519,0.5000036586034184
71520,0.4996001527158275
71521,0.5000036586034184
71522,0.5000036586034184
71523,0.500716950893306
71524,0.5000036586034184
71525,0.500716950893306
71526,0.5000036586034184
71527,0.4996001527158275
71528,0.500716950893306
71529,0.4996001527158275
71530,0.4996001527158275
71531,0.4996001527158275
71532,0.5000036586034184
71533,0.4996001527158275
71534,0.5000036586034184
71535,0.500716950893306
71536,0.4996001527158275
71537,0.4996001527158275
71538,0.5000036586034184
71539,0.5000036586034184
71540,0.5000036586034184
71541,0.500716950893306
71542,0.5000036586034184
71543,0.5000036586034184
71544,0.4996001527158275
71545,0.5000036586034184
71546,0.500716950893306
71547,0.5000036586034184
71548,0.5000036586034184
71549,0.5000036586034184
71550,0.500716950893306
71551,0.500716950893306
71552,0.4996001527158275
71553,0.5000036586034184
71554,0.5000036586034184
71555,0.4996001527158275
71556,0.5000036586034184
71557,0.4996001527158275
71558,0.5000036586034184
71559,0.4996001527158275
71560,0.5000036586034184
71561,0.4996001527158275
71562,0.500716950893306
71563,0.5000036586034184
71564,0.5000036586034184
71565,0.4996001527158275
71566,0.5000036586034184
71567,0.500716950893306
71568,0.4996001527158275
71569,0.5000036586034184
71570,0.5000036586034184
71571,0.500716950893306
71572,0.500716950893306
71573,0.5000036586034184
71574,0.5000036586034184
71575,0.500716950893306
71576,0.5000036586034184
71577,0.500716950893306
71578,0.500716950893306
71579,0.4996001527158275
71580,0.4996001527158275
71581,0.4996001527158275
71582,0.5000036586034184
71583,0.500716950893306
71584,0.4996001527158275
71585,0.4996001527158275
71586,0.4996001527158275
71587,0.4996001527158275
71588,0.5000036586034184
71589,0.4996001527158275
71590,0.500716950893306
71591,0.500716950893306
71592,0.4996001527158275
71593,0.5000036586034184
71594,0.500716950893306
71595,0.4996001527158275
71596,0.4996001527158275
71597,0.4996001527158275
71598,0.4996001527158275
71599,0.4996001527158275
71600,0.4996001527158275
71601,0.500716950893306
71602,0.5000036586034184
71603,0.5000036586034184
71604,0.5000036586034184
71605,0.5000036586034184
71606,0.500716950893306
71607,0.5000036586034184
71608,0.5000036586034184
71609,0.500716950893306
71610,0.500716950893306
71611,0.4996001527158275
71612,0.5000036586034184
71613,0.500716950893306
71614,0.4996001527158275
71615,0.4996001527158275
71616,0.5000036586034184
71617,0.5000036586034184
71618,0.5000036586034184
71619,0.5000036586034184
71620,0.5000036586034184
71621,0.5000036586034184
71622,0.4996001527158275
71623,0.4996001527158275
71624,0.4996001527158275
71625,0.4996001527158275
71626,0.4996001527158275
71627,0.4996001527158275
71628,0.4996001527158275
71629,0.5000036586034184
71630,0.500716950893306
71631,0.4996001527158275
71632,0.4996001527158275
71633,0.5000036586034184
71634,0.500716950893306
71635,0.500716950893306
71636,0.5000036586034184
71637,0.500716950893306
71638,0.5000036586034184
71639,0.500716950893306
71640,0.5000036586034184
71641,0.4996001527158275
71642,0.5000036586034184
71643,0.500716950893306
71644,0.5000036586034184
71645,0.4996001527158275
71646,0.4996001527158275
71647,0.500716950893306
71648,0.4996001527158275
71649,0.500716950893306
71650,0.5000036586034184
71651,0.500716950893306
71652,0.5000036586034184
71653,0.500716950893306
71654,0.500716950893306
71655,0.4996001527158275
71656,0.500716950893306
71657,0.5000036586034184
71658,0.5000036586034184
71659,0.4996001527158275
71660,0.4996001527158275
71661,0.4996001527158275
71662,0.4996001527158275
71663,0.4996001527158275
71664,0.500716950893306
71665,0.500716950893306
71666,0.5000036586034184
71667,0.5000036586034184
71668,0.4996001527158275
71669,0.5000036586034184
71670,0.4996001527158275
71671,0.500716950893306
71672,0.4996001527158275
71673,0.500716950893306
71674,0.4996001527158275
71675,0.5000036586034184
71676,0.5000036586034184
71677,0.5000036586034184
71678,0.4996001527158275
71679,0.5000036586034184
71680,0.4996001527158275
71681,0.4996001527158275
71682,0.4996001527158275
71683,0.500716950893306
71684,0.5000036586034184
71685,0.500716950893306
71686,0.5000036586034184
71687,0.5000036586034184
71688,0.4996001527158275
71689,0.4996001527158275
71690,0.5000036586034184
71691,0.500716950893306
71692,0.4996001527158275
71693,0.5000036586034184
71694,0.5000036586034184
71695,0.5000036586034184
71696,0.4996001527158275
71697,0.4996001527158275
71698,0.5000036586034184
71699,0.4996001527158275
71700,0.4996001527158275
71701,0.4996001527158275
71702,0.4996001527158275
71703,0.500716950893306
71704,0.5000036586034184
71705,0.500716950893306
71706,0.4996001527158275
71707,0.500716950893306
71708,0.5000036586034184
71709,0.5000036586034184
71710,0.5000036586034184
71711,0.4996001527158275
71712,0.4996001527158275
71713,0.500716950893306
71714,0.5000036586034184
71715,0.5000036586034184
71716,0.5000036586034184
71717,0.500716950893306
71718,0.5000036586034184
71719,0.5000036586034184
71720,0.5000036586034184
71721,0.5000036586034184
71722,0.4996001527158275
71723,0.5000036586034184
71724,0.5000036586034184
71725,0.4996001527158275
71726,0.4996001527158275
71727,0.4996001527158275
71728,0.5000036586034184
71729,0.4996001527158275
71730,0.4996001527158275
71731,0.4996001527158275
71732,0.500716950893306
71733,0.500716950893306
71734,0.4996001527158275
71735,0.4996001527158275
71736,0.5000036586034184
71737,0.500716950893306
71738,0.4996001527158275
71739,0.500716950893306
71740,0.4996001527158275
71741,0.5000036586034184
71742,0.4996001527158275
71743,0.4996001527158275
71744,0.500716950893306
71745,0.4996001527158275
71746,0.500716950893306
71747,0.4996001527158275
71748,0.5000036586034184
71749,0.500716950893306
71750,0.4996001527158275
71751,0.5000036586034184
71752,0.5000036586034184
71753,0.4996001527158275
71754,0.500716950893306
71755,0.4996001527158275
71756,0.500716950893306
71757,0.5000036586034184
71758,0.5000036586034184
71759,0.5000036586034184
71760,0.5000036586034184
71761,0.500716950893306
71762,0.5000036586034184
71763,0.4996001527158275
71764,0.500716950893306
71765,0.4996001527158275
71766,0.4996001527158275
71767,0.5000036586034184
71768,0.5000036586034184
71769,0.4996001527158275
71770,0.5000036586034184
71771,0.500716950893306
71772,0.5000036586034184
71773,0.500716950893306
71774,0.4996001527158275
71775,0.500716950893306
71776,0.4996001527158275
71777,0.4996001527158275
71778,0.5000036586034184
71779,0.5000036586034184
71780,0.5000036586034184
71781,0.500716950893306
71782,0.500716950893306
71783,0.4996001527158275
71784,0.4996001527158275
71785,0.500716950893306
71786,0.5000036586034184
71787,0.4996001527158275
71788,0.4996001527158275
71789,0.5000036586034184
71790,0.5000036586034184
71791,0.5000036586034184
71792,0.4996001527158275
71793,0.5000036586034184
71794,0.4996001527158275
71795,0.4996001527158275
71796,0.5000036586034184
71797,0.4996001527158275
71798,0.4996001527158275
71799,0.5000036586034184
71800,0.4996001527158275
71801,0.500716950893306
71802,0.500716950893306
71803,0.5000036586034184
71804,0.5000036586034184
71805,0.5000036586034184
71806,0.5000036586034184
71807,0.4996001527158275
71808,0.5000036586034184
71809,0.5000036586034184
71810,0.5000036586034184
71811,0.4996001527158275
71812,0.5000036586034184
71813,0.500716950893306
71814,0.500716950893306
71815,0.4996001527158275
71816,0.500716950893306
71817,0.500716950893306
71818,0.5000036586034184
71819,0.5000036586034184
71820,0.500716950893306
71821,0.500716950893306
71822,0.500716950893306
71823,0.5000036586034184
71824,0.4996001527158275
71825,0.4996001527158275
71826,0.4996001527158275
71827,0.500716950893306
71828,0.500716950893306
71829,0.500716950893306
71830,0.500716950893306
71831,0.4996001527158275
71832,0.5000036586034184
71833,0.500716950893306
71834,0.5000036586034184
71835,0.4996001527158275
71836,0.5000036586034184
71837,0.5000036586034184
71838,0.500716950893306
71839,0.4996001527158275
71840,0.4996001527158275
71841,0.5000036586034184
71842,0.5000036586034184
71843,0.500716950893306
71844,0.4996001527158275
71845,0.5000036586034184
71846,0.4996001527158275
71847,0.4996001527158275
71848,0.5000036586034184
71849,0.500716950893306
71850,0.4996001527158275
71851,0.5000036586034184
71852,0.500716950893306
71853,0.4996001527158275
71854,0.500716950893306
71855,0.500716950893306
71856,0.4996001527158275
71857,0.4996001527158275
71858,0.4996001527158275
71859,0.5000036586034184
71860,0.4996001527158275
71861,0.4996001527158275
71862,0.4996001527158275
71863,0.4996001527158275
71864,0.4996001527158275
71865,0.4996001527158275
71866,0.5000036586034184
71867,0.5000036586034184
71868,0.4996001527158275
71869,0.5000036586034184
71870,0.4996001527158275
71871,0.4996001527158275
71872,0.5000036586034184
71873,0.5000036586034184
71874,0.4996001527158275
71875,0.5000036586034184
71876,0.5000036586034184
71877,0.4996001527158275
71878,0.500716950893306
71879,0.4996001527158275
71880,0.5000036586034184
71881,0.5000036586034184
71882,0.5000036586034184
71883,0.4996001527158275
71884,0.5000036586034184
71885,0.5000036586034184
71886,0.4996001527158275
71887,0.500716950893306
71888,0.5000036586034184
71889,0.4996001527158275
71890,0.500716950893306
71891,0.5000036586034184
71892,0.4996001527158275
71893,0.4996001527158275
71894,0.5000036586034184
71895,0.4996001527158275
71896,0.5000036586034184
71897,0.5000036586034184
71898,0.5000036586034184
71899,0.5000036586034184
71900,0.5000036586034184
71901,0.500716950893306
71902,0.4996001527158275
71903,0.500716950893306
71904,0.4996001527158275
71905,0.5000036586034184
71906,0.4996001527158275
71907,0.4996001527158275
71908,0.4996001527158275
71909,0.4996001527158275
71910,0.500716950893306
71911,0.4996001527158275
71912,0.5000036586034184
71913,0.5000036586034184
71914,0.500716950893306
71915,0.4996001527158275
71916,0.5000036586034184
71917,0.5000036586034184
71918,0.5000036586034184
71919,0.5000036586034184
71920,0.4996001527158275
71921,0.4996001527158275
71922,0.500716950893306
71923,0.5000036586034184
71924,0.5000036586034184
71925,0.5000036586034184
71926,0.4996001527158275
71927,0.5000036586034184
71928,0.4996001527158275
71929,0.4996001527158275
71930,0.4996001527158275
71931,0.5000036586034184
71932,0.5000036586034184
71933,0.5000036586034184
71934,0.500716950893306
71935,0.5000036586034184
71936,0.4996001527158275
71937,0.500716950893306
71938,0.5000036586034184
71939,0.5000036586034184
71940,0.4996001527158275
71941,0.5000036586034184
71942,0.4996001527158275
71943,0.500716950893306
71944,0.500716950893306
71945,0.5000036586034184
71946,0.4996001527158275
71947,0.4996001527158275
71948,0.500716950893306
71949,0.5000036586034184
71950,0.500716950893306
71951,0.4996001527158275
71952,0.5000036586034184
71953,0.5000036586034184
71954,0.5000036586034184
71955,0.5000036586034184
71956,0.5000036586034184
71957,0.5000036586034184
71958,0.4996001527158275
71959,0.5000036586034184
71960,0.500716950893306
71961,0.4996001527158275
71962,0.4996001527158275
71963,0.500716950893306
71964,0.5000036586034184
71965,0.5000036586034184
71966,0.4996001527158275
71967,0.4996001527158275
71968,0.5000036586034184
71969,0.4996001527158275
71970,0.500716950893306
71971,0.500716950893306
71972,0.4996001527158275
71973,0.5000036586034184
71974,0.4996001527158275
71975,0.5000036586034184
71976,0.5000036586034184
71977,0.5000036586034184
71978,0.500716950893306
71979,0.500716950893306
71980,0.5000036586034184
71981,0.500716950893306
71982,0.4996001527158275
71983,0.4996001527158275
71984,0.5000036586034184
71985,0.5000036586034184
71986,0.4996001527158275
71987,0.4996001527158275
71988,0.500716950893306
71989,0.5000036586034184
71990,0.5000036586034184
71991,0.500716950893306
71992,0.4996001527158275
71993,0.5000036586034184
71994,0.500716950893306
71995,0.5000036586034184
71996,0.4996001527158275
71997,0.4996001527158275
71998,0.500716950893306
71999,0.4996001527158275
72000,0.5000036586034184
72001,0.5000036586034184
72002,0.4996001527158275
72003,0.500716950893306
72004,0.500716950893306
72005,0.5000036586034184
72006,0.5000036586034184
72007,0.4996001527158275
72008,0.5000036586034184
72009,0.500716950893306
72010,0.5000036586034184
72011,0.5000036586034184
72012,0.500716950893306
72013,0.5000036586034184
72014,0.500716950893306
72015,0.5000036586034184
72016,0.500716950893306
72017,0.5000036586034184
72018,0.5000036586034184
72019,0.4996001527158275
72020,0.500716950893306
72021,0.4996001527158275
72022,0.4996001527158275
72023,0.5000036586034184
72024,0.500716950893306
72025,0.4996001527158275
72026,0.4996001527158275
72027,0.4996001527158275
72028,0.500716950893306
72029,0.500716950893306
72030,0.500716950893306
72031,0.500716950893306
72032,0.500716950893306
72033,0.4996001527158275
72034,0.500716950893306
72035,0.5000036586034184
72036,0.5000036586034184
72037,0.500716950893306
72038,0.4996001527158275
72039,0.5000036586034184
72040,0.5000036586034184
72041,0.5000036586034184
72042,0.4996001527158275
72043,0.500716950893306
72044,0.4996001527158275
72045,0.4996001527158275
72046,0.4996001527158275
72047,0.500716950893306
72048,0.4996001527158275
72049,0.4996001527158275
72050,0.5000036586034184
72051,0.500716950893306
72052,0.4996001527158275
72053,0.4996001527158275
72054,0.4996001527158275
72055,0.4996001527158275
72056,0.4996001527158275
72057,0.4996001527158275
72058,0.5000036586034184
72059,0.500716950893306
72060,0.4996001527158275
72061,0.4996001527158275
72062,0.500716950893306
72063,0.5000036586034184
72064,0.5000036586034184
72065,0.4996001527158275
72066,0.500716950893306
72067,0.500716950893306
72068,0.5000036586034184
72069,0.5000036586034184
72070,0.4996001527158275
72071,0.500716950893306
72072,0.4996001527158275
72073,0.4996001527158275
72074,0.4996001527158275
72075,0.5000036586034184
72076,0.5000036586034184
72077,0.500716950893306
72078,0.4996001527158275
72079,0.4996001527158275
72080,0.4996001527158275
72081,0.4996001527158275
72082,0.500716950893306
72083,0.5000036586034184
72084,0.500716950893306
72085,0.4996001527158275
72086,0.5000036586034184
72087,0.5000036586034184
72088,0.4996001527158275
72089,0.4996001527158275
72090,0.5000036586034184
72091,0.4996001527158275
72092,0.500716950893306
72093,0.4996001527158275
72094,0.4996001527158275
72095,0.4996001527158275
72096,0.4996001527158275
72097,0.4996001527158275
72098,0.4996001527158275
72099,0.500716950893306
72100,0.500716950893306
72101,0.500716950893306
72102,0.4996001527158275
72103,0.4996001527158275
72104,0.5000036586034184
72105,0.4996001527158275
72106,0.4996001527158275
72107,0.4996001527158275
72108,0.4996001527158275
72109,0.4996001527158275
72110,0.500716950893306
72111,0.4996001527158275
72112,0.5000036586034184
72113,0.500716950893306
72114,0.4996001527158275
72115,0.4996001527158275
72116,0.5000036586034184
72117,0.500716950893306
72118,0.4996001527158275
72119,0.5000036586034184
72120,0.5000036586034184
72121,0.4996001527158275
72122,0.500716950893306
72123,0.500716950893306
72124,0.4996001527158275
72125,0.5000036586034184
72126,0.5000036586034184
72127,0.500716950893306
72128,0.4996001527158275
72129,0.4996001527158275
72130,0.500716950893306
72131,0.500716950893306
72132,0.4996001527158275
72133,0.5000036586034184
72134,0.4996001527158275
72135,0.5000036586034184
72136,0.4996001527158275
72137,0.4996001527158275
72138,0.500716950893306
72139,0.4996001527158275
72140,0.5000036586034184
72141,0.5000036586034184
72142,0.4996001527158275
72143,0.4996001527158275
72144,0.5000036586034184
72145,0.500716950893306
72146,0.5000036586034184
72147,0.5000036586034184
72148,0.4996001527158275
72149,0.500716950893306
72150,0.4996001527158275
72151,0.4996001527158275
72152,0.4996001527158275
72153,0.500716950893306
72154,0.5000036586034184
72155,0.4996001527158275
72156,0.5000036586034184
72157,0.500716950893306
72158,0.4996001527158275
72159,0.4996001527158275
72160,0.5000036586034184
72161,0.4996001527158275
72162,0.4996001527158275
72163,0.5000036586034184
72164,0.4996001527158275
72165,0.5000036586034184
72166,0.5000036586034184
72167,0.5000036586034184
72168,0.500716950893306
72169,0.5000036586034184
72170,0.500716950893306
72171,0.4996001527158275
72172,0.5000036586034184
72173,0.5000036586034184
72174,0.5000036586034184
72175,0.4996001527158275
72176,0.5000036586034184
72177,0.500716950893306
72178,0.5000036586034184
72179,0.4996001527158275
72180,0.4996001527158275
72181,0.500716950893306
72182,0.4996001527158275
72183,0.500716950893306
72184,0.5000036586034184
72185,0.500716950893306
72186,0.4996001527158275
72187,0.500716950893306
72188,0.5000036586034184
72189,0.5000036586034184
72190,0.5000036586034184
72191,0.5000036586034184
72192,0.500716950893306
72193,0.4996001527158275
72194,0.5000036586034184
72195,0.4996001527158275
72196,0.4996001527158275
72197,0.500716950893306
72198,0.500716950893306
72199,0.5000036586034184
72200,0.500716950893306
72201,0.5000036586034184
72202,0.500716950893306
72203,0.4996001527158275
72204,0.500716950893306
72205,0.4996001527158275
72206,0.4996001527158275
72207,0.500716950893306
72208,0.4996001527158275
72209,0.4996001527158275
72210,0.5000036586034184
72211,0.500716950893306
72212,0.5000036586034184
72213,0.4996001527158275
72214,0.5000036586034184
72215,0.4996001527158275
72216,0.4996001527158275
72217,0.500716950893306
72218,0.500716950893306
72219,0.500716950893306
72220,0.500716950893306
72221,0.500716950893306
72222,0.5000036586034184
72223,0.4996001527158275
72224,0.5000036586034184
72225,0.4996001527158275
72226,0.4996001527158275
72227,0.4996001527158275
72228,0.4996001527158275
72229,0.500716950893306
72230,0.5000036586034184
72231,0.4996001527158275
72232,0.5000036586034184
72233,0.4996001527158275
72234,0.5000036586034184
72235,0.5000036586034184
72236,0.5000036586034184
72237,0.4996001527158275
72238,0.5000036586034184
72239,0.5000036586034184
72240,0.5000036586034184
72241,0.4996001527158275
72242,0.5000036586034184
72243,0.4996001527158275
72244,0.500716950893306
72245,0.5000036586034184
72246,0.500716950893306
72247,0.500716950893306
72248,0.500716950893306
72249,0.5000036586034184
72250,0.4996001527158275
72251,0.4996001527158275
72252,0.4996001527158275
72253,0.500716950893306
72254,0.4996001527158275
72255,0.4996001527158275
72256,0.4996001527158275
72257,0.500716950893306
72258,0.4996001527158275
72259,0.500716950893306
72260,0.4996001527158275
72261,0.500716950893306
72262,0.4996001527158275
72263,0.4996001527158275
72264,0.4996001527158275
72265,0.4996001527158275
72266,0.500716950893306
72267,0.4996001527158275
72268,0.5000036586034184
72269,0.5000036586034184
72270,0.5000036586034184
72271,0.500716950893306
72272,0.500716950893306
72273,0.4996001527158275
72274,0.5000036586034184
72275,0.4996001527158275
72276,0.5000036586034184
72277,0.500716950893306
72278,0.500716950893306
72279,0.4996001527158275
72280,0.500716950893306
72281,0.5000036586034184
72282,0.4996001527158275
72283,0.500716950893306
72284,0.5000036586034184
72285,0.500716950893306
72286,0.4996001527158275
72287,0.5000036586034184
72288,0.500716950893306
72289,0.500716950893306
72290,0.5000036586034184
72291,0.4996001527158275
72292,0.4996001527158275
72293,0.4996001527158275
72294,0.4996001527158275
72295,0.5000036586034184
72296,0.4996001527158275
72297,0.5000036586034184
72298,0.5000036586034184
72299,0.5000036586034184
72300,0.4996001527158275
72301,0.500716950893306
72302,0.5000036586034184
72303,0.4996001527158275
72304,0.500716950893306
72305,0.500716950893306
72306,0.4996001527158275
72307,0.5000036586034184
72308,0.4996001527158275
72309,0.500716950893306
72310,0.5000036586034184
72311,0.500716950893306
72312,0.5000036586034184
72313,0.500716950893306
72314,0.5000036586034184
72315,0.5000036586034184
72316,0.500716950893306
72317,0.4996001527158275
72318,0.500716950893306
72319,0.4996001527158275
72320,0.500716950893306
72321,0.5000036586034184
72322,0.5000036586034184
72323,0.5000036586034184
72324,0.5000036586034184
72325,0.500716950893306
72326,0.5000036586034184
72327,0.5000036586034184
72328,0.500716950893306
72329,0.5000036586034184
72330,0.5000036586034184
72331,0.5000036586034184
72332,0.5000036586034184
72333,0.500716950893306
72334,0.5000036586034184
72335,0.4996001527158275
72336,0.4996001527158275
72337,0.5000036586034184
72338,0.5000036586034184
72339,0.4996001527158275
72340,0.4996001527158275
72341,0.4996001527158275
72342,0.500716950893306
72343,0.5000036586034184
72344,0.4996001527158275
72345,0.500716950893306
72346,0.4996001527158275
72347,0.500716950893306
72348,0.5000036586034184
72349,0.4996001527158275
72350,0.4996001527158275
72351,0.4996001527158275
72352,0.4996001527158275
72353,0.4996001527158275
72354,0.500716950893306
72355,0.500716950893306
72356,0.500716950893306
72357,0.500716950893306
72358,0.4996001527158275
72359,0.500716950893306
72360,0.4996001527158275
72361,0.5000036586034184
72362,0.4996001527158275
72363,0.500716950893306
72364,0.4996001527158275
72365,0.5000036586034184
72366,0.500716950893306
72367,0.500716950893306
72368,0.5000036586034184
72369,0.500716950893306
72370,0.5000036586034184
72371,0.5000036586034184
72372,0.4996001527158275
72373,0.500716950893306
72374,0.4996001527158275
72375,0.500716950893306
72376,0.5000036586034184
72377,0.5000036586034184
72378,0.4996001527158275
72379,0.5000036586034184
72380,0.5000036586034184
72381,0.4996001527158275
72382,0.5000036586034184
72383,0.5000036586034184
72384,0.5000036586034184
72385,0.5000036586034184
72386,0.500716950893306
72387,0.5000036586034184
72388,0.5000036586034184
72389,0.4996001527158275
72390,0.4996001527158275
72391,0.5000036586034184
72392,0.5000036586034184
72393,0.4996001527158275
72394,0.5000036586034184
72395,0.4996001527158275
72396,0.5000036586034184
72397,0.500716950893306
72398,0.5000036586034184
72399,0.5000036586034184
72400,0.5000036586034184
72401,0.4996001527158275
72402,0.5000036586034184
72403,0.4996001527158275
72404,0.4996001527158275
72405,0.4996001527158275
72406,0.4996001527158275
72407,0.5000036586034184
72408,0.4996001527158275
72409,0.5000036586034184
72410,0.500716950893306
72411,0.4996001527158275
72412,0.500716950893306
72413,0.500716950893306
72414,0.4996001527158275
72415,0.5000036586034184
72416,0.4996001527158275
72417,0.500716950893306
72418,0.500716950893306
72419,0.5000036586034184
72420,0.4996001527158275
72421,0.5000036586034184
72422,0.4996001527158275
72423,0.4996001527158275
72424,0.500716950893306
72425,0.4996001527158275
72426,0.5000036586034184
72427,0.4996001527158275
72428,0.5000036586034184
72429,0.500716950893306
72430,0.5000036586034184
72431,0.5000036586034184
72432,0.4996001527158275
72433,0.5000036586034184
72434,0.500716950893306
72435,0.4996001527158275
72436,0.500716950893306
72437,0.5000036586034184
72438,0.500716950893306
72439,0.5000036586034184
72440,0.5000036586034184
72441,0.500716950893306
72442,0.5000036586034184
72443,0.5000036586034184
72444,0.500716950893306
72445,0.500716950893306
72446,0.5000036586034184
72447,0.5000036586034184
72448,0.500716950893306
72449,0.5000036586034184
72450,0.500716950893306
72451,0.5000036586034184
72452,0.5000036586034184
72453,0.500716950893306
72454,0.4996001527158275
72455,0.5000036586034184
72456,0.500716950893306
72457,0.5000036586034184
72458,0.5000036586034184
72459,0.5000036586034184
72460,0.5000036586034184
72461,0.5000036586034184
72462,0.5000036586034184
72463,0.5000036586034184
72464,0.5000036586034184
72465,0.500716950893306
72466,0.4996001527158275
72467,0.5000036586034184
72468,0.500716950893306
72469,0.4996001527158275
72470,0.500716950893306
72471,0.5000036586034184
72472,0.4996001527158275
72473,0.4996001527158275
72474,0.5000036586034184
72475,0.5000036586034184
72476,0.500716950893306
72477,0.4996001527158275
72478,0.5000036586034184
72479,0.500716950893306
72480,0.4996001527158275
72481,0.500716950893306
72482,0.4996001527158275
72483,0.500716950893306
72484,0.5000036586034184
72485,0.4996001527158275
72486,0.5000036586034184
72487,0.4996001527158275
72488,0.5000036586034184
72489,0.500716950893306
72490,0.5000036586034184
72491,0.500716950893306
72492,0.4996001527158275
72493,0.500716950893306
72494,0.4996001527158275
72495,0.4996001527158275
72496,0.4996001527158275
72497,0.4996001527158275
72498,0.500716950893306
72499,0.500716950893306
72500,0.5000036586034184
72501,0.500716950893306
72502,0.5000036586034184
72503,0.4996001527158275
72504,0.4996001527158275
72505,0.500716950893306
72506,0.5000036586034184
72507,0.5000036586034184
72508,0.4996001527158275
72509,0.5000036586034184
72510,0.5000036586034184
72511,0.5037196770466462
72512,0.5000036586034184
72513,0.500716950893306
72514,0.5000036586034184
72515,0.5000036586034184
72516,0.4996001527158275
72517,0.500716950893306
72518,0.500716950893306
72519,0.4996001527158275
72520,0.5000036586034184
72521,0.500716950893306
72522,0.5000036586034184
72523,0.4996001527158275
72524,0.5000036586034184
72525,0.500716950893306
72526,0.4996001527158275
72527,0.500716950893306
72528,0.5000036586034184
72529,0.4996001527158275
72530,0.4996001527158275
72531,0.4996001527158275
72532,0.4996001527158275
72533,0.500716950893306
72534,0.500716950893306
72535,0.5000036586034184
72536,0.500716950893306
72537,0.5000036586034184
72538,0.5000036586034184
72539,0.4996001527158275
72540,0.5000036586034184
72541,0.5000036586034184
72542,0.5000036586034184
72543,0.4996001527158275
72544,0.5000036586034184
72545,0.5000036586034184
72546,0.5000036586034184
72547,0.5000036586034184
72548,0.5000036586034184
72549,0.4996001527158275
72550,0.4996001527158275
72551,0.5000036586034184
72552,0.5000036586034184
72553,0.5000036586034184
72554,0.4996001527158275
72555,0.500716950893306
72556,0.4996001527158275
72557,0.4996001527158275
72558,0.5000036586034184
72559,0.4996001527158275
72560,0.500716950893306
72561,0.4996001527158275
72562,0.5000036586034184
72563,0.4996001527158275
72564,0.4996001527158275
72565,0.4996001527158275
72566,0.5000036586034184
72567,0.5000036586034184
72568,0.5000036586034184
72569,0.4996001527158275
72570,0.5000036586034184
72571,0.5000036586034184
72572,0.4996001527158275
72573,0.5000036586034184
72574,0.4996001527158275
72575,0.4996001527158275
72576,0.500716950893306
72577,0.5000036586034184
72578,0.4996001527158275
72579,0.4996001527158275
72580,0.4996001527158275
72581,0.4996001527158275
72582,0.5000036586034184
72583,0.500716950893306
72584,0.4996001527158275
72585,0.500716950893306
72586,0.500716950893306
72587,0.5000036586034184
72588,0.5000036586034184
72589,0.4996001527158275
72590,0.4996001527158275
72591,0.5000036586034184
72592,0.500716950893306
72593,0.5000036586034184
72594,0.4996001527158275
72595,0.5000036586034184
72596,0.4996001527158275
72597,0.500716950893306
72598,0.5000036586034184
72599,0.5000036586034184
72600,0.4996001527158275
72601,0.5000036586034184
72602,0.4996001527158275
72603,0.4996001527158275
72604,0.4996001527158275
72605,0.5000036586034184
72606,0.4996001527158275
72607,0.500716950893306
72608,0.4996001527158275
72609,0.5000036586034184
72610,0.500716950893306
72611,0.4996001527158275
72612,0.4996001527158275
72613,0.5000036586034184
72614,0.5000036586034184
72615,0.4996001527158275
72616,0.4996001527158275
72617,0.4996001527158275
72618,0.5000036586034184
72619,0.4996001527158275
72620,0.4996001527158275
72621,0.4996001527158275
72622,0.500716950893306
72623,0.5000036586034184
72624,0.500716950893306
72625,0.4996001527158275
72626,0.5000036586034184
72627,0.4996001527158275
72628,0.4996001527158275
72629,0.5000036586034184
72630,0.4996001527158275
72631,0.5000036586034184
72632,0.4996001527158275
72633,0.4996001527158275
72634,0.5000036586034184
72635,0.5000036586034184
72636,0.5000036586034184
72637,0.5000036586034184
72638,0.5000036586034184
72639,0.4996001527158275
72640,0.4996001527158275
72641,0.500716950893306
72642,0.4996001527158275
72643,0.5000036586034184
72644,0.4996001527158275
72645,0.4996001527158275
72646,0.4996001527158275
72647,0.500716950893306
72648,0.4996001527158275
72649,0.4996001527158275
72650,0.4996001527158275
72651,0.4996001527158275
72652,0.4996001527158275
72653,0.5000036586034184
72654,0.4996001527158275
72655,0.4996001527158275
72656,0.4996001527158275
72657,0.4996001527158275
72658,0.500716950893306
72659,0.4996001527158275
72660,0.5000036586034184
72661,0.5000036586034184
72662,0.500716950893306
72663,0.500716950893306
72664,0.4996001527158275
72665,0.5000036586034184
72666,0.500716950893306
72667,0.500716950893306
72668,0.4996001527158275
72669,0.4996001527158275
72670,0.5000036586034184
72671,0.5000036586034184
72672,0.500716950893306
72673,0.4996001527158275
72674,0.4996001527158275
72675,0.500716950893306
72676,0.4996001527158275
72677,0.4996001527158275
72678,0.500716950893306
72679,0.4996001527158275
72680,0.500716950893306
72681,0.4996001527158275
72682,0.500716950893306
72683,0.500716950893306
72684,0.5000036586034184
72685,0.4996001527158275
72686,0.500716950893306
72687,0.4996001527158275
72688,0.4996001527158275
72689,0.4996001527158275
72690,0.5000036586034184
72691,0.5000036586034184
72692,0.4996001527158275
72693,0.5000036586034184
72694,0.4996001527158275
72695,0.4996001527158275
72696,0.4996001527158275
72697,0.4996001527158275
72698,0.4996001527158275
72699,0.4996001527158275
72700,0.500716950893306
72701,0.4996001527158275
72702,0.5000036586034184
72703,0.500716950893306
72704,0.5000036586034184
72705,0.500716950893306
72706,0.5000036586034184
72707,0.5000036586034184
72708,0.4996001527158275
72709,0.500716950893306
72710,0.5000036586034184
72711,0.4996001527158275
72712,0.5000036586034184
72713,0.4996001527158275
72714,0.4996001527158275
72715,0.4996001527158275
72716,0.5000036586034184
72717,0.4996001527158275
72718,0.4996001527158275
72719,0.5000036586034184
72720,0.5000036586034184
72721,0.5000036586034184
72722,0.500716950893306
72723,0.5000036586034184
72724,0.5000036586034184
72725,0.5000036586034184
72726,0.4996001527158275
72727,0.500716950893306
72728,0.5000036586034184
72729,0.5000036586034184
72730,0.5000036586034184
72731,0.5000036586034184
72732,0.4996001527158275
72733,0.5000036586034184
72734,0.500716950893306
72735,0.4996001527158275
72736,0.5000036586034184
72737,0.5000036586034184
72738,0.4996001527158275
72739,0.4996001527158275
72740,0.500716950893306
72741,0.5000036586034184
72742,0.5000036586034184
72743,0.5000036586034184
72744,0.4996001527158275
72745,0.4996001527158275
72746,0.500716950893306
72747,0.4996001527158275
72748,0.4996001527158275
72749,0.5000036586034184
72750,0.5000036586034184
72751,0.500716950893306
72752,0.4996001527158275
72753,0.4996001527158275
72754,0.5000036586034184
72755,0.5000036586034184
72756,0.5000036586034184
72757,0.500716950893306
72758,0.5000036586034184
72759,0.500716950893306
72760,0.5000036586034184
72761,0.500716950893306
72762,0.5000036586034184
72763,0.4996001527158275
72764,0.4996001527158275
72765,0.4996001527158275
72766,0.4996001527158275
72767,0.5000036586034184
72768,0.4996001527158275
72769,0.5000036586034184
72770,0.4996001527158275
72771,0.500716950893306
72772,0.5000036586034184
72773,0.4996001527158275
72774,0.4996001527158275
72775,0.500716950893306
72776,0.4996001527158275
72777,0.4996001527158275
72778,0.4996001527158275
72779,0.4996001527158275
72780,0.4996001527158275
72781,0.4996001527158275
72782,0.500716950893306
72783,0.5000036586034184
72784,0.4996001527158275
72785,0.4996001527158275
72786,0.5000036586034184
72787,0.4996001527158275
72788,0.4996001527158275
72789,0.5000036586034184
72790,0.500716950893306
72791,0.500716950893306
72792,0.4996001527158275
72793,0.4996001527158275
72794,0.5000036586034184
72795,0.4996001527158275
72796,0.5000036586034184
72797,0.5000036586034184
72798,0.4996001527158275
72799,0.5000036586034184
72800,0.4996001527158275
72801,0.5000036586034184
72802,0.4996001527158275
72803,0.5000036586034184
72804,0.5000036586034184
72805,0.5037196770466462
72806,0.5000036586034184
72807,0.4996001527158275
72808,0.4996001527158275
72809,0.500716950893306
72810,0.4996001527158275
72811,0.500716950893306
72812,0.4996001527158275
72813,0.4996001527158275
72814,0.500716950893306
72815,0.5000036586034184
72816,0.500716950893306
72817,0.5000036586034184
72818,0.5000036586034184
72819,0.500716950893306
72820,0.4996001527158275
72821,0.500716950893306
72822,0.500716950893306
72823,0.4996001527158275
72824,0.500716950893306
72825,0.5000036586034184
72826,0.5000036586034184
72827,0.5000036586034184
72828,0.5000036586034184
72829,0.5000036586034184
72830,0.4996001527158275
72831,0.5000036586034184
72832,0.500716950893306
72833,0.4996001527158275
72834,0.500716950893306
72835,0.5000036586034184
72836,0.4996001527158275
72837,0.500716950893306
72838,0.5000036586034184
72839,0.4996001527158275
72840,0.500716950893306
72841,0.4996001527158275
72842,0.4996001527158275
72843,0.500716950893306
72844,0.4996001527158275
72845,0.4996001527158275
72846,0.5000036586034184
72847,0.4996001527158275
72848,0.4996001527158275
72849,0.500716950893306
72850,0.5000036586034184
72851,0.4996001527158275
72852,0.5000036586034184
72853,0.4996001527158275
72854,0.5000036586034184
72855,0.5000036586034184
72856,0.4996001527158275
72857,0.5000036586034184
72858,0.500716950893306
72859,0.5000036586034184
72860,0.500716950893306
72861,0.500716950893306
72862,0.5000036586034184
72863,0.4996001527158275
72864,0.5000036586034184
72865,0.4996001527158275
72866,0.5000036586034184
72867,0.4996001527158275
72868,0.5000036586034184
72869,0.5000036586034184
72870,0.5000036586034184
72871,0.5000036586034184
72872,0.500716950893306
72873,0.4996001527158275
72874,0.4996001527158275
72875,0.5000036586034184
72876,0.4996001527158275
72877,0.4996001527158275
72878,0.5000036586034184
72879,0.4996001527158275
72880,0.4996001527158275
72881,0.4996001527158275
72882,0.500716950893306
72883,0.4996001527158275
72884,0.4996001527158275
72885,0.4996001527158275
72886,0.500716950893306
72887,0.500716950893306
72888,0.5000036586034184
72889,0.4996001527158275
72890,0.4996001527158275
72891,0.5000036586034184
72892,0.4996001527158275
72893,0.500716950893306
72894,0.4996001527158275
72895,0.5000036586034184
72896,0.500716950893306
72897,0.5000036586034184
72898,0.4996001527158275
72899,0.5000036586034184
72900,0.4996001527158275
72901,0.5000036586034184
72902,0.5000036586034184
72903,0.4996001527158275
72904,0.5000036586034184
72905,0.4996001527158275
72906,0.500716950893306
72907,0.5000036586034184
72908,0.5000036586034184
72909,0.5000036586034184
72910,0.4996001527158275
72911,0.4996001527158275
72912,0.4996001527158275
72913,0.500716950893306
72914,0.4996001527158275
72915,0.5000036586034184
72916,0.500716950893306
72917,0.4996001527158275
72918,0.5000036586034184
72919,0.5000036586034184
72920,0.500716950893306
72921,0.5000036586034184
72922,0.500716950893306
72923,0.5000036586034184
72924,0.4996001527158275
72925,0.500716950893306
72926,0.5000036586034184
72927,0.5000036586034184
72928,0.5000036586034184
72929,0.500716950893306
72930,0.5000036586034184
72931,0.4996001527158275
72932,0.5000036586034184
72933,0.4996001527158275
72934,0.4996001527158275
72935,0.4996001527158275
72936,0.4996001527158275
72937,0.4996001527158275
72938,0.5000036586034184
72939,0.4996001527158275
72940,0.5000036586034184
72941,0.4996001527158275
72942,0.4996001527158275
72943,0.4996001527158275
72944,0.5000036586034184
72945,0.4996001527158275
72946,0.4996001527158275
72947,0.500716950893306
72948,0.5000036586034184
72949,0.500716950893306
72950,0.4996001527158275
72951,0.4996001527158275
72952,0.4996001527158275
72953,0.5000036586034184
72954,0.5000036586034184
72955,0.500716950893306
72956,0.4996001527158275
72957,0.4996001527158275
72958,0.500716950893306
72959,0.4996001527158275
72960,0.5000036586034184
72961,0.4996001527158275
72962,0.500716950893306
72963,0.500716950893306
72964,0.500716950893306
72965,0.5000036586034184
72966,0.500716950893306
72967,0.5000036586034184
72968,0.5000036586034184
72969,0.4996001527158275
72970,0.4996001527158275
72971,0.4996001527158275
72972,0.4996001527158275
72973,0.5000036586034184
72974,0.5000036586034184
72975,0.4996001527158275
72976,0.5000036586034184
72977,0.5000036586034184
72978,0.5000036586034184
72979,0.4996001527158275
72980,0.4996001527158275
72981,0.5000036586034184
72982,0.5000036586034184
72983,0.4996001527158275
72984,0.5000036586034184
72985,0.5000036586034184
72986,0.500716950893306
72987,0.500716950893306
72988,0.5000036586034184
72989,0.5000036586034184
72990,0.4996001527158275
72991,0.4996001527158275
72992,0.5000036586034184
72993,0.5000036586034184
72994,0.5000036586034184
72995,0.500716950893306
72996,0.5000036586034184
72997,0.5000036586034184
72998,0.4996001527158275
72999,0.5000036586034184
73000,0.500716950893306
73001,0.4996001527158275
73002,0.4996001527158275
73003,0.4996001527158275
73004,0.4996001527158275
73005,0.4996001527158275
73006,0.5000036586034184
73007,0.5000036586034184
73008,0.4996001527158275
73009,0.4996001527158275
73010,0.500716950893306
73011,0.4996001527158275
73012,0.500716950893306
73013,0.4996001527158275
73014,0.4996001527158275
73015,0.4996001527158275
73016,0.500716950893306
73017,0.4996001527158275
73018,0.4996001527158275
73019,0.4996001527158275
73020,0.500716950893306
73021,0.500716950893306
73022,0.4996001527158275
73023,0.500716950893306
73024,0.4996001527158275
73025,0.4996001527158275
73026,0.500716950893306
73027,0.4996001527158275
73028,0.4996001527158275
73029,0.5000036586034184
73030,0.5000036586034184
73031,0.5000036586034184
73032,0.5000036586034184
73033,0.5000036586034184
73034,0.500716950893306
73035,0.5000036586034184
73036,0.5000036586034184
73037,0.4996001527158275
73038,0.5000036586034184
73039,0.4996001527158275
73040,0.4996001527158275
73041,0.4996001527158275
73042,0.5000036586034184
73043,0.5000036586034184
73044,0.5000036586034184
73045,0.4996001527158275
73046,0.5000036586034184
73047,0.5000036586034184
73048,0.4996001527158275
73049,0.5000036586034184
73050,0.4996001527158275
73051,0.4996001527158275
73052,0.4996001527158275
73053,0.4996001527158275
73054,0.4996001527158275
73055,0.500716950893306
73056,0.4996001527158275
73057,0.500716950893306
73058,0.4996001527158275
73059,0.4996001527158275
73060,0.4996001527158275
73061,0.4996001527158275
73062,0.4996001527158275
73063,0.500716950893306
73064,0.4996001527158275
73065,0.5000036586034184
73066,0.5000036586034184
73067,0.5000036586034184
73068,0.5000036586034184
73069,0.5000036586034184
73070,0.4996001527158275
73071,0.4996001527158275
73072,0.4996001527158275
73073,0.4996001527158275
73074,0.500716950893306
73075,0.4996001527158275
73076,0.500716950893306
73077,0.5000036586034184
73078,0.500716950893306
73079,0.500716950893306
73080,0.5000036586034184
73081,0.4996001527158275
73082,0.5000036586034184
73083,0.5000036586034184
73084,0.4996001527158275
73085,0.4996001527158275
73086,0.5000036586034184
73087,0.4996001527158275
73088,0.4996001527158275
73089,0.4996001527158275
73090,0.4996001527158275
73091,0.5000036586034184
73092,0.4996001527158275
73093,0.500716950893306
73094,0.4996001527158275
73095,0.4996001527158275
73096,0.500716950893306
73097,0.4996001527158275
73098,0.4996001527158275
73099,0.5000036586034184
73100,0.5000036586034184
73101,0.5000036586034184
73102,0.4996001527158275
73103,0.4996001527158275
73104,0.500716950893306
73105,0.5000036586034184
73106,0.500716950893306
73107,0.500716950893306
73108,0.500716950893306
73109,0.5000036586034184
73110,0.4996001527158275
73111,0.4996001527158275
73112,0.4996001527158275
73113,0.4996001527158275
73114,0.5000036586034184
73115,0.5000036586034184
73116,0.5000036586034184
73117,0.4996001527158275
73118,0.5000036586034184
73119,0.4996001527158275
73120,0.500716950893306
73121,0.4996001527158275
73122,0.500716950893306
73123,0.500716950893306
73124,0.4996001527158275
73125,0.500716950893306
73126,0.4996001527158275
73127,0.4996001527158275
73128,0.5000036586034184
73129,0.500716950893306
73130,0.5000036586034184
73131,0.500716950893306
73132,0.4996001527158275
73133,0.5000036586034184
73134,0.500716950893306
73135,0.4996001527158275
73136,0.500716950893306
73137,0.4996001527158275
73138,0.4996001527158275
73139,0.4996001527158275
73140,0.4996001527158275
73141,0.4996001527158275
73142,0.4996001527158275
73143,0.4996001527158275
73144,0.4996001527158275
73145,0.4996001527158275
73146,0.5000036586034184
73147,0.500716950893306
73148,0.500716950893306
73149,0.4996001527158275
73150,0.5000036586034184
73151,0.500716950893306
73152,0.4996001527158275
73153,0.4996001527158275
73154,0.4996001527158275
73155,0.4996001527158275
73156,0.500716950893306
73157,0.4996001527158275
73158,0.5000036586034184
73159,0.4996001527158275
73160,0.5000036586034184
73161,0.4996001527158275
73162,0.5000036586034184
73163,0.4996001527158275
73164,0.4996001527158275
73165,0.4996001527158275
73166,0.5000036586034184
73167,0.5000036586034184
73168,0.500716950893306
73169,0.4996001527158275
73170,0.5000036586034184
73171,0.5000036586034184
73172,0.500716950893306
73173,0.500716950893306
73174,0.4996001527158275
73175,0.4996001527158275
73176,0.500716950893306
73177,0.4996001527158275
73178,0.4996001527158275
73179,0.500716950893306
73180,0.4996001527158275
73181,0.500716950893306
73182,0.5000036586034184
73183,0.4996001527158275
73184,0.5000036586034184
73185,0.5000036586034184
73186,0.5000036586034184
73187,0.5000036586034184
73188,0.5000036586034184
73189,0.4996001527158275
73190,0.4996001527158275
73191,0.5000036586034184
73192,0.5000036586034184
73193,0.5000036586034184
73194,0.4996001527158275
73195,0.4996001527158275
73196,0.5000036586034184
73197,0.500716950893306
73198,0.5000036586034184
73199,0.5000036586034184
73200,0.500716950893306
73201,0.5000036586034184
73202,0.4996001527158275
73203,0.4996001527158275
73204,0.5000036586034184
73205,0.5000036586034184
73206,0.5000036586034184
73207,0.500716950893306
73208,0.4996001527158275
73209,0.4996001527158275
73210,0.5000036586034184
73211,0.500716950893306
73212,0.5000036586034184
73213,0.5000036586034184
73214,0.4996001527158275
73215,0.5000036586034184
73216,0.4996001527158275
73217,0.500716950893306
73218,0.5000036586034184
73219,0.5037196770466462
73220,0.4996001527158275
73221,0.500716950893306
73222,0.500716950893306
73223,0.500716950893306
73224,0.5000036586034184
73225,0.500716950893306
73226,0.4996001527158275
73227,0.4996001527158275
73228,0.5000036586034184
73229,0.500716950893306
73230,0.500716950893306
73231,0.5000036586034184
73232,0.4996001527158275
73233,0.5000036586034184
73234,0.5000036586034184
73235,0.4996001527158275
73236,0.5000036586034184
73237,0.5000036586034184
73238,0.500716950893306
73239,0.4996001527158275
73240,0.5000036586034184
73241,0.4996001527158275
73242,0.4996001527158275
73243,0.5000036586034184
73244,0.5000036586034184
73245,0.5000036586034184
73246,0.5000036586034184
73247,0.5000036586034184
73248,0.4996001527158275
73249,0.4996001527158275
73250,0.4996001527158275
73251,0.4996001527158275
73252,0.500716950893306
73253,0.500716950893306
73254,0.5000036586034184
73255,0.5000036586034184
73256,0.5000036586034184
73257,0.4996001527158275
73258,0.4996001527158275
73259,0.4996001527158275
73260,0.4996001527158275
73261,0.5000036586034184
73262,0.500716950893306
73263,0.4996001527158275
73264,0.5000036586034184
73265,0.5000036586034184
73266,0.5000036586034184
73267,0.5000036586034184
73268,0.500716950893306
73269,0.500716950893306
73270,0.5000036586034184
73271,0.5000036586034184
73272,0.5000036586034184
73273,0.4996001527158275
73274,0.5000036586034184
73275,0.5000036586034184
73276,0.500716950893306
73277,0.4996001527158275
73278,0.5000036586034184
73279,0.5000036586034184
73280,0.5000036586034184
73281,0.5000036586034184
73282,0.500716950893306
73283,0.5000036586034184
73284,0.4996001527158275
73285,0.5000036586034184
73286,0.500716950893306
73287,0.5000036586034184
73288,0.5000036586034184
73289,0.500716950893306
73290,0.5000036586034184
73291,0.500716950893306
73292,0.5000036586034184
73293,0.4996001527158275
73294,0.4996001527158275
73295,0.500716950893306
73296,0.4996001527158275
73297,0.500716950893306
73298,0.4996001527158275
73299,0.4996001527158275
73300,0.5000036586034184
73301,0.500716950893306
73302,0.5000036586034184
73303,0.4996001527158275
73304,0.4996001527158275
73305,0.4996001527158275
73306,0.5000036586034184
73307,0.5000036586034184
73308,0.5000036586034184
73309,0.5000036586034184
73310,0.5000036586034184
73311,0.4996001527158275
73312,0.4996001527158275
73313,0.5000036586034184
73314,0.5000036586034184
73315,0.4996001527158275
73316,0.4996001527158275
73317,0.4996001527158275
73318,0.4996001527158275
73319,0.4996001527158275
73320,0.4996001527158275
73321,0.500716950893306
73322,0.5000036586034184
73323,0.5000036586034184
73324,0.5000036586034184
73325,0.4996001527158275
73326,0.4996001527158275
73327,0.4996001527158275
73328,0.500716950893306
73329,0.5000036586034184
73330,0.4996001527158275
73331,0.4996001527158275
73332,0.4996001527158275
73333,0.5000036586034184
73334,0.5000036586034184
73335,0.5000036586034184
73336,0.500716950893306
73337,0.5000036586034184
73338,0.4996001527158275
73339,0.4996001527158275
73340,0.500716950893306
73341,0.4996001527158275
73342,0.5000036586034184
73343,0.5000036586034184
73344,0.4996001527158275
73345,0.500716950893306
73346,0.5000036586034184
73347,0.500716950893306
73348,0.500716950893306
73349,0.500716950893306
73350,0.500716950893306
73351,0.4996001527158275
73352,0.4996001527158275
73353,0.4996001527158275
73354,0.5000036586034184
73355,0.5000036586034184
73356,0.5000036586034184
73357,0.500716950893306
73358,0.5000036586034184
73359,0.500716950893306
73360,0.4996001527158275
73361,0.5000036586034184
73362,0.4996001527158275
73363,0.4996001527158275
73364,0.4996001527158275
73365,0.5000036586034184
73366,0.5000036586034184
73367,0.5000036586034184
73368,0.500716950893306
73369,0.500716950893306
73370,0.5000036586034184
73371,0.4996001527158275
73372,0.5000036586034184
73373,0.5000036586034184
73374,0.4996001527158275
73375,0.5000036586034184
73376,0.5000036586034184
73377,0.500716950893306
73378,0.4996001527158275
73379,0.4996001527158275
73380,0.5000036586034184
73381,0.5000036586034184
73382,0.5000036586034184
73383,0.5000036586034184
73384,0.4996001527158275
73385,0.4996001527158275
73386,0.500716950893306
73387,0.5000036586034184
73388,0.500716950893306
73389,0.5000036586034184
73390,0.4996001527158275
73391,0.5000036586034184
73392,0.500716950893306
73393,0.5000036586034184
73394,0.4996001527158275
73395,0.500716950893306
73396,0.5000036586034184
73397,0.5000036586034184
73398,0.500716950893306
73399,0.4996001527158275
73400,0.500716950893306
73401,0.500716950893306
73402,0.4996001527158275
73403,0.500716950893306
73404,0.500716950893306
73405,0.5000036586034184
73406,0.4996001527158275
73407,0.4996001527158275
73408,0.4996001527158275
73409,0.4996001527158275
73410,0.4996001527158275
73411,0.5000036586034184
73412,0.4996001527158275
73413,0.500716950893306
73414,0.4996001527158275
73415,0.4996001527158275
73416,0.4996001527158275
73417,0.5000036586034184
73418,0.4996001527158275
73419,0.4996001527158275
73420,0.5000036586034184
73421,0.5000036586034184
73422,0.5000036586034184
73423,0.4996001527158275
73424,0.5000036586034184
73425,0.5000036586034184
73426,0.4996001527158275
73427,0.5000036586034184
73428,0.4996001527158275
73429,0.4996001527158275
73430,0.4996001527158275
73431,0.5000036586034184
73432,0.5000036586034184
73433,0.5000036586034184
73434,0.4996001527158275
73435,0.4996001527158275
73436,0.4996001527158275
73437,0.5000036586034184
73438,0.5000036586034184
73439,0.5000036586034184
73440,0.5000036586034184
73441,0.5000036586034184
73442,0.5000036586034184
73443,0.5000036586034184
73444,0.4996001527158275
73445,0.4996001527158275
73446,0.5000036586034184
73447,0.4996001527158275
73448,0.500716950893306
73449,0.4996001527158275
73450,0.4996001527158275
73451,0.4996001527158275
73452,0.4996001527158275
73453,0.5000036586034184
73454,0.5000036586034184
73455,0.5000036586034184
73456,0.500716950893306
73457,0.4996001527158275
73458,0.500716950893306
73459,0.5000036586034184
73460,0.4996001527158275
73461,0.4996001527158275
73462,0.5000036586034184
73463,0.500716950893306
73464,0.4996001527158275
73465,0.500716950893306
73466,0.5000036586034184
73467,0.4996001527158275
73468,0.4996001527158275
73469,0.4996001527158275
73470,0.500716950893306
73471,0.500716950893306
73472,0.4996001527158275
73473,0.500716950893306
73474,0.4996001527158275
73475,0.4996001527158275
73476,0.5000036586034184
73477,0.4996001527158275
73478,0.4996001527158275
73479,0.500716950893306
73480,0.5000036586034184
73481,0.500716950893306
73482,0.5000036586034184
73483,0.5000036586034184
73484,0.5000036586034184
73485,0.4996001527158275
73486,0.4996001527158275
73487,0.5000036586034184
73488,0.5000036586034184
73489,0.4996001527158275
73490,0.5000036586034184
73491,0.5000036586034184
73492,0.5000036586034184
73493,0.5000036586034184
73494,0.4996001527158275
73495,0.500716950893306
73496,0.5000036586034184
73497,0.4996001527158275
73498,0.5000036586034184
73499,0.4996001527158275
73500,0.4996001527158275
73501,0.4996001527158275
73502,0.500716950893306
73503,0.4996001527158275
73504,0.4996001527158275
73505,0.4996001527158275
73506,0.4996001527158275
73507,0.500716950893306
73508,0.5000036586034184
73509,0.500716950893306
73510,0.5000036586034184
73511,0.4996001527158275
73512,0.500716950893306
73513,0.5000036586034184
73514,0.4996001527158275
73515,0.4996001527158275
73516,0.5000036586034184
73517,0.5000036586034184
73518,0.5000036586034184
73519,0.4996001527158275
73520,0.5000036586034184
73521,0.4996001527158275
73522,0.4996001527158275
73523,0.500716950893306
73524,0.4996001527158275
73525,0.5000036586034184
73526,0.5000036586034184
73527,0.4996001527158275
73528,0.4996001527158275
73529,0.5000036586034184
73530,0.500716950893306
73531,0.5000036586034184
73532,0.4996001527158275
73533,0.5000036586034184
