id,prob
53480,0.4763270645491831
53481,0.1198399856476289
53482,0.5276891096532422
53483,0.6699836786415885
53484,0.314768610012407
53485,0.4183593685984491
53486,0.3577496595834363
53487,0.6316128517859636
53488,0.5680776516051513
53489,0.27553340323660575
53490,0.29327640380193515
53491,0.6625718615920854
53492,0.5047236144201234
53493,0.675973503854609
53494,0.7434966521082018
53495,0.5327284651960674
53496,0.5208202127044167
53497,0.7646064083996328
53498,0.46228910524446987
53499,0.5605107987670037
53500,0.3173282104433467
53501,0.2954343308629706
53502,0.4547040910615531
53503,0.5962332904594567
53504,0.34883021168504225
53505,0.5396300302751801
53506,0.32340571364757037
53507,0.4685467874710364
53508,0.44740183866851463
53509,0.5778181492968966
53510,0.1840558319451299
53511,0.494947956812003
53512,0.43574161855935983
53513,0.3925690494240853
53514,0.3441071963579372
53515,0.37100492409101493
53516,0.4343000981163476
53517,0.5441160454019448
53518,0.514262148600373
53519,0.5139342944762967
53520,0.5877009479727323
53521,0.5910543938133792
53522,0.34411568578569784
53523,0.5834792058267665
53524,0.7615457611134523
53525,0.6232251436573321
53526,0.5355493772140609
53527,0.43125099543264084
53528,0.6297290168143536
53529,0.712435671515141
53530,0.60868390739467
53531,0.29163149906407815
53532,0.34175685228928027
53533,0.16091907614598708
53534,0.608972850109691
53535,0.656703666555283
53536,0.570974430234879
53537,0.208173533906667
53538,0.42716822837022705
53539,0.7743158110505689
53540,0.8393517666509461
53541,0.14287198849667287
53542,0.7825524361510114
53543,0.3874970576762035
53544,0.6338420391813949
53545,0.8427390160435353
53546,0.42898505460278313
53547,0.636569100198434
53548,0.5238807445991401
53549,0.4031074478553925
53550,0.42357803045800196
53551,0.36931832691490035
53552,0.33688898589739275
53553,0.21265474500821255
53554,0.24378990031554096
53555,0.5030811943775138
53556,0.516754942364992
53557,0.5631199520405439
53558,0.5840527333052671
53559,0.5259757350469777
53560,0.4148575038942928
53561,0.4096627500249051
53562,0.347866356784196
53563,0.5675073125740612
53564,0.2948715333819749
53565,0.5613226734552156
53566,0.23147835214157922
53567,0.4756617982177946
53568,0.6762058735348336
53569,0.4714682145261878
53570,0.4275778760385842
53571,0.4675181317588616
53572,0.5858555898943156
53573,0.6268313228923114
53574,0.5856004794283199
53575,0.8121080958149134
53576,0.6519608468804863
53577,0.22688731058281264
53578,0.8183014374759846
53579,0.26041805825274944
53580,0.4341272561487994
53581,0.5583161638152685
53582,0.40407266552519255
53583,0.3045040066229643
53584,0.43324967429687167
53585,0.20454293947621263
53586,0.3418406857130502
53587,0.5415310864681138
53588,0.6716937124302926
53589,0.18736681474618294
53590,0.69074901873082
53591,0.6251192391657485
53592,0.17679149378521766
53593,0.31226537398013876
53594,0.529663721821608
53595,0.3188618330349814
53596,0.5342866541729534
53597,0.6125817622302464
53598,0.13119966480009776
53599,0.6642820597725726
53600,0.752200767566519
53601,0.6646286428073824
53602,0.4006945393199939
53603,0.48178370517196034
53604,0.777963236356685
53605,0.5893236576372571
53606,0.7942393907922111
53607,0.4979792344245669
53608,0.17544903238629098
53609,0.4350270096735056
53610,0.16831383870653122
53611,0.3300377548377668
53612,0.3507485526594681
53613,0.43385666485866453
53614,0.2235170920705952
53615,0.6324374206432597
53616,0.5897134939191686
53617,0.39393485285595414
53618,0.20878661707850843
53619,0.5595937051034547
53620,0.563629167752171
53621,0.370877875170149
53622,0.5469420261308726
53623,0.7217931830571174
53624,0.5872603196985151
53625,0.73540418142276
53626,0.6177372252540296
53627,0.5272291601966395
53628,0.614505741751241
53629,0.42157749170208847
53630,0.21863431392703683
53631,0.33880685736832106
53632,0.5342305157519568
53633,0.24299750948906862
53634,0.6350504728745293
53635,0.3637945653812238
53636,0.5484877258399717
53637,0.7068424558412306
53638,0.4565144249780242
53639,0.38550627635737367
53640,0.6524893446397912
53641,0.4062736157553702
53642,0.7048310494600746
53643,0.3099940978643731
53644,0.5895934641777254
53645,0.7306008122578684
53646,0.5044557620732409
53647,0.1966162658298589
53648,0.45108681078742563
53649,0.4257250183210488
53650,0.5411757689374533
53651,0.6564737714014378
53652,0.3767315579447731
53653,0.40342536163955545
53654,0.7202463408572336
53655,0.6502429756149832
53656,0.5696949667091644
53657,0.1557145558616895
53658,0.7734556390262046
53659,0.5487537459084343
53660,0.4500203369166837
53661,0.7018556435824269
53662,0.4446019767882701
53663,0.5088352325812984
53664,0.2180229430507457
53665,0.6087534681526194
53666,0.6217923939151527
53667,0.5427235257327706
53668,0.13266117329354746
53669,0.38722138398378386
53670,0.20491738962618894
53671,0.1443781396118571
53672,0.318674198576558
53673,0.3963280221133386
53674,0.39455331688699546
53675,0.8048300793458831
53676,0.6864512241001781
53677,0.3296407497808317
53678,0.7970837104203038
53679,0.45913892723295835
53680,0.5884995368304442
53681,0.4159392377036122
53682,0.32783021063832235
53683,0.6404173164408064
53684,0.2683058267149757
53685,0.4199227497449784
53686,0.674862357280366
53687,0.304241885897701
53688,0.529860029034159
53689,0.19086657177614658
53690,0.3400519039144761
53691,0.6595322139323645
53692,0.2118882303393987
53693,0.16539227301730777
53694,0.46569517651722236
53695,0.5060057843224981
53696,0.5688658129712097
53697,0.6953442782534218
53698,0.46110618937801073
53699,0.5488111782258588
53700,0.8124170882544023
53701,0.3747306126656032
53702,0.31553195751531454
53703,0.7359646534249583
53704,0.41154901495822455
53705,0.2432920077039192
53706,0.4154859200990499
53707,0.3652618266172062
53708,0.5115831031101387
53709,0.579823911047416
53710,0.5053728023135847
53711,0.5834181347408105
53712,0.3444706521547985
53713,0.57223048995041
53714,0.7102470194471882
53715,0.5367925198957126
53716,0.5016376748727951
53717,0.7457430555997638
53718,0.45427477959489587
53719,0.4568442064331976
53720,0.27750923558269963
53721,0.6945989049161263
53722,0.6878073775230344
53723,0.5255399021807996
53724,0.5015933354077599
53725,0.17960386701084516
53726,0.4499589165233941
53727,0.19752228102263983
53728,0.19915360946254138
53729,0.5634360497320569
53730,0.7505426111856812
53731,0.5269046413602558
53732,0.6770287220367025
53733,0.41203179915922983
53734,0.494136232944398
53735,0.5242885192962593
53736,0.135864369721961
53737,0.5336952599894108
53738,0.33090347209622856
53739,0.2875597400253276
53740,0.4555281334384335
53741,0.5009051803307375
53742,0.7283533694832165
53743,0.5803431742173633
53744,0.6666442764896582
53745,0.4998374442356676
53746,0.4284389771662446
53747,0.7254905374791648
53748,0.21819365998866305
53749,0.6266936175984444
53750,0.7547550027422695
53751,0.4639873171108557
53752,0.5478621005570438
53753,0.341577768783317
53754,0.4311567428358274
53755,0.535120146786354
53756,0.42645168127081806
53757,0.30128338917220837
53758,0.46728333916791526
53759,0.561717912833811
53760,0.40573771834557265
53761,0.6414601859399872
53762,0.2927202451996233
53763,0.5948501890513578
53764,0.7801107123426708
53765,0.6388705268191148
53766,0.46130987019859476
53767,0.704841118772632
53768,0.5290330860305179
53769,0.7981699224647981
53770,0.38032893518438443
53771,0.4708522331748854
53772,0.33627288305102393
53773,0.5140097651955406
53774,0.7310338677861372
53775,0.6011652694331356
53776,0.5512874456724536
53777,0.1544274748726382
53778,0.7379138637837616
53779,0.1924213817832181
53780,0.5683818926882526
53781,0.27976959472611207
53782,0.44712323087828904
53783,0.6201568462368888
53784,0.5510826578293565
53785,0.4784091092632602
53786,0.6563206744933229
53787,0.7331580776546449
53788,0.5988361664508175
53789,0.6298119463230991
53790,0.5486310677801793
53791,0.5880371338062256
53792,0.4859003093490577
53793,0.5425718982390016
53794,0.3185780333197265
53795,0.25414151111812083
53796,0.7180334682517208
53797,0.5794785334231148
53798,0.2897437884859398
53799,0.4006770596744296
53800,0.13233011032476258
53801,0.5572599874771615
53802,0.5618338441238511
53803,0.20526563023526087
53804,0.7629955513683109
53805,0.30400624342386195
53806,0.5318379596785827
53807,0.40622050654036257
53808,0.31018321779199176
53809,0.4714475109194416
53810,0.4295881160328381
53811,0.7055285130753514
53812,0.42532221982394003
53813,0.5821091691513381
53814,0.2965070038862435
53815,0.25177129300540985
53816,0.129789605404737
53817,0.5998805991699648
53818,0.33778901939200684
53819,0.47023876844738555
53820,0.6906294990282533
53821,0.5451335952642011
53822,0.5195175463542682
53823,0.15255205895841822
53824,0.6849642613206953
53825,0.19012957982538836
53826,0.5139708822882162
53827,0.5514228893959743
53828,0.6028359067911927
53829,0.5235787216210647
53830,0.519725040025088
53831,0.6805853202375951
53832,0.6280760767129432
53833,0.3533600298118212
53834,0.3059724062792229
53835,0.4244066667043016
53836,0.7602761106235916
53837,0.5687945351437881
53838,0.4902435614725122
53839,0.5393383051852014
53840,0.7029205247423661
53841,0.8149167362563999
53842,0.1291375156427855
53843,0.5887264367256162
53844,0.21600870045166015
53845,0.4750068770840917
53846,0.5424890171946553
53847,0.4239091098500259
53848,0.6013089562168689
53849,0.4030697668878419
53850,0.4015754615823905
53851,0.36531074043968215
53852,0.3083316116591669
53853,0.6226879685922012
53854,0.49893715934870897
53855,0.592451863453721
53856,0.30025797371287416
53857,0.7792179621632623
53858,0.28555036489639263
53859,0.31621679492026006
53860,0.513039117576017
53861,0.6054384784826156
53862,0.5302616652649289
53863,0.5219673569613428
53864,0.7353487361000008
53865,0.4037899560306993
53866,0.3205687534869366
53867,0.39444584466332766
53868,0.5518181837645945
53869,0.32711277616823214
53870,0.5783686242280568
53871,0.4269580884883037
53872,0.5637678921914988
53873,0.3863547270364793
53874,0.6935613542246567
53875,0.35816911350605357
53876,0.5535731021697559
53877,0.48534752651861757
53878,0.6543827240702385
53879,0.26907937685815503
53880,0.4860629218468913
53881,0.7908869651866234
53882,0.7167580104974205
53883,0.4189360610347537
53884,0.2413477298416767
53885,0.7892448005784956
53886,0.23734507945819489
53887,0.23457817094238176
53888,0.5745216500568631
53889,0.5199655095908748
53890,0.5579364692958554
53891,0.5235152069022796
53892,0.7441774417631365
53893,0.5785929690268837
53894,0.5712676928297177
53895,0.19869611172061186
53896,0.5040532869327933
53897,0.5271177687802974
53898,0.15310109343661038
53899,0.5985998206706579
53900,0.4566384450269242
53901,0.2278284237314173
53902,0.5913452791607022
53903,0.5739221456087215
53904,0.6153924673693226
53905,0.3462014147244533
53906,0.15311281830633497
53907,0.25735959811951686
53908,0.4470973844601876
53909,0.3983167904127778
53910,0.5095090372170485
53911,0.3194473637630425
53912,0.8090208560774307
53913,0.392938642680878
53914,0.6032431744565102
53915,0.5253237481182444
53916,0.40721626050325976
53917,0.25323933543120203
53918,0.37153782417745207
53919,0.37636524454368275
53920,0.32693906875463846
53921,0.15099596405579546
53922,0.31753731106932576
53923,0.6846293838420111
53924,0.5031281540977616
53925,0.09665918366063324
53926,0.5516059800977622
53927,0.36864678047423666
53928,0.4907415716914714
53929,0.40010751941850187
53930,0.32345884540598796
53931,0.3940493488301609
53932,0.622467945290322
53933,0.47596445886574207
53934,0.1645202770741348
53935,0.7214850650310116
53936,0.4815372275422024
53937,0.6263417098802815
53938,0.4422128924239419
53939,0.44349568094346414
53940,0.7547401496499819
53941,0.812252371968897
53942,0.5585523994160029
53943,0.5493086258062576
53944,0.2405944149227306
53945,0.835513120472693
53946,0.5010070822176647
53947,0.49045039703076154
53948,0.41530060096118915
53949,0.5577923475511855
53950,0.46621221935114715
53951,0.6411224909384072
53952,0.38172755310736883
53953,0.4017109543854144
53954,0.5860171894520594
53955,0.333663148680985
53956,0.5626878298352741
53957,0.2338565404636616
53958,0.5129082250333177
53959,0.6519921850349342
53960,0.5835233090689357
53961,0.3977417272427068
53962,0.31956262093408483
53963,0.561343877198151
53964,0.15756762709871053
53965,0.5374991944118368
53966,0.25179228770970646
53967,0.27094363849435565
53968,0.7489601881218406
53969,0.16081040699719973
53970,0.30912102876849956
53971,0.5374097637935694
53972,0.5624094839614133
53973,0.3571800323470321
53974,0.580112076094032
53975,0.4935285455226075
53976,0.5767610124035987
53977,0.19155700946867776
53978,0.7647529570848134
53979,0.77411936651134
53980,0.6301787186228925
53981,0.6644072399715462
53982,0.448663356370288
53983,0.5428217172400197
53984,0.5829295025987901
53985,0.4246520382674007
53986,0.5193827731473994
53987,0.49748345095760904
53988,0.20367445784103536
53989,0.48766128778157836
53990,0.5531622774765904
53991,0.6157357518079442
53992,0.6516726731243435
53993,0.44868963079239066
53994,0.4714610017300096
53995,0.5311499712565044
53996,0.5535336596365871
53997,0.32654985375172263
53998,0.4596150988226509
53999,0.6110292435244957
54000,0.44252853896118116
54001,0.2297925614367754
54002,0.1265377467411493
54003,0.7514372195480067
54004,0.6910110051221253
54005,0.40392821042312815
54006,0.19907822671228007
54007,0.5085785498096871
54008,0.5891737568983435
54009,0.4109530984824456
54010,0.18133297509369273
54011,0.5162395527029657
54012,0.5610544178037223
54013,0.5141990753201332
54014,0.12669979155088892
54015,0.531911452959851
54016,0.15722027819634318
54017,0.2059652620587835
54018,0.39109810434269565
54019,0.6209187247035131
54020,0.5169554451162556
54021,0.39847506777283476
54022,0.5659333925549316
54023,0.6243644554794932
54024,0.36685106292154834
54025,0.635156937855489
54026,0.49956613759348123
54027,0.7675589138165051
54028,0.36760452880604144
54029,0.45688897532292483
54030,0.12956879918280184
54031,0.3690004081648578
54032,0.5305499924361299
54033,0.653660820252289
54034,0.8668378286082377
54035,0.5768056322300208
54036,0.14023907396688365
54037,0.805524206664823
54038,0.5648590403173298
54039,0.2920487856631527
54040,0.390322333712672
54041,0.13547118938589975
54042,0.44618795670134037
54043,0.5892339612670618
54044,0.6257821345670126
54045,0.5364313601828435
54046,0.40312605658960626
54047,0.68404712808434
54048,0.16061350835088842
54049,0.7449300079070282
54050,0.49305922706512045
54051,0.19763196308679545
54052,0.6726758904766648
54053,0.27118200930431596
54054,0.2225798533303335
54055,0.15140085920398558
54056,0.6025568724912505
54057,0.5489549218624166
54058,0.46461160329280776
54059,0.25331954281251345
54060,0.7170569901888044
54061,0.48650446179178614
54062,0.4848334954335652
54063,0.49530336275648623
54064,0.43059408012649103
54065,0.22983547391681605
54066,0.5468139217511387
54067,0.5515293537692973
54068,0.638587155408717
54069,0.08952012507749715
54070,0.4803702436831691
54071,0.5249762524908309
54072,0.7698461262273358
54073,0.3359901666948049
54074,0.310992880828682
54075,0.5958386016421214
54076,0.5370515036425939
54077,0.7908690589870181
54078,0.4810156838700129
54079,0.4400655586424291
54080,0.5410478734650425
54081,0.3670245017446895
54082,0.6031716323020131
54083,0.39948709704265944
54084,0.7788248484101143
54085,0.5154085579085159
54086,0.5807008509728138
54087,0.520724308462012
54088,0.45358386857023264
54089,0.2285962561627422
54090,0.5799884239774189
54091,0.7810591120499382
54092,0.699045036262653
54093,0.5235406569749367
54094,0.4074361344018591
54095,0.325893311413711
54096,0.23163380834797262
54097,0.5673448506219714
54098,0.5684357655289366
54099,0.2675719862976033
54100,0.5650332437950288
54101,0.32851363996671884
54102,0.4122244602882448
54103,0.5561115193274915
54104,0.25576331751006204
54105,0.436921948738708
54106,0.46624973447873475
54107,0.6352690781335937
54108,0.46042239359170595
54109,0.44666248921725926
54110,0.5431169366658695
54111,0.615872756865683
54112,0.33076795935371595
54113,0.20998552844459178
54114,0.5193245747839268
54115,0.15715798879457432
54116,0.5640628491784855
54117,0.3412664341453651
54118,0.6157108986159464
54119,0.5060429696323904
54120,0.5719092194439566
54121,0.49236319532792516
54122,0.22701249680176172
54123,0.29494306794555564
54124,0.6227135976613755
54125,0.48050795988340833
54126,0.4065102146144864
54127,0.39847233628779416
54128,0.4607711143880118
54129,0.5432399305725911
54130,0.3834527685942687
54131,0.5850952393272605
54132,0.4950931588089157
54133,0.2285932875921414
54134,0.5556884592178558
54135,0.6291092522852341
54136,0.2660005290719634
54137,0.27459246476695925
54138,0.3959650564813022
54139,0.46290090856374133
54140,0.5365128551064979
54141,0.4455449986982472
54142,0.8007937543312643
54143,0.5971110999615561
54144,0.5759941087049256
54145,0.5970510226092998
54146,0.6052813961899677
54147,0.40531232991313904
54148,0.5542943269062648
54149,0.29010694230088035
54150,0.2798451064972957
54151,0.18775669399126485
54152,0.5610984572804086
54153,0.18902872661953254
54154,0.4056310568079031
54155,0.3607887913202528
54156,0.524572534065149
54157,0.4301993197241064
54158,0.5536195173107888
54159,0.72421929528256
54160,0.495624342993303
54161,0.8050060530869925
54162,0.7554749538881743
54163,0.6422254038266195
54164,0.3243621426745203
54165,0.39972670533771193
54166,0.17747093193157568
54167,0.5217841635147336
54168,0.32171641043829097
54169,0.3021233328079861
54170,0.4254976033299398
54171,0.41056375251082794
54172,0.6463426408776991
54173,0.4246465426890131
54174,0.5447711349942927
54175,0.5276311141568634
54176,0.4197690912868594
54177,0.5669713572915903
54178,0.645930222251699
54179,0.6814890359264247
54180,0.5893786525063671
54181,0.22113189364962743
54182,0.5528429535636992
54183,0.46067732140911427
54184,0.6144268307566799
54185,0.7044377610696713
54186,0.6389870960944392
54187,0.44860730019124256
54188,0.7100493106790269
54189,0.4498796724344677
54190,0.43005335069609313
54191,0.43234304335636664
54192,0.537814027900489
54193,0.1361993989313098
54194,0.19344940755550596
54195,0.4816709881284639
54196,0.8063652283644371
54197,0.13882130908049672
54198,0.5774593848650005
54199,0.18836639215385978
54200,0.6171712849188324
54201,0.5939328480795422
54202,0.1674359450793256
54203,0.4212211806645377
54204,0.6810319746687266
54205,0.53680517756067
54206,0.32394310328031495
54207,0.6168856427747553
54208,0.3533792408591002
54209,0.5034806258307765
54210,0.41880299260917797
54211,0.17772433038357252
54212,0.24955654189075907
54213,0.21488314070190503
54214,0.7850132108929293
54215,0.32284181467174805
54216,0.5243283686884599
54217,0.5796607840037493
54218,0.4341049081241813
54219,0.444384789626915
54220,0.23345550332977144
54221,0.637498302155008
54222,0.3415383700233872
54223,0.18219732809347453
54224,0.34419114663549527
54225,0.29991705839965294
54226,0.5787618020539022
54227,0.14742118367776386
54228,0.5865722391790764
54229,0.5306442677423999
54230,0.6197426202180762
54231,0.28077607544981986
54232,0.5352609174742501
54233,0.5434439893216237
54234,0.26795869340455786
54235,0.46248370325925364
54236,0.43932476936737885
54237,0.2500022896457994
54238,0.2582460141641358
54239,0.17567065522376155
54240,0.6103481432478743
54241,0.3821385761498496
54242,0.34831035112813935
54243,0.4572642082952175
54244,0.3884378835529012
54245,0.24515658122694886
54246,0.5315663906864658
54247,0.42151406325388135
54248,0.5929235560879972
54249,0.43935448477127814
54250,0.2699128345603041
54251,0.4395297895367711
54252,0.3425433493236846
54253,0.44952352032121246
54254,0.5736405882760719
54255,0.26337027452252143
54256,0.3912643513338445
54257,0.5992620570369065
54258,0.2732761239196742
54259,0.20485998645989864
54260,0.2664301779861622
54261,0.16303278749114378
54262,0.40719023225670953
54263,0.6198366546763394
54264,0.525637704996442
54265,0.42360027157766394
54266,0.20826909403935334
54267,0.13950694702673166
54268,0.10943311030029752
54269,0.47199413606738166
54270,0.5491408089269927
54271,0.3499733753033189
54272,0.5169805758390229
54273,0.20750606449784825
54274,0.3906732286445922
54275,0.3796049120229343
54276,0.38734481855076475
54277,0.22278293048459313
54278,0.417716410295015
54279,0.48027381275793274
54280,0.2756609004534987
54281,0.260062094541715
54282,0.37397013467213164
54283,0.46484971058812924
54284,0.6899696692722218
54285,0.8281293735990378
54286,0.7037069664267463
54287,0.7181030630848237
54288,0.6953118643300849
54289,0.21190404155113815
54290,0.25752000362125754
54291,0.5414977458834266
54292,0.41325868014191236
54293,0.24616314835775074
54294,0.4889217280560021
54295,0.6074672741684153
54296,0.48670897223363674
54297,0.7092122934535501
54298,0.6195964967172214
54299,0.4751887666510878
54300,0.35276741560496144
54301,0.6606219440341654
54302,0.2448059185173888
54303,0.418716049184528
54304,0.5324221655999753
54305,0.4117697836458454
54306,0.4517614391242465
54307,0.5392523215106358
54308,0.589024084696253
54309,0.4804927184239587
54310,0.3051230726857506
54311,0.6261332309039987
54312,0.31739918378349247
54313,0.5104622607780134
54314,0.5444640757101249
54315,0.619249415655729
54316,0.6605699936221993
54317,0.5079721154376259
54318,0.43141381974424675
54319,0.42569431924839846
54320,0.28955216597583106
54321,0.6709568407000243
54322,0.22299276645626778
54323,0.5893727669111904
54324,0.6460279559886333
54325,0.5182082995439397
54326,0.7615013436273895
54327,0.306765779819457
54328,0.7976731539847233
54329,0.6498698988549877
54330,0.15495115900974793
54331,0.31467912206833704
54332,0.4857086328574116
54333,0.6036358228268291
54334,0.6458608337872577
54335,0.5966733346396518
54336,0.68523958746231
54337,0.4297233189175256
54338,0.3045057289834679
54339,0.5231929102310241
54340,0.5283202822131654
54341,0.12486075098322205
54342,0.6769059041041848
54343,0.46428205594566985
54344,0.2882344520638256
54345,0.34752776223491955
54346,0.3741193630879731
54347,0.4887639304175475
54348,0.13915838503785213
54349,0.43055839113798466
54350,0.5613423406108107
54351,0.4896315496611242
54352,0.5732952350647122
54353,0.231465888616378
54354,0.370058938363467
54355,0.14932415746748895
54356,0.4367632445732965
54357,0.5658700593381301
54358,0.4482991812382972
54359,0.6131774985728263
54360,0.6461284879433976
54361,0.732698059844485
54362,0.28356716882364863
54363,0.1682245208561615
54364,0.6916834373354939
54365,0.5991215033549251
54366,0.1786067471630872
54367,0.15098686436968944
54368,0.618595904413866
54369,0.3968031695871783
54370,0.6721431210020034
54371,0.17926774158680953
54372,0.17546594500425203
54373,0.7480512721591251
54374,0.30724992119995365
54375,0.4761743942357472
54376,0.5229401534595641
54377,0.5531622774499039
54378,0.6409059891592527
54379,0.4397315444664687
54380,0.3406331385330975
54381,0.7341507188140792
54382,0.7697106556240573
54383,0.6134823123633929
54384,0.4127969787030859
54385,0.6148823323470808
54386,0.6767856103684081
54387,0.4443227258189351
54388,0.6130087894491083
54389,0.6078896419378188
54390,0.4841267171560356
54391,0.5981863156602428
54392,0.2854243213208968
54393,0.5261856849517483
54394,0.3216500828086298
54395,0.5958411327043511
54396,0.6472894358736913
54397,0.7538013199085587
54398,0.4717803716164383
54399,0.6339617443472323
54400,0.8341425460676087
54401,0.5062498812432643
54402,0.25819022150562065
54403,0.6201969549225281
54404,0.7858125357191093
54405,0.679120866144347
54406,0.29646444351414847
54407,0.518475171867388
54408,0.6178707074513997
54409,0.6876718269787663
54410,0.325860021673318
54411,0.6535942462250279
54412,0.13854818400300256
54413,0.21128849171349093
54414,0.31490107152219315
54415,0.706897688912643
54416,0.5525890607250334
54417,0.6269729922250495
54418,0.4068060762400861
54419,0.5905787815998328
54420,0.6940303769339908
54421,0.3506878825562312
54422,0.5786660310255692
54423,0.25815224440757595
54424,0.6432994379731282
54425,0.4472453125767186
54426,0.16171322364981996
54427,0.3108717327101261
54428,0.5554333453027924
54429,0.38097758577082835
54430,0.5187250044589866
54431,0.4284910966029727
54432,0.5166522934593064
54433,0.1527829190251495
54434,0.6029096997352085
54435,0.38211112846463197
54436,0.3490643121850186
54437,0.27994904575221125
54438,0.48117499006843717
54439,0.4788000477191556
54440,0.26209564540018926
54441,0.4338300327744484
54442,0.37544747940135065
54443,0.50425131150514
54444,0.6689449903873871
54445,0.4307980430023798
54446,0.4617175996144575
54447,0.4436179041215094
54448,0.4162687636648238
54449,0.5258642045046427
54450,0.43868560981654775
54451,0.5834442058763252
54452,0.7074215131642249
54453,0.4546882533457879
54454,0.3533269612278563
54455,0.591825572810298
54456,0.5264379545835539
54457,0.8254732112563375
54458,0.7249012315069778
54459,0.6416332500406378
54460,0.4375232500532672
54461,0.581383549618311
54462,0.4449944628936572
54463,0.34573740750329973
54464,0.5186897813648241
54465,0.29483137497536677
54466,0.43734017047543733
54467,0.5789175311534296
54468,0.12846007529611092
54469,0.484008664747225
54470,0.6047895201606653
54471,0.07531381970320886
54472,0.7223602211201361
54473,0.30439424969824624
54474,0.2564305509135634
54475,0.5186176396489032
54476,0.4047747755669548
54477,0.582231950126869
54478,0.5544484069678787
54479,0.3962903730853646
54480,0.21654588856633403
54481,0.5152926141131804
54482,0.46664787586680745
54483,0.4678307089994092
54484,0.5018073346991302
54485,0.5657106448368577
54486,0.21742977443473757
54487,0.44798026765309923
54488,0.588505259549474
54489,0.517364289568821
54490,0.5067789208639796
54491,0.545938825588026
54492,0.6983439208031127
54493,0.6230828386801204
54494,0.3793352990973053
54495,0.689050295112833
54496,0.372759899248059
54497,0.29485995780970714
54498,0.6412985801005153
54499,0.4806387118056308
54500,0.3268447463776584
54501,0.48934462272319584
54502,0.6366206899426162
54503,0.23503413987111524
54504,0.41827954225390634
54505,0.4677930906100066
54506,0.47792460549211335
54507,0.2335523291868616
54508,0.16760635298032603
54509,0.5512548757743209
54510,0.35068973085985256
54511,0.23269383020995693
54512,0.553281830351477
54513,0.47735945440500505
54514,0.44095803880043466
54515,0.5637156090242003
54516,0.25736808466579364
54517,0.5679956726639005
54518,0.5375712229513963
54519,0.6647643527273809
54520,0.39146647880943325
54521,0.13313104112882443
54522,0.17683556346229978
54523,0.41143124591498587
54524,0.5622644141062811
54525,0.5173802797029234
54526,0.6077330272996461
54527,0.605693500570051
54528,0.37673368246367017
54529,0.21614053087145213
54530,0.119920773339503
54531,0.25371494219741114
54532,0.6003470757608109
54533,0.17130864825808484
54534,0.4968736701829463
54535,0.3295741030915903
54536,0.30344543921941747
54537,0.16299815486442087
54538,0.1437665139363027
54539,0.7428684248066606
54540,0.598023635834685
54541,0.5380039034145191
54542,0.326637946941547
54543,0.4049111587780616
54544,0.4822954028612302
54545,0.6155854288054663
54546,0.4642304874876959
54547,0.435661992403446
54548,0.7427093080241763
54549,0.5262289535700063
54550,0.5272881751552102
54551,0.29839577432282127
54552,0.35600864617543554
54553,0.19999209832080211
54554,0.3068457514652948
54555,0.1878704274981362
54556,0.6275403602291957
54557,0.45770133997065765
54558,0.43037378557109274
54559,0.3186955052276315
54560,0.48139401230532725
54561,0.2518711760933339
54562,0.41344581599766655
54563,0.6066615139402372
54564,0.43964275665543046
54565,0.195476077934451
54566,0.5170889400357508
54567,0.16385162103877987
54568,0.552601423156836
54569,0.5500838327583205
54570,0.13445628988140917
54571,0.1870881628293986
54572,0.49118079652161667
54573,0.2842698661520383
54574,0.7068111300658249
54575,0.32781072325930427
54576,0.48596585821528876
54577,0.14442243200221105
54578,0.5629882610605575
54579,0.488483448151911
54580,0.6585069870373352
54581,0.17274324852142617
54582,0.3891216481088347
54583,0.48150635082388177
54584,0.43776297820344545
54585,0.2176261486303638
54586,0.6411492156392569
54587,0.6154382906947516
54588,0.370793591943336
54589,0.3441611887443051
54590,0.4760743908532829
54591,0.1000573930466602
54592,0.3653530820754841
54593,0.531549374515555
54594,0.5126823801606157
54595,0.722715623125218
54596,0.42781771787802986
54597,0.3981172143095887
54598,0.5653455412823681
54599,0.3946945016653186
54600,0.36657516508942845
54601,0.41960876681584536
54602,0.5421573115587774
54603,0.577627748689298
54604,0.5448691244791087
54605,0.5271786897042566
54606,0.7843698345187927
54607,0.5658248468130984
54608,0.33415662961324555
54609,0.23446197662967513
54610,0.3942095788211624
54611,0.615277137399563
54612,0.47463668227366923
54613,0.43543443785881836
54614,0.7551988595675463
54615,0.25111712685545867
54616,0.19894064360205738
54617,0.5074789530392332
54618,0.27292562739187703
54619,0.57634593888393
54620,0.42447491082616884
54621,0.40188610871270414
54622,0.1820657703953892
54623,0.25019797406684
54624,0.14617901433744274
54625,0.315008986885987
54626,0.5067425577517783
54627,0.42593201046523854
54628,0.20731842450255006
54629,0.45416893005444264
54630,0.464950399892583
54631,0.3997072734104673
54632,0.4534811421533427
54633,0.14835691200762804
54634,0.3692245740320589
54635,0.3708005308041383
54636,0.6471605684006574
54637,0.6187452072889313
54638,0.5504147434529505
54639,0.4944140653269407
54640,0.14393607884577062
54641,0.25174904425911876
54642,0.5396705131354077
54643,0.2986127668600736
54644,0.20611146391964622
54645,0.6967816839430894
54646,0.23323728319590106
54647,0.5045401593397943
54648,0.5606281492588168
54649,0.19136181453424492
54650,0.17719855082503333
54651,0.7616011341506336
54652,0.42106225318438767
54653,0.5524603749321841
54654,0.1939896519603896
54655,0.20333968223197796
54656,0.18434862290986923
54657,0.6919740979921792
54658,0.5653326154457585
54659,0.43491201172103977
54660,0.6268494694597707
54661,0.5587941105012526
54662,0.3106493717416946
54663,0.6714909458339338
54664,0.568824890850111
54665,0.6859755599347778
54666,0.38793885848570836
54667,0.22722267975111746
54668,0.24480776546721025
54669,0.539382031339233
54670,0.5930058875667843
54671,0.43643299509107175
54672,0.6223710337671131
54673,0.5691307606208869
54674,0.34741799831239617
54675,0.3303918713556344
54676,0.17761135544129453
54677,0.37331862214440575
54678,0.2911380797964175
54679,0.17084960280922942
54680,0.3491914990371171
54681,0.411936872219297
54682,0.4674465922199045
54683,0.6001503819193911
54684,0.3671370130595928
54685,0.27266184932669724
54686,0.8116900216199227
54687,0.5440084524632217
54688,0.28664788593748325
54689,0.8175690537424952
54690,0.6259572170148465
54691,0.547933280078234
54692,0.7908716761024768
54693,0.12954918790041142
54694,0.473589683144145
54695,0.7461373563682415
54696,0.7307256281869654
54697,0.45513204696498555
54698,0.5125880657583165
54699,0.24814357084884633
54700,0.15489042598158978
54701,0.5321474634227639
54702,0.18122960632559149
54703,0.14958195204917718
54704,0.8176593610374251
54705,0.4995732769143263
54706,0.6653140833591549
54707,0.5937074173897874
54708,0.49029812010439494
54709,0.3802321553686635
54710,0.21409854490720637
54711,0.4204366972818546
54712,0.37471261344505913
54713,0.73067871581664
54714,0.4369325020113914
54715,0.6934164654237107
54716,0.3333792247880153
54717,0.741577998569006
54718,0.5312222762829879
54719,0.3084640370154826
54720,0.5710955968145581
54721,0.4158165483390794
54722,0.4054431063867555
54723,0.3276144041846535
54724,0.1330468393632836
54725,0.6613387514451129
54726,0.43916253140538786
54727,0.7240306806520604
54728,0.39609309558406475
54729,0.11397515826260693
54730,0.4523482272910905
54731,0.6301656884308959
54732,0.6571708254251922
54733,0.6126575118358685
54734,0.43640488084105994
54735,0.6997036571533507
54736,0.7612944162422088
54737,0.4262573020777002
54738,0.3312920529478566
54739,0.5445734752870751
54740,0.5604215695496039
54741,0.5038626929958726
54742,0.3170312215556362
54743,0.32973366546210403
54744,0.3694413429559077
54745,0.5685683174887542
54746,0.7377707432049436
54747,0.41875340776040737
54748,0.6153907652300629
54749,0.38533695726002437
54750,0.45006678718878423
54751,0.5487623112393423
54752,0.49493982802333103
54753,0.17039445338599085
54754,0.2598523174308046
54755,0.6847778626171976
54756,0.35847040788738505
54757,0.12448565191774794
54758,0.19500597355581553
54759,0.43191394289353463
54760,0.4091798096787939
54761,0.30885628710319857
54762,0.5355262871355873
54763,0.5688648956475271
54764,0.17450919371044413
54765,0.23531093235890296
54766,0.7651240765734681
54767,0.4252435620656985
54768,0.5698011931442503
54769,0.27827194097052416
54770,0.5208279290569648
54771,0.21172236692793792
54772,0.40640595827934706
54773,0.5183075769658416
54774,0.1640659162073602
54775,0.27536486696478396
54776,0.3799234151089649
54777,0.5996861341324556
54778,0.4717337801434747
54779,0.5567569282164805
54780,0.29856289410620285
54781,0.24141041258928314
54782,0.6874841238612268
54783,0.6543121089491215
54784,0.5329354607120338
54785,0.6354074772972665
54786,0.6152277533919617
54787,0.4045613074316556
54788,0.5849223477270984
54789,0.27904764475332783
54790,0.5418838601120493
54791,0.21332108938244262
54792,0.6152372678273708
54793,0.19467787355720315
54794,0.22675878211914488
54795,0.13427855142359818
54796,0.4721600409982998
54797,0.6514700641372695
54798,0.17428886263853693
54799,0.7003250819347182
54800,0.6889966037034674
54801,0.40344102960170936
54802,0.4890222289628512
54803,0.14729902614869575
54804,0.6056566330976733
54805,0.516339494081193
54806,0.5360564037524727
54807,0.315420876905581
54808,0.48922952977726275
54809,0.5323224592492699
54810,0.19298409480828924
54811,0.7769788507037636
54812,0.5399008805909038
54813,0.7669113675193427
54814,0.6168333169075385
54815,0.1987292121745765
54816,0.145214694324005
54817,0.45463222408253384
54818,0.7538378543313452
54819,0.6161093500021015
54820,0.5032053155358313
54821,0.3304030345881856
54822,0.3728127476254098
54823,0.41357459010359515
54824,0.6034495941892454
54825,0.47072703266313987
54826,0.26104161656527264
54827,0.6383051405162757
54828,0.10211141547217575
54829,0.21686976245798273
54830,0.6349105373082349
54831,0.36827245449889606
54832,0.5770451118191501
54833,0.24905473869071057
54834,0.125776924025924
54835,0.7079892723879321
54836,0.20752680362168022
54837,0.6065735259505689
54838,0.12087637465627812
54839,0.1807014540272796
54840,0.21862741531785876
54841,0.7523379165042589
54842,0.6002431948470724
54843,0.56219474464901
54844,0.28579269433889726
54845,0.15413466862213138
54846,0.5655880720279254
54847,0.3168173025533715
54848,0.47268305256664855
54849,0.40862938769502216
54850,0.44583924641894485
54851,0.5703326420360226
54852,0.37837855321946506
54853,0.21864145787327133
54854,0.56157365921576
54855,0.5735007034924524
54856,0.5442081141431182
54857,0.4448149765988446
54858,0.20182788685889533
54859,0.14341060915762666
54860,0.3602323310488452
54861,0.5592635736330139
54862,0.144986018413016
54863,0.415022689451005
54864,0.5950184974970226
54865,0.6784578221390534
54866,0.2773698546977475
54867,0.19151055943934175
54868,0.4399799756097291
54869,0.25792818411865853
54870,0.5417233744973798
54871,0.3970191383411518
54872,0.23895927269630027
54873,0.5787167197556851
54874,0.6141430882858814
54875,0.441131196904623
54876,0.2827075888237837
54877,0.3190971147624926
54878,0.5672819644197762
54879,0.1797144543366172
54880,0.43384052684252045
54881,0.723105949702772
54882,0.1670832878610545
54883,0.5798062388340268
54884,0.27124479613315183
54885,0.5810690542600091
54886,0.6482306318567354
54887,0.26634242037153694
54888,0.21874311283601644
54889,0.8206798178213858
54890,0.4049925564099829
54891,0.3977282664169171
54892,0.5249028030247656
54893,0.7632536540120148
54894,0.6351124506337492
54895,0.1768795597323182
54896,0.3027377449346699
54897,0.3116925251713256
54898,0.7706335891381578
54899,0.3238927010427795
54900,0.49387302491676294
54901,0.4338937360874085
54902,0.543206119720832
54903,0.3294958915174618
54904,0.3109364113701064
54905,0.1568315971015609
54906,0.5916422198300656
54907,0.38481040884479445
54908,0.3497456299904555
54909,0.38468921490413577
54910,0.1961976644924991
54911,0.32010827031119543
54912,0.44624820573783924
54913,0.5620393511362906
54914,0.7582542795624532
54915,0.25465790323484916
54916,0.15406585719455781
54917,0.19398248736835177
54918,0.1732070690728693
54919,0.2388520113664015
54920,0.5539921711263294
54921,0.4857752464352395
54922,0.39178578394520086
54923,0.5782988183004277
54924,0.14893806910148438
54925,0.5094306282091227
54926,0.49263804249485005
54927,0.44172609189261697
54928,0.4253375469652061
54929,0.22357460322500924
54930,0.4331542276716781
54931,0.4814876465151917
54932,0.3116200394311118
54933,0.18182016528266617
54934,0.1810015017187175
54935,0.3535728990391254
54936,0.12493271846334081
54937,0.5259351045746353
54938,0.3738396833206023
54939,0.5579199020913511
54940,0.4852617219271696
54941,0.48283280348686286
54942,0.6089001303035825
54943,0.20217006997334136
54944,0.5675567810676084
54945,0.4282588038603859
54946,0.17929222339731973
54947,0.6982764345930442
54948,0.4072509513174369
54949,0.4350072646789516
54950,0.33353749296274854
54951,0.15826988989933194
54952,0.37765961999099995
54953,0.6472204029490112
54954,0.6670878942029321
54955,0.4027901537674173
54956,0.19225338733794722
54957,0.32257322849573994
54958,0.22146193267603956
54959,0.3673570910495462
54960,0.2703709639658362
54961,0.5089858938665711
54962,0.4900047675505573
54963,0.43460226157079285
54964,0.36900265466147686
54965,0.27786512433560795
54966,0.24952852076913087
54967,0.6047960349012342
54968,0.5586761693330954
54969,0.6786338962117278
54970,0.5876119334620554
54971,0.33572163900294716
54972,0.32483160745927836
54973,0.32391000189503205
54974,0.42587514272457067
54975,0.5214062036177147
54976,0.5721211085067168
54977,0.5574820350814558
54978,0.42451214473626503
54979,0.6434043937403062
54980,0.409245086364186
54981,0.5924423223463303
54982,0.3449578068080727
54983,0.5096485121913483
54984,0.7232630531702227
54985,0.5721263657474699
54986,0.45551793843951816
54987,0.6541297479808623
54988,0.5460989415979587
54989,0.6382573947662505
54990,0.4034643313212919
54991,0.5094908624184372
54992,0.45436746065487077
54993,0.5610837384158318
54994,0.4054958823274168
54995,0.09526479322978466
54996,0.48326084048930856
54997,0.6092303368311397
54998,0.5160333058633163
54999,0.5171256817154265
55000,0.32155721898678963
55001,0.4170205044244515
55002,0.44276083590656107
55003,0.4055868029432129
55004,0.22418460658788808
55005,0.5494817893236649
55006,0.2039900284935804
55007,0.2755160699207206
55008,0.3812023597942904
55009,0.09708258764141417
55010,0.4523526798959055
55011,0.6317738598781832
55012,0.24275743441898698
55013,0.6124221410827363
55014,0.27073809175172003
55015,0.2568185566072548
55016,0.7045444225842272
55017,0.4736714126841131
55018,0.4351424901685808
55019,0.1970446581533703
55020,0.30435889943059513
55021,0.7531300619873917
55022,0.22885920036665827
55023,0.47870677018837704
55024,0.5046109457740406
55025,0.28143619127051456
55026,0.47687300768111396
55027,0.19776223250710048
55028,0.5859675317826322
55029,0.4394228891066814
55030,0.49510433525972425
55031,0.4495672280661011
55032,0.46485264432382234
55033,0.421881804327326
55034,0.6459596330753985
55035,0.602562390933333
55036,0.13350752156405507
55037,0.399863445059291
55038,0.45852011709882307
55039,0.1821990427030548
55040,0.5362698634677977
55041,0.4879270109550085
55042,0.5548471289522954
55043,0.23526110445275503
55044,0.24223879291488384
55045,0.3091233292555921
55046,0.4953028907293769
55047,0.47495969245626196
55048,0.3822207604076053
55049,0.11915521817608543
55050,0.17338264146392238
55051,0.3219351818218554
55052,0.15399668584421317
55053,0.6750693164261825
55054,0.4837769619135726
55055,0.21960645538452098
55056,0.5222293490205487
55057,0.2763691539836416
55058,0.5306930013540074
55059,0.20380880820006353
55060,0.6865654425381033
55061,0.46852323621870995
55062,0.5544186025400122
55063,0.18484474771735726
55064,0.42515584227686465
55065,0.24326347376697396
55066,0.43872756196437185
55067,0.17434761603322133
55068,0.2516991388510533
55069,0.32426307285075623
55070,0.19867015020988554
55071,0.36562269886992144
55072,0.5081182378651492
55073,0.5490949291098501
55074,0.5330912614288953
55075,0.17941574828689233
55076,0.5960128020449483
55077,0.31057696734410495
55078,0.41485242374136183
55079,0.6543059170052383
55080,0.4875476641825201
55081,0.4543947043969344
55082,0.404045629098711
55083,0.6110909690538243
55084,0.6478003425149593
55085,0.3635519558260276
55086,0.6732006303998084
55087,0.13942293038697554
55088,0.4732874039009375
55089,0.44100062498102144
55090,0.7784807575459927
55091,0.523487073404192
55092,0.6495490650505431
55093,0.5578125891193284
55094,0.5364812466587726
55095,0.10026666819587628
55096,0.49068837349553
55097,0.4731731561903144
55098,0.3873180421353591
55099,0.14085149131652727
55100,0.3757473527127087
55101,0.5244954123588764
55102,0.6691060750040193
55103,0.3785735754605501
55104,0.4266006293426312
55105,0.5419405412176541
55106,0.14119727259303783
55107,0.2798596911207992
55108,0.32478103414298
55109,0.5000764107537118
55110,0.2221420628306357
55111,0.6448937271012162
55112,0.6167460540358901
55113,0.39518666214567755
55114,0.5647388589659148
55115,0.25046594363695424
55116,0.7911475097609044
55117,0.104524084925682
55118,0.36680328297477094
55119,0.4957263994765267
55120,0.2651364175864933
55121,0.5425561013655097
55122,0.5392897709711407
55123,0.24139690158423846
55124,0.0853818725054745
55125,0.46404414843698544
55126,0.5064957757413333
55127,0.4360363711417934
55128,0.20423373599879882
55129,0.46109186790090695
55130,0.6243920293404942
55131,0.6737814362115243
55132,0.27728656790462247
55133,0.3424929342145293
55134,0.4456284303851328
55135,0.31137461334191996
55136,0.4210025491486058
55137,0.21741475521003648
55138,0.33135047214767666
55139,0.6691917459270984
55140,0.541455615888846
55141,0.4899988092874243
55142,0.20040989084392186
55143,0.5426297546730788
55144,0.7168734999666279
55145,0.25941620304425017
55146,0.5676777467697357
55147,0.4013594404874994
55148,0.3369667272834003
55149,0.5377599131471524
55150,0.4618622840620108
55151,0.29224160376642117
55152,0.5753232604737042
55153,0.5346403188530274
55154,0.5957543770872987
55155,0.21457865354165087
55156,0.2930280670367105
55157,0.6130069794441576
55158,0.35725953707444547
55159,0.38564993081525284
55160,0.4988614193582358
55161,0.5440718097774307
55162,0.16929718869856472
55163,0.47117435124185014
55164,0.31423565893465705
55165,0.5977407839474589
55166,0.5500280287383124
55167,0.6133902644068431
55168,0.7279935151280568
55169,0.39082165881882863
55170,0.23248989670629128
55171,0.3806634455697499
55172,0.5071908858368877
55173,0.4436699510452324
55174,0.6273866394959458
55175,0.5526723247358938
55176,0.2565081579940528
55177,0.7808162071531063
55178,0.43488241411636125
55179,0.5223001598245528
55180,0.6046137014449315
55181,0.2809898857344656
55182,0.47653324014598497
55183,0.39630999267792344
55184,0.5738595233293122
55185,0.3395413233634694
55186,0.4460902445927311
55187,0.48183223610753523
55188,0.4364725634082525
55189,0.21238245727221108
55190,0.12373839081041006
55191,0.5606858358882479
55192,0.1457717802596135
55193,0.5864634731261783
55194,0.2482761920851883
55195,0.21565736575950134
55196,0.4369116575438778
55197,0.5146257455775435
55198,0.3824812695851819
55199,0.44073002067094413
55200,0.13035778570371198
55201,0.4899674964637095
55202,0.6143587475435183
55203,0.19326653302514146
55204,0.2601022015296579
55205,0.22089855651522788
55206,0.5870657672460771
55207,0.6258669248206429
55208,0.18879252810452432
55209,0.17567037061880986
55210,0.7622471950490362
55211,0.6947228549225337
55212,0.487549128445358
55213,0.4359609059229826
55214,0.15419775144174228
55215,0.19944957943031605
55216,0.6082411496400266
55217,0.27376996850108076
55218,0.6322112924263558
55219,0.7848208915662608
55220,0.6551094055517487
55221,0.25713392009700975
55222,0.5060081223176457
55223,0.38498451422526153
55224,0.3425057524465334
55225,0.6248764198825784
55226,0.395925682122441
55227,0.3679105500662464
55228,0.2840021111664677
55229,0.3648191548212282
55230,0.2527737487429794
55231,0.5322048314808393
55232,0.3017814931825385
55233,0.5766796512588719
55234,0.35280305997507905
55235,0.5187510447124335
55236,0.4796466241480089
55237,0.37770140674818264
55238,0.27634877574931466
55239,0.18669965894251497
55240,0.597027633858001
55241,0.5395382577790401
55242,0.23674040330732374
55243,0.5278678044170735
55244,0.18635422958097536
55245,0.5136999767988765
55246,0.09291077240669457
55247,0.5312265330324257
55248,0.4315463580573943
55249,0.31222960853103293
55250,0.3955010570766822
55251,0.8080741749442467
55252,0.5883326952806338
55253,0.23456309452972515
55254,0.6047099842616921
55255,0.31297001631542404
55256,0.5334005827936776
55257,0.3593786273993086
55258,0.43283844264803784
55259,0.3711637532173054
55260,0.2925691866043452
55261,0.40231065545716566
55262,0.41892445352908175
55263,0.7239847577024967
55264,0.4065822510067077
55265,0.4986166591711103
55266,0.5562363896929514
55267,0.2238098145996847
55268,0.31620550082317794
55269,0.18708069734285393
55270,0.5903713903619209
55271,0.5520356799440093
55272,0.40721146562903515
55273,0.7241615961114192
55274,0.5910394903103319
55275,0.657281298642905
55276,0.29280782400576744
55277,0.4530216135323025
55278,0.5891804916727486
55279,0.1696128141611239
55280,0.47277330227886555
55281,0.5599207440061426
55282,0.23684240995399578
55283,0.5528176991918143
55284,0.155206602994712
55285,0.2968815119195336
55286,0.575908676004209
55287,0.22946401925688373
55288,0.37780470287568685
55289,0.22835026156617103
55290,0.11015273839343112
55291,0.4569750948176251
55292,0.5124600531681195
55293,0.5862434359424376
55294,0.22190658214180775
55295,0.6071798196155415
55296,0.5943239119834531
55297,0.391249546800474
55298,0.5006143991352976
55299,0.16491813410074418
55300,0.19753007813361104
55301,0.5708356428370228
55302,0.5897372905535136
55303,0.12820323396862968
55304,0.5668916929030633
55305,0.3553265703562248
55306,0.5272569242480108
55307,0.6495596001042916
55308,0.6186381735875159
55309,0.26212306912096367
55310,0.7727048391349916
55311,0.5373018763072926
55312,0.12723273787223754
55313,0.5625730773766714
55314,0.5115710267613809
55315,0.6186604520241981
55316,0.6358821410659061
55317,0.2205256994480702
55318,0.12925757123169995
55319,0.395108371147422
55320,0.48025536202910524
55321,0.3176921958466653
55322,0.6866175627279318
55323,0.47862948324380267
55324,0.18545718593588617
55325,0.5757364253115043
55326,0.6431674872912061
55327,0.4411722193015131
55328,0.6198876343579159
55329,0.34661387415805156
55330,0.41802259317167473
55331,0.21894451291780162
55332,0.18587435264207974
55333,0.43561854333877403
55334,0.4086308507014928
55335,0.49352084462319196
55336,0.6667675817368888
55337,0.26673678404323653
55338,0.5593819218059918
55339,0.3318860218533921
55340,0.40576936872889796
55341,0.4821785662978502
55342,0.6028312737942261
55343,0.45171096818541856
55344,0.11339114010916301
55345,0.12711822012223595
55346,0.6236034329897835
55347,0.11338838093841518
55348,0.27237472658426604
55349,0.5945425731182209
55350,0.6893520126981942
55351,0.22161727103491463
55352,0.5443669032830596
55353,0.49856149242322584
55354,0.41781378616290404
55355,0.19834348845673921
55356,0.24491290786315628
55357,0.6756378630048074
55358,0.26184622357395076
55359,0.47299419231645384
55360,0.46935689914103607
55361,0.5033542400493601
55362,0.8086219367934991
55363,0.3133521135389942
55364,0.4742449293760436
55365,0.18038808604767367
55366,0.7042584977109004
55367,0.7704059035530538
55368,0.34965773092674995
55369,0.3840716373413708
55370,0.6866570207210644
55371,0.7925566312269846
55372,0.40337367827749293
55373,0.647360369798908
55374,0.4719428318811934
55375,0.5194599555634842
55376,0.41855775244947396
55377,0.4668754432921602
55378,0.22688037291825228
55379,0.33000783412162654
55380,0.23415310016994223
55381,0.19919211198077255
55382,0.7065944532248977
55383,0.6419774949630718
55384,0.6619160758577556
55385,0.5447237510786368
55386,0.48067309773464145
55387,0.5473066969823037
55388,0.3193558074045415
55389,0.7950574592167469
55390,0.25330448108556514
55391,0.4410079014169683
55392,0.23415677587683156
55393,0.3238398264677882
55394,0.5101959312750175
55395,0.5924866392307613
55396,0.5566567178854809
55397,0.7744984916212887
55398,0.5364504244914037
55399,0.44870351678240994
55400,0.389532866301279
55401,0.5452944947156058
55402,0.2884519355266944
55403,0.6060869464801062
55404,0.32523040574960027
55405,0.5052050267125064
55406,0.28917812780757945
55407,0.47387737293323273
55408,0.3298873229974764
55409,0.40806363972239557
55410,0.6471461176188774
55411,0.569373315783039
55412,0.5955678172601298
55413,0.4508427181536665
55414,0.4544331455729104
55415,0.3892933044406001
55416,0.3021020453209165
55417,0.4013319379286353
55418,0.4320811647249431
55419,0.45303006885393576
55420,0.35189357880147776
55421,0.319256747104179
55422,0.141853212567498
55423,0.45294591876327744
55424,0.2556068675770202
55425,0.6093290565896203
55426,0.39974642685581696
55427,0.5705084784883157
55428,0.36198695935752084
55429,0.6580250550490984
55430,0.13752936413744926
55431,0.30941237666910737
55432,0.5493117528675168
55433,0.4250716579933111
55434,0.46646875735283655
55435,0.35358476674417344
55436,0.7165649272820489
55437,0.15254907509615637
55438,0.3505243725752025
55439,0.38795465800317375
55440,0.36632612075623244
55441,0.5322307766936482
55442,0.6608330598772891
55443,0.11790958995163843
55444,0.5131117919623077
55445,0.29355136910693397
55446,0.35257770373320335
55447,0.5565622131814049
55448,0.3726171326918063
55449,0.11442202445986595
55450,0.3139318203405621
55451,0.5252031659943489
55452,0.5004388133210896
55453,0.44086678933873236
55454,0.5932554156656619
55455,0.5185798319050744
55456,0.6989865200366941
55457,0.11340378343497125
55458,0.304628222430656
55459,0.21368906244134464
55460,0.5687975218133483
55461,0.4436822699765744
55462,0.6314466579480259
55463,0.18728427351583898
55464,0.32132450442412247
55465,0.5089502666066462
55466,0.64285041319055
55467,0.22007339186090574
55468,0.3507384450760183
55469,0.08068814414904754
55470,0.43720833605337556
55471,0.5873958408144541
55472,0.5277036918649688
55473,0.4506412411710503
55474,0.42606465757380485
55475,0.14308773058881566
55476,0.4121220684953254
55477,0.7442995355061366
55478,0.2871735484291296
55479,0.33639430284776595
55480,0.509672155350907
55481,0.6194684462393022
55482,0.20661905503483124
55483,0.14278317281115324
55484,0.5979493549642001
55485,0.5205746714940483
55486,0.580513827825477
55487,0.33888477528227373
55488,0.37712679902095886
55489,0.44314213912235345
55490,0.47057171666436753
55491,0.1820538233201234
55492,0.6214153024889706
55493,0.6285950613079819
55494,0.7557269007557241
55495,0.5820919513401148
55496,0.284404151773558
55497,0.14863248282667402
55498,0.4551108451815794
55499,0.5796022364428929
55500,0.6198649294255038
55501,0.5502326114838519
55502,0.7618514246520105
55503,0.3559677720266782
55504,0.6990757091069142
55505,0.6121280157513037
55506,0.5787962881662541
55507,0.41076071964693667
55508,0.5691494732271206
55509,0.5681833558671483
55510,0.6444855628673241
55511,0.5077151883931493
55512,0.3854145773691367
55513,0.20519469056181147
55514,0.6368638234629972
55515,0.24310740019658464
55516,0.40464271780973393
55517,0.529679126445232
55518,0.1894992483240727
55519,0.6252918578200946
55520,0.32495485915033384
55521,0.24864984142366736
55522,0.47757246040236223
55523,0.4112716154247241
55524,0.20782106404002643
55525,0.667934732604457
55526,0.5404912646902189
55527,0.4981394080114589
55528,0.2102741840320206
55529,0.6186845594531749
55530,0.3424947205570224
55531,0.5335331938883154
55532,0.5128847704772163
55533,0.4240959534983535
55534,0.08511321436558662
55535,0.6464499032126462
55536,0.5683985421498019
55537,0.31336668652176963
55538,0.3123156137272018
55539,0.5769068580308773
55540,0.309694928250566
55541,0.6193740062421074
55542,0.22039192791763312
55543,0.33938407985652824
55544,0.7728204110865836
55545,0.1434641193427686
55546,0.21967611316328065
55547,0.21640228979811904
55548,0.48509220859144725
55549,0.6519237137568188
55550,0.6367931737602895
55551,0.39250640031376066
55552,0.5723109566755229
55553,0.30712220008388524
55554,0.4291953835992183
55555,0.1429239295527175
55556,0.47053905776216
55557,0.4258357879761349
55558,0.4291106851354712
55559,0.7093129215745315
55560,0.7854959069326825
55561,0.79153772966263
55562,0.2490518414378522
55563,0.557700437413136
55564,0.6007620048607126
55565,0.20054098981380863
55566,0.5489272428784859
55567,0.3518455144405997
55568,0.5826638033605189
55569,0.468401707027775
55570,0.5382377011626562
55571,0.5381506189078262
55572,0.47572395653176724
55573,0.3978165877811673
55574,0.2711936612187448
55575,0.3639532012399561
55576,0.5006227837055237
55577,0.47254427893130585
55578,0.669210000084015
55579,0.45217636568412406
55580,0.42195676043586816
55581,0.19202388737967818
55582,0.19790361138520743
55583,0.7365906251495762
55584,0.5178971160287711
55585,0.3724000154807487
55586,0.43489920259634146
55587,0.4164534455327814
55588,0.4430628568081544
55589,0.781570773466618
55590,0.46570698415092043
55591,0.5350722293418754
55592,0.46142880453181
55593,0.26509618695501735
55594,0.6489538738655551
55595,0.3546841303769389
55596,0.7516584221740377
55597,0.4086189271288655
55598,0.33077352657302495
55599,0.7346680731847207
55600,0.1878458161212388
55601,0.43531668183541694
55602,0.575387083159943
55603,0.655432272080109
55604,0.4395180815740911
55605,0.7923901417709729
55606,0.5647354715646608
55607,0.49166660368164466
55608,0.1746337326406082
55609,0.3198318484069109
55610,0.4671313186057191
55611,0.48751776005749703
55612,0.4687180349854936
55613,0.5391466292440801
55614,0.39527044419485285
55615,0.6011162937000994
55616,0.6500673651309185
55617,0.14345541251156899
55618,0.3729391373029286
55619,0.25171905366809744
55620,0.22843286396986492
55621,0.11330143629640559
55622,0.41361169878256243
55623,0.7093220527564951
55624,0.5149982606064072
55625,0.4785911608777031
55626,0.684646061147144
55627,0.38734120905512925
55628,0.6095014556373953
55629,0.4904552603166437
55630,0.4358631245096379
55631,0.5463331594361024
55632,0.19618898217199401
55633,0.4855787947891105
55634,0.4466510071930165
55635,0.3831907331036383
55636,0.19738339208739655
55637,0.5554336396017039
55638,0.6268614227255397
55639,0.19592034090983065
55640,0.6333250056590222
55641,0.4751123586779872
55642,0.1413545697192362
55643,0.7754441174768887
55644,0.4985942083492628
55645,0.7252478968469162
55646,0.21103427197686647
55647,0.6514178293300957
55648,0.4196659476480056
55649,0.3875710359420742
55650,0.11171114089793618
55651,0.22392500773176194
55652,0.26965514432596527
55653,0.7494311576060964
55654,0.12100332702154563
55655,0.5167381501691416
55656,0.4370204212672366
55657,0.384958086752629
55658,0.6844790153512443
55659,0.46242844774996383
55660,0.5565330457235246
55661,0.16396434806410942
55662,0.09121272564487032
55663,0.5356410071915907
55664,0.7836902735452338
55665,0.15597245724557882
55666,0.5525425780880822
55667,0.6334913133319797
55668,0.37898295139243243
55669,0.2988326669495552
55670,0.44853454845451945
55671,0.39688123139088843
55672,0.8049571533955804
55673,0.39561296338868424
55674,0.2919368750501139
55675,0.5012343351000763
55676,0.5383299115456257
55677,0.7301488237030326
55678,0.2676487048102096
55679,0.23001018755949323
55680,0.5112890897899502
55681,0.22171884369638636
55682,0.16273150647652587
55683,0.1966885279224718
55684,0.11618737963916331
55685,0.6953908260960288
55686,0.3840237309500729
55687,0.14285348933610623
55688,0.31645380350740804
55689,0.5884826021785541
55690,0.37104702127351946
55691,0.5217295078608984
55692,0.527109481767947
55693,0.45010399547760566
55694,0.7718273880170863
55695,0.6272551001015815
55696,0.5197160234782052
55697,0.7698020920415342
55698,0.33963919873097353
55699,0.7145812627767235
55700,0.7065423733848644
55701,0.24113302803179246
55702,0.5388919954035158
55703,0.26510734613576686
55704,0.8403048484752009
55705,0.8034504955149362
55706,0.11253575081292506
55707,0.4079136016736162
55708,0.36323392302976115
55709,0.4319633894776732
55710,0.6896175737650486
55711,0.7164523818911686
55712,0.4168640492721911
55713,0.6032967385424952
55714,0.17965442412789065
55715,0.5512261375824948
55716,0.5320519745695371
55717,0.3519618746309953
55718,0.6277190116789995
55719,0.34892783200889854
55720,0.37549869599213426
55721,0.22681997220994737
55722,0.32139949808962354
55723,0.3734948254460993
55724,0.7259182622260142
55725,0.23983294653098283
55726,0.5600673522087051
55727,0.17492619442955895
55728,0.31684339536504263
55729,0.29897016874997767
55730,0.5262958833106731
55731,0.47279151942001924
55732,0.7438706160973424
55733,0.5281934171274695
55734,0.23368401357876448
55735,0.30144222438759377
55736,0.5721757736529901
55737,0.8000339734910551
55738,0.41016593275465135
55739,0.2946559509324637
55740,0.7303515944674726
55741,0.7484867213260181
55742,0.6925956717748669
55743,0.23511516738707078
55744,0.19439468905382956
55745,0.7494557455857545
55746,0.7184163381085575
55747,0.5443180258309295
55748,0.6381858188693875
55749,0.5668586861161217
55750,0.446910508913439
55751,0.7741931473053627
55752,0.821466711046567
55753,0.37181851904416013
55754,0.4406392308867594
55755,0.21801566778992046
55756,0.23737467543913698
55757,0.311346320167184
55758,0.21372366357650208
55759,0.7631482955709851
55760,0.40165336963570475
55761,0.5654231565029462
55762,0.5233232578789722
55763,0.6089857167647095
55764,0.6825348841629879
55765,0.8180896855957126
55766,0.2669717349603886
55767,0.7524560165472194
55768,0.7777822550996509
55769,0.4593034904644711
55770,0.5759397172390075
55771,0.37250154426391446
55772,0.6250632701344278
55773,0.2385298955077383
55774,0.30793251451426534
55775,0.1671159114811057
55776,0.4033978552964072
55777,0.1287304170723057
55778,0.08689247127262707
55779,0.7541620863063604
55780,0.765767624474655
55781,0.34999793842253285
55782,0.4505202186984627
55783,0.5021737613538468
55784,0.5605705194417413
55785,0.28805156380704017
55786,0.4689860569123095
55787,0.6193883728004358
55788,0.35603387168096895
55789,0.7397923144266588
55790,0.5285291320686977
55791,0.6230476981628116
55792,0.7301389456374916
55793,0.8205080659264865
55794,0.43235769236160604
55795,0.42473751617032585
55796,0.6544558209961102
55797,0.5148302835531272
55798,0.6080647559912177
55799,0.526684310708359
55800,0.5406953032758668
55801,0.21164983017929823
55802,0.4799269552962842
55803,0.27388016997308734
55804,0.5388411279023572
55805,0.1215387604695304
55806,0.7134586154439767
55807,0.26861759675280283
55808,0.5502713995921892
55809,0.5609035327027988
55810,0.5353475933713213
55811,0.49548361595619395
55812,0.2312865426388654
55813,0.22928708915862633
55814,0.14575148319337114
55815,0.5342715195711623
55816,0.404587790742353
55817,0.40086289192089836
55818,0.4052356725997646
55819,0.4156029199663879
55820,0.7956288644372433
55821,0.16008257038876
55822,0.15597083457746144
55823,0.5678078187043889
55824,0.24052696850762623
55825,0.48351352296538985
55826,0.49993141424311804
55827,0.6368665365016786
55828,0.5435009411008611
55829,0.5671467399913207
55830,0.3083378436876583
55831,0.1465854351637412
55832,0.32424739275743536
55833,0.3849779230723301
55834,0.3549846973903722
55835,0.1826277842293109
55836,0.11703040348624251
55837,0.5852474931146918
55838,0.2739029105002023
55839,0.6317775014161439
55840,0.42159358757359666
55841,0.6092658707063999
55842,0.14780091999287498
55843,0.4769310309932733
55844,0.6681494605188115
55845,0.3678881596509502
55846,0.7364203525131247
55847,0.21923590525779807
55848,0.5457422950915295
55849,0.20814915185294527
55850,0.5453166940880823
55851,0.5499296611111046
55852,0.5623049246349706
55853,0.25821340463506676
55854,0.5105844595516748
55855,0.563460232745087
55856,0.23698545060505966
55857,0.7258413166615939
55858,0.3075349972207318
55859,0.09908945126087934
55860,0.48810509353689074
55861,0.3793160903863376
55862,0.19694084404630666
55863,0.24098527750416063
55864,0.7212280350166657
55865,0.3084081756743967
55866,0.8011375801871927
55867,0.4447316121115291
55868,0.4805242721501167
55869,0.24619831562430394
55870,0.5330395733426697
55871,0.4515328029728177
55872,0.6465912598149404
55873,0.25532834450746084
55874,0.48340850932583845
55875,0.6516202353517577
55876,0.27919619441262533
55877,0.3728965878976309
55878,0.32983030182773476
55879,0.4419435856022448
55880,0.5926010199439843
55881,0.4666538212347898
55882,0.5942544763960469
55883,0.5397215480550679
55884,0.616601661873185
55885,0.23906639072537228
55886,0.5949643302613801
55887,0.7063310188823215
55888,0.486218488850649
55889,0.39823509126681883
55890,0.5157571024476324
55891,0.439732129938289
55892,0.36226937322918973
55893,0.4694774424675048
55894,0.562925392590638
55895,0.49762981085690633
55896,0.19421006861197296
55897,0.44283083900688247
55898,0.565507408256399
55899,0.19029433610553273
55900,0.46501575111663745
55901,0.5433754020748727
55902,0.10009871058909929
55903,0.6094973600325335
55904,0.3022109372734621
55905,0.19444223733158564
55906,0.25691156985059777
55907,0.19672249078006598
55908,0.48081442797064533
55909,0.3962104952105447
55910,0.47272774156463276
55911,0.3943181683724464
55912,0.5464029367440149
55913,0.5647185488467433
55914,0.4619442241194256
55915,0.5399172671400309
55916,0.5297930842100904
55917,0.26492561530364417
55918,0.5988623249741718
55919,0.5687925107054108
55920,0.23790986073606077
55921,0.3329399467179908
55922,0.8042769903904209
55923,0.6524079139859044
55924,0.48513933526971775
55925,0.48849925517312537
55926,0.21779872167292721
55927,0.17119827983970382
55928,0.4161640240307286
55929,0.2599922603291192
55930,0.4116101027309313
55931,0.5776408694489336
55932,0.40286275904574076
55933,0.43373449906490363
55934,0.3520205030743395
55935,0.5466369182336236
55936,0.20839221016802514
55937,0.22171447594015364
55938,0.6185408733979617
55939,0.539496350630471
55940,0.49219906874989694
55941,0.1770501163055805
55942,0.39259298337137144
55943,0.4174685655517159
55944,0.5873871301433711
55945,0.18552002730831937
55946,0.37961580224840885
55947,0.6917354222037966
55948,0.5691482404805481
55949,0.3579199272849119
55950,0.22194439642269087
55951,0.3930741496259403
55952,0.4746855869324787
55953,0.5519020568556539
55954,0.6544614191558947
55955,0.24804418637947512
55956,0.2524779683285116
55957,0.7996087437919969
55958,0.3889193973210551
55959,0.2620279462009097
55960,0.52518501248181
55961,0.35113662948544744
55962,0.6139385072503377
55963,0.6075809467900092
55964,0.2984818496397105
55965,0.3579832425603529
55966,0.4747884909087954
55967,0.20286931543706013
55968,0.44187173680274605
55969,0.43029253667989376
55970,0.4634509564929381
55971,0.4313672249173034
55972,0.1396153894101987
55973,0.6992474296349739
55974,0.419763248482664
55975,0.699064907837127
55976,0.45210196457547447
55977,0.2780502725184827
55978,0.44114375142721074
55979,0.4781343948164493
55980,0.2289377520234636
55981,0.17543996598723596
55982,0.19329534828392536
55983,0.7130706682968502
55984,0.8018917150129028
55985,0.3019594156782114
55986,0.5243505482814084
55987,0.521104337544061
55988,0.7148466966969429
55989,0.2646222266824215
55990,0.5203785830160218
55991,0.6844296586703215
55992,0.37558826944428236
55993,0.5594492687107204
55994,0.48255979019648854
55995,0.4910363141657387
55996,0.8156778448222145
55997,0.7309510522810112
55998,0.6742063678635201
55999,0.640099327418548
56000,0.38990368510286627
56001,0.5643457301682144
56002,0.22659804839935155
56003,0.7884248299195775
56004,0.5065242170124697
56005,0.243479484733639
56006,0.24940833933263784
56007,0.22377151812819457
56008,0.35560130878591834
56009,0.42250668491790727
56010,0.6078261236847802
56011,0.435690723071019
56012,0.3391027735344443
56013,0.11578801741374789
56014,0.6357672080139473
56015,0.3801576473730186
56016,0.6767119198414829
56017,0.19267294190118198
56018,0.2147208667844305
56019,0.7260832861464889
56020,0.4062228321280244
56021,0.31768093235082184
56022,0.42491911697739104
56023,0.17250729797344957
56024,0.3185515532249097
56025,0.5863482362901602
56026,0.6328938617605911
56027,0.6765515766142403
56028,0.14806392284498718
56029,0.47697117920294596
56030,0.6965955641780474
56031,0.447555107477117
56032,0.7076813763165725
56033,0.3016802946015769
56034,0.5692927456245896
56035,0.5909625030245501
56036,0.5920757741610043
56037,0.37419037396475646
56038,0.4398413648772413
56039,0.6776358111070687
56040,0.38564165193274025
56041,0.49028038326548934
56042,0.6009093438347218
56043,0.2650680890431418
56044,0.5389234543326309
56045,0.6561164011321152
56046,0.22228781425957922
56047,0.4138993591560541
56048,0.4062848801106486
56049,0.6390365704611451
56050,0.5780120682809506
56051,0.2989148780966227
56052,0.7384338224491293
56053,0.27486250443101484
56054,0.3148240626504275
56055,0.25077882638266974
56056,0.449452333567261
56057,0.3041390057272801
56058,0.45844103192153574
56059,0.5708357896856022
56060,0.45198356044264404
56061,0.24109833676806844
56062,0.3740835983433726
56063,0.4440152094567715
56064,0.43961754305696965
56065,0.49983105740361355
56066,0.3379194457136561
56067,0.3582458333625376
56068,0.31451537302182836
56069,0.08912282227912321
56070,0.5067667112343567
56071,0.4593276991471617
56072,0.609266779950253
56073,0.522417228409414
56074,0.0858154542617331
56075,0.5497804817219447
56076,0.5789642675471598
56077,0.6670976792055545
56078,0.6352878872947179
56079,0.20673013765472792
56080,0.18542626990214595
56081,0.5751659693038274
56082,0.5510121787467658
56083,0.3311124976680439
56084,0.5317500076613909
56085,0.2754552458235508
56086,0.7491505065032159
56087,0.4560217766841058
56088,0.6086271386031503
56089,0.7535928736318688
56090,0.16742572096123592
56091,0.2558122788330243
56092,0.3694867420554052
56093,0.4093341957460178
56094,0.27500675672152974
56095,0.2735008256460179
56096,0.36266015094723136
56097,0.186701779156512
56098,0.7438148354331182
56099,0.3346598048798685
56100,0.12743314734480973
56101,0.2513934819739143
56102,0.2773009058291909
56103,0.574260242898834
56104,0.3150072169939384
56105,0.6286122302751013
56106,0.26457785099251135
56107,0.6052110634046413
56108,0.7415342083191412
56109,0.5286422421953604
56110,0.6662788887477735
56111,0.6664469488771515
56112,0.4730563877864612
56113,0.34824050227310405
56114,0.37443645195315256
56115,0.4799561634508766
56116,0.2930584769649347
56117,0.4562860872411759
56118,0.7270864841215655
56119,0.4150879444490249
56120,0.5836226417223807
56121,0.5905644767201089
56122,0.540258550584293
56123,0.6428169140583258
56124,0.1386557927168632
56125,0.297195433712427
56126,0.5594779516996529
56127,0.5387747687898629
56128,0.5854374688499363
56129,0.5415623563733091
56130,0.7064164339889902
56131,0.24767572731498946
56132,0.2743898210241098
56133,0.40781141387042497
56134,0.22676031627865992
56135,0.34681274345134466
56136,0.5456707328802121
56137,0.661840056346664
56138,0.38527439879243347
56139,0.470108354572428
56140,0.1516930574500525
56141,0.6001113619980505
56142,0.2563913469176924
56143,0.21587688021344265
56144,0.7328249357530751
56145,0.7825722298562602
56146,0.3361196096324195
56147,0.1959730017368759
56148,0.1806163936934719
56149,0.3669750102457061
56150,0.5911745511255749
56151,0.4543589076885151
56152,0.5708575532442483
56153,0.6778207674835739
56154,0.48835810511767225
56155,0.657597386050999
56156,0.43914060478394734
56157,0.36442031373369516
56158,0.3510995107846652
56159,0.4821202588967853
56160,0.21101531284654143
56161,0.6134697670345816
56162,0.22453101864496045
56163,0.48618001502630515
56164,0.07519794641258791
56165,0.15836255121148476
56166,0.13103004681700564
56167,0.6614961349507428
56168,0.5675461847125362
56169,0.6747520984028814
56170,0.4825878666322901
56171,0.6412735714482576
56172,0.4664136229664976
56173,0.5753919116013577
56174,0.5463502574840284
56175,0.21748752783894187
56176,0.6874221732313605
56177,0.1929049928459857
56178,0.1704828252997107
56179,0.3024244235559778
56180,0.6169001065657099
56181,0.11908545939054314
56182,0.24702246525988528
56183,0.5805337211986145
56184,0.23744692044497354
56185,0.38440879478059736
56186,0.5427278971257756
56187,0.35918984675363896
56188,0.46162073894909056
56189,0.4159032060273938
56190,0.5737329037838265
56191,0.27336015950354925
56192,0.3688004767645742
56193,0.5861883166410276
56194,0.18754648172256802
56195,0.5673479509270284
56196,0.5967156627882646
56197,0.3463923620633335
56198,0.477897119622791
56199,0.49353424204255414
56200,0.3873748834705497
56201,0.5247115575580552
56202,0.6681462467457643
56203,0.5577208311765777
56204,0.6056193357381464
56205,0.5461303108848076
56206,0.27794876046232997
56207,0.5512234567981225
56208,0.563174185073153
56209,0.12450929638541035
56210,0.21559005513806834
56211,0.3562862737373485
56212,0.5640285680225634
56213,0.36415766027651025
56214,0.4223202424411654
56215,0.2912107777562516
56216,0.27262150203061214
56217,0.28265269499892076
56218,0.5529269771254883
56219,0.4606700045356064
56220,0.12967471893852228
56221,0.7385403582376164
56222,0.601034793172762
56223,0.5014040528126985
56224,0.5861978343063537
56225,0.4003740440264129
56226,0.2065303018914905
56227,0.22697228872160857
56228,0.23182004038523943
56229,0.8152088276117256
56230,0.7452636804412617
56231,0.5089630179556056
56232,0.5912820572247954
56233,0.4717015975109431
56234,0.6235674295346649
56235,0.35557344878344344
56236,0.6223851177947844
56237,0.13045515889194953
56238,0.41164515424843695
56239,0.5270325697724647
56240,0.19484970235966456
56241,0.315050774128477
56242,0.35600636423312737
56243,0.20937469722948862
56244,0.5460364729029924
56245,0.5936314345108912
56246,0.09457445429723316
56247,0.18050161345487586
56248,0.5343886143607409
56249,0.5611748253961656
56250,0.163217944045859
56251,0.6644115018729514
56252,0.4896047410311781
56253,0.6522049577976207
56254,0.16782295754736878
56255,0.3108245795009677
56256,0.5318724949057455
56257,0.31847296959823673
56258,0.7271882649616758
56259,0.7230045796925623
56260,0.6206717810202578
56261,0.5239302918709773
56262,0.44404668089828003
56263,0.2682647953519965
56264,0.6563318704704277
56265,0.3111959465649602
56266,0.7660101295409607
56267,0.8120330690596352
56268,0.6574832940665655
56269,0.7273292900231109
56270,0.6924875414959571
56271,0.17095924338495
56272,0.23419666858461244
56273,0.6097928169088093
56274,0.3393612200521128
56275,0.6458160275481973
56276,0.18633130014715646
56277,0.21358720452534544
56278,0.7171511492499573
56279,0.7794849411145807
56280,0.7048819181181831
56281,0.5298073600230078
56282,0.30589141007973286
56283,0.44045337536242024
56284,0.588133967303135
56285,0.4841983342915291
56286,0.3581609439323986
56287,0.5751501416375777
56288,0.22576839601742732
56289,0.532643626299116
56290,0.20837775965775904
56291,0.3380704497924541
56292,0.5631429664599811
56293,0.7260241480560077
56294,0.6837453787510572
56295,0.6148214951026585
56296,0.512910291400361
56297,0.5233984770130361
56298,0.21008553985848988
56299,0.13982053388278132
56300,0.42004650934696375
56301,0.3043370440692247
56302,0.3947989059294556
56303,0.40382645015559326
56304,0.7160139698578237
56305,0.5946110433753892
56306,0.5685513726887305
56307,0.3330928290298648
56308,0.38470898645327023
56309,0.5173551152032543
56310,0.22798556418228658
56311,0.36236334697352574
56312,0.6515693300284727
56313,0.5787007987134294
56314,0.21488563547070022
56315,0.37104025567344767
56316,0.3671922139162412
56317,0.48847018620159444
56318,0.6578621515440732
56319,0.5078991996638959
56320,0.1542352152448919
56321,0.51440655564439
56322,0.5101218654880171
56323,0.39002739615131654
56324,0.3974951399428673
56325,0.7105577907312567
56326,0.35784716326369237
56327,0.29537479943100714
56328,0.43302322756235145
56329,0.4657213522275393
56330,0.38363512290844415
56331,0.473651559516545
56332,0.18617863173418867
56333,0.47366478003187906
56334,0.5265782007974201
56335,0.09121405166360746
56336,0.41635252118879507
56337,0.08594369097827509
56338,0.6143448778932618
56339,0.3763234332364041
56340,0.4590117884081639
56341,0.6476173452594929
56342,0.6578299565453163
56343,0.5434053351856222
56344,0.38500978426671567
56345,0.4732726647540398
56346,0.5924188052783077
56347,0.44675817285859404
56348,0.3440499659803787
56349,0.5375905922868502
56350,0.20721258783664223
56351,0.4986510040498623
56352,0.6338609292208848
56353,0.37538788447591515
56354,0.5777076306057903
56355,0.43347705088412436
56356,0.21530250108614146
56357,0.23878950001379243
56358,0.6826342749665605
56359,0.5853252528475731
56360,0.37270657932518253
56361,0.534828183336262
56362,0.5603377742058988
56363,0.40481079086516225
56364,0.5812230509146961
56365,0.6264606381765383
56366,0.5789527333752998
56367,0.5575152753084187
56368,0.22251959362344884
56369,0.25333069233218364
56370,0.6229285864994696
56371,0.3011218588812772
56372,0.5564733267022739
56373,0.5320120548467299
56374,0.44802410688641175
56375,0.4665523726325884
56376,0.5776176163371713
56377,0.2464691452670167
56378,0.5551073237379072
56379,0.5280805061342984
56380,0.34264656979154356
56381,0.7503701094083219
56382,0.15039740451037173
56383,0.4275669751146435
56384,0.177424842317855
56385,0.27001322079075024
56386,0.20531115802854946
56387,0.2994626260606951
56388,0.26902653701275203
56389,0.31462350815879
56390,0.47201152686767295
56391,0.3831805795116764
56392,0.192185935312798
56393,0.28249862268391973
56394,0.5487121324963505
56395,0.593940728274608
56396,0.5690340967748787
56397,0.45328642811838216
56398,0.21960149117215136
56399,0.478257109160282
56400,0.5684204734807216
56401,0.4198371111606953
56402,0.2929508850925793
56403,0.4626566813154293
56404,0.5204614168065629
56405,0.6054237701317304
56406,0.3550930314399168
56407,0.5504419694486778
56408,0.44692191043115853
56409,0.23906578358844682
56410,0.10357504782407533
56411,0.44931208841446824
56412,0.25428646259835375
56413,0.20280277847496156
56414,0.3388520741596908
56415,0.7037101047306182
56416,0.5847457304137711
56417,0.21208182663654537
56418,0.8172973552642472
56419,0.6441802537111015
56420,0.5542268813941715
56421,0.5375241930124786
56422,0.5879271015175286
56423,0.5303190454876701
56424,0.13331582638926384
56425,0.46538613966817777
56426,0.37718095836209103
56427,0.2650793899365039
56428,0.720693515429318
56429,0.5350031613923979
56430,0.3454353797557783
56431,0.21652634982321964
56432,0.2269219222997287
56433,0.1754918326831416
56434,0.5615999414604447
56435,0.20766254401863532
56436,0.12699005928039508
56437,0.6883921704589807
56438,0.5248929911593422
56439,0.5046366908943628
56440,0.16488811803561818
56441,0.7682246895290492
56442,0.3604771020245439
56443,0.3421797668947425
56444,0.3797038325998185
56445,0.5469361702797182
56446,0.47049167183030133
56447,0.6084337687176093
56448,0.7952475058616479
56449,0.4084996249350914
56450,0.4478078145640724
56451,0.7507212004223649
56452,0.28730019338854607
56453,0.6340477408871273
56454,0.6948100974025821
56455,0.6440524541011636
56456,0.586163917198464
56457,0.43853284539270776
56458,0.1987550288798023
56459,0.1361931905598411
56460,0.5902463168399922
56461,0.7583002244195334
56462,0.4452745810599886
56463,0.35267761105993334
56464,0.27105894253419893
56465,0.37309149121734236
56466,0.48492634973378307
56467,0.21088563152903486
56468,0.2682665932276038
56469,0.1866980344162144
56470,0.41098770266647133
56471,0.6488071340898088
56472,0.3841695959825169
56473,0.5935012327326308
56474,0.5158532112510903
56475,0.5691930358396661
56476,0.30045454302580105
56477,0.7948542159780474
56478,0.4478985845516629
56479,0.547251454793023
56480,0.400993675749027
56481,0.4217484640206175
56482,0.39785373335317537
56483,0.3032380540087647
56484,0.28895837091668286
56485,0.6282872054005638
56486,0.5492838214099548
56487,0.6443255854084294
56488,0.8233332846038639
56489,0.5481291067416497
56490,0.5860626138773303
56491,0.19110734761523374
56492,0.5937050306285858
56493,0.2998291347479997
56494,0.10465211912189695
56495,0.5423718566261614
56496,0.45087704916374055
56497,0.23245628848936237
56498,0.7049448252505549
56499,0.22591722854823376
56500,0.28826363859084353
56501,0.681867058175739
56502,0.7182106422317142
56503,0.667468562295841
56504,0.38618325926169156
56505,0.5450151834874019
56506,0.7358011791297409
56507,0.1359784623607357
56508,0.15645565854162716
56509,0.3428160317980589
56510,0.5743628078432478
56511,0.35584515226101215
56512,0.5042941320742967
56513,0.7184899939517077
56514,0.4579467945010494
56515,0.40143287014008733
56516,0.4055415012937775
56517,0.729567377750068
56518,0.3310886733162194
56519,0.758861677371604
56520,0.44541201508720385
56521,0.2836175655249234
56522,0.36446300633173145
56523,0.5884297231854276
56524,0.32837653739673145
56525,0.7099669359774508
56526,0.5092809165661892
56527,0.3147347990063284
56528,0.23632812956075103
56529,0.24388492202561732
56530,0.5036254750833398
56531,0.5374862915015551
56532,0.463441602187548
56533,0.18238561544066184
56534,0.6170212266311547
56535,0.5716424030070523
56536,0.5361803569179033
56537,0.5331581035027888
56538,0.4094181829709497
56539,0.6901304741613074
56540,0.34868729767342327
56541,0.1965376262431916
56542,0.3661388001546405
56543,0.4646539628454596
56544,0.35619871640528167
56545,0.22871444047173067
56546,0.25278454968520453
56547,0.5721777167811001
56548,0.45608123867877254
56549,0.38403022605703996
56550,0.6927238897571635
56551,0.12358382065267616
56552,0.21879996548835423
56553,0.16192140241524722
56554,0.4936999799835316
56555,0.5144013580585065
56556,0.47574262723277194
56557,0.5938891444425828
56558,0.3552105329435244
56559,0.18978024593129275
56560,0.2697542215562882
56561,0.621052444229747
56562,0.13501695320487195
56563,0.3317038534720263
56564,0.5774211475918416
56565,0.31820799834453345
56566,0.5251270296927601
56567,0.6354032176211916
56568,0.24997178185626018
56569,0.1126083825985079
56570,0.46255485828750265
56571,0.4867672565814242
56572,0.5119941909973734
56573,0.5019946473877915
56574,0.7722601973460902
56575,0.37745043488565766
56576,0.5339262709251057
56577,0.48242663483499854
56578,0.5722225271859407
56579,0.12021424839926545
56580,0.2055631344797089
56581,0.22735339923105063
56582,0.24224270239401666
56583,0.3292343711428956
56584,0.5928731755473222
56585,0.3694891168473092
56586,0.3971512130228191
56587,0.5380089471795839
56588,0.5255441562808914
56589,0.5625222181286547
56590,0.47681112737041403
56591,0.748694898693165
56592,0.8063569806906494
56593,0.7452885517094443
56594,0.3273332567957659
56595,0.3605827387306588
56596,0.17460089828995162
56597,0.7576735850135359
56598,0.5506197643732407
56599,0.5294115291618715
56600,0.45135494908696655
56601,0.44777547742503326
56602,0.5670619164493378
56603,0.24704482235863093
56604,0.2426378297714363
56605,0.144685631143742
56606,0.48043212723612483
56607,0.5017233376967016
56608,0.5739565885994902
56609,0.45988338480734264
56610,0.18361995670844752
56611,0.4097854264518611
56612,0.7252486428990838
56613,0.6809484167086651
56614,0.5837439153625367
56615,0.50005233163436
56616,0.4222931255039569
56617,0.4769184031509453
56618,0.6083923549187871
56619,0.4204604074792366
56620,0.47829421746414724
56621,0.2696070334410673
56622,0.477011405231437
56623,0.4915835978151512
56624,0.6431208694321702
56625,0.7410543630065773
56626,0.28488106757543347
56627,0.6318613525683102
56628,0.4405674937284159
56629,0.29635195759764266
56630,0.1746790402993317
56631,0.28786810757222664
56632,0.36391973173482667
56633,0.4902135298099057
56634,0.5602114574646073
56635,0.6185632903193663
56636,0.2961542824802951
56637,0.5649294448379659
56638,0.23135887741434982
56639,0.7232432859022502
56640,0.5937126716809422
56641,0.40338161676614687
56642,0.39726488876344335
56643,0.23702291124907457
56644,0.2106685001813037
56645,0.7041720653098592
56646,0.1474227158793374
56647,0.16325090100785553
56648,0.5397984121944477
56649,0.5145716649989381
56650,0.4587055862313992
56651,0.3174159586278469
56652,0.5258652893688778
56653,0.7333047703869119
56654,0.5267141330480638
56655,0.2706944520942379
56656,0.17913711866616008
56657,0.5938722287745724
56658,0.27477411560397225
56659,0.6183093560175965
56660,0.3483205268140517
56661,0.4899440307435328
56662,0.13683636058254728
56663,0.7061865435928008
56664,0.6400285111288222
56665,0.4221895147059741
56666,0.6261255324204821
56667,0.7824466595717002
56668,0.5235027170159057
56669,0.376390327920583
56670,0.575545910490945
56671,0.2539782586064412
56672,0.4651590444336558
56673,0.33898053727054994
56674,0.33741820607582773
56675,0.3145359633626624
56676,0.30238946346436857
56677,0.5323808116739303
56678,0.443179201837607
56679,0.5327478955973726
56680,0.8192508829025239
56681,0.5182865763587444
56682,0.27602122621755154
56683,0.5472311702744727
56684,0.3437657665030703
56685,0.5172850585046024
56686,0.6715101702677371
56687,0.3462214198021693
56688,0.31319142859925514
56689,0.5919597522305141
56690,0.22243240689646937
56691,0.47195234699116323
56692,0.6569281154731536
56693,0.259604614886468
56694,0.6170981803068823
56695,0.37603962161388416
56696,0.5913781136170004
56697,0.5241340232263444
56698,0.5644650638122882
56699,0.21165230257608625
56700,0.15668170682845411
56701,0.5585465994238726
56702,0.4078105452100799
56703,0.20785615273849578
56704,0.23325624004078058
56705,0.8086804502662703
56706,0.5789487427497664
56707,0.20488502346064513
56708,0.384492686608776
56709,0.40223387672065997
56710,0.5978492835789233
56711,0.18423146983856323
56712,0.17260175733426483
56713,0.6307314345424396
56714,0.5277706756493855
56715,0.4032687583124258
56716,0.7257219230450067
56717,0.6067711104563935
56718,0.7761282268015444
56719,0.6493177675703511
56720,0.16844344021827495
56721,0.5625839335561744
56722,0.3019981372760383
56723,0.21877936854777832
56724,0.5201713229196
56725,0.5114182178227539
56726,0.38300542144726246
56727,0.26391914019406326
56728,0.45173237926946874
56729,0.6157155399320824
56730,0.4290476349186702
56731,0.2624306451304435
56732,0.45436998116534477
56733,0.39631028949600455
56734,0.33745637173499954
56735,0.21525589525128128
56736,0.7621492113849592
56737,0.21212231765488163
56738,0.38785568690848127
56739,0.6558278832291596
56740,0.5133370428275358
56741,0.42256905363680225
56742,0.6856410908101418
56743,0.5394693140309662
56744,0.33446152659661227
56745,0.5754149561703152
56746,0.470021368437573
56747,0.5813208480395259
56748,0.3062391559385761
56749,0.3928345549126207
56750,0.2528560200878815
56751,0.8039666988367057
56752,0.18218851596782898
56753,0.47333357971989076
56754,0.5307776738777746
56755,0.4057067169455125
56756,0.2889578119125005
56757,0.6974586852762805
56758,0.7707144313288001
56759,0.5931702408043357
56760,0.14500057219823564
56761,0.5538753031061615
56762,0.6144280295692138
56763,0.19110923080942546
56764,0.5482721105027294
56765,0.515410285659056
56766,0.24406058712135434
56767,0.6630274216660033
56768,0.30077248279645263
56769,0.38044012045781145
56770,0.4020822726798658
56771,0.39665121101420764
56772,0.3533222184797265
56773,0.21281295565816652
56774,0.4115190951763894
56775,0.20161596514285468
56776,0.7578855884662995
56777,0.3333419284656899
56778,0.3713216402262656
56779,0.8041815769275508
56780,0.40294393049023486
56781,0.38137210364022317
56782,0.3501536093427842
56783,0.433044217224888
56784,0.42144296552283683
56785,0.525229782162018
56786,0.3738264617783186
56787,0.2882612176023005
56788,0.21900532129421166
56789,0.22562558105024003
56790,0.775779059607007
56791,0.4905542231314711
56792,0.196348158173715
56793,0.3823485132730535
56794,0.46092621850752297
56795,0.2995189686763484
56796,0.28273091354735935
56797,0.4010193460347591
56798,0.2488094807290948
56799,0.49968359751905944
56800,0.6669513126330254
56801,0.330218775496321
56802,0.34912772456450364
56803,0.40297934669951535
56804,0.252524471789147
56805,0.44089329720607245
56806,0.2309669802987716
56807,0.33986763710908896
56808,0.39459065673376703
56809,0.20109047066467498
56810,0.397675975586375
56811,0.34829464721223563
56812,0.20151304398353645
56813,0.5073912218218121
56814,0.63734428544407
56815,0.34790946187181493
56816,0.5029221865688023
56817,0.17540493035141017
56818,0.1735228089893683
56819,0.499083309081786
56820,0.38562776235458407
56821,0.5663590734154411
56822,0.6150557632980322
56823,0.5446140373036367
56824,0.4130745087643923
56825,0.5079080213994416
56826,0.45394355958647464
56827,0.7112259875590046
56828,0.5521559709533136
56829,0.45718209675006527
56830,0.12929141296412816
56831,0.2580749798174114
56832,0.3671660318005395
56833,0.590020625776042
56834,0.585990812492247
56835,0.5253069125102843
56836,0.5138153634019593
56837,0.4415060151504012
56838,0.42119169030142434
56839,0.4013327260316413
56840,0.7106859983421
56841,0.43203216417141016
56842,0.15039761139342764
56843,0.6470636558669526
56844,0.5436446454935215
56845,0.3039028369913347
56846,0.24278081216999484
56847,0.38712947809346765
56848,0.22688936065324228
56849,0.16892154487900438
56850,0.584567705216596
56851,0.5424230912582227
56852,0.13920768180906481
56853,0.7414748867776644
56854,0.5178566922404965
56855,0.5169467299069832
56856,0.4219127714232924
56857,0.29604702711731784
56858,0.3454520891422127
56859,0.26563823529494607
56860,0.4606908561058556
56861,0.42602427282041144
56862,0.1795540233068507
56863,0.46084240551904726
56864,0.20381333916334082
56865,0.1184349944037333
56866,0.48792645961009357
56867,0.5099542703455069
56868,0.5500816361144152
56869,0.46000930139336005
56870,0.5416643102935138
56871,0.5709121479305518
56872,0.3205955805478278
56873,0.4795851142999874
56874,0.7807169815899745
56875,0.24954447906201585
56876,0.37888570156344353
56877,0.5166315236618666
56878,0.5950802369726684
56879,0.5642451164736146
56880,0.16101727092194335
56881,0.511481498977615
56882,0.4609826768011243
56883,0.6301597110195031
56884,0.5400326522010428
56885,0.5411994246995157
56886,0.4975121966677035
56887,0.4412786005637879
56888,0.40620276609765804
56889,0.25187935495881986
56890,0.5156143244061738
56891,0.6590525483887794
56892,0.528437573385115
56893,0.43027994659221097
56894,0.5646466473334711
56895,0.6709962916432549
56896,0.5035757469988376
56897,0.356615146597592
56898,0.3865637249713315
56899,0.5506586236456984
56900,0.5937954213285821
56901,0.19786004610477256
56902,0.5219438749407759
56903,0.6391503570366442
56904,0.3448456119230454
56905,0.42272288570317906
56906,0.12117798839146995
56907,0.38770364672606894
56908,0.3881003663261138
56909,0.7377561895786251
56910,0.30520572894222175
56911,0.4148651325627875
56912,0.24268431815208194
56913,0.20391982477122586
56914,0.5953389845215084
56915,0.5357100259518379
56916,0.39738990545456254
56917,0.3564050524869524
56918,0.41210308105741544
56919,0.29462967447143307
56920,0.19968109301889755
56921,0.4835368131739087
56922,0.824901160614257
56923,0.2537744172769727
56924,0.31457416971555646
56925,0.6266601798661997
56926,0.34927118225719495
56927,0.43092295869282166
56928,0.33024949048703894
56929,0.18352172584414203
56930,0.5512286420563168
56931,0.2798703292462295
56932,0.19452853252616137
56933,0.4106567475556792
56934,0.5803410752953985
56935,0.5548316177779424
56936,0.27326545455854717
56937,0.400327921842962
56938,0.6177373996009646
56939,0.4892171886094272
56940,0.3889182478784959
56941,0.8301406200490005
56942,0.09209411613686985
56943,0.3135611881255711
56944,0.4939808722739467
56945,0.4807966850227667
56946,0.3629911140530579
56947,0.45968643544831667
56948,0.6968702555789245
56949,0.45543615390262177
56950,0.361901128844594
56951,0.37225142696626906
56952,0.5722318163773036
56953,0.23467725965214115
56954,0.20060645520463383
56955,0.6640601119246842
56956,0.6522582810116738
56957,0.6038100353494088
56958,0.5734180736671207
56959,0.19447495345000845
56960,0.1455522897141954
56961,0.547629074892665
56962,0.7328960736899016
56963,0.6145093286586498
56964,0.5678748797196285
56965,0.7624664561906394
56966,0.2513746917789731
56967,0.793343888944751
56968,0.7378319139233193
56969,0.24808723578658798
56970,0.5284911445649831
56971,0.23037250566001985
56972,0.6739886272510064
56973,0.41919027823811006
56974,0.6201366918675152
56975,0.4836349608739487
56976,0.6608157779946499
56977,0.17134360225266013
56978,0.77302907472091
56979,0.2136589044349793
56980,0.19956046062486482
56981,0.5959685715433813
56982,0.5494654912540937
56983,0.2639839801367777
56984,0.5904940063534897
56985,0.6512556024129161
56986,0.80905302091689
56987,0.27354390817949226
56988,0.49118694581856287
56989,0.6067287966973314
56990,0.1559184178548961
56991,0.4564620852720457
56992,0.17806372035233936
56993,0.5434894805182268
56994,0.3922618902028742
56995,0.31874011135270486
56996,0.6479797916918348
56997,0.3666017921567177
56998,0.7092678401693217
56999,0.24705748427398513
57000,0.24012721275627455
57001,0.3956069075400806
57002,0.5949121283698492
57003,0.5194812701310583
57004,0.42956299359173983
57005,0.41447028426815685
57006,0.4765057675360232
57007,0.4792389733426412
57008,0.6601209271630589
57009,0.33041861289747065
57010,0.32234286996803285
57011,0.34747177365081766
57012,0.6283425435044818
57013,0.5464474800163477
57014,0.4386973517268498
57015,0.4487773605618121
57016,0.1149437663106786
57017,0.3458339607800655
57018,0.4159537792389306
57019,0.34314196365554733
57020,0.36630507936960166
57021,0.5930139102139781
57022,0.4051384962398551
57023,0.6147118531861817
57024,0.35822034168956524
57025,0.36269233083610397
57026,0.586079753550388
57027,0.5886912721001878
57028,0.5086119582828661
57029,0.48012555192869566
57030,0.6820846287213226
57031,0.6922264112896512
57032,0.2503321799878748
57033,0.33123087233767
57034,0.5281281000775147
57035,0.2272875157760442
57036,0.8112896832650164
57037,0.4211909774390887
57038,0.4674670139057654
57039,0.6626190288381264
57040,0.13409998326756
57041,0.6316851096318014
57042,0.20157097029431217
57043,0.5042113759992118
57044,0.6140689580664033
57045,0.7689626534124682
57046,0.586823483266636
57047,0.4590406824021667
57048,0.5218436329920604
57049,0.6035996263684404
57050,0.7861570235253458
57051,0.37063743197955484
57052,0.6561514642561609
57053,0.535807593590354
57054,0.6068789277245159
57055,0.6578070759675841
57056,0.7010090790706658
57057,0.5247253379041747
57058,0.7597004519005341
57059,0.12783296337176916
57060,0.29690603901462814
57061,0.3808517071847804
57062,0.5859052474486425
57063,0.4965532236069293
57064,0.26687212673450755
57065,0.3982650626555431
57066,0.11282888487604067
57067,0.2535664261085317
57068,0.5706423725323903
57069,0.3885066225202826
57070,0.40813235864791575
57071,0.47401519107429324
57072,0.24465801159254497
57073,0.4307065019164349
57074,0.36483684695907753
57075,0.5408828252771521
57076,0.4141783182759761
57077,0.24435285750654218
57078,0.7825463940944544
57079,0.438012397768526
57080,0.23954993229757185
57081,0.14360141354282505
57082,0.244577916386487
57083,0.5848852711226432
57084,0.48814397544881116
57085,0.20759631683994567
57086,0.24781824872566033
57087,0.38218251863780794
57088,0.15023634118110762
57089,0.6532799906221155
57090,0.6298041874880783
57091,0.6965045505713283
57092,0.5237148161262173
57093,0.15396211512741712
57094,0.24974313794853148
57095,0.4034089572384035
57096,0.5238961425899502
57097,0.17662671999413654
57098,0.6132245154455929
57099,0.5889674833281251
57100,0.2407280840969553
57101,0.6810254289491122
57102,0.494119025169213
57103,0.5880273417478734
57104,0.3594269209490227
57105,0.38811809371649403
57106,0.5767113099213161
57107,0.37116961004011556
57108,0.5223878844662373
57109,0.7073958669475598
57110,0.3628055168369675
57111,0.30093145476859
57112,0.2324608948989984
57113,0.5535716884033831
57114,0.7109240153286619
57115,0.4170202733303621
57116,0.32858458883438924
57117,0.4039063382904597
57118,0.4542530753577654
57119,0.44410924537422775
57120,0.34221531967958485
57121,0.227706199680715
57122,0.7596746758126105
57123,0.5870171225337922
57124,0.5652678159395694
57125,0.48053446373771336
57126,0.311528501337789
57127,0.4221531505075736
57128,0.5556094696088165
57129,0.6159790605040322
57130,0.6328335315575967
57131,0.13145644687810754
57132,0.33554869461590386
57133,0.47055763316673344
57134,0.16557001665203525
57135,0.2201719779307682
57136,0.38768768317729774
57137,0.5061318671756875
57138,0.3480560966704132
57139,0.4875105534209779
57140,0.6663816486195504
57141,0.60477246309245
57142,0.4950125285750631
57143,0.2192980989584477
57144,0.08704656821183254
57145,0.5907216023477863
57146,0.5481817656191048
57147,0.3593553763938497
57148,0.6470996542648548
57149,0.3458579329288405
57150,0.13766649326155195
57151,0.6263141757836315
57152,0.3804080178110267
57153,0.4876506675686786
57154,0.39191979235275504
57155,0.1381112232266105
57156,0.6224005080325534
57157,0.43823461541514597
57158,0.4505422470098059
57159,0.18335067277574507
57160,0.5029509119742245
57161,0.22094150198913876
57162,0.3436893867450782
57163,0.1675208783870695
57164,0.24948230955651393
57165,0.698685777443439
57166,0.6930099085702807
57167,0.4605512363912857
57168,0.32659237027553384
57169,0.10875314121208071
57170,0.5475498418259377
57171,0.5135243293505541
57172,0.5654573901919511
57173,0.29599084816036325
57174,0.590224292784397
57175,0.507015146105517
57176,0.5500356279641525
57177,0.414289390496573
57178,0.5609045478804897
57179,0.4169828131016995
57180,0.5468440858169059
57181,0.10805594461342881
57182,0.6450356617864914
57183,0.26331627507216615
57184,0.6916033917291364
57185,0.4096403608233848
57186,0.7668647445239494
57187,0.2509444702785184
57188,0.6173707044982755
57189,0.5661622381268311
57190,0.1853910987196984
57191,0.5226121201686633
57192,0.34218193170373284
57193,0.681037389313667
57194,0.11373396424106204
57195,0.4137513967576231
57196,0.17090807915633932
57197,0.25435542396504796
57198,0.21054917950554136
57199,0.6611829781215021
57200,0.2489951226506532
57201,0.6398744934730636
57202,0.14729143211629073
57203,0.28345534918006327
57204,0.6324064610791188
57205,0.22155917355222599
57206,0.5394903013193914
57207,0.46117699056242484
57208,0.2686171356371505
57209,0.1492361966496403
57210,0.1320907808415702
57211,0.6482054215194377
57212,0.5038310782062099
57213,0.3507047755413274
57214,0.6016814396383559
57215,0.7033513048784696
57216,0.44343962647780627
57217,0.5527512315718132
57218,0.48963319791954474
57219,0.10359499196011376
57220,0.4036808312236508
57221,0.5962035426265292
57222,0.2492012489728346
57223,0.26760285041701004
57224,0.733958773639085
57225,0.33462525118592007
57226,0.4709689282945312
57227,0.5564417387374324
57228,0.41977454825039695
57229,0.2888745104760905
57230,0.31460855286954476
57231,0.4283075626004806
57232,0.4689882862336603
57233,0.46048310034764073
57234,0.44129066376517356
57235,0.43211919814028493
57236,0.6598500967701213
57237,0.3732246051977166
57238,0.23041277547396696
57239,0.5994851433140731
57240,0.16455870306337325
57241,0.6199917724452203
57242,0.3651857695382796
57243,0.2949902131391933
57244,0.34167082716742864
57245,0.6960335167401998
57246,0.2723777303604897
57247,0.276290042467748
57248,0.2605153068793289
57249,0.40829298821954013
57250,0.2549077639779684
57251,0.5112896275659351
57252,0.5142735920536101
57253,0.7879098917778814
57254,0.3678416521199342
57255,0.5623749467143698
57256,0.8339512213686845
57257,0.5288461004319939
57258,0.824252307317382
57259,0.3433924139495903
57260,0.6955999279458316
57261,0.30942178958970235
57262,0.6531837521815138
57263,0.4659749974925543
57264,0.3103516960019185
57265,0.35521725573019663
57266,0.36797474836047717
57267,0.6089251011651842
57268,0.21397477130627263
57269,0.5262146422982885
57270,0.5561942464806163
57271,0.30434441493123054
57272,0.4316730043395951
57273,0.6057799308261037
57274,0.4087767053102354
57275,0.7943478598145778
57276,0.5542413177076084
57277,0.5314577367634292
57278,0.76861634299295
57279,0.5378193312620909
57280,0.17122839526949088
57281,0.3890244157005506
57282,0.6478833381529692
57283,0.10337114287876444
57284,0.5736852763065303
57285,0.24237049760813947
57286,0.652051183735581
57287,0.3779018684117828
57288,0.5586115682496818
57289,0.5092505594105518
57290,0.37021092295396024
57291,0.6491030268830997
57292,0.15353804220012254
57293,0.2307122787369645
57294,0.3828548037180513
57295,0.5548733321416242
57296,0.2745100252231123
57297,0.43361163398083485
57298,0.5060492748568024
57299,0.3411232183572967
57300,0.1819876272915447
57301,0.7231122800211782
57302,0.636289106564825
57303,0.2324560876620378
57304,0.21778364593286514
57305,0.5210836206963114
57306,0.6612546888460206
57307,0.3037724449047826
57308,0.6343433356728079
57309,0.46398860697093425
57310,0.4490572916783148
57311,0.4311201188435192
57312,0.5661787516231801
57313,0.2319641885830593
57314,0.6436288936633797
57315,0.5106693578621406
57316,0.5070255812128435
57317,0.17388329601028973
57318,0.4889039572058859
57319,0.17190010998330707
57320,0.514815783954582
57321,0.4551877408516847
57322,0.5168873709841237
57323,0.12434999322576042
57324,0.4933187656660474
57325,0.13200708050466847
57326,0.2448270535029794
57327,0.3335304162673719
57328,0.1540594895403474
57329,0.16307908316554243
57330,0.19267612511557877
57331,0.23326485647867926
57332,0.22114856928450052
57333,0.6777302276815392
57334,0.4310301374563839
57335,0.14751556509385091
57336,0.45339664430298754
57337,0.11166450090597219
57338,0.6823298903349992
57339,0.5184312824703384
57340,0.18439531607847576
57341,0.4497211146051082
57342,0.5842547268008724
57343,0.7858213672581763
57344,0.527452543014124
57345,0.42264461174762397
57346,0.6225312235307098
57347,0.5560506742666915
57348,0.2170573158119887
57349,0.36257534810515074
57350,0.2084557782506979
57351,0.35194568575114876
57352,0.4324134299010902
57353,0.21590603304096695
57354,0.5032857743343019
57355,0.7730525799630502
57356,0.5913018090110688
57357,0.4696837922696532
57358,0.699937956820988
57359,0.2581588457169397
57360,0.5833183451060368
57361,0.25554245920020335
57362,0.48537882040118
57363,0.14503993204710822
57364,0.24674321614314768
57365,0.5329853083997235
57366,0.358067602922231
57367,0.5093097072292617
57368,0.6809606699992239
57369,0.20116702726830335
57370,0.26703295863299326
57371,0.5579777684562263
57372,0.7681658336531276
57373,0.5675514381711345
57374,0.21416081713180363
57375,0.5822208506060844
57376,0.42371408291358326
57377,0.7006515219346615
57378,0.48812727883029317
57379,0.4994155276045556
57380,0.48749860161866976
57381,0.6537928270870472
57382,0.5498494935015809
57383,0.3288837609889608
57384,0.6455939073437159
57385,0.44010616857668217
57386,0.5779028546339641
57387,0.1487175384705115
57388,0.5258141826054433
57389,0.5205501807908957
57390,0.14232804352146486
57391,0.33340356155146406
57392,0.33999575579301566
57393,0.43222570075845745
57394,0.594277355022489
57395,0.6276285093888226
57396,0.24479085033447823
57397,0.5866434432067006
57398,0.3760409239902407
57399,0.5420111722643439
57400,0.4928195068505477
57401,0.062097417223782495
57402,0.2758659621348564
57403,0.7012035729689302
57404,0.6341836910508971
57405,0.8362427981923519
57406,0.5294015961075212
57407,0.6578736230317884
57408,0.8279776326737294
57409,0.11767759622952845
57410,0.4873487820608184
57411,0.26810401034063086
57412,0.6949058087533867
57413,0.4768111203228635
57414,0.3269286184836392
57415,0.5516680079613395
57416,0.5730655144374297
57417,0.5536169899005089
57418,0.3041907893628008
57419,0.46668927179485387
57420,0.6042976500939793
57421,0.5140002196927554
57422,0.39820380894974916
57423,0.3581140513730253
57424,0.6191280212212036
57425,0.5702264649153255
57426,0.5418570332753732
57427,0.4456549569856871
57428,0.7471251673035916
57429,0.49896059961756384
57430,0.6644830058974438
57431,0.406065541127759
57432,0.4961559114328551
57433,0.5354475129526151
57434,0.4448418630250694
57435,0.41039440832258417
57436,0.6772132031584516
57437,0.2434108992784974
57438,0.12807928523165013
57439,0.24217873432016787
57440,0.1418426368703038
57441,0.12030376871141991
57442,0.1850419742474699
57443,0.5727834517617797
57444,0.2833349345198612
57445,0.22238360708842986
57446,0.45241682878193185
57447,0.44012327385664
57448,0.34041833845659425
57449,0.15588102352501698
57450,0.7358257852324588
57451,0.6053371798994616
57452,0.43232017007599854
57453,0.28799631728967406
57454,0.5310011236816542
57455,0.2640014132834629
57456,0.39672216712969594
57457,0.3856270296299201
57458,0.18800668472008675
57459,0.7183911385871323
57460,0.5384720289780837
57461,0.5136033306573211
57462,0.20984891188798308
57463,0.5653776022477888
57464,0.5197276588403188
57465,0.6802097717733897
57466,0.3011432945115215
57467,0.3247457671276877
57468,0.7437181272715166
57469,0.24693282105325826
57470,0.2739254681620932
57471,0.11822539525560505
57472,0.3733585853442457
57473,0.5099652662522753
57474,0.5305685804663005
57475,0.796045354259356
57476,0.6091831012986982
57477,0.4490740501928312
57478,0.49077534505204296
57479,0.4871786847190985
57480,0.4108661508109118
57481,0.5376298721006985
57482,0.25487336276459915
57483,0.3903278787712748
57484,0.18649927081002007
57485,0.4540885806177386
57486,0.44864576571794396
57487,0.26488043209290957
57488,0.6768601220640876
57489,0.49854620316607207
57490,0.4569993807245212
57491,0.34589691664797806
57492,0.558545512183295
57493,0.4868659129434461
57494,0.5543281211246581
57495,0.42494063005312116
57496,0.39519127275590665
57497,0.3460343474758804
57498,0.6585572344538115
57499,0.6207840601892114
57500,0.2674614780798172
57501,0.3178182760976418
57502,0.5140550169118394
57503,0.3676820945495746
57504,0.42374311137606374
57505,0.5058860767373272
57506,0.23281458468638955
57507,0.5504539753964178
57508,0.13344194414165453
57509,0.6859636328411416
57510,0.6004262695061655
57511,0.5424117487593604
57512,0.36006215484433274
57513,0.367242787643287
57514,0.2834740750929817
57515,0.35870258648354936
57516,0.3946917850036517
57517,0.6037696797521593
57518,0.405726634185922
57519,0.29178274138859417
57520,0.2912744871333253
57521,0.8225877146328128
57522,0.4319683918281291
57523,0.6155784369717993
57524,0.8062611669748618
57525,0.5751773915526794
57526,0.12414852458386844
57527,0.46170703104665173
57528,0.24912390628654735
57529,0.7686559835120779
57530,0.4397691683178363
57531,0.6356545020644434
57532,0.5746372631441341
57533,0.4152111242905826
57534,0.7683449683254605
57535,0.39054618577960204
57536,0.6244976621621785
57537,0.23941051051431897
57538,0.38398667579047513
57539,0.4436957712516629
57540,0.6269712615974551
57541,0.36091961639905107
57542,0.6104522999674603
57543,0.35927422709620244
57544,0.6086546122247408
57545,0.31904323782522
57546,0.40000789773378936
57547,0.5454804533120617
57548,0.806557732219276
57549,0.3263672246674173
57550,0.535552167741693
57551,0.6341543087576165
57552,0.6014896216461079
57553,0.18154282494949076
57554,0.6857828897160793
57555,0.19838641674178387
57556,0.43576306267458376
57557,0.2909052637318622
57558,0.49930940923387285
57559,0.2615497932626811
57560,0.13130761020862325
57561,0.49617027112755585
57562,0.6113324429387987
57563,0.3700672580302655
57564,0.5614451122506607
57565,0.6025768768586234
57566,0.43408402630598525
57567,0.5960219765446153
57568,0.30400275798375487
57569,0.5870469345568136
57570,0.1821623385914526
57571,0.5232861032376444
57572,0.6711611097722116
57573,0.417498006973154
57574,0.5689296406453234
57575,0.44509678774036443
57576,0.40878782818705217
57577,0.41805144192274823
57578,0.38031521333032786
57579,0.6875618582166897
57580,0.5564724349187535
57581,0.3261661911464078
57582,0.1775736949300702
57583,0.5706007440484995
57584,0.2346896310553875
57585,0.5789418214501726
57586,0.4151329593934313
57587,0.6368284769339009
57588,0.48873093977383797
57589,0.5735079932552278
57590,0.7806721992172828
57591,0.6343211061129749
57592,0.7320730192790071
57593,0.5864543248324966
57594,0.6696486337338464
57595,0.5687526071954039
57596,0.410657040070503
57597,0.5297053963186451
57598,0.19340223156323597
57599,0.11037387597874729
57600,0.37477130629975747
57601,0.3861328686337412
57602,0.35444173742936913
57603,0.7317033739424693
57604,0.21876596540449034
57605,0.7325765840832704
57606,0.18349459616463445
57607,0.44588011945433226
57608,0.33360049041969286
57609,0.5082483149598445
57610,0.1263120436818057
57611,0.41532327892384124
57612,0.5026226275966914
57613,0.3674228609111872
57614,0.33153172322287433
57615,0.3954800505991062
57616,0.6027033931538649
57617,0.3948549353112359
57618,0.4627634425288938
57619,0.7072004696273819
57620,0.4380303268165394
57621,0.39461176639841145
57622,0.6395217654920161
57623,0.2619309686800088
57624,0.5778594931560096
57625,0.5529350914846001
57626,0.275634023072069
57627,0.44272922056483993
57628,0.5635468091865586
57629,0.6690640630801044
57630,0.41943482655838016
57631,0.5655788928561702
57632,0.4411675009560995
57633,0.4967308379280428
57634,0.28109962391603116
57635,0.339399311242176
57636,0.44192032261930503
57637,0.4708229873625921
57638,0.7032726427833818
57639,0.45234877840724935
57640,0.6870777637134754
57641,0.187084834486572
57642,0.5238211151926856
57643,0.2186018259827661
57644,0.23649797903308986
57645,0.329990909064737
57646,0.5300146264023358
57647,0.12720192712687856
57648,0.44080042531866903
57649,0.4257827107750197
57650,0.7309796991885021
57651,0.20637268930961894
57652,0.705274574777464
57653,0.7409041089530534
57654,0.3557014259921736
57655,0.41730230038242705
57656,0.4291855949661096
57657,0.4380232942847271
57658,0.2342709702926892
57659,0.3951154823604855
57660,0.38680946424771895
57661,0.5000833180637279
57662,0.22102512999400056
57663,0.667918910904249
57664,0.7435985297267911
57665,0.47874657658491976
57666,0.3257972914528949
57667,0.6368723004371111
57668,0.660346158141797
57669,0.5127620717680987
57670,0.47582235848830706
57671,0.52642381942775
57672,0.3436865550666135
57673,0.7280368525372646
57674,0.4960624774939418
57675,0.5949702415171659
57676,0.6605615536592943
57677,0.5091242725454734
57678,0.25069727178535195
57679,0.580551698129178
57680,0.8041031176922881
57681,0.5788759865928556
57682,0.5753225782980145
57683,0.6763580259478205
57684,0.5268834300335546
57685,0.4641314453100031
57686,0.4921884827025343
57687,0.27847340818696276
57688,0.341233218145743
57689,0.11812532247371352
57690,0.585249583808153
57691,0.548930234574003
57692,0.333017736573013
57693,0.3413704941025824
57694,0.43525364449358217
57695,0.594328112714954
57696,0.5725327916395273
57697,0.41076141553170453
57698,0.6937415588896121
57699,0.6411784523325053
57700,0.5822665120823579
57701,0.5253362215700996
57702,0.3916063926180775
57703,0.6631052145556677
57704,0.5355380550540225
57705,0.3641337675576402
57706,0.7327666105137653
57707,0.521384974958176
57708,0.6262748409673621
57709,0.4484983288848514
57710,0.5209241957491152
57711,0.25808957471450034
57712,0.8136911897101047
57713,0.1613673303203775
57714,0.23266788053543658
57715,0.5113272059517743
57716,0.574571915181327
57717,0.17295434902434217
57718,0.2680559487645937
57719,0.15523341593998538
57720,0.29858763618979883
57721,0.5024591933688408
57722,0.4674226851287905
57723,0.4876577386375483
57724,0.4347820921146859
57725,0.681414804519612
57726,0.243546578752736
57727,0.22896003435246132
57728,0.29963653323424744
57729,0.36378014399873587
57730,0.6432894449962339
57731,0.4959948507709182
57732,0.4033694968329649
57733,0.480058012929547
57734,0.31789776900777833
57735,0.2545430481521327
57736,0.6190308773643056
57737,0.19461723081945473
57738,0.7291204595302968
57739,0.6574176053452729
57740,0.6589549165709703
57741,0.38045890036603675
57742,0.687743585885557
57743,0.5826481954249505
57744,0.3596443507963503
57745,0.7921280415610564
57746,0.6811239974892959
57747,0.5612649367116261
57748,0.34674588778453247
57749,0.727819858152041
57750,0.7565306829637441
57751,0.5385500562109248
57752,0.6186712810736089
57753,0.7602314968305636
57754,0.5292189271156569
57755,0.5311029066503048
57756,0.28668499386539464
57757,0.6148965465878669
57758,0.729824310844503
57759,0.29320478483394613
57760,0.4872912312737886
57761,0.39103242998025123
57762,0.5143884012173313
57763,0.5819587156433692
57764,0.3140745698689905
57765,0.3582051733177702
57766,0.4501600357241383
57767,0.149419010873332
57768,0.6054398918978685
57769,0.5765733218736123
57770,0.3067567639258575
57771,0.5974631300534342
57772,0.6092195101201446
57773,0.2607581971990062
57774,0.1903822074612356
57775,0.5393872578802446
57776,0.6377961980666237
57777,0.11992837784715236
57778,0.4743089581745246
57779,0.46857743763400045
57780,0.3521623732954078
57781,0.14661676044607494
57782,0.30839073284608004
57783,0.4160913174347157
57784,0.4960113028987711
57785,0.3349723965008092
57786,0.6087789608615011
57787,0.20124829006868353
57788,0.2335277272948447
57789,0.20082197884824773
57790,0.43122829085008907
57791,0.28419596942860487
57792,0.5706029359065613
57793,0.6902919003858888
57794,0.6991593026805155
57795,0.26444386396356095
57796,0.3065285693739109
57797,0.6356780786618491
57798,0.561201539013212
57799,0.3868808485425463
57800,0.4751406585509303
57801,0.7253478186952127
57802,0.4310338082245619
57803,0.27867084177167295
57804,0.14139722012740882
57805,0.5263396032932721
57806,0.4853960789006528
57807,0.451612655203754
57808,0.5349596670006569
57809,0.36443609163461294
57810,0.3538700175567715
57811,0.5806446406150462
57812,0.10457039584918083
57813,0.4783586477650789
57814,0.43874895888790616
57815,0.6382665927344656
57816,0.5308294691052874
57817,0.15701942613739922
57818,0.5271082275930614
57819,0.6855885497308647
57820,0.6787877134956278
57821,0.42615445724110373
57822,0.3337880634306174
57823,0.7089917506880592
57824,0.19007324016987856
57825,0.42690048267443337
57826,0.4099909837544184
57827,0.116752564532191
57828,0.45692186653767536
57829,0.3708830111133226
57830,0.1457024222422628
57831,0.6137945037424336
57832,0.5452760484516395
57833,0.7421754821968548
57834,0.6863030075271978
57835,0.4123994571890879
57836,0.41929337361161273
57837,0.625118228393856
57838,0.53982659951667
57839,0.5432073209094918
57840,0.5725556027719123
57841,0.4459416778309423
57842,0.2831995982601244
57843,0.6320718198933258
57844,0.3466516482351387
57845,0.5725659052301946
57846,0.3284250366869228
57847,0.3368618836715466
57848,0.45918495113708274
57849,0.5339760642227374
57850,0.44157710163115904
57851,0.6196119239624164
57852,0.4904511210273014
57853,0.15599596135082489
57854,0.46385533319152
57855,0.5828955733492746
57856,0.6877432417043066
57857,0.1922623806820676
57858,0.611922563230563
57859,0.801067926344994
57860,0.6277690994689418
57861,0.4812802153621383
57862,0.11929825053398574
57863,0.10375948551349674
57864,0.5013136956365979
57865,0.7859474825999919
57866,0.3147427911845853
57867,0.21945785543882912
57868,0.47331769493876075
57869,0.15964919877616
57870,0.12207082340207456
57871,0.5852162878637094
57872,0.20980271879469783
57873,0.803822389387726
57874,0.4974642149324699
57875,0.19797564306140225
57876,0.3721755133926209
57877,0.6182714830093314
57878,0.3723051107178167
57879,0.5788650379651339
57880,0.23026398934402478
57881,0.5209558695258338
57882,0.15479161709012507
57883,0.5453314354142561
57884,0.6334557613264484
57885,0.09345377341893815
57886,0.47563748941086137
57887,0.810120787358461
57888,0.40000504750349886
57889,0.8108306524504703
57890,0.5121360751468478
57891,0.43588831771922587
57892,0.38681784460732926
57893,0.12210892364397662
57894,0.8330694466510307
57895,0.4063682612868043
57896,0.6069593284156931
57897,0.6159575945012182
57898,0.18077111074699914
57899,0.5241877091116618
57900,0.5321058751966878
57901,0.21461432680004205
57902,0.6756009159225209
57903,0.598695512685812
57904,0.6398153333606961
57905,0.23862548135123737
57906,0.6992156922274647
57907,0.7514868708475941
57908,0.5659072939169338
57909,0.6060437306991319
57910,0.6200181511409948
57911,0.4958372991953383
57912,0.5874788786698737
57913,0.45051144415615174
57914,0.20419126063833143
57915,0.5119013493202614
57916,0.2696607192082462
57917,0.6358359231157515
57918,0.48468725999297346
57919,0.21383676449911684
57920,0.6008575889410768
57921,0.6952445262779295
57922,0.7870824836268429
57923,0.6013722197528926
57924,0.6561079540787765
57925,0.5368735155732676
57926,0.16278011191901903
57927,0.5626556818260692
57928,0.2202831411712144
57929,0.6968879826464571
57930,0.3574670833664151
57931,0.45787568813816304
57932,0.2666784400729044
57933,0.541549817055957
57934,0.2597709983827401
57935,0.7755930587783935
57936,0.12936715711276622
57937,0.23634931246725296
57938,0.4568636055019741
57939,0.3403581595827892
57940,0.15049873974592917
57941,0.5691339639278353
57942,0.24976986229409978
57943,0.22196778565919945
57944,0.4117190264317334
57945,0.5023010392285173
57946,0.43041594201623556
57947,0.5244484653940066
57948,0.5387839000750767
57949,0.36752104906318683
57950,0.2606578843341843
57951,0.3910589667645236
57952,0.34299682918628455
57953,0.3473526915426621
57954,0.17802066156399676
57955,0.5436382092730004
57956,0.780271631344896
57957,0.4264088824528538
57958,0.2547267574575722
57959,0.6420250414467724
57960,0.12238128550237391
57961,0.6629862869674438
57962,0.4698143456988493
57963,0.4594450960219763
57964,0.3217089355909334
57965,0.7475775539911138
57966,0.38240527938516805
57967,0.3956331812251324
57968,0.4054215774006538
57969,0.2885581253187873
57970,0.38099287578281293
57971,0.13463530913558003
57972,0.41516324834776075
57973,0.24887882646635737
57974,0.2881871553956594
57975,0.5495558108063571
57976,0.3097764120801892
57977,0.5060200478744397
57978,0.20216348220546515
57979,0.6051784194552675
57980,0.804665434624788
57981,0.49319299782497344
57982,0.6115395244267856
57983,0.3617125085583465
57984,0.44846446920266264
57985,0.6942009060720302
57986,0.5282972050338295
57987,0.39918906290859363
57988,0.47156886619138993
57989,0.37030685525015555
57990,0.6379371502476935
57991,0.2652578748700323
57992,0.6151954422937126
57993,0.6742325763962309
57994,0.3000549622422009
57995,0.5229302138012191
57996,0.4783033998089574
57997,0.38239312998322256
57998,0.4809972345930329
57999,0.14959553879756754
58000,0.35005403489318465
58001,0.5622671391962509
58002,0.17673966856660403
58003,0.13717840861334255
58004,0.17438949821127192
58005,0.13471910201390375
58006,0.7923351332285431
58007,0.6407610430105871
58008,0.5807008468325809
58009,0.3865512863492821
58010,0.3171596973552647
58011,0.3851177290498279
58012,0.6134925588465238
58013,0.5875277509209347
58014,0.10009197267589637
58015,0.5220059421833426
58016,0.15460196930180717
58017,0.3179456803129342
58018,0.7014655804562464
58019,0.6378567936748281
58020,0.16175559074840745
58021,0.7874581346130051
58022,0.13422076667047164
58023,0.3520255637019078
58024,0.43750448557750843
58025,0.1950136414969534
58026,0.7145461397110883
58027,0.3778050152591816
58028,0.19933199989826517
58029,0.6926811407671535
58030,0.4985098425787642
58031,0.4579272175062124
58032,0.3467861708433915
58033,0.33903018772851684
58034,0.5251922221118934
58035,0.31596449423454886
58036,0.5355263689067156
58037,0.5284932558131011
58038,0.7914283327807504
58039,0.48006070660870404
58040,0.39234043763913656
58041,0.4302822156431629
58042,0.39263834124940367
58043,0.28695699125840396
58044,0.18732376655430613
58045,0.5057870523388234
58046,0.5204344382440639
58047,0.23546575776972378
58048,0.6096467769734463
58049,0.22321084500272534
58050,0.35610044019591985
58051,0.37239014639832996
58052,0.21346243996035022
58053,0.1419986838039423
58054,0.3614242709891906
58055,0.26009933730165713
58056,0.29119920108166564
58057,0.4077755246770736
58058,0.354285460638245
58059,0.3484298627721322
58060,0.19830016354607852
58061,0.151109156574473
58062,0.1307220500445106
58063,0.254303442881554
58064,0.41517965450437017
58065,0.16262516960555062
58066,0.4364419899382229
58067,0.6957195481601326
58068,0.6180724034532958
58069,0.2688484228018231
58070,0.49407373972363294
58071,0.6037050005238761
58072,0.4798573772637185
58073,0.43885334363783046
58074,0.7162849929594676
58075,0.681516200571405
58076,0.3473965760286544
58077,0.5279057853194659
58078,0.27025972976953416
58079,0.26641578802556737
58080,0.5126632341760087
58081,0.2155130423097722
58082,0.6575730229433349
58083,0.6438053658761286
58084,0.5181786021710826
58085,0.2873146428781138
58086,0.6262907764376955
58087,0.2677728930269729
58088,0.44657885086132765
58089,0.813416560764023
58090,0.1944387392982954
58091,0.4409254119415531
58092,0.6766435116411599
58093,0.7414677584189103
58094,0.1944938293202218
58095,0.5753155347197725
58096,0.35682865315141743
58097,0.45772079183362246
58098,0.4659728782585485
58099,0.41795048212674885
58100,0.5695133531180268
58101,0.5404135139110344
58102,0.18700798180560105
58103,0.13868870299910216
58104,0.454567802826137
58105,0.169863367860707
58106,0.3421379416502106
58107,0.22190860328724232
58108,0.560741227180881
58109,0.5079579251252109
58110,0.18920667382475082
58111,0.3820492701776949
58112,0.2754465513369653
58113,0.5781384012649928
58114,0.28179317366000795
58115,0.2732850370008733
58116,0.477829497651656
58117,0.7219723714490227
58118,0.592526044642608
58119,0.5697799454174218
58120,0.40223214468470075
58121,0.40880062947242096
58122,0.7697495114784397
58123,0.18213430443094436
58124,0.24378040420863178
58125,0.36081339646743527
58126,0.38846308977633776
58127,0.5512352457874425
58128,0.4373167659806931
58129,0.564656125556367
58130,0.8673005734940828
58131,0.6599785713362359
58132,0.3709077403994608
58133,0.6645863672101322
58134,0.403042362231545
58135,0.5307693303746711
58136,0.7204355838667846
58137,0.6937034163366693
58138,0.8005672447748269
58139,0.25211209243218013
58140,0.11940108268847656
58141,0.43551120552712225
58142,0.5062498238989861
58143,0.6581088755654672
58144,0.5863056090408674
58145,0.47309966341630366
58146,0.4558633771823364
58147,0.6084560950727157
58148,0.37948849973980464
58149,0.7936803833715436
58150,0.4736402938852589
58151,0.6485936237079413
58152,0.7421735378945367
58153,0.6198241780156687
58154,0.3069627283837377
58155,0.6508002640555216
58156,0.18557994949223405
58157,0.30152844177861354
58158,0.4321547047050504
58159,0.15891686229323923
58160,0.24920451988393447
58161,0.1868455895317165
58162,0.4851331084396266
58163,0.29977820128356136
58164,0.2516252738752284
58165,0.6712880767988907
58166,0.704218844975646
58167,0.1828267828893494
58168,0.3944768901118283
58169,0.34070697279647144
58170,0.5500318880197389
58171,0.11533476502071788
58172,0.478880209960878
58173,0.4568759677173835
58174,0.6476427662784724
58175,0.5982080366565714
58176,0.45946798366827457
58177,0.4955227384068647
58178,0.6842205790100331
58179,0.8097629927732521
58180,0.46369528020349376
58181,0.2740501216118035
58182,0.44777078789026126
58183,0.16575839481531138
58184,0.22414823811044493
58185,0.3073788335006254
58186,0.37456012567810987
58187,0.42205810974608543
58188,0.5502053699047852
58189,0.39389437890680423
58190,0.12997180142339834
58191,0.24524609187898977
58192,0.48074098696992357
58193,0.3832022566294762
58194,0.16115791704550098
58195,0.10111861375999273
58196,0.482131537246772
58197,0.12308748680998441
58198,0.6470080996034718
58199,0.44885223617423436
58200,0.5502302718133586
58201,0.49034077383055447
58202,0.4409509506575866
58203,0.5093121160981724
58204,0.5369545747604426
58205,0.5049874329975741
58206,0.6911624263528736
58207,0.561408895750255
58208,0.1139265267404451
58209,0.22926536253153543
58210,0.39355425532037075
58211,0.3863137970604776
58212,0.13437801825020093
58213,0.7931961244901585
58214,0.41395015628272175
58215,0.4329268192630005
58216,0.22649578755542968
58217,0.619161692333352
58218,0.08646426286847109
58219,0.6644452319152512
58220,0.16434789751816814
58221,0.4283463995728312
58222,0.5644399098719545
58223,0.5902750612317942
58224,0.6745288233683178
58225,0.3842845722727329
58226,0.3978589179109446
58227,0.3362530414424929
58228,0.26160292569170146
58229,0.4839279546345668
58230,0.2924828405646503
58231,0.5185221507046727
58232,0.26591245280965875
58233,0.3826695257127638
58234,0.5052255102239732
58235,0.6555740255912261
58236,0.676608329072961
58237,0.7026670733203294
58238,0.4071806986289517
58239,0.493805555803903
58240,0.2919663118305029
58241,0.6483401330213436
58242,0.42941530390651667
58243,0.24374930612786952
58244,0.7687322868610973
58245,0.5561914254971094
58246,0.5871658431841936
58247,0.3285434238308398
58248,0.3689826164540607
58249,0.1774789880831056
58250,0.41945910482424387
58251,0.2011231270516118
58252,0.6434879761320326
58253,0.4108313787357562
58254,0.12963320472513734
58255,0.15498717043379528
58256,0.4512867222091013
58257,0.25481847105091177
58258,0.4681675654755992
58259,0.293289340191182
58260,0.5994025691269876
58261,0.11277071460812448
58262,0.18259031535209402
58263,0.2783562718287286
58264,0.7747291597263081
58265,0.19866587323802762
58266,0.2996124809604284
58267,0.5021909416726702
58268,0.3688196894500401
58269,0.19163267364400027
58270,0.29069932160951073
58271,0.6781827640308273
58272,0.7631215538638447
58273,0.6811254254238461
58274,0.34864934832120376
58275,0.5855138240414903
58276,0.3195086848648561
58277,0.6138147730403317
58278,0.5065671641436066
58279,0.2062791166498708
58280,0.6324391565447713
58281,0.5656684993255844
58282,0.6985648822212566
58283,0.36192517344825964
58284,0.1777422286488537
58285,0.4979260627806688
58286,0.5143867100219799
58287,0.6005942485544049
58288,0.30441779843267447
58289,0.7069730192209386
58290,0.5361186605599464
58291,0.6306692220563463
58292,0.1795471929135254
58293,0.6235053250186305
58294,0.39260446608526733
58295,0.289824576326643
58296,0.5358868038967737
58297,0.5686994945463864
58298,0.7626684870890803
58299,0.46854000404056434
58300,0.3002514379920295
58301,0.4374632552092956
58302,0.23625570841356505
58303,0.3418189320408397
58304,0.7319028876449618
58305,0.42548340725536954
58306,0.14895419847116628
58307,0.48831197282195643
58308,0.7135665402512609
58309,0.5487051917881379
58310,0.36368027883058013
58311,0.2210247479917677
58312,0.8149182676461987
58313,0.16547117389558283
58314,0.17602628373400123
58315,0.5653756572341786
58316,0.4734223114182462
58317,0.4946490865828028
58318,0.18602576425310682
58319,0.2482268407549156
58320,0.47464116995118455
58321,0.7205604363817729
58322,0.2468257056800204
58323,0.4929604306606649
58324,0.252719277928861
58325,0.07443967482676617
58326,0.34692949878449486
58327,0.1840908826147874
58328,0.12080952347431448
58329,0.4711948621535201
58330,0.1350608530562846
58331,0.5513703260417268
58332,0.39918389569247364
58333,0.6003936782081748
58334,0.5521766352448253
58335,0.5526961821125692
58336,0.4993631166661027
58337,0.7529266955289978
58338,0.35995404782634427
58339,0.4844116724817438
58340,0.6829119595403671
58341,0.18629015280125846
58342,0.4123668975126403
58343,0.8157850653664909
58344,0.1861209244488065
58345,0.47943794406596296
58346,0.3733322645891342
58347,0.3553572787096732
58348,0.47424389748351964
58349,0.7117621383517015
58350,0.6751981375832754
58351,0.14970763358965528
58352,0.7079926688967901
58353,0.1690137332161717
58354,0.548917769594549
58355,0.5670736057495928
58356,0.6256518208803262
58357,0.5284585206908882
58358,0.12104214668578611
58359,0.583319384833969
58360,0.30576551428676546
58361,0.257810334353347
58362,0.26398509991171476
58363,0.2787225872105972
58364,0.23204473272726897
58365,0.4076105563171608
58366,0.35288114672602566
58367,0.34934061975480435
58368,0.589040965110179
58369,0.2916529825474835
58370,0.625316116308839
58371,0.2882862623572881
58372,0.32115113774928034
58373,0.5265450389954008
58374,0.1951382424290093
58375,0.4206056215184044
58376,0.48609849099276864
58377,0.512219673173202
58378,0.20227142143008217
58379,0.5802546426400116
58380,0.5864727441052735
58381,0.5947405911133952
58382,0.4264475588823207
58383,0.3416552806381519
58384,0.16247314825028664
58385,0.2822261109745557
58386,0.28547151556300493
58387,0.5674063298465333
58388,0.5773979482629898
58389,0.6151556793909437
58390,0.7492617962310724
58391,0.39485661741599987
58392,0.816532346818755
58393,0.32066957203983526
58394,0.5788528141789524
58395,0.2654600735393679
58396,0.43787481023520797
58397,0.42242682762637257
58398,0.44711921737908944
58399,0.1138949035619233
58400,0.5969673063076448
58401,0.6974159673825184
58402,0.4884029270124388
58403,0.10123872191472742
58404,0.6546834161287796
58405,0.4128257763672148
58406,0.6396890217454297
58407,0.2198269257216262
58408,0.6275276140877677
58409,0.1218537239104301
58410,0.3999311095262988
58411,0.6015663511723908
58412,0.34171709757823837
58413,0.7944959783163545
58414,0.49344808673070906
58415,0.1214387050226144
58416,0.20045003184442953
58417,0.6417841701944611
58418,0.23125620531614582
58419,0.6509664831963349
58420,0.3427430053571576
58421,0.6711266744786072
58422,0.6203481289514774
58423,0.5394174378627744
58424,0.12615640972575562
58425,0.12187290594490902
58426,0.28298781891835334
58427,0.13731278311553122
58428,0.55945705011157
58429,0.8159724439266587
58430,0.7324163237286888
58431,0.34679616562696797
58432,0.13430393834229684
58433,0.20747566908301276
58434,0.3430318567150701
58435,0.39795639944378763
58436,0.540460129478636
58437,0.47886040909681654
58438,0.13113629496067375
58439,0.29171430036446194
58440,0.214340765840051
58441,0.22443191991865166
58442,0.35464364241354746
58443,0.6892025954812392
58444,0.20957028797979294
58445,0.6640499772385836
58446,0.667483955248816
58447,0.7907324072799555
58448,0.3483699208932877
58449,0.5687297164124249
58450,0.7421080866030642
58451,0.48132124445356556
58452,0.4761847924819691
58453,0.6488971741687088
58454,0.22500371799555682
58455,0.599654492794914
58456,0.6963809552466048
58457,0.6340491024493892
58458,0.5056694416452819
58459,0.7022388791277497
58460,0.20181841140318985
58461,0.17948334699356672
58462,0.5328302963323247
58463,0.7119654548984972
58464,0.41752284254479094
58465,0.513642709157399
58466,0.5753350651150241
58467,0.6641940018387216
58468,0.5760525549880355
58469,0.6300038525070495
58470,0.4171081985485028
58471,0.6204749936407015
58472,0.5738296564573185
58473,0.5179599471650252
58474,0.5003819513140313
58475,0.4268003413755676
58476,0.7681848759882431
58477,0.5146154834849037
58478,0.2349043652787527
58479,0.5016353792481386
58480,0.3692850238380346
58481,0.13081391645829457
58482,0.32139490115330466
58483,0.17422412115490676
58484,0.642042099297063
58485,0.24859297427433183
58486,0.44030536094613915
58487,0.4758876435281652
58488,0.795925488117486
58489,0.2452669921737955
58490,0.5000164275502634
58491,0.2717551906102317
58492,0.28684989068804523
58493,0.49297651919639085
58494,0.7521474732650868
58495,0.634994080763515
58496,0.16950851006335035
58497,0.5085795586758592
58498,0.21684345825303034
58499,0.42286969670655655
58500,0.603999255322021
58501,0.5333155445534629
58502,0.16580654477598986
58503,0.07570631011688458
58504,0.4444561716896169
58505,0.5600369822707499
58506,0.400424059662867
58507,0.20804920726977885
58508,0.18163080700449102
58509,0.49563510833893254
58510,0.3262379473584727
58511,0.5347961814914015
58512,0.21809132873038936
58513,0.5970988460616886
58514,0.19639497931715375
58515,0.14780125112358958
58516,0.3833433171419584
58517,0.1886370241009217
58518,0.2724391613753323
58519,0.36684150536349713
58520,0.22431798359199498
58521,0.5475336505985563
58522,0.5246923151382059
58523,0.48422113845953196
58524,0.17159509837041031
58525,0.15602532792944246
58526,0.6327637075255333
58527,0.2538688395004299
58528,0.5173819499849774
58529,0.4502079765415462
58530,0.7942889996870305
58531,0.45731121518289425
58532,0.6084937207232456
58533,0.5845668562135861
58534,0.7615894825586365
58535,0.36749075893745
58536,0.5676030369541256
58537,0.5153271473473419
58538,0.40357876231150797
58539,0.7173768060025342
58540,0.280275784838409
58541,0.32963886941706555
58542,0.3772054678422488
58543,0.5418052614980919
58544,0.5807880393734454
58545,0.49276499691714193
58546,0.4882617192279136
58547,0.4065098761423088
58548,0.546547418911323
58549,0.4316698830537783
58550,0.5580777654757656
58551,0.7744677747704322
58552,0.10311531793531623
58553,0.20801260996988116
58554,0.5233125042762866
58555,0.7415234651593355
58556,0.6821368037632404
58557,0.5727147846427522
58558,0.33006931671097356
58559,0.15987021654417205
58560,0.5639404129312959
58561,0.5236136521235935
58562,0.5967308419077637
58563,0.3199732050441778
58564,0.5818657577866421
58565,0.3947660267164366
58566,0.7423831800381289
58567,0.42870096409689723
58568,0.49434746375481553
58569,0.2820599893695824
58570,0.3684592601114185
58571,0.5294588013628974
58572,0.5700720969738917
58573,0.4069989556019541
58574,0.13838991144439536
58575,0.3928101515264309
58576,0.6447714372207213
58577,0.6997835738683137
58578,0.5577885553868603
58579,0.4973406233394026
58580,0.4572659516113863
58581,0.33977930818711805
58582,0.5377822604638578
58583,0.44394921965370515
58584,0.5299150983325374
58585,0.37956361719174664
58586,0.3580240970904586
58587,0.3763000256549646
58588,0.3154558745681735
58589,0.4481143153933299
58590,0.2922634692040977
58591,0.14396630278502995
58592,0.23110676044719533
58593,0.5085525103075524
58594,0.6802589855249531
58595,0.3036208500045949
58596,0.5381186333682085
58597,0.7701391461740572
58598,0.3880742080105411
58599,0.5456133075224997
58600,0.5234539073320289
58601,0.5569552570773513
58602,0.6009466760226702
58603,0.563651669838704
58604,0.5228619711844618
58605,0.306578935497428
58606,0.6574011388282494
58607,0.5208434152086271
58608,0.8176180853569737
58609,0.13586820868489466
58610,0.4542544119686208
58611,0.6261422353085454
58612,0.6523091711616741
58613,0.29874811009448016
58614,0.3257980539465665
58615,0.5168696341138107
58616,0.6023467882134436
58617,0.5446753744111058
58618,0.6451967640521408
58619,0.2207611936623001
58620,0.41788515264062515
58621,0.35084580549359046
58622,0.14002754546977825
58623,0.6472470850549282
58624,0.5363681356435013
58625,0.6666440386711217
58626,0.42302070958937193
58627,0.6398903710687948
58628,0.540934486540917
58629,0.44298541296433436
58630,0.5411240084107525
58631,0.5091846647910773
58632,0.17335396756446822
58633,0.23494110712775373
58634,0.5128017941162585
58635,0.25475826994037376
58636,0.24745011941372141
58637,0.2508484838430195
58638,0.5285367723840062
58639,0.102183966680555
58640,0.7300160848062294
58641,0.2919809380090213
58642,0.31508217375170655
58643,0.4917304673631762
58644,0.6134329371927506
58645,0.12727469992287854
58646,0.3639058559030406
58647,0.15790871257444974
58648,0.6047999000272426
58649,0.29905617123871625
58650,0.1983139930840476
58651,0.5453690720581641
58652,0.5500633724136297
58653,0.6771651417286892
58654,0.6737901553047344
58655,0.18070111602369865
58656,0.722654640804893
58657,0.43162760992610727
58658,0.514185523284303
58659,0.36160663527616854
58660,0.48745769285571755
58661,0.47932550352242564
58662,0.5824153145554488
58663,0.6774296194982184
58664,0.30045978329765377
58665,0.7917190654977325
58666,0.42915559116780705
58667,0.3782271909075828
58668,0.44134203338164757
58669,0.7627118625807557
58670,0.6390850477533848
58671,0.6713969582589207
58672,0.2686265580417217
58673,0.21889117256369406
58674,0.5982464366048562
58675,0.1613258658050655
58676,0.375276357547233
58677,0.2985764766813273
58678,0.4778695743027815
58679,0.3736450019787081
58680,0.5228387592676178
58681,0.3624442641728659
58682,0.805414001496862
58683,0.2959624551965927
58684,0.6541669160334108
58685,0.17320378057239164
58686,0.4258094555595128
58687,0.5842274125529221
58688,0.6024061957907909
58689,0.5631527766168455
58690,0.21928255055022317
58691,0.4256913428831738
58692,0.47003414698037577
58693,0.3582475329742324
58694,0.2883228648649809
58695,0.29937513998062665
58696,0.5192536831789453
58697,0.576352016511866
58698,0.4523699003839069
58699,0.399579954824349
58700,0.729599022321513
58701,0.26990688466134416
58702,0.610455106336836
58703,0.4094507802246963
58704,0.3389654190595438
58705,0.35060033188597794
58706,0.28652599954653285
58707,0.5641070471402735
58708,0.4460184667868235
58709,0.4566467025591437
58710,0.19188052761882202
58711,0.5498845673028818
58712,0.4258533739428848
58713,0.5648217458332633
58714,0.1123880316568361
58715,0.21364855645655934
58716,0.425984394049924
58717,0.2301778227006898
58718,0.4712716610797579
58719,0.3523931931662463
58720,0.5433635075339537
58721,0.4570615659010553
58722,0.25182145557633717
58723,0.2177894747827094
58724,0.1301166385016477
58725,0.5378287697309416
58726,0.5336850402543261
58727,0.721120082345672
58728,0.721610758532127
58729,0.154405073828613
58730,0.3642688791355842
58731,0.7708868203886363
58732,0.30682760322102476
58733,0.5654949149452537
58734,0.32943124277045255
58735,0.48854968974980045
58736,0.6115485428453523
58737,0.4652189384567169
58738,0.22312769791111228
58739,0.652746922870922
58740,0.15703706826773872
58741,0.46999324848896845
58742,0.16559428392675046
58743,0.14651168896885247
58744,0.544930205164673
58745,0.6260319507267484
58746,0.4740847682708793
58747,0.19282432852538112
58748,0.2238273356837756
58749,0.6041263194092835
58750,0.36724059088381655
58751,0.31688757650551896
58752,0.4187540000449747
58753,0.5640521545062513
58754,0.688333202470473
58755,0.37245798225070664
58756,0.26361060379843526
58757,0.43964518207388364
58758,0.44302599424671835
58759,0.3005030163525101
58760,0.5772019238008139
58761,0.6272209367482079
58762,0.7380076519847268
58763,0.2210716293925509
58764,0.6374224563787546
58765,0.3819369303313617
58766,0.4580776642124891
58767,0.538552542303205
58768,0.7430107721092524
58769,0.746850549871509
58770,0.4368956208183245
58771,0.44380911024607667
58772,0.5313900466461823
58773,0.46287133028839483
58774,0.5786069674931315
58775,0.4822845700869351
58776,0.5110448092593728
58777,0.5708051562443424
58778,0.3747324952532572
58779,0.5919840645960546
58780,0.2455774014600967
58781,0.7329704682100905
58782,0.615548933641484
58783,0.48034098427390337
58784,0.419883688338347
58785,0.5910050188418182
58786,0.7928926213610564
58787,0.6989330633911821
58788,0.5066147620837169
58789,0.7235857735104639
58790,0.580173558261716
58791,0.5800310301236514
58792,0.7963282075590649
58793,0.4333546530607671
58794,0.1566858239755236
58795,0.5741943598949172
58796,0.41508242713093985
58797,0.6900419451732607
58798,0.3390127267333964
58799,0.45143271549383623
58800,0.6233821241622542
58801,0.15506439357479307
58802,0.6043318610765165
58803,0.4003395373596569
58804,0.7122637580351985
58805,0.7904121211744704
58806,0.15864253772131182
58807,0.26460163847395446
58808,0.7444525492771726
58809,0.5861295237025591
58810,0.258043483524078
58811,0.36905961667927956
58812,0.46647990893058755
58813,0.09964567113324864
58814,0.5002778238656449
58815,0.5018015265811507
58816,0.6126616298029576
58817,0.4782072492873453
58818,0.3688238750113645
58819,0.2857440065441068
58820,0.7640520536124065
58821,0.27321997972957146
58822,0.5388845846928584
58823,0.46404782419238805
58824,0.3927521524579791
58825,0.20710578263215446
58826,0.41771064945187675
58827,0.4666393507093842
58828,0.6074098739417603
58829,0.13622826167993327
58830,0.5204633479575221
58831,0.5556211352913951
58832,0.6588477814056076
58833,0.5761837181240865
58834,0.71462302300499
58835,0.5244963630748838
58836,0.3670941713038306
58837,0.5427739762626016
58838,0.30696560240100107
58839,0.44878502398849435
58840,0.44948950236390073
58841,0.08170003592532107
58842,0.5480666729101445
58843,0.6314762094149626
58844,0.19039814685952405
58845,0.37935084577035094
58846,0.272467923914185
58847,0.721481437626453
58848,0.6177751914238724
58849,0.6398333702110194
58850,0.7571630659976115
58851,0.4482295110645004
58852,0.538938862989114
58853,0.2919233686320055
58854,0.2942073233738499
58855,0.3248844113330293
58856,0.5738211242937389
58857,0.20903516416474022
58858,0.3911039741338108
58859,0.5405672548205137
58860,0.6381028249511587
58861,0.5084564761682864
58862,0.5146552065093213
58863,0.2914456432628181
58864,0.6065750152689797
58865,0.37713775630398366
58866,0.793913752513781
58867,0.6080065863181149
58868,0.36396765383877056
58869,0.6781087732810778
58870,0.2773769013317779
58871,0.60270151135619
58872,0.7052858267564098
58873,0.599878097733987
58874,0.3557177077318311
58875,0.1668862336965705
58876,0.24363950867466233
58877,0.04920024523888288
58878,0.3119183469884207
58879,0.4107932788072972
58880,0.5424214397299411
58881,0.5071889071356318
58882,0.6324741937454968
58883,0.5415061350051081
58884,0.6111770267469762
58885,0.36375257036382636
58886,0.4249733528978733
58887,0.624443312865227
58888,0.4789205450980483
58889,0.5634273702672035
58890,0.48830514897864663
58891,0.3411309583611491
58892,0.2877132785973161
58893,0.5529982106723971
58894,0.12660721871914923
58895,0.3382386814497282
58896,0.4073071255390986
58897,0.11613642729994195
58898,0.3765011947058349
58899,0.5461850530170754
58900,0.5051941144124907
58901,0.7270404209118575
58902,0.5361614409957828
58903,0.635195060143383
58904,0.2817472708873793
58905,0.41615831583079455
58906,0.2811946301278827
58907,0.3309115004680177
58908,0.45298057690675037
58909,0.5184059233475913
58910,0.33176855717281767
58911,0.7829376061660975
58912,0.47428887811869347
58913,0.6883864071426643
58914,0.4736863685439805
58915,0.5746329441818684
58916,0.41370582368897796
58917,0.3793336913832764
58918,0.4244846546874045
58919,0.5089134494186881
58920,0.1940254815107818
58921,0.43389953361356404
58922,0.4162482268923031
58923,0.22290863265702018
58924,0.5231550389788291
58925,0.5442419224072957
58926,0.3739568757582709
58927,0.15226991154239222
58928,0.38710498727233994
58929,0.3518790012712925
58930,0.6305232496904993
58931,0.16939917735791818
58932,0.44560588169603665
58933,0.6692716169107568
58934,0.5891281723786111
58935,0.19635340612901936
58936,0.433962043437031
58937,0.6178168467439636
58938,0.6023241463373548
58939,0.1042735889167617
58940,0.38739529665062333
58941,0.6092928835337256
58942,0.7836025868174433
58943,0.5233898184919613
58944,0.5464534369924682
58945,0.5268808508596696
58946,0.40029020469699894
58947,0.3458667850720631
58948,0.42481513156487405
58949,0.20794533593372572
58950,0.8170485057530683
58951,0.1697150037932746
58952,0.36298975028894215
58953,0.4916489719690723
58954,0.7587275146153558
58955,0.6449525991142913
58956,0.7398361655478468
58957,0.534988721885104
58958,0.6422306328747449
58959,0.6564224238927087
58960,0.5843890989459101
58961,0.7363649567164288
58962,0.4185995722045757
58963,0.3944494978176297
58964,0.20901915300742135
58965,0.5710520473626455
58966,0.21244277825494048
58967,0.624751038479157
58968,0.4944740684759641
58969,0.43012479114469254
58970,0.4451831602810063
58971,0.4864461473714932
58972,0.16328674232534432
58973,0.39352150516611717
58974,0.5442271631051584
58975,0.47905800874437254
58976,0.5431669472080993
58977,0.40894552819368263
58978,0.3680378168687458
58979,0.5841361969472895
58980,0.6133408275735701
58981,0.5268083949583133
58982,0.5810971958270961
58983,0.46001579500707007
58984,0.20619858041356942
58985,0.37553845249681217
58986,0.45795107943019014
58987,0.5717730676442517
58988,0.21748434551579046
58989,0.7988301645320407
58990,0.6792387335731871
58991,0.23746933388215277
58992,0.6975461782718506
58993,0.654264977544618
58994,0.2690051762767778
58995,0.12809987784729643
58996,0.3197962802472197
58997,0.4210895730146254
58998,0.5927386154131719
58999,0.38981558563417074
59000,0.6094217253448976
59001,0.6854212721476434
59002,0.29418582215658
59003,0.471325311971638
59004,0.23448363621360263
59005,0.5282558622495382
59006,0.25872849083343513
59007,0.6053635091959891
59008,0.7222200193995229
59009,0.4737935495458662
59010,0.3643998384274398
59011,0.4946974088786349
59012,0.3741570398696329
59013,0.6604050292036913
59014,0.6196474266036391
59015,0.6958306949241069
59016,0.6001077941778251
59017,0.47203674730457484
59018,0.8110248504711514
59019,0.7206684368968268
59020,0.5670050157402933
59021,0.4673860091659479
59022,0.5153713508801605
59023,0.4350533818127249
59024,0.38001415326256177
59025,0.6136759547964142
59026,0.48256746033339054
59027,0.32069373943472257
59028,0.16355966516542214
59029,0.31067617887678184
59030,0.23160543736920386
59031,0.4880669950701564
59032,0.2942873686415987
59033,0.4311738348538867
59034,0.6420851597114313
59035,0.45462307606669183
59036,0.2626752843029402
59037,0.40850890006587504
59038,0.6707385808044104
59039,0.33784540215533165
59040,0.36674269605132065
59041,0.15575088349550775
59042,0.2595528189607052
59043,0.7045345555340101
59044,0.2285460973199079
59045,0.45802903915921206
59046,0.5568540831546566
59047,0.7994831394269337
59048,0.20737429178579292
59049,0.07684878284670472
59050,0.5894747703221193
59051,0.3529605313757493
59052,0.5617109927528722
59053,0.2496753793798265
59054,0.4763549104588451
59055,0.2550732856031458
59056,0.7641659483126138
59057,0.13418965324762416
59058,0.5625586261831422
59059,0.2600357614755008
59060,0.19931327713263522
59061,0.5250145097698848
59062,0.6823349090682901
59063,0.5542751494673605
59064,0.2793433934708435
59065,0.6504291306753296
59066,0.36780526250085194
59067,0.5877277108487196
59068,0.7478120859480513
59069,0.7662505065167567
59070,0.6126699501865139
59071,0.6153677520003906
59072,0.41906442990492065
59073,0.5881149234100952
59074,0.2245512548931588
59075,0.357928221408829
59076,0.2515132881915933
59077,0.6503765182461096
59078,0.5740778060140456
59079,0.4147469213242683
59080,0.1024586601230253
59081,0.3235445712449758
59082,0.5338748881390354
59083,0.26936712531177925
59084,0.5536400060396247
59085,0.19915330725855704
59086,0.383110215538247
59087,0.1787015357487344
59088,0.3012647962545731
59089,0.5632205031617339
59090,0.5054437541172294
59091,0.45090854713648326
59092,0.24631879102699522
59093,0.19635473305750134
59094,0.4582165862471467
59095,0.5040435668098942
59096,0.8057542484572436
59097,0.1442450505488554
59098,0.6900376121962452
59099,0.11737025939220837
59100,0.1802265816821495
59101,0.13632475912489805
59102,0.4404625436400478
59103,0.29198440808603715
59104,0.4050786168888649
59105,0.7129713572592108
59106,0.42261630506323894
59107,0.6389382308961539
59108,0.7139045946219315
59109,0.5029249373374215
59110,0.76081623804988
59111,0.14098887966197496
59112,0.34719833000485684
59113,0.6152161951619679
59114,0.20107148470684927
59115,0.49443302573058484
59116,0.44791253383890345
59117,0.3152194909413132
59118,0.3517129563510879
59119,0.6118167647167335
59120,0.4124443584125857
59121,0.25491161285763525
59122,0.3351140881942117
59123,0.6664179317365942
59124,0.31304767216285245
59125,0.4451632480526883
59126,0.532765456563945
59127,0.6828846541677845
59128,0.4630291654782288
59129,0.24196643176520102
59130,0.18785458241611994
59131,0.5425234476023965
59132,0.35849498216199854
59133,0.20143065842027175
59134,0.27426038446097245
59135,0.6362004706143052
59136,0.2196322206801066
59137,0.7275792231192575
59138,0.558208172511062
59139,0.2186363783592048
59140,0.42881565712855224
59141,0.33476578107742366
59142,0.7624105275302867
59143,0.47976164067067567
59144,0.23226151691652733
59145,0.8057737558483992
59146,0.4041493137880973
59147,0.10354609728018069
59148,0.326945075578388
59149,0.4502010862770197
59150,0.4049428587371169
59151,0.30052229821911386
59152,0.771271964144924
59153,0.24168537695696043
59154,0.23695580058883542
59155,0.5360990695921826
59156,0.33268952062057694
59157,0.4472533830754399
59158,0.2018918783783728
59159,0.42586598980872736
59160,0.49284200060680244
59161,0.30036197446304264
59162,0.553744717450282
59163,0.6889666017620294
59164,0.4438253655180898
59165,0.3132093629804925
59166,0.5844438466938086
59167,0.7224682857756273
59168,0.537639204136436
59169,0.4430761891986295
59170,0.3009440533343804
59171,0.6474769206492749
59172,0.533827303889296
59173,0.5694365566794908
59174,0.36336640442930984
59175,0.5392755020966064
59176,0.3363708104699686
59177,0.4952539787304588
59178,0.6568484306433624
59179,0.3332512960343685
59180,0.2949205552571972
59181,0.5022788860912549
59182,0.3704196348368055
59183,0.7123470883275627
59184,0.44292472229148294
59185,0.143627624349857
59186,0.42682400250767455
59187,0.8054616482641465
59188,0.23392000592453585
59189,0.38502788062300286
59190,0.6353175561307227
59191,0.5093330907465993
59192,0.16514837568845286
59193,0.505681922393475
59194,0.478170625677751
59195,0.4165324677907731
59196,0.4819608556356876
59197,0.7586330836103732
59198,0.15150905633492656
59199,0.8111928372574744
59200,0.766419792450632
59201,0.35258667929533355
59202,0.5061623249557495
59203,0.254578791118611
59204,0.4350066085878827
59205,0.42651405862967073
59206,0.24602760525113124
59207,0.49106318891647144
59208,0.2340761889097797
59209,0.186719123017152
59210,0.3406354325207376
59211,0.6474501016901425
59212,0.46252744215136377
59213,0.44039699570877455
59214,0.48848437508323395
59215,0.6270674773486641
59216,0.36524691377685714
59217,0.6475249504738154
59218,0.5206810689782894
59219,0.1652872647136744
59220,0.25444895015798263
59221,0.1884417433496953
59222,0.4580958908162125
59223,0.5661713403832291
59224,0.7328325795383617
59225,0.23847836736996317
59226,0.2150230976312788
59227,0.7451850819684368
59228,0.34657270742640356
59229,0.4687466351566737
59230,0.38559641292343183
59231,0.5523741942910702
59232,0.18503654517941237
59233,0.19532404861454727
59234,0.3431277978944612
59235,0.3887260727214563
59236,0.14225974850439413
59237,0.622709194154558
59238,0.37796316608024816
59239,0.2409114025513516
59240,0.09582161085036461
59241,0.3816053998242874
59242,0.617838630584248
59243,0.5152622548954697
59244,0.1456569134285476
59245,0.19774168106693862
59246,0.5129203974951301
59247,0.11510943069974527
59248,0.3574501449019961
59249,0.1020281137214129
59250,0.28098806798152154
59251,0.2527574974439369
59252,0.4634543735695585
59253,0.2414092663304691
59254,0.530922254014288
59255,0.7723553170166619
59256,0.49423859950556986
59257,0.5926196944975199
59258,0.4381943367644457
59259,0.3820707060494202
59260,0.5300561421031904
59261,0.5543860211862414
59262,0.4240019175542926
59263,0.467595884814257
59264,0.5403177426570656
59265,0.29783727423068274
59266,0.4196157187316524
59267,0.4142268173736173
59268,0.24260124840701244
59269,0.10638569930760632
59270,0.3997819264971466
59271,0.40475440678839575
59272,0.4109209924132391
59273,0.49814616367218106
59274,0.5260254461376767
59275,0.4430741802005963
59276,0.19596449509528072
59277,0.6592473389602486
59278,0.6032190115178411
59279,0.5127301733637843
59280,0.5484531667449809
59281,0.4691075273646305
59282,0.23361704487928633
59283,0.6927958899894836
59284,0.5620291514691681
59285,0.6661641113467366
59286,0.6085207769827353
59287,0.4192472263522124
59288,0.7471014895324349
59289,0.11520072939980996
59290,0.5944696985589599
59291,0.6131354025879839
59292,0.4936706796138418
59293,0.23447084001411936
59294,0.2723179275802581
59295,0.5677912056126272
59296,0.17610779131273088
59297,0.4520933572136556
59298,0.2353364098204567
59299,0.2785957295133556
59300,0.4588954016380452
59301,0.5289176013842135
59302,0.1904238888683424
59303,0.4443986706716726
59304,0.344003529659753
59305,0.5985065132168031
59306,0.24496868188289755
59307,0.7215134135700507
59308,0.7452154437587842
59309,0.13489538504298818
59310,0.7320944852224525
59311,0.5553205066430615
59312,0.4727500423891719
59313,0.39899390740369817
59314,0.43221296342402304
59315,0.6069212584026976
59316,0.5600889754663627
59317,0.30790203806461486
59318,0.5633181253713141
59319,0.4730678396406004
59320,0.37144004978053463
59321,0.4325886663361814
59322,0.7181555694635974
59323,0.6098047109433228
59324,0.1817039271933045
59325,0.26616909142944517
59326,0.6331358976956248
59327,0.6192651383141052
59328,0.5130627920788888
59329,0.638402986133465
59330,0.8372088164840975
59331,0.34830027827367327
59332,0.26093946072070673
59333,0.23890485061295286
59334,0.146514411334704
59335,0.2640249635710182
59336,0.18689008407567437
59337,0.38141089188699767
59338,0.4438671107848393
59339,0.4412210322460069
59340,0.44724919058264445
59341,0.5075134550342092
59342,0.5019709349122654
59343,0.5378520501476526
59344,0.5751502267403482
59345,0.6175706623444317
59346,0.5403430283353148
59347,0.5315564861341067
59348,0.22950891406355653
59349,0.3139956280490766
59350,0.4034710227842505
59351,0.18766601474221084
59352,0.2580741144189457
59353,0.4066515119772342
59354,0.555596584651285
59355,0.29503343874494176
59356,0.5026716617312118
59357,0.561378703624335
59358,0.48441473039107674
59359,0.694390086812423
59360,0.571801997877805
59361,0.5206375963931624
59362,0.6326234517994913
59363,0.5170981469564668
59364,0.2170565402543871
59365,0.5345771471367761
59366,0.7071940703739409
59367,0.397282233788134
59368,0.344672167404079
59369,0.6838271243212671
59370,0.6538697174797068
59371,0.1521186101564622
59372,0.24638156280468249
59373,0.5007746867094776
59374,0.4731834523411977
59375,0.6197512107186472
59376,0.6886660084692001
59377,0.280863580818638
59378,0.12217776377448397
59379,0.3701920727932897
59380,0.28944215619125074
59381,0.40625579726672445
59382,0.6261886601160058
59383,0.14109325138644985
59384,0.5894544442363503
59385,0.6630515086369657
59386,0.357668769991792
59387,0.2150422734655339
59388,0.2990243085219403
59389,0.402854297000531
59390,0.24961679393540834
59391,0.5864151060312617
59392,0.10354219586018219
59393,0.21364507443586284
59394,0.16739580991008346
59395,0.6352309037227798
59396,0.38823235456193195
59397,0.418475071935752
59398,0.3591774347657727
59399,0.1457506807271808
59400,0.48849503652899856
59401,0.4519290127141322
59402,0.5581284937673876
59403,0.2965953237354931
59404,0.7884807822238287
59405,0.2908542640188806
59406,0.3039701977379262
59407,0.5372731252300491
59408,0.5784775359034672
59409,0.5165113897009604
59410,0.28753345625677096
59411,0.3856761886220839
59412,0.49913781731574586
59413,0.49961728685274664
59414,0.3172561686648114
59415,0.6346742856114557
59416,0.5883373775672442
59417,0.1006859765088175
59418,0.1299411630368407
59419,0.34485645089858397
59420,0.2589111847925534
59421,0.1571641266482638
59422,0.3537202798098796
59423,0.66321210802385
59424,0.7600251214776593
59425,0.6801189877768351
59426,0.20474587234146685
59427,0.255628075133051
59428,0.3539869480523553
59429,0.5069490953573984
59430,0.48001083996454763
59431,0.4485148129122955
59432,0.5611844847826513
59433,0.571119176504856
59434,0.6513352941679154
59435,0.1958184318915609
59436,0.6400171606254939
59437,0.451615236691426
59438,0.7566207586517849
59439,0.11842753618275675
59440,0.5096652725191029
59441,0.3514703186205448
59442,0.39228739652501676
59443,0.5661823171769924
59444,0.7037667356885625
59445,0.1683559104997591
59446,0.6096037475131644
59447,0.5317143570377872
59448,0.2778368962438991
59449,0.154679847047126
59450,0.3984733304274184
59451,0.4875160353368473
59452,0.39970709130891435
59453,0.6519894179872149
59454,0.45293909576031705
59455,0.5023905571510264
59456,0.1711550587986918
59457,0.6784935281787152
59458,0.5700417655720849
59459,0.5877956919779965
59460,0.6617193283920664
59461,0.3719691803318594
59462,0.21455094338406103
59463,0.22320958156229279
59464,0.7024364031385599
59465,0.4114284722001261
59466,0.3835094960213222
59467,0.5955888027346068
59468,0.19282214088443256
59469,0.7147766216299002
59470,0.16835887644410283
59471,0.10595979908296227
59472,0.3085101732413585
59473,0.6225157976268202
59474,0.7546023624521969
59475,0.40728469859719174
59476,0.28033161442837917
59477,0.5174126860672922
59478,0.47349778167973083
59479,0.51605597263865
59480,0.6378935334635448
59481,0.44247601288740435
59482,0.5873323421213262
59483,0.5149530283256181
59484,0.339198976196798
59485,0.42172131594110596
59486,0.16510512145640677
59487,0.6732454785373085
59488,0.49794269870030095
59489,0.3028285266438195
59490,0.42123564726728374
59491,0.526000683662643
59492,0.34832649147918954
59493,0.5385441941328202
59494,0.5369716315923831
59495,0.5674411679451724
59496,0.5149251987057131
59497,0.3629663240210673
59498,0.2529272971765715
59499,0.7637630336111895
59500,0.4744701441662829
59501,0.3015121832910446
59502,0.51263686994363
59503,0.6059054014580062
59504,0.6878243536347554
59505,0.5210780973367733
59506,0.5601675415934892
59507,0.3819791849082715
59508,0.6521049400885665
59509,0.17604935221381984
59510,0.27645378886257305
59511,0.23122682307427822
59512,0.2731616131533432
59513,0.602233491484868
59514,0.542463872953955
59515,0.664381335636973
59516,0.22043298637382436
59517,0.6966501448287703
59518,0.32660967355762494
59519,0.17584475393249838
59520,0.18605594617062815
59521,0.4330313682073647
59522,0.24139992227840523
59523,0.44167779594405704
59524,0.19286290745956722
59525,0.5567887808064215
59526,0.7148243877102817
59527,0.6189377128856917
59528,0.6061346258431163
59529,0.3338817434093855
59530,0.6085000767038128
59531,0.2927937672480273
59532,0.6140831130628776
59533,0.18471025433671132
59534,0.5136708331482452
59535,0.5297114590894872
59536,0.4555222784963638
59537,0.3830367542745776
59538,0.3499153401773719
59539,0.1605844444715911
59540,0.5105231133842507
59541,0.8033468267713475
59542,0.4341422388708802
59543,0.30984792156121155
59544,0.8321657640707829
59545,0.5823580332143825
59546,0.635203996221969
59547,0.8090743298402105
59548,0.595999079250362
59549,0.7415285940379331
59550,0.2996317365502318
59551,0.2981341274161892
59552,0.383257197740056
59553,0.594020236290559
59554,0.13829684042244375
59555,0.5641987441691737
59556,0.3256607487814049
59557,0.4872852141227203
59558,0.35503658246029574
59559,0.6461758663190257
59560,0.34261333672183936
59561,0.7551090355835561
59562,0.1228263780290167
59563,0.4071605563897225
59564,0.7923380087806389
59565,0.46044270538670956
59566,0.15822467287422157
59567,0.5914213018797866
59568,0.42374418456954416
59569,0.7651151095062393
59570,0.45629457386154926
59571,0.2939387635558326
59572,0.3944434344770013
59573,0.40335240195170785
59574,0.6735670015111447
59575,0.5872094387613003
59576,0.33635340454161344
59577,0.7462092836835631
59578,0.3280089420167735
59579,0.567026885007604
59580,0.21721421433040888
59581,0.271763933719063
59582,0.37456979857490397
59583,0.10598687641407052
59584,0.13342159443382318
59585,0.4790352165829162
59586,0.5004749563514701
59587,0.4225823215728987
59588,0.35199530445407134
59589,0.6660626299326434
59590,0.6392322926372056
59591,0.49019402542000806
59592,0.2693544259676851
59593,0.4107335992177401
59594,0.2632289817478204
59595,0.5864268838536383
59596,0.3888840114221441
59597,0.29621677710752764
59598,0.12033572415487144
59599,0.3264065948088534
59600,0.6504869678954285
59601,0.3721379377128113
59602,0.21213300773903118
59603,0.48479913914767286
59604,0.31799239073340957
59605,0.391935562052823
59606,0.7192324586133622
59607,0.7248751953344053
59608,0.5518347101178311
59609,0.5559798558195814
59610,0.3643430908498173
59611,0.27195618281478595
59612,0.4640114727936266
59613,0.7767750259579875
59614,0.40841954380920065
59615,0.2654329579448311
59616,0.16616511184503707
59617,0.6174016427206358
59618,0.5978873084385377
59619,0.30151302649638523
59620,0.5441038725242135
59621,0.4819763843277073
59622,0.39045234753594393
59623,0.785632602513891
59624,0.22287043475921448
59625,0.2210661472913104
59626,0.4722779574435816
59627,0.6406929821971096
59628,0.3107108331333646
59629,0.5049417588616699
59630,0.47189030541310745
59631,0.22352600677163725
59632,0.6091325577295498
59633,0.3905832938915595
59634,0.23424590240832177
59635,0.22209895280211434
59636,0.3111064965949282
59637,0.46013266440789924
59638,0.619382287781765
59639,0.13613447526580572
59640,0.17244841342015088
59641,0.2633627249512712
59642,0.4701865564130833
59643,0.6166488528063907
59644,0.49236894388062236
59645,0.5159198368025214
59646,0.27971581884287344
59647,0.6616018720762379
59648,0.6900010265668648
59649,0.49194132983536154
59650,0.5769878146753982
59651,0.5146079437536446
59652,0.5379283665851473
59653,0.44687467535851877
59654,0.7085684082784514
59655,0.7981528554846431
59656,0.5074080938646428
59657,0.6846875422028939
59658,0.13134629887691116
59659,0.2538860830775545
59660,0.2485451359601126
59661,0.6226374456281172
59662,0.5443746987009532
59663,0.5099935783043933
59664,0.34345096294405
59665,0.4019645409488772
59666,0.5051558650795975
59667,0.3163376738415177
59668,0.37099860894689163
59669,0.30310502665104483
59670,0.759623508318557
59671,0.1487879722350075
59672,0.31979283913469586
59673,0.5085304944119504
59674,0.2022011249116115
59675,0.22371662664554537
59676,0.5764282166426213
59677,0.5606755292387158
59678,0.7459814222588771
59679,0.4003594451821022
59680,0.4736223011169575
59681,0.1812501271767638
59682,0.577453602544435
59683,0.6331911322272901
59684,0.329439371693581
59685,0.5566436622095943
59686,0.31769495514257773
59687,0.30337354943294037
59688,0.19026599984287135
59689,0.2031042026514124
59690,0.6357695550968656
59691,0.4036414559968322
59692,0.2053385722580014
59693,0.6009478967957727
59694,0.6375392830625176
59695,0.4526285927377405
59696,0.7766244744391818
59697,0.5876026235334744
59698,0.3652974320182772
59699,0.5859976268010466
59700,0.5596377730649602
59701,0.15408154401876892
59702,0.3661819475499423
59703,0.5485597574891093
59704,0.4399622265204467
59705,0.28056947488055434
59706,0.6253653110468691
59707,0.8107618752497349
59708,0.37276216593420464
59709,0.5537014492378077
59710,0.39341497112949353
59711,0.5821793270498409
59712,0.43156576428944754
59713,0.38803050824566443
59714,0.11007526025711338
59715,0.6025278606552182
59716,0.18961804496624307
59717,0.4459661634116096
59718,0.24843462654624238
59719,0.0921847419231253
59720,0.584695978741759
59721,0.20901110129244052
59722,0.41066680402069117
59723,0.14454697284309584
59724,0.5173610284075952
59725,0.3445649296349534
59726,0.20097438833378753
59727,0.8551719854674565
59728,0.8417141771304973
59729,0.798075396387
59730,0.6330183436478272
59731,0.7619437170184489
59732,0.16442237910191881
59733,0.10272461046642829
59734,0.6917490237480299
59735,0.24436540530976034
59736,0.639343826846783
59737,0.3081175768927326
59738,0.6516326626520651
59739,0.6333265565773646
59740,0.24048270807400313
59741,0.5280855588475909
59742,0.5729964809824997
59743,0.2857455915051108
59744,0.14211324576833162
59745,0.6005595540968173
59746,0.6155353050382797
59747,0.7773991877678736
59748,0.7430432706413023
59749,0.5333666777878592
59750,0.6133523226257258
59751,0.37589376600537994
59752,0.3508891117340006
59753,0.6406384441111764
59754,0.2964577968859104
59755,0.4903245467585724
59756,0.10388157861023392
59757,0.7369640660197383
59758,0.5418544962206462
59759,0.4250142073086236
59760,0.336674446841669
59761,0.3257814277077041
59762,0.613373763074924
59763,0.6319648698623876
59764,0.5414794576923473
59765,0.5094268892034082
59766,0.6169538948317355
59767,0.1592838512284009
59768,0.4966441413198665
59769,0.29093268782053594
59770,0.5077709166062793
59771,0.5891733436442911
59772,0.16452469803121678
59773,0.3594982344208914
59774,0.5853499298863194
59775,0.4136943368387738
59776,0.5133319853354781
59777,0.17353649615661212
59778,0.49381894649767133
59779,0.3497628519130477
59780,0.44723804119052474
59781,0.17306626225293284
59782,0.14094466444552706
59783,0.2856335443752146
59784,0.5057944743116304
59785,0.7607501877197304
59786,0.425452319522074
59787,0.4780016991508098
59788,0.1329393314238804
59789,0.1983405481757609
59790,0.1456106902465794
59791,0.3805547781648484
59792,0.46199046176955466
59793,0.7177037273371856
59794,0.7532232396756607
59795,0.6977380598718568
59796,0.37616537904171676
59797,0.5616505005742681
59798,0.3351549401664573
59799,0.23745555113938
59800,0.5920968884313224
59801,0.2879268318371428
59802,0.843331286873981
59803,0.5190656545417882
59804,0.3047510827517186
59805,0.7296484904754799
59806,0.4764595948736841
59807,0.3336319450374246
59808,0.6331958486336281
59809,0.6673529251721765
59810,0.5205440335015745
59811,0.26420262608178324
59812,0.4978147019763355
59813,0.5185078946289116
59814,0.10374954649425432
59815,0.2720792305083047
59816,0.6492006570114854
59817,0.17966695580136788
59818,0.39013801490687045
59819,0.22479016500871457
59820,0.7873719578843666
59821,0.6322157711909472
59822,0.8803005240114866
59823,0.7872967432197416
59824,0.6248759512641182
59825,0.6081882480421238
59826,0.6663908061278638
59827,0.5242881917481913
59828,0.692659440391817
59829,0.23540384117675922
59830,0.3801738346781815
59831,0.5154900236027867
59832,0.7191713487554229
59833,0.619774446930715
59834,0.2731466350173238
59835,0.43178422889373586
59836,0.6310519251656059
59837,0.6697656918019419
59838,0.6017462632587621
59839,0.3681422414242109
59840,0.6833032204560366
59841,0.28435340383774194
59842,0.17788695744603608
59843,0.09393572668481252
59844,0.35503907853959515
59845,0.09364370147750356
59846,0.33352028258606164
59847,0.65481356667164
59848,0.5617147753114647
59849,0.7374579243103627
59850,0.4017237493562886
59851,0.567807476508766
59852,0.46356960304179773
59853,0.3638196693073061
59854,0.5418724510856735
59855,0.7254185244258186
59856,0.7888393244898944
59857,0.4875123996001584
59858,0.41678296184611574
59859,0.5721018488541001
59860,0.23840899491603437
59861,0.1539429805866066
59862,0.4000232955176344
59863,0.0874958313542896
59864,0.5967053414761263
59865,0.3143362915441992
59866,0.7729099316751629
59867,0.636631591027597
59868,0.3099344090096079
59869,0.6630364185207827
59870,0.47207104480721496
59871,0.3297100038567723
59872,0.36066962836650246
59873,0.4922603841104458
59874,0.3965351816980493
59875,0.5728394654209057
59876,0.23520536785992976
59877,0.32687737058894734
59878,0.19562892045610564
59879,0.10476943719089774
59880,0.464180283250354
59881,0.4311782674281415
59882,0.7147672385941556
59883,0.714962356788928
59884,0.27978211220486976
59885,0.8122722752043953
59886,0.5062282921761722
59887,0.30631900665855816
59888,0.4135701271703214
59889,0.4401010300448983
59890,0.2760310442999353
59891,0.12717464279220123
59892,0.4136262484653366
59893,0.12690710125553584
59894,0.4230514060443835
59895,0.265532821364981
59896,0.39298925054076805
59897,0.7273382367869154
59898,0.14392940468144375
59899,0.5692737792344807
59900,0.4985786705541445
59901,0.5801056208165075
59902,0.2500474333082006
59903,0.5708631493179706
59904,0.16501899394172412
59905,0.16484282557454216
59906,0.5390836708611179
59907,0.6719236024755122
59908,0.5306650254819165
59909,0.34757183863398117
59910,0.13385979717424087
59911,0.5266509510123688
59912,0.5451324770926649
59913,0.28076212197417183
59914,0.2480247525674929
59915,0.6610180113751072
59916,0.23661712973472246
59917,0.41187665724104655
59918,0.4594238669081836
59919,0.48118356081777225
59920,0.40610325911717426
59921,0.39263103926499976
59922,0.6843778280132577
59923,0.5043341720445214
59924,0.37204333319433586
59925,0.16143551727630334
59926,0.5330935884389807
59927,0.5039252745029029
59928,0.18469503103017462
59929,0.2551352332899314
59930,0.5598039611878811
59931,0.4935297146788662
59932,0.47075424728190846
59933,0.5801514822837468
59934,0.35694602389749613
59935,0.6580595340021483
59936,0.4922526335974498
59937,0.35725415129732735
59938,0.10190609310831217
59939,0.35301871254047545
59940,0.7394147817487735
59941,0.2921597461369354
59942,0.6585136845891082
59943,0.3973584409677063
59944,0.29129003044911506
59945,0.32557829072044636
59946,0.4993898211618496
59947,0.4044336683684475
59948,0.33991152396478097
59949,0.42289258720241785
59950,0.30873782071451045
59951,0.27811327914279316
59952,0.15463969822530754
59953,0.34700468654152633
59954,0.17967054549873118
59955,0.24686117362405488
59956,0.23216723661581476
59957,0.562435896109277
59958,0.6116074549519369
59959,0.5341894104516823
59960,0.29502742044845187
59961,0.4459334138675259
59962,0.44361563477064164
59963,0.5463855149034293
59964,0.3148024491698486
59965,0.1798252447425398
59966,0.7886839799025762
59967,0.22878522682072816
59968,0.44787447689000554
59969,0.29994548341303723
59970,0.671645840001347
59971,0.4164227834677418
59972,0.5277990707960878
59973,0.7629514971974108
59974,0.4130244570605392
59975,0.7969486544067775
59976,0.29034600993397647
59977,0.21666422020035755
59978,0.23924464929801492
59979,0.5054749388945147
59980,0.07831361508780464
59981,0.4217803109640687
59982,0.3012527326165958
59983,0.4089223109546962
59984,0.3053662057594071
59985,0.6236591514491542
59986,0.5871474684542959
59987,0.4734449895339195
59988,0.29936779681512404
59989,0.33409119784026287
59990,0.16023300710765223
59991,0.14647774760318713
59992,0.24760296956637615
59993,0.39671603099452357
59994,0.20840629142481554
59995,0.6461961190100305
59996,0.28961507953605825
59997,0.3587289571402669
59998,0.7005780754613175
59999,0.31962840304667006
60000,0.29831987410664884
60001,0.42335468233751594
60002,0.42454986356115587
60003,0.5249467481990623
60004,0.12364856257392406
60005,0.551659506780609
60006,0.20012850577511965
60007,0.708870167318964
60008,0.32887834648352343
60009,0.45452648480079033
60010,0.4478863051842056
60011,0.6388842057255564
60012,0.4995154751043779
60013,0.5447144876298283
60014,0.37919787608628214
60015,0.4197617598087407
60016,0.5178331055766944
60017,0.31683756359102244
60018,0.26117210561734877
60019,0.22070872834250763
60020,0.25965079513677564
60021,0.3849341784421906
60022,0.5726288621887767
60023,0.6011997595129497
60024,0.4141753060269455
60025,0.2122603795672892
60026,0.18082905351501183
60027,0.5355628904887525
60028,0.3644133182504675
60029,0.1538155639122798
60030,0.7934478670094701
60031,0.12017655398020712
60032,0.6817513018563103
60033,0.23664752031191072
60034,0.29642549263054446
60035,0.4067794295569275
60036,0.3412882638330194
60037,0.10533609402147937
60038,0.5528315879378453
60039,0.4262014582668149
60040,0.28196263358058177
60041,0.2722962881253701
60042,0.22689530697706772
60043,0.45843873221658027
60044,0.257524502473556
60045,0.29320820844361356
60046,0.2667111927722876
60047,0.5310822260276731
60048,0.7276421257380592
60049,0.6931405967915479
60050,0.5738993613222004
60051,0.5250620210798632
60052,0.4363488042863423
60053,0.5269413873298093
60054,0.4752215112574998
60055,0.35695434862505293
60056,0.5820323484043923
60057,0.5449869864646729
60058,0.24905114967013373
60059,0.541504956625722
60060,0.6867835684169696
60061,0.19225182879407093
60062,0.7812223715763154
60063,0.5837276532797966
60064,0.795915987290736
60065,0.40608809934623774
60066,0.5237977531926848
60067,0.16079175127343012
60068,0.6653243754699506
60069,0.1776436292193558
60070,0.3137344523864733
60071,0.7457299472367065
60072,0.26594043842077053
60073,0.4348995298012535
60074,0.5556300245217457
60075,0.1375472728564376
60076,0.18180655685060396
60077,0.1465588632227765
60078,0.6511263964807164
60079,0.6324765864668637
60080,0.43950105110302945
60081,0.39975581427774665
60082,0.5592888727415712
60083,0.5540710887740202
60084,0.5360702558879442
60085,0.21174770069973323
60086,0.8134887633385067
60087,0.573201193362766
60088,0.407915593370122
60089,0.36912843783746696
60090,0.5357759024935328
60091,0.1845802451021856
60092,0.3822986305311076
60093,0.6158204657749866
60094,0.612182875407893
60095,0.18966447014504076
60096,0.8418640883264574
60097,0.2612079633579078
60098,0.2904605413073684
60099,0.5056740418369841
60100,0.5586915647691142
60101,0.5338318837553745
60102,0.6488587488530227
60103,0.5727564864738367
60104,0.6008413544645362
60105,0.812263210599592
60106,0.5138129763847461
60107,0.6993117361311593
60108,0.6509435740700205
60109,0.3575447461967491
60110,0.19242407446406312
60111,0.5413244781687709
60112,0.3722794597027048
60113,0.3984954897834394
60114,0.5141060244655511
60115,0.7540159943135225
60116,0.5495816488257318
60117,0.08495710821021116
60118,0.29356690418467285
60119,0.6986965184367363
60120,0.7740200687717671
60121,0.37009550305374994
60122,0.36286862484900095
60123,0.5130499362835589
60124,0.5544893387807126
60125,0.5383547479412626
60126,0.5363002009286081
60127,0.3002344082606561
60128,0.24026199006165821
60129,0.1683199507555216
60130,0.5581965835542364
60131,0.4138018418536506
60132,0.6660810670824009
60133,0.36915350704613425
60134,0.13733468310233388
60135,0.45329203579119576
60136,0.2634651287056116
60137,0.42628790204487416
60138,0.5734302989021436
60139,0.6765417763713161
60140,0.34123899812092834
60141,0.5113820462028497
60142,0.5157312843759271
60143,0.5287196112797229
60144,0.5703803017010755
60145,0.7070889928889291
60146,0.24092904373905497
60147,0.4334145267640413
60148,0.17246534332242106
60149,0.1361885647728435
60150,0.30728431124407474
60151,0.5991554809398065
60152,0.5740026144209796
60153,0.19901411173796746
60154,0.5262375828901881
60155,0.5121536869493851
60156,0.763478743504214
60157,0.3278319951152236
60158,0.4222755315008169
60159,0.12251749376055418
60160,0.16397212769921618
60161,0.3651024180794546
60162,0.5403411508768814
60163,0.4967136865263344
60164,0.3426644244919451
60165,0.1886852338219332
60166,0.4211747328798743
60167,0.576832911203508
60168,0.4390673938252243
60169,0.48007041996379174
60170,0.6131756838152754
60171,0.4551289326758893
60172,0.35299062899829764
60173,0.5516373711365443
60174,0.45799032338651424
60175,0.5621536553010896
60176,0.506794258291019
60177,0.5640318684568627
60178,0.47666427679041745
60179,0.4517004172345235
60180,0.3342940622078838
60181,0.36062149363459195
60182,0.15628531492504688
60183,0.2736729588892077
60184,0.14925343640291355
60185,0.6939556684851
60186,0.20127206728151065
60187,0.36137846288853764
60188,0.40676584292740586
60189,0.6203171947101527
60190,0.6237874592915152
60191,0.4946468332726429
60192,0.2109102200189551
60193,0.2030913068581224
60194,0.48606579294883073
60195,0.3498449397077832
60196,0.7008897992923908
60197,0.4650658362480064
60198,0.3222633819696505
60199,0.7910212532497085
60200,0.4232443911561053
60201,0.5487881388519238
60202,0.45464481041849303
60203,0.5083417108528705
60204,0.5372985402720493
60205,0.5468699107848048
60206,0.3353784229321211
60207,0.1894170240001828
60208,0.40169933975648875
60209,0.5782968170189772
60210,0.25235940803888335
60211,0.6872908987242529
60212,0.38602979739703236
60213,0.446188276887068
60214,0.5755586687612708
60215,0.2538515345418202
60216,0.7603204410371086
60217,0.4669436812642528
60218,0.4561302114773107
60219,0.5054708694729966
60220,0.7442369153271139
60221,0.4700410435942251
60222,0.5302207366450554
60223,0.7657076667705326
60224,0.5811904491384366
60225,0.5520286264891284
60226,0.7248352190191981
60227,0.7047784764201992
60228,0.6587186752021331
60229,0.09493775552204102
60230,0.2633784036200821
60231,0.436958576300142
60232,0.5160843027660312
60233,0.6238758819004414
60234,0.4371884790418659
60235,0.21823076786039847
60236,0.3698104740264837
60237,0.6932971350200802
60238,0.5833607731877908
60239,0.45898479368739886
60240,0.6356453765936255
60241,0.41277207223228896
60242,0.5511005694949713
60243,0.7285724185273912
60244,0.5368384777553832
60245,0.5381369452743573
60246,0.4467039555292227
60247,0.39712250123758225
60248,0.39716496074152796
60249,0.2788819205098318
60250,0.817150617631081
60251,0.22908309037592267
60252,0.259438277932825
60253,0.7172207777922608
60254,0.403930756842651
60255,0.5426245236682635
60256,0.6650634702453813
60257,0.5403109123468012
60258,0.35550926111976977
60259,0.5344306956790467
60260,0.3208017947057495
60261,0.4817543394987159
60262,0.4367805074783525
60263,0.21090648921826854
60264,0.6294351667416883
60265,0.5507322200264805
60266,0.4291226142065908
60267,0.5790674260762452
60268,0.5384977978143785
60269,0.40652596771294364
60270,0.4840493353504299
60271,0.7050636220354106
60272,0.2407393598102357
60273,0.6776517972333872
60274,0.46766572937348694
60275,0.22978888196123518
60276,0.2163577669221968
60277,0.20742505837281588
60278,0.3071746068791661
60279,0.600380369691508
60280,0.6508707163639194
60281,0.5109484589473926
60282,0.15896713131273144
60283,0.34791851945572033
60284,0.3317532344003794
60285,0.27192746091577485
60286,0.17143146961406425
60287,0.4943468038153699
60288,0.3530096918290214
60289,0.23946843963411896
60290,0.78246398595768
60291,0.5882696230254214
60292,0.6281819335121804
60293,0.42760481130474337
60294,0.448283205409619
60295,0.3776135227084129
60296,0.15827873916158255
60297,0.3273033617796603
60298,0.22358083487982452
60299,0.2738207569466962
60300,0.514304766601845
60301,0.31276886916127156
60302,0.34619375272996017
60303,0.5664165503053328
60304,0.46865973541650635
60305,0.6014270760967756
60306,0.6922449510866755
60307,0.1034769924116452
60308,0.23682206912313497
60309,0.27420929326676186
60310,0.5090691155562079
60311,0.515749631837824
60312,0.4179345501330739
60313,0.452889452694365
60314,0.6838512273806869
60315,0.8319181090163247
60316,0.7126332534373532
60317,0.35047200323566186
60318,0.4298214476232985
60319,0.15968465688857172
60320,0.4440521824229405
60321,0.38222334860413926
60322,0.10901891390655165
60323,0.6527026331894399
60324,0.5712819312233847
60325,0.14019825616349363
60326,0.578127066351721
60327,0.2382679214188381
60328,0.6792043126480086
60329,0.4986061516118066
60330,0.47148947398698665
60331,0.4154346310909276
60332,0.1577645128415746
60333,0.6615854347328173
60334,0.46612473213486094
60335,0.20035074321150956
60336,0.33691888096793154
60337,0.45516974819650946
60338,0.5523596576300406
60339,0.4651808389862102
60340,0.5702338589580495
60341,0.7189506925316435
60342,0.4690593816795242
60343,0.8322580538339499
60344,0.44288126403392136
60345,0.25086300791996485
60346,0.775319830865404
60347,0.1982710227973537
60348,0.5982654639058288
60349,0.7342934858859281
60350,0.42971605846603034
60351,0.17543735690383364
60352,0.4032448716159774
60353,0.4189881918909055
60354,0.49694481710176003
60355,0.5164728610230709
60356,0.3230352447090938
60357,0.727673615549819
60358,0.7455308571879509
60359,0.3780574590282476
60360,0.4308530578103757
60361,0.5397443006593763
60362,0.5360475902642442
60363,0.1452359198481597
60364,0.17156611754293044
60365,0.6275697263779164
60366,0.15172155076861113
60367,0.21160688918975182
60368,0.5275612522292863
60369,0.3574332912238215
60370,0.14166464850093485
60371,0.2960084539591373
60372,0.7042033224302997
60373,0.6697928388675375
60374,0.817519243402795
60375,0.401787318205683
60376,0.5729063668353702
60377,0.6323815291809045
60378,0.5789946205076694
60379,0.553522963996742
60380,0.8607975249268002
60381,0.6454516950999478
60382,0.17457183498860546
60383,0.23234911417417847
60384,0.5019551111992584
60385,0.633304392793576
60386,0.591564707771897
60387,0.39290012100603183
60388,0.215781529563167
60389,0.16071651767132072
60390,0.5436057164674482
60391,0.5471466153929082
60392,0.6437187422738131
60393,0.5504565615189032
60394,0.57801280667452
60395,0.5603920011965285
60396,0.4104074777731715
60397,0.37352353971640173
60398,0.6479030089611356
60399,0.5209558183945878
60400,0.3285560731300126
60401,0.48352168207119595
60402,0.19876903570254856
60403,0.22893598415210406
60404,0.17206368468892377
60405,0.6282706510981655
60406,0.5015291957510066
60407,0.2920759918568769
60408,0.2573658455436541
60409,0.148880202102828
60410,0.27021071072298625
60411,0.39795076104743765
60412,0.3208370612446917
60413,0.5341809061252335
60414,0.3435182845041221
60415,0.5760130725483318
60416,0.18737040749059874
60417,0.5653580958860931
60418,0.5234907721910814
60419,0.574027702576013
60420,0.40283413866074563
60421,0.7515322815813096
60422,0.4429340688925259
60423,0.41111998219812695
60424,0.7494738665552724
60425,0.4302895283700771
60426,0.5053011826688187
60427,0.6455485760531965
60428,0.5406228229382584
60429,0.2733405364469029
60430,0.5757325220042487
60431,0.23714809149937915
60432,0.557691500089785
60433,0.5071533298329001
60434,0.6159759660614309
60435,0.29773931908495455
60436,0.3966794355884867
60437,0.2827029115902791
60438,0.1701616931935552
60439,0.17376155567533616
60440,0.22192616476683708
60441,0.5214231319721573
60442,0.6615552579972792
60443,0.7360602825277877
60444,0.31159364061049843
60445,0.27572127416109143
60446,0.15068801522109807
60447,0.42410745799862243
60448,0.6243963102490947
60449,0.2985794189687467
60450,0.6079350002634816
60451,0.35203504407600306
60452,0.5724539765840232
60453,0.45733745905597756
60454,0.4305677718244093
60455,0.20402432804429538
60456,0.44061942595059916
60457,0.5925528704351755
60458,0.5630252557983387
60459,0.41758198711306954
60460,0.34623907301237106
60461,0.6700935284683026
60462,0.3515804941233907
60463,0.7232014309525369
60464,0.5877459308471727
60465,0.11431647517524146
60466,0.6190657907836566
60467,0.5567029266454645
60468,0.1699706747434144
60469,0.2171053879305601
60470,0.16207874356937924
60471,0.2679873706786221
60472,0.34123154424604024
60473,0.5303568008985743
60474,0.5311404985002676
60475,0.37429616921978615
60476,0.38799626804277215
60477,0.6775099704612539
60478,0.4080989545360684
60479,0.15404680297096554
60480,0.2587661147995672
60481,0.22886227501289624
60482,0.2639982702988656
60483,0.6516734385697924
60484,0.32255683929658135
60485,0.1810077172000398
60486,0.7940634750314715
60487,0.5456461589931456
60488,0.36433486459244335
60489,0.4384415345260176
60490,0.4393156113599969
60491,0.2139962937243628
60492,0.4801920180107675
60493,0.13876097259182593
60494,0.4986498535691203
60495,0.4860579290836736
60496,0.545284054404858
60497,0.528308673895337
60498,0.5569702035239689
60499,0.5157280904654148
60500,0.4299250122778314
60501,0.3141037534117319
60502,0.6547017851731987
60503,0.4869903683939977
60504,0.2859568335649217
60505,0.5694445992311652
60506,0.6771821635602536
60507,0.2271127315417919
60508,0.5399631812685382
60509,0.7749315500659528
60510,0.5735354966347258
60511,0.5241484935642083
60512,0.15147113658208003
60513,0.44113718753323133
60514,0.44072174846951484
60515,0.2723300891960344
60516,0.31710833901687663
60517,0.714548128273419
60518,0.44903872742592804
60519,0.5541588387000634
60520,0.34279246171915134
60521,0.41379407054904954
60522,0.1884769765598024
60523,0.4392285426908896
60524,0.8296467230466491
60525,0.469193457056122
60526,0.26552299958623593
60527,0.6151556277490339
60528,0.7199063247073595
60529,0.4430969075748478
60530,0.5476409043952941
60531,0.25354667879008314
60532,0.7044189966873563
60533,0.5819302178715732
60534,0.28315371027071934
60535,0.40164455860109505
60536,0.8027054890858248
60537,0.512473112831287
60538,0.45201623692679205
60539,0.6096561548980525
60540,0.499918408789983
60541,0.39529943771498277
60542,0.15824228570995497
60543,0.535863860327227
60544,0.32355339383516557
60545,0.33529852951513023
60546,0.7732334999893405
60547,0.5753431085664978
60548,0.6840288213200695
60549,0.6009398023788514
60550,0.560088018728792
60551,0.4325451672646775
60552,0.7503022842384617
60553,0.8379998610105887
60554,0.35401834365345747
60555,0.44570339019606176
60556,0.4079904597577288
60557,0.4601271882690114
60558,0.6307617824681512
60559,0.6350967346117897
60560,0.2799590264262373
60561,0.5156987665057129
60562,0.22872791647627133
60563,0.28841995751191085
60564,0.2167446136856759
60565,0.7981802413162297
60566,0.25973786101732116
60567,0.5206534298196214
60568,0.5334089989209058
60569,0.17092432696530796
60570,0.5304493779530555
60571,0.6574132552640977
60572,0.2113848968925309
60573,0.16713504979957702
60574,0.2930371108061662
60575,0.26670648271520564
60576,0.5364717059099352
60577,0.43074394404921595
60578,0.6952200795590675
60579,0.6344919302179352
60580,0.4791146244362756
60581,0.4061464051557867
60582,0.19058186114717393
60583,0.6947403810155294
60584,0.5707181582555669
60585,0.5223987248334118
60586,0.13896406205002282
60587,0.3509342728424824
60588,0.4672972240836046
60589,0.6047753184435354
60590,0.5615039802220567
60591,0.5769698091223393
60592,0.4992627512544384
60593,0.588907237700095
60594,0.20851681709178324
60595,0.48345023574029766
60596,0.2212556344266114
60597,0.5331968676213551
60598,0.29572010033981466
60599,0.7665147624532261
60600,0.4521008355191854
60601,0.23081375052837316
60602,0.5389905566607124
60603,0.466886540901761
60604,0.43295031796234523
60605,0.14282003174990712
60606,0.5366152156948119
60607,0.4203108446903935
60608,0.8541967056509094
60609,0.21052365917626567
60610,0.6985438529257566
60611,0.8166791984141922
60612,0.25814157830719325
60613,0.27162574040630405
60614,0.4711766323260588
60615,0.5768446194898683
60616,0.5117895904636487
60617,0.5452073282609262
60618,0.31065906207807387
60619,0.4119138379088561
60620,0.6635331981967135
60621,0.45526741176169155
60622,0.3734666268341236
60623,0.5823769460194816
60624,0.7709017992462954
60625,0.10755422259711617
60626,0.6463566866344056
60627,0.5527040157053622
60628,0.6069461156080906
60629,0.7267626603133994
60630,0.14874603332801775
60631,0.5024656643509072
60632,0.3083155014788289
60633,0.1879625479173917
60634,0.7815673133011236
60635,0.43085926645500644
60636,0.6155261303827934
60637,0.5233877648708803
60638,0.22063756032640555
60639,0.3557130426461189
60640,0.4583573625060661
60641,0.1403887620382772
60642,0.5034269076941309
60643,0.6563218199686512
60644,0.6823106950947977
60645,0.5869793768963887
60646,0.5497664819967688
60647,0.47820628959228323
60648,0.23359572893265823
60649,0.42162118176663127
60650,0.6623973967225844
60651,0.7706136403103777
60652,0.7477479482483624
60653,0.22399330681194543
60654,0.407278019240482
60655,0.3167151109796922
60656,0.5767899006219948
60657,0.46389101612721667
60658,0.6672823415738137
60659,0.23829869086067543
60660,0.5545509185502463
60661,0.5089512846103228
60662,0.26191949562187233
60663,0.36716245916184964
60664,0.11499893980340814
60665,0.615443768337202
60666,0.6495292759684965
60667,0.21152112349526914
60668,0.5433011465667508
60669,0.6840376061164121
60670,0.5296868169084112
60671,0.5207158962727279
60672,0.7147174977290123
60673,0.3715360374941592
60674,0.4508986257636664
60675,0.48760092585293935
60676,0.22842470647562066
60677,0.12222936316845676
60678,0.7799332591854989
60679,0.643646475543653
60680,0.46336977545197056
60681,0.3990871855910812
60682,0.22717990818056713
60683,0.5222548206048511
60684,0.47129782411457943
60685,0.39940988744905165
60686,0.4063987591191707
60687,0.10817471645689213
60688,0.25927543631301586
60689,0.5493505335760225
60690,0.516664207219389
60691,0.38695856107691873
60692,0.5083210555558005
60693,0.586969896748452
60694,0.5822719655579659
60695,0.4684399733024621
60696,0.5426405127179077
60697,0.34859951294388697
60698,0.5691140105956526
60699,0.522444307431172
60700,0.8364291359751055
60701,0.27354456047596204
60702,0.5858829774752248
60703,0.523875109453395
60704,0.495073669295511
60705,0.6335086446138046
60706,0.6416873455008605
60707,0.21641925487953975
60708,0.23855780174421853
60709,0.6338035981131828
60710,0.33236436293894606
60711,0.6142354061165642
60712,0.44128577959288573
60713,0.367099733660227
60714,0.4386045945260628
60715,0.4607116589828134
60716,0.28010144973561973
60717,0.13040742150938164
60718,0.08325046158573814
60719,0.5704767541288871
60720,0.48164216159439127
60721,0.5502913785965005
60722,0.5564339874680712
60723,0.3299740780292307
60724,0.33406247673201056
60725,0.6233464263422145
60726,0.18183580665734447
60727,0.41849767570014745
60728,0.5776913133717464
60729,0.22594211358415908
60730,0.3718717966466857
60731,0.5815579880848754
60732,0.6148487444213419
60733,0.7211461195022476
60734,0.43437463103629936
60735,0.5467228865076438
60736,0.5762567235080113
60737,0.6003972510792859
60738,0.41901520396460773
60739,0.33656173370625503
60740,0.5469035701375775
60741,0.42324273949639657
60742,0.34183016743998984
60743,0.6504866289486112
60744,0.6879191426321405
60745,0.4114080128112667
60746,0.2969645242379751
60747,0.5803175101511436
60748,0.6312823620564019
60749,0.7579313046421751
60750,0.4251486935152056
60751,0.47467063355324385
60752,0.12703488261385082
60753,0.6391808981804941
60754,0.344520200370925
60755,0.5700255189552635
60756,0.3841243068482199
60757,0.6559049866791943
60758,0.7001014005777357
60759,0.41388175733196436
60760,0.4409157531615073
60761,0.7355826062251986
60762,0.6406796587252628
60763,0.4115400518068679
60764,0.5637419406466128
60765,0.43024510653425524
60766,0.5888525430844871
60767,0.4192939900862566
60768,0.2968185871032447
60769,0.48299243425136673
60770,0.3975267016867794
60771,0.1747540179939729
60772,0.1982415885467056
60773,0.16728645100798378
60774,0.7839418284246005
60775,0.13642000627625958
60776,0.7010099861844284
60777,0.31570025469292423
60778,0.471107852084087
60779,0.5844244021820172
60780,0.5430084669622721
60781,0.24316013316469892
60782,0.3981343055769703
60783,0.6746892946331234
60784,0.39097995250997675
60785,0.5310007593733709
60786,0.6617538491034958
60787,0.577966071708792
60788,0.23153062417381354
60789,0.20355421265169954
60790,0.49970383921441924
60791,0.6570636515070659
60792,0.5226218981581983
60793,0.4756493490703185
60794,0.19860773967396655
60795,0.3208653529009867
60796,0.1472583608301583
60797,0.7972678749027966
60798,0.6170389647031854
60799,0.5231048252259081
60800,0.29597769362346815
60801,0.41845771285812416
60802,0.16658202261405472
60803,0.41182647997018934
60804,0.4012067120393867
60805,0.20229791545551337
60806,0.7617624369795875
60807,0.7287069217834086
60808,0.6544630580897391
60809,0.47670464470845386
60810,0.5728628168640717
60811,0.5240008351224033
60812,0.5626773523011531
60813,0.4507373141198321
60814,0.12431024415043973
60815,0.7628280531670366
60816,0.8105092558223844
60817,0.18232232366692355
60818,0.14350867074535006
60819,0.3072225660343698
60820,0.12479648789085282
60821,0.4557221703502563
60822,0.6771769262177585
60823,0.3238744478323471
60824,0.39798287499093593
60825,0.42205350162206956
60826,0.8101793081533887
60827,0.200551544593993
60828,0.26751567044868874
60829,0.5429293383713987
60830,0.7806192107994541
60831,0.26606721395544825
60832,0.6107975752589451
60833,0.5251377679437159
60834,0.45530309358161136
60835,0.44811048560986033
60836,0.6108689117368749
60837,0.3954143597540049
60838,0.45300290865360177
60839,0.6107943030876053
60840,0.6863970619059011
60841,0.4448856263697784
60842,0.7237756595957715
60843,0.25973046695066226
60844,0.7738666234015428
60845,0.45348443066247546
60846,0.3456644604362552
60847,0.43554151151507375
60848,0.434754537631348
60849,0.21618095812344368
60850,0.6825833882331482
60851,0.7827091535477478
60852,0.5233115481116359
60853,0.20768108067725538
60854,0.5210142179979885
60855,0.42033406579041377
60856,0.5090544077678004
60857,0.6227594499481091
60858,0.5550342230090263
60859,0.34246393921131657
60860,0.2951761802498388
60861,0.4548868934029202
60862,0.36387069081368006
60863,0.3425787759310251
60864,0.7174795554258137
60865,0.13390692810485325
60866,0.7500317391366152
60867,0.46539780130696984
60868,0.7910153507911966
60869,0.13686297070521267
60870,0.5337018006833456
60871,0.5427027792837823
60872,0.2901545474852183
60873,0.8495623912953479
60874,0.4871972816265419
60875,0.5866726762398613
60876,0.5842005606861554
60877,0.34091162295034216
60878,0.7741336258581515
60879,0.6691431109362137
60880,0.5654246920032704
60881,0.6605067563187441
60882,0.8500040303851218
60883,0.5377455059678714
60884,0.49991398745697757
60885,0.5480105192015098
60886,0.6092977372178546
60887,0.4383369345650809
60888,0.45768581000923564
60889,0.3400861801780024
60890,0.6350567451100945
60891,0.5309375634044521
60892,0.4799236514151903
60893,0.5479626312952594
60894,0.43867123713175465
60895,0.6452931659283333
60896,0.5593223757125338
60897,0.18689129387154335
60898,0.6579570053978411
60899,0.6724043528688697
60900,0.5578931372620617
60901,0.16207810306835438
60902,0.49585791108089095
60903,0.353078943164315
60904,0.433427677616988
60905,0.34886487526840215
60906,0.3478955957809304
60907,0.5652181574069555
60908,0.614444371746612
60909,0.7754364493450423
60910,0.4855711100045715
60911,0.6876181707289571
60912,0.2956230080683696
60913,0.4611553163466301
60914,0.5030302205655934
60915,0.1543308259131069
60916,0.4177822729689831
60917,0.2490673636209099
60918,0.560288292922159
60919,0.7408860934657203
60920,0.10760776086285741
60921,0.6109553849073012
60922,0.5109165051996559
60923,0.25241488741641893
60924,0.15919537654494686
60925,0.2824389218299279
60926,0.7729343517887143
60927,0.5347752647162528
60928,0.5838937889681284
60929,0.5402572936077619
60930,0.4365869393988009
60931,0.458157552349947
60932,0.6397194996805702
60933,0.2570359776393524
60934,0.17843406807788872
60935,0.43051686712917864
60936,0.40290711245649247
60937,0.4714535716476462
60938,0.6271617962316148
60939,0.3749560244419856
60940,0.6671326419700075
60941,0.6518272443045832
60942,0.754080031709646
60943,0.34555348922199325
60944,0.5470227499647514
60945,0.5582828972302811
60946,0.33865276675819456
60947,0.17939828831690902
60948,0.1880355749491012
60949,0.3579685455219555
60950,0.7780662220913107
60951,0.5373433048742148
60952,0.4842949508818011
60953,0.41810691752898377
60954,0.536509336388447
60955,0.13963166431407745
60956,0.18698947157425713
60957,0.3773664223001442
60958,0.45701670398611033
60959,0.4360628790448289
60960,0.5746840696417042
60961,0.35447860236408946
60962,0.17679698221508516
60963,0.5372528870303735
60964,0.42252016405555426
60965,0.3953311489743816
60966,0.38324866471377955
60967,0.5323299797233435
60968,0.12281795987925598
60969,0.717640294623776
60970,0.48180474968234194
60971,0.47778087620368964
60972,0.7563375835447554
60973,0.18463011699911602
60974,0.15195344536032235
60975,0.44337424936186887
60976,0.6213377529542048
60977,0.5123306895003432
60978,0.14305977667079162
60979,0.42070678482434387
60980,0.6214063282356516
60981,0.3766468462148129
60982,0.543156268430162
60983,0.5921294178020365
60984,0.5976716456105131
60985,0.4451532242534005
60986,0.6429351614909349
60987,0.7822201181836416
60988,0.6912129455628194
60989,0.7773288975639192
60990,0.7913937938372798
60991,0.33026110154675103
60992,0.3377092996164313
60993,0.2288115427624191
60994,0.5176140666605961
60995,0.16864921899181798
60996,0.5332183511411438
60997,0.2563498200022294
60998,0.45331226864197394
60999,0.4581169330269529
61000,0.32235288554301733
61001,0.48603187991535923
61002,0.4314767398709578
61003,0.31215290420084757
61004,0.6183193779946854
61005,0.6136532955807195
61006,0.40684006712744325
61007,0.5147646236691998
61008,0.38190018213675575
61009,0.8180045332836414
61010,0.8023819801287447
61011,0.5338952543656107
61012,0.32159895890818974
61013,0.24765584591299597
61014,0.4134135207136722
61015,0.5952728707925191
61016,0.17677133161376518
61017,0.5047777811679858
61018,0.19899550901443314
61019,0.18882634266867407
61020,0.23942597262652698
61021,0.5768442393102868
61022,0.2969774900370973
61023,0.16478723832631992
61024,0.7128715752749104
61025,0.5084988316104871
61026,0.66623084013292
61027,0.5512141142078748
61028,0.3664667547848221
61029,0.11826368592974948
61030,0.7456155531899766
61031,0.34777012633534105
61032,0.5357405322378148
61033,0.6417908631630733
61034,0.5507410298995103
61035,0.15746655079907865
61036,0.5657398709579076
61037,0.5754594024050814
61038,0.4190368555070641
61039,0.548052121462461
61040,0.2748038683993772
61041,0.505074856024585
61042,0.37320318451566015
61043,0.7306856905033692
61044,0.7614646807325844
61045,0.7788874293841263
61046,0.27887931269105837
61047,0.20343923221896426
61048,0.3611143169381504
61049,0.3977420116236028
61050,0.5740781064640875
61051,0.6399852170610287
61052,0.45473449682846173
61053,0.3653963885831325
61054,0.4427811163591588
61055,0.640172996411243
61056,0.7901212743381678
61057,0.5487862438755631
61058,0.4039081394169364
61059,0.45101174062129196
61060,0.5848195354831021
61061,0.24552617038865565
61062,0.7381256389640977
61063,0.30543176099144603
61064,0.5305636869856027
61065,0.5196978753735304
61066,0.5008681881504168
61067,0.3810641968602231
61068,0.7693353849039938
61069,0.5057251263884031
61070,0.44033017062818713
61071,0.1538988310678205
61072,0.537732540027433
61073,0.264184117605627
61074,0.4413298920038789
61075,0.4035506065682412
61076,0.39031526013218
61077,0.5137168996378091
61078,0.48581539000895685
61079,0.21560545968693184
61080,0.39333355239424506
61081,0.70082334452612
61082,0.40383315588019036
61083,0.2173717893534486
61084,0.36090773994891623
61085,0.3072142041518176
61086,0.5357870753693831
61087,0.4092776550377579
61088,0.404434077581201
61089,0.5171680778456736
61090,0.7611975624357562
61091,0.8326550054967373
61092,0.23225211995527484
61093,0.5326224965994177
61094,0.30302087773714476
61095,0.8088281584082413
61096,0.3770250340275322
61097,0.43408802950701186
61098,0.5382500081884459
61099,0.7679753216555268
61100,0.14092530965131886
61101,0.6757568087992039
61102,0.5149368224469459
61103,0.07813547224137023
61104,0.6135715860210631
61105,0.5056564725059381
61106,0.37370719941441954
61107,0.5204050403002898
61108,0.5165681878608679
61109,0.7906949967364323
61110,0.24993004732532118
61111,0.19883274505449147
61112,0.7331907778483844
61113,0.5655451483570925
61114,0.43682967507645887
61115,0.41020088553545253
61116,0.3847817452281563
61117,0.42122311358852665
61118,0.25175024786892763
61119,0.5196818208097259
61120,0.3065968036768917
61121,0.5126439825284966
61122,0.5277380820234816
61123,0.4908187155590304
61124,0.6347452454162187
61125,0.21169111093373133
61126,0.601736169298968
61127,0.4662305114133326
61128,0.6223588520823652
61129,0.47204335318382795
61130,0.4996153741834626
61131,0.6100655137197243
61132,0.6056036160730305
61133,0.5883536232556196
61134,0.36222859991163653
61135,0.7393021698194547
61136,0.5636316811065253
61137,0.4448791688892466
61138,0.4803175152898428
61139,0.14952058243037206
61140,0.6356849866221583
61141,0.5071194484041962
61142,0.35712629295248405
61143,0.42459687150239833
61144,0.7760871219560755
61145,0.8198207593043563
61146,0.5304363277192243
61147,0.6291400691465933
61148,0.5625073555574156
61149,0.7223059802373538
61150,0.598279467571677
61151,0.33543303260806173
61152,0.307162251040293
61153,0.33878525138334303
61154,0.7915343336249879
61155,0.37673594253708714
61156,0.6763416930866282
61157,0.7336891118880193
61158,0.6410168402674649
61159,0.47550741697338
61160,0.41192020592280704
61161,0.20298642549822365
61162,0.25549119491719163
61163,0.48413327595103517
61164,0.3160708876453998
61165,0.7185521451807443
61166,0.28791783617562194
61167,0.7596419956522632
61168,0.6959425104954577
61169,0.4267682212548857
61170,0.2596060402719865
61171,0.5337758416548313
61172,0.6051598960516639
61173,0.3538901709161722
61174,0.6031993340889334
61175,0.5367196121041123
61176,0.20675937285057136
61177,0.5918850050195673
61178,0.28013968603454714
61179,0.42688227722756145
61180,0.7382001162999208
61181,0.6063619836665946
61182,0.43279675472041695
61183,0.1365709099485636
61184,0.5681965466761925
61185,0.6055577216471949
61186,0.32854919480573386
61187,0.515891223109385
61188,0.13655753624511194
61189,0.32603237882339375
61190,0.7186981068470901
61191,0.5807355895758937
61192,0.5214970812944103
61193,0.5044264454267091
61194,0.495863587785296
61195,0.5766900547280599
61196,0.7701718627922572
61197,0.23725159308155175
61198,0.2119320308666215
61199,0.48191618928636626
61200,0.7950837829786502
61201,0.35632258482434565
61202,0.5377065410820824
61203,0.32233312520860613
61204,0.4679490627697311
61205,0.5220326493910004
61206,0.5413679009395979
61207,0.7731081474671401
61208,0.30138506726045383
61209,0.4537690887404668
61210,0.6020419702154591
61211,0.283586161606262
61212,0.5629814441729847
61213,0.30455425102414974
61214,0.44020603640323513
61215,0.7345008144294491
61216,0.28707728655518966
61217,0.3282890625978715
61218,0.45484359545955133
61219,0.6582090908934157
61220,0.3807102122174726
61221,0.8240754982532266
61222,0.3730043982732422
61223,0.5063276104840203
61224,0.12668591967050988
61225,0.25870693505335607
61226,0.7558783103808618
61227,0.5718126531913041
61228,0.4114971519454725
61229,0.2782161500090346
61230,0.3018158226713641
61231,0.3820571442081294
61232,0.3152972261370853
61233,0.3835660830294719
61234,0.24843751343283138
61235,0.28444957086145245
61236,0.5491891102442136
61237,0.6392556806153417
61238,0.32657352876041273
61239,0.1197572816093676
61240,0.18464009572987414
61241,0.5466529111385143
61242,0.5400515402138114
61243,0.6589372951552526
61244,0.44947460163114067
61245,0.4259740837546073
61246,0.22445314966996344
61247,0.39264415947688747
61248,0.7787990429577899
61249,0.4660344905092921
61250,0.750031849968199
61251,0.2469921874359484
61252,0.6870135317470153
61253,0.2539763741284308
61254,0.40187728275485035
61255,0.7109462432635024
61256,0.24537656739503713
61257,0.49311112837845794
61258,0.53688480180582
61259,0.2833686685284548
61260,0.25931501941414675
61261,0.3771057374633588
61262,0.45068749240565015
61263,0.5567194392310824
61264,0.31197497401042684
61265,0.5372729200821026
61266,0.6707156988683187
61267,0.36610046120639916
61268,0.7026139366968371
61269,0.3981576846280201
61270,0.2964209353751946
61271,0.5778815418233482
61272,0.663942927241232
61273,0.5186874438487159
61274,0.4751744519275444
61275,0.638577831433739
61276,0.5309426233835417
61277,0.16757635927534248
61278,0.1846200821613694
61279,0.3550534233162313
61280,0.44232071966046577
61281,0.5875158210072889
61282,0.5580132106414567
61283,0.2639335650396172
61284,0.41991874913024063
61285,0.205440619391741
61286,0.6343545877947518
61287,0.6612045495428015
61288,0.5828592727462141
61289,0.4871668913100938
61290,0.2134394331619078
61291,0.4086595544425668
61292,0.3776901828543001
61293,0.21916346202207698
61294,0.6322522646488904
61295,0.15574511881666608
61296,0.20739665301749827
61297,0.2840279167357344
61298,0.40163616396496815
61299,0.6865730938561376
61300,0.762599105396805
61301,0.6506291300277681
61302,0.3378019537122613
61303,0.43625598232640933
61304,0.3030569545471227
61305,0.13965778988089214
61306,0.36478531879700427
61307,0.498473118948481
61308,0.5510120614035482
61309,0.6317878686356851
61310,0.8028607845829346
61311,0.2648937976148954
61312,0.34050129560398384
61313,0.20971942163649615
61314,0.34951021618149614
61315,0.33542798270203494
61316,0.5271873214567031
61317,0.5012501528191616
61318,0.4174505171516633
61319,0.5877598429295011
61320,0.7958892072857658
61321,0.769846263056047
61322,0.15949411498941524
61323,0.3448317154634582
61324,0.16083227466192787
61325,0.6639642998964107
61326,0.2296060999527644
61327,0.31156048508267614
61328,0.40291559983925324
61329,0.49992690102729237
61330,0.5765166428411665
61331,0.5222181285081848
61332,0.44632146762780145
61333,0.4388996552061869
61334,0.32679184807456285
61335,0.42775063520827894
61336,0.34924789473601386
61337,0.32836383403447994
61338,0.6219665196832345
61339,0.6141009466108506
61340,0.5512589339120078
61341,0.6652632673365744
61342,0.3696953969272256
61343,0.7139146223276832
61344,0.5272597790098953
61345,0.5358012798494735
61346,0.6765739571014786
61347,0.556712930989591
61348,0.3000627019718361
61349,0.758811777337312
61350,0.3893626309188135
61351,0.5833726232502442
61352,0.38449918805638783
61353,0.3207820021541685
61354,0.4472436687117835
61355,0.5214497950077129
61356,0.3865121434329416
61357,0.36906214031097706
61358,0.3163162169627002
61359,0.4950026587797636
61360,0.5125197249822858
61361,0.4776820102665546
61362,0.4600217459163818
61363,0.571390555148994
61364,0.25577162624514266
61365,0.5143623597782395
61366,0.34314475923118076
61367,0.6458284420785382
61368,0.2326531680023649
61369,0.24440108630410998
61370,0.5429466372547614
61371,0.3341075694859946
61372,0.21684392256211418
61373,0.7636144923031137
61374,0.6219905875730302
61375,0.224400058877413
61376,0.6127106796818688
61377,0.5476606206453702
61378,0.7430009915439483
61379,0.6083913062010773
61380,0.5169714306952341
61381,0.568679036648348
61382,0.6308159040927626
61383,0.5892745288315341
61384,0.4632356536201592
61385,0.33568004383199296
61386,0.5398628676911551
61387,0.2766014150793623
61388,0.23769500859071818
61389,0.5569420764814793
61390,0.3824080547513201
61391,0.24824038409065344
61392,0.7909840717573887
61393,0.3523385523014057
61394,0.6583665900804445
61395,0.598255723793389
61396,0.4185487181444076
61397,0.5600089492714314
61398,0.47494203700616017
61399,0.20586346933382982
61400,0.25444425897468353
61401,0.5703878309739098
61402,0.21465615090388027
61403,0.46388450767140477
61404,0.36669288697209096
61405,0.6433815646297165
61406,0.43716275745201694
61407,0.2420942306551165
61408,0.7253336363248428
61409,0.4252924375494474
61410,0.6136473263814528
61411,0.24992529169125466
61412,0.23292379624572448
61413,0.7773378895472369
61414,0.6285386150221175
61415,0.6422735807221168
61416,0.6521663501959581
61417,0.4206188890966657
61418,0.4860623798226066
61419,0.32662170701565585
61420,0.23237638965330976
61421,0.5783291921299014
61422,0.3192041018425862
61423,0.1804483344820091
61424,0.5526841502494828
61425,0.16392168672818577
61426,0.5089591898924857
61427,0.3916287446369291
61428,0.2809057611118528
61429,0.7029802579760724
61430,0.1589516563018506
61431,0.3660601201499327
61432,0.4119829676050846
61433,0.46115611094809467
61434,0.34897588023448217
61435,0.33106882135118804
61436,0.7798576701057301
61437,0.32491402547053055
61438,0.6395649622334559
61439,0.36733384440959116
61440,0.32558164466406264
61441,0.3743730468505761
61442,0.5333962049180178
61443,0.3389337637426201
61444,0.7790339850202879
61445,0.156856799295255
61446,0.6895031208384084
61447,0.4856895764126352
61448,0.674408650319998
61449,0.7362712310776118
61450,0.3796344630577605
61451,0.5576724907880908
61452,0.13506916289722457
61453,0.29171634781006456
61454,0.3529675453439014
61455,0.15619675698353452
61456,0.5159246735150202
61457,0.2713310445376732
61458,0.23426999124369946
61459,0.6631137483441873
61460,0.5179959226736695
61461,0.23743528362945826
61462,0.5431604780771003
61463,0.2407757648947842
61464,0.5380352880494458
61465,0.5839056266789419
61466,0.42838603011449744
61467,0.6739920654628727
61468,0.20822048797331022
61469,0.36266934764013753
61470,0.6029872014251674
61471,0.11988808092540677
61472,0.2963216073836998
61473,0.26593638512022433
61474,0.31864592467346886
61475,0.530795824683527
61476,0.7078142234315946
61477,0.5298946110926382
61478,0.38569909444965284
61479,0.5298598822081162
61480,0.27822998014139844
61481,0.20496198094646692
61482,0.14220704173360812
61483,0.53098322734368
61484,0.45650138520547623
61485,0.4870571295363049
61486,0.4747435798714114
61487,0.3944419755255089
61488,0.7183350711356042
61489,0.37976486877592525
61490,0.1404308291262446
61491,0.16055818261606722
61492,0.5113190494284217
61493,0.6614790608390569
61494,0.4594654967509902
61495,0.5528888094787903
61496,0.324002339045118
61497,0.39746832425949485
61498,0.29651268178174217
61499,0.37597144733867194
61500,0.4545750288240957
61501,0.3487517716758222
61502,0.6350444805060126
61503,0.49139634278176064
61504,0.7363633380271949
61505,0.39463152194326234
61506,0.5194299466384437
61507,0.6533686303797804
61508,0.18372620181742483
61509,0.20099966318967732
61510,0.5184995957636348
61511,0.16573684135297573
61512,0.2559145092363448
61513,0.3377880156339825
61514,0.45863945368716735
61515,0.6067948112006614
61516,0.6218464046283388
61517,0.6222206167365585
61518,0.5178114596763796
61519,0.574478191118019
61520,0.38659948897212937
61521,0.48230417459318936
61522,0.3874775695073217
61523,0.2961591127356882
61524,0.49699147566143337
61525,0.2628624806025981
61526,0.5331389297883093
61527,0.5443067063552077
61528,0.4162043517993888
61529,0.46588559638886295
61530,0.4335284192467326
61531,0.07687404536084988
61532,0.31680882609423616
61533,0.339742885280796
61534,0.4304728712298827
61535,0.2579041165009081
61536,0.1727849379444052
61537,0.10134738149402381
61538,0.2155456979596709
61539,0.6397046874969328
61540,0.42033588286668605
61541,0.15448787794489496
61542,0.44922935416187354
61543,0.7832151436453122
61544,0.7530918773316164
61545,0.3691925808346271
61546,0.7008369434945227
61547,0.34525448040068035
61548,0.17286636030731484
61549,0.6147269323648813
61550,0.4414876208279828
61551,0.7346799991679613
61552,0.4691219890496083
61553,0.6682491050307059
61554,0.2714977391312159
61555,0.46113438961856507
61556,0.6763082750146644
61557,0.5374183644675641
61558,0.5916773651956505
61559,0.756289531347389
61560,0.4428938907956933
61561,0.5695602581208242
61562,0.42129716121729033
61563,0.6506926373852145
61564,0.2641772721550892
61565,0.47397163254063207
61566,0.8199184080021069
61567,0.6012636312119848
61568,0.5734695372537649
61569,0.27336861416079
61570,0.35736454504246684
61571,0.21295870799182598
61572,0.6162062808350957
61573,0.6401065888727343
61574,0.36329989809793556
61575,0.21120713893992343
61576,0.5798806570950146
61577,0.438952443364193
61578,0.661523870061875
61579,0.5992360398462285
61580,0.5276690086096517
61581,0.10196098270290122
61582,0.685274016963227
61583,0.5233596394535815
61584,0.7253283493957051
61585,0.5453478144541227
61586,0.5674341805901717
61587,0.648055330928489
61588,0.519782046842774
61589,0.4126258306545975
61590,0.49478855331937177
61591,0.4459045083710387
61592,0.37419317731066226
61593,0.7743175870216096
61594,0.5797425091741777
61595,0.5476035764440115
61596,0.1515569818061442
61597,0.37637304165470087
61598,0.5912284586847777
61599,0.5971212246066818
61600,0.47858744039332723
61601,0.5026121001425723
61602,0.3744595233433093
61603,0.5792164153061282
61604,0.22574633985591783
61605,0.4497581160025048
61606,0.4464209421386953
61607,0.7152977142521624
61608,0.6240460634126943
61609,0.37417138921024856
61610,0.5446118189103816
61611,0.15902658957368226
61612,0.7333932922662578
61613,0.3317177572177789
61614,0.24175741024250505
61615,0.4112956924019022
61616,0.15096476033768352
61617,0.5132688866572624
61618,0.5791970923517666
61619,0.6603112883094542
61620,0.25069918440001654
61621,0.7669044078756144
61622,0.6325041322320655
61623,0.2667616877659509
61624,0.6645324607925056
61625,0.4665408409210654
61626,0.3512158695785895
61627,0.2774174797795914
61628,0.3079074909005702
61629,0.34526515574013755
61630,0.17019095741067358
61631,0.8345012831290475
61632,0.11362229282157335
61633,0.4469462119496602
61634,0.5518645477271521
61635,0.18751884349557166
61636,0.5088095168585828
61637,0.662117557068754
61638,0.6010471271879604
61639,0.6327408055809588
61640,0.601896966403097
61641,0.42631849823997753
61642,0.4027985006348827
61643,0.5223403788110864
61644,0.6818013591120292
61645,0.2564265418321313
61646,0.7417520398760112
61647,0.2566486817520499
61648,0.7164517887160723
61649,0.7107730336555191
61650,0.5225988542220175
61651,0.2665481221257636
61652,0.16448622798644355
61653,0.2780053720885667
61654,0.20000235805507585
61655,0.5519432928856209
61656,0.7781503642461415
61657,0.6193940510032654
61658,0.3096340244367038
61659,0.7188127087553856
61660,0.7898192226375005
61661,0.5629116470717634
61662,0.5490702545459744
61663,0.45012861999906406
61664,0.19624122822951878
61665,0.13524506205108613
61666,0.23397055165638933
61667,0.534433025325329
61668,0.5206445128240496
61669,0.6094448418318084
61670,0.720589724698566
61671,0.1385565299205083
61672,0.4636294139032841
61673,0.3674184694950607
61674,0.42970890000742
61675,0.5173534307314221
61676,0.3017984708989248
61677,0.3964260034246642
61678,0.46408393824822486
61679,0.5145600938284016
61680,0.5251488461426469
61681,0.6618316672504081
61682,0.3246228416883872
61683,0.5198702924677316
61684,0.52260183211069
61685,0.4527028579033886
61686,0.30150428346138064
61687,0.6443362455836328
61688,0.1615264883214315
61689,0.3356062179498848
61690,0.4931276974277756
61691,0.10047620922893605
61692,0.5173355894095092
61693,0.2249756718350213
61694,0.4068791948014493
61695,0.10135989728114701
61696,0.610084162537583
61697,0.39451141909415843
61698,0.1470016440256357
61699,0.6052405009289711
61700,0.31029363038779384
61701,0.5125291614963343
61702,0.10897426621118508
61703,0.52236085468832
61704,0.310639625711778
61705,0.13349303347262695
61706,0.49881416258352257
61707,0.4581495791127193
61708,0.7992251722780749
61709,0.6071393111204959
61710,0.2379934618341666
61711,0.5004630966632149
61712,0.3820647664602812
61713,0.7200522170950477
61714,0.4188981147012199
61715,0.39178596422301615
61716,0.5861073086179301
61717,0.6999301806122781
61718,0.48583417121502903
61719,0.42418022681428813
61720,0.5911700191239034
61721,0.5818879582640718
61722,0.4384082791146546
61723,0.1751565953283714
61724,0.21483031114988752
61725,0.6179151951926123
61726,0.6909130523348167
61727,0.32420351161430694
61728,0.6998950561079255
61729,0.8743354738832441
61730,0.5455507334786278
61731,0.735301116429735
61732,0.438381304456063
61733,0.5234097801063426
61734,0.6873728644802534
61735,0.5997767878559446
61736,0.32705148719611904
61737,0.7802911103157446
61738,0.5231259611651713
61739,0.579455151144175
61740,0.463598143613547
61741,0.5461841375431955
61742,0.6819876970478737
61743,0.5122908920424886
61744,0.7415746262807786
61745,0.6184410529851012
61746,0.34725062615951485
61747,0.5588491797043714
61748,0.6303766429070602
61749,0.5003623647287045
61750,0.21849961732767886
61751,0.46588402331949086
61752,0.2756859933600982
61753,0.28577325572487994
61754,0.2538599338699012
61755,0.4929517304492521
61756,0.17525402598384715
61757,0.060694291497415884
61758,0.15877958214915788
61759,0.16205592030525615
61760,0.25677936618373554
61761,0.24541284985324385
61762,0.1472541648894046
61763,0.8119500659566579
61764,0.4304863036399541
61765,0.5155449041576282
61766,0.14425275053842604
61767,0.7594746700828404
61768,0.3812334101980605
61769,0.4495461980665249
61770,0.47488649071807426
61771,0.23652602865283026
61772,0.26813400285320305
61773,0.15563335782263174
61774,0.674067065972808
61775,0.6225591183143704
61776,0.5108193116822425
61777,0.5676313865559394
61778,0.6877297032216132
61779,0.7205830752269781
61780,0.6524780470880309
61781,0.7793754820448542
61782,0.5761946509432511
61783,0.3746059493554849
61784,0.7675538612705297
61785,0.5011256712291631
61786,0.38701798594954046
61787,0.6193878293761824
61788,0.6052626053047212
61789,0.8348009909636399
61790,0.5410323447912814
61791,0.6550097709616801
61792,0.6483219712146261
61793,0.32139510897130275
61794,0.22100231008370672
61795,0.6081169731141616
61796,0.6361210464311764
61797,0.37506776876226006
61798,0.5208281446975822
61799,0.3484689775892338
61800,0.5588076129145654
61801,0.2874661833231486
61802,0.07904333389560217
61803,0.26149071170559596
61804,0.5246120983288423
61805,0.22580967961339068
61806,0.44494099291615336
61807,0.2559131657954936
61808,0.5377996198535246
61809,0.7673990402379893
61810,0.27729979303514385
61811,0.7881522266203136
61812,0.40075774299666594
61813,0.6207481214726136
61814,0.5270255734419136
61815,0.5129462465094758
61816,0.4407839533787805
61817,0.2656706259381379
61818,0.3013342061362033
61819,0.6325254878569045
61820,0.7619084691056996
61821,0.5910001612324491
61822,0.35209678836136604
61823,0.3798458072100263
61824,0.08322481708659207
61825,0.4634232976817927
61826,0.6899342004235082
61827,0.7669355537637176
61828,0.6027062476242906
61829,0.5068067849644271
61830,0.28760565086469597
61831,0.3873387936482515
61832,0.45496217785765186
61833,0.13977590236269238
61834,0.146726498105871
61835,0.3759606047700403
61836,0.2071597004810311
61837,0.38179572612922996
61838,0.4534276673677595
61839,0.5009128344135317
61840,0.5086811547585882
61841,0.25390919390311023
61842,0.283620245585586
61843,0.39301893256142645
61844,0.22703166820452045
61845,0.5217844542641038
61846,0.31132731336432967
61847,0.26567838829200674
61848,0.3149833141466229
61849,0.5216462996138601
61850,0.4860336619224435
61851,0.5005731823243076
61852,0.20835086745136408
61853,0.3924168511357412
61854,0.38519472619939443
61855,0.5342280871759282
61856,0.5815641789040756
61857,0.5804711435656859
61858,0.2607307671765316
61859,0.40564225263922715
61860,0.4443060877057359
61861,0.5861087035802061
61862,0.6546451407035182
61863,0.22403151827422071
61864,0.5864456664649552
61865,0.23435911034025003
61866,0.7369144744188615
61867,0.4288750693033067
61868,0.3041348995184071
61869,0.8649452841157088
61870,0.4647153733585879
61871,0.5262363405971117
61872,0.5380779311560258
61873,0.45495772482464814
61874,0.7508631643761715
61875,0.49093164975956294
61876,0.540629832810874
61877,0.7856235424529436
61878,0.12458553484054045
61879,0.3307801332391521
61880,0.6000778251555076
61881,0.45845351487592867
61882,0.29631676702426174
61883,0.30109484073759885
61884,0.4832344958173983
61885,0.4394991524978769
61886,0.34191339698792383
61887,0.22552664843306963
61888,0.5157693746767614
61889,0.35211915122778137
61890,0.7537155800522335
61891,0.4828915039234678
61892,0.6661712554455445
61893,0.5134240593754825
61894,0.5660956769258919
61895,0.29718083103282633
61896,0.5170748219310657
61897,0.3948256629043139
61898,0.7395438952415937
61899,0.4614512040338855
61900,0.535435445166228
61901,0.12196438448202275
61902,0.28903138230675646
61903,0.12992790643779809
61904,0.41157186022241665
61905,0.561225279337882
61906,0.38922673282067416
61907,0.5526285172100712
61908,0.49837802401228276
61909,0.4593749818696889
61910,0.4884318208425656
61911,0.38260990138321727
61912,0.5690502217209817
61913,0.426045840488457
61914,0.41633681478851037
61915,0.35447117773063763
61916,0.5021838375916768
61917,0.2935338874106434
61918,0.6940556996393455
61919,0.8368625818366159
61920,0.39439454067923896
61921,0.6335555480168309
61922,0.4703400669897606
61923,0.7696989631309082
61924,0.2332891158598229
61925,0.7718909278342398
61926,0.7777155914831585
61927,0.14307882436719646
61928,0.72348187784118
61929,0.527931948314699
61930,0.3251920801058794
61931,0.5433497223119261
61932,0.25023802320180827
61933,0.45204153944649134
61934,0.3833036269581122
61935,0.6677286466963087
61936,0.09118628335994312
61937,0.576527335873759
61938,0.3897658193891345
61939,0.5374229913912716
61940,0.6028317421198544
61941,0.63475649026432
61942,0.6963388298258789
61943,0.33108606498993237
61944,0.12008775789735396
61945,0.5219274329096093
61946,0.6084265081936492
61947,0.46363175901605147
61948,0.41028551064667246
61949,0.5052216782711898
61950,0.6235039265296026
61951,0.42886695845752715
61952,0.5560279538987536
61953,0.15126848967168216
61954,0.6474094396796662
61955,0.24583506793060106
61956,0.3907466484147025
61957,0.751341847315666
61958,0.4002479175802711
61959,0.17690927046975802
61960,0.06508952460858602
61961,0.4833336125554648
61962,0.46018849849024535
61963,0.18323150670017374
61964,0.18002413794508781
61965,0.7762499910181863
61966,0.30540928551860363
61967,0.869742698259764
61968,0.6076422995095715
61969,0.2317905056877311
61970,0.5721728429027815
61971,0.2760013240058336
61972,0.6966279170600251
61973,0.14275054770797646
61974,0.5919280826990719
61975,0.5934736029953928
61976,0.3788681009255435
61977,0.5325931213817557
61978,0.572956148637045
61979,0.5506087334859378
61980,0.528741151848365
61981,0.13984139745788995
61982,0.40995492172305653
61983,0.4554987321722119
61984,0.5139942963894065
61985,0.10439701814412614
61986,0.13502755602311567
61987,0.544690916597978
61988,0.11658940818876948
61989,0.4318392239418809
61990,0.5341655210842
61991,0.17593868609895214
61992,0.45867731347116
61993,0.31598528357304645
61994,0.7495136948351351
61995,0.5314620157563504
61996,0.6015778678592827
61997,0.4046724322938584
61998,0.22377392741392577
61999,0.34575560545061784
62000,0.2331727804010233
62001,0.3676210027223452
62002,0.4386669835364971
62003,0.6332706425543017
62004,0.5664115184955144
62005,0.3633012499554022
62006,0.5267010436277767
62007,0.35463199847833354
62008,0.21343674513076158
62009,0.429872414765787
62010,0.26799134617161235
62011,0.1019426477024981
62012,0.6089092542979582
62013,0.7984675521167119
62014,0.31514632242827917
62015,0.5013542805766357
62016,0.4281109977400265
62017,0.25198685214827166
62018,0.40206773408379043
62019,0.2346288274138105
62020,0.3744156536082866
62021,0.3174739137868181
62022,0.23095381846028284
62023,0.26804897654479737
62024,0.32164570800336884
62025,0.45805171762690505
62026,0.23549248120728516
62027,0.4612672969345291
62028,0.41126365478124594
62029,0.3808751329569361
62030,0.5198599367685427
62031,0.5057734283190184
62032,0.48189980868593224
62033,0.36783940670140586
62034,0.5034926677416476
62035,0.5816430548500328
62036,0.5102241097308553
62037,0.26440167486112903
62038,0.5180284968640336
62039,0.3143212694515995
62040,0.29077390835971145
62041,0.36863363547014066
62042,0.35797631034927346
62043,0.14018051060289088
62044,0.6893219887064898
62045,0.18895351848762632
62046,0.2933626388382943
62047,0.40316042844329925
62048,0.5612323529924385
62049,0.5426103032105031
62050,0.2393310333251745
62051,0.5042885240413845
62052,0.7634963248810136
62053,0.6169582004645018
62054,0.6055143178117499
62055,0.6438398633511073
62056,0.5052590154694812
62057,0.4415026459197604
62058,0.15626118524224675
62059,0.5014660401446228
62060,0.6184058737859441
62061,0.14607304805752347
62062,0.08518080700684509
62063,0.2042334034833169
62064,0.36815903394359384
62065,0.5306194499274871
62066,0.6502142518745576
62067,0.4391510967346601
62068,0.41084406180285704
62069,0.5447579527356496
62070,0.5854870679597435
62071,0.12817259516545518
62072,0.5274657836966294
62073,0.1468008822876424
62074,0.4397227227689241
62075,0.6942020246768275
62076,0.357975781111946
62077,0.6027833792641858
62078,0.5208497855606751
62079,0.5711929092513091
62080,0.7447133741789691
62081,0.16719079162689912
62082,0.8130097468759364
62083,0.7738091999098017
62084,0.45632287259375415
62085,0.4353187664804524
62086,0.19786972824411558
62087,0.5249920245634578
62088,0.2676912541484552
62089,0.4548582786570582
62090,0.49729090853758334
62091,0.5740049250652811
62092,0.6188442257029056
62093,0.7606847127095481
62094,0.694734447212764
62095,0.4689271470788159
62096,0.468744367390426
62097,0.13767320695927932
62098,0.2374100602368154
62099,0.22904660352715728
62100,0.12428203376104469
62101,0.21637478009019268
62102,0.6511467930414266
62103,0.13411860411235765
62104,0.36283047597767193
62105,0.489722810291508
62106,0.2662083835583408
62107,0.3324471404091977
62108,0.6086447636595473
62109,0.4554251373087033
62110,0.7565899639895347
62111,0.4170262995026504
62112,0.6858675888422718
62113,0.2850605971417039
62114,0.21243857285696985
62115,0.5302323391738972
62116,0.3405922588143038
62117,0.1853151994209549
62118,0.23002420084583852
62119,0.5097047509940001
62120,0.22716004277801105
62121,0.5471882177324437
62122,0.8129464933595847
62123,0.5456149606688359
62124,0.4035141132911269
62125,0.6257654033924558
62126,0.3472335208415447
62127,0.7560704520588699
62128,0.5183525235309985
62129,0.3337510500298398
62130,0.41115227715936886
62131,0.3990773193996191
62132,0.5920262468024615
62133,0.5446656227327404
62134,0.14448017669482938
62135,0.47753960699657233
62136,0.12119202065556668
62137,0.6891022953361554
62138,0.47328313665431404
62139,0.47335416556872956
62140,0.5551406653129645
62141,0.5739579596471974
62142,0.3658319060920113
62143,0.5346566269696735
62144,0.5529240974750878
62145,0.5301434563801343
62146,0.32956173815597906
62147,0.6375829083594104
62148,0.5614720135290656
62149,0.6337519418371532
62150,0.5038909625000031
62151,0.45176952896761396
62152,0.5759188954946257
62153,0.4999357197060492
62154,0.5266372321440179
62155,0.14831906956104224
62156,0.520166574045373
62157,0.2956512833112371
62158,0.42517041394530086
62159,0.4221907893471135
62160,0.19543341401389006
62161,0.32282426505099804
62162,0.25255896693471247
62163,0.43995210890163816
62164,0.4768224750334122
62165,0.5614816915467838
62166,0.4085333592403464
62167,0.22279213808044912
62168,0.24103030042877932
62169,0.38359544215529595
62170,0.4426288440414118
62171,0.31977413791917125
62172,0.48126285759812265
62173,0.27435131947540514
62174,0.32755537596408707
62175,0.1376257162121142
62176,0.5727204426148353
62177,0.5830759997544483
62178,0.11835987831320849
62179,0.35168044527973713
62180,0.4443880530724307
62181,0.6081985409565706
62182,0.10555193111985117
62183,0.771929288003274
62184,0.5213884040229237
62185,0.49131264966147903
62186,0.5224846600477715
62187,0.5939646274432311
62188,0.7357576132210661
62189,0.5047697048173787
62190,0.49280144535808035
62191,0.22477371784686132
62192,0.20165318776776608
62193,0.5890173415986962
62194,0.4036443976007684
62195,0.35523558446713505
62196,0.23258537439290994
62197,0.28811129532772023
62198,0.1551288195944087
62199,0.7607541802458496
62200,0.8171828634759633
62201,0.607923564773125
62202,0.37667391453748883
62203,0.4166948087351007
62204,0.4235992920757354
62205,0.589303119952789
62206,0.38646494352314686
62207,0.6906233690890142
62208,0.7538309201295447
62209,0.1762424608876993
62210,0.3008982014332047
62211,0.5519997144602623
62212,0.3560101855776168
62213,0.5411748954624966
62214,0.3503700924685833
62215,0.4496610876045288
62216,0.45108325585957115
62217,0.4447708810306629
62218,0.5687053493989103
62219,0.40382708326138933
62220,0.696792061166516
62221,0.7140218237945338
62222,0.5369290020683765
62223,0.6529144082587185
62224,0.5852230028997831
62225,0.5863282261513146
62226,0.45772462811605136
62227,0.6121434770835948
62228,0.5950550467598674
62229,0.6056389819497255
62230,0.5285706986974222
62231,0.6015179261023019
62232,0.7803849137825142
62233,0.6510241044941699
62234,0.6607833026181916
62235,0.5943159960768177
62236,0.5789856131426323
62237,0.6582480922992303
62238,0.2061714547926807
62239,0.3721216462978965
62240,0.20455330496163734
62241,0.5813779293241806
62242,0.2114794574347283
62243,0.7830053551974272
62244,0.657774511518734
62245,0.44314792496443794
62246,0.5235676593365255
62247,0.19092182128893748
62248,0.7985329839364074
62249,0.7495215962489478
62250,0.23835076305728115
62251,0.5156432893909905
62252,0.5087445645209429
62253,0.5123212444360118
62254,0.25359287499994804
62255,0.36725586427804713
62256,0.5307569771702312
62257,0.3600518880486237
62258,0.6205641071962619
62259,0.4117653491223218
62260,0.16699777317033895
62261,0.3559764649054357
62262,0.5489224059672156
62263,0.5676851504895133
62264,0.5111082219127638
62265,0.2786640569111177
62266,0.4668583863112302
62267,0.5199039727834348
62268,0.5321192999666546
62269,0.4517438673913074
62270,0.5944893040946901
62271,0.15080066583306792
62272,0.6260050301042739
62273,0.4925419193266849
62274,0.366753442295036
62275,0.4183590341189821
62276,0.6691696719114384
62277,0.2974914884101585
62278,0.36087111927635446
62279,0.4401129217660439
62280,0.31860939539498867
62281,0.5892424483558896
62282,0.34760191837917714
62283,0.19121472754110336
62284,0.22519221512206455
62285,0.4241195361652894
62286,0.4192398381204065
62287,0.17329793182952782
62288,0.17788041471752122
62289,0.6333498669141616
62290,0.21864964589195726
62291,0.26690243249834217
62292,0.5000434608465634
62293,0.6591304157615149
62294,0.11253157784391542
62295,0.607639897453968
62296,0.4968656946048242
62297,0.7903867539278638
62298,0.7905686306737034
62299,0.41655090878107603
62300,0.18799178925862217
62301,0.6926049726265705
62302,0.5544802090238854
62303,0.5237057137380976
62304,0.7141210968986872
62305,0.6999852100816605
62306,0.6576094607323215
62307,0.3320236340937529
62308,0.23369819646289924
62309,0.19548766320091351
62310,0.7042286336580822
62311,0.8025269965820044
62312,0.5234376139596743
62313,0.5232237596429261
62314,0.2893451219292269
62315,0.63766176355002
62316,0.46150284452643225
62317,0.5474568061078761
62318,0.7738093980430739
62319,0.1152928226954331
62320,0.33443818999923886
62321,0.3572890056148835
62322,0.6268392104241318
62323,0.4563776273364563
62324,0.4730517248371856
62325,0.20293097762010545
62326,0.2827048056009727
62327,0.28158197714659916
62328,0.4698514836847996
62329,0.5663940220823778
62330,0.27945818454936316
62331,0.4105703357112315
62332,0.46174117925530483
62333,0.534088408381085
62334,0.2070149064358731
62335,0.3049624077103673
62336,0.29757505218881314
62337,0.6510509389236632
62338,0.24880516786106038
62339,0.6351496119703364
62340,0.5288100875021173
62341,0.2834985162126711
62342,0.49493162397582413
62343,0.16697596803915535
62344,0.4315930719527646
62345,0.5022119553778713
62346,0.5153964747082468
62347,0.5699706650395459
62348,0.4918775439395079
62349,0.1930215045199512
62350,0.29887152469032235
62351,0.5486904136022376
62352,0.5344431236835177
62353,0.5673311907740572
62354,0.40108073036341907
62355,0.15476916359140838
62356,0.5902111883923677
62357,0.288017688628864
62358,0.38635017983679243
62359,0.37071286001681836
62360,0.5399757748499694
62361,0.533031424760069
62362,0.46688968167896117
62363,0.18616774129650474
62364,0.11614937810372584
62365,0.37322536547274254
62366,0.32905452776926386
62367,0.4358013046547
62368,0.22132195662236354
62369,0.5196586240748478
62370,0.6164147881619292
62371,0.30620634076739334
62372,0.3000821595539291
62373,0.6640284749419693
62374,0.43043348307433416
62375,0.453330596760387
62376,0.4506720329679375
62377,0.44419165546509487
62378,0.17000416583038103
62379,0.2812685444528559
62380,0.6766697306062339
62381,0.5142063202285179
62382,0.3512136286453471
62383,0.3597063443136104
62384,0.6587744719234657
62385,0.596486842970769
62386,0.5369189575860496
62387,0.6768749555243283
62388,0.6452488728430975
62389,0.5561930551920178
62390,0.3898801636467561
62391,0.3959123396529451
62392,0.6221729188038208
62393,0.6939183419448244
62394,0.5586617826159886
62395,0.4030230389717471
62396,0.5388274686240524
62397,0.529064574779662
62398,0.2900280429174031
62399,0.8093640031248628
62400,0.5735858702678929
62401,0.3880065175467051
62402,0.6899650602291295
62403,0.6811313985023747
62404,0.2342457610376045
62405,0.13909625999608305
62406,0.5683116446608533
62407,0.12459321568156367
62408,0.4647566873646726
62409,0.4837622121849654
62410,0.3604078364724048
62411,0.6693070424436954
62412,0.7850217569549575
62413,0.5027149263645129
62414,0.5975961820400905
62415,0.3871072812451696
62416,0.27190549054265795
62417,0.8019925667982244
62418,0.4470576743789753
62419,0.6587969077149345
62420,0.45229639101361535
62421,0.3697157469273105
62422,0.5147659350047495
62423,0.5983727181216848
62424,0.18727307136025556
62425,0.3364541275411045
62426,0.34282586505268375
62427,0.562083085835129
62428,0.4277743812200473
62429,0.4073585667869203
62430,0.15191039872642598
62431,0.4014934980795102
62432,0.1822206761499795
62433,0.4184521379603519
62434,0.33450817700336305
62435,0.17923092101877539
62436,0.2326104219137721
62437,0.49597869514333986
62438,0.4103776054418842
62439,0.4695248631889946
62440,0.27300562896572955
62441,0.5092809470638718
62442,0.6377991235655421
62443,0.12664935483022935
62444,0.44891350177948675
62445,0.3427759309156167
62446,0.33606002122145856
62447,0.7997725374926528
62448,0.25737380202372695
62449,0.21857803522944236
62450,0.2687804680264851
62451,0.14564538247077505
62452,0.5452541398877822
62453,0.5115497935928769
62454,0.7512088136586306
62455,0.3979869232375919
62456,0.1801366910875911
62457,0.6382467944172535
62458,0.2519720735858766
62459,0.6092513876273369
62460,0.4036392989365393
62461,0.3101960906920286
62462,0.4125425839006936
62463,0.444050744569081
62464,0.4691586662562957
62465,0.4742504168870989
62466,0.37697931417971536
62467,0.4763514514349449
62468,0.20089234771161107
62469,0.5040883340464
62470,0.32821609174864647
62471,0.6126897089421993
62472,0.6238537419309008
62473,0.5158710251795101
62474,0.4458004857797323
62475,0.1299135741285117
62476,0.4697069094907233
62477,0.20715785627009428
62478,0.5780992908969438
62479,0.7175463515221583
62480,0.15712953259873993
62481,0.14284609481189645
62482,0.8070398763217449
62483,0.6647564585712787
62484,0.251389834546074
62485,0.15575562135570306
62486,0.4411833756805492
62487,0.5317082648439421
62488,0.41330195907199174
62489,0.4386043939271405
62490,0.6794259520919914
62491,0.42044204300879584
62492,0.16119597406391672
62493,0.3993729900634947
62494,0.4487053291292783
62495,0.09893221677305931
62496,0.13144346603609813
62497,0.3662147145922203
62498,0.364575866656961
62499,0.45122713236610446
62500,0.3823997353658694
62501,0.3874145102255168
62502,0.6527175729833646
62503,0.5628385496649733
62504,0.30095033622477524
62505,0.4470666621837254
62506,0.16841410441446872
62507,0.5346206122338799
62508,0.3429641025881673
62509,0.20980184278004524
62510,0.12822539715020886
62511,0.5579641172872125
62512,0.4554909143067293
62513,0.18132163684879543
62514,0.22562191499960388
62515,0.22323787339702555
62516,0.15559710033178317
62517,0.26973070937457894
62518,0.7244205250626949
62519,0.22549330978244797
62520,0.3221415350528404
62521,0.720374237840944
62522,0.45068116477707587
62523,0.645968399764408
62524,0.30570650774617547
62525,0.6307869946171666
62526,0.2096870254344995
62527,0.446297063028261
62528,0.15052814633994466
62529,0.1004294668340013
62530,0.1855068947318355
62531,0.6228131734851827
62532,0.6446205302862535
62533,0.32150655383541554
62534,0.3128351313082352
62535,0.4270012129235131
62536,0.3668338276809059
62537,0.38143162017474486
62538,0.7515579018373337
62539,0.4973096041933246
62540,0.44119859478246987
62541,0.3944337923129707
62542,0.7141662171543346
62543,0.40154500656503617
62544,0.7324562881441734
62545,0.0933026562385252
62546,0.24190507089303914
62547,0.5430735763453319
62548,0.4125707766611863
62549,0.7295221179018611
62550,0.7867643777859551
62551,0.5127130101517698
62552,0.6909058989117252
62553,0.6079436815524749
62554,0.5974585352856869
62555,0.6630658725957395
62556,0.6438108563734802
62557,0.21970530388328102
62558,0.6166412328312357
62559,0.17966798592157673
62560,0.6426516392031967
62561,0.5693883848361544
62562,0.4199513915758202
62563,0.5837422191590009
62564,0.6367680747543688
62565,0.6129654673341836
62566,0.4614820158209757
62567,0.5622472679301505
62568,0.5615527867647343
62569,0.4975625307540568
62570,0.6538076776624802
62571,0.5159280871582862
62572,0.7898659784298573
62573,0.520468221180932
62574,0.448521964534903
62575,0.20597192130004177
62576,0.5178954729793427
62577,0.3748858471822353
62578,0.5417685222993301
62579,0.42439909701537226
62580,0.40199843803828017
62581,0.5902722881808627
62582,0.7488239076613238
62583,0.2993269498852014
62584,0.680032559447297
62585,0.6618939281741211
62586,0.4397317198795808
62587,0.3397096605376943
62588,0.2099360476913414
62589,0.6171243511042327
62590,0.6104098238365095
62591,0.5403527447412806
62592,0.34015917655827604
62593,0.43612112403790537
62594,0.3546365318315764
62595,0.1149536137728279
62596,0.37449296446644476
62597,0.5431624072480379
62598,0.3237434259067896
62599,0.7939267636156236
62600,0.4479922155869805
62601,0.24448192933590512
62602,0.3509222204012533
62603,0.36703618820202527
62604,0.24680283730010075
62605,0.6384483837166848
62606,0.1020839169242293
62607,0.4753219115614621
62608,0.7258428578412083
62609,0.2934436463806534
62610,0.3469996987034766
62611,0.2821805628845656
62612,0.5680555060769374
62613,0.4218149170113211
62614,0.16908253354670089
62615,0.2733116552084247
62616,0.37837080137223533
62617,0.14920592327110704
62618,0.3473273622809174
62619,0.18469794239730447
62620,0.37689356700302784
62621,0.5821174076306991
62622,0.45732809868298796
62623,0.5401279099582607
62624,0.3932688480440925
62625,0.28396318046986874
62626,0.4961412744769609
62627,0.7212951043164844
62628,0.32936418471944834
62629,0.46130726885385165
62630,0.11892250094069563
62631,0.42523730707067675
62632,0.47772218361489555
62633,0.5864880997056032
62634,0.599848525031747
62635,0.19814803822749946
62636,0.759644537529169
62637,0.7483266630373201
62638,0.671420484846887
62639,0.3331051746914849
62640,0.7182312879716068
62641,0.3980576443566096
62642,0.5682856069160361
62643,0.2519998797293626
62644,0.6132096028853405
62645,0.18934060682705595
62646,0.1400747384927568
62647,0.4257190881918475
62648,0.15077152943415062
62649,0.13947920886271692
62650,0.2857337354121208
62651,0.5804037176704449
62652,0.5096119776402278
62653,0.3093439369965406
62654,0.3526108404205604
62655,0.565957933624992
62656,0.7553765355414859
62657,0.6354003455451279
62658,0.40595743713165144
62659,0.4233541632054513
62660,0.277640898339822
62661,0.8426648618513036
62662,0.5700440142379254
62663,0.32633966342522713
62664,0.742870060315937
62665,0.45919259015337116
62666,0.5079392611344551
62667,0.5814261439595938
62668,0.2996733037613191
62669,0.5002256993979507
62670,0.2473257094780127
62671,0.4540207822677929
62672,0.4849001286578201
62673,0.3680845686445982
62674,0.7620635780468898
62675,0.658872560426815
62676,0.5781952465218895
62677,0.21127950485682254
62678,0.617263155205567
62679,0.4307707854969302
62680,0.13665324613796806
62681,0.28698632901876187
62682,0.22644282818708633
62683,0.3966210439451516
62684,0.49886060530397935
62685,0.36042503765898776
62686,0.3365232675168372
62687,0.43129355727310537
62688,0.5998067754359757
62689,0.5665106614375358
62690,0.2854350485798647
62691,0.44797316116476354
62692,0.4551241680160547
62693,0.41087871465381504
62694,0.7661521487948438
62695,0.43438179462520504
62696,0.618918825572957
62697,0.5392215360752074
62698,0.5043893987025285
62699,0.7348013172156603
62700,0.07865382182397307
62701,0.4521042265808006
62702,0.5724859008550491
62703,0.7583576418831438
62704,0.6367575480778217
62705,0.39889840211835176
62706,0.2363185123126665
62707,0.668093826930555
62708,0.8062626869803858
62709,0.5252563552035843
62710,0.6300497253320668
62711,0.38229116692827
62712,0.7520153908113575
62713,0.32741476408567555
62714,0.4695580608831183
62715,0.43356922330967784
62716,0.11946986926404603
62717,0.653613547598997
62718,0.5932863135258599
62719,0.39310091947380676
62720,0.7497648749618154
62721,0.5523192182717731
62722,0.3637156846296738
62723,0.5718865688746929
62724,0.44583876562633545
62725,0.39212124352825145
62726,0.163605963560484
62727,0.25025916146607924
62728,0.5233052969917016
62729,0.3473149506472732
62730,0.21531156000410465
62731,0.5921764393101735
62732,0.37245199904600557
62733,0.34080776743704655
62734,0.625333728310442
62735,0.5107498374052012
62736,0.2674457589516711
62737,0.8028540664164763
62738,0.43231242605155973
62739,0.5502874854156711
62740,0.4856197928526702
62741,0.5115031393807327
62742,0.7626797467033848
62743,0.26815658374950374
62744,0.8213739072063216
62745,0.5684751973600387
62746,0.6468520800590548
62747,0.23137068015757717
62748,0.10018658815718333
62749,0.7852044341066067
62750,0.4367403253304066
62751,0.6180399504483496
62752,0.13380613210645598
62753,0.5381307291442657
62754,0.477344329162941
62755,0.5650976621454862
62756,0.3954199805241935
62757,0.13778689757251975
62758,0.514164845448033
62759,0.3626566804443613
62760,0.6074456116594877
62761,0.7614677353189865
62762,0.5741233427453123
62763,0.81955669477346
62764,0.48477328118335866
62765,0.17441008325722407
62766,0.46076014699750156
62767,0.3813290800277584
62768,0.5466611942354268
62769,0.37103352458894695
62770,0.4769269052619954
62771,0.35821308203576346
62772,0.2337722983497641
62773,0.317224950237783
62774,0.23310094209011994
62775,0.7487663607774975
62776,0.5384090179609213
62777,0.6239353919247553
62778,0.16522562399893914
62779,0.5917453514140316
62780,0.18365434049028045
62781,0.5051846896879914
62782,0.4065118738677714
62783,0.16216609745882368
62784,0.701482584532433
62785,0.5854013216711016
62786,0.706599702180574
62787,0.5897253623530646
62788,0.37648367075007805
62789,0.38083272568848087
62790,0.4705336870343885
62791,0.5610807297128023
62792,0.45972183819537893
62793,0.5020537940710021
62794,0.640749936323085
62795,0.23599092506757213
62796,0.5445339285635691
62797,0.18360822005485095
62798,0.545713424213384
62799,0.15583469199651806
62800,0.47328676112204837
62801,0.6343971762298135
62802,0.6518868031835354
62803,0.46744726764357136
62804,0.2494985097293675
62805,0.15346194044772976
62806,0.3439789848896274
62807,0.4077753007127885
62808,0.5634916907878185
62809,0.4156556621057459
62810,0.4619572802446602
62811,0.5663673740243244
62812,0.6807235529130428
62813,0.576962106438882
62814,0.40771891985481074
62815,0.2638117621346225
62816,0.300002345045391
62817,0.5911261562198407
62818,0.39476393109415214
62819,0.520426187763863
62820,0.48391632475356544
62821,0.0977362076128598
62822,0.6673902043471267
62823,0.3938053316991545
62824,0.30422377062834227
62825,0.7207079997572975
62826,0.5910094669100262
62827,0.5291385814764837
62828,0.5228135291530304
62829,0.33851852771274904
62830,0.5466864494506818
62831,0.4223760869586386
62832,0.7059818246222941
62833,0.2451427746261563
62834,0.4557771222375518
62835,0.7985937272293568
62836,0.5439683090094224
62837,0.5631925149201994
62838,0.07243312428792265
62839,0.5188892126788324
62840,0.20502428282921412
62841,0.18192309305919602
62842,0.30158554552965317
62843,0.5676014767542692
62844,0.44527706871849315
62845,0.5244797084792984
62846,0.29605926012836814
62847,0.4794948621071562
62848,0.4907831301076579
62849,0.395681327364372
62850,0.43439837792736463
62851,0.7482887848150042
62852,0.40414656759969475
62853,0.592757300604363
62854,0.5134715717454952
62855,0.4235983453263341
62856,0.327160953607161
62857,0.5505679327204848
62858,0.7856071964276443
62859,0.597406992790486
62860,0.5372475412152636
62861,0.5237148408068422
62862,0.43028508733407717
62863,0.5401755201037928
62864,0.6931882334996486
62865,0.5455399896774873
62866,0.6207208052032421
62867,0.1969383466311851
62868,0.3349007238382867
62869,0.2929288671294051
62870,0.5190913123571717
62871,0.35568831033257187
62872,0.26160878564281553
62873,0.5364590942345032
62874,0.2266599815311382
62875,0.5888359400178926
62876,0.4625430356731069
62877,0.12288337368250934
62878,0.12913385726162943
62879,0.592559041669364
62880,0.6502767562875904
62881,0.45469034975728484
62882,0.5358566406995515
62883,0.6456794996591465
62884,0.29334472689463215
62885,0.3576040108669623
62886,0.5772965711186924
62887,0.5156517448913875
62888,0.3091428993578653
62889,0.17759761478726757
62890,0.13129677384694274
62891,0.15946770093206852
62892,0.18239525245666094
62893,0.3905467187016372
62894,0.4001797545153323
62895,0.20470921192640604
62896,0.2726366970449391
62897,0.3655154431270023
62898,0.6288746435882293
62899,0.483374514165296
62900,0.7228243544318788
62901,0.7878533607501562
62902,0.30678037882766973
62903,0.6933422163686409
62904,0.3842660993331197
62905,0.3305312969547227
62906,0.3621346273417236
62907,0.6782796706469122
62908,0.6742102284854917
62909,0.23288040923206474
62910,0.15707354313040117
62911,0.1261779731786091
62912,0.6738531774519132
62913,0.48217326185998677
62914,0.6204051389870139
62915,0.500310971578674
62916,0.5310663859456694
62917,0.11807371938249113
62918,0.2721761324561906
62919,0.45046740778062055
62920,0.14266438328435044
62921,0.44554017316407574
62922,0.4578352102547692
62923,0.5055601684786187
62924,0.5795100309829144
62925,0.38705863130278256
62926,0.560300021467387
62927,0.3303466148605615
62928,0.4686379991931737
62929,0.43151225411375593
62930,0.14162373841047565
62931,0.1743853732414287
62932,0.5713309582423498
62933,0.5369483384804405
62934,0.551455183568215
62935,0.6247041466907748
62936,0.7488069002005191
62937,0.5537525454232436
62938,0.5583566593631306
62939,0.4120158791310998
62940,0.5844909341184545
62941,0.5336694360061011
62942,0.6234778824760387
62943,0.2018647469974371
62944,0.31256060754678305
62945,0.6532259357097847
62946,0.24979974873481287
62947,0.6392561280985307
62948,0.37936604935118967
62949,0.29979296526141663
62950,0.5494596167982571
62951,0.6798290570940754
62952,0.5589674800779909
62953,0.3597663057905616
62954,0.32746750931520696
62955,0.2908007344867335
62956,0.6330195570456413
62957,0.48184804848512136
62958,0.20645250950524976
62959,0.25889247963143697
62960,0.1345902875712709
62961,0.599879166411294
62962,0.4645257482335513
62963,0.6575330067951923
62964,0.15124423552290905
62965,0.34391524603186685
62966,0.25764899732615276
62967,0.7535281793395219
62968,0.3504361083267385
62969,0.26349570396649463
62970,0.5000724968847
62971,0.512171791108059
62972,0.5296613362879946
62973,0.3277710940234072
62974,0.1073803384103616
62975,0.4572928803913489
62976,0.3557999860898409
62977,0.5631790302539303
62978,0.7495228609600699
62979,0.07895209436381083
62980,0.5207367722983903
62981,0.5300298365501714
62982,0.7418996222169727
62983,0.5224694688127993
62984,0.4187202325855182
62985,0.35099629995749154
62986,0.67146404542792
62987,0.7509714613555764
62988,0.4630806595798765
62989,0.5030972666379548
62990,0.5928041013561892
62991,0.28664838677574217
62992,0.30623286041300907
62993,0.13629365350355818
62994,0.30665826422409237
62995,0.33126206855218343
62996,0.11067126366889911
62997,0.6157460491461149
62998,0.3334437656941267
62999,0.6086471963011234
63000,0.3720055658982056
63001,0.4892999971311162
63002,0.4531923010658188
63003,0.6857219767321537
63004,0.6185944681393986
63005,0.19603484272682695
63006,0.21457789466267715
63007,0.25795273063927604
63008,0.5552334615356027
63009,0.6674646887061807
63010,0.41647625779540487
63011,0.2773483241460281
63012,0.5888716065737221
63013,0.4911080409798538
63014,0.47386286546148243
63015,0.3209694889818784
63016,0.3727766878685954
63017,0.12194376075494603
63018,0.6515100690279534
63019,0.6749910566123055
63020,0.5168006717647731
63021,0.6487503888768263
63022,0.47385040782717247
63023,0.583894802289902
63024,0.5847451766216772
63025,0.253996442533321
63026,0.15722407123871232
63027,0.5520008834345596
63028,0.3498917790432577
63029,0.6005238319475438
63030,0.4116157743576753
63031,0.17072449592179323
63032,0.5397432985911103
63033,0.5740835254548214
63034,0.7781296737469049
63035,0.45584341660120886
63036,0.42707374000717074
63037,0.27707204199567315
63038,0.24995723192284855
63039,0.5993362103029043
63040,0.48707066506452035
63041,0.6465040541876
63042,0.29955052180739805
63043,0.36064411224610415
63044,0.5087405904087571
63045,0.5172410961775129
63046,0.42964781767460414
63047,0.5871756055126057
63048,0.785355618002605
63049,0.6856704075396567
63050,0.4132254814971985
63051,0.1731506439215655
63052,0.4329597769679662
63053,0.4056628526349929
63054,0.12298637778696841
63055,0.28756543878306906
63056,0.8132967433857432
63057,0.5443877642682918
63058,0.7330393855598082
63059,0.5592760808155373
63060,0.31741696805154673
63061,0.7102107425261807
63062,0.4812033869771897
63063,0.2515144108190593
63064,0.5983405833525567
63065,0.4125385006907592
63066,0.45346694248951025
63067,0.7155436738175706
63068,0.5533451409129573
63069,0.434929862955706
63070,0.6353809657879236
63071,0.11776450956966926
63072,0.21823848389392764
63073,0.09065675062838494
63074,0.23111726487920276
63075,0.7283338309558071
63076,0.7582967845480301
63077,0.6758488038840174
63078,0.22188862199319262
63079,0.34363513250773053
63080,0.31470482515035375
63081,0.4594245366833448
63082,0.7347737337115843
63083,0.3596445224632329
63084,0.608048919080775
63085,0.6939218170176791
63086,0.587289880062466
63087,0.20324069658236063
63088,0.6419844453652797
63089,0.6371470151365871
63090,0.11026413958167082
63091,0.4530125301173974
63092,0.2984856100122179
63093,0.5971492219874248
63094,0.4039037341363569
63095,0.1738029809655411
63096,0.4431509968100442
63097,0.38703416399437535
63098,0.4799160319084451
63099,0.39978693339311083
63100,0.5376847167370933
63101,0.6672893770571378
63102,0.1088587817835961
63103,0.13290526067290986
63104,0.17670978738582183
63105,0.6813580701907849
63106,0.6279974043415211
63107,0.4211041071103934
63108,0.1774048486814304
63109,0.47264883414056463
63110,0.4929711858572614
63111,0.5054488478798261
63112,0.40406741040102123
63113,0.5180681447034314
63114,0.5928691592543494
63115,0.7688111840515633
63116,0.6899950436079185
63117,0.2923000967085376
63118,0.6180327862244093
63119,0.7594226752338078
63120,0.25397464178146406
63121,0.25100395599600966
63122,0.5215464988478954
63123,0.35122839131896383
63124,0.3795759023210023
63125,0.2122065295906235
63126,0.5523128324242296
63127,0.20171446909256416
63128,0.5194619110064372
63129,0.20240717027490693
63130,0.6533232183531806
63131,0.24456969497908818
63132,0.3907535222393734
63133,0.540029765029014
63134,0.3478305315104376
63135,0.41806747595108423
63136,0.5646171227444382
63137,0.5858098236440922
63138,0.5984204132301868
63139,0.620031172079865
63140,0.41336446032410945
63141,0.28752781764890645
63142,0.29189080260359423
63143,0.15826774004025654
63144,0.4546677331241572
63145,0.7107755787933984
63146,0.1851936011117979
63147,0.5306373013484974
63148,0.6137552860992512
63149,0.512688842243161
63150,0.5194152838926627
63151,0.5631404888385262
63152,0.5222520662740275
63153,0.49916966118603356
63154,0.5056400088142554
63155,0.5051231896610334
63156,0.3265343820857641
63157,0.3552346234253951
63158,0.45972296640541027
63159,0.533414465998872
63160,0.5442040039055206
63161,0.5188253177322593
63162,0.46456662971519247
63163,0.5343091081072032
63164,0.4873832435229602
63165,0.5125620766795511
63166,0.48547966128726694
63167,0.5214200447088203
63168,0.4512305424638164
63169,0.518409031169774
63170,0.4998069948166529
63171,0.4881899393805468
63172,0.4717223368500136
63173,0.507485618794302
63174,0.502887052960172
63175,0.48696009859218714
63176,0.5480489993409158
63177,0.5117989443628973
63178,0.5202923205310581
63179,0.5053920758229669
63180,0.5347721275178761
63181,0.47529027281680003
63182,0.5109948561779095
63183,0.5245864860399219
63184,0.4892508908667678
63185,0.5089957648993785
63186,0.5089392410622811
63187,0.5258728026444786
63188,0.5300319740270126
63189,0.5056140619664321
63190,0.5028807399715235
63191,0.5151404624284284
63192,0.48543417786643384
63193,0.5033572098339139
63194,0.488331417449929
63195,0.47855501699091113
63196,0.507926049258588
63197,0.5177328307402057
63198,0.512047051740737
63199,0.5020579399651584
63200,0.5207205864352827
63201,0.5023860229521593
63202,0.5198507148279499
63203,0.4924601099046433
63204,0.46930970013045764
63205,0.48366533927923483
63206,0.5436527219447822
63207,0.5187955796541899
63208,0.5056457570839032
63209,0.5318588521537926
63210,0.5311689594296131
63211,0.45518277585312084
63212,0.6786073866552468
63213,0.5161460919595752
63214,0.5138439005375488
63215,0.505356996321708
63216,0.49985936457497876
63217,0.49037709743469227
63218,0.42221759616480875
63219,0.4961390651711288
63220,0.5268907331505162
63221,0.5519225380336247
63222,0.437529443029463
63223,0.5126454928490476
63224,0.45111338294344333
63225,0.5317202675339252
63226,0.5059765063175202
63227,0.4888501098256047
63228,0.43526374383375477
63229,0.5011195470809976
63230,0.5273639307901371
63231,0.47016930834504517
63232,0.44154681789962125
63233,0.4844187183292116
63234,0.498438433113029
63235,0.5129061492202879
63236,0.4626873572274258
63237,0.47332727848747275
63238,0.5078686188963066
63239,0.5523974114008783
63240,0.5320514865652076
63241,0.5550662307262566
63242,0.4984585676291402
63243,0.4485002384312619
63244,0.485054584024805
63245,0.47314735126016066
63246,0.464332112630445
63247,0.5755767383163276
63248,0.5085804389986736
63249,0.48029568347773544
63250,0.49605217566095305
63251,0.483271503713979
63252,0.47664932190224907
63253,0.5384109912587212
63254,0.4691787024692017
63255,0.49931504291919265
63256,0.49584630086856046
63257,0.2100241273670546
63258,0.5256011207055851
63259,0.6165084026677616
63260,0.523648034746596
63261,0.4892004408942697
63262,0.5135551208782579
63263,0.4966531751777881
63264,0.5073660477297371
63265,0.49460978094160984
63266,0.47913320440720947
63267,0.32202444924932744
63268,0.520196949935451
63269,0.4911155537994706
63270,0.5192766376882905
63271,0.5335595102528824
63272,0.4873580197992767
63273,0.522535616975463
63274,0.5324933616652483
63275,0.2887034330609862
63276,0.5412008493550419
63277,0.5278072232011431
63278,0.48414326203618285
63279,0.46740483344933254
63280,0.44155613827009965
63281,0.5064883975916135
63282,0.4496485601767784
63283,0.20966017372500143
63284,0.51445194246592
63285,0.5319024086325924
63286,0.48842547877702047
63287,0.5471803103607268
63288,0.5177502940657226
63289,0.5522576075531197
63290,0.514917468522622
63291,0.4562305656409363
63292,0.5541180304011073
63293,0.5022064244707314
63294,0.5086262855965727
63295,0.5229595803188873
63296,0.2791112035703532
63297,0.5001419401699528
63298,0.3248661180054068
63299,0.5109109242850934
63300,0.500833962662638
63301,0.49776335182081655
63302,0.5127944412575105
63303,0.5203470370799684
63304,0.4415174383608555
63305,0.5010329641819931
63306,0.43841504658975333
63307,0.4903624947163276
63308,0.5222929498542878
63309,0.5142175520089773
63310,0.5050610990628933
63311,0.4668514471397194
63312,0.513574145619709
63313,0.49243079398137246
63314,0.4792583626879767
63315,0.49479912560872
63316,0.5259251272814863
63317,0.49124707986453897
63318,0.496175850988451
63319,0.40414411835754865
63320,0.46986299543431737
63321,0.7236587383055135
63322,0.528326032772395
63323,0.45574301008187557
63324,0.4956507096446988
63325,0.48587316276198583
63326,0.30720615502611304
63327,0.5028548923479569
63328,0.5416074675293442
63329,0.4792102305893233
63330,0.5057252980496711
63331,0.49875049686333234
63332,0.5196877509516996
63333,0.488177825935105
63334,0.52310679786084
63335,0.5015823873583891
63336,0.5070813248398999
63337,0.49057937013096536
63338,0.48695078507755624
63339,0.2808957019608402
63340,0.5113873995789147
63341,0.5198370463727445
63342,0.5138207121855295
63343,0.5113446874093153
63344,0.4533877795400624
63345,0.4934185839168356
63346,0.5282070968140932
63347,0.5263968877788509
63348,0.4567505712594018
63349,0.47710267188262845
63350,0.3310712337273561
63351,0.5066954687009336
63352,0.4886471242180921
63353,0.5040907562593119
63354,0.4931722219663619
63355,0.4930251225961788
63356,0.5382251170390434
63357,0.5169354309340168
63358,0.4959753025678774
63359,0.47378984524542456
63360,0.5319737166441687
63361,0.310781138903258
63362,0.5559829042497443
63363,0.45539648242580105
63364,0.511500294033533
63365,0.5189855768996724
63366,0.46427798712614593
63367,0.528038816419615
63368,0.3291135451564412
63369,0.5496380956055665
63370,0.5195662174209399
63371,0.508386916355021
63372,0.4710825800097592
63373,0.5109452000919541
63374,0.49963184692857215
63375,0.48258610388975665
63376,0.4896079644052439
63377,0.4689146469903771
63378,0.5169731326646161
63379,0.47998723399826737
63380,0.5343160198526744
63381,0.5258341358174821
63382,0.5322064252961373
63383,0.3342561011529698
63384,0.5367528796695947
63385,0.3053072056882152
63386,0.49190405236967394
63387,0.40107800932597176
63388,0.5160167679940698
63389,0.5229414291056124
63390,0.5396424683142266
63391,0.5574815795054645
63392,0.5492412166444325
63393,0.5299284364277541
63394,0.49896177805998215
63395,0.5016063131614167
63396,0.5133376845322722
63397,0.4959851278872191
63398,0.5061232416998995
63399,0.538935963309485
63400,0.533340614932115
63401,0.4624565093816293
63402,0.4682431883324242
63403,0.4807580335564367
63404,0.5089946404364915
63405,0.489696911667695
63406,0.5052159911331284
63407,0.452235970044713
63408,0.5378046773259642
63409,0.5251115274273829
63410,0.5392280554694424
63411,0.4858579194118058
63412,0.5229112603040071
63413,0.46327372383704857
63414,0.5132498273874235
63415,0.5491059122095888
63416,0.4619338173814128
63417,0.5368229906614415
63418,0.26326351340689225
63419,0.49012130818412225
63420,0.537697766395966
63421,0.4964088169499754
63422,0.5118737227331733
63423,0.45972913893144574
63424,0.49094145199178435
63425,0.5585642067555326
63426,0.49477745355636965
63427,0.5169279650265103
63428,0.5248347852752182
63429,0.5329155319641973
63430,0.4626727543150707
63431,0.5254536661705329
63432,0.4848709659227564
63433,0.540040370774909
63434,0.49203754083524226
63435,0.49490008556579174
63436,0.5251727785014799
63437,0.5235510313154658
63438,0.538620909531258
63439,0.5049708350935577
63440,0.5102182074951318
63441,0.5025163819056161
63442,0.4529256131097536
63443,0.5286145239842824
63444,0.5221974497297385
63445,0.5557913211532026
63446,0.5252873745529963
63447,0.5474224647013606
63448,0.45897297909922663
63449,0.5379495408428302
63450,0.5184983175882574
63451,0.5436845091146976
63452,0.49815416829789255
63453,0.4883913197653224
63454,0.4849430289663099
63455,0.4839362758608462
63456,0.4711184791348085
63457,0.5372133196467256
63458,0.5172776872762384
63459,0.5402213961002181
63460,0.47611547933569986
63461,0.5035918704580332
63462,0.5736878438096726
63463,0.5151316097688265
63464,0.5051129003455839
63465,0.5316184718163759
63466,0.5048719264714993
63467,0.5210059271588404
63468,0.5216640714384765
63469,0.508581945594059
63470,0.5120086992590478
63471,0.5069466627530601
63472,0.50034439984589
63473,0.5476386753781328
63474,0.3377329663063558
63475,0.4688285565124275
63476,0.4868551872809216
63477,0.47720568311206524
63478,0.518458187866158
63479,0.484681454741525
63480,0.348672807896481
63481,0.49269640880442644
63482,0.5146703277132221
63483,0.49026037870069633
63484,0.507397540403442
63485,0.4831012989342749
63486,0.5212721025395078
63487,0.5080624490578532
63488,0.5237014939732785
63489,0.48757084209105644
63490,0.5282089918623635
63491,0.5245110155557091
63492,0.48169973650806003
63493,0.4969640771821674
63494,0.5221604506161144
63495,0.5206767624225855
63496,0.5039389150388911
63497,0.4842381518742121
63498,0.35112138574759266
63499,0.47331455920669097
63500,0.517630317513153
63501,0.506559972475681
63502,0.5105488466286124
63503,0.46600230372246215
63504,0.4495164994219152
63505,0.5318028457595355
63506,0.541710417533509
63507,0.5080363092833273
63508,0.5175795507452545
63509,0.4958539247477283
63510,0.5022521839267532
63511,0.5120628939133407
63512,0.49805973185672836
63513,0.442833222815668
63514,0.49584856097547014
63515,0.4964364754300089
63516,0.5296359243218235
63517,0.49915288983388817
63518,0.5445763576309118
63519,0.4438273700820188
63520,0.49714484162225536
63521,0.5139803068292248
63522,0.49963213869709805
63523,0.5087786251201308
63524,0.5261173551264174
63525,0.5149032895163097
63526,0.46653982408985
63527,0.5153394539356801
63528,0.5055101535191872
63529,0.5288157534266271
63530,0.493854148753614
63531,0.5224922460748156
63532,0.4781886129063438
63533,0.5321079346584423
63534,0.5183439211177049
63535,0.5407579517832235
63536,0.44513918667819746
63537,0.532298819937371
63538,0.4957766850210681
63539,0.5005131577624473
63540,0.45903940071554555
63541,0.5236977535158734
63542,0.5117505411109355
63543,0.5062291754192461
63544,0.7081599014733552
63545,0.47946073272023176
63546,0.6354153955795808
63547,0.5202096813425747
63548,0.4979739353795282
63549,0.5133234555087142
63550,0.5442215314399854
63551,0.5121513617995904
63552,0.5014786272847146
63553,0.4957504556441604
63554,0.5232346672985391
63555,0.5172265534350206
63556,0.5114075298367169
63557,0.49618980759724524
63558,0.5105269615462844
63559,0.5179132689269303
63560,0.45322173567995494
63561,0.4948740347864624
63562,0.5355798741713009
63563,0.5093025570827384
63564,0.315212449121691
63565,0.5150480013696629
63566,0.5528503527286193
63567,0.5317512313910353
63568,0.48622112529715145
63569,0.49867430599521456
63570,0.5270991516166648
63571,0.46103184397904845
63572,0.5284464643065174
63573,0.4782045545971721
63574,0.5276345223462814
63575,0.5019584352291594
63576,0.4836453014825029
63577,0.5545352573314347
63578,0.5369895965245971
63579,0.472311644315352
63580,0.4739692290082307
63581,0.5415405316605821
63582,0.4867077732081451
63583,0.5190574296553025
63584,0.5159214347412076
63585,0.2977892855785478
63586,0.5016624942194341
63587,0.5790560073805521
63588,0.5239265196639514
63589,0.26948163123696856
63590,0.5128471933497664
63591,0.5388438438135984
63592,0.5007287144609557
63593,0.5312489686493453
63594,0.4803394842508069
63595,0.5584606309062212
63596,0.516089607149349
63597,0.4600837443924585
63598,0.5241833132639926
63599,0.5057327492697454
63600,0.5382143738734823
63601,0.5506383853504365
63602,0.4980222894799133
63603,0.4945803959303933
63604,0.4884782144237613
63605,0.4692049876962304
63606,0.5093336088756456
63607,0.5011060392189832
63608,0.5042697912061422
63609,0.47273855782379365
63610,0.5005821701492017
63611,0.4958503766928457
63612,0.35596817788617874
63613,0.5276225864515015
63614,0.5172252451637359
63615,0.5053743055381238
63616,0.5131241614711212
63617,0.5274053374674849
63618,0.28174135141809226
63619,0.5428156418758467
63620,0.6015418684543277
63621,0.5508267816182262
63622,0.5284275485905043
63623,0.4750647391288362
63624,0.5331745186248523
63625,0.5370038031731594
63626,0.5185912250455658
63627,0.5030036869812886
63628,0.5207588165930189
63629,0.5348521775666953
63630,0.30608114130421055
63631,0.4882683612705025
63632,0.46517745968255214
63633,0.5124452356797099
63634,0.4908236421201064
63635,0.4834710258021153
63636,0.3198489011930396
63637,0.5343324345104798
63638,0.3151134089610155
63639,0.476863598649319
63640,0.5231332164858019
63641,0.5447201457381264
63642,0.25098014362785487
63643,0.3003139051290612
63644,0.4944803868913296
63645,0.43092443838011274
63646,0.4272625654000537
63647,0.5350522214541619
63648,0.49430557281709275
63649,0.4915193145705844
63650,0.48944666083448335
63651,0.5139767472184064
63652,0.5090131049098714
63653,0.5154412328011987
63654,0.5039901135509557
63655,0.4464034617415519
63656,0.505907011601682
63657,0.5191714240480946
63658,0.5046358331498267
63659,0.5143524654742212
63660,0.5122081729267849
63661,0.49334688955196937
63662,0.5064233084747419
63663,0.5241780808962485
63664,0.35244753408673113
63665,0.4704191689021411
63666,0.4863177162979205
63667,0.46716712948908495
63668,0.4988546873748929
63669,0.5253687179961187
63670,0.5226328354468448
63671,0.5308082500925443
63672,0.5349032682667039
63673,0.49815756877009726
63674,0.49456679560738165
63675,0.33761308394398004
63676,0.499154774963972
63677,0.5100797135962493
63678,0.5115603093661659
63679,0.5233405443735442
63680,0.3346604681078477
63681,0.5263181394301997
63682,0.6715393220708902
63683,0.5440404779397877
63684,0.28543526498488536
63685,0.5302881170804861
63686,0.5012586883749833
63687,0.5168646481588737
63688,0.5050095145914085
63689,0.5169598020881429
63690,0.5479556171344504
63691,0.4900580801992466
63692,0.46857392312756563
63693,0.5560595142287835
63694,0.3949539472639343
63695,0.5436117266306214
63696,0.6050579933782607
63697,0.5040496709610321
63698,0.5092840925545431
63699,0.48052524927313695
63700,0.5048742297107827
63701,0.5332786659138755
63702,0.5651944583361426
63703,0.4980092812121747
63704,0.5229696885779894
63705,0.24745035467918872
63706,0.5140962841644534
63707,0.473046683640222
63708,0.4620809212193984
63709,0.5503324694073726
63710,0.534748119114086
63711,0.490240066600539
63712,0.5141447841691845
63713,0.49937768070304905
63714,0.5060577931673098
63715,0.5280090326632794
63716,0.5275272257902076
63717,0.5172524484483974
63718,0.32818333353520296
63719,0.2750480568269411
63720,0.4989909347321311
63721,0.4844664013017096
63722,0.5047029710751887
63723,0.5157670344906611
63724,0.47138153777145697
63725,0.4941364325938548
63726,0.4897926273433417
63727,0.4504859346671869
63728,0.4933518234042968
63729,0.4970537020976567
63730,0.5009751339933649
63731,0.5276660856464807
63732,0.5352856457773854
63733,0.5191768788212349
63734,0.49409814411915753
63735,0.5437655189287055
63736,0.4962231631399711
63737,0.495878041301239
63738,0.5037488526940946
63739,0.5238731089512169
63740,0.5247632894109829
63741,0.47107720327370284
63742,0.47085505803262206
63743,0.47884422620783584
63744,0.529059334746691
63745,0.5051262162953504
63746,0.4524577384173513
63747,0.34205957525500175
63748,0.5065458579441687
63749,0.5119597892798302
63750,0.5186670658144
63751,0.5067254707059738
63752,0.5341342178463359
63753,0.5154977812970497
63754,0.4984739481744447
63755,0.46702729258289305
63756,0.5072471535368733
63757,0.4398538633160875
63758,0.4497099936389423
63759,0.5111314964883291
63760,0.5225243054460796
63761,0.48824598617446513
63762,0.5293853387338397
63763,0.5207099127081495
63764,0.2683409609589577
63765,0.5457930625374356
63766,0.5332218221948769
63767,0.33600064674519503
63768,0.5253275208393899
63769,0.4790823151319782
63770,0.5231431344830315
63771,0.48182365606868355
63772,0.5331998139351573
63773,0.4966599164342553
63774,0.5262929027759862
63775,0.3238175265993583
63776,0.4859599036940102
63777,0.49582232764517664
63778,0.5418428759969033
63779,0.5247726135055486
63780,0.4998982170154756
63781,0.5216650465441521
63782,0.5063381241181655
63783,0.5176827319267097
63784,0.5066849583112135
63785,0.5278580993985005
63786,0.5224734831342912
63787,0.4674241789347601
63788,0.5255216897053565
63789,0.5310828620282263
63790,0.49291696168099713
63791,0.5020799780529996
63792,0.5272438664670707
63793,0.504503809015023
63794,0.49745478227912326
63795,0.5022807289394259
63796,0.5003187354983126
63797,0.49573003188867354
63798,0.4964723385381325
63799,0.5038945212880376
63800,0.5040383935536028
63801,0.4858491516075667
63802,0.5190452274973982
63803,0.4783205174449816
63804,0.5135760650030281
63805,0.47471231979443124
63806,0.5268638951830632
63807,0.5405046584929384
63808,0.5152010593361515
63809,0.4928134836997627
63810,0.5144522131770193
63811,0.5142427667535481
63812,0.26822064368914034
63813,0.2876633662960455
63814,0.49280784666377
63815,0.4971647361755907
63816,0.5170747368766464
63817,0.5251432983932414
63818,0.4707467236683792
63819,0.5011828279477752
63820,0.5282751408967211
63821,0.4899733627711404
63822,0.5090623462217734
63823,0.5239020541353483
63824,0.5161478598795843
63825,0.5079352817709685
63826,0.5305928243523621
63827,0.4781790700322679
63828,0.4919783390805083
63829,0.455736844321562
63830,0.48615545134575916
63831,0.5266245479185697
63832,0.5191340490644741
63833,0.5059828359822507
63834,0.5127036745700251
63835,0.5558499511293076
63836,0.4788840974070847
63837,0.5285980219558792
63838,0.498351334726078
63839,0.5110994347796188
63840,0.5159960751820004
63841,0.49658290212990125
63842,0.4790652460579696
63843,0.47819697139776085
63844,0.4549299372470867
63845,0.5070031823452269
63846,0.5001709046852527
63847,0.5149238146989041
63848,0.3494118088660191
63849,0.47467400521769954
63850,0.5381615126510574
63851,0.49215933587179267
63852,0.48751631769360826
63853,0.522771026907557
63854,0.5335542504404128
63855,0.5216616154524196
63856,0.506390361527733
63857,0.5303209856686509
63858,0.5158272967939634
63859,0.5115655463039126
63860,0.5458233716185543
63861,0.3178153637591417
63862,0.500236316888196
63863,0.4712380410680948
63864,0.46912401821771
63865,0.5312927163805792
63866,0.4263753871651293
63867,0.5067203996966283
63868,0.4971803443482601
63869,0.5352789784416192
63870,0.5073676966089605
63871,0.4836995261895308
63872,0.4963052678805781
63873,0.4945176209027541
63874,0.5251249677576143
63875,0.48304833782240625
63876,0.5423811139896502
63877,0.4801852752723623
63878,0.5200895296772983
63879,0.4783358106901057
63880,0.5137274196129301
63881,0.47560448942505795
63882,0.4881609900213209
63883,0.5308289019597848
63884,0.49280372427911157
63885,0.498153447432438
63886,0.511835946388538
63887,0.459281496425287
63888,0.48373086328070114
63889,0.49504631554342704
63890,0.5442553331341772
63891,0.4853622095488905
63892,0.4915664688446157
63893,0.26526349200324806
63894,0.43927771278339445
63895,0.5055118264863915
63896,0.20574244189978708
63897,0.5329054361251042
63898,0.5576160210464493
63899,0.4888333825212906
63900,0.5442150451067632
63901,0.46719749489003876
63902,0.4795427346096218
63903,0.5210448478442835
63904,0.5133821802405457
63905,0.3112618487094636
63906,0.5402245957124129
63907,0.5178836111131246
63908,0.5199100965769741
63909,0.502887223781338
63910,0.5030555318807375
63911,0.5406062310154973
63912,0.5212244896296512
63913,0.5038215751989696
63914,0.5467427791676408
63915,0.5030011165722267
63916,0.4979336903321739
63917,0.4993157004337499
63918,0.5435483737788739
63919,0.5160263864173704
63920,0.5090833683369079
63921,0.5435568270796091
63922,0.5231270197137591
63923,0.5055507118049174
63924,0.5809549314843896
63925,0.5175342875391816
63926,0.5172944629096026
63927,0.5206573585408932
63928,0.4997136307723622
63929,0.5273967695765247
63930,0.5197713158705328
63931,0.5123421336427035
63932,0.4935996614721092
63933,0.497085561214955
63934,0.5099481132893132
63935,0.5392844314959861
63936,0.5370384744125104
63937,0.5114411998203027
63938,0.5043490513913009
63939,0.5014564015359508
63940,0.6789178350821681
63941,0.5383383058197421
63942,0.4878731476811622
63943,0.5112188990358101
63944,0.5332892617476236
63945,0.49102748216800435
63946,0.4932651160849043
63947,0.5223470702146555
63948,0.4991624611043182
63949,0.4931045706280213
63950,0.5194115005116855
63951,0.5236255222194302
63952,0.5103002329103641
63953,0.4790202171960504
63954,0.5113406589175671
63955,0.4996435994949643
63956,0.5227866494478363
63957,0.5214700140940886
63958,0.5059942221303884
63959,0.495415902744511
63960,0.5228982430871725
63961,0.5048798500219775
63962,0.4857417492393439
63963,0.4624212859460686
63964,0.5448175981735369
63965,0.5223450409553727
63966,0.5075973844827566
63967,0.3278473948732458
63968,0.538424408887861
63969,0.47848752614124934
63970,0.5250407547720324
63971,0.509627587400005
63972,0.5326265567820874
63973,0.5155238351824005
63974,0.4051083247691042
63975,0.5025109568717882
63976,0.4638803634629915
63977,0.5117100740806091
63978,0.49754200211722255
63979,0.4846749845051668
63980,0.30711305347935774
63981,0.5313005783203175
63982,0.47115386185403646
63983,0.4575445038047282
63984,0.5416114796880525
63985,0.5204765280985191
63986,0.5431052105910145
63987,0.4874667653176291
63988,0.5068952554055606
63989,0.46849207700495776
63990,0.5073360872916226
63991,0.46163845840571155
63992,0.5044464842501803
63993,0.5031632828200565
63994,0.5167517055928513
63995,0.543023339298654
63996,0.4459146125607439
63997,0.5206411630123763
63998,0.483784183203254
63999,0.4941072757644283
64000,0.5051399063381032
64001,0.5147879024784634
64002,0.4733005876430137
64003,0.5271580852430514
64004,0.5048743599949951
64005,0.4993840667595349
64006,0.3315410642277071
64007,0.5249404013682738
64008,0.5112077917627778
64009,0.5451908609458976
64010,0.5285834114064799
64011,0.4431967045336651
64012,0.5316098585483428
64013,0.526843187798585
64014,0.5004397225606894
64015,0.5177262355883916
64016,0.433932007611644
64017,0.493534650485316
64018,0.5206594796915882
64019,0.5134684243578348
64020,0.5253169067869388
64021,0.48843695985618324
64022,0.5276862553716672
64023,0.5344977049061129
64024,0.48270385599518095
64025,0.32881371325235753
64026,0.4712375131231643
64027,0.4462260061142851
64028,0.5037931073281986
64029,0.5043782357448238
64030,0.5616742650332348
64031,0.5293415911536311
64032,0.5269453850394908
64033,0.49507316730087025
64034,0.4595813902210955
64035,0.5052214817113826
64036,0.4964683152138
64037,0.46079982605045366
64038,0.5163383523104011
64039,0.5347098283595474
64040,0.4719378937886252
64041,0.5145387560468894
64042,0.409738603637855
64043,0.5002270445453778
64044,0.4865638434234396
64045,0.5127737268651529
64046,0.4994785495398186
64047,0.5026810098111492
64048,0.5134100714324998
64049,0.39837220163304804
64050,0.5079260878045355
64051,0.4812677126778311
64052,0.5573619833617461
64053,0.4550157154887445
64054,0.4992382718093782
64055,0.7564449701798032
64056,0.503934325729696
64057,0.4928602586031434
64058,0.5273100954916797
64059,0.49465696165132556
64060,0.5116988053279433
64061,0.49370689420344127
64062,0.4999176573594152
64063,0.4623788333670245
64064,0.5143319499670768
64065,0.4830642004242788
64066,0.5244886861894524
64067,0.5371481292057987
64068,0.5302597353701841
64069,0.5017281660652975
64070,0.5139492729098509
64071,0.4130042954104693
64072,0.4560115292456178
64073,0.5071141538211394
64074,0.4739672387156719
64075,0.7770124713074023
64076,0.5092795708926797
64077,0.5256306820019443
64078,0.5367367382726925
64079,0.5157449823212673
64080,0.46276843244926913
64081,0.26408008222716267
64082,0.5226270207027025
64083,0.5411234946557423
64084,0.505818265414389
64085,0.501611978683225
64086,0.46137513629923943
64087,0.5272985357245115
64088,0.29236830315566315
64089,0.4963044023551395
64090,0.48591490115229985
64091,0.4881749112308123
64092,0.5259544078128765
64093,0.5158143590752088
64094,0.49130266663569433
64095,0.4857989869598622
64096,0.4939980641906692
64097,0.46973615368789423
64098,0.5102404976705355
64099,0.5071229391202121
64100,0.5219768472553447
64101,0.504719728246794
64102,0.4919425386010708
64103,0.5013935345988636
64104,0.5127313860314567
64105,0.4732175469515056
64106,0.4972381954670567
64107,0.5244691702138926
64108,0.4482831259337547
64109,0.5179484981181747
64110,0.5273235114208767
64111,0.5298726647671184
64112,0.5111725937380825
64113,0.5077037059380195
64114,0.5067875769448396
64115,0.49700647879801274
64116,0.5094210738223618
64117,0.45559413007270455
64118,0.5173779917065425
64119,0.46340515175457425
64120,0.47281954295651946
64121,0.5464456973983777
64122,0.49796911257207666
64123,0.5202532942716416
64124,0.5022495551912697
64125,0.51611513474652
64126,0.5224367570562188
64127,0.4396015158915664
64128,0.4980198420054534
64129,0.5093119558893957
64130,0.49582521432229365
64131,0.5136449723507649
64132,0.55154007428888
64133,0.45153849435467214
64134,0.5219476308183285
64135,0.5001355174359537
64136,0.47730546601714635
64137,0.5174914690174759
64138,0.5480933745649791
64139,0.5365633900757543
64140,0.5394684744794894
64141,0.5332308864143962
64142,0.5427184532815067
64143,0.4963018968380948
64144,0.4943802170485122
64145,0.5113021219588708
64146,0.5162399820045247
64147,0.47823248699311494
64148,0.5073879869680179
64149,0.4769549131095241
64150,0.5313258350139307
64151,0.5289646183089901
64152,0.495043169483372
64153,0.5015753209483839
64154,0.4825536529103537
64155,0.28431296007406054
64156,0.5021763510141902
64157,0.5174876254301497
64158,0.4909180063686073
64159,0.32790950439982414
64160,0.507999161918819
64161,0.5340033838761037
64162,0.49982889668816094
64163,0.5236469728750244
64164,0.5287473957180132
64165,0.27544831497554856
64166,0.49107382679439227
64167,0.4456463617138405
64168,0.4351600006826123
64169,0.4791621227643282
64170,0.45895208712346447
64171,0.2956690525236498
64172,0.5590286946923126
64173,0.5065858917560229
64174,0.4520546298699723
64175,0.516475477141655
64176,0.5448852175554617
64177,0.49989375795937113
64178,0.4613309524229648
64179,0.49722808455423306
64180,0.5036329147178851
64181,0.42400053610870037
64182,0.464198057308866
64183,0.462097507609599
64184,0.530208418207847
64185,0.533448977494459
64186,0.5362773392182576
64187,0.3226159252543141
64188,0.49032858371387367
64189,0.44100874013329816
64190,0.502505929546424
64191,0.5355673034057052
64192,0.5084604851014803
64193,0.53319977648436
64194,0.5191980995961291
64195,0.5128103938479428
64196,0.47643600397733993
64197,0.506349733153787
64198,0.478956743852342
64199,0.48222821750133404
64200,0.5102335376411946
64201,0.4987240155460116
64202,0.49893087754904564
64203,0.5256813650545427
64204,0.5139080677170519
64205,0.491974216315768
64206,0.47604111680721195
64207,0.5276663886823574
64208,0.5125173510772293
64209,0.4888596855559292
64210,0.3516345666530468
64211,0.49213606640779134
64212,0.5021421402578407
64213,0.46717279978842097
64214,0.4865942749293041
64215,0.4648988507515635
64216,0.48486794925716037
64217,0.49607097274035616
64218,0.4495614880706164
64219,0.4958731950401467
64220,0.5126205825347911
64221,0.5215000467461187
64222,0.4889869400767817
64223,0.5134330735750706
64224,0.5146437401900641
64225,0.5191688515187016
64226,0.5164512343441043
64227,0.4993764625525147
64228,0.4698839423948414
64229,0.5120532825734201
64230,0.49673654052334526
64231,0.45795716030982053
64232,0.5179183819558175
64233,0.531762276007389
64234,0.44419817108884035
64235,0.47962065649407
64236,0.4602984520238233
64237,0.5133012013247877
64238,0.5509576800179525
64239,0.5200540105600838
64240,0.5355622834644317
64241,0.5106089773535541
64242,0.48161829239622667
64243,0.5357563330304158
64244,0.5092383270934101
64245,0.5216804766120127
64246,0.50640495294297
64247,0.48489793354212474
64248,0.4864804969272506
64249,0.5137970160046199
64250,0.3282967032434204
64251,0.523090223348597
64252,0.5270179634036486
64253,0.47856540917489354
64254,0.3188989272157249
64255,0.22095196664960143
64256,0.5062513225091398
64257,0.4573443719028347
64258,0.5226661835906168
64259,0.4794656886831119
64260,0.5072787004958867
64261,0.48642157682344317
64262,0.3420418943364816
64263,0.4944909751007243
64264,0.42568187187469697
64265,0.4824632104835582
64266,0.4387077045132284
64267,0.5309940579530692
64268,0.4886537151469158
64269,0.524266121265178
64270,0.5178016595326553
64271,0.5422371894515235
64272,0.5162231930202787
64273,0.5109431907735171
64274,0.31827960346462003
64275,0.48872543441118854
64276,0.4927341085956377
64277,0.5233583333024949
64278,0.5027720066037467
64279,0.5336660036266191
64280,0.5191750638390843
64281,0.5101081790043979
64282,0.502267457472829
64283,0.5136151156859756
64284,0.5419616732554114
64285,0.4852962095925923
64286,0.5491077111156638
64287,0.48357043783863607
64288,0.5041543806766561
64289,0.46207312019552765
64290,0.4731901033438675
64291,0.47434007753193236
64292,0.49092090974167457
64293,0.49082252317351077
64294,0.5275536528640948
64295,0.5117023750995238
64296,0.4461548157824606
64297,0.4913462331678903
64298,0.5174403965443036
64299,0.6090214955412222
64300,0.4874513980364358
64301,0.5081894148082325
64302,0.5023778826644186
64303,0.4963149245191551
64304,0.49075211264568885
64305,0.5474428853068866
64306,0.5243469297334067
64307,0.48473398517181393
64308,0.48808274739460067
64309,0.47260627362243685
64310,0.5095821720671693
64311,0.4630172422427764
64312,0.4989603603325254
64313,0.5292759059056823
64314,0.5304517473779082
64315,0.5307419510919427
64316,0.5652745563255611
64317,0.5248203409065265
64318,0.5015316626130362
64319,0.46447956593584955
64320,0.4889258248064124
64321,0.3199614314070493
64322,0.5227857894502455
64323,0.5298736488061624
64324,0.4873453864020933
64325,0.34215223856323035
64326,0.4591831144579703
64327,0.5382338333898279
64328,0.5234843691938179
64329,0.5175107159019877
64330,0.4682140457358244
64331,0.5151266094247609
64332,0.2669760961355881
64333,0.4811665622724376
64334,0.5170222197971405
64335,0.5314096408710945
64336,0.6168794635067038
64337,0.2599573636002413
64338,0.33251552999205675
64339,0.44129794430643976
64340,0.5099186945478174
64341,0.4393462240765492
64342,0.43589600553001057
64343,0.7917791370995245
64344,0.5009126721671974
64345,0.5204034640920638
64346,0.5176663207746711
64347,0.6223643195057995
64348,0.5496985547782733
64349,0.4778295658067425
64350,0.48669948938119995
64351,0.4723394029343571
64352,0.33440407736735595
64353,0.5130189033232556
64354,0.5213081308356708
64355,0.5208290240198502
64356,0.5024653663200762
64357,0.29303520756405355
64358,0.5196449112120501
64359,0.5496964745126629
64360,0.5218461984471154
64361,0.4975804681814286
64362,0.41981094197428465
64363,0.4723837368286799
64364,0.5044019908175948
64365,0.5434411566747718
64366,0.5248477861433072
64367,0.528733987445679
64368,0.4947879366770542
64369,0.5132409692214553
64370,0.3356979281364132
64371,0.5093048399355438
64372,0.5036102609256358
64373,0.5260572076197676
64374,0.46028206969290775
64375,0.5331480558382741
64376,0.47308230310448435
64377,0.512235548872034
64378,0.5340908616583966
64379,0.4863968933693548
64380,0.4557367965771644
64381,0.499569863524141
64382,0.4956356782979371
64383,0.49316454294988005
64384,0.519528344051971
64385,0.4873907238941473
64386,0.3134129730039895
64387,0.5043426888117933
64388,0.517058923533542
64389,0.5133507253733152
64390,0.469048529377818
64391,0.5029023619376649
64392,0.506211614319873
64393,0.5174385155137334
64394,0.5043422155714575
64395,0.49715377581743586
64396,0.5135085228839321
64397,0.5006376197193724
64398,0.5315003570109346
64399,0.5259740779588622
64400,0.5378724134751541
64401,0.47023804891074356
64402,0.5593228751495463
64403,0.4693795302214049
64404,0.5282521810341572
64405,0.5363631948382009
64406,0.5258057392987808
64407,0.5100726884245124
64408,0.48103338407504453
64409,0.5281225080787413
64410,0.5044134449511168
64411,0.5508819931691884
64412,0.5058935252116851
64413,0.49395300469000397
64414,0.4406430650757207
64415,0.5216332676940545
64416,0.5239941514314559
64417,0.5289590595956463
64418,0.5331743633299251
64419,0.49678981290766794
64420,0.5267552581433435
64421,0.5144044303327724
64422,0.4987447442096527
64423,0.5109712879686233
64424,0.5207435450136981
64425,0.5329894360749293
64426,0.5080112576379027
64427,0.4790275127083842
64428,0.510756065438973
64429,0.46580833571129154
64430,0.47119300663118624
64431,0.5129127272498566
64432,0.49334655227224583
64433,0.3018277759621202
64434,0.27609403799081256
64435,0.5480761443242447
64436,0.48913587365912164
64437,0.5136670179826581
64438,0.4716563026150961
64439,0.5218277594895832
64440,0.5177782822404727
64441,0.5464193671771568
64442,0.5134957198461986
64443,0.5328614064355752
64444,0.5283074859984794
64445,0.5316099210242092
64446,0.5020103873363303
64447,0.5279420161881656
64448,0.3127074298137991
64449,0.4417851585509687
64450,0.5278708041103621
64451,0.4999066944185211
64452,0.48660363926003414
64453,0.527366432964955
64454,0.5270481924097281
64455,0.5188366332673412
64456,0.4352500728575885
64457,0.45943897298625824
64458,0.5421157042810908
64459,0.4904963146532013
64460,0.5573974667596733
64461,0.49946580135609403
64462,0.4857120862786144
64463,0.303382535131745
64464,0.5058085527374468
64465,0.5111286847289792
64466,0.514284085052329
64467,0.47393641266648256
64468,0.5424838649768304
64469,0.5094234806772623
64470,0.4906193609777786
64471,0.5080866694224325
64472,0.4534763721109197
64473,0.48117223486121663
64474,0.4751788202014191
64475,0.48324851544205455
64476,0.3307405603422821
64477,0.7910051297112913
64478,0.45013700548022917
64479,0.5029243321753305
64480,0.5338093062348478
64481,0.5255616388674276
64482,0.5206941852608009
64483,0.43458031572054723
64484,0.546152585665597
64485,0.37607470382750646
64486,0.501638837177768
64487,0.49438668393036816
64488,0.5173833902007668
64489,0.47791367127822176
64490,0.5303378412234764
64491,0.5049171530468377
64492,0.5365429213431275
64493,0.5157980241877229
64494,0.48201464655825327
64495,0.695431741135568
64496,0.4671754752598333
64497,0.4846996803247253
64498,0.5014797404606197
64499,0.47181818012017973
64500,0.5007973599386464
64501,0.28106917026347084
64502,0.5230541780082572
64503,0.5144278509247603
64504,0.5273693746419544
64505,0.4987958235469783
64506,0.48546998967652477
64507,0.48930646671006345
64508,0.5294883414394
64509,0.5219947874126705
64510,0.49264617164566976
64511,0.2571827649535865
64512,0.5046824516062123
64513,0.5034344465197081
64514,0.44267494739755775
64515,0.5411067322688959
64516,0.5065429154899096
64517,0.5091620823294006
64518,0.507364621835473
64519,0.505029673108066
64520,0.3289244681126225
64521,0.5105160342789918
64522,0.5129711295206956
64523,0.488770523539691
64524,0.5310551114834628
64525,0.5141903549146508
64526,0.5144263357208493
64527,0.45328462183990015
64528,0.47878508044872564
64529,0.5043776003838951
64530,0.5141213968016151
64531,0.5009367634158214
64532,0.5326831877848877
64533,0.5263611150485503
64534,0.5116886527186454
64535,0.36330789584111284
64536,0.5312396009328079
64537,0.5129934470440839
64538,0.49522152769283045
64539,0.5156220164687106
64540,0.47948844823017583
64541,0.4980006124335644
64542,0.5214009613788533
64543,0.26302685487507826
64544,0.489281935614975
64545,0.4855142997357749
64546,0.48660547859588016
64547,0.5175939110932792
64548,0.4893911722988587
64549,0.46332298420433976
64550,0.6426726863912557
64551,0.46822835221541803
64552,0.5089704448893018
64553,0.5099739473841503
64554,0.4617923753252792
64555,0.527443090313697
64556,0.5149500164802411
64557,0.47272552225969494
64558,0.4726354182482515
64559,0.5285444010045411
64560,0.5213116839407549
64561,0.4859904980789179
64562,0.5154215528994613
64563,0.5537032126054232
64564,0.5248153797779331
64565,0.5077954602520882
64566,0.4619877271316352
64567,0.5223015285137709
64568,0.5213514338560488
64569,0.5114998183765759
64570,0.5330605937965027
64571,0.5340884335924077
64572,0.5182271737192765
64573,0.48019013211203226
64574,0.5049098692241226
64575,0.516804785778058
64576,0.44338344122954304
64577,0.5171419642652766
64578,0.4822369519016484
64579,0.5120586159119833
64580,0.5090943566379665
64581,0.5245933107386608
64582,0.4500206379771414
64583,0.4490757825513507
64584,0.5258347449285823
64585,0.4580705994577424
64586,0.49631732981101995
64587,0.5189691657907123
64588,0.46304163225294404
64589,0.5434423092365707
64590,0.5229410921236871
64591,0.476447896165561
64592,0.31190947545481723
64593,0.5029888386289995
64594,0.5168087819617507
64595,0.5009614826505481
64596,0.4997454758412241
64597,0.5345660202574642
64598,0.49015620732186826
64599,0.2972217562174903
64600,0.4769783261284627
64601,0.5250946596457349
64602,0.49038129504075756
64603,0.5027254679087998
64604,0.4517932704021531
64605,0.5228638221275745
64606,0.7889068327761458
64607,0.52164945608564
64608,0.5328821381613141
64609,0.5141589704467696
64610,0.4749126760719253
64611,0.5072652266198864
64612,0.3421844402695492
64613,0.5247630009603681
64614,0.5299604411049799
64615,0.5042635426857023
64616,0.504151418161495
64617,0.47881154232775974
64618,0.492122655888122
64619,0.5346945171615284
64620,0.5075061912723461
64621,0.3446348857035311
64622,0.5110665538904506
64623,0.511404064384122
64624,0.5585157708341539
64625,0.49658352928708366
64626,0.49306865655632226
64627,0.4974023152000172
64628,0.5417590414238116
64629,0.5067339988701631
64630,0.466515424760226
64631,0.4932221892796729
64632,0.5228560304088614
64633,0.47584519249908175
64634,0.5327696241313746
64635,0.49925935746490313
64636,0.5132973782088484
64637,0.4974267867564061
64638,0.28933922240141396
64639,0.4849498406201535
64640,0.4905611744034546
64641,0.5015721986232288
64642,0.4940379294636442
64643,0.5308344857462908
64644,0.5120587725508758
64645,0.5008695210095142
64646,0.4992449805806363
64647,0.4851096790619918
64648,0.47729803135323273
64649,0.5072434561377137
64650,0.5354852699666931
64651,0.5089843443441782
64652,0.4643777036767238
64653,0.5281006002049811
64654,0.5418878348342316
64655,0.4940372481727612
64656,0.49725780276742815
64657,0.507153282657853
64658,0.511148782588595
64659,0.3520351845525825
64660,0.5236633797936103
64661,0.5260000050686567
64662,0.5084891514244227
64663,0.5113435321563138
64664,0.28310576948009314
64665,0.4908016633919267
64666,0.47191503294968584
64667,0.5099343547909245
64668,0.5186586350017552
64669,0.513723550006935
64670,0.5034697316604684
64671,0.5334818974212231
64672,0.5054365152012651
64673,0.4944760562576131
64674,0.4783346295524789
64675,0.5239782852812679
64676,0.5158399035072762
64677,0.5062504115828697
64678,0.5067460832670458
64679,0.5156115358138894
64680,0.508693309307549
64681,0.5037730795449714
64682,0.5149342577398873
64683,0.4354857779424943
64684,0.4773928895245715
64685,0.49070052576611056
64686,0.5047923025636414
64687,0.5428998162056973
64688,0.45153272535806654
64689,0.48783032701284645
64690,0.5259613453098186
64691,0.5053077733243748
64692,0.5126018956830254
64693,0.508495612877278
64694,0.5303919043641095
64695,0.5361770758935939
64696,0.5153457194673833
64697,0.5366613105736977
64698,0.4554331713074869
64699,0.5181707786120344
64700,0.5194337408292259
64701,0.5290280011536102
64702,0.25070596013893953
64703,0.4137991542233549
64704,0.5257283809842898
64705,0.4526280428177402
64706,0.526282094689193
64707,0.5263709339197432
64708,0.5315391682651457
64709,0.5201190671239068
64710,0.5252992665565214
64711,0.49716685537996597
64712,0.5234255093351022
64713,0.5316949820110868
64714,0.5251369848757922
64715,0.4469980454000851
64716,0.48369550509351394
64717,0.5346642080885081
64718,0.33374868037983946
64719,0.4969219048926741
64720,0.5116557413552565
64721,0.5136734736310635
64722,0.5188182930618429
64723,0.5068308225560325
64724,0.47919261675445185
64725,0.6544399780061237
64726,0.5231068952229038
64727,0.48832915291476975
64728,0.5087740911894292
64729,0.5123340491987158
64730,0.5098586033956019
64731,0.508232315604128
64732,0.5247949655242664
64733,0.5152325428605717
64734,0.5050677698570033
64735,0.4747717853860861
64736,0.5354974344092238
64737,0.45707707564175015
64738,0.5161778645384232
64739,0.282799061049656
64740,0.502314884763245
64741,0.4877705114019536
64742,0.52176768073388
64743,0.5123427583799806
64744,0.5420721435822987
64745,0.47819196304373596
64746,0.5313360848976081
64747,0.5285142979119722
64748,0.4903979872423852
64749,0.5356581376891911
64750,0.48281417477245114
64751,0.520862751918067
64752,0.5071390111513188
64753,0.5104462293739463
64754,0.5163344258803102
64755,0.5075397113039458
64756,0.5202822981174953
64757,0.3412670499812574
64758,0.5240039640971907
64759,0.4930084886560701
64760,0.5098705367489641
64761,0.5248672718289608
64762,0.4998253040687974
64763,0.49005206261632483
64764,0.5109032194624602
64765,0.4932029767897852
64766,0.4475280600364423
64767,0.5392273498471148
64768,0.4882905756847108
64769,0.47637288466445155
64770,0.5348485887982981
64771,0.5248200317075933
64772,0.5129402587676747
64773,0.2989432980753332
64774,0.5056755835016976
64775,0.5192196276444279
64776,0.42941614032327313
64777,0.5226285294479969
64778,0.5383168307388828
64779,0.4953484933128687
64780,0.533565136069841
64781,0.5043028238628273
64782,0.5006316269828737
64783,0.36380799479044396
64784,0.47020319190931176
64785,0.5003295410392816
64786,0.5057869311237635
64787,0.5165371533267208
64788,0.4988785337199164
64789,0.48221073229006234
64790,0.5408474709891653
64791,0.47993879556229696
64792,0.28202890408569575
64793,0.5277073939310865
64794,0.5376556619095075
64795,0.5239025015107698
64796,0.39995740933906404
64797,0.7621299283623502
64798,0.5081920173037163
64799,0.5277548046444045
64800,0.5222248165470019
64801,0.4975037394553747
64802,0.5266134675929578
64803,0.5337282763125005
64804,0.5051295814769253
64805,0.4908723266937714
64806,0.5139539289431267
64807,0.4941034036023078
64808,0.5035734556318713
64809,0.48693208633149787
64810,0.46451031905002493
64811,0.4569213210546026
64812,0.4552620834662368
64813,0.48367777534988726
64814,0.5130160905477378
64815,0.5086024451461412
64816,0.48354798681723016
64817,0.5087603447977559
64818,0.5047661270803476
64819,0.5221664074464529
64820,0.5022559510995085
64821,0.4542307961285128
64822,0.48796291990448637
64823,0.44503262883583294
64824,0.5071209079995287
64825,0.48373492774206756
64826,0.4740599271143121
64827,0.4889464664134921
64828,0.5073326330348676
64829,0.5108884040860711
64830,0.5126080471748273
64831,0.4917545070239267
64832,0.5055959644432806
64833,0.5112974051549253
64834,0.5245002800041032
64835,0.5257857792489804
64836,0.5159982772605358
64837,0.5258169341990123
64838,0.3752938858861216
64839,0.4833754336126725
64840,0.4974858623264692
64841,0.5105693740034927
64842,0.5200657746970031
64843,0.46438323142955806
64844,0.5173776166813138
64845,0.5245641722045475
64846,0.5594743940594088
64847,0.5129008441442536
64848,0.4825746888960375
64849,0.47163563876414805
64850,0.5308679816961089
64851,0.491269846045309
64852,0.5211244412556519
64853,0.4941908075636766
64854,0.5112424617840737
64855,0.5009859412564087
64856,0.4927863200753693
64857,0.5160612330309822
64858,0.5158758091802473
64859,0.5290971739637034
64860,0.5054762417165048
64861,0.5095670154371678
64862,0.5260299357460451
64863,0.4393524793893413
64864,0.5364360649477856
64865,0.27588317249769245
64866,0.48801153215208865
64867,0.5376321422971828
64868,0.5103351957946167
64869,0.49507034905548225
64870,0.5347422975229681
64871,0.49585627392682696
64872,0.5146528155304952
64873,0.5114727227562137
64874,0.49051460611597153
64875,0.5182752678253761
64876,0.5087777095239763
64877,0.491217032895469
64878,0.4582957396687784
64879,0.5356039322507392
64880,0.4751812372402826
64881,0.5312939665732279
64882,0.5107366946802899
64883,0.5301903173459246
64884,0.5277036502394529
64885,0.5142242938766868
64886,0.49382005091676967
64887,0.5118611280621284
64888,0.5328546846869407
64889,0.5335449908118325
64890,0.5263363992746426
64891,0.5299792489664069
64892,0.5055008098594941
64893,0.4200746973772582
64894,0.4463387278944439
64895,0.4796365292584798
64896,0.4903169608112367
64897,0.30676049729557126
64898,0.5791513963633812
64899,0.26882782841962305
64900,0.5183106236753092
64901,0.466389084873232
64902,0.5107831898297358
64903,0.4754166242629915
64904,0.5199480525310904
64905,0.5193082271694522
64906,0.48858925589727215
64907,0.48674959582964916
64908,0.48948234967657656
64909,0.46551666198315717
64910,0.5054091644974755
64911,0.5003858825833308
64912,0.4961511803403402
64913,0.5264161570252942
64914,0.5196868088273852
64915,0.4875722695996118
64916,0.5138042513248605
64917,0.5022115345309667
64918,0.49646001609105644
64919,0.49080486199827933
64920,0.5031191853758423
64921,0.4960924015478807
64922,0.5262402007920877
64923,0.4836082457932935
64924,0.5151430644537713
64925,0.48522929204878573
64926,0.2962927661218731
64927,0.5392337770592879
64928,0.45713542837611265
64929,0.5335336369710658
64930,0.540338358979692
64931,0.5170659011762847
64932,0.4656452616632766
64933,0.4423818529917264
64934,0.5016416070893785
64935,0.5222624196235022
64936,0.5238536624686546
64937,0.4927274224406421
64938,0.4897726984896281
64939,0.4586534541483688
64940,0.5295270147233987
64941,0.29099268053127636
64942,0.48350839295978293
64943,0.39064793369905043
64944,0.49914106686171683
64945,0.5208008810973551
64946,0.5003520730097464
64947,0.5135811475925995
64948,0.48650435899473593
64949,0.5047943121520031
64950,0.8107789305791744
64951,0.5481714546564218
64952,0.5150686007790881
64953,0.5324037758531093
64954,0.5052832419453771
64955,0.5503824550933737
64956,0.488933188322863
64957,0.4863489482864976
64958,0.7806541711941465
64959,0.5080063221147508
64960,0.4991128099287862
64961,0.4953336993087162
64962,0.4797168828120935
64963,0.4719205327355989
64964,0.5240730220506338
64965,0.4546905278718918
64966,0.5238703681670998
64967,0.5043551557359222
64968,0.5240769161464683
64969,0.5252923506861354
64970,0.48629097798580084
64971,0.5179283852626692
64972,0.5114812139908943
64973,0.4937907597722361
64974,0.49859425448744776
64975,0.5176670343229105
64976,0.4910230732756373
64977,0.5013714092932725
64978,0.48495663313332504
64979,0.49105649690082515
64980,0.5170336414071315
64981,0.5119211253237359
64982,0.5255070695865074
64983,0.5097176053649493
64984,0.4785064557808064
64985,0.33737852144988173
64986,0.5500965820163798
64987,0.4933801441779576
64988,0.5352755617792341
64989,0.532554898262585
64990,0.5018145580106902
64991,0.5369989718312336
64992,0.531764397601409
64993,0.4899576680396777
64994,0.5398865439305331
64995,0.49521800126418836
64996,0.4807870634771861
64997,0.500453476747241
64998,0.510722007144779
64999,0.4669011204504863
65000,0.49541592171153753
65001,0.44053190641635764
65002,0.5514681539599747
65003,0.5046756743790839
65004,0.4987065227162223
65005,0.5225189802079788
65006,0.5237268105816857
65007,0.5346374783845604
65008,0.3818455846869193
65009,0.505531662701722
65010,0.5161901542079802
65011,0.5067073551659805
65012,0.4967249648687768
65013,0.4831193456240797
65014,0.5135535845579494
65015,0.5300430623664669
65016,0.5133492510941151
65017,0.48567965749672865
65018,0.4737918813386648
65019,0.519371458882711
65020,0.4985001442165652
65021,0.49654472974026725
65022,0.49414266569455745
65023,0.5104926513435922
65024,0.5243268778075534
65025,0.5449791900830777
65026,0.5067626408172772
65027,0.5071415471292662
65028,0.5581253855062985
65029,0.49469686306186444
65030,0.3328628525623179
65031,0.5143413504780666
65032,0.5509487124290887
65033,0.4579304060146394
65034,0.5006376929523506
65035,0.5068981064398627
65036,0.5010577689011068
65037,0.4911004292693298
65038,0.5282043622119212
65039,0.5266277231839138
65040,0.5386040441082934
65041,0.4974672179112037
65042,0.5022656569931757
65043,0.5453336929147432
65044,0.4919497172637658
65045,0.49935834282820085
65046,0.5205856962971772
65047,0.50123102290156
65048,0.5276503633988889
65049,0.49675309524066585
65050,0.5536304651282824
65051,0.5249532437248419
65052,0.534648336604671
65053,0.5034866225395911
65054,0.4329899810326894
65055,0.46927766151719025
65056,0.493697799406658
65057,0.5201083440579433
65058,0.5349868028166627
65059,0.5010877107003735
65060,0.5119465799527895
65061,0.4978776210887839
65062,0.5011066953257814
65063,0.5127276441684738
65064,0.5237924826135633
65065,0.5218410922878628
65066,0.5156460030254049
65067,0.48579811349111623
65068,0.43096541863421706
65069,0.5111101550091491
65070,0.5414448959156398
65071,0.48502541627772994
65072,0.4652637207147486
65073,0.4971787108382953
65074,0.5170886358556374
65075,0.5187809541754413
65076,0.4736692966501306
65077,0.5287124250493138
65078,0.4821847931953911
65079,0.5020906045609822
65080,0.4962009176205575
65081,0.49328822574766185
65082,0.47998707863330564
65083,0.45407300815459417
65084,0.5175156184161244
65085,0.4770361730342693
65086,0.47945622380275305
65087,0.47776490033304403
65088,0.4665958284346434
65089,0.5249922848671035
65090,0.5319233876975031
65091,0.5253104732319906
65092,0.5215526343001886
65093,0.532381682417746
65094,0.5017106336633568
65095,0.47474861382299754
65096,0.28315918930863077
65097,0.5142715296789587
65098,0.49976653042661706
65099,0.47741746571829985
65100,0.5250943444915344
65101,0.5230997153182425
65102,0.3247541561172035
65103,0.2933835352276097
65104,0.5166804262339032
65105,0.2781110739787262
65106,0.5158275950352716
65107,0.5139105356346318
65108,0.517003806950837
65109,0.5245868595286196
65110,0.49915244531054687
65111,0.5292973494399329
65112,0.5274868807989016
65113,0.33900027318572373
65114,0.47084117256916275
65115,0.5151648986463873
65116,0.5714385669203058
65117,0.5091772598815878
65118,0.2358829380427495
65119,0.5087045098082148
65120,0.5146314563381831
65121,0.5200787470813885
65122,0.5136170320937363
65123,0.5237457249188306
65124,0.47377169395259056
65125,0.5300936422049662
65126,0.4522216860033051
65127,0.4376107345992869
65128,0.4951725705311684
65129,0.5142307605127102
65130,0.4903118743194086
65131,0.3135611009944904
65132,0.5211977259482473
65133,0.5213210060583009
65134,0.5317256880777578
65135,0.5172196851899434
65136,0.47010385958390655
65137,0.47710021523610363
65138,0.48452389511639243
65139,0.5281380667933395
65140,0.4738443491323473
65141,0.4638769913386257
65142,0.540671596801238
65143,0.44404065586926456
65144,0.5271318566516285
65145,0.529653256869147
65146,0.5130214012758328
65147,0.5203371620422258
65148,0.5311139457651006
65149,0.5009858585637061
65150,0.4737102331689323
65151,0.48102225342887756
65152,0.4899503833154374
65153,0.5286704189659195
65154,0.47760159610457875
65155,0.4049961470102709
65156,0.5362752573346683
65157,0.514067450821444
65158,0.5128202589254437
65159,0.48444674497943524
65160,0.49039414807642545
65161,0.5122794911912933
65162,0.5353679948583071
65163,0.3321203514050963
65164,0.44228380373238235
65165,0.44067695065607226
65166,0.5474102771819884
65167,0.4872987654074097
65168,0.5073278679940177
65169,0.5014464945682842
65170,0.5231229233991047
65171,0.5080076923531428
65172,0.5037381733396051
65173,0.5134684143985951
65174,0.4944482326979073
65175,0.5222294439722911
65176,0.5162585193628696
65177,0.43783244797424475
65178,0.5213106813779368
65179,0.49190585925763464
65180,0.5022036219772431
65181,0.5115093805122797
65182,0.49255413085354266
65183,0.5355815545154153
65184,0.5289974144593927
65185,0.531709491304659
65186,0.5134306177394704
65187,0.3412264252733639
65188,0.4896659678300392
65189,0.34763958101938575
65190,0.2424504214377159
65191,0.4969005062982416
65192,0.501397114425702
65193,0.521614595309724
65194,0.5026284580487775
65195,0.5312929974883888
65196,0.48964360839084464
65197,0.34310611412182473
65198,0.49939741643790353
65199,0.5330931443378553
65200,0.47964384724344206
65201,0.5225043733295788
65202,0.5201255508466005
65203,0.454391950845953
65204,0.5238605953160129
65205,0.4932599307979022
65206,0.5298747772780871
65207,0.5200327487798602
65208,0.5082157344103172
65209,0.4687505475995285
65210,0.542428650596057
65211,0.523131172215766
65212,0.5285622590027647
65213,0.5084310730863163
65214,0.4481297669787967
65215,0.4806973231626298
65216,0.5172662475738145
65217,0.533776884822448
65218,0.49457335622084686
65219,0.5376131603344149
65220,0.5235218528317087
65221,0.48306437860129375
65222,0.5115817069790256
65223,0.5173330724439914
65224,0.5017935664920504
65225,0.5418166766349203
65226,0.5129907772677428
65227,0.5110021802932121
65228,0.5039782431057266
65229,0.6360877412432274
65230,0.2739279862946494
65231,0.5227886854964661
65232,0.5618574150208882
65233,0.5192029992193544
65234,0.5455989014577136
65235,0.372043502378677
65236,0.4689971132880137
65237,0.5434230728364506
65238,0.5186829042322496
65239,0.5185967015020377
65240,0.522861543204779
65241,0.5234541128615438
65242,0.5038544045691663
65243,0.5288348569956905
65244,0.5170853958006566
65245,0.5030663934683927
65246,0.5064788287201769
65247,0.459488809159913
65248,0.5113327147266569
65249,0.49962599168663296
65250,0.5136743876027635
65251,0.4592008141976633
65252,0.5403705577442995
65253,0.5061782943215132
65254,0.5260354310350696
65255,0.4592941970189779
65256,0.48304096912994643
65257,0.5184420657788552
65258,0.5120503752966256
65259,0.4746868529915707
65260,0.5082075193635077
65261,0.476850316574019
65262,0.46239714555466604
65263,0.5147308950342188
65264,0.46762932729666296
65265,0.30780951498522996
65266,0.5140136362696096
65267,0.504964231150317
65268,0.6581657926656241
65269,0.4980335145299061
65270,0.3268089999194095
65271,0.5356007059046347
65272,0.5307045839287418
65273,0.49425335716407975
65274,0.5066830544022555
65275,0.5198345804605436
65276,0.4860023655686147
65277,0.3266188451942632
65278,0.5074196565297804
65279,0.49773245067802085
65280,0.5287248911530817
65281,0.5441515121399108
65282,0.4732083001185289
65283,0.504399140550794
65284,0.5153015519138837
65285,0.4642504531490168
65286,0.4893405452696813
65287,0.5117917608711593
65288,0.4926399318424852
65289,0.5067741877842062
65290,0.49234099021409855
65291,0.5280090349957854
65292,0.5227121904217324
65293,0.4948305606592393
65294,0.46819002546112193
65295,0.5385797644734371
65296,0.49346871005155457
65297,0.503847233098854
65298,0.448553161013683
65299,0.48199586745279244
65300,0.5085036550894453
65301,0.4778766811938792
65302,0.503720802497677
65303,0.4979866352752455
65304,0.5105464640073415
65305,0.5541361578939492
65306,0.5375146649299821
65307,0.6969352294906577
65308,0.5452951958598282
65309,0.49995406200352127
65310,0.49932670789663647
65311,0.5241895383509022
65312,0.42739728518490666
65313,0.5253986931581699
65314,0.35758915215798737
65315,0.5088051477904633
65316,0.49810972215596283
65317,0.5172361199051946
65318,0.4883221679630622
65319,0.49942861368548847
65320,0.3283499025004759
65321,0.4678738396019377
65322,0.5268725127493916
65323,0.5088907885556754
65324,0.5063295773588126
65325,0.4884796396686298
65326,0.505305772545671
65327,0.5071250182143914
65328,0.5094219233845587
65329,0.5289848443643572
65330,0.5284337755268042
65331,0.4768490164064962
65332,0.3094029750330316
65333,0.31226029349532136
65334,0.5445024311273454
65335,0.48868793691327767
65336,0.5224521138212141
65337,0.5005383015567897
65338,0.5173864450426954
65339,0.5251822101328333
65340,0.5313856203565476
65341,0.46865545949517706
65342,0.46628534391326465
65343,0.5479803652954565
65344,0.5087294792157213
65345,0.5058033552438824
65346,0.5359457635001871
65347,0.4801370592127567
65348,0.47047552044661245
65349,0.517142567991978
65350,0.2822482036117565
65351,0.48282441218642363
65352,0.5461669799791549
65353,0.5430113059513778
65354,0.3480738944783472
65355,0.5224420130075998
65356,0.49122205403942765
65357,0.5120707685668603
65358,0.5154441982127965
65359,0.49423137248669013
65360,0.5909601372522713
65361,0.5089987905182016
65362,0.4914618197122617
65363,0.5033379864682823
65364,0.5002512533506264
65365,0.5281217882194484
65366,0.4934547476972645
65367,0.5617872235484964
65368,0.5400245846775323
65369,0.4787371896193352
65370,0.48340693980790395
65371,0.4717438476489842
65372,0.5097523328572751
65373,0.5472216627587052
65374,0.5168281804137752
65375,0.4903248351290279
65376,0.5000399705881651
65377,0.5120458875943061
65378,0.5312647522902243
65379,0.5061851309427191
65380,0.5117908136028266
65381,0.542175351505522
65382,0.5422158388316122
65383,0.34100131263343103
65384,0.45585652726367276
65385,0.29204228174686025
65386,0.49793679533457363
65387,0.5082369431293376
65388,0.5219888139733769
65389,0.49030381546540486
65390,0.3262762416790944
65391,0.49330862130928865
65392,0.2923664431044212
65393,0.31764079908027554
65394,0.5209204786236183
65395,0.5129493727227742
65396,0.506251829817427
65397,0.5145779723275761
65398,0.5168485496155792
65399,0.5316255011235966
65400,0.5021219294782101
65401,0.4937697636834761
65402,0.5003786023598868
65403,0.523203020159413
65404,0.5273092862725641
65405,0.5036815697495477
65406,0.4924038823180599
65407,0.5380876681742274
65408,0.5089192392117772
65409,0.5195993408078777
65410,0.5259299124675211
65411,0.5284565167586699
65412,0.5437023866050383
65413,0.5317358054962933
65414,0.5117623126454435
65415,0.5072624121048612
65416,0.48793258504431275
65417,0.4408390860308997
65418,0.5018555566708908
65419,0.34920763114803766
65420,0.5384060895051798
65421,0.5218070575810451
65422,0.47061899807859753
65423,0.5035050649230507
65424,0.29475782358787783
65425,0.5333804023619418
65426,0.4714369209893909
65427,0.5545004130810114
65428,0.44906543734730164
65429,0.5133726580827895
65430,0.508317061928144
65431,0.5295138382033759
65432,0.5481610247108726
65433,0.5285993476069106
65434,0.4932636991492652
65435,0.4206991098286735
65436,0.5193202188788539
65437,0.49559653388078506
65438,0.4942286690196476
65439,0.4461015257736422
65440,0.4698680946496978
65441,0.5337453017190429
65442,0.4953144190031481
65443,0.515584221920061
65444,0.5173490490234558
65445,0.5196502366692035
65446,0.477053580899084
65447,0.5091128510682261
65448,0.4431773827857566
65449,0.5052932101077772
65450,0.48933932050544615
65451,0.5131927607146796
65452,0.4294532802335821
65453,0.5352413478215484
65454,0.546388615463218
65455,0.5223564003044511
65456,0.5354652786233223
65457,0.3192732822563096
65458,0.5053359282490042
65459,0.5047729618460941
65460,0.5079848464605646
65461,0.5238613375531153
65462,0.3310112713003229
65463,0.5052200883651107
65464,0.48520949571307076
65465,0.5354117600661666
65466,0.5080992399278421
65467,0.5015674812465639
65468,0.523626033516346
65469,0.4994685743484406
65470,0.5239544137449544
65471,0.511207155475374
65472,0.500041732603718
65473,0.517612781184016
65474,0.5105157071075003
65475,0.5457608617427142
65476,0.5035348190050786
65477,0.34570646255743454
65478,0.5038548064322096
65479,0.5034127327362038
65480,0.5033843820813123
65481,0.521526392418885
65482,0.5082919113156183
65483,0.5252029932508994
65484,0.5311875789649816
65485,0.5046302098871851
65486,0.4958387081675295
65487,0.5059105832355983
65488,0.48348928236382394
65489,0.46249046346970124
65490,0.4921202140069845
65491,0.5109395123031614
65492,0.26458206094299197
65493,0.2877594904130768
65494,0.514742028516837
65495,0.4893495508800034
65496,0.5193083081404191
65497,0.5162138212813326
65498,0.5072423712812072
65499,0.47076108052282384
65500,0.5123543163978731
65501,0.4695123354269084
65502,0.5295940623904464
65503,0.5532127932991558
65504,0.513204927700896
65505,0.472446035472668
65506,0.4878687189814435
65507,0.5685591932381111
65508,0.4719340343774087
65509,0.4990346162387375
65510,0.5040585484190357
65511,0.5176375134676227
65512,0.3066580042970321
65513,0.5086024068942666
65514,0.5232897692446119
65515,0.4692363488721625
65516,0.5464364840214314
65517,0.5308279253857126
65518,0.5273873268533398
65519,0.503517705257053
65520,0.4833666222744655
65521,0.5077914837395802
65522,0.5144173402018691
65523,0.48778107916003516
65524,0.5660307551694167
65525,0.49718984793591325
65526,0.5310162460787999
65527,0.48727782072982256
65528,0.5377560347977238
65529,0.5167029764955902
65530,0.519898943406376
65531,0.4958923338747481
65532,0.4800393612926988
65533,0.4748812633726969
65534,0.5237595735815679
65535,0.5380963185518891
65536,0.5192310114821937
65537,0.4994457092326751
65538,0.5209071105729337
65539,0.5330826409864626
65540,0.5011237884125854
65541,0.5346187956622972
65542,0.49843181970739214
65543,0.4769835611832731
65544,0.5094959021803805
65545,0.5094983978150363
65546,0.5311513253112833
65547,0.495100382931556
65548,0.5116152867553094
65549,0.21025334828639158
65550,0.4933013519243716
65551,0.5100083784369478
65552,0.5336114094827095
65553,0.49292521700980807
65554,0.3401168067660449
65555,0.4997005412833911
65556,0.48532235764204845
65557,0.5083716621362161
65558,0.4894125027850696
65559,0.5206216919541741
65560,0.4829631669387871
65561,0.47242753149630534
65562,0.5179943567593523
65563,0.35839248700765736
65564,0.4853524933838382
65565,0.5073001377050884
65566,0.511004217664258
65567,0.5031946892517459
65568,0.4653201330609834
65569,0.5155773481059023
65570,0.4997278240025119
65571,0.47187134408198605
65572,0.5416459645662293
65573,0.5334170179719019
65574,0.5092688005511278
65575,0.4625766536815741
65576,0.46241376711563764
65577,0.5267468509812323
65578,0.5204472310017569
65579,0.5256427860640822
65580,0.5042141579144245
65581,0.49536762430189735
65582,0.515185808689284
65583,0.5240397115199983
65584,0.5367099120062386
65585,0.46198778259718176
65586,0.5312106278013033
65587,0.4904095537091977
65588,0.49904372336646247
65589,0.5174922598798765
65590,0.5056068352698112
65591,0.5371457296296834
65592,0.3708863610596489
65593,0.29776082148775307
65594,0.5225611508658083
65595,0.3527539511369797
65596,0.5310328080990204
65597,0.5022735425125587
65598,0.5118188135480697
65599,0.5181374675539371
65600,0.496156789729183
65601,0.5352510288923885
65602,0.5033391225588859
65603,0.5020700507501962
65604,0.5111605049663526
65605,0.5247766086038319
65606,0.4994270595534402
65607,0.4979577709136647
65608,0.516984301395171
65609,0.5088812165966724
65610,0.5131410885128826
65611,0.5288070122891713
65612,0.49548795719660216
65613,0.531312900274931
65614,0.5328474359038268
65615,0.5162447763832994
65616,0.48184915161401554
65617,0.5116716364458865
65618,0.4980740720153336
65619,0.49187520663880396
65620,0.5077019374688427
65621,0.5140530129876396
65622,0.4916537457539026
65623,0.5374321724428701
65624,0.4296382028345439
65625,0.48731702552160877
65626,0.532583513411211
65627,0.5099388981331107
65628,0.4624163759983146
65629,0.2948508500956566
65630,0.5328545042111574
65631,0.5804053521911872
65632,0.4412945591684187
65633,0.49806157883444824
65634,0.49146184671927723
65635,0.5086341450966291
65636,0.39477835331699335
65637,0.4938122645765929
65638,0.5163087634317591
65639,0.23115984565343478
65640,0.5115146030425978
65641,0.5180978423021734
65642,0.5341768937375991
65643,0.49758234843088356
65644,0.491993993348136
65645,0.5257273995344806
65646,0.504081006375715
65647,0.530741535090622
65648,0.5205320174062934
65649,0.44145603641633574
65650,0.5420110553414537
65651,0.5238411034984812
65652,0.5328476604073902
65653,0.46761044174126554
65654,0.48842753378066134
65655,0.3622993589643462
65656,0.4717694127783919
65657,0.5197643058139271
65658,0.52634316646202
65659,0.5366116148481644
65660,0.5028686775002922
65661,0.5136214480706626
65662,0.5181347649531517
65663,0.4900754678722375
65664,0.5263637498527629
65665,0.5146492618048146
65666,0.5040606485018748
65667,0.4902340590411504
65668,0.5117853980116912
65669,0.49592453246827095
65670,0.499856943618243
65671,0.4948813723122397
65672,0.5175830086563283
65673,0.4951531234274004
65674,0.49109665651761963
65675,0.502128036298331
65676,0.5186803860941883
65677,0.5418714845181921
65678,0.4919979266617541
65679,0.2812707348229526
65680,0.5106308245157387
65681,0.5387788993604127
65682,0.5058514002066222
65683,0.4897872081577958
65684,0.4990469996076342
65685,0.2943257852013796
65686,0.693774247288486
65687,0.46612227278107704
65688,0.4741376804301355
65689,0.512697940682237
65690,0.5055814460712164
65691,0.5247690314253557
65692,0.5174765400033793
65693,0.48580099467834587
65694,0.5301518404134374
65695,0.4921036895596756
65696,0.5098173269578112
65697,0.5240681694788796
65698,0.5291438872124347
65699,0.5662898144580182
65700,0.3489487105844425
65701,0.534768590567765
65702,0.5342061824634217
65703,0.4975384239459583
65704,0.5413462368598594
65705,0.5341712050970743
65706,0.49644538753415607
65707,0.46261580567077576
65708,0.5442463252332618
65709,0.5291100408137337
65710,0.5107064173086981
65711,0.49529940688944885
65712,0.47945043742972643
65713,0.48668517600420336
65714,0.47421689554292557
65715,0.49898047223421443
65716,0.514275909238653
65717,0.5226630467750306
65718,0.49746727963471626
65719,0.5133698992380663
65720,0.4877805761467103
65721,0.5133375090202956
65722,0.499927100129192
65723,0.45878216716826414
65724,0.5271362444572288
65725,0.5069499476015918
65726,0.5053997758555993
65727,0.5060172545531155
65728,0.529682332676473
65729,0.49033025666575003
65730,0.511248439732223
65731,0.4915905916311564
65732,0.5214749835040403
65733,0.526713547473449
65734,0.4832454745142772
65735,0.5185959207034926
65736,0.514496423914866
65737,0.272551396891754
65738,0.4993390831575184
65739,0.5581343164924383
65740,0.5068341041646087
65741,0.5403352145087263
65742,0.530621688594189
65743,0.530688344333878
65744,0.5173871161412343
65745,0.5332121859397833
65746,0.4566118054497896
65747,0.5358960919965977
65748,0.5129664801815313
65749,0.5122118316971476
65750,0.36379337527730826
65751,0.5278802798081607
65752,0.5015309330053891
65753,0.5358925981280909
65754,0.2652289035066708
65755,0.4955147530726279
65756,0.5183152903265218
65757,0.5005669030479402
65758,0.5300636240264635
65759,0.5190266615041718
65760,0.5385642403972862
65761,0.5271673932461242
65762,0.45305275503880355
65763,0.49653916064041864
65764,0.5123676464511344
65765,0.5179629809663762
65766,0.5592672274526205
65767,0.5255390363222255
65768,0.7706399412812174
65769,0.5274655864615356
65770,0.40658326661032157
65771,0.4756861464898909
65772,0.4449628616841775
65773,0.5490576579588665
65774,0.5075335521460156
65775,0.5149651183326831
65776,0.48000840402231243
65777,0.5436960288277994
65778,0.5263127132273967
65779,0.5169096555390397
65780,0.4896820299260261
65781,0.539209043530157
65782,0.33775974949062354
65783,0.47257694413431556
65784,0.4897314441745701
65785,0.4906724208032061
65786,0.4605060970205229
65787,0.49652577273692794
65788,0.497721864144734
65789,0.4918339916079248
65790,0.5285268156680027
65791,0.5410750248392674
65792,0.5163670043964421
65793,0.4363152009463605
65794,0.32458367279535966
65795,0.5119590006153767
65796,0.5081027560073065
65797,0.5035429933922704
65798,0.4926770732675116
65799,0.5155566318255058
65800,0.5349146197270639
65801,0.5226465051346243
65802,0.45290950397156204
65803,0.49742388209990923
65804,0.48709104007817255
65805,0.37303967030577107
65806,0.5034279328309504
65807,0.5349035353145315
65808,0.49660404229909866
65809,0.4979166891878425
65810,0.5272350404071999
65811,0.514004485750671
65812,0.5016817237708573
65813,0.5199959521293221
65814,0.5350262559132024
65815,0.5237280830133629
65816,0.26571064751167317
65817,0.4986692217406078
65818,0.538026624414144
65819,0.5189947974807226
65820,0.481705621762046
65821,0.484936843785141
65822,0.5172269467540354
65823,0.5326839188713013
65824,0.455822736306224
65825,0.49636746957109446
65826,0.2707012535728924
65827,0.5109048442409091
65828,0.5388828324186519
65829,0.5207875264255217
65830,0.5448888282356785
65831,0.7348677754006462
65832,0.2636484936674237
65833,0.5053396229836468
65834,0.5076153280938883
65835,0.5154351318253303
65836,0.5105140177333332
65837,0.5137485093327352
65838,0.5496733314609641
65839,0.5261115694396249
65840,0.5060455049380942
65841,0.5244014617193498
65842,0.4901629500901306
65843,0.5413017065808298
65844,0.49116879559564597
65845,0.49280587117166064
65846,0.46889889612147834
65847,0.30221518636639505
65848,0.5158898855717075
65849,0.495866344012299
65850,0.48507209462729417
65851,0.521135287014789
65852,0.5447413280254634
65853,0.5288055845390017
65854,0.53522535324875
65855,0.5300032046321382
65856,0.5654161656700112
65857,0.49746514260558056
65858,0.5082622722827072
65859,0.5160697465299675
65860,0.5100208762387101
65861,0.5175511211436113
65862,0.5201143820192708
65863,0.5059033522831861
65864,0.4572646704960979
65865,0.3543256250868948
65866,0.48678895237717223
65867,0.5272461107932402
65868,0.5222258258764579
65869,0.5367582292686638
65870,0.49588085271585153
65871,0.4755479223265592
65872,0.4738158217578203
65873,0.5154328615203115
65874,0.5204503085721257
65875,0.4769562408420064
65876,0.5020163853759085
65877,0.5403476241425743
65878,0.5192535027854558
65879,0.5071441999426632
65880,0.48221753593775263
65881,0.46032914993453816
65882,0.511818356074784
65883,0.4727513668727537
65884,0.5343837244040496
65885,0.517930857501129
65886,0.5016609097938178
65887,0.4483830580290951
65888,0.328085956762402
65889,0.5174648445537852
65890,0.53826507018578
65891,0.5274265573788757
65892,0.5307938602545486
65893,0.5225348696933811
65894,0.5081465206555089
65895,0.3245326828224578
65896,0.49575318744863606
65897,0.5448362872298893
65898,0.5214869891662449
65899,0.5029133942289945
65900,0.5076093775364279
65901,0.4935393236557178
65902,0.5782275982720511
65903,0.44879182980670723
65904,0.5247498154883798
65905,0.28791762996678405
65906,0.5088815285894135
65907,0.5040859598156116
65908,0.4818162917683752
65909,0.45875972176546503
65910,0.34285218280157476
65911,0.5029875013576752
65912,0.4943019186362014
65913,0.5221807019836441
65914,0.5159467465748884
65915,0.5261498751692412
65916,0.501600947248545
65917,0.4943341719566855
65918,0.6530213991021774
65919,0.5269117084614524
65920,0.4598037593368091
65921,0.5278504235542659
65922,0.6955568117375427
65923,0.5257094545729529
65924,0.45815623956573165
65925,0.5186683988229664
65926,0.5132502582533778
65927,0.5133093550658935
65928,0.48137876049223643
65929,0.4953772778714299
65930,0.473766780087151
65931,0.5272899094164546
65932,0.5006011199107112
65933,0.505500285495987
65934,0.5004405126204547
65935,0.5303941356136967
65936,0.5345539337232684
65937,0.5256051280654872
65938,0.5238423703906177
65939,0.47763520209393884
65940,0.4343427208960597
65941,0.49944234632391293
65942,0.31778009679172237
65943,0.5196666864445249
65944,0.5395309904611011
65945,0.4845212209635919
65946,0.5066118177273197
65947,0.5321239119207416
65948,0.46451657586105594
65949,0.4581812565757556
65950,0.46665688306488273
65951,0.5371674485480207
65952,0.45475272443712866
65953,0.5267161228850864
65954,0.4596691538349422
65955,0.5088450644085774
65956,0.48341468330864396
65957,0.510601968614145
65958,0.501653768681358
65959,0.49638098433396216
65960,0.4906387757934274
65961,0.5157306479990365
65962,0.4966355044653773
65963,0.25713953726695055
65964,0.49116013574091755
65965,0.4498607165673625
65966,0.4995871526833778
65967,0.5168010914251256
65968,0.5442606821071853
65969,0.4486353478766868
65970,0.475750034218746
65971,0.5017989300073303
65972,0.497280639189441
65973,0.5192042924170183
65974,0.5183019884196395
65975,0.5351836169934903
65976,0.4655831455682063
65977,0.497413617685496
65978,0.5339386287966527
65979,0.4826151763758158
65980,0.5187474141636149
65981,0.5243200334671965
65982,0.5069016470832647
65983,0.5248825248563396
65984,0.5081115508259921
65985,0.5267429504909389
65986,0.5125820623182047
65987,0.521438833422366
65988,0.48767602640551705
65989,0.5182773386901081
65990,0.4713062283847616
65991,0.5397020287190128
65992,0.5115519878555593
65993,0.5336899222987977
65994,0.33477918744111046
65995,0.27186798261319095
65996,0.5213430960994596
65997,0.4790308397345278
65998,0.5135537078371025
65999,0.4640430649246274
66000,0.5045702666317937
66001,0.5223532488752903
66002,0.5112464175304487
66003,0.49870702035318376
66004,0.504325808308565
66005,0.48201845977724295
66006,0.5667778412608172
66007,0.4280475245716475
66008,0.5137766795333941
66009,0.5016742559276717
66010,0.49665237487542796
66011,0.5050609867201603
66012,0.5047805361301924
66013,0.49714256225258646
66014,0.5132703563129598
66015,0.49745091446026146
66016,0.5100241333599265
66017,0.48939731576821754
66018,0.5301956284896592
66019,0.5022836051193814
66020,0.4958467017004045
66021,0.5376758216990666
66022,0.4748879969917677
66023,0.5087883021564209
66024,0.47768464461876203
66025,0.7191424924549842
66026,0.5166689046825322
66027,0.3309338361714797
66028,0.5416513891297311
66029,0.5244008552164364
66030,0.4713123466693591
66031,0.5091033493699163
66032,0.4507334972595019
66033,0.4820554428216961
66034,0.4586112743448358
66035,0.49678139541234406
66036,0.490547600804035
66037,0.5317561816072922
66038,0.5376115816758235
66039,0.47576706780845524
66040,0.47045714299163255
66041,0.5007970808244907
66042,0.4897403906320102
66043,0.4812026895453186
66044,0.49202210557679704
66045,0.4951199092495147
66046,0.5181931506637166
66047,0.5274319852256442
66048,0.5110216405341613
66049,0.5387928371979275
66050,0.5476956673911506
66051,0.5181873307657014
66052,0.5389436670272584
66053,0.5298072638955567
66054,0.3322426842430556
66055,0.4791567673514781
66056,0.4578649966286556
66057,0.34517266104705896
66058,0.5284310971958958
66059,0.5395350726446753
66060,0.5016450733914423
66061,0.27828042565830585
66062,0.3234484662740302
66063,0.5015873533085315
66064,0.47428490356992986
66065,0.5294067904558155
66066,0.5321812554807144
66067,0.3102715591535436
66068,0.48615815061598316
66069,0.4858099381631791
66070,0.5128740398171419
66071,0.4545920046147694
66072,0.5135167412831141
66073,0.5174612668132388
66074,0.5037181840794996
66075,0.49353564875064293
66076,0.497621766883478
66077,0.5125691828749288
66078,0.4988736738012101
66079,0.543592087707355
66080,0.4954552812089924
66081,0.5132876790250391
66082,0.5105815425595407
66083,0.528652112069722
66084,0.4828665502202914
66085,0.5219247123205115
66086,0.4864778944039012
66087,0.49854812798508347
66088,0.5123526598176786
66089,0.5247107318040517
66090,0.5077100251216239
66091,0.5238600163639623
66092,0.46583235910488285
66093,0.5173740955407413
66094,0.5189746576223441
66095,0.54704821420598
66096,0.43203982728791046
66097,0.505736115505788
66098,0.5072245578496707
66099,0.49968152499999885
66100,0.5125401117840316
66101,0.48707262571608123
66102,0.3056976102002684
66103,0.528346557614794
66104,0.47994279967789116
66105,0.508453520406547
66106,0.49385974921802595
66107,0.5400775806058564
66108,0.5091096013353081
66109,0.5351302007607661
66110,0.4929914430449319
66111,0.5134503030710623
66112,0.49339230034406817
66113,0.5253239537017413
66114,0.5007591783466714
66115,0.5009585584577552
66116,0.5645658133869043
66117,0.5137191729745607
66118,0.4736388224376949
66119,0.4835832118659889
66120,0.49189190684322837
66121,0.5268107118705263
66122,0.3252513575814793
66123,0.5042065729592287
66124,0.520511745034299
66125,0.5261811116749066
66126,0.5222175736711671
66127,0.5193287985173218
66128,0.49023586232239547
66129,0.5194141476193215
66130,0.48091957621329845
66131,0.553673521357172
66132,0.5327140634430328
66133,0.5137316762084027
66134,0.5266410939648365
66135,0.4994262338160987
66136,0.6600481586263087
66137,0.47677393588539146
66138,0.4876363400868262
66139,0.49765305383802655
66140,0.4761851848235748
66141,0.5035135430262254
66142,0.49233206391546563
66143,0.47641980466254913
66144,0.4800150652816248
66145,0.5319556935453
66146,0.33730557387117227
66147,0.5100822405148533
66148,0.5222103350312358
66149,0.25402700857703214
66150,0.5257034982338639
66151,0.4996938068367644
66152,0.515160648929596
66153,0.4679948257881278
66154,0.5611514078281103
66155,0.524915543415152
66156,0.48287657804941736
66157,0.5106399173350252
66158,0.49588728645705243
66159,0.5342457436193919
66160,0.4919866290526131
66161,0.49418661667144764
66162,0.5069483784116053
66163,0.47583375715064696
66164,0.4635353821597037
66165,0.4825407456585923
66166,0.5376117764212038
66167,0.5285649590126296
66168,0.5089813902787723
66169,0.5228717566509484
66170,0.5238955484933668
66171,0.522304813448484
66172,0.5318787064747893
66173,0.4785692227224113
66174,0.5304887984092523
66175,0.5080948575303376
66176,0.5019638356698981
66177,0.5406925160015876
66178,0.5018251009501178
66179,0.5360703998944466
66180,0.5147802498349666
66181,0.3269290314381219
66182,0.5056489989370713
66183,0.4757672707512598
66184,0.46343785789896746
66185,0.5134799788362309
66186,0.5169460016569195
66187,0.479435558242695
66188,0.40809231148867997
66189,0.5081416180197252
66190,0.2804540535793254
66191,0.5230271219121779
66192,0.5374553432121202
66193,0.4976654409870337
66194,0.4619170656363706
66195,0.5169799423362798
66196,0.45676369595928695
66197,0.48674774789688074
66198,0.48528054737607484
66199,0.5003561369486939
66200,0.5348279141529252
66201,0.5221329799080173
66202,0.5081324638216795
66203,0.5174526864488764
66204,0.5142803626167753
66205,0.526324762795379
66206,0.4937552289409934
66207,0.5261407363607246
66208,0.5388339823941123
66209,0.4937966603734795
66210,0.5046530045536068
66211,0.4846761651440831
66212,0.5160010072076652
66213,0.49578068942037495
66214,0.4488857819196893
66215,0.5288503418700048
66216,0.4783234986845985
66217,0.4469507045556804
66218,0.49677669435909555
66219,0.5332538654763139
66220,0.31921985280353354
66221,0.535330440938716
66222,0.5206272637267084
66223,0.513410988738459
66224,0.5013625090864866
66225,0.5104087227741537
66226,0.4837722892898882
66227,0.5181519673603818
66228,0.44696395851837056
66229,0.4977559563252415
66230,0.4481951435367655
66231,0.486091310230686
66232,0.5352847702063784
66233,0.4956555318354849
66234,0.5291277365303025
66235,0.536383446079995
66236,0.5299864352137945
66237,0.5084068363921843
66238,0.455927876533996
66239,0.4933805163905191
66240,0.49426715013076267
66241,0.4723353906379802
66242,0.5354068008891962
66243,0.4941974492015864
66244,0.33751904380717485
66245,0.5546352782233068
66246,0.40372899416369673
66247,0.5157077460524971
66248,0.47999714378794783
66249,0.5307368201732381
66250,0.5118645602176188
66251,0.5306925244454715
66252,0.49225353963911944
66253,0.44391024429047443
66254,0.49908185648868436
66255,0.5282426604198075
66256,0.5315717073321223
66257,0.34923410850973147
66258,0.4857481716427936
66259,0.5064993771425347
66260,0.327698920097376
66261,0.5223754747928886
66262,0.49307337111678035
66263,0.5261862936229629
66264,0.4894291179216971
66265,0.530376312219544
66266,0.4937878740664935
66267,0.5297297493841834
66268,0.5241482959510377
66269,0.5294250206247515
66270,0.512834503588917
66271,0.5194710692625827
66272,0.47752572417663003
66273,0.4962301413150883
66274,0.478452507790691
66275,0.5349681860043378
66276,0.46588441896660693
66277,0.49957718704196186
66278,0.2965657861205492
66279,0.32776263882380985
66280,0.4621778049446999
66281,0.4837714248748406
66282,0.5086504612713143
66283,0.518773407382873
66284,0.4707081084563074
66285,0.48561333636015686
66286,0.4910311718869677
66287,0.5480890196065822
66288,0.500189569754226
66289,0.5298478599058603
66290,0.29437032039190797
66291,0.5012918852315871
66292,0.5033760145250665
66293,0.4837635938160101
66294,0.5095863263522395
66295,0.4733725130901995
66296,0.49304063697076234
66297,0.5338298144326682
66298,0.5073911622564744
66299,0.541826524143882
66300,0.5183032539203365
66301,0.5151904576461505
66302,0.4941134375258786
66303,0.49948299510767497
66304,0.5101976318069489
66305,0.4603723910247733
66306,0.5031962587530993
66307,0.5326973012656667
66308,0.5131091157031298
66309,0.5335715199979428
66310,0.5219394007601893
66311,0.5186809517437168
66312,0.5194512982471315
66313,0.4978356909289009
66314,0.4942687672003287
66315,0.5006274847918465
66316,0.5076730197168349
66317,0.5511284908686199
66318,0.5107890094853107
66319,0.5532641145013839
66320,0.5299257833918596
66321,0.421244191621614
66322,0.4664620709404679
66323,0.49183643861121773
66324,0.5382977454021007
66325,0.48815785893202934
66326,0.5261886339357501
66327,0.5572199581937078
66328,0.48023473681321727
66329,0.5046860365155407
66330,0.529009307801786
66331,0.49669594415975493
66332,0.48184866881961985
66333,0.5188264588363221
66334,0.5206718816669585
66335,0.5375652023996962
66336,0.49836088913399007
66337,0.4847231015865812
66338,0.4692208096349755
66339,0.4871224625332759
66340,0.5298807143399368
66341,0.4567646466812941
66342,0.5038768836338479
66343,0.5092880062165706
66344,0.5288638297488958
66345,0.5273174592610316
66346,0.48476374260417304
66347,0.4893465860373157
66348,0.5018596609057863
66349,0.5084425610458464
66350,0.465958119698824
66351,0.5247862948331352
66352,0.5281720600468826
66353,0.47129199319567083
66354,0.3115958021209122
66355,0.5113242124692853
66356,0.5066807264619263
66357,0.5355503419235128
66358,0.34646664589856874
66359,0.4984919870290291
66360,0.5440465864013545
66361,0.49512514429406795
66362,0.5152681448128298
66363,0.35603602745077967
66364,0.4739897765658645
66365,0.5024389767158913
66366,0.4884719257198991
66367,0.5166880624439749
66368,0.5401341204315004
66369,0.5593620471009868
66370,0.5082777895018166
66371,0.4882787827699141
66372,0.4937322161338721
66373,0.5071767614929578
66374,0.508830655046835
66375,0.5105419186582156
66376,0.5277094570663489
66377,0.5341750178885208
66378,0.535426370056551
66379,0.26711020274614605
66380,0.4912369260157747
66381,0.46330651896023844
66382,0.444820844726106
66383,0.5336422896975161
66384,0.5019906484681171
66385,0.5001988481547158
66386,0.5255784701529723
66387,0.539312110836811
66388,0.4800604815336783
66389,0.4851049406320581
66390,0.47341517187340676
66391,0.48084394704186106
66392,0.5408334514467898
66393,0.49348028584619574
66394,0.5151113186615466
66395,0.4269726287605349
66396,0.4593270404529664
66397,0.4859644438711358
66398,0.491024242874506
66399,0.5389357438551048
66400,0.5151701908138948
66401,0.4707046377899814
66402,0.4838868985151607
66403,0.4918888476835731
66404,0.5224680798826619
66405,0.4728372512279849
66406,0.4424874443433376
66407,0.48235332250125756
66408,0.4720198828087397
66409,0.5062612804962848
66410,0.5186891294755208
66411,0.4963060231161026
66412,0.4863022573923487
66413,0.5459868381530842
66414,0.5073335377140569
66415,0.33365246713252994
66416,0.5369129862387959
66417,0.49541106872454116
66418,0.5095708678761189
66419,0.5234709766513098
66420,0.4983691817851201
66421,0.5060977213632927
66422,0.512665835636679
66423,0.514366728447801
66424,0.5406147588021675
66425,0.48930692058860664
66426,0.5291451567818277
66427,0.5319737169685274
66428,0.5156239214698124
66429,0.5008814411407331
66430,0.5048269223292573
66431,0.4879942826291363
66432,0.44255487043573755
66433,0.530362926723198
66434,0.5499269788747077
66435,0.49977906243680276
66436,0.5027582305160878
66437,0.5081283654100408
66438,0.5217060337435924
66439,0.5197272215217072
66440,0.5163811304114826
66441,0.4688114291603097
66442,0.3444698026899808
66443,0.521385718462339
66444,0.524772577751387
66445,0.5215376249915166
66446,0.5149804777840102
66447,0.5031090436964437
66448,0.27864978895197884
66449,0.5197601877247637
66450,0.5125539723616223
66451,0.5298472875565619
66452,0.5077787333447813
66453,0.5134961031264804
66454,0.48724658673515764
66455,0.5149564478951384
66456,0.5055471111473963
66457,0.5181135441570293
66458,0.5193685604742708
66459,0.49617535362959575
66460,0.5310314019462137
66461,0.484521424388546
66462,0.5191964157785667
66463,0.4871278211397112
66464,0.44511713588159796
66465,0.5412331404415781
66466,0.69456075830321
66467,0.4802615084785333
66468,0.5044542635094119
66469,0.5255429618796311
66470,0.5041039930467086
66471,0.48415691637364644
66472,0.5300096255900443
66473,0.5069498715655149
66474,0.5279908196906483
66475,0.532216597574338
66476,0.5268417916040007
66477,0.5087076179341983
66478,0.5197249467708606
66479,0.2878703094505999
66480,0.4790913261786345
66481,0.5230612248968847
66482,0.48665234584284256
66483,0.4729919672028902
66484,0.49923562711494923
66485,0.5404361105197161
66486,0.5285635149815074
66487,0.5193345729333835
66488,0.5548429733529242
66489,0.527048520144689
66490,0.5228762628189897
66491,0.5136841536376358
66492,0.510231435223159
66493,0.47868059222025144
66494,0.5320376281645673
66495,0.5288423077398543
66496,0.8054332395728566
66497,0.5124645751055037
66498,0.5269404013430256
66499,0.5274018354197709
66500,0.5232131072910876
66501,0.5117848749085588
66502,0.4978260140776575
66503,0.4829735472204518
66504,0.4269267052716655
66505,0.5053345540590133
66506,0.4884356372435027
66507,0.4718343718228123
66508,0.5047738996812244
66509,0.5014814454795331
66510,0.5229431527780602
66511,0.5065909666049495
66512,0.5234321193408327
66513,0.5163399841205404
66514,0.5039398399152286
66515,0.5167380581614656
66516,0.5341053366599071
66517,0.5198753149963363
66518,0.5328981387890294
66519,0.47353610780303323
66520,0.48965018755963685
66521,0.49411635980166424
66522,0.5105975812605363
66523,0.5389526414659705
66524,0.5096385170596198
66525,0.5441821344681883
66526,0.4850449668505079
66527,0.5118185681517471
66528,0.5039359779723374
66529,0.49219637115591414
66530,0.5169728754168798
66531,0.5190710427213107
66532,0.5326352392022518
66533,0.532520206384682
66534,0.29508115165477317
66535,0.4654991217135978
66536,0.5802256638875934
66537,0.3476522200522207
66538,0.4772322605422053
66539,0.5210523727384391
66540,0.5059552183810156
66541,0.49634686120224053
66542,0.5053427626088842
66543,0.5258904674408587
66544,0.46100073157721355
66545,0.5124108997387427
66546,0.4858744307342608
66547,0.5388751269346004
66548,0.5210289173516832
66549,0.517475350209798
66550,0.48623753052803464
66551,0.49942912931443456
66552,0.5236850980487614
66553,0.5031046014056831
66554,0.5101622859499445
66555,0.4977640080096453
66556,0.5105048618904003
66557,0.5263431313858248
66558,0.5010990726939938
66559,0.529643458624011
66560,0.5089900546273743
66561,0.534304888508681
66562,0.5250034256865086
66563,0.5086331314847523
66564,0.5338314520252695
66565,0.4958129688569073
66566,0.5228439029194873
66567,0.35709740236322035
66568,0.4610817178772776
66569,0.44470583739239067
66570,0.49546715600306784
66571,0.5220273768376067
66572,0.5031094453813024
66573,0.5077054225628351
66574,0.5135607497666946
66575,0.2489587274691834
66576,0.498569188341989
66577,0.4865325260487605
66578,0.5460528032050376
66579,0.5082889032879979
66580,0.489921973370994
66581,0.4506064701731253
66582,0.5316198881634324
66583,0.5233599846839623
66584,0.7321712478500709
66585,0.4660309804325875
66586,0.5573045594590741
66587,0.5024950971689736
66588,0.48519759138948815
66589,0.4631628086132064
66590,0.5394067950060708
66591,0.49398193940660534
66592,0.5492954996455476
66593,0.5388539923629402
66594,0.518710667470579
66595,0.4402501302858745
66596,0.48850474223473656
66597,0.5223446264028373
66598,0.3935870685178587
66599,0.5093300892424649
66600,0.48152559978652243
66601,0.5088671983621043
66602,0.4956573845558321
66603,0.5173169355954196
66604,0.4920494815229522
66605,0.47303609270930363
66606,0.46976117330745965
66607,0.5129518044428428
66608,0.5360373855841472
66609,0.46767412756102894
66610,0.46973167411392164
66611,0.512312220880168
66612,0.4939226605168858
66613,0.8167269277352674
66614,0.4805495112341482
66615,0.5164996089676477
66616,0.5386952936140297
66617,0.5122256121419129
66618,0.5137356529490765
66619,0.5104245785122744
66620,0.5083294598261827
66621,0.5106854880014516
66622,0.529851097884426
66623,0.5492660036849356
66624,0.526044960049034
66625,0.5453021785936705
66626,0.526068283438339
66627,0.5055049897289181
66628,0.5220874964388675
66629,0.5178549956047417
66630,0.5229819276589341
66631,0.5284397359397437
66632,0.5115426540198629
66633,0.47109117517186905
66634,0.6671765071311494
66635,0.45296979155487427
66636,0.4671932703072285
66637,0.5274446923972468
66638,0.518239326535219
66639,0.28559874875804386
66640,0.4943377405628229
66641,0.31780764305974374
66642,0.5228152414370428
66643,0.5361190104511112
66644,0.5014690021499634
66645,0.5014803924079118
66646,0.5270986435653139
66647,0.356799799729657
66648,0.4399972994297165
66649,0.48653638646389696
66650,0.5080982633454708
66651,0.525915985283076
66652,0.49834403736955835
66653,0.5082686645168237
66654,0.49752904959565464
66655,0.5040431586607086
66656,0.5410672072261222
66657,0.4982532603255524
66658,0.5203026621470125
66659,0.5318284142621401
66660,0.5165956603156294
66661,0.4925463960197002
66662,0.5189967375850767
66663,0.503263105602805
66664,0.44382637250311663
66665,0.31121336733354216
66666,0.5232565474405645
66667,0.5256351490175396
66668,0.4900372118011538
66669,0.5067580802343319
66670,0.4374968849338292
66671,0.5133197131959836
66672,0.4664218541520936
66673,0.47034033133432457
66674,0.48080119531800297
66675,0.4364441688634966
66676,0.5310859419968132
66677,0.5269592433542981
66678,0.49932547742836053
66679,0.5136908861097035
66680,0.5186342725170621
66681,0.48978102318092614
66682,0.48653579877071673
66683,0.5399954048739772
66684,0.5348934872758744
66685,0.4765731406513985
66686,0.5455699610131045
66687,0.5077515676007336
66688,0.4736335883447963
66689,0.4662459536067839
66690,0.5257116074504088
66691,0.4913120561994171
66692,0.5055856985762379
66693,0.5386511420364426
66694,0.5054711469913094
66695,0.4416739909709761
66696,0.4459547133522223
66697,0.5209350729399855
66698,0.49926168165326024
66699,0.571162328755571
66700,0.5018342831896447
66701,0.28548709882801476
66702,0.5331222987902933
66703,0.4990307958128064
66704,0.5326982676357679
66705,0.4983260114601458
66706,0.5076162343532555
66707,0.4342671935273747
66708,0.5155805285627557
66709,0.4698313949777049
66710,0.4850058071708513
66711,0.5236578696298543
66712,0.5196602451162252
66713,0.5199834616459613
66714,0.5403231896652528
66715,0.49504511136193136
66716,0.5068164676518682
66717,0.5315004221288437
66718,0.383374467784508
66719,0.5128887614609896
66720,0.499654393867285
66721,0.5314047658649435
66722,0.30508540176578963
66723,0.4363177163257615
66724,0.4790258894147005
66725,0.5255643001910193
66726,0.4812994802033532
66727,0.5482409246855905
66728,0.5203019364828926
66729,0.4724965106762758
66730,0.5275799055307143
66731,0.44121073205387823
66732,0.5122399212100899
66733,0.48328374627389176
66734,0.4782731302988998
66735,0.5060099943555605
66736,0.5095791182785254
66737,0.530002724011466
66738,0.5262213116174216
66739,0.5207224227476606
66740,0.5349646467609398
66741,0.4799385754853874
66742,0.4967280570584344
66743,0.4863282797862163
66744,0.45836838390670614
66745,0.5012528967875068
66746,0.4339802748904723
66747,0.4969678820929646
66748,0.47933057754658354
66749,0.4899857863611041
66750,0.28627488676806956
66751,0.5097508400825402
66752,0.5166167918973507
66753,0.5367419254807733
66754,0.26932486625810836
66755,0.2709006399172181
66756,0.512358695801956
66757,0.5174080023611913
66758,0.5221594149302176
66759,0.48545832934752553
66760,0.5375265441610061
66761,0.5210129190520261
66762,0.48648143469494454
66763,0.4834648864305346
66764,0.737520508715203
66765,0.5411610313263534
66766,0.4932331520504021
66767,0.505820618073575
66768,0.5071544463195938
66769,0.5304269633455505
66770,0.462460440732731
66771,0.5322021732951631
66772,0.4745429570815075
66773,0.46696288199497016
66774,0.5350355561941207
66775,0.5366820571896611
66776,0.5457781903308031
66777,0.49244941610258297
66778,0.44531157095174534
66779,0.5131012722863884
66780,0.5148420211557078
66781,0.47873935120781047
66782,0.4852898667632412
66783,0.462298864726695
66784,0.5351730489527236
66785,0.509733439970586
66786,0.501391801696781
66787,0.5278844932184529
66788,0.5227511826970509
66789,0.5267886060754168
66790,0.5274072834519663
66791,0.29511225940488
66792,0.5133127011551128
66793,0.4894369091835645
66794,0.5392482161357739
66795,0.5050332219470023
66796,0.5261635746533327
66797,0.708301460116792
66798,0.5189524445167112
66799,0.5284844346187847
66800,0.5217523033094741
66801,0.5417561502961311
66802,0.4848328198426495
66803,0.42977479984431083
66804,0.5379979880477757
66805,0.5175616547692586
66806,0.6655227075540301
66807,0.289445482229006
66808,0.5340571589399381
66809,0.5188164399010026
66810,0.42896326526786566
66811,0.5060966264320319
66812,0.5048685120542076
66813,0.5301839887233039
66814,0.44687865497503515
66815,0.5155286611806661
66816,0.3026342767071691
66817,0.4681467683165964
66818,0.4911421918531973
66819,0.5351914667485925
66820,0.4743289053857213
66821,0.5071950676521138
66822,0.4955822484018283
66823,0.4916898828498155
66824,0.5094490790515505
66825,0.4822867941608941
66826,0.4933120200652585
66827,0.49718774417232553
66828,0.5431645677194371
66829,0.47153951888721596
66830,0.2793676279861118
66831,0.5303633508732606
66832,0.5429943802782223
66833,0.49894868849375085
66834,0.5013925698997471
66835,0.4943154023495384
66836,0.5141615094727843
66837,0.4919532046865078
66838,0.49907370713535193
66839,0.4505054071389604
66840,0.30912911309567015
66841,0.35350677454463597
66842,0.5172334792640638
66843,0.2571604827545066
66844,0.5450439100002622
66845,0.481133201058107
66846,0.3292249115194587
66847,0.5557645036528043
66848,0.5269212248206675
66849,0.49383061128495154
66850,0.510173023500304
66851,0.505765405879072
66852,0.514394606875171
66853,0.5160489337772626
66854,0.4973263582592031
66855,0.4642841547599078
66856,0.49964576976916636
66857,0.4945435952397611
66858,0.5120035565125468
66859,0.4821897590613279
66860,0.5229155256605271
66861,0.5004810236581215
66862,0.2658900841714743
66863,0.5140421474190635
66864,0.5002596536665427
66865,0.5459698717379435
66866,0.5107033813931013
66867,0.5021618702416862
66868,0.5294343140553188
66869,0.4404324092796319
66870,0.47837787551813754
66871,0.5219142546157488
66872,0.5370101276291033
66873,0.5349044415306431
66874,0.5407731957589088
66875,0.46127856663282474
66876,0.5112721882676159
66877,0.4949775295260574
66878,0.47175176555719706
66879,0.6354467523383281
66880,0.4972508915262997
66881,0.5183719532924077
66882,0.44167265046844156
66883,0.5072468384911258
66884,0.498708260516483
66885,0.5005601337990435
66886,0.5379427813756946
66887,0.48709300049811544
66888,0.5020180186331749
66889,0.5217280893558088
66890,0.5371661196533933
66891,0.5043518513898738
66892,0.5037455426258053
66893,0.5129180640179825
66894,0.5095644033965324
66895,0.5021693316126705
66896,0.5037530167924422
66897,0.4812727159903012
66898,0.3353695957332685
66899,0.4880548702231778
66900,0.517960766065945
66901,0.5114926587684606
66902,0.27174001421346855
66903,0.5389606777647162
66904,0.47662928749966565
66905,0.34438019824732163
66906,0.4922076443722355
66907,0.5412527833835663
66908,0.30334223630201096
66909,0.48961316780575875
66910,0.5225502963036918
66911,0.3014090741519078
66912,0.2825220543768093
66913,0.5484883947438953
66914,0.5076676184790339
66915,0.5149650344288811
66916,0.4948183832160606
66917,0.4991005182341715
66918,0.4576206134497023
66919,0.5071841312958258
66920,0.4812141697373195
66921,0.5175259951513208
66922,0.5178226172633256
66923,0.4728325564386877
66924,0.495648489792868
66925,0.4907336177287505
66926,0.5135947873153226
66927,0.49496990203120095
66928,0.49265308412944253
66929,0.48383417611096624
66930,0.5139885107791827
66931,0.5110688494844479
66932,0.5037849455553369
66933,0.5309926150409988
66934,0.5377728321734123
66935,0.46220487408959754
66936,0.47473537905472535
66937,0.5331176404277864
66938,0.5143203123651718
66939,0.4767767251652175
66940,0.5225903419628504
66941,0.48602022518290566
66942,0.4326988994230609
66943,0.4881704614789862
66944,0.4921870950791053
66945,0.5300910735517715
66946,0.5155374651805116
66947,0.4754747993484863
66948,0.21864935270219144
66949,0.49845008208448705
66950,0.5060315671533097
66951,0.5124116736945651
66952,0.49962015001952503
66953,0.5077766466809698
66954,0.4861785612270953
66955,0.507762948000311
66956,0.4876144979190458
66957,0.45737242594831873
66958,0.5098254874436411
66959,0.5094603364008201
66960,0.5009612898881626
66961,0.5358497061802728
66962,0.4969376260716963
66963,0.5293246207436981
66964,0.47898140313368526
66965,0.48993126547209703
66966,0.5017442831634791
66967,0.500460259082312
66968,0.5323578184226341
66969,0.5193707945174264
66970,0.5095703121790903
66971,0.5060990074608628
66972,0.49895940898931695
66973,0.33005860773492324
66974,0.528335143238874
66975,0.5201551409054816
66976,0.4874707569997996
66977,0.4937142783381892
66978,0.5062822129859856
66979,0.5264520997509508
66980,0.5054990746986272
66981,0.5044233489411509
66982,0.5305104486021812
66983,0.5113927028945068
66984,0.5171710296738928
66985,0.26970239291654263
66986,0.3566184194139338
66987,0.5009168841869739
66988,0.49343376825961066
66989,0.27072812781181516
66990,0.46789670911876613
66991,0.5136585422394153
66992,0.33424455618135235
66993,0.5265011665733176
66994,0.4997576489575138
66995,0.5457108255993396
66996,0.5015712327553424
66997,0.47010435048825094
66998,0.4932139760635381
66999,0.5213166367049511
67000,0.4984185228738857
67001,0.5263523260751999
67002,0.5234971112073279
67003,0.4769309092815949
67004,0.5166209672600031
67005,0.5011777779057606
67006,0.5343777847403218
67007,0.7977491477854747
67008,0.47460501656585347
67009,0.4838690048365442
67010,0.3611316562335802
67011,0.5085970807545692
67012,0.498944905518074
67013,0.4979785200931347
67014,0.524206771392431
67015,0.5039839607386404
67016,0.5365248497341678
67017,0.5093314984102454
67018,0.7536007780028159
67019,0.5131081923038964
67020,0.5194404611400971
67021,0.5294309520508109
67022,0.5328357484359005
67023,0.5325277633253067
67024,0.5066986272471016
67025,0.3004437590698513
67026,0.34178304484081967
67027,0.4858053139703557
67028,0.4577394542940425
67029,0.5339393740994305
67030,0.5201658061376347
67031,0.5421172111557099
67032,0.4965696848042989
67033,0.594294560331885
67034,0.5089389619916236
67035,0.5212837454442173
67036,0.5255978511453944
67037,0.5241077793506377
67038,0.49363417309868546
67039,0.480560681084837
67040,0.5152062846301514
67041,0.49100633317891385
67042,0.5417645932945732
67043,0.5261773420563598
67044,0.5017475057522588
67045,0.18459989266829088
67046,0.49410696008312127
67047,0.4809495155010318
67048,0.5310831767831106
67049,0.49258570059259743
67050,0.5252292385503293
67051,0.48718603448708087
67052,0.5144289802641326
67053,0.5222121105302421
67054,0.5093619528098277
67055,0.5137712496524655
67056,0.4995273789843997
67057,0.4942154982125475
67058,0.5329849146149311
67059,0.5085056805537695
67060,0.5125900184598684
67061,0.5130885339816047
67062,0.5261972577288389
67063,0.4712054317863261
67064,0.8020712645353242
67065,0.5224089018040726
67066,0.5153112578099428
67067,0.48233329169064404
67068,0.5193897500241773
67069,0.5188373462296733
67070,0.5127279226081025
67071,0.49054659247800425
67072,0.5065939232879301
67073,0.5220666297174953
67074,0.527958511656653
67075,0.5186161145151439
67076,0.4854689532997091
67077,0.5150888394353701
67078,0.5113007740035804
67079,0.4943755657195478
67080,0.5295380465170083
67081,0.4489139365088254
67082,0.5195193144149295
67083,0.5145871182069752
67084,0.5045943653509325
67085,0.5066725650080981
67086,0.5192649390589864
67087,0.5423065240636538
67088,0.5059974216941123
67089,0.5385893661194923
67090,0.49583112894557324
67091,0.49956248492410754
67092,0.46371703136000764
67093,0.5177271925419734
67094,0.5179142273362713
67095,0.28708717551128543
67096,0.31653154805706185
67097,0.4590288449516586
67098,0.5146266945117027
67099,0.5126954815355537
67100,0.5415426274965839
67101,0.49926558243646224
67102,0.5279079341262719
67103,0.524310541938642
67104,0.5040569159798094
67105,0.5098315331222726
67106,0.4996150860092412
67107,0.5429665897128726
67108,0.4942596077594471
67109,0.28173363760615827
67110,0.294250632177467
67111,0.5409302904484494
67112,0.355861790448763
67113,0.5335072440347746
67114,0.4989674625836808
67115,0.46847145995016076
67116,0.4007330083890221
67117,0.46912376606619594
67118,0.462736630006672
67119,0.4520744213219077
67120,0.47984318268814735
67121,0.4991135377999273
67122,0.48462404892233707
67123,0.5171526571873661
67124,0.5272840295553491
67125,0.49097941205098944
67126,0.5289342706716766
67127,0.5046912534598388
67128,0.47751317770465845
67129,0.5368750320177328
67130,0.5071524756058329
67131,0.5121902962920293
67132,0.5150325704876618
67133,0.28903326038737737
67134,0.501818862426354
67135,0.5219651267675022
67136,0.5281540061158211
67137,0.5268565495251185
67138,0.5370487278868249
67139,0.5114748101868006
67140,0.5158610517562346
67141,0.4539230026135021
67142,0.5013643065148191
67143,0.5180072158757525
67144,0.5155566740816712
67145,0.5085041807764586
67146,0.3558035009790038
67147,0.5038652856568874
67148,0.5030873029359804
67149,0.523398412433296
67150,0.5092885136470827
67151,0.532173354213066
67152,0.5223989932325925
67153,0.5297005585476463
67154,0.5170140426768545
67155,0.3199168095155295
67156,0.5145248087415348
67157,0.47314978811790387
67158,0.35173583737225605
67159,0.5340579959411069
67160,0.48196279756308485
67161,0.5062451387028598
67162,0.5177668157646855
67163,0.4730127664041263
67164,0.4938452681004125
67165,0.527644567481073
67166,0.5185851880875333
67167,0.5225523299431597
67168,0.5162572342573163
67169,0.5205321018948315
67170,0.2885792238706953
67171,0.4311990828055671
67172,0.47845642592729115
67173,0.5128697343965337
67174,0.497638901400153
67175,0.5029513196726125
67176,0.5078098187307846
67177,0.5450887162774221
67178,0.46032895482104547
67179,0.3074814195151756
67180,0.5004578622022955
67181,0.4646040846339465
67182,0.5359232607845555
67183,0.5125786609057676
67184,0.49637187920768977
67185,0.4955662393346545
67186,0.49469365278792166
67187,0.5272249733500883
67188,0.48084256218254534
67189,0.5034995060416968
67190,0.49417869749172655
67191,0.5209085706360981
67192,0.554279984191898
67193,0.5084861606570383
67194,0.5360533411770276
67195,0.49943988968068925
67196,0.5158553362941669
67197,0.49891710791067534
67198,0.30493654101848333
67199,0.5247049611277139
67200,0.510606262412537
67201,0.5130233791259871
67202,0.5201240541694891
67203,0.5142916261048273
67204,0.5152827870569625
67205,0.5122779105524339
67206,0.502524668267447
67207,0.5290448105160513
67208,0.4890392697775882
67209,0.5275254315673447
67210,0.4973731108413564
67211,0.5320746992685453
67212,0.5168160069930116
67213,0.5116893293346135
67214,0.5167389811971674
67215,0.5016894289939843
67216,0.49648884182515823
67217,0.5195089450189387
67218,0.5254052017388833
67219,0.5076350976131575
67220,0.5163056659150934
67221,0.49294265244603364
67222,0.5098262291102031
67223,0.5391993034130915
67224,0.5038430169282212
67225,0.5175716599482151
67226,0.5018777421851324
67227,0.5224456937431515
67228,0.5038875584309719
67229,0.5148620872573979
67230,0.4885494523173881
67231,0.5281291382745059
67232,0.5112675951708883
67233,0.5064613946866529
67234,0.4979887670590172
67235,0.5098976729605513
67236,0.515547827212179
67237,0.5143428375924122
67238,0.5322560999778515
67239,0.47670895732583013
67240,0.47874074957230056
67241,0.5335621265009379
67242,0.5152276740168722
67243,0.4736639303892133
67244,0.5025969278379743
67245,0.5317891406987364
67246,0.2812605352679966
67247,0.5257805758681801
67248,0.5269367331464191
67249,0.5298029148257449
67250,0.4977769854031804
67251,0.49647667535609274
67252,0.5107604210127903
67253,0.5256111216183746
67254,0.4926129057641703
67255,0.5519724644539704
67256,0.5384665988345008
67257,0.49613256907197123
67258,0.49039136021315505
67259,0.5026869370291014
67260,0.5150364430510972
67261,0.5022546455736319
67262,0.4740296997343578
67263,0.3351053935899572
67264,0.512423511709741
67265,0.4910796459462928
67266,0.5158232387666665
67267,0.3733324325853807
67268,0.4810904928523149
67269,0.5207141429167509
67270,0.5064900289503419
67271,0.5366587644383177
67272,0.5114421735590857
67273,0.36371776075219103
67274,0.4958441929913953
67275,0.5367501558717324
67276,0.4964273072399396
67277,0.47784520340742576
67278,0.5247654697826621
67279,0.5532490711803647
67280,0.2607324544169259
67281,0.4523964234473502
67282,0.4751046912523695
67283,0.5326732951714459
67284,0.5230065677888639
67285,0.49112663009095653
67286,0.4332268535591789
67287,0.5081042333903829
67288,0.5068376071802293
67289,0.5201160974059069
67290,0.726047344936532
67291,0.5015567831383348
67292,0.4233525057096467
67293,0.5118890344055861
67294,0.5244722107956514
67295,0.5242048190349576
67296,0.47684420753335405
67297,0.48071266957692804
67298,0.5146449497124135
67299,0.49234455779467345
67300,0.5017929719417753
67301,0.48993178941546145
67302,0.5250091082568688
67303,0.47853761321445
67304,0.5166007394606769
67305,0.4940016250934011
67306,0.5001497982979735
67307,0.44554203905990997
67308,0.5248440644699949
67309,0.5083761345524235
67310,0.5002356366725241
67311,0.5338083339629549
67312,0.5081221048108076
67313,0.4951358193710302
67314,0.448372281981679
67315,0.5015533642442984
67316,0.48347469498731105
67317,0.48133648986459693
67318,0.530089023187534
67319,0.5052918644927655
67320,0.47974173603257264
67321,0.5171499613326199
67322,0.5299336021824788
67323,0.5056862515597524
67324,0.4596015755661216
67325,0.5065826548564847
67326,0.5015596517910087
67327,0.5168891172423467
67328,0.3165116367806432
67329,0.461950484298633
67330,0.49337440954363
67331,0.5002813781055847
67332,0.5180268315971414
67333,0.5255228592959279
67334,0.47203406832521444
67335,0.5195549844720241
67336,0.46813801737806876
67337,0.5152306361204466
67338,0.5154482394034273
67339,0.5042249238158832
67340,0.2694249116622405
67341,0.5245720147437708
67342,0.5332937913245062
67343,0.48260752357362213
67344,0.5277196294143411
67345,0.4858498832781474
67346,0.49597906924451945
67347,0.5000612692796763
67348,0.5335541221701712
67349,0.4996364045043866
67350,0.5150768377224431
67351,0.34899070202426696
67352,0.5002890953680849
67353,0.5053981905424408
67354,0.4855166065782167
67355,0.49427642740969713
67356,0.4815806008230599
67357,0.46458664139515554
67358,0.5174963147060154
67359,0.4971502465505271
67360,0.539078540787153
67361,0.5172920315588015
67362,0.5314430349123943
67363,0.5153585689963452
67364,0.5132053585698826
67365,0.49567259597227653
67366,0.5114157277647354
67367,0.5253378482189894
67368,0.5277577731758831
67369,0.5131383887122495
67370,0.508755509838376
67371,0.49824499664349053
67372,0.5329471708563341
67373,0.4906400197916776
67374,0.5122136601236227
67375,0.5258449751318418
67376,0.4867483259452649
67377,0.5120439815337928
67378,0.47880094953357333
67379,0.45763266929709284
67380,0.5271217288659464
67381,0.49041229098406675
67382,0.5313938868132686
67383,0.5340441812502527
67384,0.549373544422774
67385,0.5177815080708692
67386,0.2666018695763929
67387,0.4960553862173854
67388,0.49182690254288686
67389,0.5525490970553836
67390,0.5083916933052702
67391,0.5285392059422661
67392,0.5340714660920453
67393,0.5252586619071474
67394,0.548298353322176
67395,0.5224293805753074
67396,0.5103110044697934
67397,0.46000038958445033
67398,0.5188903356858725
67399,0.530234211192347
67400,0.501202494105419
67401,0.5307587331928354
67402,0.44973782137781354
67403,0.4719922509729275
67404,0.45825882006782115
67405,0.49863608780796703
67406,0.5348030778057051
67407,0.5172822007933287
67408,0.509234287402173
67409,0.5096922404505284
67410,0.5024866397946133
67411,0.5360691243197784
67412,0.5154413112450676
67413,0.4899548311529386
67414,0.5088562634307852
67415,0.3213476387946905
67416,0.3728113471314254
67417,0.4919414189933692
67418,0.46523464543935206
67419,0.4693054621644539
67420,0.48520966592849957
67421,0.5073681875121927
67422,0.5067820086106737
67423,0.5272343662884121
67424,0.5090290121943634
67425,0.5137568978860996
67426,0.5067271120857669
67427,0.5204386080051693
67428,0.5024246571176653
67429,0.5292827772698447
67430,0.5129663215987486
67431,0.5296334376891463
67432,0.5092732894988053
67433,0.5257781154415944
67434,0.4818056477912523
67435,0.5027968449962729
67436,0.4465826417278251
67437,0.5131770741898248
67438,0.5284501521571322
67439,0.28124646081188226
67440,0.4820536594531517
67441,0.5268652230259772
67442,0.5013447131995703
67443,0.5071116916621433
67444,0.5333821766873412
67445,0.49080762147940876
67446,0.5310061503384932
67447,0.5489288352187559
67448,0.48757996414089755
67449,0.5249515025047572
67450,0.49741926410243364
67451,0.4315373072401001
67452,0.5169175005904701
67453,0.4430139402151276
67454,0.5602442871064659
67455,0.5429155662811016
67456,0.3022754037443514
67457,0.5335442170808424
67458,0.5180774890794013
67459,0.45063064073605913
67460,0.5155328983668886
67461,0.4640433371232835
67462,0.48238687606360015
67463,0.5324356441919732
67464,0.4977829277957827
67465,0.33093235074424776
67466,0.500655907920779
67467,0.5242896694513398
67468,0.4424645540841117
67469,0.5316945328494095
67470,0.29096761014948735
67471,0.5142697114661156
67472,0.5260757068153754
67473,0.5430362721082573
67474,0.5046530402030555
67475,0.5241282054189094
67476,0.5073905556778735
67477,0.5057159747881689
67478,0.5359085931538666
67479,0.5308123631520574
67480,0.5202916989101506
67481,0.5561475463340038
67482,0.5226347265354077
67483,0.3291390354505169
67484,0.5347935691955458
67485,0.5315756485727356
67486,0.4869832451459155
67487,0.5200561025976166
67488,0.5272774436468627
67489,0.5251885999739974
67490,0.4671608087906806
67491,0.5303617628951003
67492,0.5199305181896048
67493,0.5464908252694238
67494,0.4592952981566962
67495,0.49422928495154966
67496,0.26012825408554885
67497,0.5141078275335219
67498,0.4932261545307211
67499,0.5161554277783429
67500,0.5401610141680496
67501,0.5120775680936829
67502,0.469366553270309
67503,0.3631990180220283
67504,0.5171274081021879
67505,0.5326091660882777
67506,0.48793598097360213
67507,0.5056382308115623
67508,0.46858579728468913
67509,0.5051726206879719
67510,0.5541013997529479
67511,0.3441070091219032
67512,0.5106724824212938
67513,0.5262144222978111
67514,0.5235920258632957
67515,0.5199899738872009
67516,0.503745340531817
67517,0.5380920893866059
67518,0.5098042266451365
67519,0.2764448861599882
67520,0.4967256323148009
67521,0.49502730635782
67522,0.5069483541537478
67523,0.4878167489269103
67524,0.5234559744860008
67525,0.5244666375570625
67526,0.5198587449627089
67527,0.5302213958608849
67528,0.4895696439027407
67529,0.5262779453506161
67530,0.530311110020817
67531,0.30840074550764507
67532,0.4711993943800571
67533,0.4949202674890459
67534,0.5465179875159998
67535,0.529024858178212
67536,0.7538723033505752
67537,0.49999344380083405
67538,0.4919152958117465
67539,0.4935499966807297
67540,0.49928969767097037
67541,0.5309451040939193
67542,0.5057792751818245
67543,0.5147349168235401
67544,0.5327917995995866
67545,0.5050706934254895
67546,0.5289076732808125
67547,0.45577085488152297
67548,0.4906695139320599
67549,0.5388063101354885
67550,0.5312879984234428
67551,0.5002850713424921
67552,0.48814753389111637
67553,0.4973048601539573
67554,0.32224914124721404
67555,0.5313280808644214
67556,0.5188992459655952
67557,0.5121606629272362
67558,0.47346040713055443
67559,0.45160490756000465
67560,0.5299137819596605
67561,0.2828151787743776
67562,0.508696284416474
67563,0.49809641826708867
67564,0.5605098789937546
67565,0.26114955779889376
67566,0.514677424619589
67567,0.49134387047345235
67568,0.21894612797386073
67569,0.4922608069348845
67570,0.5219832521456966
67571,0.5306632201501965
67572,0.4945888787530046
67573,0.6407932478300954
67574,0.5229978156317833
67575,0.4973322141515861
67576,0.4822975880165352
67577,0.5481962402810109
67578,0.5183312853234608
67579,0.5378915401509378
67580,0.5147055615014307
67581,0.48930102695504996
67582,0.5418829700647627
67583,0.5232333712278686
67584,0.5435849874180629
67585,0.4792344518551927
67586,0.5153993390111614
67587,0.473368163725718
67588,0.2758964620350366
67589,0.479421648553796
67590,0.5246832468575694
67591,0.4517767415865084
67592,0.30488297832490135
67593,0.5287345621104278
67594,0.4881170338919851
67595,0.5037320071680792
67596,0.5117435315479553
67597,0.529476994144808
67598,0.4700641643043714
67599,0.48387706965366556
67600,0.4862050692357933
67601,0.4967945797618484
67602,0.4441719319747885
67603,0.5322780157529943
67604,0.50211330927413
67605,0.49765479283452785
67606,0.5217690704277897
67607,0.5024327533615388
67608,0.5115181270035752
67609,0.5077429629849072
67610,0.5246013036065711
67611,0.5004943071846081
67612,0.517249793092284
67613,0.5124542033662831
67614,0.5432390433843062
67615,0.4892743998682689
67616,0.5129599092185
67617,0.5250554549857049
67618,0.5286210874391006
67619,0.509623587207297
67620,0.513158631406061
67621,0.4550507469858987
67622,0.34367196281217943
67623,0.5338408906756175
67624,0.5089247352122488
67625,0.5072930741635858
67626,0.6783829062950575
67627,0.5370823169565507
67628,0.5203587513357053
67629,0.5202043746596131
67630,0.49684565762296135
67631,0.47918865012636325
67632,0.5221357046326376
67633,0.5370833513253493
67634,0.5415926618423718
67635,0.4469403314577274
67636,0.5047950900483273
67637,0.35346245714546887
67638,0.5122175563790038
67639,0.4912182940724996
67640,0.4944331619196415
67641,0.5290770745948508
67642,0.5102497108138906
67643,0.6531194418966835
67644,0.49017791447828635
67645,0.5446828001620309
67646,0.5145034261497294
67647,0.5469915150011436
67648,0.4626088459001511
67649,0.48140017002164764
67650,0.49330532897298646
67651,0.5147720989367157
67652,0.528353797163348
67653,0.5145771854638955
67654,0.5260521990288756
67655,0.5106345930513814
67656,0.4988601377830054
67657,0.5224227171728683
67658,0.5058164422544207
67659,0.5428056368837948
67660,0.3788871170262451
67661,0.5032812552490962
67662,0.692408231805014
67663,0.4988071851450779
67664,0.539401760895669
67665,0.5404530734787177
67666,0.5335241026480473
67667,0.5585342397617109
67668,0.5137775214797241
67669,0.5524564170407624
67670,0.49239698910212937
67671,0.49921283514821846
67672,0.5101336347774873
67673,0.45676352399670705
67674,0.5366220841143934
67675,0.46879842051178444
67676,0.513770348131777
67677,0.5985491704581586
67678,0.5213514981186551
67679,0.5022240153298143
67680,0.5026670389559856
67681,0.4898243439327867
67682,0.5153903741105134
67683,0.4703286283930602
67684,0.5243772558890514
67685,0.5284097320536914
67686,0.515613584336634
67687,0.5371656725343321
67688,0.5092496279916185
67689,0.45824638828455755
67690,0.5016057556127451
67691,0.5169833969236931
67692,0.4494510550487337
67693,0.5455376822669769
67694,0.5355687984898209
67695,0.46584091451679743
67696,0.482228206392332
67697,0.524585615001945
67698,0.5424002555719271
67699,0.5230796350377857
67700,0.4798027674167808
67701,0.30707492743150455
67702,0.5036628263029882
67703,0.48708305496465515
67704,0.476682949028377
67705,0.5016992310880968
67706,0.5146677536431719
67707,0.33510546220485865
67708,0.5475325425940747
67709,0.5017387495437824
67710,0.5129638091237015
67711,0.5322677670092151
67712,0.528710327159811
67713,0.5184252996047072
67714,0.45106361682425533
67715,0.49306548415034296
67716,0.27557752256084334
67717,0.5099646254405974
67718,0.536815415034706
67719,0.5069952348775912
67720,0.5101735858967859
67721,0.519574453801642
67722,0.5217530758104297
67723,0.5217895932198899
67724,0.4961392877232718
67725,0.31887140174700757
67726,0.49136523996154613
67727,0.5247646943132808
67728,0.4926051283407333
67729,0.5423871683159912
67730,0.5280936828744215
67731,0.5506811717774938
67732,0.4281941086867309
67733,0.486745138519928
67734,0.5065214805392568
67735,0.45608363880143965
67736,0.4534972522274332
67737,0.49310692144084967
67738,0.26119087352065257
67739,0.2978811100390317
67740,0.4891557715982767
67741,0.5269191954399648
67742,0.5245286748158561
67743,0.5242704047092124
67744,0.5109373130726853
67745,0.26723935547675903
67746,0.4984030236331925
67747,0.5021695940363755
67748,0.489573885626188
67749,0.516632187095374
67750,0.4954797205877606
67751,0.5316753672868701
67752,0.5112451110854154
67753,0.5485001623631113
67754,0.4853978027625818
67755,0.534796800337884
67756,0.5305395344072853
67757,0.49936016109134584
67758,0.5385526731808716
67759,0.5241939105415724
67760,0.5590275899159506
67761,0.5427461779453038
67762,0.49835804573267667
67763,0.5147325533370729
67764,0.5299479578362427
67765,0.4829290687139437
67766,0.5306025154427735
67767,0.5187514425760907
67768,0.2215279988391248
67769,0.5475078543965104
67770,0.518369591588278
67771,0.5398031554599568
67772,0.5153935669904609
67773,0.3449032345570212
67774,0.5063941220534933
67775,0.5148929231520379
67776,0.5221228035058769
67777,0.5341263884648222
67778,0.48162741735878795
67779,0.5210847740638119
67780,0.4862691352851973
67781,0.5088440231835253
67782,0.4657759575283608
67783,0.21457163321612652
67784,0.38076833436559315
67785,0.46278713692233714
67786,0.5071162058467459
67787,0.4945845393683361
67788,0.5202731065374726
67789,0.457858622192981
67790,0.5368167790341797
67791,0.5023266875788583
67792,0.49326236482776414
67793,0.3067517568291049
67794,0.5059756331713274
67795,0.5125795206539205
67796,0.5154077393545058
67797,0.4756369230189442
67798,0.4783410706293068
67799,0.5136967154086456
67800,0.4389586860262785
67801,0.528039496659737
67802,0.7762134229294968
67803,0.4938397795541097
67804,0.47243379926958384
67805,0.5048683577147967
67806,0.46893194042366565
67807,0.4887005030680344
67808,0.506003677034238
67809,0.5142660869189878
67810,0.5251133642680592
67811,0.5082410854012437
67812,0.5156173391982698
67813,0.5128211349704453
67814,0.43378455530944143
67815,0.4894354584746847
67816,0.5245465883123489
67817,0.531046775911236
67818,0.5316569568930091
67819,0.49385791465043966
67820,0.5233688911310596
67821,0.48246065515667036
67822,0.5078386378210704
67823,0.5295986874379437
67824,0.5301160356270327
67825,0.5403494197185966
67826,0.3233945046217945
67827,0.509086772262279
67828,0.5083313928792756
67829,0.5345736297719397
67830,0.5404013953933716
67831,0.500245927435287
67832,0.5357664665245081
67833,0.5136992024367559
67834,0.4834281580369913
67835,0.5186048647053662
67836,0.49616446034379663
67837,0.5243307424009772
67838,0.5163441491211352
67839,0.4903062947588526
67840,0.46027955337970605
67841,0.5304730328486433
67842,0.5204768398502222
67843,0.4660354814204569
67844,0.514631145366226
67845,0.5107982769859574
67846,0.5329077202104879
67847,0.4688691584983896
67848,0.48769010186341805
67849,0.5349158056384664
67850,0.4840252689430554
67851,0.4770147309233331
67852,0.5471639793599437
67853,0.5332838849580304
67854,0.4915644181474497
67855,0.5191425834216009
67856,0.48833505577010755
67857,0.5203496314476233
67858,0.49981589841106405
67859,0.5354141527613941
67860,0.52667094505356
67861,0.5778303969610247
67862,0.500329876582176
67863,0.3206785382846389
67864,0.4836374229928735
67865,0.5102518409181797
67866,0.465942946321565
67867,0.5124638542353738
67868,0.47476631477309605
67869,0.5305843939645113
67870,0.5135845552213437
67871,0.5234220830581876
67872,0.527345371183842
67873,0.49749782683956645
67874,0.4852985368696173
67875,0.4592876701586539
67876,0.5116477553071747
67877,0.5009835213140554
67878,0.552869804476745
67879,0.42741817978611024
67880,0.4815820020404662
67881,0.4907705910329527
67882,0.49962223416221335
67883,0.47236729339561445
67884,0.5185662500007439
67885,0.48600682918259147
67886,0.49758515593074554
67887,0.4934409001747496
67888,0.543835639682289
67889,0.4794216218152197
67890,0.4637417146639608
67891,0.45897795670250857
67892,0.37294209253056676
67893,0.5040677473101073
67894,0.5149129672336255
67895,0.5380907863487735
67896,0.29555100267840756
67897,0.5537026179344124
67898,0.4808280742397412
67899,0.3299494713891905
67900,0.46226684923646816
67901,0.5013010101638006
67902,0.5015801276522328
67903,0.5266613353703279
67904,0.5093242412888668
67905,0.49889950612341133
67906,0.5189423715648039
67907,0.3220715928264729
67908,0.5289082798112893
67909,0.5084247170878511
67910,0.5493083019067583
67911,0.5233775428792017
67912,0.5203336859526301
67913,0.48439482401455164
67914,0.5061103695882341
67915,0.5140273778840851
67916,0.5024282227316653
67917,0.5217951633440966
67918,0.4777170426552445
67919,0.49898160486062315
67920,0.5174469202789451
67921,0.3159600288713009
67922,0.5158714672737462
67923,0.5144567471706545
67924,0.48760497473371206
67925,0.48570571083196445
67926,0.4381896670875152
67927,0.5142311985378126
67928,0.5307050667146606
67929,0.5049678631640718
67930,0.5090726580600126
67931,0.33593823479940693
67932,0.5191926805492131
67933,0.4388838459372224
67934,0.5011107285085903
67935,0.44002551986683874
67936,0.5045050004689015
67937,0.5123201651667783
67938,0.4983219699578264
67939,0.5279300226934287
67940,0.46894507915641914
67941,0.5519872457271927
67942,0.4481726494383658
67943,0.5074722324514342
67944,0.504341975025502
67945,0.5109518383923809
67946,0.5159869262097543
67947,0.4396271874084586
67948,0.5463580474832955
67949,0.5085292078277043
67950,0.49143720346939784
67951,0.45052335018376194
67952,0.4740882508968971
67953,0.5250117413153379
67954,0.524593221730637
67955,0.45970375822160636
67956,0.5400454384758627
67957,0.5064363127048302
67958,0.518766470360559
67959,0.5079905482331414
67960,0.5097742642803028
67961,0.5258696883384627
67962,0.47626737022876353
67963,0.5341035663817495
67964,0.527193149654548
67965,0.4711071898366348
67966,0.4878191609512186
67967,0.5041005003960406
67968,0.5237216604538601
67969,0.49379056228394697
67970,0.5207025120377591
67971,0.4632577879143256
67972,0.5195446533496724
67973,0.5147033942693469
67974,0.5291110194267883
67975,0.4853068888202529
67976,0.5276017618424724
67977,0.4840618923099471
67978,0.49326993079925435
67979,0.4741295080544244
67980,0.5119648029293058
67981,0.42788681914471227
67982,0.48136489285787565
67983,0.35442167288923143
67984,0.5253388396130722
67985,0.44313806321970095
67986,0.5041435819403852
67987,0.48839319444492846
67988,0.4456241045509947
67989,0.5233240059865554
67990,0.43324482926963087
67991,0.3164503395678246
67992,0.4573336180761099
67993,0.47166484400359465
67994,0.5123821356514711
67995,0.3415330860647737
67996,0.5109000663608905
67997,0.5217826531852936
67998,0.49898050384533604
67999,0.5128741145546691
68000,0.49115180503759026
68001,0.49590211409079643
68002,0.5280983125447505
68003,0.7188185903098007
68004,0.4601785022740288
68005,0.5116889204302305
68006,0.5051320252640411
68007,0.5294297135518827
68008,0.5006276069495926
68009,0.22998830446501348
68010,0.4405215407286879
68011,0.5198145122968986
68012,0.48609634201448626
68013,0.5128531772086705
68014,0.5124145707351622
68015,0.4980099630256929
68016,0.31651059335498827
68017,0.5143531457232622
68018,0.49805726677096945
68019,0.483841817012259
68020,0.4723164369146231
68021,0.47069453652830473
68022,0.49303351791385547
68023,0.502737211214666
68024,0.5099207634361351
68025,0.4339534168992991
68026,0.5032711623233124
68027,0.46552099034924105
68028,0.5260415073893833
68029,0.49772481599946566
68030,0.4796758325937152
68031,0.4964484966337552
68032,0.505163323810605
68033,0.4793932552362409
68034,0.4474355299128341
68035,0.4465424686634677
68036,0.5162376979713578
68037,0.48650244078263444
68038,0.5997092117139139
68039,0.4810608871233041
68040,0.5969518217570912
68041,0.4957846340796026
68042,0.5255623287791634
68043,0.2714512607350439
68044,0.4648454210293531
68045,0.5361316743287706
68046,0.49365852847192554
68047,0.46164657185536556
68048,0.29485058433702843
68049,0.49464438490036367
68050,0.5273211576242476
68051,0.5035928994769107
68052,0.5019566244328951
68053,0.4945258240235562
68054,0.5328683139925167
68055,0.27679480108039717
68056,0.5142523886711189
68057,0.5392214933186071
68058,0.5068255031687197
68059,0.2939630694027634
68060,0.5175773339282495
68061,0.5197011645234311
68062,0.5117287072899968
68063,0.5087697244147823
68064,0.5455203354580886
68065,0.5222747070087809
68066,0.5193170312479028
68067,0.5395194911570881
68068,0.5111380730413561
68069,0.4649179671237906
68070,0.5232555934540801
68071,0.5324507982258
68072,0.5138862118796169
68073,0.5210587351722747
68074,0.3344883174467827
68075,0.48677047690957526
68076,0.43842910193790186
68077,0.5123550141117166
68078,0.5030030488988284
68079,0.4908723538121651
68080,0.5295745774382453
68081,0.52546645173767
68082,0.49244017731334055
68083,0.49641154566993767
68084,0.49180561105236364
68085,0.5351412986393684
68086,0.519859248971325
68087,0.4673559774041569
68088,0.5264921542525347
68089,0.4595595355454239
68090,0.30936818251792486
68091,0.5730883277815666
68092,0.5218238397090343
68093,0.47413326674551126
68094,0.47261396595799143
68095,0.5175913560273858
68096,0.49794485060778465
68097,0.5193444418220727
68098,0.48739176686449603
68099,0.4660088400966411
68100,0.5175196410230574
68101,0.5095133766446273
68102,0.452517944699966
68103,0.5325089263328431
68104,0.5085010590160535
68105,0.497416414457904
68106,0.47259268357769785
68107,0.4907746178465849
68108,0.4957855927983841
68109,0.4889275048325108
68110,0.5049930203016213
68111,0.4956882389346776
68112,0.5231179583363085
68113,0.49910013174194556
68114,0.5112010943934681
68115,0.5248142519024532
68116,0.5232794458200283
68117,0.47461961785732126
68118,0.4604217050413352
68119,0.467999390943819
68120,0.49114812568006266
68121,0.503841158661882
68122,0.36548413239968847
68123,0.48524990324140144
68124,0.6341045283071512
68125,0.5252260711016355
68126,0.4999535698111083
68127,0.5190848857114208
68128,0.5255948155816511
68129,0.709522820736097
68130,0.5167592618786329
68131,0.5355314674331498
68132,0.504863410551863
68133,0.5203962147246562
68134,0.501396593288221
68135,0.34274196808566393
68136,0.5192762474400334
68137,0.4462895202442426
68138,0.5197418257412786
68139,0.5096735794055911
68140,0.5028545130269144
68141,0.47939920842449085
68142,0.49594107374100066
68143,0.5220813607959854
68144,0.5147292710690072
68145,0.42398756077259114
68146,0.47443547079975423
68147,0.5238895768712142
68148,0.5168903469509882
68149,0.5075234073536545
68150,0.4921379366778461
68151,0.29947934049283703
68152,0.49820922172788373
68153,0.35445253141593946
68154,0.47918173401246184
68155,0.46840106481265503
68156,0.44581242163087886
68157,0.503149956969856
68158,0.49508674707057854
68159,0.3725381340363767
68160,0.5189409437575181
68161,0.5173287239215614
68162,0.4703030195760448
68163,0.5009680084018528
68164,0.5018086609586966
68165,0.5363455038466693
68166,0.5364792201611671
68167,0.5188555512580693
68168,0.5080097955847204
68169,0.5003730879799716
68170,0.5212540452079842
68171,0.5203457259220833
68172,0.49921229159047403
68173,0.5008592440303626
68174,0.47196371887916583
68175,0.4563852059966122
68176,0.5218479131904089
68177,0.5299848813007516
68178,0.4582676502799192
68179,0.5128219980068591
68180,0.43052377380423806
68181,0.4831248738301493
68182,0.3248484579348202
68183,0.5078579381517417
68184,0.4860349923484526
68185,0.531309307823644
68186,0.527673786953085
68187,0.4999074965375456
68188,0.49544851951112473
68189,0.5005011703574521
68190,0.5366273412167396
68191,0.49676633648324436
68192,0.4863979332195261
68193,0.46262414921407774
68194,0.5250308335126019
68195,0.48170889934174416
68196,0.4783927245161732
68197,0.573256576344576
68198,0.5063694643132454
68199,0.47846751665388704
68200,0.5534304791718405
68201,0.47242615589790243
68202,0.5491655995495185
68203,0.5139976761080435
68204,0.4982276690346863
68205,0.48511851169646397
68206,0.4838072776598876
68207,0.5091879792258739
68208,0.497056737153498
68209,0.44663117563958193
68210,0.5075606335169918
68211,0.509492506582478
68212,0.4755996920471366
68213,0.46527346204824255
68214,0.4964502378389669
68215,0.518049316085893
68216,0.5180238941419402
68217,0.5234611775514264
68218,0.559458598601128
68219,0.5284945118685265
68220,0.5200744322109924
68221,0.5099888069522485
68222,0.49914323045458464
68223,0.5176289339112996
68224,0.519011753012884
68225,0.5180088320847295
68226,0.5055920166899016
68227,0.48979275550209117
68228,0.5477544586760883
68229,0.4832541462109442
68230,0.48636068680330313
68231,0.512407842718982
68232,0.5005164080244716
68233,0.5234098284438077
68234,0.531252191971823
68235,0.4595013779468155
68236,0.5193584293005153
68237,0.4955891281007238
68238,0.4284500795942751
68239,0.5363190882238411
68240,0.4743611812235811
68241,0.4934617184803605
68242,0.5176640097092363
68243,0.5302081084054776
68244,0.4748921129457012
68245,0.5180641608905879
68246,0.49256123049026107
68247,0.5157052924735739
68248,0.5138104581409533
68249,0.518483200928064
68250,0.503246818042849
68251,0.5065451891051687
68252,0.5172793298633971
68253,0.5194347315744053
68254,0.5121199446481385
68255,0.5199560041672345
68256,0.45323729990522693
68257,0.4841186863479892
68258,0.49722735081261793
68259,0.5078573788540887
68260,0.4892775701304006
68261,0.5129584080803539
68262,0.5001983949530662
68263,0.5368461517705434
68264,0.5124677519759477
68265,0.5368970902734616
68266,0.5147665662035918
68267,0.5239098563714837
68268,0.5079360413226501
68269,0.5232855352312811
68270,0.5089154941125204
68271,0.5004412836969147
68272,0.4941099536926361
68273,0.4912471873229661
68274,0.524280290246064
68275,0.4983507814665873
68276,0.5225899364942782
68277,0.5011871759170172
68278,0.47340659555041903
68279,0.48349395864381295
68280,0.4985361580676244
68281,0.3026900265569486
68282,0.46429773315982087
68283,0.545283039273439
68284,0.4917317665401554
68285,0.46168437676049123
68286,0.484089416720956
68287,0.5182955941322905
68288,0.5282683776203493
68289,0.4007552640434743
68290,0.5291847639476636
68291,0.5080975818768831
68292,0.47482627329910176
68293,0.5226281050245533
68294,0.48318363824270194
68295,0.37059981475611015
68296,0.5322744561366387
68297,0.5227200626417404
68298,0.5085820226105582
68299,0.5061277724210016
68300,0.5145398824109423
68301,0.464868883908373
68302,0.4923197031858173
68303,0.5511477977017956
68304,0.49061921313720747
68305,0.5251065453337399
68306,0.4564394098255678
68307,0.4821376111445134
68308,0.5265186905684928
68309,0.508668895689401
68310,0.4626121599338676
68311,0.4448413829599009
68312,0.5121008394275223
68313,0.5089340478684587
68314,0.47740562000192277
68315,0.4780876891429222
68316,0.5050628153468908
68317,0.48137247506109404
68318,0.44885977529165066
68319,0.524546304341095
68320,0.5059614804640482
68321,0.5288757258943039
68322,0.5028408606455246
68323,0.5107172024882458
68324,0.5038016643388651
68325,0.4786869371022323
68326,0.4933570751839594
68327,0.5036057035909686
68328,0.319717099910795
68329,0.49514945932395515
68330,0.4742396304739543
68331,0.4859353459465863
68332,0.5176625780493527
68333,0.5119910336389498
68334,0.3203395349615785
68335,0.5272278961131048
68336,0.5346607669407264
68337,0.5376709176480939
68338,0.47457455524917674
68339,0.5098876564051472
68340,0.5176588468772757
68341,0.5140477704585364
68342,0.49177415332984553
68343,0.4336332909937701
68344,0.2634953711108403
68345,0.4982744929623739
68346,0.507137169893366
68347,0.5251723785579709
68348,0.4879650432857521
68349,0.49788640783290544
68350,0.5272124756153862
68351,0.5265473316713855
68352,0.463599911985145
68353,0.4919432537860146
68354,0.49508100835120666
68355,0.514125526065634
68356,0.4639267072302279
68357,0.5299514944140451
68358,0.49718188717983974
68359,0.5043065904073257
68360,0.4874894686411218
68361,0.3338675023126865
68362,0.5033338003539695
68363,0.47614059062337116
68364,0.48274037945158815
68365,0.5045859204094663
68366,0.5270418949385317
68367,0.43345258037849405
68368,0.31538059904715654
68369,0.4661507665250104
68370,0.5298614973381279
68371,0.5109859231458601
68372,0.5263789326583367
68373,0.4862531677529755
68374,0.4933261764104927
68375,0.5175677800738205
68376,0.5205006254506583
68377,0.5297420399181795
68378,0.5617347132351936
68379,0.5348698006722361
68380,0.5338614206316509
68381,0.49374453570034693
68382,0.5124220140681683
68383,0.5304448628210531
68384,0.5397082149461765
68385,0.5091571571204642
68386,0.5211001151613694
68387,0.5077871735611197
68388,0.4975974121565342
68389,0.4953899325882047
68390,0.5048991426993018
68391,0.48783342387969664
68392,0.48111756809199835
68393,0.5170624456593697
68394,0.7835105216782945
68395,0.49761916530403216
68396,0.4310185534820424
68397,0.4985674621959049
68398,0.5147162306869663
68399,0.4949381434408337
68400,0.5228549052525444
68401,0.5153195455764298
68402,0.4955886279820465
68403,0.5266970441684835
68404,0.4980419973166052
68405,0.4963144783941352
68406,0.46353841373277943
68407,0.5033860666754402
68408,0.5394493965686521
68409,0.5270786695879137
68410,0.5111782658583134
68411,0.5149288968145902
68412,0.497014960523285
68413,0.5279784232840212
68414,0.5297454745805967
68415,0.5069508417491491
68416,0.5356675450258956
68417,0.5314939395625885
68418,0.5048421152398465
68419,0.5232874004395965
68420,0.5090608528021028
68421,0.5272381724737039
68422,0.494308181986552
68423,0.48808122539177334
68424,0.4615428763097907
68425,0.504017434428176
68426,0.49363591657378925
68427,0.49254644703066497
68428,0.49891181680892427
68429,0.4852003928393041
68430,0.4741813521223887
68431,0.5134973368274088
68432,0.520272868300848
68433,0.5349340083382732
68434,0.48509575113982606
68435,0.5064960691830279
68436,0.5146328096264976
68437,0.5268991277635029
68438,0.48541763688012113
68439,0.5357719268007112
68440,0.5159858311104678
68441,0.4976733690238513
68442,0.4853892015348108
68443,0.4802062148875282
68444,0.4557738883098739
68445,0.3287171279521755
68446,0.5160214041115181
68447,0.5256660751970013
68448,0.49033911873454755
68449,0.5057083087707454
68450,0.5202089226616033
68451,0.5144129539458284
68452,0.49207407468662795
68453,0.531410510855617
68454,0.5082995863757668
68455,0.49766425091280725
68456,0.46345801865702674
68457,0.5197282570825049
68458,0.485139694514879
68459,0.3093410100681649
68460,0.5029285571604851
68461,0.513079743826637
68462,0.28676043058253053
68463,0.502110648634046
68464,0.43864710094857157
68465,0.4488182828128539
68466,0.5392638383906612
68467,0.5020956595625318
68468,0.5090798475579352
68469,0.49865567700711155
68470,0.34515490429710466
68471,0.46254444710602227
68472,0.46289544547984957
68473,0.5417793782081727
68474,0.5242621384731609
68475,0.48049368535883874
68476,0.47302765075014397
68477,0.4935593397468114
68478,0.49319600867913527
68479,0.47920029305968403
68480,0.5429517902847018
68481,0.4894190671476159
68482,0.5120240166512027
68483,0.304814173984904
68484,0.4702788254514619
68485,0.49123538082393897
68486,0.5082267883235746
68487,0.5429812213616649
68488,0.5069739082224514
68489,0.5268236049753703
68490,0.5049193748103549
68491,0.3498421267433527
68492,0.4986231729764945
68493,0.35008132303182243
68494,0.49387214209185626
68495,0.4270938243833198
68496,0.47936733327394443
68497,0.5186293796211678
68498,0.4799360371124226
68499,0.5337891885449945
68500,0.5194768834158016
68501,0.5412529911271873
68502,0.498336119059927
68503,0.49327038475940904
68504,0.5816043877104413
68505,0.49021200858619224
68506,0.5350284127366928
68507,0.4999147392333408
68508,0.5134459069972575
68509,0.490665826020772
68510,0.5920158121866982
68511,0.5370711239428504
68512,0.5145336813644916
68513,0.521629502970049
68514,0.5280113185948638
68515,0.44744200671924567
68516,0.4688722152642114
68517,0.4921587566422517
68518,0.5128863188852446
68519,0.49006294386852645
68520,0.5101937800764692
68521,0.49639558551530316
68522,0.4703453475452392
68523,0.5051653904600185
68524,0.41611471750705775
68525,0.4955620920060785
68526,0.5430514215989841
68527,0.4892453279394534
68528,0.5359345233013542
68529,0.49480963212154405
68530,0.49638468679279085
68531,0.49550904023093284
68532,0.5135485913206709
68533,0.5005158822267619
68534,0.4509707514261287
68535,0.5328729057857109
68536,0.7959118885776205
68537,0.492951023526512
68538,0.5070932986287265
68539,0.4947230667093405
68540,0.4839370853116917
68541,0.5054746607165821
68542,0.5100929145914627
68543,0.5125531788693695
68544,0.5026481422043835
68545,0.5141597825831239
68546,0.519509362744995
68547,0.5095568815782276
68548,0.5184872637850985
68549,0.49264238825233586
68550,0.4632551025230312
68551,0.5339732840577607
68552,0.5158922845371978
68553,0.4958045178459614
68554,0.49839006352836873
68555,0.5368336844267646
68556,0.507863324320192
68557,0.5210358719319245
68558,0.45954817360699307
68559,0.5597788806167214
68560,0.5040456358593103
68561,0.5076220314911153
68562,0.46993787054515646
68563,0.5160010722325675
68564,0.5127139294537424
68565,0.4899427084219168
68566,0.47540144371597026
68567,0.5108085400678803
68568,0.4872419912734423
68569,0.5235854026563312
68570,0.495430375645889
68571,0.4874555715552973
68572,0.5138538301193043
68573,0.4765398186580831
68574,0.4957694390764968
68575,0.5130600209884519
68576,0.5457755126038965
68577,0.5322044142556164
68578,0.5179213728175452
68579,0.5556824450929556
68580,0.5214615316197426
68581,0.49017480650361284
68582,0.500347570830085
68583,0.46855091551069467
68584,0.48615052060182745
68585,0.4468398629174311
68586,0.49817710260887393
68587,0.5141989440974615
68588,0.5089809674868666
68589,0.5202934383091737
68590,0.5195740542612158
68591,0.6556306629207969
68592,0.49335700078917105
68593,0.5144824363817302
68594,0.2715765177604081
68595,0.4426535420513718
68596,0.5089858435706439
68597,0.34811762865646234
68598,0.4884331697582774
68599,0.56591723694748
68600,0.49817419568022997
68601,0.5081077698725546
68602,0.5119022225185264
68603,0.516866520173612
68604,0.50020871048147
68605,0.5103565226500948
68606,0.5121265666741567
68607,0.5166972547380418
68608,0.5054905630912282
68609,0.49942915698671103
68610,0.4975031843185445
68611,0.5145394780260459
68612,0.5381224176207381
68613,0.5295049168778082
68614,0.4991433601528891
68615,0.46956296895203725
68616,0.5077119092774571
68617,0.498820441668497
68618,0.5352698056964944
68619,0.4723024429577722
68620,0.4732372941020457
68621,0.4920398929143131
68622,0.48563555453298934
68623,0.4770652049067815
68624,0.5304694039898525
68625,0.503939005321895
68626,0.343324449635953
68627,0.5185906139471171
68628,0.47180715913874
68629,0.4886558871635896
68630,0.4896303227831909
68631,0.5128764499656825
68632,0.5383832886811171
68633,0.508342657653451
68634,0.530378467324852
68635,0.531467509826832
68636,0.535956962174563
68637,0.4837055143453349
68638,0.4664299138571532
68639,0.5499971919438751
68640,0.5376458346366134
68641,0.504157517934146
68642,0.5130157810104459
68643,0.5095980513396227
68644,0.5274628431609729
68645,0.518292409657504
68646,0.49750489818819044
68647,0.5174434248176008
68648,0.2886210227778913
68649,0.5356879376644196
68650,0.4677214051394556
68651,0.5129933189144317
68652,0.5035257618960777
68653,0.44918070027573853
68654,0.49113233616358826
68655,0.531148895660326
68656,0.46440356360353396
68657,0.5332145460468826
68658,0.5108417901639913
68659,0.4630449097120735
68660,0.5125320049371213
68661,0.5173601709846944
68662,0.46652487564554157
68663,0.5407658275136832
68664,0.4872671914964745
68665,0.5026941687254779
68666,0.5340319321839558
68667,0.5057521971749215
68668,0.46869871326886675
68669,0.5371399537618797
68670,0.4702126970307352
68671,0.4982625041924302
68672,0.2766029306990833
68673,0.46568743216349145
68674,0.530879429469145
68675,0.5246214596920684
68676,0.3355579245031559
68677,0.30226560286166126
68678,0.5178488510552632
68679,0.49894775107640327
68680,0.5369672675021316
68681,0.5238613295932212
68682,0.5207789887775027
68683,0.46986967588555234
68684,0.517953413335075
68685,0.5219282246069833
68686,0.4813897620395293
68687,0.5064379059567018
68688,0.49726778511084524
68689,0.4357878754422354
68690,0.3569431958777112
68691,0.49202682808296266
68692,0.4643138060307682
68693,0.5207803706567137
68694,0.4983627787475693
68695,0.49899001242931956
68696,0.5217614928097029
68697,0.5164200178114597
68698,0.512218800150704
68699,0.5076948380640975
68700,0.45679928270507925
68701,0.3196632650370339
68702,0.5180958824558944
68703,0.5158539125709807
68704,0.5034706689358165
68705,0.5511819314962729
68706,0.48774181219205487
68707,0.48778979782934606
68708,0.5307490072232703
68709,0.5304257035260439
68710,0.5062616367857286
68711,0.5416616317532529
68712,0.48948627481192725
68713,0.4772147561765258
68714,0.2767762690070074
68715,0.4941512164482215
68716,0.531375918253917
68717,0.48596111475850906
68718,0.5163863312190234
68719,0.5064812011195177
68720,0.49035789090680093
68721,0.48563676123411414
68722,0.4960308681305616
68723,0.30229841833396237
68724,0.5135689968756993
68725,0.47010829667540677
68726,0.5511650243527836
68727,0.5262995844470254
68728,0.5091237928131122
68729,0.48251007462779616
68730,0.499466072339987
68731,0.5144899887728572
68732,0.34851030269438
68733,0.5281333685242858
68734,0.4972318867553533
68735,0.5013937580130655
68736,0.4962980181226062
68737,0.5060042148149421
68738,0.48605012598964953
68739,0.4405795528024254
68740,0.31177385038288913
68741,0.49802288048162463
68742,0.48116277381837474
68743,0.5034854903664974
68744,0.4961345869563307
68745,0.5019445490675731
68746,0.5054374005659461
68747,0.5246354370364242
68748,0.4502016657489605
68749,0.5429142708749964
68750,0.7598575594023779
68751,0.493916071213449
68752,0.5277940539736967
68753,0.4923473854611089
68754,0.5202513161222144
68755,0.271185384059156
68756,0.488989365793337
68757,0.5144428759616004
68758,0.5217295732610059
68759,0.4975569893619901
68760,0.5221875933635832
68761,0.4488690123229695
68762,0.4944780617417398
68763,0.5033180342201905
68764,0.32373118762477
68765,0.5010237087652714
68766,0.5011312318403741
68767,0.4925796921107138
68768,0.4809239396675158
68769,0.49490623596385247
68770,0.45903550384315017
68771,0.5003789079790245
68772,0.5083036157574418
68773,0.5323753696247002
68774,0.497824937102598
68775,0.4955572882834129
68776,0.5431385838721241
68777,0.45086489528242013
68778,0.5151725531676405
68779,0.4739609451332749
68780,0.5090473494644375
68781,0.4561240070829653
68782,0.5257903095341319
68783,0.4739412161677057
68784,0.5242764620215485
68785,0.5051598490665874
68786,0.4271462716475022
68787,0.49627282698778225
68788,0.5153175460543267
68789,0.5103154185276192
68790,0.5132931458893301
68791,0.5286314623245129
68792,0.4857597041643626
68793,0.48302541781754893
68794,0.49752515119512025
68795,0.49575759012471143
68796,0.484869907693068
68797,0.5179075625958623
68798,0.4759852132826201
68799,0.5391154217686759
68800,0.5091297696843909
68801,0.4070464435874763
68802,0.5187602734047329
68803,0.5224392150891818
68804,0.5016965750459792
68805,0.514381776986838
68806,0.5400571672270913
68807,0.5106363289578167
68808,0.4749600807736251
68809,0.46061176429978085
68810,0.5261152221961863
68811,0.4462849051205784
68812,0.4894463505070498
68813,0.33093642506953763
68814,0.5180133510207349
68815,0.43156913115619755
68816,0.48895507196138394
68817,0.5132167364821971
68818,0.5097327796946288
68819,0.4923521156909141
68820,0.4198491636734572
68821,0.5158488151808543
68822,0.5207466475260661
68823,0.5290142023251184
68824,0.2728850852097788
68825,0.5214380365285224
68826,0.5043991550316347
68827,0.503317066175885
68828,0.5022404905152262
68829,0.5349611137569673
68830,0.5279661834967038
68831,0.34592333062326674
68832,0.4956960207768837
68833,0.5321530273450054
68834,0.5179992533254033
68835,0.5204931864067508
68836,0.5119513804067095
68837,0.5327864345777023
68838,0.5125077003017955
68839,0.5354079499828611
68840,0.7410534056988929
68841,0.4782324695800197
68842,0.49674132084882944
68843,0.4873627357191765
68844,0.53125052343425
68845,0.5372408696609311
68846,0.5329554712476908
68847,0.4862038751862361
68848,0.5052564709684556
68849,0.4795616014564116
68850,0.49844464383736464
68851,0.5112854101150697
68852,0.7167877205055548
68853,0.5187422363898396
68854,0.4860528910569272
68855,0.5145561910476252
68856,0.5148610146152275
68857,0.4236738766610984
68858,0.501040270707689
68859,0.36750656710752794
68860,0.46455377944881343
68861,0.6079368509460936
68862,0.4307790643966284
68863,0.3123519217632904
68864,0.5093293952212128
68865,0.5115210433926898
68866,0.49830700392321786
68867,0.34876475189486605
68868,0.5221745594554957
68869,0.5165445409937013
68870,0.3590237012387002
68871,0.5040077225470044
68872,0.5403187188923035
68873,0.5023943687887834
68874,0.510485360658519
68875,0.5337726924225746
68876,0.49006243724976634
68877,0.5136989142974926
68878,0.5132157233235218
68879,0.4878288337650381
68880,0.5325325683110207
68881,0.36604929669841424
68882,0.540094980576628
68883,0.5379192724647688
68884,0.5196179725539891
68885,0.4481856982721061
68886,0.4968238659591507
68887,0.794177825518512
68888,0.5414769889310745
68889,0.49966750306078933
68890,0.5392288358966432
68891,0.5014004908359018
68892,0.46799339348319463
68893,0.49639516547592266
68894,0.5322507719017958
68895,0.5040084371105923
68896,0.5183808288692716
68897,0.457160034947796
68898,0.467021085610252
68899,0.5114411297840938
68900,0.5272741350296027
68901,0.5023484286604242
68902,0.4468011336019875
68903,0.3893575604810744
68904,0.502666914176184
68905,0.5072125208013613
68906,0.478264260050494
68907,0.47391950543518235
68908,0.5143199018592352
68909,0.5169281388648715
68910,0.5489427698977328
68911,0.4783947999030673
68912,0.5041994951972013
68913,0.49413032976426097
68914,0.5087898244055131
68915,0.5142668724452851
68916,0.5385654540481513
68917,0.4937002487475713
68918,0.5320113263972008
68919,0.491659513952025
68920,0.4856900649313868
68921,0.4984737870211737
68922,0.4997166460022103
68923,0.5477179171288401
68924,0.48015013288992886
68925,0.30159541234280574
68926,0.5033617841057384
68927,0.524525060786714
68928,0.5457568308031769
68929,0.4592473057202891
68930,0.521849356372182
68931,0.4558554082843465
68932,0.5165814161711291
68933,0.43674556919847174
68934,0.5367397972417337
68935,0.5436468460862165
68936,0.5204248801437411
68937,0.37183318263994586
68938,0.5324780509966123
68939,0.5094756263908441
68940,0.5145319198268347
68941,0.5174680720487052
68942,0.4881145411055041
68943,0.49601111194304337
68944,0.5061168335298892
68945,0.5468532534875189
68946,0.48652442031909077
68947,0.3535587089047531
68948,0.5379402516364433
68949,0.5236670350572081
68950,0.4914228256554905
68951,0.45261098724938675
68952,0.5285764673158027
68953,0.47179926824195695
68954,0.5235617079827622
68955,0.5020156414815045
68956,0.46292564653856455
68957,0.5185966260064104
68958,0.5473501655906797
68959,0.5293374643010879
68960,0.5406595694464278
68961,0.3262261003505516
68962,0.4821367332135333
68963,0.5240368338048538
68964,0.5143328646981368
68965,0.3629293373549441
68966,0.5176476464096734
68967,0.490794931781105
68968,0.49269475589349143
68969,0.5246155237084161
68970,0.49649802969988804
68971,0.5279678379994927
68972,0.5089791140885184
68973,0.49477651510974285
68974,0.517034926896124
68975,0.5048770265767758
68976,0.5079601388770549
68977,0.497497860013957
68978,0.5000523321874073
68979,0.4583001799928448
68980,0.4579126088417109
68981,0.49662378561682985
68982,0.524664691574842
68983,0.5048679507801141
68984,0.49688160854815455
68985,0.5046803498421701
68986,0.5231305036362685
68987,0.5150926044726196
68988,0.30804840990421434
68989,0.5356450971967356
68990,0.5399909148546943
68991,0.5214181955514251
68992,0.6964689447189484
68993,0.5145962158535832
68994,0.33719812916437264
68995,0.4624853467414766
68996,0.5406502580069553
68997,0.532101150563246
68998,0.515880775035721
68999,0.5241586923911795
69000,0.5013974860079071
69001,0.49022678707339334
69002,0.44942500518877276
69003,0.5127741783340486
69004,0.5259628966118437
69005,0.5280205769420943
69006,0.5546338552364692
69007,0.5280820183108142
69008,0.528031355423513
69009,0.5083131691037329
69010,0.5319290347626141
69011,0.3000711427272453
69012,0.46337426000810544
69013,0.24474279154708137
69014,0.5585253397064222
69015,0.5279675906684922
69016,0.47111725670685545
69017,0.5017641214286993
69018,0.5249314209564937
69019,0.5493404046707984
69020,0.4756003257635473
69021,0.5115370511104619
69022,0.4902159782868149
69023,0.510768541877489
69024,0.5122950414458627
69025,0.5369827790775162
69026,0.5177283602976909
69027,0.5078904101977882
69028,0.5104222931396608
69029,0.5185304748274955
69030,0.4563949394809201
69031,0.5126999304228438
69032,0.5002529914384478
69033,0.5221463186325543
69034,0.4391311303690414
69035,0.49547936356348055
69036,0.47703879749928674
69037,0.4760484618935491
69038,0.4936838997832847
69039,0.4786669853131432
69040,0.5160682832637884
69041,0.5182925627240066
69042,0.49521502176617677
69043,0.5351152929507788
69044,0.5305356357297355
69045,0.48750930845177354
69046,0.5172725194752079
69047,0.48761279283631576
69048,0.5339768813537914
69049,0.5050576616901693
69050,0.5180783035497456
69051,0.4430072610024902
69052,0.5022725909631607
69053,0.4887654854528873
69054,0.4976852743363061
69055,0.4985698592062286
69056,0.5112095215330937
69057,0.49889355275809233
69058,0.5201149338645836
69059,0.49780053992686135
69060,0.5602535761327762
69061,0.264379259222671
69062,0.3205936510755951
69063,0.48591835342260703
69064,0.5419649358908832
69065,0.5246456741390763
69066,0.5260851883887594
69067,0.7514788231421672
69068,0.5056777373572469
69069,0.5069624945994611
69070,0.523526775449792
69071,0.5254876924588073
69072,0.43037852306090446
69073,0.5072380092608105
69074,0.4908738435749814
69075,0.529502552630351
69076,0.48828461601984774
69077,0.30132653510424706
69078,0.5535923294585366
69079,0.3053557602306801
69080,0.5291237894951105
69081,0.48281442804019575
69082,0.5533908660982229
69083,0.5294529641705873
69084,0.34571496483250036
69085,0.2822085711259027
69086,0.48693195257643135
69087,0.5266748841198848
69088,0.49926795367431925
69089,0.5097182028908899
69090,0.48414930951790025
69091,0.49592886557672144
69092,0.4495706625140825
69093,0.4870613073281094
69094,0.5048335969462981
69095,0.49804950094041095
69096,0.48930298641328585
69097,0.5272836014162026
69098,0.5367970882322805
69099,0.5507156924622778
69100,0.511926759976247
69101,0.520088896871066
69102,0.5266847712871063
69103,0.5269068528210122
69104,0.48804363159040964
69105,0.5280454073798392
69106,0.5089600374805566
69107,0.42972888787595726
69108,0.47776872951291777
69109,0.5010748331128736
69110,0.5173103257538383
69111,0.5179965445750806
69112,0.5095554351421806
69113,0.5402661511280162
69114,0.5154372133915774
69115,0.5373864264940186
69116,0.5164335982904454
69117,0.509847850272497
69118,0.4977620416105513
69119,0.34555560663060686
69120,0.28529589393585886
69121,0.5398786604550326
69122,0.514611719606454
69123,0.5119005909213301
69124,0.5011393035989621
69125,0.4949859487094001
69126,0.523220574271637
69127,0.5179986743223796
69128,0.5108648614986616
69129,0.5230110825214399
69130,0.47526780879521435
69131,0.5183952152223482
69132,0.2690396443813727
69133,0.43643975750650027
69134,0.5013812728849725
69135,0.45727503003352893
69136,0.47552393688088945
69137,0.5178483412623216
69138,0.2947722624320047
69139,0.5188681373562486
69140,0.4771537548528072
69141,0.516482600790471
69142,0.5140595766756356
69143,0.523053274448037
69144,0.49414473471524517
69145,0.5177315265872483
69146,0.5237198668965084
69147,0.4904386711746656
69148,0.5372391778068414
69149,0.5210639630161972
69150,0.47966454446773976
69151,0.2802130927365981
69152,0.46790861568878717
69153,0.5387978009222045
69154,0.49248714279628236
69155,0.5253251030321288
69156,0.5052344611006335
69157,0.3178958270526516
69158,0.5030352862031586
69159,0.5176646101021904
69160,0.6691195886511991
69161,0.5079048370065127
69162,0.5306409147205812
69163,0.5231678559026801
69164,0.4702703181889328
69165,0.5153599282585066
69166,0.4973795770392118
69167,0.5406461358568376
69168,0.5215725501746864
69169,0.5487875951731829
69170,0.5078019243262909
69171,0.3175722600429047
69172,0.3142009209395839
69173,0.5237730790089954
69174,0.5266799824538272
69175,0.4888113396841314
69176,0.5307734345588759
69177,0.5289713526297567
69178,0.5261182745279946
69179,0.5086434434162852
69180,0.5208717388045739
69181,0.5075285734995872
69182,0.4678227076361074
69183,0.533455728303219
69184,0.45664397125275796
69185,0.4868092708887509
69186,0.48367255060917846
69187,0.4942925250458976
69188,0.48040948850011134
69189,0.2668357672034612
69190,0.46192181155712764
69191,0.49769830006114035
69192,0.5215490363003412
69193,0.50213569223004
69194,0.5113075045695891
69195,0.4778684519485317
69196,0.5682389834498625
69197,0.42228770384788367
69198,0.5335842340857362
69199,0.515918941981785
69200,0.5386161259995813
69201,0.5071971708892258
69202,0.485268292362396
69203,0.5338494855620176
69204,0.5283429749280163
69205,0.48457321228022554
69206,0.46243850222302163
69207,0.5343353367670899
69208,0.5075703764614243
69209,0.4891870158443448
69210,0.5283799956495896
69211,0.5356795391236306
69212,0.49775485720223084
69213,0.2612080815586541
69214,0.5041452556062485
69215,0.5438946611828313
69216,0.5174503368348103
69217,0.5394891647392899
69218,0.5111175233557084
69219,0.5097709898064953
69220,0.5309146980861223
69221,0.499574133753659
69222,0.519751611893899
69223,0.5271528156548395
69224,0.29397183404493604
69225,0.3633926206476659
69226,0.5218623607113532
69227,0.48734989639127674
69228,0.5136222054763059
69229,0.5026745910280137
69230,0.49338559450948577
69231,0.5157489728059991
69232,0.4631094055626207
69233,0.5129999054256715
69234,0.5258790320116921
69235,0.4876699322544198
69236,0.5375805614581389
69237,0.5385050855133615
69238,0.5200535794925533
69239,0.5322121723011108
69240,0.48202739448368453
69241,0.491778759618249
69242,0.5033438557139313
69243,0.5027275712655791
69244,0.5062978662676823
69245,0.5075600365463984
69246,0.4872818109516419
69247,0.5334025217310643
69248,0.4001948131260697
69249,0.5144558723651581
69250,0.5335911816284474
69251,0.49525097319207445
69252,0.5304471187744856
69253,0.5172481722958364
69254,0.5338826035310282
69255,0.5031967617790974
69256,0.5221436799681634
69257,0.49522167571341175
69258,0.530802179055722
69259,0.5187364066404606
69260,0.509877482742877
69261,0.5268399468572894
69262,0.5046083408634735
69263,0.479117346278388
69264,0.29563241264915213
69265,0.46178248952817585
69266,0.5210370479134262
69267,0.527539437757423
69268,0.5337159629247643
69269,0.5244893794139149
69270,0.46443178838563587
69271,0.46935067942177544
69272,0.509683480640152
69273,0.4844825474005554
69274,0.5111206035250795
69275,0.4852829349952777
69276,0.5082960926368993
69277,0.5222917662166645
69278,0.508475881314933
69279,0.5215893737656662
69280,0.4197772580490332
69281,0.5173851965057925
69282,0.5373310724212946
69283,0.5402325514325713
69284,0.5349689549530031
69285,0.5057994630242605
69286,0.5284455843067638
69287,0.48245399627005203
69288,0.49476969916882724
69289,0.5111620921251345
69290,0.5131359332051958
69291,0.5300443872211643
69292,0.49149493141970263
69293,0.5017416221942229
69294,0.4776398311589764
69295,0.32040820155783695
69296,0.3674068931086969
69297,0.49615980186396325
69298,0.5377347284314827
69299,0.36211270087391356
69300,0.4944502621210659
69301,0.5672661806368974
69302,0.5461402212370586
69303,0.5274854409649619
69304,0.4965734701815471
69305,0.5042069788327316
69306,0.5193871498253151
69307,0.4516614754352972
69308,0.45492492571607496
69309,0.5190811148653828
69310,0.49032132604215595
69311,0.5264328452205875
69312,0.4763781880171576
69313,0.5007010502208917
69314,0.5245245173735088
69315,0.44001304103057276
69316,0.5012067519335108
69317,0.502741927161172
69318,0.5404798931500213
69319,0.533296329709137
69320,0.509430001305128
69321,0.5108956046475044
69322,0.5172102869117957
69323,0.47764320617173045
69324,0.4939006681911562
69325,0.47361222550728704
69326,0.5146026419322001
69327,0.511336538284451
69328,0.5433328687733299
69329,0.5083805516022459
69330,0.5159892484185244
69331,0.4727936875189916
69332,0.47598579646236927
69333,0.5096777592077278
69334,0.511916378431908
69335,0.5174895614022084
69336,0.5316232294641517
69337,0.4937486631731023
69338,0.488659784658723
69339,0.5163865057435012
69340,0.5127470206812652
69341,0.5112013318403058
69342,0.5190980216122614
69343,0.4592100306345691
69344,0.46102488199084046
69345,0.5226948470458532
69346,0.5367324425217552
69347,0.5016688437853517
69348,0.534005755809572
69349,0.46924410245810855
69350,0.5171760428290442
69351,0.4864488095064693
69352,0.5221578053964294
69353,0.49546978741341113
69354,0.5234304614190973
69355,0.4721653472105604
69356,0.5498969077075025
69357,0.5164779058179287
69358,0.5248022564404169
69359,0.5234691472891123
69360,0.3070832460628739
69361,0.49342855313857725
69362,0.5240247585006578
69363,0.48714083479040776
69364,0.5197459039822062
69365,0.4968906955082124
69366,0.5250115298553516
69367,0.5081634162225479
69368,0.5122674202471632
69369,0.3284540397243356
69370,0.5167076335847937
69371,0.4799952079112908
69372,0.5168080227570508
69373,0.48016025557512504
69374,0.530736312130099
69375,0.5293546559224208
69376,0.520936661464087
69377,0.5107936795351927
69378,0.47412272713492964
69379,0.5355783797782315
69380,0.5490248526042071
69381,0.5053155498556687
69382,0.5163919334349351
69383,0.541608476230337
69384,0.5074537266971255
69385,0.5134292236776813
69386,0.5168471303513759
69387,0.501394721596818
69388,0.49849324719390853
69389,0.5163963685095324
69390,0.5199211796894901
69391,0.5425896474265874
69392,0.508144494289727
69393,0.448201341464453
69394,0.45651225020106057
69395,0.5049301928309986
69396,0.5018456619473192
69397,0.5134668350105355
69398,0.5100125135564211
69399,0.49115577236069957
69400,0.47135482041383775
69401,0.4807256953411203
69402,0.5629670081045315
69403,0.4916530930797573
69404,0.5017710347928782
69405,0.44281665577747314
69406,0.4809340889374632
69407,0.520704751196846
69408,0.4969112710013209
69409,0.49121569554800965
69410,0.5270323799713077
69411,0.5189352456329166
69412,0.5245465725147811
69413,0.504211940249184
69414,0.2603053652016713
69415,0.5141526630645646
69416,0.3202776260305743
69417,0.5332418397517614
69418,0.5093748487448799
69419,0.5236425758602536
69420,0.5223077412905971
69421,0.48350351476137
69422,0.526509223708829
69423,0.5225930091150761
69424,0.532288214880267
69425,0.4568236061837117
69426,0.4897216492707392
69427,0.5197461836156957
69428,0.43463061342474807
69429,0.4889240970351595
69430,0.4874718328018342
69431,0.5381517856478928
69432,0.539970801864794
69433,0.5453865577904262
69434,0.48349702069253064
69435,0.5428686290562329
69436,0.4811366602018193
69437,0.31501804692921603
69438,0.5213084097588223
69439,0.5165067036299027
69440,0.5235008732199333
69441,0.4311967456802002
69442,0.51011821962499
69443,0.5006708752873386
69444,0.4973878175914928
69445,0.4740572691612518
69446,0.5126315765421298
69447,0.5037999470262658
69448,0.5397046815917989
69449,0.515620760335892
69450,0.4997421725000523
69451,0.505341811771201
69452,0.49003888685343405
69453,0.3136121824386691
69454,0.4086974424018257
69455,0.4544682094471885
69456,0.49455642752898343
69457,0.5300635805971488
69458,0.5134440959702885
69459,0.4687670294065572
69460,0.5017083829615614
69461,0.47499834898360177
69462,0.48830569568708326
69463,0.6766216504206175
69464,0.5533040920546101
69465,0.5546543761595581
69466,0.5005744146049818
69467,0.484190615977407
69468,0.5622351702508981
69469,0.24598469933886924
69470,0.5013960413001104
69471,0.4753516299140659
69472,0.5255151964663816
69473,0.4643732346019314
69474,0.5005485231734449
69475,0.45610112158306937
69476,0.47935277922011976
69477,0.5277914693768451
69478,0.5326062233708895
69479,0.5243778610271453
69480,0.4342696432387681
69481,0.5004918742694138
69482,0.5154752648667695
69483,0.5479246281484689
69484,0.5115617856230356
69485,0.5276831404770248
69486,0.6329150070403823
69487,0.5614347727117134
69488,0.5364327302747528
69489,0.49435238247098845
69490,0.5144440745795373
69491,0.4935501867799539
69492,0.3127335174223022
69493,0.5127680364029433
69494,0.4882116760657443
69495,0.5227312953645609
69496,0.5353915675229699
69497,0.4958124857112403
69498,0.44998283736061967
69499,0.48914035067119305
69500,0.48223686776977115
69501,0.5010830639782521
69502,0.5005471683203903
69503,0.5374808229477865
69504,0.5065787463484066
69505,0.49038386376434395
69506,0.7576583307699029
69507,0.5173513294795858
69508,0.5261005842090961
69509,0.5120959765360995
69510,0.5489763210579314
69511,0.5005687039800769
69512,0.49217375733273283
69513,0.4497201007279787
69514,0.4726815767433213
69515,0.4911808107303272
69516,0.46806852896719153
69517,0.47149811494592625
69518,0.5305469674492619
69519,0.504304233051649
69520,0.3459666357002938
69521,0.5209718911816251
69522,0.502658940211182
69523,0.5432492861027164
69524,0.4736292194443751
69525,0.5292081686906818
69526,0.47304850075258564
69527,0.522296400578065
69528,0.2948097684941698
69529,0.4905029819058685
69530,0.2661840810082735
69531,0.4830171665431017
69532,0.506719316886267
69533,0.48740939197591143
69534,0.4949816559279954
69535,0.4890237201785393
69536,0.48588181012247783
69537,0.4937514172563658
69538,0.5069418100088205
69539,0.4947148262431596
69540,0.4814107644095472
69541,0.5108699409772959
69542,0.5086433443025504
69543,0.4179896872280473
69544,0.49452861913304424
69545,0.5102252250760052
69546,0.5026076930780207
69547,0.5503731540682436
69548,0.45607107629154003
69549,0.5270501686012469
69550,0.4770718518309642
69551,0.487116215558904
69552,0.5343570096243713
69553,0.5299134806879516
69554,0.4817407760989121
69555,0.5317719926205626
69556,0.5005011342265222
69557,0.499334103292212
69558,0.5348720214440738
69559,0.5163501560234424
69560,0.5102391205504028
69561,0.4917764359910666
69562,0.5113197917129186
69563,0.45457095998440394
69564,0.4458906394920969
69565,0.5051588155256952
69566,0.5312067826427207
69567,0.49782734727958006
69568,0.4997243081978709
69569,0.4969186293550598
69570,0.5264963775228719
69571,0.4789738835687067
69572,0.4738541432680404
69573,0.5074655772055031
69574,0.5161071865683268
69575,0.45095814812676793
69576,0.49475110456176785
69577,0.5314702249546724
69578,0.4999459558180461
69579,0.4883405673247765
69580,0.50143510956196
69581,0.5296663811363224
69582,0.47149628796454734
69583,0.5141763720249026
69584,0.5348977988979262
69585,0.49903718348674664
69586,0.5049469243026999
69587,0.490709209732879
69588,0.504956950655778
69589,0.5242343579607971
69590,0.4460141354178858
69591,0.5158754849288447
69592,0.4957928270732411
69593,0.4964612599484553
69594,0.31750127355026747
69595,0.5374879412213686
69596,0.5242633265669655
69597,0.46555082386694463
69598,0.5227564008147121
69599,0.4906011903580639
69600,0.4946389758055925
69601,0.48400059394092265
69602,0.5368804790181501
69603,0.5175114141613415
69604,0.5340484515832856
69605,0.5032880400869916
69606,0.4978758183634435
69607,0.4932728487475953
69608,0.2950704489890604
69609,0.5233274906572076
69610,0.5030830114328144
69611,0.4639998557953286
69612,0.33420446525365527
69613,0.2701095758353501
69614,0.5111465516119338
69615,0.5208734087990332
69616,0.5140281821561987
69617,0.5288078769244495
69618,0.4384282404441307
69619,0.5033850137456776
69620,0.37889117457212607
69621,0.48460275071051995
69622,0.48735574347084537
69623,0.4274940859394391
69624,0.5268831387887706
69625,0.516163361936803
69626,0.3162813755235464
69627,0.3639323632436213
69628,0.515751186402202
69629,0.45977981774952026
69630,0.5474733379155771
69631,0.516197768453229
69632,0.5165978403012278
69633,0.5307857545303611
69634,0.4772939311853284
69635,0.5295848689403567
69636,0.5195658762524762
69637,0.5280218157836007
69638,0.47393469751055717
69639,0.5103229147105156
69640,0.4614483561461285
69641,0.5989084619856797
69642,0.5122951513297115
69643,0.5371925672754879
69644,0.5451361763386338
69645,0.5402825288919425
69646,0.5110825350331403
69647,0.47518609791867966
69648,0.48655267703469623
69649,0.49916651328609224
69650,0.5285304937927302
69651,0.283089549477543
69652,0.5144874685628552
69653,0.5087998919638047
69654,0.49773621082210145
69655,0.48735583758226964
69656,0.4803556515407985
69657,0.5191553046532331
69658,0.5266414839387978
69659,0.4845941230938524
69660,0.5038553991623936
69661,0.523538696268628
69662,0.4985068121038882
69663,0.5282000214746784
69664,0.5076599236975073
69665,0.5268931146828045
69666,0.509110520705524
69667,0.7291476416917198
69668,0.5343082877347408
69669,0.5266488158257321
69670,0.49660509159926425
69671,0.4904941907946069
69672,0.47768083889648233
69673,0.3112387856565672
69674,0.5024876884103475
69675,0.47636474593238803
69676,0.4976141208406931
69677,0.4811046430600058
69678,0.5183624003806677
69679,0.5886605094707706
69680,0.3069701456446761
69681,0.49962380091403674
69682,0.5263838285245672
69683,0.5137996011731463
69684,0.4890946672258153
69685,0.5246010749632517
69686,0.5070933100022181
69687,0.5191269924567125
69688,0.5361276016718596
69689,0.521887460915463
69690,0.5461268624291948
69691,0.47700478870371793
69692,0.5027893919082517
69693,0.48705680362293174
69694,0.47681705640037114
69695,0.4881026907320607
69696,0.524842124459614
69697,0.4577290003802195
69698,0.5042497721045368
69699,0.49161812846010317
69700,0.4729559698866564
69701,0.5398698289757391
69702,0.4706233709514267
69703,0.44403148592715236
69704,0.5064244384718711
69705,0.5092664604250378
69706,0.5480312303652123
69707,0.5006070956882479
69708,0.5021955506063762
69709,0.504014417722793
69710,0.35727227676508666
69711,0.30543643480390475
69712,0.5180933459954583
69713,0.32312327766911275
69714,0.4511661094078839
69715,0.44878711954384837
69716,0.5031917703028548
69717,0.4549816211413009
69718,0.5240482110192676
69719,0.5335971442581875
69720,0.48389734434063497
69721,0.578172797076776
69722,0.5340753875596342
69723,0.5263859759958296
69724,0.2855888870909412
69725,0.4864832866562732
69726,0.5023695930007067
69727,0.5227407913332665
69728,0.7810732027453462
69729,0.5002152820776786
69730,0.5395718030312368
69731,0.534939080157342
69732,0.5210625404862083
69733,0.4821570343347136
69734,0.49119984040746306
69735,0.516860911795605
69736,0.46981409902533644
69737,0.46585714567198294
69738,0.5045352208983526
69739,0.5279236203358162
69740,0.48885054934876987
69741,0.5239313738426253
69742,0.5213108478235304
69743,0.45887381494638835
69744,0.48668120085601707
69745,0.5019593949331489
69746,0.530105763858881
69747,0.5143566355675502
69748,0.5282963657085586
69749,0.5147821185945077
69750,0.5142415640832324
69751,0.5033689724762066
69752,0.4739696823141717
69753,0.48799713162376035
69754,0.2760125917736989
69755,0.3200864795313856
69756,0.26527382713906383
69757,0.48972298719613616
69758,0.4322925476719791
69759,0.48097887621309215
69760,0.48627316466259446
69761,0.46646820737845857
69762,0.5245132788610998
69763,0.5188206222407831
69764,0.46063524627028607
69765,0.5249566149079642
69766,0.35837973926978495
69767,0.5367927407239872
69768,0.5130934596516572
69769,0.4929067163142566
69770,0.497820754535524
69771,0.5405552668551087
69772,0.3216597667522254
69773,0.5080094009120515
69774,0.5081865424119175
69775,0.35546020579648707
69776,0.4876062639218751
69777,0.5072595640071935
69778,0.5031073087188639
69779,0.5320412703703185
69780,0.5002800103840443
69781,0.4987256612581095
69782,0.5046308437708477
69783,0.5245357745857688
69784,0.4549485830681609
69785,0.5731893857405279
69786,0.5237536919752219
69787,0.5074979640842311
69788,0.5055802132700492
69789,0.49773771555313867
69790,0.5274606680558379
69791,0.5082608005426045
69792,0.538092339235798
69793,0.5191224600356226
69794,0.5293466888179054
69795,0.5306991659291451
69796,0.5174562769049265
69797,0.35475050177516504
69798,0.49499693533695477
69799,0.48305204373569904
69800,0.5501256429517789
69801,0.5154178875588254
69802,0.5221943127979014
69803,0.5253401273604374
69804,0.5289653562472789
69805,0.49351019394096474
69806,0.48725506054720086
69807,0.526594767604641
69808,0.5094214111347709
69809,0.5244262391249297
69810,0.5244869424541377
69811,0.4890316342307568
69812,0.41409913607023036
69813,0.4988699450940884
69814,0.5102653934491642
69815,0.5212121844764377
69816,0.5347631960326369
69817,0.5270893887197957
69818,0.45234568438730677
69819,0.5285366713058731
69820,0.5377755524865926
69821,0.4636537831951974
69822,0.5386550844729525
69823,0.47236652693613784
69824,0.33692755846191125
69825,0.5506326914267173
69826,0.48421498403311486
69827,0.4632835268748547
69828,0.5279567247700887
69829,0.5273383375429828
69830,0.506968063218489
69831,0.5156765400408464
69832,0.48745340778447
69833,0.3479928466722748
69834,0.5202558166410218
69835,0.5199900019032407
69836,0.506500185755802
69837,0.5036338999177767
69838,0.4435186150425834
69839,0.5224581278580999
69840,0.5197236948862093
69841,0.5144766467852421
69842,0.4771223793980495
69843,0.5321599412832445
69844,0.49801497292377944
69845,0.5253964279765122
69846,0.5332569139235027
69847,0.5187462371066827
69848,0.5075151399088444
69849,0.5151040230352691
69850,0.5139966049457624
69851,0.5338839256562327
69852,0.5079557244663849
69853,0.5500739019107582
69854,0.5015865183080227
69855,0.47609419418634347
69856,0.46944889327813094
69857,0.5082647919726494
69858,0.5306028491556978
69859,0.36879379453710365
69860,0.5359292973368754
69861,0.5100435311909262
69862,0.5182194138545988
69863,0.44189794540147337
69864,0.47018512508410665
69865,0.5354308907866386
69866,0.5051763689061365
69867,0.5331086050051209
69868,0.25728490670842974
69869,0.3782727604425412
69870,0.4802355953317992
69871,0.5186103072421311
69872,0.5232778056632204
69873,0.5212910611583019
69874,0.49985774172681907
69875,0.5030755624835117
69876,0.5228425771208414
69877,0.46017626860516336
69878,0.4794073676196828
69879,0.5325841303572224
69880,0.46347560656330333
69881,0.5105656825508547
69882,0.5268669134238736
69883,0.4962503156920043
69884,0.48501387943352
69885,0.5241833809245033
69886,0.34567871680894485
69887,0.43871577497829994
69888,0.5029726764709985
69889,0.4946395138762307
69890,0.4782902813284138
69891,0.5356957067644886
69892,0.5382453173965761
69893,0.2643887079231752
69894,0.492417225634761
69895,0.47339168640865265
69896,0.5090754699071564
69897,0.2780146049550052
69898,0.3170023133850863
69899,0.5110186835333594
69900,0.48018174712328326
69901,0.34188574238257763
69902,0.4884779684047192
69903,0.49649548608059746
69904,0.5145318117086752
69905,0.5177401371734881
69906,0.45564506492265544
69907,0.4778614779032692
69908,0.48152266636076557
69909,0.49493336859056364
69910,0.515337556001813
69911,0.48260432808581244
69912,0.493448401768272
69913,0.5013786460426174
69914,0.5096337901724669
69915,0.528782342002494
69916,0.5235669882049611
69917,0.51619176098146
69918,0.4812636825370285
69919,0.5185015046599819
69920,0.5147191835482537
69921,0.47878526659122345
69922,0.49884323294939154
69923,0.5305721888140001
69924,0.35077537429229594
69925,0.22693213884694868
69926,0.5251850996624275
69927,0.4818405871087065
69928,0.5328170002731574
69929,0.3281452124021954
69930,0.47921231756924865
69931,0.531414867743794
69932,0.5083522901549432
69933,0.5302667127436118
69934,0.28178152939474455
69935,0.5333733155062048
69936,0.4996516383990764
69937,0.48737049382673303
69938,0.4093773141738712
69939,0.5004131004286854
69940,0.5064652376785631
69941,0.4899926697851644
69942,0.5019358677536024
69943,0.5335034679730898
69944,0.5112658668708804
69945,0.5022264221558818
69946,0.5215743503980665
69947,0.49869640053565467
69948,0.5044762417836679
69949,0.4727209219179537
69950,0.4572303736435744
69951,0.5227633609252758
69952,0.4839278685972746
69953,0.5338321116401028
69954,0.5151442096020326
69955,0.48351287920914415
69956,0.5223190490607494
69957,0.5258942939002228
69958,0.49199162239537336
69959,0.4999653638251635
69960,0.49863262403166014
69961,0.4981159091505694
69962,0.5356853098864505
69963,0.4979095763378386
69964,0.4843490710011413
69965,0.5490255132443626
69966,0.46642290343840254
69967,0.5286691256365977
69968,0.5250816633854987
69969,0.4982666867901776
69970,0.5113675681278024
69971,0.5118252494341807
69972,0.5127954508618036
69973,0.5174351884055748
69974,0.48192009442470596
69975,0.4968639914279126
69976,0.5073169786371355
69977,0.3211164172840345
69978,0.5019199254874654
69979,0.5100411719083164
69980,0.531035481245176
69981,0.5140051260620007
69982,0.31498430646801623
69983,0.5172310985621323
69984,0.4814729935185742
69985,0.5294352264084236
69986,0.46175595917832873
69987,0.5184064548649399
69988,0.5186881987571313
69989,0.5101234956125638
69990,0.5211158617492073
69991,0.5339404366205232
69992,0.5082822779037015
69993,0.515967993593728
69994,0.5189221903756774
69995,0.5077043757979136
69996,0.4819704646303631
69997,0.5013108813965151
69998,0.5125278971081729
69999,0.4915969720810505
70000,0.5270832836075582
70001,0.47873176350009616
70002,0.4982262209236884
70003,0.26293260940006447
70004,0.33695245432219445
70005,0.5063788121495615
70006,0.5001622608756852
70007,0.4368705327731653
70008,0.5312292543521572
70009,0.5144147847705779
70010,0.5078566967695815
70011,0.5252835418774539
70012,0.32508196348709023
70013,0.4784565423443728
70014,0.505443971808198
70015,0.500379791846536
70016,0.5182647333010433
70017,0.5152417426428826
70018,0.5320144994782253
70019,0.48477513857527604
70020,0.4872407634544892
70021,0.32922696761026027
70022,0.4792643763380877
70023,0.5068281472546224
70024,0.47160308292358855
70025,0.5316197360263507
70026,0.4902717881542974
70027,0.29407552684983596
70028,0.422345273921666
70029,0.3473336544838462
70030,0.5074798808668792
70031,0.49729353403390497
70032,0.4459824301579116
70033,0.5229049794383794
70034,0.5109876021182914
70035,0.5156643848522332
70036,0.539439384191642
70037,0.4866815242545809
70038,0.5267537534723218
70039,0.5477614198159877
70040,0.49274084796482975
70041,0.48619642200633323
70042,0.506003657475543
70043,0.5259300559611707
70044,0.45941631434455465
70045,0.48288465100677175
70046,0.5504897446284293
70047,0.516818179687446
70048,0.4659301388204219
70049,0.5128038561915265
70050,0.5362980688946133
70051,0.5341617554017289
70052,0.5242855169208825
70053,0.5019685239749563
70054,0.5086577083125242
70055,0.5089536833440115
70056,0.5145701474295817
70057,0.47678902640534016
70058,0.5194153986793176
70059,0.5166876959767077
70060,0.5000311576645068
70061,0.5545980341014294
70062,0.5092085998689311
70063,0.5012801339014216
70064,0.49111751133683224
70065,0.5182872654334553
70066,0.4549724267112448
70067,0.46326286502905223
70068,0.5100164083857953
70069,0.5197915682496168
70070,0.2868394451056339
70071,0.5297775296665602
70072,0.5016891282963385
70073,0.5454471650608748
70074,0.49657702093242495
70075,0.5129462490732579
70076,0.47079601958981
70077,0.4930972206222379
70078,0.46947752670184023
70079,0.47933917569120993
70080,0.5048721530292966
70081,0.47271553054577936
70082,0.46667801625239136
70083,0.5247620573280226
70084,0.5308979070243828
70085,0.4999070083215534
70086,0.4539754821714547
70087,0.5081849396675274
70088,0.498282860034997
70089,0.5400199390978714
70090,0.524665950672137
70091,0.49637425753479486
70092,0.32896772964977433
70093,0.5024109563513953
70094,0.4906582637855741
70095,0.4929600961649039
70096,0.4784102124269455
70097,0.5029504465785243
70098,0.5595070652687386
70099,0.5263187988306487
70100,0.49234654756105106
70101,0.49211167811159046
70102,0.4372670688472723
70103,0.30361061912896237
70104,0.5026442235116362
70105,0.5185196641511783
70106,0.5315859386035059
70107,0.5401765611683261
70108,0.4935874782400528
70109,0.4460263477892246
70110,0.518267425175589
70111,0.5082034001082083
70112,0.4860954592035835
70113,0.4879253156751458
70114,0.4986315827602269
70115,0.5378762605769329
70116,0.4791937347438303
70117,0.5147867148948915
70118,0.5312791106219834
70119,0.5472063745104686
70120,0.49892967459596277
70121,0.5373048143156541
70122,0.5251914663647291
70123,0.5195661857720751
70124,0.5164735069311701
70125,0.5324148335690977
70126,0.5209856229047596
70127,0.5443903856331206
70128,0.5376612768788552
70129,0.5076130943731486
70130,0.46885423955927
70131,0.516867099336874
70132,0.525498744993165
70133,0.5302831426576744
70134,0.49420373118166844
70135,0.5146604726515753
70136,0.5099665725837134
70137,0.4712763086030427
70138,0.5239322745921707
70139,0.47306460827324165
70140,0.49840997523951064
70141,0.49665255241922496
70142,0.4872628106004291
70143,0.5136769234205365
70144,0.4867061893551991
70145,0.5249029932330453
70146,0.49182869179765554
70147,0.5016883044018199
70148,0.5217591931896558
70149,0.526276118142671
70150,0.4642983202246414
70151,0.47668066088297645
70152,0.5504112487283933
70153,0.5016428067433738
70154,0.49005147383448566
70155,0.4706005203456336
70156,0.5396634830039051
70157,0.4879798488617706
70158,0.4936766772460698
70159,0.5588348005312357
70160,0.49769089333029237
70161,0.5125987107651232
70162,0.4585726000369895
70163,0.5038131991186989
70164,0.5303306080761192
70165,0.5199347155024563
70166,0.5241474337994956
70167,0.4982570800600846
70168,0.4969245305196934
70169,0.5285932729801085
70170,0.4954620790932698
70171,0.5582185165557312
70172,0.5137299900156459
70173,0.5071516023398166
70174,0.453993911888847
70175,0.49572306107586234
70176,0.4583729489542243
70177,0.5038058271913323
70178,0.48339335215766716
70179,0.2895137275195502
70180,0.5250666101674369
70181,0.4728857929329313
70182,0.46581195688264665
70183,0.5024122291305066
70184,0.49114522465342975
70185,0.47666511372409753
70186,0.2957558348906295
70187,0.4944415849467475
70188,0.5193516317699554
70189,0.48150196098047426
70190,0.4666808503805527
70191,0.5307430494139406
70192,0.5530501418377434
70193,0.7583833479918278
70194,0.5112541678700954
70195,0.5099072361515328
70196,0.5076724775281559
70197,0.3360042385354023
70198,0.52200632192365
70199,0.5337793418119223
70200,0.28770898810078727
70201,0.540468962546121
70202,0.5039571999498148
70203,0.47380601973955816
70204,0.5027432041736313
70205,0.5065335327207475
70206,0.50748829211317
70207,0.5077557266461196
70208,0.487514665554838
70209,0.5032471977985723
70210,0.41065786172211194
70211,0.482855928262563
70212,0.5014261635251054
70213,0.48461356234343267
70214,0.5441947450437454
70215,0.27562307598030666
70216,0.5050355645242391
70217,0.4722313790215305
70218,0.5517234260051868
70219,0.5146414909340007
70220,0.5865802355624259
70221,0.5226619641296819
70222,0.479936156345448
70223,0.5509486366777482
70224,0.52030531789939
70225,0.505767097638965
70226,0.5132756588349353
70227,0.5323139711237161
70228,0.7700851051958181
70229,0.5038257151039457
70230,0.5002005092151436
70231,0.36579140858953035
70232,0.5226973530368769
70233,0.28660851838038165
70234,0.5345503116391074
70235,0.3356530990896296
70236,0.4989563569891525
70237,0.531216432585959
70238,0.47921208903449675
70239,0.5215792421677602
70240,0.5226459385035553
70241,0.5285297244334237
70242,0.49369608756542177
70243,0.4668994034757763
70244,0.51747228825306
70245,0.48329767225134496
70246,0.5131859818476102
70247,0.5255567048248206
70248,0.45036680558089187
70249,0.5048925886540566
70250,0.5055592986319558
70251,0.520490964601442
70252,0.5394275024893266
70253,0.4788862193421865
70254,0.5058947043613355
70255,0.4643660866956599
70256,0.5068982833134255
70257,0.5356908601250392
70258,0.518955189896185
70259,0.684029742707845
70260,0.49524294955249437
70261,0.5071360942250646
70262,0.514088023843885
70263,0.48583997488801167
70264,0.538049399278093
70265,0.49855165660891027
70266,0.5502817647838035
70267,0.5454834604357889
70268,0.49824733868467247
70269,0.533669459734644
70270,0.516880713335434
70271,0.4463430329730396
70272,0.5025349267286744
70273,0.5245843935802654
70274,0.4552204767673456
70275,0.51829991261613
70276,0.5220803840561687
70277,0.5378822601130375
70278,0.5104154198187051
70279,0.5025214128760377
70280,0.3020727903010369
70281,0.5042044087609823
70282,0.5436647248248714
70283,0.494039396413683
70284,0.5030394941509475
70285,0.5178422805013769
70286,0.5117693341725947
70287,0.257342822799041
70288,0.5212592460281289
70289,0.5342732548872969
70290,0.5296588177478062
70291,0.5240717425535735
70292,0.5078391037213917
70293,0.5211385149846961
70294,0.5355895404600907
70295,0.4587845759390996
70296,0.4687478164923319
70297,0.48508139665715355
70298,0.47422624947133213
70299,0.5196622269170125
70300,0.5253763056882959
70301,0.4966364504529382
70302,0.7412041825438649
70303,0.46525359602515576
70304,0.5084402098302653
70305,0.493459114933619
70306,0.5253313986584635
70307,0.5366148569461372
70308,0.4682806111024768
70309,0.4769147451281408
70310,0.4573784116339481
70311,0.5473298486626509
70312,0.5025811399538501
70313,0.5534667050083978
70314,0.4596130883758886
70315,0.4930680955526388
70316,0.5096723478499344
70317,0.4699320411248642
70318,0.531359046955517
70319,0.5270564840483276
70320,0.4635646753198989
70321,0.5179799513823187
70322,0.5367331929789771
70323,0.5237864978516943
70324,0.2896083401533037
70325,0.3522518258819562
70326,0.36229634768491453
70327,0.5158011276084516
70328,0.5218424913890144
70329,0.529115936905304
70330,0.4638085289789046
70331,0.532741292180296
70332,0.4434691824105411
70333,0.5190217749456526
70334,0.5080668194595483
70335,0.5227925672049867
70336,0.488908374119755
70337,0.4772902554745959
70338,0.5235144956083099
70339,0.48957958323752615
70340,0.4760135784259407
70341,0.4882848344988397
70342,0.5414994612503674
70343,0.5225458844374579
70344,0.5145199479652339
70345,0.43242499033042425
70346,0.31656070748908444
70347,0.5408782078131857
70348,0.5079002574213999
70349,0.2740217164491682
70350,0.5208940967109726
70351,0.5115640953094405
70352,0.5002128514295924
70353,0.4667508031859347
70354,0.51973797303769
70355,0.5186098886078643
70356,0.29732381857415147
70357,0.5159570822968944
70358,0.5227210648649105
70359,0.5196134935363099
70360,0.47267233373727424
70361,0.535254794944582
70362,0.5423338740007143
70363,0.5279118688896036
70364,0.48653301629761736
70365,0.5122607843967603
70366,0.49617389227705033
70367,0.5001929791291114
70368,0.4934663197600796
70369,0.5413532384682588
70370,0.512966494200832
70371,0.4686615129263489
70372,0.5202842924171545
70373,0.5362404352768393
70374,0.5211878830999445
70375,0.49366407634824805
70376,0.5479514361168066
70377,0.5477481651883559
70378,0.49367269786703566
70379,0.5145827929101566
70380,0.5051702496413142
70381,0.47558413492537105
70382,0.541453354709568
70383,0.4594015872486565
70384,0.46329998907765985
70385,0.48146809641478366
70386,0.5132339274072266
70387,0.3286954054464753
70388,0.5044921449363133
70389,0.5124500344053619
70390,0.5284887049746249
70391,0.5259943729084818
70392,0.5225400939489119
70393,0.4895764180823057
70394,0.48162999775524673
70395,0.5084306538554656
70396,0.5067719922877411
70397,0.5130655248959568
70398,0.5185891233048504
70399,0.4646138554938989
70400,0.5076803470355689
70401,0.5295879782403118
70402,0.5142986677287185
70403,0.6137781011208823
70404,0.5060047300998873
70405,0.519391694504846
70406,0.45648389530696243
70407,0.5264877244466669
70408,0.4832265561886619
70409,0.48808788592732794
70410,0.472561147016625
70411,0.4734723403553305
70412,0.44693632384155707
70413,0.4672124458157619
70414,0.4961375053024859
70415,0.4495386342810367
70416,0.5091212670741109
70417,0.4941590172749646
70418,0.5233350428618815
70419,0.49880590762025484
70420,0.50608718559882
70421,0.5329695721668287
70422,0.7723559273553435
70423,0.4814892684873325
70424,0.5333987829310347
70425,0.5023963075003179
70426,0.5218981539774517
70427,0.48946581117830823
70428,0.4620045805266764
70429,0.49025312313506497
70430,0.5172887980671572
70431,0.5136047524886628
70432,0.5515922228413354
70433,0.500008741325655
70434,0.42231217309206726
70435,0.5365005246341878
70436,0.5454090641296839
70437,0.5537891882488607
70438,0.5155190914720776
70439,0.5240600285551984
70440,0.4772774827486319
70441,0.5481898886138742
70442,0.5067957209053104
70443,0.4845256920942058
70444,0.4511773554978088
70445,0.5190033072714035
70446,0.4907972392183666
70447,0.5634143518897079
70448,0.5201256835007827
70449,0.5280967143183717
70450,0.554474473699219
70451,0.5034749856580393
70452,0.49748165260918975
70453,0.5053254011361182
70454,0.5132210362314071
70455,0.5310340167523588
70456,0.5154880337553671
70457,0.22889767560373753
70458,0.5148172634856895
70459,0.5092163710646898
70460,0.5485178333060006
70461,0.5081017611346046
70462,0.5390325476867498
70463,0.44024492212266875
70464,0.47951541187982044
70465,0.4920638287760151
70466,0.5137221730209666
70467,0.521575218939848
70468,0.41066831691174555
70469,0.47364235558949797
70470,0.5197904515290599
70471,0.4953195886280879
70472,0.25809161509356854
70473,0.48677158485516664
70474,0.5236198530821825
70475,0.553657047595266
70476,0.5103327777292189
70477,0.5351270509765215
70478,0.5220996768210396
70479,0.3507906796494769
70480,0.5047939839527843
70481,0.5323415932904855
70482,0.4824549002096547
70483,0.5363258676128677
70484,0.5113409259612324
70485,0.5397372662534204
70486,0.505751891952351
70487,0.49344497283660266
70488,0.4586039636297497
70489,0.4791639285696275
70490,0.49674633011869374
70491,0.48910442050730807
70492,0.5068475704790377
70493,0.49365564999692646
70494,0.4853158713470976
70495,0.48519781303423737
70496,0.4552317099125292
70497,0.526291894900119
70498,0.48962467736463794
70499,0.3198627001380348
70500,0.516465046493979
70501,0.518026826746591
70502,0.4750329523095451
70503,0.48491480699208434
70504,0.5177807664273982
70505,0.5189734846336533
70506,0.46929004963749904
70507,0.5426162197851261
70508,0.4824225281974542
70509,0.4979628992423159
70510,0.517740646975437
70511,0.5081049008262976
70512,0.5271507692704904
70513,0.525420918356525
70514,0.48962662509791227
70515,0.48379521724315105
70516,0.479433526651391
70517,0.5140224287960348
70518,0.5539578784100979
70519,0.5132280215902593
70520,0.5272459979098812
70521,0.4815994767856935
70522,0.5488638406282144
70523,0.5134656847701581
70524,0.5043898958460429
70525,0.49867359326208544
70526,0.4881412690955804
70527,0.537068231879598
70528,0.4867914345366871
70529,0.49273873236789184
70530,0.44698827207908687
70531,0.534572252068025
70532,0.47930852332759183
70533,0.4888179969867376
70534,0.5318910328668847
70535,0.5330344282116244
70536,0.5102878691840146
70537,0.5129295780959674
70538,0.5338324323950869
70539,0.4657126569302156
70540,0.44833752206128885
70541,0.510098635007507
70542,0.5190687226232642
70543,0.4978168253771778
70544,0.4840541884221486
70545,0.3052652217636794
70546,0.4882333246290676
70547,0.5378257313173143
70548,0.45390915246081776
70549,0.47674152985828094
70550,0.5052622834354985
70551,0.5235553918064991
70552,0.4853190892552014
70553,0.274838342365508
70554,0.49078909486911854
70555,0.5251879905647006
70556,0.46121119952440526
70557,0.510701689872375
70558,0.5075047296413976
70559,0.5114118199608507
70560,0.523584152350942
70561,0.516129408271782
70562,0.5368633121934285
70563,0.5088946668740636
70564,0.5197614480455246
70565,0.5080947355360701
70566,0.5213126595987694
70567,0.4960325086522591
70568,0.49511777821264547
70569,0.7999965364555327
70570,0.434421742923571
70571,0.5157966704780552
70572,0.5080568203220934
70573,0.5255438467995983
70574,0.5294557915560221
70575,0.5137648913975247
70576,0.2912978400508215
70577,0.45265007738579216
70578,0.5052956755044375
70579,0.49640098072504013
70580,0.4932232285251898
70581,0.5224163041373929
70582,0.4986623598405864
70583,0.4555308588634084
70584,0.536935172883316
70585,0.5227819650314088
70586,0.5379009066275073
70587,0.50624498115963
70588,0.4582023518868701
70589,0.48738957523682364
70590,0.2753124412414357
70591,0.46306956946680927
70592,0.48836007448076374
70593,0.29162736764326935
70594,0.4351728211999333
70595,0.49256327153317647
70596,0.538566423023099
70597,0.4739417009869865
70598,0.5429448612661186
70599,0.5363909844104197
70600,0.46010614063628213
70601,0.5218904079200466
70602,0.44016676696459267
70603,0.4913495960447801
70604,0.5138538615997795
70605,0.3176828715159292
70606,0.5235853973084633
70607,0.543924417456121
70608,0.4843828764988528
70609,0.5163050386357215
70610,0.5158491642655377
70611,0.5089006220619408
70612,0.5203934459995764
70613,0.5096316180430718
70614,0.4558040234261425
70615,0.5323861094045872
70616,0.4841428157513297
70617,0.5405011720481544
70618,0.5192036723129931
70619,0.31659758488791945
70620,0.4882936684199919
70621,0.4966372486007141
70622,0.512949369128064
70623,0.4966183145678326
70624,0.5423578658701627
70625,0.520827557569922
70626,0.5170546709530975
70627,0.4948031984960903
70628,0.5395509767463205
70629,0.469821681850567
70630,0.5150683240094913
70631,0.5188197506679879
70632,0.49864136274869497
70633,0.49903810459188247
70634,0.5478133591425438
70635,0.4993560178668325
70636,0.5281776953751852
70637,0.4989792913410903
70638,0.49824108688174823
70639,0.5211665518236862
70640,0.4737000047174833
70641,0.4817875981931537
70642,0.5186085515870391
70643,0.5029632861025569
70644,0.46541879874416653
70645,0.5107744162516811
70646,0.5874311507275072
70647,0.5044101634329822
70648,0.5214964851539444
70649,0.4931511495427285
70650,0.4977373172821655
70651,0.5243825999790127
70652,0.26841037329872225
70653,0.5197120860585993
70654,0.538910026666932
70655,0.279978698351261
70656,0.5022962406406875
70657,0.5215624665823415
70658,0.4814955287041005
70659,0.47812407156276343
70660,0.5032128050465515
70661,0.5300772692864276
70662,0.5112851569146487
70663,0.5095086407589294
70664,0.5252619008889932
70665,0.48202691886725424
70666,0.443917340057669
70667,0.4794081150892725
70668,0.5544889232101
70669,0.5250939193872889
70670,0.518743840472307
70671,0.52499004091352
70672,0.5030084077691968
70673,0.5307133529199791
70674,0.5025019880506633
70675,0.4758667534046043
70676,0.48142028819880256
70677,0.4938300215937116
70678,0.5073157267386853
70679,0.5299242712416563
70680,0.4863779069473647
70681,0.6472470611299516
70682,0.4803713440407302
70683,0.7009147897814979
70684,0.5109070730528775
70685,0.5282270668745817
70686,0.4717402717512524
70687,0.2992988403009674
70688,0.5213459470056503
70689,0.47159571996142097
70690,0.5230393232089403
70691,0.49576171230592936
70692,0.44874393340393454
70693,0.5013772274901702
70694,0.5144430925940372
70695,0.5279617971194692
70696,0.4753066369422228
70697,0.3087504325357151
70698,0.4899392392189346
70699,0.5043763301062697
70700,0.28526341838963487
70701,0.5450636346692289
70702,0.5211630781497913
70703,0.4621074465619277
70704,0.49090848647433694
70705,0.3083151203508455
70706,0.502185282728675
70707,0.5265277502957273
70708,0.49456233147673634
70709,0.4849839402606137
70710,0.5342143798502477
70711,0.2830486985699054
70712,0.5255370811350218
70713,0.5128690191943458
70714,0.47473660006315316
70715,0.49618250560086646
70716,0.5280997704752125
70717,0.49806259150056764
70718,0.5124508684479221
70719,0.5482539080740032
70720,0.5097990324114384
70721,0.48261148327809034
70722,0.5153196882149795
70723,0.49147117561095766
70724,0.5427602292893876
70725,0.4987570394448404
70726,0.5336117753500965
70727,0.5230472252812789
70728,0.48572466231002337
70729,0.47779053162920676
70730,0.4840062471349856
70731,0.28413101857740297
70732,0.5475149871922418
70733,0.5231573761181564
70734,0.513061679585625
70735,0.4906565667071016
70736,0.49069065227173564
70737,0.5342315988209965
70738,0.4787352632689628
70739,0.5024090255202487
70740,0.511235734625867
70741,0.5458133863656277
70742,0.3375531016542558
70743,0.5567285952602105
70744,0.507306631407497
70745,0.5343208402387064
70746,0.5306820972258027
70747,0.48725894692408767
70748,0.4612249712923039
70749,0.5305849101963618
70750,0.5367592145492937
70751,0.5000226036257586
70752,0.35580876251263893
70753,0.5390216503376203
70754,0.5274538823212614
70755,0.47796850446151373
70756,0.514228301037189
70757,0.5190422970784881
70758,0.505547796114465
70759,0.37764741978615834
70760,0.5044940672467955
70761,0.47761258114956595
70762,0.5572779706900708
70763,0.5086220285807602
70764,0.5067468354793211
70765,0.5185844668332589
70766,0.3188902514765832
70767,0.5181038559385486
70768,0.5240378188474272
70769,0.533343322662405
70770,0.5158635633825226
70771,0.46920865660997835
70772,0.5279936575163132
70773,0.5198577122003724
70774,0.5260870804106474
70775,0.5275284217707212
70776,0.5215495411718296
70777,0.4643090389590669
70778,0.514789046883515
70779,0.492461576621704
70780,0.5395618155518127
70781,0.4882354902476821
70782,0.5286885130158653
70783,0.5240226554397823
70784,0.5064384228417389
70785,0.4989425203069874
70786,0.5777999692571215
70787,0.48183407185681426
70788,0.507650771998294
70789,0.2510284435963793
70790,0.2693005863642673
70791,0.5059701832864412
70792,0.4818975339554791
70793,0.5427383101851869
70794,0.5187745241747794
70795,0.5282001067359328
70796,0.5138540003646487
70797,0.4857446183191396
70798,0.5385940126812915
70799,0.5018590204361348
70800,0.5114695581782985
70801,0.5187076870474272
70802,0.5334518606980683
70803,0.4639920688029958
70804,0.49697400050860824
70805,0.4403876465766028
70806,0.4783639975727332
70807,0.49423033427884994
70808,0.49222962034391704
70809,0.4812262889578436
70810,0.5086799526441441
70811,0.7630321847584733
70812,0.4961081317980869
70813,0.5152582981638977
70814,0.5280077879575515
70815,0.518911443559472
70816,0.5263531931948028
70817,0.5092372368001832
70818,0.4674864406821839
70819,0.5129106601144287
70820,0.47256248339491413
70821,0.5358195721926333
70822,0.5597191145841464
70823,0.5124374102898143
70824,0.4640411080775373
70825,0.518771165735043
70826,0.5546894775513401
70827,0.48344634945226655
70828,0.5330384586303013
70829,0.49566467203926934
70830,0.5200859804853294
70831,0.4922614548653192
70832,0.496207661728594
70833,0.5194980404059675
70834,0.33268734777200726
70835,0.44578196993856484
70836,0.5176328039003862
70837,0.4906390689294656
70838,0.5076606104357742
70839,0.5089413347113946
70840,0.5154495105966058
70841,0.4885535419054183
70842,0.5315161390872846
70843,0.5221034461739462
70844,0.29641820738757624
70845,0.4986771663906486
70846,0.5360127011353104
70847,0.4592074675167724
70848,0.5196567252066331
70849,0.5275962628084826
70850,0.5372847131173206
70851,0.5307604590772727
70852,0.5006308253105827
70853,0.5409479955986978
70854,0.4813502553852787
70855,0.5154416713802196
70856,0.5065677552372571
70857,0.49122102404627793
70858,0.4941356631228869
70859,0.4926896153650987
70860,0.5241587141158148
70861,0.4011457890480931
70862,0.5228484094053502
70863,0.35085555963365594
70864,0.501944049642466
70865,0.48284966861207707
70866,0.4810113035343365
70867,0.48787088912963256
70868,0.521998499289951
70869,0.4820587798168422
70870,0.4876855793550055
70871,0.5267573639590393
70872,0.359882741260859
70873,0.5593317126836028
70874,0.47849340525788464
70875,0.5184814649859923
70876,0.4859901588021165
70877,0.292092387781787
70878,0.508565861885927
70879,0.5018081975932763
70880,0.5336729831622496
70881,0.4960698240311466
70882,0.35083974227703657
70883,0.510966446916189
70884,0.2690881967890848
70885,0.47246151123847485
70886,0.4728576891329555
70887,0.5140518770900052
70888,0.5148681441956219
70889,0.5265704415932748
70890,0.4931317235707399
70891,0.5197470675280776
70892,0.485260233569317
70893,0.5095338397306665
70894,0.5277616111470269
70895,0.4902435984366046
70896,0.535960999546763
70897,0.4783689898996144
70898,0.49102393117414483
70899,0.5040961284589515
70900,0.5137606564080861
70901,0.49146684425519976
70902,0.5100640468927029
70903,0.5342225588434201
70904,0.521639408763758
70905,0.4477993879032465
70906,0.511203291293497
70907,0.30024408810418945
70908,0.5376444444143246
70909,0.498968032715747
70910,0.4752371969452785
70911,0.505240601227832
70912,0.4900372929907247
70913,0.4910449235140019
70914,0.44829868492834557
70915,0.5060125095338975
70916,0.3190919258315543
70917,0.4488106250387608
70918,0.47887174437164576
70919,0.4892483648063724
70920,0.2975853027837693
70921,0.46926944764815626
70922,0.5176356007444803
70923,0.5281414231381237
70924,0.5014780976807394
70925,0.5205474783443588
70926,0.48299671698605345
70927,0.49911129889335065
70928,0.4908594462193127
70929,0.5223775247031687
70930,0.46097660995067236
70931,0.4723910869296867
70932,0.5232744279966227
70933,0.4679762584398839
70934,0.5060187944555825
70935,0.716076043684157
70936,0.4992023625249869
70937,0.4974226280279623
70938,0.5205399781353524
70939,0.4765816442814705
70940,0.4928462928742526
70941,0.4732848413284296
70942,0.5261418775228923
70943,0.5244190178430466
70944,0.2917141640639736
70945,0.48968394545506944
70946,0.5302448501322194
70947,0.49130974218948037
70948,0.5227993820881813
70949,0.45315885973193815
70950,0.5742900447459397
70951,0.49424928347272806
70952,0.5138398470939862
70953,0.4672630965214711
70954,0.49051287866963783
70955,0.5237192400190428
70956,0.5196189857791486
70957,0.5215032052323385
70958,0.5105357268309971
70959,0.5250864349238672
70960,0.5398629646776526
70961,0.5412823323752156
70962,0.5022800450711686
70963,0.5055025853026717
70964,0.5202159513386732
70965,0.3432596816213212
70966,0.5081943466546232
70967,0.4797492038672894
70968,0.4865937458989632
70969,0.5027471569687213
70970,0.50247863698325
70971,0.5199259144083546
70972,0.5173922548281442
70973,0.46764060095457355
70974,0.48781289148442547
70975,0.512430117357749
70976,0.49231916753932903
70977,0.5345795465490768
70978,0.4665864138352059
70979,0.476631341548014
70980,0.5231866929364377
70981,0.5316850946713155
70982,0.4481408376781201
70983,0.517707648440833
70984,0.502747977721071
70985,0.5414920622951132
70986,0.5297675860720067
70987,0.5030373732034668
70988,0.4903273753775038
70989,0.4673004013033216
70990,0.5218067100214064
70991,0.49135698155281227
70992,0.48128718530734604
70993,0.5093094808707606
70994,0.5273890728955729
70995,0.5044107629066108
70996,0.5236937098615104
70997,0.5246004218393581
70998,0.49383021525541676
70999,0.4704611411844567
71000,0.5235617147935441
71001,0.4923176069070239
71002,0.531257754441008
71003,0.48273165670821994
71004,0.449917370182236
71005,0.5055546414604372
71006,0.4986283168576481
71007,0.4946428511097459
71008,0.5300839424345702
71009,0.5273150299310388
71010,0.4751274846527113
71011,0.47789522771649506
71012,0.5171638164243758
71013,0.488054727478891
71014,0.5693786842185968
71015,0.535306268115639
71016,0.5125822749926149
71017,0.48171236787865374
71018,0.3258831105435224
71019,0.5064860539568263
71020,0.5151217653644105
71021,0.4976709305026701
71022,0.5297138224995969
71023,0.5026655761987899
71024,0.5140969552189391
71025,0.5244925217343263
71026,0.5263577828114134
71027,0.5282942106380024
71028,0.47719795096027523
71029,0.49776966684408247
71030,0.5018412153234536
71031,0.6381721357028962
71032,0.5011278907574032
71033,0.44195494115554573
71034,0.3622030644725199
71035,0.4647361089665665
71036,0.5625987554721639
71037,0.4620663023672045
71038,0.5242521296716017
71039,0.4826689092234512
71040,0.48176880273734685
71041,0.4984734437733092
71042,0.4836862039900875
71043,0.5080832970826616
71044,0.5303148111120526
71045,0.5180426918628825
71046,0.3705463415973869
71047,0.29568714797876716
71048,0.484846136409739
71049,0.4323098989040654
71050,0.48885742723697645
71051,0.515930687844344
71052,0.5177862146300122
71053,0.504738535799392
71054,0.5389772018631385
71055,0.49035677122018395
71056,0.4994241456255
71057,0.5008029446507036
71058,0.5313010262481052
71059,0.4934115345413996
71060,0.5097860339504615
71061,0.790101498791427
71062,0.5058442380833924
71063,0.5215841257952432
71064,0.5190825716430868
71065,0.29255797895569924
71066,0.49001579434115644
71067,0.4977172557279572
71068,0.337744036932975
71069,0.49458391390939743
71070,0.5018473552001578
71071,0.5017735635118606
71072,0.4944179951068149
71073,0.5281382189803835
71074,0.5122959472247742
71075,0.5173203941001757
71076,0.5008505067171942
71077,0.48143532931682126
71078,0.5218983075985516
71079,0.4566107748055622
71080,0.4990905399075694
71081,0.47559344290039357
71082,0.45661870786112985
71083,0.5031007455867442
71084,0.4851449060987038
71085,0.46388062932845253
71086,0.5283023921479673
71087,0.4346748720640927
71088,0.4967116088196796
71089,0.5085488444706596
71090,0.4535636571105178
71091,0.29764087320733323
71092,0.4880179073179416
71093,0.5101613830724366
71094,0.5347337973348117
71095,0.5023019214607423
71096,0.4987828499376619
71097,0.5305714526256602
71098,0.45915219783766
71099,0.49068021804604495
71100,0.5076977471727797
71101,0.4696626107183413
71102,0.5134299846015905
71103,0.5303408685730141
71104,0.559038984518151
71105,0.4837970147906992
71106,0.4283659761596237
71107,0.49500457092404054
71108,0.4926027751340621
71109,0.5262083881213014
71110,0.504785879569303
71111,0.4942776230177428
71112,0.304726886044252
71113,0.5270864978564532
71114,0.4619532007360685
71115,0.528375811242904
71116,0.47900917667109355
71117,0.2817798502045295
71118,0.3423693252149177
71119,0.46427657894682867
71120,0.5242836523313871
71121,0.5412477794420081
71122,0.5406804975994289
71123,0.5331613808138448
71124,0.5221166597689496
71125,0.5106347905385984
71126,0.5098462241503581
71127,0.5181843072817334
71128,0.5152213459429887
71129,0.48332335360619183
71130,0.5539563965750897
71131,0.514987938623453
71132,0.46916677356725833
71133,0.5028933989015882
71134,0.5291625778801285
71135,0.4923066117648526
71136,0.5071289338403833
71137,0.4921849134989332
71138,0.4573144168785834
71139,0.5029799943992346
71140,0.5442172128054061
71141,0.45485853776483637
71142,0.44366740527507986
71143,0.5290957191420358
71144,0.5053110562027907
71145,0.46692310063884135
71146,0.5095820217008326
71147,0.40099419384555307
71148,0.5169357151801198
71149,0.492035474364472
71150,0.5530168055429044
71151,0.47855279326604694
71152,0.44211822364072334
71153,0.5099323606746701
71154,0.5163135019424829
71155,0.5400550097774447
71156,0.5245026891685501
71157,0.47403946828999866
71158,0.5446403036056836
71159,0.48980669962076306
71160,0.4958696299662849
71161,0.4657825269642512
71162,0.5006851032207197
71163,0.5091293950461746
71164,0.5118595267591252
71165,0.5098672844417342
71166,0.49178767535948265
71167,0.4955594367658076
71168,0.4995616562310272
71169,0.46666689672901795
71170,0.4910008831776023
71171,0.49145256737406756
71172,0.5415346801675754
71173,0.5242169617164151
71174,0.4852801168426946
71175,0.4911486059769345
71176,0.4757514648742739
71177,0.5215513316991683
71178,0.5091289487251279
71179,0.4802865134999136
71180,0.5015727343217067
71181,0.4417897765880084
71182,0.5286272933369425
71183,0.5234430361965808
71184,0.5087845551678858
71185,0.5348304575086493
71186,0.4458536907586049
71187,0.30523216697137606
71188,0.5189124508481926
71189,0.48982533632954206
71190,0.48987305635944967
71191,0.5196938616869976
71192,0.4954465502604235
71193,0.5136088611780288
71194,0.25946257840138737
71195,0.5297056157429814
71196,0.5037095445350399
71197,0.5369469793869087
71198,0.5236176454327653
71199,0.5218581258865261
71200,0.4629589786912665
71201,0.5086434586631555
71202,0.5331002745587368
71203,0.4464903150378031
71204,0.4855103056217273
71205,0.47499523980209624
71206,0.5012765267208218
71207,0.5082868699569443
71208,0.5082243755021294
71209,0.508353286099892
71210,0.4855994559987157
71211,0.4991280863086445
71212,0.5216246249397516
71213,0.48369169632510667
71214,0.4866896324800097
71215,0.5219542465156892
71216,0.2282625353657126
71217,0.2710879121365475
71218,0.27898632619366626
71219,0.50720982240403
71220,0.3570265523009392
71221,0.5127899506733782
71222,0.4899634266871686
71223,0.5163385639607717
71224,0.5826327730632138
71225,0.36585392613443085
71226,0.339774591329407
71227,0.33123874866357367
71228,0.3185408667681045
71229,0.2540289913322554
71230,0.3020998135465428
71231,0.5351982219516098
71232,0.5120210253755422
71233,0.7622061951085136
71234,0.5070353487459118
71235,0.36344151217918386
71236,0.7704304613949087
71237,0.7793860362718251
71238,0.5027460333933687
71239,0.5047272446993681
71240,0.46066904419917903
71241,0.5252830815748737
71242,0.4176410431444041
71243,0.5132204972624753
71244,0.25566776173549904
71245,0.5414662476292524
71246,0.29915452075693433
71247,0.31410340949059407
71248,0.5204207762459945
71249,0.3361264768387252
71250,0.7640300659632494
71251,0.5106522604158606
71252,0.31600933786407936
71253,0.48964581688506115
71254,0.5181423676165382
71255,0.500963129877733
71256,0.48036421892366155
71257,0.5140307447446981
71258,0.5307107636219894
71259,0.5141195773283447
71260,0.3588110816524064
71261,0.5124606242123304
71262,0.5118883429912681
71263,0.2666880563951885
71264,0.5332612598646465
71265,0.297685666970951
71266,0.5729799899217074
71267,0.3177128620886303
71268,0.5035750220383227
71269,0.4908314251050669
71270,0.5230896602214997
71271,0.4259080670335321
71272,0.5342833646989706
71273,0.33481347637268544
71274,0.5196753767719471
71275,0.275913278540555
71276,0.5386350491091643
71277,0.5205256908813332
71278,0.3244602165419444
71279,0.5023800888004626
71280,0.32084115859047296
71281,0.5056874511714233
71282,0.20697977327316583
71283,0.517293916501913
71284,0.4858769550330213
71285,0.5073893021878821
71286,0.5165700837802936
71287,0.5102994812121868
71288,0.26169678925315315
71289,0.510929948185738
71290,0.5042485235892546
71291,0.5348137610153674
71292,0.33406128749746083
71293,0.481513259797845
71294,0.25349851839751164
71295,0.29356789152595764
71296,0.4598841548316548
71297,0.5510793122920403
71298,0.4581520687833622
71299,0.5240452809875342
71300,0.3476518507591279
71301,0.26754317407681605
71302,0.3093413252933016
71303,0.2773672250823975
71304,0.47561217219793417
71305,0.5076504962613759
71306,0.507385387619231
71307,0.47449353248424564
71308,0.3405158889097897
71309,0.5039996728836976
71310,0.5065611538244479
71311,0.5325648656892276
71312,0.517228314865721
71313,0.3220041131109274
71314,0.5346549574356251
71315,0.2553260518448879
71316,0.3484273656442609
71317,0.3302047596546989
71318,0.5332484696504002
71319,0.505367609734638
71320,0.45988473583042244
71321,0.5176337791567127
71322,0.3314162527869724
71323,0.5611459729402694
71324,0.26829780605156167
71325,0.4800604890013947
71326,0.31053869673586454
71327,0.48558137318202327
71328,0.5128091090237936
71329,0.4848759866156894
71330,0.3434142436198066
71331,0.51516744031358
71332,0.5243917076517186
71333,0.5063483125955937
71334,0.546751456055925
71335,0.5268639714747877
71336,0.4982029276373007
71337,0.3702166379640507
71338,0.7158031513936697
71339,0.5048160501149559
71340,0.5042010097695395
71341,0.4745188338150567
71342,0.56137719886001
71343,0.28304158094189175
71344,0.5454213759358477
71345,0.5043261568259428
71346,0.4855895297435226
71347,0.4908532530294165
71348,0.5115855344515068
71349,0.5286796113591818
71350,0.45244370623889263
71351,0.47767490877211305
71352,0.5158156501705423
71353,0.5109500811607866
71354,0.5190094172748625
71355,0.4777295877589827
71356,0.47149144851300007
71357,0.46468629721016075
71358,0.46980846932423836
71359,0.30938750566371165
71360,0.32873123731570963
71361,0.5326629063921524
71362,0.5198101260194882
71363,0.7672650218141798
71364,0.33555433943193363
71365,0.4945220499387675
71366,0.32600383952170037
71367,0.5228416863920796
71368,0.4656965225589526
71369,0.2928666797076947
71370,0.508778379188032
71371,0.5333642366088871
71372,0.5157782071143556
71373,0.2701542994640297
71374,0.5255021533963551
71375,0.49029272113774824
71376,0.348110464558017
71377,0.2931057408981301
71378,0.251441390797376
71379,0.1821935965404611
71380,0.5714487789587733
71381,0.5218640861416703
71382,0.5247606130093038
71383,0.2683340603411483
71384,0.5453468109570891
71385,0.49193505673851506
71386,0.5231760300537786
71387,0.5238602272197653
71388,0.4787867853159278
71389,0.5117541366580427
71390,0.5145971408057805
71391,0.3004478721889989
71392,0.5004329164365089
71393,0.5046281624299297
71394,0.5277848562774853
71395,0.24941649936197588
71396,0.49320548875223297
71397,0.4775535723443829
71398,0.2761117089709814
71399,0.5197153649434653
71400,0.28255509624691705
71401,0.513521357293187
71402,0.28813576803254204
71403,0.5532562304012144
71404,0.2930227177547602
71405,0.5333900574750293
71406,0.5393831337125979
71407,0.3143024218800877
71408,0.2869862866218004
71409,0.5068001887464852
71410,0.2579959685874137
71411,0.30689356735542195
71412,0.5208658470876685
71413,0.5202990544295526
71414,0.4935352271902337
71415,0.27149954830453593
71416,0.5017681620427233
71417,0.4829602083603699
71418,0.532854997866991
71419,0.529196039908492
71420,0.5240526417862328
71421,0.2830035793347315
71422,0.5114334191420332
71423,0.5331863958570099
71424,0.5144758363756919
71425,0.5549037591883471
71426,0.5323859830284532
71427,0.3345323860092692
71428,0.5195622602267865
71429,0.3386055471339703
71430,0.5173467529110413
71431,0.5226861670182547
71432,0.50213900585132
71433,0.5303400859817893
71434,0.5257812334390933
71435,0.5479877811156117
71436,0.497169367385246
71437,0.5058602347801964
71438,0.5368458336608791
71439,0.4603163805178754
71440,0.49805585603904373
71441,0.42573450901774734
71442,0.3152837012599976
71443,0.5108085787252623
71444,0.5228032217814099
71445,0.5159705915981655
71446,0.5270123472963633
71447,0.5073934720163004
71448,0.48993009670381854
71449,0.5224798280714361
71450,0.4641048601752194
71451,0.8123867469012441
71452,0.5407596132650249
71453,0.5135629780723011
71454,0.5206653965470861
71455,0.5447715318314306
71456,0.32153351246669515
71457,0.5140594302496999
71458,0.4882038152061014
71459,0.5286362429084366
71460,0.49990100965141165
71461,0.5157545917681506
71462,0.35870892978332697
71463,0.531952628428646
71464,0.346785770225436
71465,0.5125975654609103
71466,0.5284934725562904
71467,0.5141454961538992
71468,0.3090775093852509
71469,0.48888400326580195
71470,0.49927096590331677
71471,0.5165762137454922
71472,0.5042185245223685
71473,0.502527748724232
71474,0.43101826427602036
71475,0.4982339804507826
71476,0.5380404852164488
71477,0.5256522405511523
71478,0.5162155588582906
71479,0.5514990243587362
71480,0.2269921870125142
71481,0.5175693423633337
71482,0.5033281877470047
71483,0.31081617252632504
71484,0.5281904193925047
71485,0.5158732787434052
71486,0.5430266096409989
71487,0.2906329485525084
71488,0.5177015461086382
71489,0.25383476696444524
71490,0.48821321877296153
71491,0.5354566057118035
71492,0.5400172140953144
71493,0.4643164603261209
71494,0.32710996259894426
71495,0.49055746853335425
71496,0.5339895763204163
71497,0.5354633850213844
71498,0.3617415023093632
71499,0.5007416705701093
71500,0.5074343377881728
71501,0.5279634094465092
71502,0.49745917830056496
71503,0.2974186597746821
71504,0.5227155166743546
71505,0.5076758375325824
71506,0.5382398396236571
71507,0.5217115693703127
71508,0.5213624802316758
71509,0.3441299554352869
71510,0.34382505177823897
71511,0.4762729694874744
71512,0.5155394828147128
71513,0.3174591794984946
71514,0.28531691817065746
71515,0.3273326884163071
71516,0.4657887107734341
71517,0.5232803405478585
71518,0.5430419835641567
71519,0.48751398449429617
71520,0.26504826457616704
71521,0.6941433112827288
71522,0.26802480369895676
71523,0.5275942577392086
71524,0.2610104358032118
71525,0.5279884551674228
71526,0.32557199595230724
71527,0.49591301794890585
71528,0.49905690521822177
71529,0.5141205131578448
71530,0.5248001024172041
71531,0.5238421101806658
71532,0.517308930184481
71533,0.5291223022095056
71534,0.5037677983906068
71535,0.5042737881282328
71536,0.515782400852543
71537,0.5415996277344247
71538,0.5067541989626376
71539,0.31174517688875136
71540,0.4774138940471086
71541,0.3032896760414323
71542,0.2824116842145642
71543,0.3003257715838466
71544,0.509102736884914
71545,0.3195302546847236
71546,0.5069700493063833
71547,0.48989676337517923
71548,0.517106419570123
71549,0.26060084850530385
71550,0.5163445868807199
71551,0.5219770632366599
71552,0.3435311378795272
71553,0.5072123093872102
71554,0.48913276425510155
71555,0.5504496116613476
71556,0.342674168426522
71557,0.49984203279779127
71558,0.2911979763036266
71559,0.5847583875250215
71560,0.2756147863321347
71561,0.5059215093125191
71562,0.4913898492500819
71563,0.5289180613147592
71564,0.27566908278220265
71565,0.5438746384078955
71566,0.5082603789783213
71567,0.48893189871747383
71568,0.5058010213417027
71569,0.25889107301913095
71570,0.4780812220806202
71571,0.3152405191751455
71572,0.49553309793045036
71573,0.32100561655372783
71574,0.5177548737250754
71575,0.5326885793998751
71576,0.4687530687229936
71577,0.5381053397419835
71578,0.4777543895906177
71579,0.5048721170531422
71580,0.5245364597128178
71581,0.2867581806592861
71582,0.45186856663233904
71583,0.5253918938221066
71584,0.5204896870474309
71585,0.5069324831939002
71586,0.4779295877581709
71587,0.8140666755395295
71588,0.4804520730019359
71589,0.2949920174640441
71590,0.48112245573503537
71591,0.5240181077812264
71592,0.5293897280895679
71593,0.5408104369422967
71594,0.3375879129375325
71595,0.5203167830748624
71596,0.348155013962278
71597,0.49469580752728454
71598,0.5279016262194441
71599,0.4824774583246835
71600,0.48930319184570636
71601,0.5552252519563337
71602,0.507646738936293
71603,0.3134398378171805
71604,0.5168830968870894
71605,0.5280490767730089
71606,0.4786890111388282
71607,0.33136773622842924
71608,0.7630118466144109
71609,0.29698880903379404
71610,0.5251640871347644
71611,0.5120104837526146
71612,0.5307611448024158
71613,0.3036728162384545
71614,0.49469949075623354
71615,0.5259419492524411
71616,0.5295860780893689
71617,0.5092384196980028
71618,0.525539360939112
71619,0.28528825684931514
71620,0.30182541574861543
71621,0.2581506802348848
71622,0.46030223763068856
71623,0.5345048204794628
71624,0.5439885265737681
71625,0.5408352717803938
71626,0.5303171167652758
71627,0.3080412045131977
71628,0.496128403230402
71629,0.5368984082359533
71630,0.3356359692191879
71631,0.491440057971393
71632,0.5192685323344961
71633,0.512915409463401
71634,0.4910006217984121
71635,0.5023731867944805
71636,0.5312907857129029
71637,0.47819984851949526
71638,0.5369419829345051
71639,0.5199892099500555
71640,0.4960117924883903
71641,0.5064425417780941
71642,0.29434311969365085
71643,0.5138799303974514
71644,0.47728305742072047
71645,0.4950267793567192
71646,0.5354724556080848
71647,0.5219666027533912
71648,0.5147235879144508
71649,0.488798159791594
71650,0.5181275795916
71651,0.31737878085787086
71652,0.4923477899274515
71653,0.5134420956714267
71654,0.4978573846421981
71655,0.4462031460274377
71656,0.55152970415251
71657,0.5333002227444831
71658,0.5414258736471986
71659,0.6607051854540438
71660,0.5053832152899538
71661,0.5261434314598075
71662,0.5154206811681776
71663,0.3173054589509591
71664,0.33718955513644794
71665,0.5316148192354041
71666,0.2239475806323034
71667,0.19118012240769708
71668,0.4901010642692253
71669,0.5248864957315047
71670,0.5107379803704729
71671,0.49845551190068466
71672,0.5441285685231376
71673,0.5074896668002277
71674,0.5054200870033003
71675,0.30919570575336724
71676,0.4718916875615483
71677,0.5556550366794855
71678,0.5145346812394361
71679,0.3472135371879072
71680,0.5169047590912407
71681,0.5233614834627831
71682,0.5173997783366491
71683,0.47338886190180385
71684,0.4778373423698018
71685,0.5102428975844232
71686,0.520178697302836
71687,0.4345091480527125
71688,0.5079445591604365
71689,0.48307914753140774
71690,0.48550553048006134
71691,0.5132819360861954
71692,0.544255540145481
71693,0.31421729317328795
71694,0.3795715552828157
71695,0.3144207998412192
71696,0.4879455953713961
71697,0.556487278354538
71698,0.5137767881247751
71699,0.49158579746044206
71700,0.5211309211004345
71701,0.5127653381242913
71702,0.5368317860417781
71703,0.5272077282621026
71704,0.5505038603146354
71705,0.5004987566840959
71706,0.5351725176197605
71707,0.47683895766835155
71708,0.5321132551117959
71709,0.3383342984765389
71710,0.3171639117234791
71711,0.4622768472710896
71712,0.4789617164148007
71713,0.2899478436667348
71714,0.5389074230325427
71715,0.29000740242749473
71716,0.5061612221824318
71717,0.5137922848802524
71718,0.5034799686509079
71719,0.5011602924305418
71720,0.3197346071782488
71721,0.5285544772081366
71722,0.5175286001066663
71723,0.2942072063626225
71724,0.29753955685789507
71725,0.5146150092964712
71726,0.5168648067027614
71727,0.507539744320823
71728,0.33377782759375113
71729,0.32594220459689865
71730,0.49936512415626105
71731,0.49485775930254544
71732,0.5232193945728603
71733,0.47342845237266024
71734,0.28331480613596455
71735,0.48261166951035517
71736,0.5551947917332444
71737,0.5325923591761593
71738,0.5010083868878051
71739,0.5340875520646674
71740,0.5105715785553877
71741,0.5268893548336989
71742,0.4854010536162694
71743,0.5066565808966794
71744,0.5345555785660481
71745,0.5310034182067618
71746,0.4944908716017067
71747,0.48909188999173203
71748,0.51195845671796
71749,0.5209844590420525
71750,0.4961055716552629
71751,0.4836342214453606
71752,0.32454927147015417
71753,0.3428165647723978
71754,0.3527715257524451
71755,0.5197152351755122
71756,0.5129739656697161
71757,0.2613068138609974
71758,0.4812660779083749
71759,0.2781953351384623
71760,0.44307145492851585
71761,0.5248870578861158
71762,0.5065988935551029
71763,0.48376954497743313
71764,0.32831111344961045
71765,0.4669417124487437
71766,0.31474339315242733
71767,0.5407362988310429
71768,0.5079392462187141
71769,0.48229802182733583
71770,0.29000375312205956
71771,0.5429085453845126
71772,0.32599728063184935
71773,0.5357187145955099
71774,0.5364650849037862
71775,0.25951109806559136
71776,0.5416000116607692
71777,0.4851213538596995
71778,0.5051074600195766
71779,0.5047904738719811
71780,0.32154049248570127
71781,0.534628894920566
71782,0.3345381000151792
71783,0.5116477929202669
71784,0.4663187546359942
71785,0.5042823983610487
71786,0.47176029851432544
71787,0.5288384913100852
71788,0.5315348128805805
71789,0.5219669815176333
71790,0.3394465091511116
71791,0.3265876677403473
71792,0.4477948977381725
71793,0.5212987621876618
71794,0.5065147497925866
71795,0.5436101047109485
71796,0.5558460042482979
71797,0.5239340637878414
71798,0.5001601177608047
71799,0.32184124272566966
71800,0.508261384857636
71801,0.5254463633030971
71802,0.5311131627872697
71803,0.2959501085790142
71804,0.5951360981049123
71805,0.2534114225235203
71806,0.3415371689264571
71807,0.5277872512864658
71808,0.5493792529322356
71809,0.23319176322279778
71810,0.31251277288400625
71811,0.529461691692584
71812,0.32080538415983684
71813,0.5313859216593563
71814,0.334694700965943
71815,0.47812490234254534
71816,0.495626231858364
71817,0.5210151579395075
71818,0.28061227038374326
71819,0.5474675305765568
71820,0.4955219157265718
71821,0.5195243386687431
71822,0.26240086760936604
71823,0.3222677049997279
71824,0.5030590286411571
71825,0.5285553709976246
71826,0.5164333688358516
71827,0.5303186216991848
71828,0.4947882347099611
71829,0.3428605501492722
71830,0.3344879735182436
71831,0.2827310775403256
71832,0.2399069420593229
71833,0.4773000086986843
71834,0.2977192333516712
71835,0.4593348607466537
71836,0.5047789288254712
71837,0.26545339438694693
71838,0.5094787228255909
71839,0.5058408671586831
71840,0.52545999540525
71841,0.5253065961961028
71842,0.49145045165502665
71843,0.5242451111425801
71844,0.5232158671668801
71845,0.510852015643846
71846,0.493348380469818
71847,0.5408856677014374
71848,0.5367227256024165
71849,0.5072952916726445
71850,0.5075483404344373
71851,0.3416791037158111
71852,0.5019859602106196
71853,0.38218042238543914
71854,0.5288320515174688
71855,0.3138265446565217
71856,0.5297988058238052
71857,0.5366608122341697
71858,0.5432328647026996
71859,0.528454125192278
71860,0.52175302461759
71861,0.49600644986451664
71862,0.5013067247829763
71863,0.48356699385221324
71864,0.47932180455418627
71865,0.5060065553247263
71866,0.5381225518370888
71867,0.5123897775826262
71868,0.5247048603288232
71869,0.5109349815357234
71870,0.24786210175212617
71871,0.5465132344426185
71872,0.514253587578968
71873,0.27607174726225747
71874,0.7545515599658238
71875,0.5104756590119156
71876,0.3573626557052302
71877,0.5166704648060259
71878,0.475601788144382
71879,0.4891573656296716
71880,0.48543409285038946
71881,0.2983012542264127
71882,0.4345438944360686
71883,0.509567880006926
71884,0.3067162414320695
71885,0.5242944936182293
71886,0.49627208460332545
71887,0.4543948573881408
71888,0.5313448082962822
71889,0.5176267836717623
71890,0.5329716743399902
71891,0.29952285774950965
71892,0.5540589349492697
71893,0.3520881097398806
71894,0.49226082235866386
71895,0.5045253107849839
71896,0.3348561520983273
71897,0.5258613304954738
71898,0.3667131313030328
71899,0.2705928253783814
71900,0.3353569450707714
71901,0.25154810887763884
71902,0.4754871846367532
71903,0.2953327518545888
71904,0.48771115766197853
71905,0.47748748149553794
71906,0.5123030197909824
71907,0.528367419626368
71908,0.5077014497825159
71909,0.4911720962625796
71910,0.4977408386539349
71911,0.5231750422551383
71912,0.3027767408526727
71913,0.516406493723873
71914,0.35140198800226424
71915,0.5108718846467167
71916,0.503067362586361
71917,0.32768144060681376
71918,0.29190459231845184
71919,0.3410559836735956
71920,0.526774253326774
71921,0.4955286073639301
71922,0.4268167707516174
71923,0.5171289971242888
71924,0.26384430694559985
71925,0.27416087104336473
71926,0.4916539828754287
71927,0.4642895800742153
71928,0.37132648109677047
71929,0.4905430929877101
71930,0.4725350272422692
71931,0.26996910413026415
71932,0.5123577770939054
71933,0.2672194281026422
71934,0.30314709603282064
71935,0.5092261105071046
71936,0.5257679255908025
71937,0.4895672114954183
71938,0.34920203276824563
71939,0.19333467928490508
71940,0.5493643974133259
71941,0.29439493858737
71942,0.5414811778529529
71943,0.4926430078647267
71944,0.5059439655269476
71945,0.47943365439831714
71946,0.5051246176333747
71947,0.510827021650271
71948,0.2713479752972588
71949,0.5178809066855862
71950,0.2954601812380802
71951,0.5393188207840063
71952,0.25056618301261285
71953,0.33112103383939023
71954,0.3384927629176407
71955,0.3427145616580611
71956,0.4733821192446217
71957,0.3168042841052519
71958,0.2875323464317569
71959,0.32276963043082757
71960,0.5088576351814967
71961,0.5060611877220441
71962,0.4993821219692956
71963,0.2863391496754039
71964,0.3362420643474073
71965,0.23389944452766592
71966,0.49659822599893044
71967,0.5457711276156748
71968,0.3412929160833865
71969,0.5408298361549302
71970,0.46656765374416964
71971,0.3285708081236041
71972,0.4734720956332725
71973,0.4624173149559816
71974,0.3556075735884582
71975,0.5125134663465429
71976,0.26846570103904266
71977,0.30780230185627533
71978,0.5021042840722366
71979,0.5122936919159825
71980,0.3403378481537689
71981,0.5201800605159472
71982,0.49627241087913876
71983,0.511097180890026
71984,0.31268046307729336
71985,0.5176010411689248
71986,0.502011719963386
71987,0.4924719760400077
71988,0.5363291525595477
71989,0.31842504348762074
71990,0.3306167779948595
71991,0.5003527474127435
71992,0.332468597383374
71993,0.3302627976494078
71994,0.49716566235817167
71995,0.28358530237600055
71996,0.506455880758138
71997,0.4986094444932537
71998,0.5021494692758542
71999,0.529988677905366
72000,0.5162982419748025
72001,0.5293589891056001
72002,0.5140696530926713
72003,0.5316972146948845
72004,0.29708748022103626
72005,0.2838217744639273
72006,0.5316467992169536
72007,0.5147932594520114
72008,0.48525523709505225
72009,0.5037956363460375
72010,0.5041365604995403
72011,0.3092544336217793
72012,0.4820765168896964
72013,0.3178055845041715
72014,0.5555851735692185
72015,0.5074501015848125
72016,0.3049106221907223
72017,0.5386305415943734
72018,0.5081329613389134
72019,0.5365751476643503
72020,0.2895501271851646
72021,0.48782191902591626
72022,0.5030003033822066
72023,0.3002437133071741
72024,0.34632685113162137
72025,0.5132265678497802
72026,0.5108605886885917
72027,0.4954596488771949
72028,0.24929397485475152
72029,0.29971616972544274
72030,0.4910226150289987
72031,0.5258877501983614
72032,0.5074064645917066
72033,0.512421483561296
72034,0.3476885505375154
72035,0.5266903011960211
72036,0.5235049715885828
72037,0.5201542369819531
72038,0.4882059819213975
72039,0.5012422517763612
72040,0.52242917638486
72041,0.2609299969444166
72042,0.5246272206685336
72043,0.49731806376769333
72044,0.4694986519622541
72045,0.5335476728856873
72046,0.5252637940740483
72047,0.5101087729162876
72048,0.5089233432914331
72049,0.5368328242535754
72050,0.5080443521236333
72051,0.5165194816494967
72052,0.4960043243760266
72053,0.5078817934862696
72054,0.29453949657564205
72055,0.4960806514401861
72056,0.4763370876690607
72057,0.5267500397271581
72058,0.329254389287783
72059,0.5185770979736751
72060,0.4996988310545445
72061,0.4399397683835121
72062,0.5527912198368817
72063,0.2852227682664659
72064,0.5089809483250486
72065,0.5504919857717204
72066,0.4809519577704967
72067,0.49504868279468384
72068,0.4326418675047901
72069,0.5542705947991854
72070,0.34938724525711584
72071,0.5246618648598933
72072,0.5139499337925871
72073,0.5427599628073381
72074,0.5245338087209804
72075,0.3085983053308876
72076,0.5499589369513698
72077,0.5043648136748825
72078,0.4935598095137704
72079,0.47779741833557393
72080,0.5211162994626872
72081,0.5682555332011401
72082,0.4789196639344893
72083,0.5127896286695302
72084,0.5167454486390759
72085,0.45341505048379777
72086,0.5276233973801706
72087,0.5000340807541922
72088,0.5369372512067225
72089,0.5072960730427685
72090,0.34313555329379414
72091,0.5386499020113438
72092,0.5253312970091142
72093,0.49214225961501096
72094,0.4834406221964955
72095,0.4874096228498926
72096,0.5182400731852403
72097,0.5332208305212447
72098,0.518453282522139
72099,0.3110400105286246
72100,0.35507672928145617
72101,0.3363335517721794
72102,0.5177243890689716
72103,0.4794982202776209
72104,0.47594798548754835
72105,0.5155630419731528
72106,0.5324222101370059
72107,0.5336421726748799
72108,0.4930421218794929
72109,0.46765762776267183
72110,0.5121705648588826
72111,0.5155835019744186
72112,0.3186917862237067
72113,0.37168268651933006
72114,0.5129866344950214
72115,0.5198185408661165
72116,0.5209446376743845
72117,0.5200391612346111
72118,0.5323514651342212
72119,0.2698339679666224
72120,0.5284582675080957
72121,0.4891255620924031
72122,0.49339019798146555
72123,0.5055094833327539
72124,0.5288454299149922
72125,0.5183916852172277
72126,0.2651714095186879
72127,0.30324014938664323
72128,0.5095949292748846
72129,0.27876640788549706
72130,0.30978000380826576
72131,0.48504550300955596
72132,0.5368771501349544
72133,0.3387391629962306
72134,0.47471625923316263
72135,0.37543614895656674
72136,0.5011480950424406
72137,0.5468427382446689
72138,0.4947528671564228
72139,0.5237974835923628
72140,0.5238141605038508
72141,0.5319670355993124
72142,0.5244809026992441
72143,0.5214880403767417
72144,0.3472796926377105
72145,0.5040171841919662
72146,0.503040082503214
72147,0.3159056398444877
72148,0.529744963960475
72149,0.4816095221246533
72150,0.4980724649118161
72151,0.49456305856596994
72152,0.48275532520747055
72153,0.7910780788096085
72154,0.5295373779246825
72155,0.5122135552744691
72156,0.4426912024919993
72157,0.28795298241099826
72158,0.5059774663510075
72159,0.562398491999099
72160,0.47104569352261255
72161,0.5357918179074472
72162,0.4773830536767773
72163,0.28685703808847446
72164,0.5460885960367073
72165,0.3820103214561646
72166,0.2640783937794392
72167,0.2823211022217419
72168,0.4795179748520503
72169,0.566333070794895
72170,0.518908834054173
72171,0.49859587135032873
72172,0.4802790186561318
72173,0.31225761584149625
72174,0.5199678712789857
72175,0.5055641145983499
72176,0.5029410024169697
72177,0.49785325958140353
72178,0.27453384278819404
72179,0.5031229611586824
72180,0.5059443783932338
72181,0.3088228631563814
72182,0.48855207618846636
72183,0.5210669968890046
72184,0.28394971660421386
72185,0.5050033149264097
72186,0.5382343118723744
72187,0.49484393575064767
72188,0.508172561715956
72189,0.46042937161287023
72190,0.2713718556385059
72191,0.28529485394642434
72192,0.49550307907244406
72193,0.514273436668265
72194,0.2322988713482936
72195,0.5208931860954026
72196,0.5064707361046482
72197,0.5195790123466046
72198,0.5215516853860505
72199,0.24860432720274775
72200,0.23744696648549043
72201,0.3283344435015396
72202,0.4988495813542539
72203,0.5428931576448071
72204,0.5324454020975672
72205,0.5178983010961892
72206,0.5226878134064796
72207,0.5117519831362966
72208,0.48538901915558164
72209,0.33032548146102825
72210,0.3031983341887736
72211,0.5006755055878747
72212,0.34701063334339916
72213,0.4959918936394998
72214,0.505225139510328
72215,0.5369265078573422
72216,0.47480001830952107
72217,0.5192397955979535
72218,0.47211458150410907
72219,0.5101054779647288
72220,0.7188010015864396
72221,0.33762911304147203
72222,0.29423516248202203
72223,0.5250995311986181
72224,0.5271598439385367
72225,0.5339793608419502
72226,0.4932654973220032
72227,0.3335899627114652
72228,0.5055002233254628
72229,0.4958505047275695
72230,0.49614304264643716
72231,0.4962915090326367
72232,0.3069874717732255
72233,0.4998949866011338
72234,0.297375085462827
72235,0.30123853263332384
72236,0.5165317601173706
72237,0.5018958622915273
72238,0.5529603812129448
72239,0.2995769823986365
72240,0.2696135813768565
72241,0.6794291293861098
72242,0.5135104331432062
72243,0.4897044820192728
72244,0.5345330802519452
72245,0.5259882909930979
72246,0.5435508679819333
72247,0.48403945994936837
72248,0.4986445050175833
72249,0.28569984613687477
72250,0.5251685719581742
72251,0.5145264083003952
72252,0.5174315727109342
72253,0.519738405232838
72254,0.5133287434429747
72255,0.528086432853657
72256,0.5420667479240306
72257,0.5343958402395883
72258,0.521413465063997
72259,0.4205579917536932
72260,0.5355221959965014
72261,0.5158086673587501
72262,0.5191016306274239
72263,0.5317736806398558
72264,0.502999292782191
72265,0.5160377279104613
72266,0.5013490821058516
72267,0.4801387030130098
72268,0.5055303046958827
72269,0.5463796980000534
72270,0.3278456807827349
72271,0.4959714711969877
72272,0.452713639524288
72273,0.4557537810220562
72274,0.30128506192732113
72275,0.558493491078938
72276,0.2851463206969602
72277,0.46149093718613726
72278,0.5320785410392257
72279,0.5193422633278952
72280,0.4866253806997238
72281,0.32949867022359874
72282,0.5199757756447575
72283,0.48783288436026023
72284,0.5776050837271663
72285,0.49790010661278516
72286,0.5344100837794016
72287,0.5103834048006627
72288,0.4897216677204756
72289,0.2526544867063993
72290,0.4900868758919036
72291,0.5053695038390477
72292,0.4168937220891185
72293,0.4910439854525697
72294,0.5358717880482607
72295,0.535097819089716
72296,0.5460530798194377
72297,0.2606474850792999
72298,0.38461249186465835
72299,0.4921825625151881
72300,0.5297522293868726
72301,0.5268419145094826
72302,0.4874967735433003
72303,0.47561636336816826
72304,0.49048805923612715
72305,0.2936133654579444
72306,0.5251494451102212
72307,0.5122850611607143
72308,0.5526216506087769
72309,0.2669173058926374
72310,0.5488232919878835
72311,0.49935807819705874
72312,0.49591019334412284
72313,0.5495103075770371
72314,0.47641010343696544
72315,0.535736758276101
72316,0.3656593139377954
72317,0.4902231079632884
72318,0.2862599459814035
72319,0.5027671084367011
72320,0.49588111174377025
72321,0.3423276349053929
72322,0.538707719336292
72323,0.48937339222675375
72324,0.5171007385179158
72325,0.5368437208840341
72326,0.20528083186748705
72327,0.2868497145134436
72328,0.4892894742154477
72329,0.3149174372567518
72330,0.5176184250001639
72331,0.45340938392854624
72332,0.5404750650542215
72333,0.3281786033829154
72334,0.4443951078434865
72335,0.5454566489470895
72336,0.33714198303018156
72337,0.5004891117631151
72338,0.4810508444278346
72339,0.5324077019795589
72340,0.3577458654183549
72341,0.5266066048145231
72342,0.5095842338551704
72343,0.4695512965325761
72344,0.5174497907820119
72345,0.5137675615004159
72346,0.4737166530111776
72347,0.5279633469832148
72348,0.45249477410704236
72349,0.5234689702231482
72350,0.5447333309258894
72351,0.5378674781055113
72352,0.5388778619511598
72353,0.5327750787272805
72354,0.36473468186503805
72355,0.33277907816198615
72356,0.4893988049870847
72357,0.5185536841490066
72358,0.5511119114434951
72359,0.48077251830296935
72360,0.5171589130843255
72361,0.5086484488716638
72362,0.4628005998444172
72363,0.5203038962575226
72364,0.5274111904911265
72365,0.5460918618374847
72366,0.29623798754984715
72367,0.499421238973861
72368,0.513331083164062
72369,0.5381092613757598
72370,0.5003046796973933
72371,0.23261833470082252
72372,0.5152647686682221
72373,0.512204399492404
72374,0.5200037677956911
72375,0.2645469030386554
72376,0.5099602661623555
72377,0.27395633634950955
72378,0.5024829982042681
72379,0.3069534482045928
72380,0.36470079980328846
72381,0.51706270125813
72382,0.33751356269803984
72383,0.3531867389149337
72384,0.33850403345897023
72385,0.4978563286094269
72386,0.5029085176675354
72387,0.5212735112481138
72388,0.5070789847995854
72389,0.5305740024828368
72390,0.49897139560507275
72391,0.5365644261366522
72392,0.3016686495086463
72393,0.5045420983081703
72394,0.3579024174698363
72395,0.4330562553549199
72396,0.2783361183753268
72397,0.49945217923452445
72398,0.5570190352040729
72399,0.3271416640396563
72400,0.48168248747437403
72401,0.5032391879407434
72402,0.4833309791199961
72403,0.5392741740182778
72404,0.525806717870214
72405,0.513488690878271
72406,0.4930361429551153
72407,0.5446284900108803
72408,0.5016630026050575
72409,0.5205994532424348
72410,0.4960620715376066
72411,0.4950199709824177
72412,0.30281240107320867
72413,0.5047432094375827
72414,0.4587262578866499
72415,0.4535906687454665
72416,0.48420136406501074
72417,0.5054306652381438
72418,0.4855678897101418
72419,0.5165592236109787
72420,0.5185105433191133
72421,0.3706680169418975
72422,0.4181388701145174
72423,0.7995766657431417
72424,0.49691605752677054
72425,0.5367464414787204
72426,0.48229438418196274
72427,0.4928097447844608
72428,0.31851619845649415
72429,0.5264761411636328
72430,0.2846592378994278
72431,0.5262612924894211
72432,0.5178349484169175
72433,0.5324872844754449
72434,0.5405838972961238
72435,0.510473406582136
72436,0.29251611844234165
72437,0.3213234465665509
72438,0.48316569883260374
72439,0.33846460218274055
72440,0.27122505148619425
72441,0.5158786136139797
72442,0.3029835092362644
72443,0.28581973728982113
72444,0.5141341907761275
72445,0.32527588640281435
72446,0.3490847537986495
72447,0.5274790900111808
72448,0.5251177438697108
72449,0.3551327148379687
72450,0.2853792094554345
72451,0.3231982485532041
72452,0.2850329491663293
72453,0.5178820651381989
72454,0.5173636416675301
72455,0.2956138398538728
72456,0.49715774424387293
72457,0.5167726011737886
72458,0.33992051443525634
72459,0.33620348401141
72460,0.274513297617953
72461,0.26137235485371246
72462,0.4573672248072537
72463,0.5215482362838137
72464,0.5460561140830614
72465,0.5109606049872693
72466,0.49112487540883554
72467,0.5152651414634273
72468,0.3243281688265283
72469,0.5247403225873012
72470,0.49527961382437075
72471,0.4929981488924439
72472,0.28649673226770833
72473,0.5143333503088238
72474,0.27993909961346525
72475,0.3413481203488502
72476,0.5044779116454577
72477,0.4793809513604215
72478,0.5091484587466032
72479,0.2959850145374631
72480,0.49388695764366725
72481,0.4987500478664123
72482,0.5136933368049784
72483,0.5083440331984281
72484,0.5365749891609887
72485,0.5278231040650795
72486,0.34238702810008825
72487,0.5134845322305395
72488,0.540637894238442
72489,0.5318380323486288
72490,0.48393598830382684
72491,0.49754178249173026
72492,0.19465485746720462
72493,0.33033231825576814
72494,0.5293485946539696
72495,0.3215681581989121
72496,0.5049251186041266
72497,0.5282230908259486
72498,0.4975919429174472
72499,0.492225981393523
72500,0.3325468783497171
72501,0.47977921665939854
72502,0.33348042499997754
72503,0.5327610144000399
72504,0.5352568236166921
72505,0.37224589348847376
72506,0.5323486576562368
72507,0.5274048955938787
72508,0.5620081841204086
72509,0.21286348220708412
72510,0.3144292158064947
72511,0.49763761839700915
72512,0.3154079051463178
72513,0.4917423188719754
72514,0.48107707232307934
72515,0.4975872784754234
72516,0.47227023956393194
72517,0.5166141517844665
72518,0.487631405759948
72519,0.5135234127587306
72520,0.760538783904779
72521,0.3472868610684732
72522,0.499310197769638
72523,0.5386887691543514
72524,0.4928049745841334
72525,0.5266545050010871
72526,0.49521024136964503
72527,0.5207145626697531
72528,0.30468288445892044
72529,0.42609691391047916
72530,0.5285490453348872
72531,0.49121802895075706
72532,0.5175477562032085
72533,0.2766433665656352
72534,0.4985924139504925
72535,0.5199009456035065
72536,0.5038727848628081
72537,0.2799325595888706
72538,0.49752660616481326
72539,0.5010098570662729
72540,0.4900903424910062
72541,0.31433711861012814
72542,0.27458950225210543
72543,0.5010562221923376
72544,0.3388044778275135
72545,0.528279541982827
72546,0.46572612316754314
72547,0.27425189970547487
72548,0.4889873594280433
72549,0.5054001580530831
72550,0.5316496855842742
72551,0.524394720170144
72552,0.46803973515133296
72553,0.2891825209924101
72554,0.49892070534952904
72555,0.496205367072974
72556,0.49028261447647287
72557,0.43852668216279067
72558,0.303270126229439
72559,0.5069062047159862
72560,0.47972358292415873
72561,0.5188895278551566
72562,0.33462649489086455
72563,0.5376821550579843
72564,0.4979908976613713
72565,0.4834900741859731
72566,0.2642418307323534
72567,0.2944244842721643
72568,0.3042781812581103
72569,0.4719539821371217
72570,0.23799974424238582
72571,0.5143431517694439
72572,0.5281624250974406
72573,0.5216274689815138
72574,0.46909337473616775
72575,0.5308709486151795
72576,0.48854483787280384
72577,0.4930872908200558
72578,0.5204075360138534
72579,0.4981513192171298
72580,0.3023583451272318
72581,0.49900822417829666
72582,0.497495618484448
72583,0.5188382671274894
72584,0.5140334008384643
72585,0.2756305463359316
72586,0.32740265160173837
72587,0.5307390480804806
72588,0.2588474699691463
72589,0.49819612403048824
72590,0.30272498139285026
72591,0.3110276677338996
72592,0.5145953660435691
72593,0.2733480889858953
72594,0.3124611500509795
72595,0.3159007648625203
72596,0.4487521325724929
72597,0.5273872690470385
72598,0.5178476858223923
72599,0.2817277647235969
72600,0.5251546225020943
72601,0.483931661298668
72602,0.53595246943771
72603,0.524694865780668
72604,0.5225264243233942
72605,0.5084300466286178
72606,0.7316748595133098
72607,0.4823293448716294
72608,0.5570712601202515
72609,0.29662836248207286
72610,0.5132749146118948
72611,0.5075234414158228
72612,0.5107220911880114
72613,0.3443898323994968
72614,0.5050032339505273
72615,0.502250685572739
72616,0.53838745895444
72617,0.4863894476074698
72618,0.5236219738565974
72619,0.5189728816967768
72620,0.49073665695854746
72621,0.473121056616244
72622,0.5382496819982208
72623,0.5015859118047911
72624,0.5404169635134518
72625,0.48996918879052
72626,0.49791948437611383
72627,0.35287298502849596
72628,0.5162398552116768
72629,0.3137922317285092
72630,0.5126014363413713
72631,0.5267140410972122
72632,0.4988083365696865
72633,0.3200844718639054
72634,0.5061565118934229
72635,0.3837923056930904
72636,0.5163218485306635
72637,0.5368141037415055
72638,0.25091245819922803
72639,0.5065049465838971
72640,0.4881720708281091
72641,0.5269656625469389
72642,0.5023290485282835
72643,0.519016215713603
72644,0.5103060544779693
72645,0.5143375535166158
72646,0.505028017062826
72647,0.5309718432408519
72648,0.5150815145694885
72649,0.4379286511594375
72650,0.5412783951305424
72651,0.5478194055706619
72652,0.5226097409421534
72653,0.5273639174511834
72654,0.5023754461755282
72655,0.5192016094177935
72656,0.48777846721460294
72657,0.5089461490693521
72658,0.3810707995099289
72659,0.5341375189696264
72660,0.48721942686601366
72661,0.5444004839647807
72662,0.5443983139935765
72663,0.49981181441794276
72664,0.48941295882404096
72665,0.29400658357808274
72666,0.5158627170399719
72667,0.5033542360033035
72668,0.2820661213087878
72669,0.49555620012734447
72670,0.5245704662062882
72671,0.3366026552811418
72672,0.29112594328947794
72673,0.5260101805053748
72674,0.49613462611233083
72675,0.2631397739052755
72676,0.47186227270140113
72677,0.535065379395599
72678,0.49214459204919386
72679,0.5196996885330991
72680,0.49443142513306243
72681,0.5350671971308537
72682,0.48686626403015437
72683,0.27443812206961715
72684,0.5100866918976353
72685,0.485140059254902
72686,0.3412436730655796
72687,0.5166281062548231
72688,0.477137969790774
72689,0.5220664963573317
72690,0.48022508689285287
72691,0.5535283350133615
72692,0.5528198302247151
72693,0.5288896017268185
72694,0.6055426948757767
72695,0.5161416361893321
72696,0.5139626760771477
72697,0.45667706747945813
72698,0.5156208494929311
72699,0.5181144317171255
72700,0.5093760041160074
72701,0.5162904617180376
72702,0.49085288650075465
72703,0.5329288537329032
72704,0.25817708262602884
72705,0.30120331109260595
72706,0.5106660905550293
72707,0.32398491421209735
72708,0.5298301509254301
72709,0.5027563567827636
72710,0.2853013712659754
72711,0.4980489045174706
72712,0.49799991803466026
72713,0.5007570764184667
72714,0.5074251154829005
72715,0.5247478033038223
72716,0.499148264599533
72717,0.35409882161299655
72718,0.5248071021794295
72719,0.5120193098321496
72720,0.33953899517748926
72721,0.5033285300334122
72722,0.32038762002211457
72723,0.3036485450026105
72724,0.5250560844966695
72725,0.5286662996280587
72726,0.5021670636318475
72727,0.5200720394781924
72728,0.3101745382815671
72729,0.24588439469149004
72730,0.4968855155722144
72731,0.3117245033457413
72732,0.5384365863613876
72733,0.2894492820446494
72734,0.5567199552305393
72735,0.45194499634575863
72736,0.5072764102114664
72737,0.4875784445919042
72738,0.4516577851386342
72739,0.48995804318966335
72740,0.2790784887259659
72741,0.4945796927664792
72742,0.4966906055815816
72743,0.5050280398809728
72744,0.47509579559006193
72745,0.4979562149809038
72746,0.33388010580656746
72747,0.43445750577741243
72748,0.5443966206752442
72749,0.4986583140577957
72750,0.5324307662738356
72751,0.48906192506500107
72752,0.5189143709394503
72753,0.4732065546412304
72754,0.49899328302668
72755,0.2944587552563938
72756,0.23543920254149134
72757,0.2470835296115785
72758,0.4864161749325323
72759,0.5118930546204471
72760,0.3298817352585368
72761,0.5081089552911288
72762,0.32293944168221267
72763,0.26873322778317893
72764,0.4998788800145896
72765,0.5257498815402805
72766,0.5121354781447989
72767,0.3275058222068846
72768,0.523547048421835
72769,0.5135982562814727
72770,0.5095780430371409
72771,0.5301994785686084
72772,0.492208244165846
72773,0.4799966649083265
72774,0.5162972671669794
72775,0.5302281535307155
72776,0.5038031726672572
72777,0.5008529376680024
72778,0.5009990947379461
72779,0.5456246385567036
72780,0.5094113920296248
72781,0.5235192745564472
72782,0.30331224419685504
72783,0.33776559394163935
72784,0.5023044139632277
72785,0.5327503589442596
72786,0.48523361757494143
72787,0.5143709036491491
72788,0.5024122042316688
72789,0.310477776931006
72790,0.5348812780789739
72791,0.5010959500685425
72792,0.2804340058455317
72793,0.5189020174926251
72794,0.5202722827997335
72795,0.5132195921083232
72796,0.3435342171788147
72797,0.5420340735315156
72798,0.5082878936887146
72799,0.3800563540225867
72800,0.5103762528808214
72801,0.47034423828340133
72802,0.5338770120219011
72803,0.3102688247669147
72804,0.3433391064217761
72805,0.503677570692676
72806,0.4671270500011027
72807,0.5133964042117097
72808,0.48233778149349954
72809,0.5126923334419429
72810,0.5456230441629772
72811,0.5138276721970411
72812,0.2477207044725317
72813,0.46556210557289074
72814,0.485651503912787
72815,0.5007457952186287
72816,0.5070130743878591
72817,0.339920084697263
72818,0.27088154350572985
72819,0.772211746664946
72820,0.5176756016731157
72821,0.28434502357039815
72822,0.5175999175333788
72823,0.5257547685222774
72824,0.37005759858726445
72825,0.272909041003359
72826,0.3588333166058851
72827,0.5251937764699313
72828,0.5211492829434907
72829,0.5273096291822599
72830,0.49264417896917734
72831,0.32227500103731416
72832,0.2683282393949066
72833,0.5062119032483315
72834,0.4811433637731171
72835,0.2869755732034987
72836,0.4892429204360748
72837,0.4625954552469359
72838,0.30910728950525357
72839,0.30566485664107984
72840,0.5456803544293644
72841,0.46010543545906973
72842,0.49225718306064725
72843,0.35832962776160776
72844,0.516410966856955
72845,0.47928500463109835
72846,0.5339668486705611
72847,0.5101774198615588
72848,0.5289156597298307
72849,0.49721267817955683
72850,0.5090659697509674
72851,0.515842668098277
72852,0.4653087148641099
72853,0.36466299078448294
72854,0.2745453434022273
72855,0.5353747071241269
72856,0.531699974345919
72857,0.2755527153425596
72858,0.2611489199362884
72859,0.35053017365748146
72860,0.5057916254463746
72861,0.34371562091915975
72862,0.2989333287916622
72863,0.5375564580122524
72864,0.5346397621715989
72865,0.30422964200159863
72866,0.5311496820674644
72867,0.5093985195614936
72868,0.350146142199381
72869,0.2708305126765615
72870,0.3404271912456956
72871,0.5171645232786491
72872,0.5036529994514715
72873,0.5136658179691246
72874,0.6752155115933466
72875,0.25615674481380984
72876,0.5356856833724993
72877,0.270402169096545
72878,0.4971585827340437
72879,0.4395579886100795
72880,0.5363923094516546
72881,0.4704192122054991
72882,0.5331661425769411
72883,0.30971951841737383
72884,0.5258800577686741
72885,0.5039085920393929
72886,0.535674396359634
72887,0.521182355475639
72888,0.49899910180068474
72889,0.5397016017642849
72890,0.5141534218542454
72891,0.3115608306938593
72892,0.5339045960921194
72893,0.5007819758212176
72894,0.5143055610660071
72895,0.5369788110882786
72896,0.503723797216209
72897,0.5307819001041828
72898,0.49023283832522585
72899,0.3343484669594723
72900,0.5027643697149562
72901,0.2748772794579656
72902,0.5016717316663455
72903,0.5397099849850399
72904,0.5152044896434564
72905,0.5397271084083669
72906,0.4962262658567738
72907,0.5352330044593812
72908,0.28585891010491093
72909,0.5396861765101446
72910,0.5075225099353391
72911,0.5040765514115212
72912,0.5086795516688938
72913,0.5169877877559036
72914,0.47271882212193067
72915,0.6070573585324832
72916,0.5404587540343964
72917,0.45490151610301677
72918,0.5213496176393616
72919,0.3250782023803332
72920,0.549376455905246
72921,0.5210443160049023
72922,0.49864519594939294
72923,0.2766643115709078
72924,0.508425619156446
72925,0.5103192111026692
72926,0.3057644235872618
72927,0.3863484622881221
72928,0.5158389433916438
72929,0.5200803798081741
72930,0.4620323486789675
72931,0.5036861453179586
72932,0.3135127965578756
72933,0.5339607762001767
72934,0.5055855013434963
72935,0.4996958509088215
72936,0.5245572554675357
72937,0.5199014259702097
72938,0.5120558474345706
72939,0.4824742724176601
72940,0.48684647706613504
72941,0.5149711947262497
72942,0.50611442217578
72943,0.45875103306127657
72944,0.2829327082633291
72945,0.5123339312847615
72946,0.5025032598010051
72947,0.5143604875938766
72948,0.14371331242113788
72949,0.5322875154529102
72950,0.5186827211091515
72951,0.5356413798091246
72952,0.3466293714852262
72953,0.5343684867124816
72954,0.21494984075206483
72955,0.3069952336220633
72956,0.2067379879170102
72957,0.5037283493630621
72958,0.288064905152879
72959,0.5309973214917286
72960,0.4918998140668769
72961,0.5119800245539545
72962,0.4575076680697511
72963,0.26739819535297715
72964,0.46348595099400997
72965,0.2659630451173613
72966,0.547515949774594
72967,0.3359842641220254
72968,0.5142965362797104
72969,0.5176677684867229
72970,0.4648776807536314
72971,0.547602898082574
72972,0.5181012370097928
72973,0.4770881426115117
72974,0.5081164910280435
72975,0.520975102980298
72976,0.3153947074119634
72977,0.2480834755623031
72978,0.25898076094518463
72979,0.5290149456443776
72980,0.5718018862495056
72981,0.3125245642732768
72982,0.5416675802625153
72983,0.508067475792157
72984,0.5359669395331573
72985,0.29807443622254925
72986,0.3001697739233431
72987,0.5200335437939773
72988,0.3289663754571418
72989,0.5191279257029997
72990,0.510775096008394
72991,0.42228249933198764
72992,0.3271530874953009
72993,0.4988125257259642
72994,0.5143804325427965
72995,0.5299545572256334
72996,0.2287878654851959
72997,0.2740351977518324
72998,0.5060420962149065
72999,0.3412297578127337
73000,0.5155219574129195
73001,0.5111111373716809
73002,0.5015977860050822
73003,0.5033472804726651
73004,0.49098103068928245
73005,0.5007310558272561
73006,0.25422299954017563
73007,0.36870838071858075
73008,0.4891377099916284
73009,0.49863378266541003
73010,0.5213486724546333
73011,0.4923288088079237
73012,0.5457304368123981
73013,0.4950886988784187
73014,0.5264900662625341
73015,0.3157362984990383
73016,0.5165334470390748
73017,0.5146345295653629
73018,0.5376566792049744
73019,0.4721688367608524
73020,0.5192450282019174
73021,0.3698411585735564
73022,0.49040758010901153
73023,0.5056842155300911
73024,0.5048621426155087
73025,0.516801853396325
73026,0.5060771780302982
73027,0.5124480674506255
73028,0.5483258504338155
73029,0.43184023746725797
73030,0.23427522281839677
73031,0.4859107714714994
73032,0.53801052003088
73033,0.4584406072061137
73034,0.34144076093108533
73035,0.5107445824444585
73036,0.5192871944098341
73037,0.492099435312531
73038,0.3343182001344199
73039,0.4865438206070782
73040,0.5102853810709627
73041,0.44925358552775035
73042,0.5137898093178196
73043,0.5160766961569015
73044,0.5319932601392001
73045,0.5113558345928889
73046,0.2901141828106533
73047,0.3889120119437389
73048,0.5039925054156277
73049,0.2792326962096655
73050,0.5374384348417741
73051,0.5047512139730469
73052,0.4828947351968531
73053,0.4594542174251863
73054,0.5049974433120292
73055,0.4919122989582176
73056,0.47489519056308727
73057,0.40574915883859713
73058,0.5111726118442608
73059,0.5248626610058882
73060,0.5032852736230061
73061,0.5182951381131994
73062,0.4943448765633808
73063,0.48698433568228117
73064,0.339672988118933
73065,0.497024864329992
73066,0.32445150268415507
73067,0.36181133427780104
73068,0.48719170635244236
73069,0.5617769342247163
73070,0.5311976914724675
73071,0.6397736159443935
73072,0.49566651458078287
73073,0.48836122318368447
73074,0.28601301091681547
73075,0.49476033531497543
73076,0.555854204658001
73077,0.35703125576982236
73078,0.4921474983361779
73079,0.5174715133059525
73080,0.3182249097012465
73081,0.2681710797583631
73082,0.43441966346626254
73083,0.550574242529641
73084,0.4870178925798596
73085,0.5203982268194566
73086,0.4952426971163058
73087,0.5175762023858835
73088,0.298821333201705
73089,0.5330241743328713
73090,0.5161178160201733
73091,0.49887391695438077
73092,0.542711375465305
73093,0.28840865420913514
73094,0.49334742893300537
73095,0.4998253679534286
73096,0.5156985212550751
73097,0.46680713316214434
73098,0.3278477061592862
73099,0.5266469977154447
73100,0.31864087250652384
73101,0.5274190303240369
73102,0.5138063213020346
73103,0.4815416255703312
73104,0.5386642188795955
73105,0.5122221295231277
73106,0.5344988292383369
73107,0.5381344355725244
73108,0.5023125085275172
73109,0.2822167947896903
73110,0.5098944816295038
73111,0.3183186510580902
73112,0.521152043427697
73113,0.516489125431088
73114,0.5292861440784189
73115,0.4978015680111706
73116,0.49716352089706856
73117,0.5353641046456633
73118,0.266566525562396
73119,0.5162136222246747
73120,0.27549395651390934
73121,0.5208967134302616
73122,0.6808533129972135
73123,0.31140213134429395
73124,0.48541958211088443
73125,0.22585824752792694
73126,0.3341910835404709
73127,0.47262820439357184
73128,0.3109140390881445
73129,0.5113340250916725
73130,0.30883931016872357
73131,0.519673496940505
73132,0.48586176535140385
73133,0.2930069886663417
73134,0.516152473362281
73135,0.5210202658593523
73136,0.34890173014430054
73137,0.5084958516879509
73138,0.5094276708094863
73139,0.5092837176677482
73140,0.4891497209675064
73141,0.518385421358508
73142,0.4946860106229026
73143,0.4621779620443953
73144,0.5039722289975259
73145,0.4969170226715836
73146,0.24676026776967983
73147,0.4705970426663562
73148,0.5225007426943002
73149,0.5378798079442243
73150,0.32841714894432705
73151,0.5108945596869249
73152,0.4763523658600109
73153,0.5070556738278644
73154,0.5006574363738635
73155,0.4909773767587425
73156,0.30524124826736065
73157,0.5194655341997014
73158,0.34114822780126447
73159,0.5390766259978791
73160,0.515423501574326
73161,0.4439576792637952
73162,0.3353177688711325
73163,0.48477339287883614
73164,0.5061424162148457
73165,0.5246394847334803
73166,0.5241254338146445
73167,0.49482161829779253
73168,0.3154234409291402
73169,0.5076492270629112
73170,0.516972644770621
73171,0.4786022205043965
73172,0.35697926770381727
73173,0.5101547881238646
73174,0.527531658809103
73175,0.5745453220302615
73176,0.5016836483418193
73177,0.5024093231572624
73178,0.48612799979245486
73179,0.5411507049096036
73180,0.5170641321720969
73181,0.5266843634677005
73182,0.315790893823513
73183,0.5148652050945803
73184,0.2795450788791005
73185,0.33268530815257297
73186,0.5177307716927284
73187,0.32838202140917916
73188,0.49182846161279364
73189,0.5259850300991523
73190,0.4835190247699275
73191,0.542693996901483
73192,0.5110286123426402
73193,0.5392070397769042
73194,0.5184259762669071
73195,0.5115364199613908
73196,0.29832681945182477
73197,0.3203293645164385
73198,0.48588399416412753
73199,0.4975758034113347
73200,0.30607133895946387
73201,0.28788505282980886
73202,0.27144996669871174
73203,0.5291338585375436
73204,0.33525098894712735
73205,0.311409999198961
73206,0.4841877089345775
73207,0.5302798597383621
73208,0.5238707213059707
73209,0.5196870998850924
73210,0.2962589943637789
73211,0.5091680880075669
73212,0.28486991756258945
73213,0.3116389294960315
73214,0.4728155808369845
73215,0.3528126119992363
73216,0.5083653261807403
73217,0.4916203373691031
73218,0.2936959926674837
73219,0.5263830162769321
73220,0.37719024381386707
73221,0.5163773354556189
73222,0.5236189687867028
73223,0.4951209466776793
73224,0.501078533491183
73225,0.5005575356973784
73226,0.4979003291682904
73227,0.5052268606623351
73228,0.3070497976250272
73229,0.5089650208997327
73230,0.5530802712449611
73231,0.5631369402053589
73232,0.5358646480743733
73233,0.5044343490083908
73234,0.3549868999555663
73235,0.5153768058536062
73236,0.26432601193655586
73237,0.2969523722948568
73238,0.2620255198736969
73239,0.5136701437707634
73240,0.5226550417207884
73241,0.511259084168808
73242,0.49765928605651355
73243,0.49891538176279554
73244,0.32915949026886876
73245,0.5029733593295228
73246,0.276649653259129
73247,0.2779821371407739
73248,0.4946625399134893
73249,0.5249242412860846
73250,0.5052595085031696
73251,0.5259878168381252
73252,0.5139695674048539
73253,0.5287305084981361
73254,0.27974845425860745
73255,0.3376351374153344
73256,0.5100395120963659
73257,0.5276583473313537
73258,0.5430978708683679
73259,0.5273894994198953
73260,0.5298372098333173
73261,0.4807830706096405
73262,0.4942412217783924
73263,0.48781691908415914
73264,0.5252538475183076
73265,0.47385925197654216
73266,0.4741249511444085
73267,0.5117410024076345
73268,0.6004012829951312
73269,0.3330581409334152
73270,0.5009511912146294
73271,0.47238250603297544
73272,0.5421633861715741
73273,0.5243205383583392
73274,0.2937167646407944
73275,0.25958842488855366
73276,0.2610605967643749
73277,0.5560684636522485
73278,0.5361582541636293
73279,0.5123844149602631
73280,0.29793729697206395
73281,0.5142294999066033
73282,0.5336198074448724
73283,0.3109465539758791
73284,0.5162919590795295
73285,0.3163086502452263
73286,0.46425008138287005
73287,0.29706196240795973
73288,0.3382414394908551
73289,0.35084809817425183
73290,0.5152302666140594
73291,0.3471167968752539
73292,0.34768276263003606
73293,0.47998019095183486
73294,0.5195190881665187
73295,0.5035671613669556
73296,0.5253264726835483
73297,0.3349675028594519
73298,0.47731662731248714
73299,0.5427086870744459
73300,0.4874143187700326
73301,0.5086572503151895
73302,0.5129669364025012
73303,0.4908005045566769
73304,0.4689409732451768
73305,0.5325090697555562
73306,0.2848456515309082
73307,0.5480730539208639
73308,0.4868338085055492
73309,0.2933320935776365
73310,0.24712966195095962
73311,0.5136270697420913
73312,0.49556307227938984
73313,0.49251228045900886
73314,0.533134357166269
73315,0.5073135476511151
73316,0.524091083348639
73317,0.5142157959440513
73318,0.5482331783623587
73319,0.5018259222166758
73320,0.5131329035987294
73321,0.5112596222330176
73322,0.5269355573918888
73323,0.3499704749552979
73324,0.2682578556445364
73325,0.482711015554581
73326,0.48078758157471585
73327,0.319138360530231
73328,0.46455355543479876
73329,0.33070879377434165
73330,0.501809889765228
73331,0.4961446171708637
73332,0.523133684305059
73333,0.5386347145470078
73334,0.49004183955196584
73335,0.49205149596740805
73336,0.5048252359625993
73337,0.5182139254612218
73338,0.2742953223326172
73339,0.4951022046006059
73340,0.5214083488689865
73341,0.5140924791290467
73342,0.3192436513646507
73343,0.30142126992356316
73344,0.5040114768176748
73345,0.5345897183766245
73346,0.31437135747812045
73347,0.4469024714847721
73348,0.5274855744409647
73349,0.3168474849653863
73350,0.3541543803081344
73351,0.513042258008707
73352,0.5390156714641504
73353,0.5422843398078273
73354,0.514275936585779
73355,0.17327190848749693
73356,0.2788942651595684
73357,0.5361441504054096
73358,0.2933216587738598
73359,0.2510038884303219
73360,0.5212664109845109
73361,0.29182768262098885
73362,0.5054677209332127
73363,0.4871884500267096
73364,0.4600959345406228
73365,0.2302586810307026
73366,0.3154096515088682
73367,0.5264199857714359
73368,0.5372581173274655
73369,0.5340511041290841
73370,0.5228582922652271
73371,0.5044783807455543
73372,0.2893318154626757
73373,0.488874681336255
73374,0.5484833067000597
73375,0.5040445250008867
73376,0.5186598368677034
73377,0.2992082190550467
73378,0.33561710639981557
73379,0.5034111236801821
73380,0.221530539735508
73381,0.5210951029175667
73382,0.2913724040987759
73383,0.3243438569990181
73384,0.47183471760673096
73385,0.5086611712155503
73386,0.2686021221541675
73387,0.3793064176208742
73388,0.5298637137182903
73389,0.5003777743212803
73390,0.5205549155313125
73391,0.2605244715355935
73392,0.5036124883622176
73393,0.5252466306194933
73394,0.48576592439693106
73395,0.48518509567096946
73396,0.34205910655686317
73397,0.5225795099784412
73398,0.5168754637438918
73399,0.5312184966918166
73400,0.5122285707140563
73401,0.4909552521221174
73402,0.49575819325091597
73403,0.5258327108406808
73404,0.4900084264844498
73405,0.528636248201272
73406,0.4718750110817199
73407,0.5124932810277979
73408,0.5087108089305348
73409,0.4920338867729468
73410,0.4962937577456868
73411,0.5024702779734881
73412,0.5353464835230549
73413,0.523975318348576
73414,0.47857109415006255
73415,0.4964646632831596
73416,0.5359918562754734
73417,0.29348548528644286
73418,0.4477005710501647
73419,0.5012961593637998
73420,0.5231457011923121
73421,0.3601855648215924
73422,0.5210157326375202
73423,0.49386924653959985
73424,0.325403516231389
73425,0.5223201929367147
73426,0.45536608262342165
73427,0.26963936825373824
73428,0.4997724416101375
73429,0.48638597771101344
73430,0.5213764498052895
73431,0.5371124957387096
73432,0.5120800282723278
73433,0.5062316675859988
73434,0.5058819983990523
73435,0.28100015191348143
73436,0.538941849892931
73437,0.2587524104473429
73438,0.5367821947152377
73439,0.25875703149140933
73440,0.4705040011093518
73441,0.5261288301761831
73442,0.3040601873668338
73443,0.3186557082310182
73444,0.4548175919729827
73445,0.49996635874318973
73446,0.49710109842722494
73447,0.514769371631356
73448,0.5249970871093147
73449,0.5190090822381347
73450,0.5223840600301656
73451,0.5337224315324087
73452,0.48711237593398127
73453,0.3504271160322943
73454,0.30749737455717907
73455,0.5196431443697471
73456,0.31823109746819106
73457,0.5095382460307727
73458,0.5155136633793754
73459,0.5180152465150694
73460,0.47618947183552485
73461,0.4687026685709561
73462,0.5005150693380334
73463,0.5322795781505679
73464,0.5442765567280897
73465,0.5258701294900807
73466,0.5441652532562599
73467,0.48310456323605366
73468,0.4979084063501902
73469,0.4851920617098594
73470,0.5009026398602201
73471,0.5057589030986815
73472,0.5297677605099743
73473,0.36068509949861427
73474,0.5231598234551265
73475,0.5382899029987457
73476,0.5076133950053437
73477,0.5141628941191866
73478,0.5373806431755306
73479,0.4636821364199191
73480,0.32451931699180303
73481,0.5189037210708781
73482,0.533591211328208
73483,0.5462455371981161
73484,0.5164719480439054
73485,0.5200118969989515
73486,0.5222180364267875
73487,0.5027365188047115
73488,0.5090666609923322
73489,0.5153784095253271
73490,0.2773025310216501
73491,0.25708512120688387
73492,0.27953732629170636
73493,0.3204696228943401
73494,0.5073401589691998
73495,0.4702322810252967
73496,0.4926955289462308
73497,0.5050085836748313
73498,0.5144896901631062
73499,0.5112122807221771
73500,0.300625009979618
73501,0.48255366602575667
73502,0.5005752715102455
73503,0.4911510325054524
73504,0.4980343796826201
73505,0.5223428335062842
73506,0.5365202263145298
73507,0.2790069228547022
73508,0.5089080684608583
73509,0.4994140904466891
73510,0.5148030050572813
73511,0.5073340629398688
73512,0.49235545206234427
73513,0.5132636450792528
73514,0.5050887178369167
73515,0.5173875647470899
73516,0.2962374225602897
73517,0.4987345648477953
73518,0.27907558794559545
73519,0.5304864835694133
73520,0.35728712189665335
73521,0.49651492873790415
73522,0.47706790997952553
73523,0.544763725282279
73524,0.32231286535794174
73525,0.5354834778015725
73526,0.5127822104069191
73527,0.7348541585991266
73528,0.5240017346004351
73529,0.5427989368563172
73530,0.33100729152382247
73531,0.5405918725626679
73532,0.5240550963968984
73533,0.5051753733078225
