id,label
53480,0.42792573142698076
53481,0.13851671775657345
53482,0.47990027054687917
53483,0.4946164335836469
53484,0.2502632782359908
53485,0.3648487577685329
53486,0.4501826519219674
53487,0.6328596081793829
53488,0.5345500843847988
53489,0.29275100655815117
53490,0.29963337672286205
53491,0.6719056981377481
53492,0.48614945500630635
53493,0.5625507251639286
53494,0.7414080644119415
53495,0.6683057916067769
53496,0.5270166616272541
53497,0.8152116645134366
53498,0.5812687903909545
53499,0.6243488299982147
53500,0.449385861644073
53501,0.24851345851736448
53502,0.5302130677392078
53503,0.6122906136432797
53504,0.29478738439392543
53505,0.4802392646707061
53506,0.4285378189096611
53507,0.37832385037154415
53508,0.46417755735967925
53509,0.5929461004094924
53510,0.19290073955710502
53511,0.5210625593583436
53512,0.47881854602895263
53513,0.47069191301405383
53514,0.3088227712271989
53515,0.35056283612407724
53516,0.472022875324519
53517,0.3998838430898721
53518,0.45073001996594425
53519,0.49398750927639284
53520,0.5648676905623782
53521,0.4918454794026311
53522,0.2549199008221399
53523,0.5442051405502428
53524,0.7538976358596015
53525,0.623904778593976
53526,0.4667025948550102
53527,0.5414631890440542
53528,0.6393176287635889
53529,0.7105165224884836
53530,0.47269553867520964
53531,0.21393151679014394
53532,0.43906244988974996
53533,0.1266479508565318
53534,0.6536458981199927
53535,0.4613639972321328
53536,0.6144561038694801
53537,0.14016902541997633
53538,0.2775389373205886
53539,0.6777408647869972
53540,0.8322562150473293
53541,0.1772648975007991
53542,0.846630333724334
53543,0.43564676486774384
53544,0.6959680076250171
53545,0.7045647484459528
53546,0.46460841362881106
53547,0.5418433752242492
53548,0.40255899299027387
53549,0.37259608753721357
53550,0.3436689274133653
53551,0.2499920326373704
53552,0.2768998926090445
53553,0.16390758755366103
53554,0.18121838318267713
53555,0.6205700427592669
53556,0.5195020838236082
53557,0.578270402697995
53558,0.7394797297295438
53559,0.5420572282486583
53560,0.41403585109096847
53561,0.3841463925345696
53562,0.37659949839111334
53563,0.5533751303380054
53564,0.24936610382144
53565,0.5899098001800142
53566,0.1611409564754921
53567,0.46709659990750413
53568,0.6624774986258569
53569,0.4667368145143104
53570,0.41480165920153794
53571,0.5072286461295618
53572,0.4509259839747858
53573,0.5481518234762413
53574,0.4537823865357233
53575,0.7407437960202321
53576,0.6719024533583082
53577,0.2113683917991973
53578,0.827179304365888
53579,0.28365392355075447
53580,0.3651625165388977
53581,0.3813288139930608
53582,0.4147327305068109
53583,0.44281407173572546
53584,0.4633249419857594
53585,0.20338716334730006
53586,0.4198706695696899
53587,0.5890061444566531
53588,0.6223415024785428
53589,0.10965397458709561
53590,0.6773309214073318
53591,0.6391320833471905
53592,0.17936094580606912
53593,0.4379266663705001
53594,0.5864887370994256
53595,0.2560108709109536
53596,0.6126132242974046
53597,0.5287382448654515
53598,0.16307889195837405
53599,0.5852106320799639
53600,0.8249861265588825
53601,0.668064684330168
53602,0.3884193687222299
53603,0.5325856236544648
53604,0.797331805887332
53605,0.5822583040340286
53606,0.7749051939805166
53607,0.4636936455432282
53608,0.18720151364231596
53609,0.49390234550392675
53610,0.16036595865485515
53611,0.46568817079897884
53612,0.3155102028927501
53613,0.470965978412975
53614,0.15242911607691823
53615,0.6187981472609481
53616,0.5365337249706467
53617,0.3681786694052892
53618,0.286755208943694
53619,0.5647451503094234
53620,0.6343710502266378
53621,0.3212449794652288
53622,0.5933270996594897
53623,0.7565491832907142
53624,0.6390517847561545
53625,0.6916304206103688
53626,0.5750345166916591
53627,0.4118197143956003
53628,0.7244730384630362
53629,0.4056372426004113
53630,0.4588156461174273
53631,0.2363661306997822
53632,0.5182670498651643
53633,0.27420794436006335
53634,0.5619673371834335
53635,0.33921185976255364
53636,0.5824344823704518
53637,0.5149381373522807
53638,0.4917102184283017
53639,0.3944519982597021
53640,0.5331919638798572
53641,0.555989604061756
53642,0.7921276955643579
53643,0.30294091799004624
53644,0.5421574851521809
53645,0.704267746868407
53646,0.5145137343816764
53647,0.1291524388813887
53648,0.345258148914915
53649,0.5256328121123085
53650,0.6011478318671102
53651,0.5547933717002053
53652,0.30788921754323156
53653,0.26293163798601693
53654,0.8000698965416904
53655,0.6890747729968489
53656,0.5974459270244837
53657,0.1770867984619912
53658,0.7942204124485973
53659,0.5869466777987404
53660,0.501085030270337
53661,0.723585014053976
53662,0.4985309576674462
53663,0.4714249922094433
53664,0.24086327725863052
53665,0.6244760839314322
53666,0.7047430331587847
53667,0.5374067894702277
53668,0.12816099130214634
53669,0.34860475725880546
53670,0.21045114984848826
53671,0.13075180950478654
53672,0.31840571341394974
53673,0.4033435585910291
53674,0.36182366909019525
53675,0.6998060424894175
53676,0.6884480246875792
53677,0.2074521900884286
53678,0.7697637187158084
53679,0.4761196966871221
53680,0.6459344195623349
53681,0.36515789905700835
53682,0.27045904340611415
53683,0.6742602931194019
53684,0.26044770589845895
53685,0.3904470266264099
53686,0.5461891078730483
53687,0.3058184346660471
53688,0.4730604157647502
53689,0.1181737886658058
53690,0.23990578970550172
53691,0.7114076898430637
53692,0.17583669036177252
53693,0.1937622202353979
53694,0.5609701765498321
53695,0.43068028520260593
53696,0.5342507500539967
53697,0.6761432622713116
53698,0.328313100087337
53699,0.5361298997093707
53700,0.8068066347421213
53701,0.42691952510850345
53702,0.262628634650873
53703,0.8145519020646674
53704,0.455495944534066
53705,0.3129356472583308
53706,0.3991945159541015
53707,0.3805759208671788
53708,0.6413696734483482
53709,0.4515447229390797
53710,0.4587355547632394
53711,0.5777920283370349
53712,0.28113021873660843
53713,0.6606571661576043
53714,0.6000758121977028
53715,0.4648962308134375
53716,0.5400496565605009
53717,0.7311474704070602
53718,0.5118284171136479
53719,0.512815478776072
53720,0.25210104913618187
53721,0.7190242968678027
53722,0.5982911199032954
53723,0.4574596619723726
53724,0.5765235383079742
53725,0.22925110999829074
53726,0.5212515432240548
53727,0.18854382770747974
53728,0.32886277427148447
53729,0.6698388511892558
53730,0.7626084969519956
53731,0.4743684624887481
53732,0.6856466039962945
53733,0.445394413945312
53734,0.40910238049117975
53735,0.5479231430344698
53736,0.2078156517786732
53737,0.6169902671114814
53738,0.229636232378208
53739,0.23976769140053822
53740,0.6324330960887049
53741,0.41921566655158304
53742,0.5673331195999678
53743,0.4660468978505863
53744,0.6156834417099848
53745,0.4309904721998969
53746,0.4174180701487002
53747,0.6537881515408593
53748,0.19494039938635963
53749,0.6652899842453701
53750,0.7666962992399271
53751,0.4969101556078952
53752,0.3748569640852366
53753,0.3215230963395945
53754,0.40803363692294636
53755,0.4131747300676891
53756,0.4894552748779315
53757,0.3528065999909903
53758,0.6421537736832725
53759,0.6848631106581705
53760,0.4169686916565649
53761,0.6036350371068597
53762,0.23018636677281082
53763,0.6695191177891227
53764,0.8362018600996544
53765,0.724226604079658
53766,0.6128891982973383
53767,0.7344688374116066
53768,0.6704948908062144
53769,0.8515276055808761
53770,0.3724025200910047
53771,0.5280806256110313
53772,0.4293783712980535
53773,0.48341152943049576
53774,0.7148735364936748
53775,0.5620007798384402
53776,0.6077708430671501
53777,0.1989206152203602
53778,0.6740183312951363
53779,0.203608869345
53780,0.5082757567062312
53781,0.33237428314979955
53782,0.378425648232632
53783,0.6251427636875789
53784,0.4983167413525838
53785,0.5041540955296817
53786,0.6721536905300359
53787,0.6558787276817157
53788,0.5512103438024039
53789,0.6783223925734924
53790,0.5139123764984569
53791,0.5536147865565012
53792,0.4793787214279335
53793,0.5373549535355902
53794,0.2304056709874935
53795,0.3114092920373957
53796,0.683569720017591
53797,0.460448031826947
53798,0.21438621619198275
53799,0.44336194366673376
53800,0.17319198995989368
53801,0.3951289882318405
53802,0.4429953567828747
53803,0.18718517258356016
53804,0.8180651916903906
53805,0.2555926178566066
53806,0.5129805416454379
53807,0.3500330731946375
53808,0.2482389753322769
53809,0.4171766531748139
53810,0.40388198534502334
53811,0.6364005053244157
53812,0.33217080825533124
53813,0.4964982543336586
53814,0.26286128456431246
53815,0.18055693498370895
53816,0.10307307587178624
53817,0.6016209861214558
53818,0.31183970445948006
53819,0.5066979650524693
53820,0.7632039362015789
53821,0.5922256632030665
53822,0.4376689024011616
53823,0.16678590672093738
53824,0.7114797260517343
53825,0.15208035673820058
53826,0.45261967308702344
53827,0.5093263114829033
53828,0.4877486032261835
53829,0.5414251304408371
53830,0.44855967733722846
53831,0.6422007948683425
53832,0.45488838842818397
53833,0.2488828940635597
53834,0.20494493205656733
53835,0.3905393474374825
53836,0.6053946583919397
53837,0.6783783129807841
53838,0.4387540117629964
53839,0.5223036341335369
53840,0.7593015249487813
53841,0.8204535862799694
53842,0.16809924340415855
53843,0.6311182117387212
53844,0.09553194610226895
53845,0.4953488467265191
53846,0.3853670644747725
53847,0.4794000934889764
53848,0.5178751924344706
53849,0.3956409598258632
53850,0.27115853256290606
53851,0.3678796056542948
53852,0.2746871170949276
53853,0.6687730043715724
53854,0.45673827352155977
53855,0.6729707993514223
53856,0.2704089425357567
53857,0.7127241530252669
53858,0.24644609246289306
53859,0.25924227576526954
53860,0.4209522673895267
53861,0.7090626818637129
53862,0.5440300823243651
53863,0.472159521632898
53864,0.8263722981959927
53865,0.43215654316993407
53866,0.5242880673693778
53867,0.3408819957908746
53868,0.5285656540352452
53869,0.30331238666406324
53870,0.6042825011031936
53871,0.45722369855135514
53872,0.5020341771843917
53873,0.38228582335816935
53874,0.6599346269851739
53875,0.29728225246236245
53876,0.4941413811609986
53877,0.42117240430418024
53878,0.4769518757967966
53879,0.3088510782757522
53880,0.46542129772237345
53881,0.7380399364081857
53882,0.6986468005912673
53883,0.38963127786849194
53884,0.2255519278130977
53885,0.7391945296773753
53886,0.29087795209375883
53887,0.40957732875707786
53888,0.6083071911526549
53889,0.5539779450883238
53890,0.5224557225976301
53891,0.30091910591473237
53892,0.7514250709069141
53893,0.580522166219526
53894,0.5264064207872201
53895,0.2820618148268426
53896,0.5013067802779878
53897,0.5658508784136148
53898,0.1038508773778313
53899,0.623325193252962
53900,0.3542610847105593
53901,0.20175074313861005
53902,0.5423354362618775
53903,0.36842721724355587
53904,0.5597660904429352
53905,0.28073028584173515
53906,0.26960481490043287
53907,0.2344794459562432
53908,0.5127927517389143
53909,0.4020160489044312
53910,0.5750358002342745
53911,0.2724511221129179
53912,0.7786886962920045
53913,0.2658670762196846
53914,0.46186253594520804
53915,0.5265864558114177
53916,0.42328615094740507
53917,0.2934499741462365
53918,0.28703572921338577
53919,0.3932169914194385
53920,0.2591196265464899
53921,0.2622155902389265
53922,0.2024155062925853
53923,0.6036906413207869
53924,0.5603831466160568
53925,0.12426089268360037
53926,0.46201539975923417
53927,0.3164769423262487
53928,0.5434519779329311
53929,0.4271955975446708
53930,0.4106261578740221
53931,0.3220491138297964
53932,0.5905436200294171
53933,0.4753620820961516
53934,0.2619804389536988
53935,0.726375284822264
53936,0.4991569958743869
53937,0.6136266570048354
53938,0.41629015568435707
53939,0.48141486895689384
53940,0.7018996590313678
53941,0.7589918036828316
53942,0.4703461862815304
53943,0.49841387836677864
53944,0.22534950558387049
53945,0.7597154130882408
53946,0.3898391347286656
53947,0.47927721244108257
53948,0.27154791978136866
53949,0.5976671432652688
53950,0.5116544001664056
53951,0.6003678568683629
53952,0.43781458519763405
53953,0.40262229238514496
53954,0.5647124394754359
53955,0.2800819664223623
53956,0.4306780703302674
53957,0.27529389285509837
53958,0.3918415649440009
53959,0.6794246400605268
53960,0.6094288955513266
53961,0.4008386577097438
53962,0.22120342575809276
53963,0.5883406192699219
53964,0.14013610490946649
53965,0.6236667481857526
53966,0.17576047845971424
53967,0.23952394209280717
53968,0.6534860785415176
53969,0.27351420591706155
53970,0.24797830064647283
53971,0.44375324370810315
53972,0.6335133274116027
53973,0.35069277968387846
53974,0.45924283735889204
53975,0.44135177009022336
53976,0.5445419860036119
53977,0.15354128558264196
53978,0.73880956916234
53979,0.7932024376953021
53980,0.5953778048944489
53981,0.6618833536679731
53982,0.47020377396798074
53983,0.47418793631964756
53984,0.5638408794316934
53985,0.40032785687612965
53986,0.4517251289081987
53987,0.433950238551302
53988,0.1895494479532582
53989,0.460303311899535
53990,0.38660733523915203
53991,0.5770728254721367
53992,0.6479860404350831
53993,0.41433125974057805
53994,0.4897125397659643
53995,0.6484773649396871
53996,0.5775982555917387
53997,0.44848183061067975
53998,0.4646313523119357
53999,0.7488037359899538
54000,0.4857108991271582
54001,0.2050475854432718
54002,0.1028306159688351
54003,0.6294662402357396
54004,0.7741723420976883
54005,0.42238681599710376
54006,0.25649796038158307
54007,0.5127473289412486
54008,0.554746727997041
54009,0.30667977491808374
54010,0.17268243408354203
54011,0.4554876482939649
54012,0.7150535833114479
54013,0.43324737254295076
54014,0.13326863623764873
54015,0.4351580799958184
54016,0.1067227567829819
54017,0.1409318634610726
54018,0.2863673182284209
54019,0.6133642120517062
54020,0.5367257801641991
54021,0.5221882228980095
54022,0.4374907733993412
54023,0.6135886743729617
54024,0.2937206217748296
54025,0.5643312355068066
54026,0.47848200039565747
54027,0.7231078430167579
54028,0.5830384624140486
54029,0.4203137550416079
54030,0.16202667530926984
54031,0.4560341123434325
54032,0.4445261860957786
54033,0.5426553830777098
54034,0.7482870539161111
54035,0.5456224082280742
54036,0.1465227105786365
54037,0.8262768674120852
54038,0.4597435839163992
54039,0.2863318239478732
54040,0.3698605155828912
54041,0.16087805399628954
54042,0.3852606299581916
54043,0.4458441715703214
54044,0.5965270712303433
54045,0.532586595490957
54046,0.5362613552282487
54047,0.6014021218766252
54048,0.2355882554673721
54049,0.7789365456256792
54050,0.4354173127999992
54051,0.15479244512545456
54052,0.578979603095613
54053,0.2326540840931752
54054,0.2673166034993954
54055,0.1897277043721942
54056,0.4923153501438571
54057,0.5522424947977942
54058,0.469095468370061
54059,0.2110133435536246
54060,0.7743256458080421
54061,0.5239918757156822
54062,0.5286697392749137
54063,0.47384586906253284
54064,0.23245497161471235
54065,0.17104681820398454
54066,0.6414484456560462
54067,0.5799728974713283
54068,0.7085693650740366
54069,0.148370715018574
54070,0.43070175514793385
54071,0.49768331433917823
54072,0.6900008389380796
54073,0.3947118631157917
54074,0.2628921382098562
54075,0.6039136487563965
54076,0.5334598173518674
54077,0.7935852660240934
54078,0.46354029372498917
54079,0.3661147815545384
54080,0.3773737740397917
54081,0.33218805141759705
54082,0.5790749900174618
54083,0.4524517586715171
54084,0.80240135058745
54085,0.5198761543014346
54086,0.4739142178095559
54087,0.49529267015409395
54088,0.4050761284977533
54089,0.20618897178018902
54090,0.623083951460355
54091,0.7434950578156747
54092,0.7018015925432707
54093,0.5065489553076264
54094,0.4893484240073644
54095,0.319174714051757
54096,0.33169178172130637
54097,0.5819337716952426
54098,0.5793231363204459
54099,0.32329518562212023
54100,0.6041553214731066
54101,0.35152693415799213
54102,0.42597045182527227
54103,0.521736009913717
54104,0.16215323744635254
54105,0.4610129602993526
54106,0.49536986427083474
54107,0.5392438678263348
54108,0.45827530543095535
54109,0.5239422868059944
54110,0.4984612996840867
54111,0.48676786656331517
54112,0.34298884813073305
54113,0.20674431713996927
54114,0.5003407587144072
54115,0.16321864124320226
54116,0.4388490465981936
54117,0.4153866065271941
54118,0.5882560093507865
54119,0.4597293578738743
54120,0.4158897143911883
54121,0.541320661466951
54122,0.2892029563005115
54123,0.30475803847281585
54124,0.5740787554240503
54125,0.48790373819839056
54126,0.5102936374413909
54127,0.4428690489089919
54128,0.5535121519156772
54129,0.4401095912667745
54130,0.30291439680367266
54131,0.4847328171901875
54132,0.5586566504184539
54133,0.2116816963004222
54134,0.4431179808655284
54135,0.6931909904011299
54136,0.25895850415126914
54137,0.2702459220549152
54138,0.411283142950683
54139,0.5587677912059251
54140,0.5495053985075187
54141,0.5578450493514303
54142,0.7873451176970809
54143,0.6855592158398076
54144,0.614348235753966
54145,0.6872918823782341
54146,0.5548933171482209
54147,0.45121008236822474
54148,0.620618516625369
54149,0.2731183624465953
54150,0.2237771807841569
54151,0.2615302361121266
54152,0.5256088073592913
54153,0.16699338232702865
54154,0.37798311336880763
54155,0.3534104367612005
54156,0.4648574012515748
54157,0.39224194628815784
54158,0.49057295604134354
54159,0.8165848042495333
54160,0.5672760037627836
54161,0.8358940665290269
54162,0.7546565208028181
54163,0.6527710336788708
54164,0.29780500859454306
54165,0.3366540247134737
54166,0.1521213123901828
54167,0.3724540794471673
54168,0.3477580004198216
54169,0.36836188905351236
54170,0.43552929079993397
54171,0.43849913471342244
54172,0.606354381922115
54173,0.32833853940752944
54174,0.4613663019834849
54175,0.6074931741509847
54176,0.2588650815086314
54177,0.5645123615144293
54178,0.5870672529244383
54179,0.7078009413389876
54180,0.5229011120954862
54181,0.1808955167103016
54182,0.4966215789856303
54183,0.456076904395961
54184,0.6223279727582155
54185,0.7303387199527649
54186,0.7141786611349058
54187,0.5419113023896477
54188,0.6840138559073236
54189,0.40309233531656047
54190,0.47932848614568724
54191,0.41258815663970216
54192,0.5335189195065572
54193,0.14667002779540927
54194,0.2285537114624696
54195,0.5178374054815849
54196,0.7992737676046978
54197,0.15645681761473695
54198,0.6884793216607556
54199,0.13607758723416138
54200,0.649810371036299
54201,0.5642709711464773
54202,0.27313207739232376
54203,0.37149606498235743
54204,0.7781723126019771
54205,0.44010964576913075
54206,0.37031650035277847
54207,0.5618202210175062
54208,0.4358430996493426
54209,0.6213477443783878
54210,0.37297952634727827
54211,0.14021348009244655
54212,0.2512472612393057
54213,0.22571469055553225
54214,0.7738840767102164
54215,0.3724336070056755
54216,0.44181988310686354
54217,0.5013418320218905
54218,0.4562503156790337
54219,0.49168482005549563
54220,0.14984950959448975
54221,0.5563555952538146
54222,0.39111388706419375
54223,0.16097579565447873
54224,0.2855736168768997
54225,0.2603463378171541
54226,0.5021263464101324
54227,0.12523328003529438
54228,0.6140541670388753
54229,0.5267263473972447
54230,0.6981201347422537
54231,0.273511985929782
54232,0.6285750436383525
54233,0.35376403739490203
54234,0.41347836849217046
54235,0.42443461312130465
54236,0.4363083207827514
54237,0.16689009333320037
54238,0.14312745901965748
54239,0.1273545729766259
54240,0.5635406754825817
54241,0.5279602327794345
54242,0.2529783013853829
54243,0.4331320683948632
54244,0.45386680900099174
54245,0.1589472882045614
54246,0.5312651852771662
54247,0.5517234995136294
54248,0.39248006780249045
54249,0.44024605481599577
54250,0.17169520320654422
54251,0.4107960925485402
54252,0.2549665898119196
54253,0.4787977930888475
54254,0.5502191230806106
54255,0.2942675622395588
54256,0.30036722629898427
54257,0.6979753732170602
54258,0.40864591062003625
54259,0.10739135856328982
54260,0.30988941297823536
54261,0.15033876718615194
54262,0.3708314061623933
54263,0.44943486439487
54264,0.5692013300401353
54265,0.3966025203813339
54266,0.15736735011241507
54267,0.18503742101337697
54268,0.09799460047949797
54269,0.41652260619881226
54270,0.49498743211194324
54271,0.2904650046033297
54272,0.5072661133603362
54273,0.18523249223881977
54274,0.3318861781200284
54275,0.4969070955395778
54276,0.3511677389744055
54277,0.2981458815291334
54278,0.36527242045219366
54279,0.38013567758155803
54280,0.17905913120519223
54281,0.2641397295177526
54282,0.36732090996007993
54283,0.5304249929836987
54284,0.7104961708537965
54285,0.8658216639960385
54286,0.7060443895401455
54287,0.6260428336639767
54288,0.46679351075233105
54289,0.20918153936418166
54290,0.23356761659112718
54291,0.5320335571912087
54292,0.431648794566254
54293,0.2871700565975299
54294,0.627408827455113
54295,0.5303470361137976
54296,0.5835531342620145
54297,0.8104221061737896
54298,0.7344817373514017
54299,0.38154268521412177
54300,0.4931192534326005
54301,0.8046747618928849
54302,0.19483479920686608
54303,0.33065640164256427
54304,0.47876217049130887
54305,0.5599801403581482
54306,0.5328181892304592
54307,0.4289144686494384
54308,0.5904243149208638
54309,0.38031889796573565
54310,0.22965930662824452
54311,0.6230727119554451
54312,0.2962093080045794
54313,0.5700809479358386
54314,0.5928789295874354
54315,0.7157146858435072
54316,0.661576348296767
54317,0.49767377387968914
54318,0.4742594444646163
54319,0.5440663388109583
54320,0.3515714752848848
54321,0.6698814117340998
54322,0.18147539503952637
54323,0.5473519573908388
54324,0.6076714875566742
54325,0.42356437654865264
54326,0.692157300168993
54327,0.25780594797285955
54328,0.696061576998678
54329,0.6034658159851974
54330,0.16121389754088117
54331,0.34251493755249324
54332,0.5028062432722433
54333,0.6470176555238651
54334,0.6973332091750674
54335,0.4319755279424358
54336,0.5239197808408295
54337,0.47121337434048066
54338,0.43554745130302597
54339,0.6106653468027495
54340,0.5494535327327046
54341,0.20577933508393115
54342,0.6906045169813592
54343,0.48104804107435983
54344,0.23688772134030547
54345,0.346943752763368
54346,0.4817876932128198
54347,0.35596425545145444
54348,0.12027516656508225
54349,0.42867101856595485
54350,0.5913502917728665
54351,0.4248652656500696
54352,0.6271335103603815
54353,0.1870633044949701
54354,0.3444640233795225
54355,0.11639553917582782
54356,0.4430906396441334
54357,0.5753801750243445
54358,0.4129762604635756
54359,0.5638386102987163
54360,0.6336185606529456
54361,0.733619247590316
54362,0.2839288829123959
54363,0.1262488121922519
54364,0.6162931591628771
54365,0.6036402801784618
54366,0.11446611425558172
54367,0.12076622927000309
54368,0.6142317653029165
54369,0.5079217185357296
54370,0.503569998709955
54371,0.22459258850587863
54372,0.16274646815746005
54373,0.7093130873744526
54374,0.2862365085661332
54375,0.4789037318233492
54376,0.5134430408778761
54377,0.5086069583587487
54378,0.6305276901199669
54379,0.408842313374823
54380,0.33729578903186064
54381,0.6237385865726115
54382,0.7795570064680059
54383,0.623367668335746
54384,0.2656738200757384
54385,0.7680662941620664
54386,0.7561204754367766
54387,0.48370045313874205
54388,0.5071456324995628
54389,0.49652067748853357
54390,0.46009615966711465
54391,0.5785428378399768
54392,0.33767737151298943
54393,0.3883181783892724
54394,0.2313006707011157
54395,0.5033614946373983
54396,0.5901506416309469
54397,0.7644297794990473
54398,0.3555857261916079
54399,0.5365741749934134
54400,0.80530436037585
54401,0.524102538056707
54402,0.18839155263584476
54403,0.6710219443095732
54404,0.7267734525839026
54405,0.7457040468889473
54406,0.31714268278699226
54407,0.5538640194541152
54408,0.6322280558368323
54409,0.7268381914096498
54410,0.27889778434064055
54411,0.5682312683787462
54412,0.19007739081981623
54413,0.24885066081608334
54414,0.34771474059330587
54415,0.702852647780779
54416,0.6865046780673281
54417,0.632434265941402
54418,0.3280616115582169
54419,0.6104036206282083
54420,0.646267403370644
54421,0.36961509349781213
54422,0.564537776233922
54423,0.2108653904879945
54424,0.7297622999016238
54425,0.48865892045007603
54426,0.1310033275905214
54427,0.2587876825675375
54428,0.443723835344837
54429,0.3222178034169528
54430,0.5962153657764522
54431,0.5356229611095942
54432,0.49717094475661294
54433,0.17409701184437443
54434,0.5192095363886521
54435,0.3098557798418882
54436,0.48209720849036874
54437,0.2945319076988243
54438,0.46739109493347725
54439,0.3670273829963185
54440,0.2829331186076135
54441,0.6185775718043518
54442,0.40128610596999736
54443,0.6128076343219097
54444,0.5823918215710997
54445,0.3898467142808567
54446,0.4878716270521852
54447,0.5740901379107598
54448,0.42015554674702843
54449,0.4711743042254348
54450,0.34219905159346337
54451,0.5761708988639062
54452,0.6069910962318527
54453,0.449501767467668
54454,0.32811940156567565
54455,0.5408366467164464
54456,0.5658428844757235
54457,0.7799526513872546
54458,0.6676327361049001
54459,0.6846326922794488
54460,0.36299779648959085
54461,0.5842052856392564
54462,0.49060842340456084
54463,0.43360972366772627
54464,0.6252691631262941
54465,0.22859902472585783
54466,0.5917207957912983
54467,0.46193354975701967
54468,0.1341368123844937
54469,0.3925617154893284
54470,0.569190392558145
54471,0.1630780658745719
54472,0.674005913422068
54473,0.42313426516515146
54474,0.3224807088118294
54475,0.4796400856199243
54476,0.2923997908597396
54477,0.5995366404541813
54478,0.4858778833225993
54479,0.390928409627425
54480,0.20960431466564097
54481,0.5867321993603063
54482,0.5132802564320031
54483,0.5136205792513522
54484,0.470193832404929
54485,0.4740112071355293
54486,0.1880567546508946
54487,0.4524417829916895
54488,0.5485499408149909
54489,0.4193932273514508
54490,0.430524754434058
54491,0.5189738808759898
54492,0.6752392539973564
54493,0.5984648639548725
54494,0.4941550200461426
54495,0.6524249387568578
54496,0.3847554943979107
54497,0.22074583889266006
54498,0.7813527184002642
54499,0.3456937396076401
54500,0.2451000191152669
54501,0.4942147334532012
54502,0.7677684509798808
54503,0.17058673885097833
54504,0.3811252502538739
54505,0.3790689333289064
54506,0.5171996684374608
54507,0.18326793198593538
54508,0.13164030666413565
54509,0.5266554694256378
54510,0.23904876211646758
54511,0.1633801176192346
54512,0.5037622057642444
54513,0.49280195632563384
54514,0.3457694694882849
54515,0.49453582956754943
54516,0.1770393872574553
54517,0.5736842666096219
54518,0.46488952536501565
54519,0.6024172887144744
54520,0.36581118509542515
54521,0.12972533486283772
54522,0.12745789841211505
54523,0.46727998612323274
54524,0.47818534282058867
54525,0.4943527100796778
54526,0.5844899083232672
54527,0.5233095308269841
54528,0.3935960574354668
54529,0.23437931193361006
54530,0.14592379034556957
54531,0.2545204212414381
54532,0.5930695408073501
54533,0.09918680825438703
54534,0.5131309353829184
54535,0.2661699727228883
54536,0.3004766716382954
54537,0.22025490637706924
54538,0.14252401090740757
54539,0.7092854273627632
54540,0.5091704746545401
54541,0.3578706384053311
54542,0.21738409239488957
54543,0.30016342477815283
54544,0.4624514049357696
54545,0.616884473117941
54546,0.4771748421825222
54547,0.409381523268432
54548,0.6936644159039177
54549,0.4975426572367515
54550,0.5798891179303206
54551,0.33814865489764684
54552,0.3343770655230317
54553,0.14522010806175698
54554,0.32860546930715256
54555,0.2108439858064352
54556,0.5636782574073952
54557,0.5301764029107617
54558,0.4757325613918595
54559,0.2943111459243512
54560,0.5520746513737782
54561,0.2134811704743853
54562,0.5523074770140509
54563,0.593161023150435
54564,0.4344203472337083
54565,0.14975344978064836
54566,0.6126949141282725
54567,0.3072437246320639
54568,0.4610788371004494
54569,0.46183304239797623
54570,0.18783216605733413
54571,0.23914773102837267
54572,0.4729521734371961
54573,0.25851362448946974
54574,0.6256863775186069
54575,0.27855722605427513
54576,0.5249493370863982
54577,0.18412928945238588
54578,0.6059832496199243
54579,0.43235189475104085
54580,0.5207383520114875
54581,0.1291059655474893
54582,0.49248653125355246
54583,0.45114272034557434
54584,0.5044296568282455
54585,0.3810203776239336
54586,0.6209980720337488
54587,0.5557709292841048
54588,0.4595485223052744
54589,0.2780224236554225
54590,0.6017649476076153
54591,0.19687863633204178
54592,0.35604533680670153
54593,0.45057708494264814
54594,0.5729958218197998
54595,0.5852380631918062
54596,0.495119249899423
54597,0.4688745969497409
54598,0.4851152038337779
54599,0.5211237832067805
54600,0.2769259537305583
54601,0.35438304691182526
54602,0.4718880956985489
54603,0.529303301727159
54604,0.4237799430795218
54605,0.5813631721352676
54606,0.6172469114148176
54607,0.3992257305991789
54608,0.37204164169849085
54609,0.2187564943187678
54610,0.5081267509217535
54611,0.4927027885915336
54612,0.2937568130664114
54613,0.5596918547623925
54614,0.699963396947826
54615,0.18953556903521718
54616,0.22674582752235925
54617,0.441577334652897
54618,0.295591381443956
54619,0.6119395482264428
54620,0.47147393386850767
54621,0.42800414970373724
54622,0.22171686976268157
54623,0.21812795939701554
54624,0.16215174316731937
54625,0.30967457577347474
54626,0.5397343615984471
54627,0.36246363124911546
54628,0.25162679461974635
54629,0.4962484599546247
54630,0.519053027340232
54631,0.29093112615955663
54632,0.40152878023253524
54633,0.13609493697617053
54634,0.4019377041876237
54635,0.341748086121215
54636,0.5737626063124462
54637,0.732947515805829
54638,0.5485831090099915
54639,0.4840929300239781
54640,0.232915515481403
54641,0.21191195229390025
54642,0.5670554476504007
54643,0.2936338742846924
54644,0.1410274155834581
54645,0.5768789397042906
54646,0.3482377293420637
54647,0.46800445070779567
54648,0.5312958538059509
54649,0.1696560551234678
54650,0.23790104054594274
54651,0.7184256700032559
54652,0.41018291388712097
54653,0.4931869099603007
54654,0.2996215801461374
54655,0.21818387024926092
54656,0.2235036398603054
54657,0.6215581249990138
54658,0.5344745593963215
54659,0.5496475462618275
54660,0.6303069514071157
54661,0.5773907827893863
54662,0.2043715812967696
54663,0.5810034843118387
54664,0.6008029855538696
54665,0.7046153132146814
54666,0.33370737550259344
54667,0.23008361509940847
54668,0.17545345178166
54669,0.47195661063506816
54670,0.46567271271394106
54671,0.49762914355183874
54672,0.5980201316388609
54673,0.6089619457610771
54674,0.3402882531491873
54675,0.3611026671532388
54676,0.2804520614778536
54677,0.4153854769511102
54678,0.21946136821132678
54679,0.18171911831138118
54680,0.3761924545875476
54681,0.45959398559412157
54682,0.46548087834771973
54683,0.4563838787937715
54684,0.2683588411516727
54685,0.21120079896287783
54686,0.7341300751038308
54687,0.3694904462438518
54688,0.2753235503440498
54689,0.7894478345648069
54690,0.6808042553057231
54691,0.5593099319367401
54692,0.6917752100300165
54693,0.1399185110980555
54694,0.614420239386274
54695,0.8020365113843028
54696,0.7984073009941094
54697,0.4342104361984105
54698,0.3989294270436906
54699,0.33063728777182655
54700,0.1634690127385742
54701,0.4910912978002544
54702,0.1777923092827862
54703,0.16527048357057691
54704,0.8384893219372095
54705,0.5021783499653011
54706,0.7042747858640878
54707,0.6192049169395683
54708,0.6100380557177427
54709,0.33505304599614966
54710,0.10221685336562798
54711,0.5283153718908943
54712,0.32374570724670493
54713,0.6688835866069951
54714,0.5313681783004167
54715,0.7025466185146407
54716,0.40807253314319897
54717,0.7366694010016127
54718,0.5833459287448227
54719,0.1862424930548696
54720,0.512699663730115
54721,0.4682467000665028
54722,0.4024701721591706
54723,0.2557121659541827
54724,0.12674428999518714
54725,0.6151613834706084
54726,0.4676355261317714
54727,0.6011725833335434
54728,0.5148892963405776
54729,0.16613437754515642
54730,0.45159356992828836
54731,0.6466403944429119
54732,0.6077160190419454
54733,0.714773518766366
54734,0.38913693900724233
54735,0.5253289027670425
54736,0.8490764846847539
54737,0.30411292699242204
54738,0.314177839135062
54739,0.49383131466385033
54740,0.6017649834640215
54741,0.4855309638724885
54742,0.31857233590412615
54743,0.48166703576218217
54744,0.47280040719914024
54745,0.619717954470988
54746,0.6489772493147455
54747,0.40044816799592586
54748,0.5787560322001428
54749,0.39088847011252525
54750,0.481875930146346
54751,0.6414704595155909
54752,0.5818123630553274
54753,0.1201193600278764
54754,0.19195147964551654
54755,0.5922765213709458
54756,0.32750957771466943
54757,0.16299613641549573
54758,0.1638941552780642
54759,0.4023636406815718
54760,0.3881507703512795
54761,0.2287099861428729
54762,0.4447123147124348
54763,0.4980367069739301
54764,0.14462246049173622
54765,0.14807739791417177
54766,0.7140284402664584
54767,0.4012122807763866
54768,0.6195207961321912
54769,0.2670940169837015
54770,0.4156704837753261
54771,0.1369891682601829
54772,0.406862367239165
54773,0.4034407935158097
54774,0.11501486413221011
54775,0.23277894073647434
54776,0.3105881564119157
54777,0.5617803529872267
54778,0.44404232046521064
54779,0.5605771452114798
54780,0.24830890194212932
54781,0.2542871961117578
54782,0.7662272516814801
54783,0.6150429489830529
54784,0.6095594152113587
54785,0.6230564392014457
54786,0.6110550788011052
54787,0.35633620105640434
54788,0.6247757233137341
54789,0.36774777990687907
54790,0.4633327762551153
54791,0.15353412929855892
54792,0.5758710338844518
54793,0.13503672098049965
54794,0.17125500832074922
54795,0.12781394916838237
54796,0.429022117233025
54797,0.7350624503864849
54798,0.1791330074342903
54799,0.7263060241908007
54800,0.5862538987149409
54801,0.3658090758907787
54802,0.5354152835934537
54803,0.1784443290078488
54804,0.47388047557005714
54805,0.5062227266013065
54806,0.4704617660571432
54807,0.353288669486898
54808,0.3786940306546257
54809,0.46805931468924683
54810,0.1522211819377722
54811,0.6348339412211276
54812,0.5416706180818268
54813,0.7252692875950052
54814,0.628827101878018
54815,0.1266770084748375
54816,0.14268825320141496
54817,0.4329105692555263
54818,0.7510455875005708
54819,0.6543196331206873
54820,0.4471774300503684
54821,0.41504262055506663
54822,0.24386607835100732
54823,0.5582349722704095
54824,0.6726300048950675
54825,0.44644540461455906
54826,0.36550505803219363
54827,0.6566886161944858
54828,0.13174310660839703
54829,0.19554736573994935
54830,0.7664060715667591
54831,0.49166156170608677
54832,0.5847188269381564
54833,0.1548054939836207
54834,0.1469715773502971
54835,0.6884374373193924
54836,0.17170660072270666
54837,0.6694682902875743
54838,0.24548592153919993
54839,0.16403969324110731
54840,0.17213410144914046
54841,0.8493002847619727
54842,0.611128336463315
54843,0.5809050820351195
54844,0.3346761935330022
54845,0.1392426542753869
54846,0.5429736663177303
54847,0.2477779429592068
54848,0.5017230323446091
54849,0.46181020363782216
54850,0.489045022898458
54851,0.4916937386649166
54852,0.3785541129253959
54853,0.21377333381729538
54854,0.5623413034930664
54855,0.6757689828816923
54856,0.5435929209015056
54857,0.44431346699690916
54858,0.2136227295237975
54859,0.18116032251676822
54860,0.3999962029345231
54861,0.5046577041064776
54862,0.09584301627796013
54863,0.45459460904427096
54864,0.5575409535088415
54865,0.7053846995440526
54866,0.2413139655963836
54867,0.12219113504715702
54868,0.38351136744741976
54869,0.2813962695919693
54870,0.5965971186209457
54871,0.500795924369906
54872,0.3469154205568844
54873,0.6193248540355846
54874,0.5835449078461092
54875,0.45571887222042784
54876,0.3628925687050749
54877,0.2186721034857361
54878,0.5141216294353834
54879,0.22742392807641945
54880,0.41721611733722824
54881,0.6041840513356075
54882,0.17329184016653149
54883,0.6017844333476253
54884,0.32944776469562276
54885,0.5897463655646441
54886,0.6140266647400063
54887,0.20191345553929232
54888,0.23123387768526807
54889,0.7204925667167947
54890,0.3905867231043002
54891,0.48582887421960763
54892,0.5135461115548319
54893,0.8494009006927246
54894,0.6453902155758732
54895,0.2597726797724436
54896,0.3110467437629036
54897,0.3464154210426289
54898,0.7187050721409672
54899,0.2844707079996228
54900,0.7378828595183442
54901,0.2673435573433115
54902,0.5501130369356522
54903,0.34092034567193086
54904,0.33002733153065994
54905,0.20940780595990557
54906,0.677391216618465
54907,0.3320685140039272
54908,0.33879451748257844
54909,0.49420833335127323
54910,0.28591300792974944
54911,0.3228968475285023
54912,0.48425897446144384
54913,0.5491344280025404
54914,0.7446644594784021
54915,0.200537331064456
54916,0.12375017431983498
54917,0.15735703151998168
54918,0.18056939476098602
54919,0.29928116514700226
54920,0.5888665898051415
54921,0.4129344578653873
54922,0.3643322123650398
54923,0.5182651263312947
54924,0.10509321549430761
54925,0.481296828969969
54926,0.4011566492192293
54927,0.30011658387701473
54928,0.4173103109809837
54929,0.26036295396152426
54930,0.4933652662033694
54931,0.43689812937305483
54932,0.2588636343149495
54933,0.21492435648275732
54934,0.17530038073445142
54935,0.4619080558236501
54936,0.15929179020709233
54937,0.4707619989594539
54938,0.4838825133485423
54939,0.6654046656086957
54940,0.39896329930176955
54941,0.39891007317841715
54942,0.6057087268414296
54943,0.16027823976425826
54944,0.5752077651710685
54945,0.5056086706357409
54946,0.2615727752663102
54947,0.7367616759118101
54948,0.3794038924769542
54949,0.47877750170380384
54950,0.3279487960451405
54951,0.16773433249995578
54952,0.5120638337457358
54953,0.6208047621521463
54954,0.7120860984949344
54955,0.531772800613779
54956,0.25539125896674525
54957,0.40086496217766754
54958,0.2925332505525064
54959,0.3341477133135855
54960,0.19086309979888452
54961,0.6607905300724671
54962,0.422920634097119
54963,0.47286595432767436
54964,0.4412476282741694
54965,0.34644397443993036
54966,0.3436304842891126
54967,0.6648314962077915
54968,0.616351110718963
54969,0.6564238649171739
54970,0.5173949431841125
54971,0.29075092598203844
54972,0.4512735896164607
54973,0.4129174593571326
54974,0.30172537615019357
54975,0.5123669554103623
54976,0.6396093579441212
54977,0.6170642944761568
54978,0.4998493422552106
54979,0.6254247186889024
54980,0.49218695999637696
54981,0.598154055048012
54982,0.42455277991127754
54983,0.4670330531601247
54984,0.6651427329524603
54985,0.49347443888343756
54986,0.49780137996034285
54987,0.5954336838498552
54988,0.4546333602844306
54989,0.5628221282792429
54990,0.45198395085053444
54991,0.49772909304491
54992,0.5970533911436631
54993,0.6341370298025455
54994,0.42898254921130574
54995,0.15349483810686693
54996,0.30214548386487955
54997,0.47183651144928246
54998,0.5208818478103089
54999,0.48888431019963013
55000,0.3842994048401131
55001,0.31157910954504114
55002,0.34052620967111447
55003,0.4090490394485063
55004,0.26775239489100916
55005,0.5128053840816009
55006,0.20428131284543471
55007,0.23567131731810528
55008,0.2546747269510032
55009,0.13268715996679678
55010,0.5098531717279825
55011,0.6224458730890421
55012,0.2595065880640777
55013,0.5255809341693921
55014,0.3032090798667684
55015,0.3300139220233086
55016,0.648752940777505
55017,0.4064283998143615
55018,0.5371297623993743
55019,0.20768270736030206
55020,0.23763714244496909
55021,0.8329535276168563
55022,0.29552679770400364
55023,0.5023471659389672
55024,0.6027601614781656
55025,0.2818241661419797
55026,0.44606698996044414
55027,0.19602739329572724
55028,0.5272910152766037
55029,0.4754655826402058
55030,0.37072387750942287
55031,0.5066182293605719
55032,0.6141404198292818
55033,0.44403806663736534
55034,0.6945199392066207
55035,0.5552372790509414
55036,0.14305829042606125
55037,0.5361471513510431
55038,0.6079466882924098
55039,0.1445549622032946
55040,0.5119196817223982
55041,0.538515876943817
55042,0.6354836110356218
55043,0.3030279169988589
55044,0.43376208789432885
55045,0.47942453732456597
55046,0.4091662896091925
55047,0.4129885609673101
55048,0.31601083147307124
55049,0.11171298720363718
55050,0.15343403809033504
55051,0.40366016432276197
55052,0.12805009891625657
55053,0.6513370313862732
55054,0.3939390202808179
55055,0.2678613501937946
55056,0.4750980669920524
55057,0.3618542911581513
55058,0.6073293406431443
55059,0.09277641829069634
55060,0.7162264189501731
55061,0.5037117722495256
55062,0.3996526745551393
55063,0.15110361190945065
55064,0.5746245425573719
55065,0.26846935446183706
55066,0.3560173474109243
55067,0.1453805302152804
55068,0.2964557660735636
55069,0.30837149681984743
55070,0.22355918172046332
55071,0.33742490315609025
55072,0.4829074437273906
55073,0.6614030060369838
55074,0.37902282445512836
55075,0.14558916562028135
55076,0.7283810488702014
55077,0.33664116896472795
55078,0.384445289775336
55079,0.6368795235307205
55080,0.43016276843098045
55081,0.4635357199878073
55082,0.391611815048281
55083,0.49170615038167176
55084,0.6925195020225419
55085,0.30077401083545563
55086,0.7210740048017255
55087,0.20458647234455993
55088,0.4309835957855484
55089,0.493474470407861
55090,0.8102751721316067
55091,0.5629028198781099
55092,0.5233526442240083
55093,0.4734684317721014
55094,0.5578361246431016
55095,0.18337112573246148
55096,0.4674808394157861
55097,0.45259160381271296
55098,0.3412779538617625
55099,0.2777226895575231
55100,0.3779112464157735
55101,0.4475602761005426
55102,0.6162808513939789
55103,0.32980244382204044
55104,0.4432432302991991
55105,0.4709584953214959
55106,0.1529543455266969
55107,0.2161082198541451
55108,0.4125797316536383
55109,0.45499714353064175
55110,0.2132558936001475
55111,0.6726851864430219
55112,0.622442192341905
55113,0.550477935194666
55114,0.5180238904497151
55115,0.24725843715051157
55116,0.8255955875408116
55117,0.23993754919051444
55118,0.2540533859883448
55119,0.47994390017796595
55120,0.23129293604416915
55121,0.5780314086536881
55122,0.373200344667534
55123,0.2620253854071062
55124,0.142010507709298
55125,0.584758115594781
55126,0.496445228897334
55127,0.40378403804094876
55128,0.15577407264841472
55129,0.46132224911688846
55130,0.7307742046751279
55131,0.7427264098939452
55132,0.18235661788379323
55133,0.3819137709169584
55134,0.47457453574264735
55135,0.44104646031945216
55136,0.3965757365752678
55137,0.3110164915936223
55138,0.2504728724648485
55139,0.758819980985447
55140,0.44576710020778204
55141,0.5535205686908966
55142,0.304630848902485
55143,0.4286729819215645
55144,0.7549699109834753
55145,0.22826329131653791
55146,0.47474245503201157
55147,0.41213552061184894
55148,0.22954522628471513
55149,0.43026559829155125
55150,0.5620872057312514
55151,0.280298285301663
55152,0.5577469289523913
55153,0.5872908321658495
55154,0.7207534432771177
55155,0.12084415452344138
55156,0.33998519320281073
55157,0.61667189035749
55158,0.27019246450586304
55159,0.36932421929262793
55160,0.5064655631632259
55161,0.4541034431348979
55162,0.08489336677168775
55163,0.5018083801310359
55164,0.271059901215966
55165,0.5098062389185065
55166,0.43172935830219444
55167,0.5347518012045328
55168,0.8222275752651849
55169,0.32379121405987266
55170,0.2591506128364883
55171,0.36598440704006185
55172,0.46230040418349466
55173,0.3600715886693436
55174,0.764643749289193
55175,0.4763596769962472
55176,0.3221563135601567
55177,0.8063320416092841
55178,0.422972000826633
55179,0.6417395765191798
55180,0.670778710939123
55181,0.38105279958168076
55182,0.5715043905985185
55183,0.5621737593894156
55184,0.44812246365019404
55185,0.3906298820311175
55186,0.47040310645636557
55187,0.46878262676816407
55188,0.494639096354516
55189,0.16619634528639965
55190,0.1471568823884734
55191,0.4993098316728155
55192,0.14073122961728968
55193,0.5701942972441116
55194,0.14772997422044198
55195,0.18735882950663935
55196,0.3845896781528494
55197,0.4987332968555942
55198,0.43093642592728204
55199,0.5737881054708137
55200,0.1353110593594735
55201,0.4748822187182216
55202,0.7597258524394567
55203,0.14818065611432404
55204,0.24562115362440828
55205,0.2101852402825217
55206,0.5729255174916184
55207,0.7005195513878191
55208,0.12709577157862986
55209,0.23872738861610449
55210,0.7809440810251801
55211,0.6559574043214952
55212,0.5114494056412638
55213,0.3931323649540884
55214,0.20219214228425922
55215,0.30345061016845654
55216,0.6738880077858251
55217,0.22375969601351417
55218,0.6143466336719327
55219,0.8034931373531429
55220,0.559968865151409
55221,0.2338215700951471
55222,0.43156508154025475
55223,0.5070204403591314
55224,0.5795080332338269
55225,0.7045364924824272
55226,0.4671665564687575
55227,0.3567024332364812
55228,0.30451102786584044
55229,0.3196954054387775
55230,0.392266374217552
55231,0.44541207528321364
55232,0.4812830526129719
55233,0.5312042191836959
55234,0.29078675939958426
55235,0.5271952615686122
55236,0.34350681926993093
55237,0.5258251440407933
55238,0.1987881265608586
55239,0.1795119745115424
55240,0.7225016963812653
55241,0.5174996686203367
55242,0.25273537242111915
55243,0.4534123866003441
55244,0.06475000961381314
55245,0.4911491406001105
55246,0.14936680245342715
55247,0.6214666117696934
55248,0.4537483947231326
55249,0.5257596094701092
55250,0.3648860521056181
55251,0.7473931443680155
55252,0.6017829503346674
55253,0.2579598233865499
55254,0.6187468129384973
55255,0.38558539820698834
55256,0.5584979062824323
55257,0.5205208887759452
55258,0.3301294876749653
55259,0.31587989395602084
55260,0.3018499749725897
55261,0.47061093301767437
55262,0.22745883650240284
55263,0.6621380252262303
55264,0.4013196794599684
55265,0.5744268369427702
55266,0.5761286421361396
55267,0.28413454277739225
55268,0.34844276692500903
55269,0.1144839712493443
55270,0.6810035621569815
55271,0.4622844571400606
55272,0.5968844785576584
55273,0.7763498178625546
55274,0.6080531954067184
55275,0.6096156927364086
55276,0.39850228876254923
55277,0.4285829842570448
55278,0.4964319714926283
55279,0.37352158346787784
55280,0.38882373676221377
55281,0.5187152035659631
55282,0.19236167051169037
55283,0.49117787861702766
55284,0.11624361947961244
55285,0.3347481521859425
55286,0.6121010856964857
55287,0.31304931867854363
55288,0.2883346365253055
55289,0.2887178711347295
55290,0.12853962224110496
55291,0.44880490538402323
55292,0.5380458311984873
55293,0.42441540496317487
55294,0.20241092407677155
55295,0.4653768144587035
55296,0.5460605629610064
55297,0.29836273218552556
55298,0.5798741671090374
55299,0.18791196554569412
55300,0.16224019953718563
55301,0.5029510194798205
55302,0.43892556591844534
55303,0.15751308120612698
55304,0.601483000708911
55305,0.3190578313018118
55306,0.4715357316824076
55307,0.6026644104216952
55308,0.6333005864540907
55309,0.3201585344662313
55310,0.6795780124777263
55311,0.5231188320561243
55312,0.15630035250950483
55313,0.5149905781155326
55314,0.5672423406561423
55315,0.47153309845270647
55316,0.5176760255990923
55317,0.17818536055286374
55318,0.11305256757633067
55319,0.3392947327824539
55320,0.4900240481929337
55321,0.3628123045077379
55322,0.6992875375769722
55323,0.4644803564460154
55324,0.2858519381837157
55325,0.6632777731567207
55326,0.6675616136907824
55327,0.2890175069028273
55328,0.6461234871543051
55329,0.34304801010747116
55330,0.43381418904275737
55331,0.1559347814113095
55332,0.17245694278736085
55333,0.502235854014485
55334,0.3931574911271037
55335,0.455070868698197
55336,0.7860743900439527
55337,0.20993085618737542
55338,0.614940919692765
55339,0.5029564346751282
55340,0.35275742432303153
55341,0.5135569258707177
55342,0.5879014481097364
55343,0.26576944010679343
55344,0.15502752253054955
55345,0.1327764222532015
55346,0.5027356067496773
55347,0.15296674917747038
55348,0.4492479174521026
55349,0.5482269635960305
55350,0.6349670066362981
55351,0.20047979818789524
55352,0.6201699787974637
55353,0.4565542649727321
55354,0.5133586411087997
55355,0.20522434019498786
55356,0.36797191022706965
55357,0.7507481571490539
55358,0.2471170539332778
55359,0.45459082014462476
55360,0.4721619062033395
55361,0.541316917549776
55362,0.8420835836874481
55363,0.31962261473488685
55364,0.3911152386816006
55365,0.2782594547493554
55366,0.7840738543384936
55367,0.802665477314573
55368,0.4941666602579709
55369,0.2551917643017097
55370,0.7434604289790873
55371,0.6814359611434008
55372,0.479220318358825
55373,0.6303093413198808
55374,0.33980634639437163
55375,0.6829348166277053
55376,0.4493886650646317
55377,0.5771065562195368
55378,0.1551528078752219
55379,0.4795840461147507
55380,0.3155193235735874
55381,0.16315949569864197
55382,0.8584603663090837
55383,0.7658989944933239
55384,0.5947859292296914
55385,0.5280633953862174
55386,0.3801579688240783
55387,0.6031104539473011
55388,0.293177921441203
55389,0.7650492875952624
55390,0.22966140278962585
55391,0.4946275947998331
55392,0.24036731938055744
55393,0.30208447157484897
55394,0.5824740851287532
55395,0.6730963182620623
55396,0.5304426374666225
55397,0.7341868453714889
55398,0.55080538163626
55399,0.5429414440142983
55400,0.39686470734167095
55401,0.535209654223461
55402,0.35204379593976215
55403,0.6155886475321929
55404,0.5387163136007284
55405,0.45527694737342334
55406,0.1963785976472927
55407,0.49738581209853056
55408,0.4431380345711596
55409,0.5310906586760028
55410,0.772080318368976
55411,0.6124521954523843
55412,0.6093070680994086
55413,0.45223255543661317
55414,0.4237160192536969
55415,0.5355812058028325
55416,0.24810568113479994
55417,0.4070346517916809
55418,0.5468516541096016
55419,0.3086495380057388
55420,0.3940041726291954
55421,0.35719616475822036
55422,0.1782107863055453
55423,0.45893739670674005
55424,0.26978752365572567
55425,0.5415949387120603
55426,0.5456154019033546
55427,0.650765011874367
55428,0.3342143817921293
55429,0.6377626357459011
55430,0.1718746532244124
55431,0.4010058556853683
55432,0.5615283243968826
55433,0.34965978292783734
55434,0.42307936035031457
55435,0.37571821955631957
55436,0.5994417489792081
55437,0.14039777718246632
55438,0.2986102538742014
55439,0.4013524923584267
55440,0.49270207193950544
55441,0.4449925210952789
55442,0.6380505549849321
55443,0.18405354399399773
55444,0.4877608722346599
55445,0.365741575903781
55446,0.4443554171472443
55447,0.41802145914568434
55448,0.4391000519905341
55449,0.20155293903715185
55450,0.19181640743065104
55451,0.47709635927642524
55452,0.5489352942489523
55453,0.5497392107954889
55454,0.46379824391247315
55455,0.36154399232968815
55456,0.8182394149053912
55457,0.16071600847714837
55458,0.3395959916931867
55459,0.2198648545102187
55460,0.6983236502307165
55461,0.49484078792176334
55462,0.5661473887534373
55463,0.23539035969031058
55464,0.3065502349249084
55465,0.42404060063273546
55466,0.7379791642782304
55467,0.17847655236887416
55468,0.3260711025212867
55469,0.1261629304112145
55470,0.4248608441002056
55471,0.5488904367548187
55472,0.4788274381513256
55473,0.4479130111766784
55474,0.4470024458569444
55475,0.1758323473528074
55476,0.44948961962969647
55477,0.7101497885664232
55478,0.26866940645580983
55479,0.3919832567422397
55480,0.47866527330910885
55481,0.6175638298917238
55482,0.2516758044613192
55483,0.1749133327402749
55484,0.5757553167446143
55485,0.5168997744591713
55486,0.6212696295914373
55487,0.37042077873277046
55488,0.4105070741870676
55489,0.33816878383663695
55490,0.3319830428605327
55491,0.14067227929109463
55492,0.6447984555421759
55493,0.5051008991355572
55494,0.8202421121549811
55495,0.5095248502307081
55496,0.29100505730208126
55497,0.17890889915318678
55498,0.5008245493178675
55499,0.5777125332893046
55500,0.7849587696507251
55501,0.45220624458661246
55502,0.7842964797134526
55503,0.25209333507646703
55504,0.5136217216955012
55505,0.7959731493213148
55506,0.5777671824223075
55507,0.42044035310410877
55508,0.6014739646579109
55509,0.5232916652433147
55510,0.6659516350506804
55511,0.427554863597528
55512,0.5485448968187073
55513,0.17513671342881168
55514,0.6824941359929468
55515,0.21695970095921766
55516,0.37174958421305804
55517,0.5606304885309179
55518,0.2597933365167666
55519,0.7778441720598355
55520,0.24073527350870105
55521,0.4321754721111635
55522,0.5171428071264983
55523,0.4420654888265479
55524,0.2186107994606772
55525,0.6409783680070344
55526,0.6174680534956186
55527,0.40266779516239753
55528,0.20036276209231565
55529,0.5317228980596547
55530,0.35683448562937653
55531,0.402693970287573
55532,0.5371157229594515
55533,0.38026745406044793
55534,0.12975524529385138
55535,0.733355824353684
55536,0.5560806324749297
55537,0.3813467369927288
55538,0.3622187626888788
55539,0.6171470842427789
55540,0.22901058405041616
55541,0.5235976831717511
55542,0.2478673248866686
55543,0.3344907536377598
55544,0.7075484899308974
55545,0.14469229382415083
55546,0.30958787055959613
55547,0.19095726447726963
55548,0.4528604811500179
55549,0.4268396704927437
55550,0.6134568043271875
55551,0.5809839793028421
55552,0.5792131993620973
55553,0.23932905551405312
55554,0.3305767997857283
55555,0.1624857916319785
55556,0.5373963454856538
55557,0.5168549035037839
55558,0.5014201728464271
55559,0.7507060672214642
55560,0.7286981500542917
55561,0.7318147097832928
55562,0.16604785960630947
55563,0.5063284376308608
55564,0.7394850205615443
55565,0.242005173465929
55566,0.5910953384404378
55567,0.33330561646801304
55568,0.5383836521748406
55569,0.5350637450134265
55570,0.3889482357913568
55571,0.6919177361530268
55572,0.26006309969792946
55573,0.35106158771536283
55574,0.3218113543341997
55575,0.49391407358663725
55576,0.4772338818932275
55577,0.453745274080517
55578,0.6851080936038157
55579,0.39080584929850576
55580,0.44566866562061397
55581,0.1535460381897677
55582,0.17391966279970414
55583,0.6956473825930147
55584,0.5144766015624108
55585,0.4408158031657552
55586,0.3051787669181345
55587,0.3921644916724947
55588,0.529399576445541
55589,0.8244003350604152
55590,0.484360834395753
55591,0.5000708315705729
55592,0.6219635785253665
55593,0.30648111268347533
55594,0.6080921722375894
55595,0.5241238820602633
55596,0.8152691644990925
55597,0.4443806033246187
55598,0.2870928569361542
55599,0.7671226848052989
55600,0.13293519977860035
55601,0.4824368714370866
55602,0.4306421920574617
55603,0.6788739993558348
55604,0.3638413981500432
55605,0.8592614990607261
55606,0.561261003750103
55607,0.44198990515678166
55608,0.1902407330738947
55609,0.27688431064628943
55610,0.46118563298612997
55611,0.6214590931798634
55612,0.5746378404599168
55613,0.5794674585728424
55614,0.30282217336801925
55615,0.585235604185037
55616,0.6377497775140131
55617,0.10176074770458483
55618,0.3518466648374022
55619,0.143619356906625
55620,0.25905735289099907
55621,0.19377922712318532
55622,0.5197659717627905
55623,0.7376396092783115
55624,0.4702717486047419
55625,0.5412280564571036
55626,0.6699254837954622
55627,0.46839435288614095
55628,0.6478008283937494
55629,0.42315704604571813
55630,0.4118061972705081
55631,0.6615773134608701
55632,0.15295427854507535
55633,0.5402238996935009
55634,0.4094891158045541
55635,0.47879146368784814
55636,0.1626752737236744
55637,0.6331443889650584
55638,0.4781707996382554
55639,0.15952030573615775
55640,0.492076131770173
55641,0.43588510498584165
55642,0.10792478616887904
55643,0.8559531399305579
55644,0.592332650248466
55645,0.7581674709770277
55646,0.38885937196010173
55647,0.5191412152151372
55648,0.5046936521442833
55649,0.5226605580930743
55650,0.12231537487963086
55651,0.2025945717488168
55652,0.40163312358607456
55653,0.7830406044069855
55654,0.1531943640227131
55655,0.6403156342722731
55656,0.34029587482385054
55657,0.35204892215362826
55658,0.6778124894608099
55659,0.41336739713649157
55660,0.5884398971151008
55661,0.20351832837510112
55662,0.12711383483411692
55663,0.4359341544967097
55664,0.8695832652957824
55665,0.17333515549451772
55666,0.5175477665061404
55667,0.6207506553688502
55668,0.4359177352492171
55669,0.3481029276725995
55670,0.5059907145357938
55671,0.3799998026995217
55672,0.7767653431917357
55673,0.5242595092051052
55674,0.2641159171520394
55675,0.5981850865733221
55676,0.45434270002864857
55677,0.7379504593636036
55678,0.3019679815386131
55679,0.2769783680301603
55680,0.6093372775438225
55681,0.24363326965584864
55682,0.1962852715539696
55683,0.2722189489858821
55684,0.12725267921356015
55685,0.8067690923022272
55686,0.38238544384664275
55687,0.2134924638974513
55688,0.3952952922436189
55689,0.5915670314317284
55690,0.3516777509582687
55691,0.47996060057906254
55692,0.6244795827949843
55693,0.4500165777748466
55694,0.7357434437233469
55695,0.6426251998044926
55696,0.3849888920550102
55697,0.6744114051318951
55698,0.38376111466771656
55699,0.864898360099773
55700,0.6564279440356914
55701,0.19951432506853684
55702,0.4885153063724652
55703,0.3276492836667865
55704,0.7542958968959782
55705,0.6954570782085092
55706,0.14855943830733429
55707,0.40726458167630086
55708,0.5177014398395272
55709,0.7112819131100896
55710,0.7872975140360718
55711,0.6484710837112323
55712,0.524291396861277
55713,0.6727900047070194
55714,0.17367849503383154
55715,0.5215904414948331
55716,0.3653049793194295
55717,0.24701690773210144
55718,0.5565303239338101
55719,0.31772670862446223
55720,0.30957512362182005
55721,0.29585891226456035
55722,0.259318694158691
55723,0.2326583226323765
55724,0.7592599214749038
55725,0.19470912291980774
55726,0.4968838854824829
55727,0.2525318675821284
55728,0.35825081743725007
55729,0.232147198836445
55730,0.35935575072091097
55731,0.49232599475725125
55732,0.7415694300426922
55733,0.4355560615251362
55734,0.22042572363458282
55735,0.20233596729271403
55736,0.6308674677818444
55737,0.7982373352003038
55738,0.41109627322167597
55739,0.47120406149693134
55740,0.8075573100842837
55741,0.8460168616758464
55742,0.6683447968713014
55743,0.24649670486398365
55744,0.14316427684000235
55745,0.8204666777345715
55746,0.7178143695213743
55747,0.3035387311648267
55748,0.4830717231168709
55749,0.5941271647091833
55750,0.5396372228167107
55751,0.7923148960421851
55752,0.7357213010913324
55753,0.45296078548295177
55754,0.4088030379780611
55755,0.2714949131591653
55756,0.25322672917853006
55757,0.3807232580936705
55758,0.18676211330886183
55759,0.7091117554736099
55760,0.4802112104953891
55761,0.5207185421970894
55762,0.46603543308461404
55763,0.571004759004411
55764,0.729765034916143
55765,0.675418990590709
55766,0.2680342971472987
55767,0.7840453829088162
55768,0.7933757859940433
55769,0.5354388414597043
55770,0.512821746026276
55771,0.3670279204566454
55772,0.6512624647238082
55773,0.29110896237009753
55774,0.4294578751945552
55775,0.16506646034188166
55776,0.28110411441964656
55777,0.15364021842808576
55778,0.19017786027083597
55779,0.7969904131547514
55780,0.722773665724504
55781,0.447974221849771
55782,0.521636971450703
55783,0.5211481299130133
55784,0.6562614186404303
55785,0.2978107853961672
55786,0.617035950070801
55787,0.5245278713193069
55788,0.26616493094302723
55789,0.7818610514139829
55790,0.37266489546906073
55791,0.7190667222130618
55792,0.7922601545431
55793,0.8568474364975207
55794,0.42152466966027197
55795,0.3546753589564468
55796,0.6974728090603073
55797,0.4431613332963879
55798,0.6517485533250369
55799,0.5167491399935294
55800,0.4361648983204108
55801,0.16746260029137272
55802,0.46421108966052477
55803,0.3355257514014354
55804,0.5891311873926602
55805,0.12245218877194143
55806,0.6952511100847907
55807,0.28389715273036153
55808,0.5568948718070033
55809,0.5413118222560164
55810,0.5250376609527548
55811,0.5612304239928255
55812,0.22092018558164186
55813,0.19918259528728177
55814,0.15392614527959858
55815,0.3106590462940574
55816,0.4608433191271522
55817,0.3808045941261116
55818,0.4347072569218655
55819,0.32768618695855467
55820,0.8277408991874307
55821,0.18830251684212673
55822,0.2770436962322762
55823,0.6276513201078228
55824,0.3538007793606568
55825,0.45451233893411785
55826,0.3453073038887953
55827,0.7991170744978265
55828,0.5406081172950076
55829,0.6643483853858603
55830,0.24622854363084856
55831,0.171233992281657
55832,0.3736911579711127
55833,0.4155742437834629
55834,0.34228297394822765
55835,0.14000239218067811
55836,0.1564731628270623
55837,0.642470490648779
55838,0.23198140516558904
55839,0.6419730791697391
55840,0.36812687454654025
55841,0.5446018435941283
55842,0.15537696968113116
55843,0.5040839733813909
55844,0.5890973083382781
55845,0.39157705456419134
55846,0.6928757284940862
55847,0.22422445334366972
55848,0.5348855008652996
55849,0.17393635562224172
55850,0.4984535476109096
55851,0.6239633569106081
55852,0.5251697022782803
55853,0.22459944597194162
55854,0.5063219761213505
55855,0.6011013406646046
55856,0.2265404331246015
55857,0.7839023551090274
55858,0.3078432101918245
55859,0.20283505088512255
55860,0.5383634729029139
55861,0.31441695181203255
55862,0.2654540204181318
55863,0.36616475011376526
55864,0.7769750360780618
55865,0.19165800050874499
55866,0.870599252896981
55867,0.47903967871562425
55868,0.44869423177142614
55869,0.2379647366548134
55870,0.5897173184830251
55871,0.43888624713958785
55872,0.6827188828374109
55873,0.19011281560915783
55874,0.5635423192133827
55875,0.6300454571525482
55876,0.24025235832030165
55877,0.44586433577770473
55878,0.31490605646833353
55879,0.5746203457917349
55880,0.6082716680396172
55881,0.4753940113390314
55882,0.6060272106900918
55883,0.5785843037796651
55884,0.5525662544672172
55885,0.30677341134210234
55886,0.5479965852872978
55887,0.6613937928433283
55888,0.5800796818805385
55889,0.3437853675363889
55890,0.41424520275335425
55891,0.44938403494369666
55892,0.4440196427251608
55893,0.3433091787721556
55894,0.6409010263551265
55895,0.5659086344261394
55896,0.3033122983160304
55897,0.41437546590144203
55898,0.664390111356071
55899,0.20648401193969726
55900,0.5323515427765553
55901,0.5897719740161791
55902,0.17351635341271762
55903,0.673402537224465
55904,0.3321582948776629
55905,0.12666580083689238
55906,0.3515058314369411
55907,0.15277695279900258
55908,0.5043309022002472
55909,0.47827235657456496
55910,0.4613332253357996
55911,0.3158897312069679
55912,0.6795973270516392
55913,0.627102753363391
55914,0.4607175865212413
55915,0.5549750338590514
55916,0.5025223694020491
55917,0.18189271737434184
55918,0.6264938550910134
55919,0.6168124779295643
55920,0.2682112778298634
55921,0.4396944590709768
55922,0.8134027896477475
55923,0.6974481138033776
55924,0.5077629902913373
55925,0.5539237756621748
55926,0.22920839330547824
55927,0.1843181538008539
55928,0.39966497980501203
55929,0.40309184575810225
55930,0.4253356689195088
55931,0.558762252777379
55932,0.46129271296602814
55933,0.33963065498840767
55934,0.4394233720012773
55935,0.5343432523376072
55936,0.28259533141645343
55937,0.19616240187912773
55938,0.5321953725601442
55939,0.4988390889832109
55940,0.5175799015535166
55941,0.29747034292998664
55942,0.505722411075448
55943,0.49673347246581273
55944,0.6412824438394115
55945,0.1592447364460106
55946,0.4530569128802988
55947,0.7699893940506575
55948,0.5227084013473089
55949,0.3290371142124956
55950,0.16453130980035777
55951,0.2963967223096634
55952,0.4697134468954295
55953,0.6093745805924587
55954,0.6826306221980931
55955,0.2531973803300476
55956,0.18237316558232447
55957,0.8524803412589494
55958,0.45291204553608333
55959,0.1916983873821399
55960,0.4856303407240541
55961,0.451818359071963
55962,0.5888027958067964
55963,0.6611967563635913
55964,0.24784906266027495
55965,0.2798121080113016
55966,0.6311219447594772
55967,0.2546844654110092
55968,0.422974262913983
55969,0.5123875801868073
55970,0.549353412709488
55971,0.4401219887973936
55972,0.1283747096220825
55973,0.6718990682080508
55974,0.45076050263786155
55975,0.6796399837140148
55976,0.3642933236471835
55977,0.3335442811764388
55978,0.5558943948800831
55979,0.5916358151574527
55980,0.19054097074740414
55981,0.15878602371454414
55982,0.3581748003979508
55983,0.5728671195144687
55984,0.6621541869644146
55985,0.27247539263238335
55986,0.5269351387937885
55987,0.5313569050604053
55988,0.7030847551152463
55989,0.22702592912292366
55990,0.5957352844887184
55991,0.6972201129075063
55992,0.324536563291601
55993,0.48275020504379446
55994,0.38753936955527946
55995,0.5007644559439727
55996,0.8391039767356024
55997,0.8446400447124089
55998,0.5533680704479162
55999,0.6517782168501253
56000,0.4887089822626236
56001,0.5958990553390834
56002,0.15114083307728213
56003,0.8029249785097035
56004,0.3867254584523675
56005,0.43327270680414
56006,0.24404443913495913
56007,0.18149779367396918
56008,0.4029088096233239
56009,0.42872488663285563
56010,0.5771087792421639
56011,0.5438111288893358
56012,0.46879252023825546
56013,0.13822371488932067
56014,0.6592103877874544
56015,0.2816218090293918
56016,0.5940435892177379
56017,0.15824425123849595
56018,0.11176725547161775
56019,0.6981130853427159
56020,0.47415745687145155
56021,0.2736345149965689
56022,0.4076064344719007
56023,0.25569618843740305
56024,0.3965300468796575
56025,0.5274097329274355
56026,0.680318692305408
56027,0.7831158500253877
56028,0.2292181418500305
56029,0.5357638939500539
56030,0.656906888178616
56031,0.45862571650614925
56032,0.7274876721009104
56033,0.3435588082750833
56034,0.5428717239268693
56035,0.6133690831209149
56036,0.6133118111347166
56037,0.24749102424400693
56038,0.5210756594473107
56039,0.7333209092900517
56040,0.35269692238369216
56041,0.4793037661034361
56042,0.7548799616129007
56043,0.24188298630554664
56044,0.6593322835198089
56045,0.7190878643613587
56046,0.3403797191438812
56047,0.3210300962374058
56048,0.44435798884530714
56049,0.6017806235056242
56050,0.6798277208693881
56051,0.3338993711106007
56052,0.7931124653611807
56053,0.2797366536853601
56054,0.2436597573948917
56055,0.17626337691762903
56056,0.41025106556118995
56057,0.3220178131765509
56058,0.5571074653368777
56059,0.4628249803744661
56060,0.5155917686430714
56061,0.19959411735840787
56062,0.4230394479206939
56063,0.42096373651062735
56064,0.4695028183461761
56065,0.4862444333970405
56066,0.41983355373618314
56067,0.3804284464612269
56068,0.28594462757634587
56069,0.17082952737295481
56070,0.5676646919412326
56071,0.3711213980929126
56072,0.6567573462505183
56073,0.6389829129861706
56074,0.12653392478178166
56075,0.5566937437795825
56076,0.6316504088873602
56077,0.6493075615070467
56078,0.4787919859052639
56079,0.20459422353428483
56080,0.16226805992233942
56081,0.5576620977327782
56082,0.549489231123206
56083,0.5240033057444086
56084,0.47583587992806675
56085,0.2332145094009548
56086,0.8452453815334573
56087,0.3927249962800444
56088,0.5039127688641084
56089,0.7887290072126003
56090,0.12449471836690582
56091,0.3918484747582048
56092,0.3537864796986421
56093,0.6016646891427244
56094,0.3382231863358022
56095,0.24054770279106547
56096,0.34267325449390146
56097,0.18809201580556953
56098,0.8132330049833063
56099,0.36866571774306517
56100,0.2263877729765114
56101,0.28651023898107914
56102,0.260586218645292
56103,0.5536276688110207
56104,0.36510829357230457
56105,0.6530486245900606
56106,0.27516409623136134
56107,0.6709949367507246
56108,0.7742540290067398
56109,0.545773224859766
56110,0.7979739431459777
56111,0.7041302177274956
56112,0.6139406185933852
56113,0.2214521390035818
56114,0.4487659395976773
56115,0.5014613035664613
56116,0.23090747590200786
56117,0.4844671800217481
56118,0.6700967033861578
56119,0.3781675633965706
56120,0.4436417867706173
56121,0.5989212956831484
56122,0.6272410625492049
56123,0.5997015026074317
56124,0.2624065162622563
56125,0.2682852455293598
56126,0.6283144793320536
56127,0.5554459604134199
56128,0.7960322110634123
56129,0.5326554843854735
56130,0.5955238704144502
56131,0.3235538707241398
56132,0.27340639838240793
56133,0.48963664194153866
56134,0.1556021605134277
56135,0.23867704267727644
56136,0.42301973469529647
56137,0.4749079009014632
56138,0.3725048629511307
56139,0.4076719767415773
56140,0.17825026585375336
56141,0.486477644111378
56142,0.41216576397855215
56143,0.20531039152640523
56144,0.71229195951817
56145,0.6729973516427484
56146,0.5628197440620881
56147,0.19314780870034925
56148,0.28152104654233756
56149,0.5321338053889789
56150,0.6782974736939633
56151,0.6811052226074993
56152,0.6082029187077984
56153,0.6530997398891684
56154,0.4805732027580763
56155,0.7888943876625021
56156,0.3993711636216965
56157,0.35944050740333605
56158,0.33310370338680073
56159,0.46393395677389365
56160,0.22159223003926434
56161,0.5462643939822259
56162,0.3297523490711448
56163,0.4891583612263262
56164,0.2122127898963042
56165,0.22273965401170875
56166,0.1264103543648231
56167,0.6197444331455394
56168,0.5332636928534963
56169,0.741227420166961
56170,0.41237051775963257
56171,0.6894917055147113
56172,0.5582142770639494
56173,0.48417433789286
56174,0.418569077968805
56175,0.24958781586586662
56176,0.6632137844671406
56177,0.27744305037187417
56178,0.1466848234529635
56179,0.3904793790428796
56180,0.5547562378539256
56181,0.15475800125178904
56182,0.31590481540608645
56183,0.488094737139585
56184,0.2467054059034734
56185,0.42195820844220283
56186,0.4143208243707178
56187,0.32191241138762505
56188,0.5423975504416411
56189,0.3725615988145034
56190,0.6464808615930242
56191,0.2664325808895516
56192,0.33611704603535575
56193,0.4737847887801961
56194,0.14841873975126513
56195,0.614854170903555
56196,0.6348514952489582
56197,0.3573876397281822
56198,0.4694718432113435
56199,0.5781889410815972
56200,0.5097414131282483
56201,0.5592868858458409
56202,0.7657157443790191
56203,0.5740716695167212
56204,0.6173730210782385
56205,0.6100510970189017
56206,0.2538815795016728
56207,0.5851988502545635
56208,0.455725484998255
56209,0.14933159541796887
56210,0.21111044784419142
56211,0.5236020377820829
56212,0.44824218102058744
56213,0.2933808347248142
56214,0.5214268865445044
56215,0.24287254205946165
56216,0.23712506618826584
56217,0.4391824616851229
56218,0.5526947652681234
56219,0.36453981288492787
56220,0.14156325500298236
56221,0.7244738781461595
56222,0.6821684967366024
56223,0.5009972039867746
56224,0.5729145051168002
56225,0.4669996425794634
56226,0.3817441058285163
56227,0.2879288389148452
56228,0.15250967041997926
56229,0.8142398995211784
56230,0.6642885915123176
56231,0.49873894532421825
56232,0.48794255146321247
56233,0.5444677830110014
56234,0.5906074171305675
56235,0.2740245487121431
56236,0.5792405650310303
56237,0.1273584299603534
56238,0.5368187775649809
56239,0.4853247200160392
56240,0.3891870427228352
56241,0.34073141932040785
56242,0.383027605363596
56243,0.17011659061658585
56244,0.6090537920976334
56245,0.4854019971769993
56246,0.1534004005047269
56247,0.1513537554950106
56248,0.45926333836814887
56249,0.5408370801249508
56250,0.18606655997165333
56251,0.48348994651841953
56252,0.3274340984645578
56253,0.5374175794951557
56254,0.1351492815043357
56255,0.3507772816420162
56256,0.6414070494576412
56257,0.4088913452795125
56258,0.6409316304121208
56259,0.6837804469699897
56260,0.5177389384703159
56261,0.27091004673494334
56262,0.4823486226043301
56263,0.43407165163626865
56264,0.576108918623004
56265,0.3690674802931993
56266,0.6627702551089626
56267,0.7582989157479827
56268,0.4840335135737525
56269,0.5594526531303966
56270,0.7482268703412922
56271,0.1939744326961032
56272,0.13037811370358146
56273,0.5325369046624012
56274,0.312075372283257
56275,0.5992094607647142
56276,0.14737630294059903
56277,0.248066602937642
56278,0.5970191844362149
56279,0.7325643768434729
56280,0.6510774488126376
56281,0.617123005244381
56282,0.26586014758529536
56283,0.29521627093867375
56284,0.6449966577712904
56285,0.6432489104631708
56286,0.32122439481618625
56287,0.49222072427517316
56288,0.13541973533267782
56289,0.6303774872059853
56290,0.23286158899609885
56291,0.33826484372572546
56292,0.5809217974247204
56293,0.7088434370042896
56294,0.6029484786048034
56295,0.5102547352347637
56296,0.527808334905637
56297,0.5460429072342413
56298,0.16963874342894764
56299,0.16926699147195864
56300,0.4116268966278852
56301,0.5170128452394782
56302,0.4205167948615472
56303,0.542814997101865
56304,0.7556661861876279
56305,0.7169748950231947
56306,0.5368257198553612
56307,0.3652928477309748
56308,0.41822211543049675
56309,0.5255359751638422
56310,0.15434875805681605
56311,0.33863574313728984
56312,0.6524745202195886
56313,0.7990286214393241
56314,0.32645422101526805
56315,0.4734280473028116
56316,0.33694425087373214
56317,0.6637926002527361
56318,0.7778617158820947
56319,0.46746550897298733
56320,0.14822841845654322
56321,0.5175438421815913
56322,0.4693697969447738
56323,0.33615339206065514
56324,0.4819963996639923
56325,0.7071535201328275
56326,0.433491351788477
56327,0.2558555131535823
56328,0.4361004281576061
56329,0.5421907052726824
56330,0.42738312149183033
56331,0.4308333202085171
56332,0.14189033045076654
56333,0.47966899024719706
56334,0.5857623458153702
56335,0.12927305236911873
56336,0.42746392369537284
56337,0.13441653627936165
56338,0.635679773978617
56339,0.3868007158493228
56340,0.39976019283587816
56341,0.6213843737376106
56342,0.6984746718786287
56343,0.5179360955860203
56344,0.33470151457259095
56345,0.5070518711903946
56346,0.5695730282384598
56347,0.37724589575833256
56348,0.2422349053323326
56349,0.2895699020593609
56350,0.20452055197228833
56351,0.5476522740175411
56352,0.43704136056150233
56353,0.396348250860511
56354,0.6114525279380113
56355,0.3064781615126604
56356,0.24713457824922974
56357,0.3010924958292157
56358,0.7526723960731634
56359,0.5438236451959956
56360,0.3319185592890533
56361,0.47717363435451254
56362,0.7127433972190775
56363,0.5904892026977929
56364,0.6136941414311046
56365,0.6347475897774739
56366,0.667822781079694
56367,0.5003170705907973
56368,0.18949583988332191
56369,0.33225967385676225
56370,0.6152663443600969
56371,0.4251559300546861
56372,0.6378436526467242
56373,0.4652096090768772
56374,0.4759345357889204
56375,0.48203068391222764
56376,0.5133996288899615
56377,0.28003410336522533
56378,0.5670286558389274
56379,0.6053595289457787
56380,0.27888538427673054
56381,0.6244739316756944
56382,0.16286868770179844
56383,0.4616947723344045
56384,0.24132983389669088
56385,0.28469886706541436
56386,0.44760388289975495
56387,0.3189119118793643
56388,0.3831724297624881
56389,0.3920843631520366
56390,0.5543985140663353
56391,0.5501115629290013
56392,0.23538887128947045
56393,0.42864081888061256
56394,0.6396941749753419
56395,0.5999753240710197
56396,0.6211356553829219
56397,0.5078632159054983
56398,0.24416548829834359
56399,0.4517995250700627
56400,0.524267079234823
56401,0.5489796796178387
56402,0.277266354456478
56403,0.6129037670850659
56404,0.5073768466431777
56405,0.6058204915240845
56406,0.33207371337790775
56407,0.6906713698751299
56408,0.6591550191662294
56409,0.21392612160276156
56410,0.20253197667425996
56411,0.5638662737376932
56412,0.22837205406282848
56413,0.17159118830445075
56414,0.3450603577971789
56415,0.5919177342745254
56416,0.6508455787827917
56417,0.30977921116896917
56418,0.7761394628404314
56419,0.696938197484392
56420,0.6052969639121719
56421,0.5796065522779119
56422,0.45681772879787447
56423,0.597564120730835
56424,0.15586790893904756
56425,0.5396413469600118
56426,0.5258978992824055
56427,0.3169047314911542
56428,0.7330507833825551
56429,0.6201756926734259
56430,0.38258780629651745
56431,0.29463074318400745
56432,0.1894142608419223
56433,0.16551813179731134
56434,0.4305508417967047
56435,0.31969952853954015
56436,0.1901457146526975
56437,0.8263902498445778
56438,0.5648915418617317
56439,0.5524588284409747
56440,0.1647799396143916
56441,0.7748634699999275
56442,0.4053084965924945
56443,0.2670842762974616
56444,0.35790880384394225
56445,0.5147180765659931
56446,0.5542896150667567
56447,0.5835693122533144
56448,0.6103984652653494
56449,0.4333039584537321
56450,0.3458845949050268
56451,0.7826567480757515
56452,0.4413839512817888
56453,0.6786329541523323
56454,0.5977972818652287
56455,0.6226274704470617
56456,0.44387850800212164
56457,0.42251176253408274
56458,0.31751461168086537
56459,0.20936596497969556
56460,0.6269999745174178
56461,0.6699955760886366
56462,0.40280087990385766
56463,0.2221565705780517
56464,0.3634855182718749
56465,0.35045887341847304
56466,0.5189774693748425
56467,0.2278482792468593
56468,0.2861217873906153
56469,0.14062333183519585
56470,0.4500170190158258
56471,0.6049721404254839
56472,0.47753337478671026
56473,0.6928055257522655
56474,0.6357727861743818
56475,0.5216468732423144
56476,0.4337789119183332
56477,0.846395451845458
56478,0.41311866650713464
56479,0.5373067229266287
56480,0.4064665603558133
56481,0.3827886914553635
56482,0.42620858501845826
56483,0.2480690164033588
56484,0.2169531818981622
56485,0.4522316497755988
56486,0.6424105587148109
56487,0.6165976781559264
56488,0.5750483433054975
56489,0.5371968037555575
56490,0.5206927655643618
56491,0.20697144016618318
56492,0.6222227747344432
56493,0.23171141957929856
56494,0.13995811798507782
56495,0.7143800911728964
56496,0.35355662109178193
56497,0.18541482659750386
56498,0.8092272380441922
56499,0.1506382454351396
56500,0.4783540276708325
56501,0.7000723967563293
56502,0.7441788149976442
56503,0.8035582434749423
56504,0.5056042421439441
56505,0.5858130191039752
56506,0.5708026912378704
56507,0.2052212322979603
56508,0.11834054038083872
56509,0.38317659774111296
56510,0.6665572970767136
56511,0.5295640976334883
56512,0.6055579172055163
56513,0.5994903487500264
56514,0.458594489154071
56515,0.5189235224330747
56516,0.45913627280899744
56517,0.6343672355633784
56518,0.35458672585717527
56519,0.6094381131751714
56520,0.5960000643886948
56521,0.28209029972586874
56522,0.4361384107493986
56523,0.5929987260203121
56524,0.44429715653816676
56525,0.7232623169639071
56526,0.6075178214231896
56527,0.35116627129819716
56528,0.2566913854022374
56529,0.2561261977912073
56530,0.5423708908288268
56531,0.5185179734833798
56532,0.4594458187117321
56533,0.22531388529984353
56534,0.4471875742556732
56535,0.6508062229051397
56536,0.5803978914853215
56537,0.5415657128244246
56538,0.4779207431681831
56539,0.6026883671573064
56540,0.4724040245648215
56541,0.1447338289481074
56542,0.17228652819217635
56543,0.6101673177969159
56544,0.41903153766467405
56545,0.1649016211209327
56546,0.2757384112347012
56547,0.5390725306722097
56548,0.5157929621433291
56549,0.3470509667651188
56550,0.8303488737798448
56551,0.16458845402886593
56552,0.21700013163875354
56553,0.2278276110201619
56554,0.44305649395427327
56555,0.4933116245458807
56556,0.4922320600443955
56557,0.46942282486697184
56558,0.34575746201679103
56559,0.20499963384603184
56560,0.38191715229445894
56561,0.6871484637712434
56562,0.14236083128309454
56563,0.34817126313647256
56564,0.5620390358218782
56565,0.4114219521535888
56566,0.5996060586934138
56567,0.7269373005525506
56568,0.29254687896549575
56569,0.1686165041846559
56570,0.5102878935296482
56571,0.6335091986359654
56572,0.6569723360786359
56573,0.42040519120592285
56574,0.7544383294274212
56575,0.28240869068797925
56576,0.5447678272499982
56577,0.566307067290668
56578,0.530964193601484
56579,0.15759560591244504
56580,0.32995119682253343
56581,0.19057802382958897
56582,0.21022049205584256
56583,0.26446479279625673
56584,0.5333649181652813
56585,0.44395791676648017
56586,0.4427190119453188
56587,0.5572678540262161
56588,0.672562449809987
56589,0.5742243536333511
56590,0.46337938266363976
56591,0.6941490156456971
56592,0.8201639082704891
56593,0.7688873849937505
56594,0.2840180508978665
56595,0.44127536371474557
56596,0.18284249034210928
56597,0.7472393911431425
56598,0.6671983542635811
56599,0.5103582661422877
56600,0.558193757662889
56601,0.38160475385806664
56602,0.628171068271786
56603,0.25526789520698157
56604,0.3456389600184627
56605,0.16471786194967028
56606,0.3384976592220223
56607,0.6029737913205232
56608,0.5540452041719883
56609,0.5670234161401934
56610,0.16017486153472887
56611,0.4563219150747605
56612,0.6967397711985814
56613,0.6391093900264866
56614,0.6288747461740486
56615,0.47663500805479697
56616,0.5118225807753497
56617,0.4684103286650308
56618,0.44428914162439265
56619,0.41515432815072667
56620,0.4298140198745974
56621,0.17196816864328107
56622,0.5338237600519486
56623,0.49691841174695395
56624,0.6431514143845471
56625,0.6508701726446176
56626,0.3553693609026534
56627,0.6315096647418241
56628,0.4770621756546898
56629,0.27564744071017633
56630,0.17152034336509603
56631,0.27717013023826514
56632,0.4449621734752968
56633,0.4212245032507155
56634,0.676744526556969
56635,0.5623418004458708
56636,0.18994470047957704
56637,0.5641495140645463
56638,0.3098317170472695
56639,0.593791726742151
56640,0.5563375295062064
56641,0.4697642269946616
56642,0.4917511432270876
56643,0.16964112925055436
56644,0.36548674669227693
56645,0.7330547234254575
56646,0.2532000614008897
56647,0.17086563717213973
56648,0.46622769354393423
56649,0.5010774380379676
56650,0.464677677909568
56651,0.2671799811972289
56652,0.5559498179354023
56653,0.7599978981628376
56654,0.5086666663196644
56655,0.2236980744177757
56656,0.3183908896857347
56657,0.674031446016767
56658,0.40656317271665315
56659,0.618306106744612
56660,0.42507491658873126
56661,0.5362003576454498
56662,0.22812420689371274
56663,0.6416404202876934
56664,0.552011589666482
56665,0.36810315173962366
56666,0.7098432189079221
56667,0.6206262220516355
56668,0.5601463005388785
56669,0.4515376667396768
56670,0.5022919261396569
56671,0.3234704078770532
56672,0.4702403274689619
56673,0.34123250430550356
56674,0.2197278867436507
56675,0.5044674268136866
56676,0.25782749129276034
56677,0.3218689801452699
56678,0.403068730552256
56679,0.4999304835647707
56680,0.822379713378884
56681,0.4920097066199877
56682,0.24710553757524634
56683,0.4846725350033008
56684,0.43845653164836085
56685,0.5782849398765612
56686,0.5903555455826732
56687,0.296393160203428
56688,0.3184552319979838
56689,0.5399406428287393
56690,0.2735837717083548
56691,0.5521142183453193
56692,0.6894955043273326
56693,0.18160774938353172
56694,0.5250996082785029
56695,0.28748167537054087
56696,0.7065639655684434
56697,0.48070734878641225
56698,0.4080458306379635
56699,0.3189252058316017
56700,0.1655505024189874
56701,0.5448303654825192
56702,0.30259063740509506
56703,0.17574022906176373
56704,0.13762191277462
56705,0.6244014608003637
56706,0.5379704647502452
56707,0.28252544667776097
56708,0.44282345929465156
56709,0.31080493047529123
56710,0.6907627097250979
56711,0.13450198812154646
56712,0.15444722429621172
56713,0.6350410206908423
56714,0.5555702816592846
56715,0.3061759944885312
56716,0.6586438481675939
56717,0.5971348177791556
56718,0.7508807023416448
56719,0.6040021730831695
56720,0.19717202758980243
56721,0.6039739560520204
56722,0.29790603907165725
56723,0.4151406257522225
56724,0.5807133528996031
56725,0.3520001225458353
56726,0.3715570975423721
56727,0.1938359098456702
56728,0.5577314976550456
56729,0.716629864300735
56730,0.42434976462106977
56731,0.2885566120104137
56732,0.2718387379270761
56733,0.3597071360641455
56734,0.324034066534472
56735,0.2514138247210903
56736,0.8010632406819432
56737,0.1896525343737438
56738,0.28734261687482765
56739,0.6494763576769452
56740,0.4324676984662043
56741,0.3243728127778013
56742,0.7366493541295448
56743,0.5132754076704296
56744,0.3427489991303663
56745,0.5209514497045495
56746,0.4440249887821096
56747,0.5746769198700535
56748,0.25712076071039663
56749,0.482636809604792
56750,0.253494556362463
56751,0.683810849222304
56752,0.2751825429519026
56753,0.4393169793033599
56754,0.5519092013222057
56755,0.29835810151238085
56756,0.3103519442880605
56757,0.7151274440854467
56758,0.723755679133994
56759,0.5957673947547307
56760,0.21162073760999692
56761,0.44861182344784817
56762,0.6266426384373859
56763,0.18940029905804498
56764,0.5939773078732524
56765,0.43296728883031893
56766,0.19312551116905546
56767,0.6012744783361759
56768,0.26193801243981696
56769,0.3314927043590261
56770,0.42198082650437
56771,0.47962300297965055
56772,0.4697425190972091
56773,0.23662663533782727
56774,0.3298405782724929
56775,0.12436725023092499
56776,0.8262027341725574
56777,0.33237985357781547
56778,0.282425298940025
56779,0.7810482260041595
56780,0.4313740616019677
56781,0.3344288495616081
56782,0.30495435790902364
56783,0.30836441744396637
56784,0.4619155083232794
56785,0.5692587373411395
56786,0.3319126946817254
56787,0.1656772467686221
56788,0.37922193091521733
56789,0.18619355061914733
56790,0.7302230757988054
56791,0.38805963623327605
56792,0.20295038496381199
56793,0.3966578208534321
56794,0.3192259305487723
56795,0.25777485966087016
56796,0.2288263259909403
56797,0.4093029185295794
56798,0.2904249225919774
56799,0.4350754978031324
56800,0.6509610912320408
56801,0.2423750081062587
56802,0.39484656409208235
56803,0.2687835620842051
56804,0.212077929928262
56805,0.43435467706545866
56806,0.2619774920158794
56807,0.29805254085097266
56808,0.3944042477630821
56809,0.15781374852500799
56810,0.501981939935388
56811,0.3397115255620153
56812,0.2286927507725653
56813,0.4301068582879258
56814,0.500844293925453
56815,0.24169317215839792
56816,0.5773520358192105
56817,0.20060133012766918
56818,0.1658880937260793
56819,0.4602572936569856
56820,0.43144957874765155
56821,0.5141434285743459
56822,0.5809704287648604
56823,0.5977629771813465
56824,0.4250275692811375
56825,0.5241287867763309
56826,0.5253428673741232
56827,0.7770313858340414
56828,0.43857008257322944
56829,0.463385789287286
56830,0.11698570618852942
56831,0.41103767779925665
56832,0.27901920405918235
56833,0.619136925097915
56834,0.4147993730274354
56835,0.40062663853310526
56836,0.4673938575389871
56837,0.5165132876623338
56838,0.39812152120955485
56839,0.36076682644014646
56840,0.6882871164903348
56841,0.31969678452889355
56842,0.1408325920630128
56843,0.6298341385747954
56844,0.49136358811556846
56845,0.27875303276290414
56846,0.227178617726375
56847,0.35068870863615953
56848,0.17146386316634385
56849,0.23613915878338906
56850,0.6131071204938686
56851,0.5354089938524083
56852,0.18511658897792313
56853,0.8151539898892515
56854,0.49448520016821085
56855,0.49022816910245565
56856,0.4975874829665461
56857,0.2980771754129102
56858,0.31334749777064225
56859,0.27573246198794477
56860,0.5112644129076682
56861,0.3337421072118232
56862,0.15803721296239678
56863,0.4159617404894825
56864,0.2159001768650185
56865,0.15158681328429752
56866,0.5475755095808609
56867,0.5818632012271607
56868,0.5614661974814912
56869,0.49598751385342027
56870,0.42194037471847357
56871,0.43409354343457696
56872,0.2977159282671524
56873,0.4787266354217729
56874,0.7855119590792958
56875,0.18658878081951347
56876,0.3552985492711229
56877,0.592521173483439
56878,0.5590204086364747
56879,0.5940643725767583
56880,0.1534921460730367
56881,0.5902103689902898
56882,0.49876475578416696
56883,0.6251933088488665
56884,0.470208948959813
56885,0.5935134795805367
56886,0.4711272489918506
56887,0.40818430028788893
56888,0.3871182080653134
56889,0.30470651911954266
56890,0.5701377916292223
56891,0.6768254498726523
56892,0.4298161828666674
56893,0.4115958106683715
56894,0.5367828275034957
56895,0.6386467229107977
56896,0.5171775479397986
56897,0.3350620737555931
56898,0.4125929724324049
56899,0.4805876969208691
56900,0.5943766003120139
56901,0.1977380574557429
56902,0.5790419550012746
56903,0.7134536215897913
56904,0.33636990697418123
56905,0.4651149860655997
56906,0.16800025033538257
56907,0.42298391660645923
56908,0.2803974981194389
56909,0.7024100641474853
56910,0.33201813436564165
56911,0.45076732746070636
56912,0.17117172482341966
56913,0.1913334947597569
56914,0.5796517435686661
56915,0.5067605605468529
56916,0.4867417665112455
56917,0.4956088333298554
56918,0.3595362152704852
56919,0.28237146284424103
56920,0.2154316732793421
56921,0.5515519005082993
56922,0.7530718295524663
56923,0.2958484238789527
56924,0.44577973392140774
56925,0.4884076515096423
56926,0.5091325837673228
56927,0.3657342878773406
56928,0.21699565580488495
56929,0.2035047302995972
56930,0.5167892581578976
56931,0.2018644168234536
56932,0.1581952321527791
56933,0.39824297347956444
56934,0.5919506183184585
56935,0.5274396826331184
56936,0.3270883935669321
56937,0.49793327137437987
56938,0.4948693997621738
56939,0.4367792224065021
56940,0.48819447930614357
56941,0.8467243768814546
56942,0.16047287412499422
56943,0.3311947744266366
56944,0.4948785038277732
56945,0.514743383570017
56946,0.4459638830093889
56947,0.49853765752287493
56948,0.6926568115437356
56949,0.48788543165880566
56950,0.3090406294746562
56951,0.4006789389004938
56952,0.5815566446778423
56953,0.20892081927059936
56954,0.2388636531307555
56955,0.7236513238795683
56956,0.6276990104082936
56957,0.5325226179840987
56958,0.565759524631689
56959,0.2575948461988381
56960,0.12614534911051342
56961,0.42789751316943875
56962,0.689674483688091
56963,0.6070729256801396
56964,0.5522857142439053
56965,0.7378232348807607
56966,0.31270540843140626
56967,0.8182866940098179
56968,0.7388896427468661
56969,0.17530719849605098
56970,0.665746932752732
56971,0.18494030330043215
56972,0.7171888769155911
56973,0.3761842925967452
56974,0.6562397073425704
56975,0.37792912886578184
56976,0.5591923443157981
56977,0.12835464542547598
56978,0.44993853563727215
56979,0.28925894357974746
56980,0.2467892051959931
56981,0.6504510025073007
56982,0.5152516060509602
56983,0.32830354872945067
56984,0.6133692174434713
56985,0.7484857560217256
56986,0.8466861282735286
56987,0.24422341340974704
56988,0.48818593905485824
56989,0.4300691831232639
56990,0.15486651752054034
56991,0.42294040363764257
56992,0.2062512839860211
56993,0.49210289181812017
56994,0.2795168086262552
56995,0.2806640477836824
56996,0.6379181421459199
56997,0.332152793708367
56998,0.7193816510132875
56999,0.20579911875063547
57000,0.34248087040474856
57001,0.49145505300705933
57002,0.6260276572558394
57003,0.5386523786460524
57004,0.36708037031443014
57005,0.43187154114652376
57006,0.5120648990725332
57007,0.45633278327070453
57008,0.6412350666296033
57009,0.2735717653652194
57010,0.2109948114200415
57011,0.5358991173097587
57012,0.6279970027062854
57013,0.47008685199372624
57014,0.48494449826559266
57015,0.45621684827732595
57016,0.14745076594244483
57017,0.31066181574409085
57018,0.370803493562094
57019,0.23891532863934248
57020,0.4234823369708915
57021,0.6111459125586068
57022,0.41056420543572836
57023,0.6374936815847488
57024,0.3300832081444318
57025,0.3842207095323783
57026,0.61975237507699
57027,0.7365970335339382
57028,0.5109440551580486
57029,0.48441347943308516
57030,0.6060273015576841
57031,0.8254832055077556
57032,0.22426564495490076
57033,0.4170460552734934
57034,0.5213043763217133
57035,0.32620451388926214
57036,0.8159072406036572
57037,0.3480836213175388
57038,0.3572622050258712
57039,0.6470051262149108
57040,0.10254957008738527
57041,0.6722687902322797
57042,0.12523692478855897
57043,0.4694425060403183
57044,0.605839743818826
57045,0.7690371341502804
57046,0.6262589113144931
57047,0.4263567580791381
57048,0.4728893892676532
57049,0.4713548685179937
57050,0.774206174157869
57051,0.3551128843089397
57052,0.7366388059931733
57053,0.5003163706448341
57054,0.6798612694031754
57055,0.7724706392904801
57056,0.7970655667376428
57057,0.5413386816569008
57058,0.8303782734718831
57059,0.16439103449797624
57060,0.3461789593658393
57061,0.45720565126941537
57062,0.5676354549575462
57063,0.5145501099736409
57064,0.2922590660640352
57065,0.36721738930454156
57066,0.1338630770454088
57067,0.2544459102909709
57068,0.6952846674003345
57069,0.43837584603846375
57070,0.2932587005648185
57071,0.486425394096258
57072,0.2823851428546344
57073,0.34756940039690093
57074,0.229854840564236
57075,0.5386981304318328
57076,0.3066668717509053
57077,0.18077681080698912
57078,0.6624666275081627
57079,0.4271223385094242
57080,0.15987633653598698
57081,0.13482838468168948
57082,0.2084615371565513
57083,0.5015603337431916
57084,0.3791863249682171
57085,0.16405103365102702
57086,0.20771167503030782
57087,0.3401886531782768
57088,0.14430248396716405
57089,0.553694032136083
57090,0.7510345356864927
57091,0.7494496019219676
57092,0.4682831338434781
57093,0.11810719206528439
57094,0.17321376164013902
57095,0.43039226328393293
57096,0.5561837539895523
57097,0.19611729866154556
57098,0.5313798626202477
57099,0.5639505293772779
57100,0.1926229390739288
57101,0.6084614389271195
57102,0.45435766333181316
57103,0.5993722665564242
57104,0.4379387050105097
57105,0.38103028713881165
57106,0.5320981026691087
57107,0.4259570987486778
57108,0.6817431388659904
57109,0.626036266683975
57110,0.25758132563415537
57111,0.2092507494805417
57112,0.22221907818906406
57113,0.6199266748832001
57114,0.6447413401761792
57115,0.31149553991953693
57116,0.35460151099450543
57117,0.3904594342995707
57118,0.49681895047460317
57119,0.5313164177134776
57120,0.3713106176217904
57121,0.39479131358667935
57122,0.7790194877864131
57123,0.6026610197722615
57124,0.5194856125544406
57125,0.5318822009596392
57126,0.4005759639650871
57127,0.35387021045538875
57128,0.5793949899981565
57129,0.6469401187105956
57130,0.6938310968212358
57131,0.11347615701942354
57132,0.33532827446297897
57133,0.4883216472335038
57134,0.22219929592500268
57135,0.21947290950358192
57136,0.514258177946296
57137,0.39448740551308786
57138,0.33988773785488
57139,0.4004287435803406
57140,0.7084775408821583
57141,0.5434785932550297
57142,0.4367155197446589
57143,0.1757514784755938
57144,0.16172308402551
57145,0.6812197144603995
57146,0.5232069923197942
57147,0.35844526382429553
57148,0.6011877167876551
57149,0.44134788193559116
57150,0.19326220077564818
57151,0.4949313193238249
57152,0.303831567186026
57153,0.5630937176216109
57154,0.3170213242898268
57155,0.15416797492613102
57156,0.4994694371418353
57157,0.47903203450138343
57158,0.40952235483359245
57159,0.3004199109659607
57160,0.4382826880535466
57161,0.1350610510798277
57162,0.271709932703303
57163,0.15956152752285277
57164,0.2454203104686893
57165,0.7111827860204709
57166,0.7440592189977691
57167,0.40517621687887206
57168,0.3280329372145993
57169,0.14797954522288975
57170,0.4186961332069733
57171,0.4629952594481756
57172,0.5816443858591294
57173,0.25220036863435197
57174,0.5265693949479597
57175,0.39415106738047906
57176,0.48372501018534075
57177,0.424298972879371
57178,0.5320891331695305
57179,0.31469402301772537
57180,0.43749471722975136
57181,0.15873572581631645
57182,0.7344533698195728
57183,0.3051426288563594
57184,0.6755242746596847
57185,0.5064867515108913
57186,0.6013364256661481
57187,0.22319832220622907
57188,0.7210582456415299
57189,0.5726317930390519
57190,0.2230457363994017
57191,0.5010728637375532
57192,0.3482702617197414
57193,0.7149359827753052
57194,0.11996464045337928
57195,0.3949297278568398
57196,0.22656528240790622
57197,0.42233969871598187
57198,0.13284153251717803
57199,0.5085389922051293
57200,0.3020700175872874
57201,0.6376376361244295
57202,0.10928866369274814
57203,0.44087119009939063
57204,0.7198037509574591
57205,0.20143996955054244
57206,0.5602829871857309
57207,0.5210505345945513
57208,0.2574148418221989
57209,0.16446333972318852
57210,0.14559851107738214
57211,0.7168996298275083
57212,0.4092460752202821
57213,0.3986743567050088
57214,0.5594837137972205
57215,0.7085365074589264
57216,0.5728395661561704
57217,0.5150762757480173
57218,0.3863350681848423
57219,0.11647237889553527
57220,0.51317703095305
57221,0.5897542992957044
57222,0.16854927191331234
57223,0.19327107906172186
57224,0.7678403282440418
57225,0.3469378072633036
57226,0.4702173306819911
57227,0.5066826473851219
57228,0.5291737618035817
57229,0.43515343370566834
57230,0.28342584344225813
57231,0.3321678308652749
57232,0.5704461822955778
57233,0.5538398498493404
57234,0.3888545139855862
57235,0.43909217029745434
57236,0.794114622791796
57237,0.3796040541560147
57238,0.25171562954700727
57239,0.4814387939734376
57240,0.16075007856452583
57241,0.4996637707660773
57242,0.3449095669233712
57243,0.25542788251513965
57244,0.4861474037686648
57245,0.6409351638329932
57246,0.24168660208316659
57247,0.3298596310434768
57248,0.21196944139285465
57249,0.36768879963563156
57250,0.18650825060211926
57251,0.5907505656418298
57252,0.49694343941442914
57253,0.7705338103439026
57254,0.4341677132734284
57255,0.4619302982742192
57256,0.8126495291066639
57257,0.4259883892626576
57258,0.8587911097332539
57259,0.29339722690845804
57260,0.7619077702820553
57261,0.2236806919901666
57262,0.6425441334638887
57263,0.5145691799404267
57264,0.2774122449624077
57265,0.430478926858927
57266,0.3616917692925509
57267,0.5028568420679902
57268,0.23796811207772456
57269,0.41795155774959153
57270,0.6390203909615794
57271,0.4393162588680769
57272,0.44718537683845727
57273,0.583933935280758
57274,0.3642215900252694
57275,0.7533229578410647
57276,0.5751657568146186
57277,0.46778573342719826
57278,0.832455225637031
57279,0.5874150893180582
57280,0.22933937477629732
57281,0.47426984455752125
57282,0.6231463559450693
57283,0.15263721700452787
57284,0.6017315160272423
57285,0.23015845734889012
57286,0.7703904895170517
57287,0.2606729083448613
57288,0.46371270732746744
57289,0.511983760621802
57290,0.2721453398207288
57291,0.6782671259675345
57292,0.18036366127984835
57293,0.26638165457936686
57294,0.41304525785374324
57295,0.5517859339496014
57296,0.24385684006337627
57297,0.39497471988751814
57298,0.5494700318885235
57299,0.28145870554434227
57300,0.1430798062373622
57301,0.7154155132176814
57302,0.5140932708730765
57303,0.17362170212027125
57304,0.10885154865039254
57305,0.4760610808538327
57306,0.5895231777905553
57307,0.21832665606535634
57308,0.7201621545767587
57309,0.3903821878160053
57310,0.3586938356282355
57311,0.5535053865737376
57312,0.4727524017634194
57313,0.3051873218534352
57314,0.5597615631577042
57315,0.5145317734972443
57316,0.4418223061664539
57317,0.2615879047973529
57318,0.41406817000772733
57319,0.14817645595613957
57320,0.460205046313172
57321,0.49848964738593593
57322,0.4501681569381999
57323,0.10929278923700653
57324,0.5108953874010504
57325,0.14420103823347644
57326,0.2952754881876407
57327,0.45676816868865644
57328,0.3010914379363297
57329,0.18341950506519283
57330,0.13803508955195348
57331,0.15773689586454442
57332,0.3453641583824406
57333,0.6151084068816157
57334,0.3889656332645144
57335,0.17295005837969352
57336,0.5345314684209754
57337,0.15890786191811773
57338,0.6454076116144193
57339,0.47853207695086303
57340,0.22184109374999147
57341,0.4695405790566939
57342,0.6534576665544597
57343,0.7632929708841055
57344,0.5841140025141603
57345,0.409730670713389
57346,0.5605848054754542
57347,0.511252464306075
57348,0.18354402055179278
57349,0.48487190034100214
57350,0.18151292530540195
57351,0.33755221276418557
57352,0.4498124470120304
57353,0.13735707994074992
57354,0.4248956501757935
57355,0.6541647714993186
57356,0.6727961373568312
57357,0.45689017910405494
57358,0.7751262529204345
57359,0.30510106234980316
57360,0.616696651325064
57361,0.18593600068941166
57362,0.4170189174560882
57363,0.147639041167505
57364,0.20942373292355126
57365,0.49233380569683294
57366,0.33719840031936477
57367,0.5044734218066971
57368,0.6187212234275715
57369,0.23874809035158093
57370,0.2282985212144051
57371,0.6102733671171097
57372,0.7511196536894889
57373,0.5522389844824681
57374,0.17773297274291636
57375,0.5751743565495593
57376,0.4131264419150324
57377,0.6472683067123797
57378,0.5200782676648533
57379,0.5886755597086789
57380,0.5712834555693449
57381,0.5560986884024142
57382,0.37726147308945046
57383,0.390530469796138
57384,0.5876507006521575
57385,0.5356543524009583
57386,0.5770213334671216
57387,0.16839023986633458
57388,0.563271228116393
57389,0.5370827558783008
57390,0.18700835907470267
57391,0.3177293484002218
57392,0.252288406328205
57393,0.4016686616090682
57394,0.6017170258996731
57395,0.653718189298
57396,0.1894210859651812
57397,0.6697454245902439
57398,0.3987209173342321
57399,0.5090622451248026
57400,0.5053485140416583
57401,0.11634959875195293
57402,0.309732000676974
57403,0.7391478653811826
57404,0.614872638886582
57405,0.8344659091218909
57406,0.5338845856252832
57407,0.7315265348124425
57408,0.8690814091501617
57409,0.14694279691299741
57410,0.48999675710764035
57411,0.266260062640646
57412,0.676775292265464
57413,0.44193212590965675
57414,0.26492749729790066
57415,0.48458941122128935
57416,0.612482471079266
57417,0.5095301185678904
57418,0.26416231183937033
57419,0.43982830838563997
57420,0.6402279184851195
57421,0.48973587837076565
57422,0.5446864328437825
57423,0.4259593965664031
57424,0.5771942154130129
57425,0.5103762509070232
57426,0.5559866526501223
57427,0.4451867833295018
57428,0.730300262009378
57429,0.4631477912478528
57430,0.7692295826005087
57431,0.4596787666192547
57432,0.589130654278687
57433,0.3770627116540742
57434,0.47677402632612237
57435,0.503863175796388
57436,0.6732367267359284
57437,0.19044562651230681
57438,0.1300705865521425
57439,0.1966357464205487
57440,0.1618385642586775
57441,0.10371823999583214
57442,0.17764254612481145
57443,0.6793507136252408
57444,0.3556822647465361
57445,0.23150426710566185
57446,0.4605061406136965
57447,0.3462357168513376
57448,0.29519760036955434
57449,0.19278886533792747
57450,0.8143216654229269
57451,0.628660269657139
57452,0.40553698920114745
57453,0.2792341343146452
57454,0.5032820004723402
57455,0.21772183273885964
57456,0.45098734560007026
57457,0.3799012424900329
57458,0.1408825700132162
57459,0.7068877038842765
57460,0.502103675788254
57461,0.3978266085776568
57462,0.26084728073909175
57463,0.6651885464808428
57464,0.5079594579854759
57465,0.7349028746126027
57466,0.2074174262621993
57467,0.4608545612419467
57468,0.7680471774125791
57469,0.2464627089418674
57470,0.3303149556957684
57471,0.15989702617737384
57472,0.3642502470598164
57473,0.5363655717646407
57474,0.4966022764942684
57475,0.769351329145571
57476,0.555590555737416
57477,0.44678790950724534
57478,0.5236922388320455
57479,0.4821667628444192
57480,0.4205236324076402
57481,0.562329984313815
57482,0.2822537595953577
57483,0.41942548753205705
57484,0.14243476541297068
57485,0.6609875029063339
57486,0.43925120564262876
57487,0.255391335874026
57488,0.6475624638046275
57489,0.5688910423330895
57490,0.5486588915792054
57491,0.37721201822963274
57492,0.5842236060132734
57493,0.4049560581265895
57494,0.5058757031065808
57495,0.5385568683716382
57496,0.3444786190208205
57497,0.3580459862162537
57498,0.6225625690268194
57499,0.5783991593468187
57500,0.22885922991633956
57501,0.2362266184992688
57502,0.5589683315678018
57503,0.41764148702317827
57504,0.39044630946227443
57505,0.5154988313548262
57506,0.19457435755886354
57507,0.41936393067378475
57508,0.18496138302909498
57509,0.7934897394484902
57510,0.5994049120514645
57511,0.46261332966826546
57512,0.3121299735786165
57513,0.4172873696430148
57514,0.28833213507221606
57515,0.3537718537318769
57516,0.4178443883711053
57517,0.536836802034116
57518,0.41024600087910323
57519,0.22900321873716517
57520,0.4833644119445119
57521,0.7782483552866473
57522,0.48208094893851444
57523,0.6478757913514692
57524,0.8434691078950157
57525,0.47974551025849044
57526,0.15392376260794643
57527,0.4421440325496558
57528,0.30308803197708656
57529,0.6986749636389357
57530,0.4125431312402748
57531,0.6652925516378098
57532,0.5255626461548186
57533,0.2891814709054001
57534,0.7944488262566516
57535,0.4587485500354686
57536,0.5452145973174956
57537,0.14847089492705318
57538,0.3939410431913379
57539,0.3064443517302912
57540,0.6263977218474069
57541,0.30576970501134415
57542,0.6341150244105122
57543,0.4154562114610238
57544,0.6195402746222863
57545,0.35321322602504834
57546,0.42203779618666465
57547,0.5027279016405234
57548,0.8004258748143126
57549,0.3360364240550702
57550,0.46939866107985667
57551,0.573309179437045
57552,0.5842891309016112
57553,0.13484392188869365
57554,0.8025757989405492
57555,0.2509045908180048
57556,0.47557247837269684
57557,0.25727401374144904
57558,0.543565598256206
57559,0.2859313518038243
57560,0.26119970768130507
57561,0.640578625188104
57562,0.6652709519086204
57563,0.3695216104246396
57564,0.5585627837077192
57565,0.7327659972119412
57566,0.3404940819353301
57567,0.6395199774874549
57568,0.3535231550254499
57569,0.564835907867814
57570,0.10803320218826068
57571,0.7479508955600538
57572,0.6898301632896388
57573,0.36173722886236565
57574,0.6857383850542509
57575,0.43031199400641545
57576,0.5333657747122659
57577,0.38893034476701766
57578,0.3783738142743148
57579,0.7443866654740787
57580,0.3721692990127585
57581,0.31863149383864264
57582,0.34807478024758376
57583,0.5345778355029499
57584,0.2411329855722636
57585,0.45196716201834425
57586,0.45910846095811236
57587,0.6545622039584882
57588,0.5807502074796834
57589,0.5634901532272264
57590,0.719633268544315
57591,0.7715821777840166
57592,0.7797332053815654
57593,0.562807497614636
57594,0.6455362885269771
57595,0.4205729193048335
57596,0.4214642028352841
57597,0.4071239534869631
57598,0.19963210933131784
57599,0.18603895922493496
57600,0.5139095970808231
57601,0.36183405156037846
57602,0.3143127340767893
57603,0.7422163374651757
57604,0.3474204548285353
57605,0.7546345515283477
57606,0.13826990417350862
57607,0.46110066858288146
57608,0.3039862809764471
57609,0.5033889956542233
57610,0.13306267558265214
57611,0.4940711241833208
57612,0.444250182665554
57613,0.2579969107931711
57614,0.32151737456821783
57615,0.46928182606453195
57616,0.6663476154101273
57617,0.4134376971694103
57618,0.5553490131777001
57619,0.8103500094130396
57620,0.501558364738868
57621,0.3974803384019529
57622,0.6180256288946365
57623,0.14794659594300724
57624,0.5397573595479104
57625,0.608367698975445
57626,0.25822754903825035
57627,0.34809273194480894
57628,0.5225988472398462
57629,0.6829538059786333
57630,0.5193939266622039
57631,0.6254607088197115
57632,0.5078728575557954
57633,0.4029912077136315
57634,0.3263667873195579
57635,0.28065803482194956
57636,0.47148101319760793
57637,0.4767613371581138
57638,0.6942981315229135
57639,0.4561646221864236
57640,0.7085291450368154
57641,0.17529989080712588
57642,0.4863859802969051
57643,0.22627669097248573
57644,0.25968832549381615
57645,0.1782658141424858
57646,0.5767826693619047
57647,0.17138842573205387
57648,0.5298250987479531
57649,0.4642788974378989
57650,0.64932154104273
57651,0.2536928979347549
57652,0.7570567863510005
57653,0.7518157457880202
57654,0.3251948581983069
57655,0.4307205603431618
57656,0.4508423975666428
57657,0.4456582185083145
57658,0.17264729778943289
57659,0.4263045238428218
57660,0.4224852107354803
57661,0.5758617563583621
57662,0.306857437358473
57663,0.758177199955826
57664,0.6742861603297539
57665,0.48005802912097517
57666,0.3059973886182013
57667,0.6299443956808907
57668,0.5371440981812511
57669,0.49701304532882923
57670,0.5324302088769439
57671,0.4833856024993951
57672,0.25744377625201725
57673,0.6721487540697547
57674,0.5461732876615132
57675,0.5937823226964338
57676,0.5004294121356975
57677,0.5378827706644618
57678,0.28681313670970976
57679,0.5390495578609698
57680,0.764583254808816
57681,0.6171908174442974
57682,0.5842941247036958
57683,0.591983717438231
57684,0.5888489698771652
57685,0.42847315123377844
57686,0.46419181812798266
57687,0.17916080247691069
57688,0.4297799542721734
57689,0.16572576500930347
57690,0.6011977027512797
57691,0.48995711677237935
57692,0.3559163087971728
57693,0.31235130507253606
57694,0.5213516211731531
57695,0.40993716575232975
57696,0.6282826663552878
57697,0.4004288286225472
57698,0.6651395447679714
57699,0.6326655273483486
57700,0.5587553680117823
57701,0.5776800643538283
57702,0.441348417903473
57703,0.6858272946672145
57704,0.5918381790079924
57705,0.53540964454793
57706,0.6929309486865536
57707,0.47612594786178347
57708,0.6451592537779803
57709,0.43149411542551724
57710,0.4846988052164493
57711,0.23768110425838787
57712,0.8570731145745117
57713,0.17878173906183542
57714,0.18442780249090182
57715,0.371577493537511
57716,0.42614850935827947
57717,0.1229096097165902
57718,0.15697905743443838
57719,0.1517063153155743
57720,0.23520956170243232
57721,0.5645714100741737
57722,0.5415910111232072
57723,0.39317090777789443
57724,0.4182915325940604
57725,0.7076625729377899
57726,0.36070962130269324
57727,0.25986755564818914
57728,0.3597534469645224
57729,0.40761616228024045
57730,0.7439485049025162
57731,0.5591063142060371
57732,0.46195739982834333
57733,0.556215854918651
57734,0.1942304297987706
57735,0.27206310827999264
57736,0.5708927460441752
57737,0.23565903853744288
57738,0.7349633941763853
57739,0.528799957924558
57740,0.7524351322704139
57741,0.4135920131550027
57742,0.5907113324299366
57743,0.4223828123394194
57744,0.5587401124088154
57745,0.7485332387139714
57746,0.6758769833790383
57747,0.4913033833863399
57748,0.47118596174286603
57749,0.5234917355113615
57750,0.7957494673664154
57751,0.49246136435953963
57752,0.686395883103701
57753,0.6270110518886753
57754,0.4770275804387107
57755,0.45589444009309654
57756,0.4165740571837937
57757,0.5877149045654008
57758,0.6961351068367752
57759,0.38936238360275205
57760,0.4398184015264112
57761,0.36314035946170414
57762,0.5757409107487882
57763,0.6300991761573328
57764,0.33616142101635643
57765,0.4341854181436185
57766,0.5433005238269458
57767,0.1365395411290706
57768,0.6216154146973758
57769,0.5269998187435784
57770,0.316641178726132
57771,0.620056758405592
57772,0.5960654762260296
57773,0.20935754602580048
57774,0.12048477609620249
57775,0.5287421104822321
57776,0.6086391057538776
57777,0.20101420329749137
57778,0.47558192462499344
57779,0.4573721754789218
57780,0.2608410285721961
57781,0.17596897103143816
57782,0.25605424592093096
57783,0.3040138541420671
57784,0.43819555323300113
57785,0.23930635311519635
57786,0.6225266451555497
57787,0.18363017657044
57788,0.2096708865686786
57789,0.176514373164254
57790,0.2641489130797833
57791,0.33379630458577814
57792,0.4304321719125441
57793,0.5482869786923412
57794,0.6222926658231352
57795,0.3286535573755393
57796,0.16961938105153543
57797,0.599372580307853
57798,0.6833118455789533
57799,0.49719336385071644
57800,0.5868781390914953
57801,0.7747527048852973
57802,0.4928580003366865
57803,0.3980964028963498
57804,0.1473801923603961
57805,0.40978888404917263
57806,0.4219456013443337
57807,0.30910730537010506
57808,0.5700633677092817
57809,0.2878835988940529
57810,0.4473662301296751
57811,0.5718747826231906
57812,0.15418455413618848
57813,0.4991694834324833
57814,0.2744483078220728
57815,0.7138930913447498
57816,0.4066390188471792
57817,0.19874288641479293
57818,0.5737561376096894
57819,0.6002938920624786
57820,0.6998260025353737
57821,0.4497046900662422
57822,0.43409788294085105
57823,0.7244196905733578
57824,0.16708210098015708
57825,0.31735956142290994
57826,0.5033279117844158
57827,0.1699317726924285
57828,0.5349485967477674
57829,0.34666010287940324
57830,0.1300324855213667
57831,0.6864993072587071
57832,0.5497573848634634
57833,0.7467722509424211
57834,0.4875186512592171
57835,0.4011973470944153
57836,0.38254196896422826
57837,0.6329181790971091
57838,0.5764512491333517
57839,0.5034034318463236
57840,0.4734308631072281
57841,0.4969248083600644
57842,0.2104880817796636
57843,0.6137769798728914
57844,0.459871205124634
57845,0.5511651159053738
57846,0.2800782688036874
57847,0.368907278204413
57848,0.40315772244133735
57849,0.4674409827971482
57850,0.4955131704996657
57851,0.7245591755157138
57852,0.6139092978936255
57853,0.17458893945388945
57854,0.37963436088738683
57855,0.49683343942622304
57856,0.6034397366652344
57857,0.14487956920798634
57858,0.6388939336670879
57859,0.7928490323950115
57860,0.5951696414093555
57861,0.38590309573134257
57862,0.12539886747423967
57863,0.1275421753504904
57864,0.4914842684845265
57865,0.7561091665677003
57866,0.30376385451076415
57867,0.39942681639029387
57868,0.5663627948717055
57869,0.2131383284846722
57870,0.19221784648821588
57871,0.5049370315757596
57872,0.15133276654836897
57873,0.7790290528305959
57874,0.42157851279767183
57875,0.1662925661717466
57876,0.4381851159305976
57877,0.5407199150511118
57878,0.42748310109470017
57879,0.5669412478306106
57880,0.35362008477523377
57881,0.5007496868669928
57882,0.28305499288730396
57883,0.5491912146119329
57884,0.6637256362255954
57885,0.20589356820591712
57886,0.4797956166362559
57887,0.6823891462472745
57888,0.5352351884868888
57889,0.8014187090358762
57890,0.5534388125879508
57891,0.4524062401464095
57892,0.39829388714670994
57893,0.3512278871348841
57894,0.8017596419752401
57895,0.4930993583563967
57896,0.5261602208120262
57897,0.6101605541692442
57898,0.255606925004648
57899,0.503145140899795
57900,0.5491315679339838
57901,0.20367243123809328
57902,0.4582391230025219
57903,0.6869700034381352
57904,0.6579859686350703
57905,0.32605593768433333
57906,0.6993251090338715
57907,0.7987140541510417
57908,0.44986552788545525
57909,0.5211351518671468
57910,0.48521185871376016
57911,0.5776233286980361
57912,0.4784936973765808
57913,0.4746057921845141
57914,0.17501849459462088
57915,0.5961110169532428
57916,0.2809741910926624
57917,0.6537200224204378
57918,0.3402108806394462
57919,0.19290668549650075
57920,0.7027192327442836
57921,0.7709333429686565
57922,0.7782533146589453
57923,0.7518435810755276
57924,0.6396589097906614
57925,0.5047730511248616
57926,0.20348394688442387
57927,0.4846423240241921
57928,0.3155854762276037
57929,0.6606717676914373
57930,0.49598139633319155
57931,0.4698903982637893
57932,0.17443482518430117
57933,0.5309601102334813
57934,0.2351993681371612
57935,0.7940216238168168
57936,0.1277353150340384
57937,0.19885288865206105
57938,0.41378395599678647
57939,0.4385891431450792
57940,0.10959459729572618
57941,0.5126130807341464
57942,0.29929022717005827
57943,0.31970017884498675
57944,0.3072663500994489
57945,0.5082643260401599
57946,0.33677269612050614
57947,0.4314911301015559
57948,0.6298178327953368
57949,0.4341953966317595
57950,0.3751785065953007
57951,0.31174559689808284
57952,0.4133058809852594
57953,0.4624281946360991
57954,0.18674124234135367
57955,0.5703119541255964
57956,0.7049788151803454
57957,0.45859808918529094
57958,0.29488580354159094
57959,0.6270513435501998
57960,0.1960731363174168
57961,0.732973332887437
57962,0.5927842731310806
57963,0.3089013043693381
57964,0.33061956352109045
57965,0.4912830154069266
57966,0.5000402348831667
57967,0.4369803009411815
57968,0.4149522944353947
57969,0.2793463625703906
57970,0.38502421722811336
57971,0.19425319791937445
57972,0.38373123554553273
57973,0.17454095543261067
57974,0.29515499924773825
57975,0.4010062778293167
57976,0.22462804215806184
57977,0.45316551179963893
57978,0.1942989320251278
57979,0.6022284738751488
57980,0.8034720938860926
57981,0.41615843903747873
57982,0.6179470298235955
57983,0.4001119121532146
57984,0.4177585059257371
57985,0.6173552564907274
57986,0.5588545468470507
57987,0.43148364282859414
57988,0.4120948809226065
57989,0.4019390728600823
57990,0.6543107195434736
57991,0.24342490503879785
57992,0.5917035084813301
57993,0.6786151411243502
57994,0.5455340284286613
57995,0.4721726764377755
57996,0.5552863104065593
57997,0.4423005781925647
57998,0.5440822945768542
57999,0.13059507893931208
58000,0.38226305013402057
58001,0.5448873148657875
58002,0.13219532239653872
58003,0.1653845989857401
58004,0.11794807728370951
58005,0.14206484251402723
58006,0.8469157940148979
58007,0.5163801460452251
58008,0.5757913100899675
58009,0.32460103683955405
58010,0.3702100653905178
58011,0.4069521637101663
58012,0.6326459142633272
58013,0.4776351604280965
58014,0.20177902395040528
58015,0.5140103688698543
58016,0.2915716040483546
58017,0.4969360500516866
58018,0.7761411190629516
58019,0.7248793634233813
58020,0.19248289845196084
58021,0.7623444384541996
58022,0.1615462841990986
58023,0.3888274614755417
58024,0.28671804236953347
58025,0.14123628618771175
58026,0.7476471413848063
58027,0.4545903200935015
58028,0.17323466336139076
58029,0.6307416110980685
58030,0.46589121504381564
58031,0.5127570271834616
58032,0.3209563147812004
58033,0.36386283521618573
58034,0.6698230916454522
58035,0.3083562038973917
58036,0.5526782210351032
58037,0.4688799687763544
58038,0.811551975561384
58039,0.5050686950667517
58040,0.418468372014457
58041,0.39575667345025195
58042,0.41633984267447866
58043,0.15997119322328293
58044,0.19934691104759417
58045,0.49297918632195786
58046,0.5106679935503471
58047,0.32207130123514716
58048,0.6608882406154398
58049,0.26616019633839955
58050,0.3829618410627598
58051,0.5358019258622863
58052,0.2582621528725555
58053,0.13059247816732186
58054,0.40676573215707335
58055,0.2351721958076953
58056,0.25107402064481305
58057,0.36740878423892454
58058,0.4015238677232632
58059,0.4235358633281544
58060,0.1949707120043289
58061,0.12148271056401894
58062,0.10622030058012567
58063,0.1597486142872866
58064,0.5256054040832808
58065,0.2052091575685576
58066,0.40364171124464965
58067,0.721476830019658
58068,0.550741216129682
58069,0.1593870814084344
58070,0.4294984933639097
58071,0.6514523729683317
58072,0.338822928174626
58073,0.5240967507163751
58074,0.6766274027091962
58075,0.7710142317110186
58076,0.30538905473670985
58077,0.43913785191332655
58078,0.2770992049518311
58079,0.3955971996193004
58080,0.5394225205098703
58081,0.1540361628535643
58082,0.6674203381019622
58083,0.676291178291742
58084,0.638277923894994
58085,0.27736218453907396
58086,0.5575444685689435
58087,0.36214329177986454
58088,0.4593141148031034
58089,0.6463422433030023
58090,0.20189209304905975
58091,0.32439790049542505
58092,0.7019914183045803
58093,0.666408147190047
58094,0.18564962622058492
58095,0.5715247831631031
58096,0.31665483317779525
58097,0.476704615563848
58098,0.48802317851044635
58099,0.3593936813712372
58100,0.5379661535730503
58101,0.4528603574399337
58102,0.3303741610532034
58103,0.18789352771061474
58104,0.5147864409206674
58105,0.13945807369869326
58106,0.2985844239653442
58107,0.25299439095353043
58108,0.4367395661251007
58109,0.4164430669896511
58110,0.26536708770625617
58111,0.3312016315910121
58112,0.28610040428352473
58113,0.6582003406077942
58114,0.20845977968254384
58115,0.29185401341422806
58116,0.4539059561964016
58117,0.8221745593996089
58118,0.7173242521608144
58119,0.6112278317525853
58120,0.26547068810251945
58121,0.5179326138465548
58122,0.7953672613142442
58123,0.1974345429810533
58124,0.2656985580710138
58125,0.33742327528028987
58126,0.3554182391293344
58127,0.3445193152645825
58128,0.39590819827851836
58129,0.5697416252690652
58130,0.7092045258581247
58131,0.5477600102866516
58132,0.26419534367127995
58133,0.45812104071147125
58134,0.31018790486644654
58135,0.5010864818350813
58136,0.7815963436657611
58137,0.6795493185329561
58138,0.6966610497528057
58139,0.25942540316566504
58140,0.13266139842577215
58141,0.39963103731315636
58142,0.298323187530946
58143,0.5921348278093288
58144,0.6118821405241597
58145,0.5713514470838534
58146,0.5282895061828109
58147,0.7022165663278511
58148,0.3370427921493403
58149,0.8614559546448561
58150,0.37052706590783197
58151,0.6392766585148361
58152,0.7496661608108236
58153,0.6348697616777333
58154,0.25558394321814243
58155,0.585151074858418
58156,0.12085951340467549
58157,0.32522658867903104
58158,0.34716006886387607
58159,0.14275349593289305
58160,0.26811651314311113
58161,0.13710841432236504
58162,0.49995161515875447
58163,0.21043022659896465
58164,0.1872256124545496
58165,0.5967463155797733
58166,0.8012910208008872
58167,0.3044244913768398
58168,0.44473700004073413
58169,0.2662959013622258
58170,0.5525755953090036
58171,0.15751291059161793
58172,0.5289877922897973
58173,0.520664738867406
58174,0.7320088038496996
58175,0.49982711713946776
58176,0.42561980419105977
58177,0.5315509769281266
58178,0.6649021439370552
58179,0.7492764462374509
58180,0.46127014739456595
58181,0.38641071597475257
58182,0.4783670239390163
58183,0.13573626725009075
58184,0.2616784013946837
58185,0.29260599760261746
58186,0.35709726253240026
58187,0.35724358227021624
58188,0.5188886927727792
58189,0.30279040682090025
58190,0.11334210163087612
58191,0.21933684229208336
58192,0.45367987450381686
58193,0.5048918934456671
58194,0.1657149461786413
58195,0.10166969435458705
58196,0.4310894169062824
58197,0.19308790926728137
58198,0.6339099037167433
58199,0.3911792831748087
58200,0.5328287025342892
58201,0.39234079355607204
58202,0.6222662839280919
58203,0.5566832169707747
58204,0.4698817637746812
58205,0.5131961494805511
58206,0.5104835612414929
58207,0.4253294001502664
58208,0.16749135997497736
58209,0.30227622115258707
58210,0.4699547123345641
58211,0.33481309314615865
58212,0.15905709454692085
58213,0.8076809276725756
58214,0.3762163359117727
58215,0.415022567019035
58216,0.16483022596147184
58217,0.5211699672526964
58218,0.1262320183315989
58219,0.6143440543935543
58220,0.17694651327838012
58221,0.41219153421751215
58222,0.5294420686011175
58223,0.5186644984347106
58224,0.6416041211002006
58225,0.4170687019492493
58226,0.529742499015665
58227,0.3814272213574062
58228,0.21522814184539887
58229,0.45620521118637386
58230,0.19261629279206682
58231,0.47588526909507145
58232,0.2591695864105482
58233,0.46673843660398123
58234,0.4129797919275056
58235,0.6757474400381929
58236,0.6610023200222768
58237,0.6943995578020727
58238,0.31266538405896577
58239,0.6268942378916066
58240,0.2503229648652546
58241,0.5505365363790246
58242,0.4956689846893444
58243,0.12685266922823285
58244,0.75203256014138
58245,0.4773711604778788
58246,0.5587613793065659
58247,0.2961410895745157
58248,0.30939853464613476
58249,0.19985951329031146
58250,0.4379004453741542
58251,0.20726564875316053
58252,0.7091437144064725
58253,0.523909453072344
58254,0.19861857529215168
58255,0.1857622386914511
58256,0.40640317182497965
58257,0.2505766806356208
58258,0.5797545355871092
58259,0.33864965571257016
58260,0.637469646089378
58261,0.14135710375804245
58262,0.11890614075863376
58263,0.2749852703652472
58264,0.7561608947470343
58265,0.2086521389675139
58266,0.2642464453107332
58267,0.43928658376744106
58268,0.387760499007775
58269,0.18149249161780626
58270,0.4850884419062033
58271,0.7902538803209112
58272,0.7898900746765746
58273,0.5725481375279916
58274,0.27440719989837975
58275,0.5863265761433951
58276,0.3419144136754607
58277,0.5948205074872193
58278,0.44734268617587775
58279,0.25335361789192284
58280,0.6407999308741315
58281,0.4830445848896091
58282,0.7725473882260961
58283,0.37060688622631727
58284,0.17603074905460855
58285,0.48570544694445583
58286,0.46678622485381743
58287,0.5154298949739576
58288,0.2510594191448032
58289,0.5413679547647934
58290,0.613941414274992
58291,0.6312649340484566
58292,0.17229735891656608
58293,0.5357158968206592
58294,0.34049358033324895
58295,0.26288621263311185
58296,0.48501979420633323
58297,0.6280732334806867
58298,0.6334904526387821
58299,0.4138682484539854
58300,0.4767958443102964
58301,0.4815803534950908
58302,0.18970195549868066
58303,0.3173181297640788
58304,0.7075639063937261
58305,0.3421096998811438
58306,0.2693239695864041
58307,0.5394673005736957
58308,0.793692244729532
58309,0.46035812682301047
58310,0.44529506568102944
58311,0.27828641161203804
58312,0.7840375302556406
58313,0.1817238140672572
58314,0.22147328013020845
58315,0.3552748381598553
58316,0.47586820452867595
58317,0.5954758999441252
58318,0.1822189732082885
58319,0.358713695134491
58320,0.5114949309973347
58321,0.6726019967746362
58322,0.37775597577992664
58323,0.4290966721831948
58324,0.07867889196489708
58325,0.15436509918414942
58326,0.5277922958836611
58327,0.18561357604279935
58328,0.1699224167640185
58329,0.5784582470283357
58330,0.15196832300588559
58331,0.41671546993744407
58332,0.5570037733826495
58333,0.7328377018843364
58334,0.5090699102847078
58335,0.4613264013014558
58336,0.45519795140911534
58337,0.6342475977555285
58338,0.36241410511689764
58339,0.41484436260744767
58340,0.5793908085771196
58341,0.18674271274984933
58342,0.3057252855231344
58343,0.7561290988285785
58344,0.20623616864112
58345,0.4530038300733491
58346,0.3890478252547338
58347,0.30752214561705055
58348,0.3307758353609186
58349,0.7298991807525349
58350,0.7271346071232716
58351,0.15030244080687338
58352,0.7256982940334613
58353,0.2100306625694434
58354,0.5985952571727352
58355,0.5381300593084024
58356,0.6229007028915349
58357,0.6334032229939184
58358,0.15492558077084426
58359,0.6746664115640344
58360,0.3420216331091184
58361,0.3350363476257303
58362,0.18933699224718525
58363,0.41963393182194775
58364,0.20980438394509623
58365,0.4398930808177427
58366,0.34282310646227976
58367,0.49544480346679665
58368,0.5022398145112713
58369,0.20300223960043837
58370,0.6910346214790438
58371,0.1447085167103427
58372,0.258096517243228
58373,0.3734299722071426
58374,0.22815037567059787
58375,0.3236126449932577
58376,0.5816392616858708
58377,0.4998011535011893
58378,0.14215439985174952
58379,0.579288180456311
58380,0.5727612982009495
58381,0.5031470452731038
58382,0.5098091751605284
58383,0.33799183223914725
58384,0.19821346213460647
58385,0.36161608995819416
58386,0.23510016558649444
58387,0.6549091680034734
58388,0.6623555943923227
58389,0.6072411923084967
58390,0.7658166822054764
58391,0.3749797363160796
58392,0.7660184673987005
58393,0.3041366341724253
58394,0.6605518805803963
58395,0.3056624047323579
58396,0.541533216309955
58397,0.4201218908791859
58398,0.38203567365489743
58399,0.22076982817145768
58400,0.5871900284042989
58401,0.7442446763579177
58402,0.49637563469383206
58403,0.1552397126912355
58404,0.6254709310971277
58405,0.44408657968853943
58406,0.6605995118221812
58407,0.1740039651522861
58408,0.536808517230517
58409,0.1830281615360276
58410,0.4135642439687818
58411,0.7800641197655773
58412,0.4214204251665355
58413,0.8455920110669657
58414,0.4728229859351789
58415,0.13181321148935196
58416,0.225999546367552
58417,0.656773428714794
58418,0.3193525656621132
58419,0.7916514058018844
58420,0.4065909682618764
58421,0.7038504293635477
58422,0.6659205351430014
58423,0.570142034814288
58424,0.26899425550600153
58425,0.16430718053789378
58426,0.2346978855384002
58427,0.15817057994673794
58428,0.4149690197140301
58429,0.8133243183378466
58430,0.8123478421109539
58431,0.23245168396810065
58432,0.1811364890845519
58433,0.1075646541273792
58434,0.22911093545774283
58435,0.5056074088965811
58436,0.4565433459821983
58437,0.4871199581653192
58438,0.14940135952104788
58439,0.3649694837052747
58440,0.22568946622643415
58441,0.16192263401855045
58442,0.3366527873482925
58443,0.707310972964657
58444,0.2198494954962854
58445,0.706824333573816
58446,0.6991222729835661
58447,0.8675216304136927
58448,0.4679649244518353
58449,0.5421956270894923
58450,0.7744043080344337
58451,0.5095845235636002
58452,0.4915628997551587
58453,0.6205921912005238
58454,0.21098743294630862
58455,0.6153318041115603
58456,0.7551824857626945
58457,0.5678871408203301
58458,0.5024034819644277
58459,0.6023820067932848
58460,0.17888157335952215
58461,0.22584530101823344
58462,0.541233829997192
58463,0.7521854903989239
58464,0.3596689108807534
58465,0.5061928489490849
58466,0.6617432125928828
58467,0.7021401072932123
58468,0.494080286497716
58469,0.6081388650224091
58470,0.33711180653943185
58471,0.5531242875638391
58472,0.5993742765914571
58473,0.3771706616782359
58474,0.4595635855165993
58475,0.35030216729180724
58476,0.4664873017614903
58477,0.521417466348648
58478,0.28120012143526574
58479,0.4897866677079996
58480,0.44281371370311734
58481,0.17575665709924623
58482,0.40870307882926593
58483,0.2008878084164103
58484,0.6487665721643326
58485,0.3594277395950455
58486,0.44898754359335635
58487,0.5259830426107691
58488,0.7419720015071958
58489,0.1891529738869547
58490,0.5761627227405182
58491,0.38167558638068627
58492,0.3561514129715979
58493,0.6459641687142217
58494,0.7184209569640929
58495,0.5962748246845018
58496,0.2484409514983286
58497,0.5326506979151752
58498,0.13005117057023383
58499,0.37818228613753335
58500,0.5339014558470759
58501,0.5761407782379353
58502,0.1663848513245378
58503,0.07270415131494182
58504,0.6402125500034451
58505,0.5937181557481609
58506,0.41562581820371663
58507,0.2603358071684671
58508,0.22933720753139136
58509,0.639405106463457
58510,0.3946000946756314
58511,0.5451116870683972
58512,0.18053790334076888
58513,0.5325772660104481
58514,0.20020366014518548
58515,0.1910662839472326
58516,0.3336368480776812
58517,0.19604896512984962
58518,0.3833568852986688
58519,0.30453110849705656
58520,0.2913223372828879
58521,0.5669128317099199
58522,0.6002693414685577
58523,0.5336066749192834
58524,0.12814638750600021
58525,0.14109038076396868
58526,0.8129008255320428
58527,0.14491073690023526
58528,0.4327417662595994
58529,0.5089096682393186
58530,0.7876993318743628
58531,0.5775244738813017
58532,0.4828234526589048
58533,0.5629488976888628
58534,0.7496481792110224
58535,0.43351485210332485
58536,0.43089129660810194
58537,0.5233711332025451
58538,0.45287227303945554
58539,0.7888542081845584
58540,0.18693746614517706
58541,0.41608361886648126
58542,0.4451838736908929
58543,0.6737833706736251
58544,0.4705035692758274
58545,0.45498544520174977
58546,0.47500263949168214
58547,0.5997257128841431
58548,0.6676813660673021
58549,0.5333841806117833
58550,0.4537513977873904
58551,0.695007863249233
58552,0.1638572224274052
58553,0.20523424797817422
58554,0.5624569930550379
58555,0.6681001428001732
58556,0.6417192981729891
58557,0.5234194904377332
58558,0.40159254114974613
58559,0.15995219560120358
58560,0.5017256806069338
58561,0.527969121263352
58562,0.6006894399039346
58563,0.22045643550971242
58564,0.6059210308955022
58565,0.4149717245821778
58566,0.6714797350502698
58567,0.39231541199340064
58568,0.5050411883981938
58569,0.23358982691387783
58570,0.35123437952320474
58571,0.6063974952352524
58572,0.5424846137558987
58573,0.40162262065206594
58574,0.17829014341190363
58575,0.47139166815154765
58576,0.6897155189374831
58577,0.6333827973818004
58578,0.4803466548896341
58579,0.5033242507910797
58580,0.49233630945812
58581,0.19535907094061916
58582,0.583014800856936
58583,0.4655682502535254
58584,0.558295990676283
58585,0.5060737126360327
58586,0.35958623687880886
58587,0.31620884520774367
58588,0.35564279240099633
58589,0.42746596398681863
58590,0.29298250107673396
58591,0.19019856349398453
58592,0.2099649046108686
58593,0.6263768864507828
58594,0.7981298252678604
58595,0.37680847022300523
58596,0.5456442331194566
58597,0.7992067530224222
58598,0.33454013185090764
58599,0.5367269171984936
58600,0.5353983351791307
58601,0.5587915435263281
58602,0.4957141662360105
58603,0.5855305236326737
58604,0.4867245993639062
58605,0.2729682915957463
58606,0.45971826647644337
58607,0.5729290069215301
58608,0.7315317728311788
58609,0.1856603678377967
58610,0.4795853131301618
58611,0.5697740071983136
58612,0.6050832389133163
58613,0.28768380561581114
58614,0.29208480659295427
58615,0.6462031681222091
58616,0.6901922531426676
58617,0.5256131447028892
58618,0.559005914323703
58619,0.251238245046671
58620,0.3589612058286923
58621,0.4138141546798762
58622,0.13460549554868018
58623,0.6457179173407487
58624,0.5678570253095413
58625,0.7765786717019387
58626,0.4652543895898724
58627,0.7051320682612165
58628,0.5553233476515239
58629,0.38558989622643336
58630,0.6201304064317109
58631,0.557911318224507
58632,0.16159768148777126
58633,0.12665463995745183
58634,0.4121082077613874
58635,0.25640654431665716
58636,0.2376280652789928
58637,0.24782932925613396
58638,0.49998488149393977
58639,0.17005070308859477
58640,0.7174406881979757
58641,0.22226195970144477
58642,0.2721692054077414
58643,0.48248817941432887
58644,0.5532226346017981
58645,0.21140480543508716
58646,0.5553188762227899
58647,0.11486435340544665
58648,0.6787277053219691
58649,0.3020120164231893
58650,0.36482623359951116
58651,0.5006705777010796
58652,0.4917690248509887
58653,0.7502268290593658
58654,0.6316135619816979
58655,0.22168093188212065
58656,0.5662380512456769
58657,0.4995909413706593
58658,0.7392574550606507
58659,0.3398987713232684
58660,0.4079468539059039
58661,0.33680794371378253
58662,0.6575372731782282
58663,0.6680303820051003
58664,0.2872930389183063
58665,0.8488103930701886
58666,0.32670847850472273
58667,0.5291004390929522
58668,0.3644190837273799
58669,0.7121636323679835
58670,0.6328065325317869
58671,0.6093683141837426
58672,0.26040327232036287
58673,0.1792020161921248
58674,0.7394379633646505
58675,0.15670704980995517
58676,0.5087632938440154
58677,0.29624232223559016
58678,0.5571367384664662
58679,0.39521951384262044
58680,0.49950283755361047
58681,0.3366971944227989
58682,0.8109286669927463
58683,0.27213934200536055
58684,0.5504282539813344
58685,0.2093404054247481
58686,0.5161224035833132
58687,0.6114526086355679
58688,0.6246174208765861
58689,0.550583581340004
58690,0.27990471484861235
58691,0.3622333772160963
58692,0.5116700420773924
58693,0.2659442871160865
58694,0.19414967533214292
58695,0.48188840407764016
58696,0.5934108703851485
58697,0.642914991711379
58698,0.2911705101815355
58699,0.4205249384697886
58700,0.7318798058561266
58701,0.2041939629778518
58702,0.5248654654761848
58703,0.3232209312125448
58704,0.3706642808034204
58705,0.44485634421080245
58706,0.27307876268509546
58707,0.551799389409448
58708,0.3996026019236865
58709,0.5105402315007853
58710,0.29825765225396655
58711,0.5172066191194257
58712,0.3875140701367096
58713,0.4771510544337229
58714,0.22454159251989766
58715,0.24094219731679833
58716,0.37177475371226804
58717,0.28422692734225097
58718,0.47084409697960283
58719,0.3010547718868501
58720,0.49094955390412853
58721,0.5229538032288952
58722,0.4461069215165528
58723,0.2392612768386402
58724,0.16731817236897298
58725,0.603041443112029
58726,0.4722825276289989
58727,0.7680928822289241
58728,0.7575644902699047
58729,0.24014905140697396
58730,0.2527252201504202
58731,0.7289275258701925
58732,0.1896282404076645
58733,0.6131913351229762
58734,0.4118237763187443
58735,0.5466770068440651
58736,0.5066378202673901
58737,0.5814034758048997
58738,0.23278278841699174
58739,0.664577179341763
58740,0.13690899060217196
58741,0.45075097462276964
58742,0.12225398466042899
58743,0.20251183054919605
58744,0.49550329735711196
58745,0.5528133303272684
58746,0.4327564643358266
58747,0.1927191329352966
58748,0.2603029977510555
58749,0.5274507849606639
58750,0.5019338358045171
58751,0.34904977220171757
58752,0.386066766989458
58753,0.618570068029185
58754,0.7571248699131268
58755,0.38159967483375773
58756,0.22913278704692436
58757,0.5023439983422316
58758,0.3425087403670254
58759,0.2196027820900799
58760,0.5953052424245919
58761,0.5709076834373334
58762,0.7875307062751435
58763,0.30136482454157515
58764,0.6489205184512445
58765,0.4735869359880616
58766,0.4869356966633196
58767,0.5015907756853977
58768,0.7895881256989221
58769,0.7773400932514796
58770,0.4547521979202307
58771,0.4081550488727018
58772,0.548911035403705
58773,0.41596723947998654
58774,0.49867618040801603
58775,0.5558701754769841
58776,0.6722923348018214
58777,0.6861734568349115
58778,0.4119245194829622
58779,0.6222846855606299
58780,0.34753969524816586
58781,0.8003128136244796
58782,0.6482993652757147
58783,0.44167254372654946
58784,0.34501917474759175
58785,0.6067643552739833
58786,0.7554858526836482
58787,0.7507205335155201
58788,0.6112759076623576
58789,0.6766553088195976
58790,0.5541693111796281
58791,0.48609910778245297
58792,0.7427346885561986
58793,0.34766533825704987
58794,0.1522339287601724
58795,0.4965448215701684
58796,0.4829942531391864
58797,0.46004490502403766
58798,0.39671011399997835
58799,0.3905556716059473
58800,0.5608849332496056
58801,0.15147167265593103
58802,0.6629696903964838
58803,0.2988703996895738
58804,0.8273376361676318
58805,0.8487256377734387
58806,0.16988842090234044
58807,0.21994439742951252
58808,0.740268213532586
58809,0.7486606308331548
58810,0.23861835168968434
58811,0.43822760673156524
58812,0.5037491298165286
58813,0.14295529323162856
58814,0.5537382738212958
58815,0.6325018842971414
58816,0.5566115361267701
58817,0.4111052124179286
58818,0.4726580440326263
58819,0.27250459428825047
58820,0.7181453546395772
58821,0.21797748936211675
58822,0.4524644359684319
58823,0.30602613898385045
58824,0.42490367644513943
58825,0.22398536637011895
58826,0.4903037041285995
58827,0.5386081465824388
58828,0.585665985220316
58829,0.1632166118768077
58830,0.6099270616330544
58831,0.5326305833317612
58832,0.6895586827558158
58833,0.4451576504291586
58834,0.6568683539235378
58835,0.5341860759488695
58836,0.2558176580922067
58837,0.5380456317963468
58838,0.2706935471403927
58839,0.5453006928681617
58840,0.5836934529133343
58841,0.12740428403573756
58842,0.42880781979027505
58843,0.7059608735696837
58844,0.24360719726106012
58845,0.4052975486915944
58846,0.3172296047486811
58847,0.6715171794380321
58848,0.5281719013179966
58849,0.6855722639799516
58850,0.8106597080624465
58851,0.5388454046601621
58852,0.4933428687486334
58853,0.21576926943583793
58854,0.48668584734349724
58855,0.5323073865166735
58856,0.5200155846329525
58857,0.17000888072283082
58858,0.35366585092703884
58859,0.5501849463884649
58860,0.6393453596915458
58861,0.6603482722490386
58862,0.5720927197503091
58863,0.21597169294352225
58864,0.6471070309764457
58865,0.38955995488698847
58866,0.7527982356401405
58867,0.6151487015094209
58868,0.5173712519097848
58869,0.7436353401561471
58870,0.36540793261228866
58871,0.5376384542836131
58872,0.7164706902748267
58873,0.6064622686005222
58874,0.27713039183542904
58875,0.1506163946625066
58876,0.16655621254685485
58877,0.13935973430557527
58878,0.4006758612054695
58879,0.41796611373116926
58880,0.4867467138695432
58881,0.37687025116481154
58882,0.6303452749504258
58883,0.37075724580404124
58884,0.4494264917837765
58885,0.44612563006041933
58886,0.49246214806951144
58887,0.6279753100047083
58888,0.43182258198775925
58889,0.622823656366069
58890,0.4897847512765899
58891,0.539613098698509
58892,0.40048789644050403
58893,0.4636759701226512
58894,0.12861039177608793
58895,0.343414530066213
58896,0.4276444649588749
58897,0.18716060383505032
58898,0.35097142669501596
58899,0.33797487609879107
58900,0.5490418086906107
58901,0.7711381723962072
58902,0.5060452980824978
58903,0.7151789939889223
58904,0.23718412395416638
58905,0.4112259742160947
58906,0.319668299180753
58907,0.277364615113918
58908,0.41329045920207025
58909,0.4672477789092723
58910,0.3087009743380887
58911,0.7299254398797711
58912,0.48800625406860937
58913,0.6960802683839604
58914,0.4709671255565709
58915,0.6685379750519871
58916,0.4837714296750924
58917,0.282469698591713
58918,0.4919939796273184
58919,0.6022237582186714
58920,0.2573849222605433
58921,0.4227308981959888
58922,0.4736056209323474
58923,0.29785306735348044
58924,0.5507843906388524
58925,0.5983798173608589
58926,0.4017838092913071
58927,0.1723008292149302
58928,0.48294045049028483
58929,0.22157395383356066
58930,0.6758559626840823
58931,0.1601548351316275
58932,0.35486747440162525
58933,0.6209225844443882
58934,0.6783396134323072
58935,0.19260704952385688
58936,0.5486365101734093
58937,0.8390815911284785
58938,0.6409875038921774
58939,0.11469885851964158
58940,0.30909240622221895
58941,0.5220390255248779
58942,0.6911310124858722
58943,0.6367516884227931
58944,0.49977597407618063
58945,0.5561506707741878
58946,0.42833801777136976
58947,0.3278486375667033
58948,0.2703483198291867
58949,0.17991494802596333
58950,0.8527213870255848
58951,0.1807709660607289
58952,0.3470724382534206
58953,0.5900470005860645
58954,0.8008958429026327
58955,0.5920739270090797
58956,0.6398565186614965
58957,0.4582432021015908
58958,0.5671207954903951
58959,0.7748374222699606
58960,0.5287398444867631
58961,0.7808572198906413
58962,0.38672896847773197
58963,0.3567866507812788
58964,0.1302693841418209
58965,0.7004049198067693
58966,0.3281574008327554
58967,0.5439498227321169
58968,0.47460309037871884
58969,0.42684597122759704
58970,0.479287977140482
58971,0.47375839623283744
58972,0.08530787433116079
58973,0.5312793750382225
58974,0.6032330911518884
58975,0.7185088238090781
58976,0.6424155863278996
58977,0.5460522114963811
58978,0.37467267725796977
58979,0.558124781517838
58980,0.6730897860876855
58981,0.5309894498874862
58982,0.5009550290256072
58983,0.4227228902187302
58984,0.3064775965813165
58985,0.39033223057407734
58986,0.4431833634013733
58987,0.5614834224663929
58988,0.2122657858384094
58989,0.7730607251751621
58990,0.6775696306677268
58991,0.2087496422656015
58992,0.6554808796598649
58993,0.7622310259497493
58994,0.20258580846338567
58995,0.10607479387950122
58996,0.18030489256029625
58997,0.3878811658691796
58998,0.6123878075692336
58999,0.5914738299159161
59000,0.6545544530151323
59001,0.6113898768869173
59002,0.3783694785017789
59003,0.5983112337218838
59004,0.2339158178944082
59005,0.4601745719983561
59006,0.1579464554997184
59007,0.688174118136465
59008,0.7558402354568234
59009,0.49623996984833674
59010,0.4204811749593601
59011,0.5152475590382756
59012,0.3496321721560526
59013,0.641670954074538
59014,0.5545396911937882
59015,0.6150112744276753
59016,0.5640646093697673
59017,0.5117268281421642
59018,0.8046298537714153
59019,0.7506765497510662
59020,0.662971809488232
59021,0.4088011150760656
59022,0.48608279590581505
59023,0.4576154908702239
59024,0.3520987946062158
59025,0.7014521372179646
59026,0.5019836682162154
59027,0.30697091175780694
59028,0.16406389610308408
59029,0.49169861877560245
59030,0.17279999201751878
59031,0.42979900987413494
59032,0.40828808223114516
59033,0.4068119573816583
59034,0.5585795403178754
59035,0.6213505866746537
59036,0.2735563389416386
59037,0.4461062787648708
59038,0.5532739839592024
59039,0.30914761511185873
59040,0.35709679032388886
59041,0.1464308719797575
59042,0.21770791457419236
59043,0.5925661274935229
59044,0.2850050595629268
59045,0.5324928833192644
59046,0.4472368835838798
59047,0.81215615291262
59048,0.23946451804537272
59049,0.22425744560003996
59050,0.5948338927275231
59051,0.460689184087752
59052,0.5786756703785374
59053,0.3687129239666826
59054,0.46651977443406256
59055,0.33980020944392836
59056,0.7334149134124658
59057,0.1263669768835857
59058,0.6563327660675919
59059,0.2373962531154452
59060,0.16832655441457867
59061,0.495845530618209
59062,0.7203916263063969
59063,0.5773706855524317
59064,0.43851483632685817
59065,0.6230803494311021
59066,0.33879414936261115
59067,0.5740195302911443
59068,0.7386504903751049
59069,0.6580388723936876
59070,0.5584319187594143
59071,0.6041253395850562
59072,0.3822936331386101
59073,0.5546210255908972
59074,0.23539368709880407
59075,0.43962053814676055
59076,0.18812215745448943
59077,0.5965063017500055
59078,0.6136986625857687
59079,0.5559157394006574
59080,0.13912345033629528
59081,0.48234681183064204
59082,0.47378929089131966
59083,0.39651567722105135
59084,0.6954525107982621
59085,0.25919802961858524
59086,0.3685054667119112
59087,0.19437470683776184
59088,0.33246368430693957
59089,0.5307408488521702
59090,0.5428172722796636
59091,0.4398313563966416
59092,0.24385285264678389
59093,0.18677208569925638
59094,0.40644051582586643
59095,0.41994330209229286
59096,0.7977711918834562
59097,0.22992327480375196
59098,0.7159773531604923
59099,0.14277149526426286
59100,0.16444099741940008
59101,0.1833374785556805
59102,0.3980655453577755
59103,0.3182330948053964
59104,0.5057368342767615
59105,0.6125104784167478
59106,0.4001222030897644
59107,0.6550095754396712
59108,0.7387122475243513
59109,0.48553659199990007
59110,0.764514499238754
59111,0.16185286370160076
59112,0.2330565112145561
59113,0.6302502572561326
59114,0.141473042192122
59115,0.521089003436563
59116,0.35225415965439183
59117,0.343667043171699
59118,0.45476451882553504
59119,0.6163248876749738
59120,0.3470749798298202
59121,0.2701369541599063
59122,0.32595663415590376
59123,0.5572002601968172
59124,0.3381956085049301
59125,0.5008816637351874
59126,0.36102005278264426
59127,0.7703529664917843
59128,0.30207723016523447
59129,0.30622781617125044
59130,0.22444125500986328
59131,0.49126901501899595
59132,0.3206608448938871
59133,0.19392108570791652
59134,0.2781944579482456
59135,0.5910555318254302
59136,0.12626338578830199
59137,0.7505956184136648
59138,0.6018904789670022
59139,0.2562687054294847
59140,0.4556821083745825
59141,0.4416129313629342
59142,0.7730416512845015
59143,0.5022950532113429
59144,0.23798492544304062
59145,0.7337198471943338
59146,0.4072102921569873
59147,0.14191114806394092
59148,0.4518419032116647
59149,0.35284790452517123
59150,0.49678715251548544
59151,0.3173931994691779
59152,0.8371562509447692
59153,0.3357267590902197
59154,0.28024761022989997
59155,0.6245920270771187
59156,0.3088597253966971
59157,0.4056723459105727
59158,0.1895088660566788
59159,0.5417584151082135
59160,0.49605539736163273
59161,0.2918247903198587
59162,0.4508207446408907
59163,0.6446353336764192
59164,0.47621791753612364
59165,0.47357096820043365
59166,0.5593756138072024
59167,0.6817987292049753
59168,0.6062116742250214
59169,0.4183233944833418
59170,0.26138414543426086
59171,0.7676742897595326
59172,0.35548075556356
59173,0.6143829498670433
59174,0.37144590044284925
59175,0.5330790596291435
59176,0.34280495687437923
59177,0.48003766081318555
59178,0.7181453248480857
59179,0.3022596435801817
59180,0.2921958566208504
59181,0.5277154498491977
59182,0.2869794658847319
59183,0.634225669735357
59184,0.3954253412621241
59185,0.13280496708252046
59186,0.37050122535769797
59187,0.7773518208401862
59188,0.2415145904826754
59189,0.47078405250093297
59190,0.688928298861442
59191,0.7015972854884059
59192,0.18446952434678934
59193,0.518399725626524
59194,0.5372156128150177
59195,0.43153247558057656
59196,0.4611232908191981
59197,0.7562735277682049
59198,0.15627375923992468
59199,0.727667771337852
59200,0.7723637380008884
59201,0.3688186329962853
59202,0.5365424787754464
59203,0.3518429930099296
59204,0.46633076342208274
59205,0.40819026006349063
59206,0.21578624606107516
59207,0.6571554325488471
59208,0.21074525724310983
59209,0.425511450055112
59210,0.47562895146003004
59211,0.722914526301025
59212,0.5490329577406599
59213,0.4750910549545328
59214,0.6225624991746179
59215,0.6841920763262238
59216,0.4490504659691813
59217,0.6447535112891672
59218,0.5694473097282918
59219,0.2085988540996774
59220,0.2239844064862187
59221,0.16404177507800463
59222,0.3002651309442387
59223,0.6041072813429481
59224,0.733835312202355
59225,0.1663549250808064
59226,0.19166454664086552
59227,0.7884597316492483
59228,0.36498164693720897
59229,0.5001693833093942
59230,0.28890087036914297
59231,0.47265356337542447
59232,0.15926380349685795
59233,0.1956505086308116
59234,0.37742558772030393
59235,0.34312196191506467
59236,0.20580853663548584
59237,0.5868351596054575
59238,0.3141841779381004
59239,0.259205195634372
59240,0.1300220165230668
59241,0.39984150697350807
59242,0.47614861803981573
59243,0.4540990637142015
59244,0.22507220103098896
59245,0.15705792545311126
59246,0.5177522022118989
59247,0.16599886724143026
59248,0.45582810116599765
59249,0.1346928752768133
59250,0.31103533999561495
59251,0.23234050009506285
59252,0.4068585041769896
59253,0.2950240416844694
59254,0.42963152555184203
59255,0.8219321980505024
59256,0.6078743344171149
59257,0.48252245442928
59258,0.5338118766075313
59259,0.3714805069283428
59260,0.5830040762934917
59261,0.5326848517992826
59262,0.46204940786292586
59263,0.5195859160409034
59264,0.41361608833425545
59265,0.36418076208758643
59266,0.4842282681653739
59267,0.3172461352931015
59268,0.316127868669311
59269,0.177556963922498
59270,0.5768685175675977
59271,0.42018054776661434
59272,0.39768677508685624
59273,0.43209592869384883
59274,0.6032208293024914
59275,0.5748790605322085
59276,0.31190563834951723
59277,0.5667129122697689
59278,0.5321812465895326
59279,0.5819884292444546
59280,0.6548624821736089
59281,0.5626812607558191
59282,0.29430309733920146
59283,0.6486646169226369
59284,0.6031647124415831
59285,0.5981656696896633
59286,0.5561184402215188
59287,0.4943098188500564
59288,0.8122165470657028
59289,0.16277186033378796
59290,0.4667094674202233
59291,0.8115036199488155
59292,0.4237756780591055
59293,0.18606504814109948
59294,0.0711890082058213
59295,0.5763343652467132
59296,0.14401745620047096
59297,0.5509864285341654
59298,0.18183120352582505
59299,0.2594165387776049
59300,0.43323376318699797
59301,0.6234842111332429
59302,0.24244370453015976
59303,0.5637320711531734
59304,0.5148427163191749
59305,0.44716530773327495
59306,0.2664820372686969
59307,0.7577913694688301
59308,0.6580363984381958
59309,0.19388214238426704
59310,0.790749822705915
59311,0.4431178001091992
59312,0.5152349031784333
59313,0.44550997763450256
59314,0.4996695127535266
59315,0.5485899039158597
59316,0.3613294530777294
59317,0.2690481942691154
59318,0.6752932913349392
59319,0.4794301069562852
59320,0.3716755357318989
59321,0.5087288050510312
59322,0.8238949185716582
59323,0.5745138994662299
59324,0.23784103667306764
59325,0.24566633640956667
59326,0.6983143853526732
59327,0.5233043019612684
59328,0.5775405242273491
59329,0.6961139527361899
59330,0.796807503657029
59331,0.4174089032469268
59332,0.40440864948978844
59333,0.2066984132788312
59334,0.2611855795793349
59335,0.26777831273019864
59336,0.15501929556792235
59337,0.4753404704565865
59338,0.4030180265685316
59339,0.4471663637995197
59340,0.5065395110307123
59341,0.5560384285969094
59342,0.4560987155868814
59343,0.4952202788491715
59344,0.4467162045766671
59345,0.49503877719735206
59346,0.5296795017309343
59347,0.6197406996501191
59348,0.17724062355338105
59349,0.38761075228004743
59350,0.39280744651900834
59351,0.19833508085311924
59352,0.34905117877311836
59353,0.5920422684591816
59354,0.4345823179082095
59355,0.2862201385401536
59356,0.4269781819381025
59357,0.540502942018579
59358,0.5294422027819804
59359,0.6607123491442543
59360,0.6143874699353383
59361,0.5434836418304845
59362,0.6821042309382165
59363,0.5106617015981292
59364,0.13704178899988095
59365,0.5494185584091449
59366,0.7382291531064483
59367,0.3743867327785748
59368,0.40755561769029935
59369,0.5975628122835108
59370,0.6379032121757382
59371,0.17718073772666734
59372,0.2948666474209415
59373,0.6056470143823073
59374,0.5558883792878586
59375,0.5313604521989274
59376,0.7200997150860948
59377,0.2174288383952969
59378,0.17742649356113543
59379,0.4590393121889509
59380,0.27213795578438704
59381,0.37334106647042214
59382,0.5518719337200965
59383,0.1332349162382824
59384,0.782018097465118
59385,0.7102604346320515
59386,0.3227765340742017
59387,0.20236677238488368
59388,0.32838211620005703
59389,0.34526506110950733
59390,0.40290531096311577
59391,0.5713849510220838
59392,0.17154837459628347
59393,0.19152836648539226
59394,0.1414421034109736
59395,0.6485098503018821
59396,0.4824893233980297
59397,0.42338962675763353
59398,0.29918281709152467
59399,0.16547508652257117
59400,0.45819359559834466
59401,0.610328195042166
59402,0.37516099423366167
59403,0.3028463598998503
59404,0.7336919068384062
59405,0.48027135988712
59406,0.3580462795715092
59407,0.4734321760873381
59408,0.5219529343368455
59409,0.5177386859254822
59410,0.26203887581857693
59411,0.5079633219432185
59412,0.3936982801950299
59413,0.531032234736011
59414,0.3687566057634687
59415,0.4301609881072655
59416,0.6220321841132268
59417,0.11961207551364418
59418,0.16699778542122753
59419,0.4769869299271204
59420,0.21523360685251586
59421,0.19678429035331735
59422,0.21183728808566119
59423,0.5553823111357199
59424,0.8407614171996033
59425,0.6989012996244915
59426,0.22844150847998596
59427,0.21098977268364502
59428,0.38824130656075695
59429,0.4925901893465417
59430,0.4427653806253901
59431,0.35432811244732804
59432,0.5590271571356517
59433,0.6045145440835024
59434,0.6387942621343881
59435,0.16557120965251057
59436,0.627497143520757
59437,0.45363118036810557
59438,0.8414714238420274
59439,0.1672406029340294
59440,0.4671774836592408
59441,0.36966537094741986
59442,0.56090138322969
59443,0.7011435655057546
59444,0.7508136003608726
59445,0.19834151632215347
59446,0.48877468689244147
59447,0.4573619052241423
59448,0.214107345520956
59449,0.2562493058475113
59450,0.35949046988562094
59451,0.4232777968444441
59452,0.5689935756881909
59453,0.6100341914236813
59454,0.49660679626610166
59455,0.5170201398547286
59456,0.12248608011741322
59457,0.6943917113671451
59458,0.57302091534019
59459,0.5745388328011323
59460,0.7111093564584358
59461,0.5143059586015366
59462,0.17262253953575143
59463,0.2670557087936598
59464,0.8233461755783491
59465,0.2403812210638828
59466,0.36169428106107243
59467,0.6791683879811364
59468,0.22253185775686438
59469,0.783586607338257
59470,0.3339704451279798
59471,0.14020836632467376
59472,0.469293365265158
59473,0.6150792372578777
59474,0.7241354644323423
59475,0.2766149159609809
59476,0.3421683449650855
59477,0.5416257542766754
59478,0.3915890015013937
59479,0.5946133625956307
59480,0.7120352604705305
59481,0.45721404820354733
59482,0.5441006403393458
59483,0.5789974831602659
59484,0.5351090930935924
59485,0.424692752682899
59486,0.19789620775149946
59487,0.6477540658004164
59488,0.6138725392544974
59489,0.4260530642827344
59490,0.5495606231232062
59491,0.5741671893008911
59492,0.3869426998440946
59493,0.5209184199136596
59494,0.5529245305957242
59495,0.559979286201446
59496,0.5984187892602006
59497,0.23707022488063512
59498,0.256511988668791
59499,0.8056265785236054
59500,0.5795874569615427
59501,0.5030487659249597
59502,0.5975382553723045
59503,0.5722335665435182
59504,0.6367888214991666
59505,0.5965665154683392
59506,0.4598849223719797
59507,0.3044540067267744
59508,0.6964187856933512
59509,0.13485127823050788
59510,0.2514763037290583
59511,0.2820946520522933
59512,0.2815065127799211
59513,0.5779406784433572
59514,0.5405239250060564
59515,0.5861203891448973
59516,0.26712656514096
59517,0.7501477621794589
59518,0.2982143608095774
59519,0.1423145307933381
59520,0.4163191909308109
59521,0.5362254914175214
59522,0.2642269591477964
59523,0.3808088446505423
59524,0.18120111075675213
59525,0.5972864011668982
59526,0.7201127079578671
59527,0.49564815644399635
59528,0.6662420590041146
59529,0.3411556692751659
59530,0.6002836715617923
59531,0.3962937289119923
59532,0.5150926262257225
59533,0.17343235365968987
59534,0.45679531053746436
59535,0.5946927950019242
59536,0.612943880529348
59537,0.39420050074801144
59538,0.3529369438613207
59539,0.22625225671511154
59540,0.4532886485249535
59541,0.7606856507614062
59542,0.2702805871626694
59543,0.22952025421065306
59544,0.8144396032759642
59545,0.6148944605350789
59546,0.7132891441104455
59547,0.8501792717375879
59548,0.6298410115616205
59549,0.75561684697225
59550,0.24212234252986672
59551,0.2952042304059334
59552,0.4646686691033259
59553,0.5863535060447344
59554,0.14395456398611373
59555,0.6440552866940698
59556,0.27076083640725607
59557,0.7236368897174982
59558,0.3347625358483904
59559,0.6560621221078197
59560,0.31596775347676687
59561,0.6877252114269895
59562,0.1583414644557666
59563,0.49455787445683114
59564,0.8090603819158353
59565,0.5771650239331427
59566,0.15781310314972224
59567,0.6129208348174211
59568,0.4423939687989108
59569,0.7647630902004061
59570,0.3593665173854667
59571,0.3373564487132028
59572,0.39873492274472155
59573,0.4567422117864937
59574,0.702414380215474
59575,0.5945991661553308
59576,0.24472950260281287
59577,0.7157048879755775
59578,0.378969561946042
59579,0.5444453728196899
59580,0.1673963700688316
59581,0.27948445952565265
59582,0.46543665948995344
59583,0.1316574518096469
59584,0.25835684394326125
59585,0.4270576395468515
59586,0.4438898784126355
59587,0.41517934375940685
59588,0.36598724780790115
59589,0.6987167932066252
59590,0.6667364308675106
59591,0.5032645674971034
59592,0.2143245066451869
59593,0.46983430440626445
59594,0.24389400784036186
59595,0.5651788050968398
59596,0.4762280923601286
59597,0.3113927236488782
59598,0.13325338184800992
59599,0.29112474169637087
59600,0.7643402340505984
59601,0.35085537672207184
59602,0.23035346716452293
59603,0.5429201311461047
59604,0.41046777688915614
59605,0.4934364712758069
59606,0.7713578435770304
59607,0.6859372253794391
59608,0.46236413793192316
59609,0.37477251335192197
59610,0.3449936856546667
59611,0.39162235310126636
59612,0.31200827143274706
59613,0.7091661459383585
59614,0.5479571636610295
59615,0.31050423342603456
59616,0.16191190695805527
59617,0.6603936846073363
59618,0.5385771890743314
59619,0.33676879712029284
59620,0.5901101743339059
59621,0.3410346112874709
59622,0.36707694328955637
59623,0.8310283847937195
59624,0.29642156139915915
59625,0.15495107337183636
59626,0.47039519557737836
59627,0.5901100644471156
59628,0.3294323704032446
59629,0.4614275833672535
59630,0.4605878571784721
59631,0.19042499987827316
59632,0.6338190363570568
59633,0.303589947160654
59634,0.2102026406346547
59635,0.2157310556103243
59636,0.34650676557768767
59637,0.501615301247022
59638,0.713912302441599
59639,0.1860015805020343
59640,0.11469234453331667
59641,0.24611105269886785
59642,0.41044052835216704
59643,0.5716489896509609
59644,0.4986922911647424
59645,0.62038143805071
59646,0.2611832458268494
59647,0.6834247722206825
59648,0.7132092037425126
59649,0.5270154239552678
59650,0.5031828814242691
59651,0.46303930611940053
59652,0.5620597724862229
59653,0.5176704682114275
59654,0.7171494055087725
59655,0.7366289061110086
59656,0.5243720102417901
59657,0.7321324066044286
59658,0.19709450009125146
59659,0.26371240538034824
59660,0.20135639211320952
59661,0.6606826722366012
59662,0.48784097335987214
59663,0.4947523872818083
59664,0.30441226072436867
59665,0.47735635392447223
59666,0.4372961450221962
59667,0.3816863142797769
59668,0.23527843543007582
59669,0.3765201139442341
59670,0.7117622696521894
59671,0.16486208440857697
59672,0.22955281099292338
59673,0.49593937710980307
59674,0.2910832530900684
59675,0.31235273457287915
59676,0.6597188349821977
59677,0.5932425288585924
59678,0.8143140075368056
59679,0.3428748219157797
59680,0.4376669500045781
59681,0.12663860240997782
59682,0.5028855712862089
59683,0.6274784372170807
59684,0.2936597570164304
59685,0.6620213831945776
59686,0.4431770045275223
59687,0.2263643546908093
59688,0.17412893512312402
59689,0.21966610559393362
59690,0.511756737813883
59691,0.44329815069666234
59692,0.15852089749561424
59693,0.5225916563214649
59694,0.5847697164956037
59695,0.47028672725873766
59696,0.7704898361252868
59697,0.6363592375335163
59698,0.3987691469070923
59699,0.5022596460056529
59700,0.6396196556696817
59701,0.186858853469585
59702,0.3653233300926981
59703,0.4616051242533017
59704,0.3768735346742346
59705,0.1890088334706303
59706,0.5625984327026486
59707,0.7544965195202356
59708,0.45965964084703154
59709,0.6963204206620965
59710,0.41492072407929076
59711,0.5079276810728417
59712,0.44149366406848506
59713,0.33446445162914723
59714,0.1306769743661038
59715,0.5038480156444652
59716,0.1751040278353473
59717,0.45042628384252237
59718,0.2635944723840015
59719,0.14866015786643605
59720,0.6298092939179417
59721,0.2778452758998534
59722,0.4879569678584205
59723,0.16026095746269542
59724,0.47066441870652853
59725,0.36146875298409575
59726,0.25223869475110017
59727,0.8372278613496026
59728,0.8164272066607384
59729,0.771935347776001
59730,0.6260111574315576
59731,0.7001230750307204
59732,0.1995697691703161
59733,0.1159918316601659
59734,0.6993631164963344
59735,0.2151229079369647
59736,0.5621441793178752
59737,0.38637254205482974
59738,0.560828862015601
59739,0.7641522601705464
59740,0.1925868319908309
59741,0.4926586818356774
59742,0.618554739832442
59743,0.27968400058031584
59744,0.16018774257798046
59745,0.760662276261987
59746,0.716599353111384
59747,0.6131678816283287
59748,0.7094368469538873
59749,0.5479865241910585
59750,0.684145188914441
59751,0.5170115012698697
59752,0.3418585612636982
59753,0.5277549660398315
59754,0.2450071516739453
59755,0.5753162899422053
59756,0.18023034682466987
59757,0.745171599571061
59758,0.45405812588204897
59759,0.5571792728641497
59760,0.27353215139595594
59761,0.25658157870002607
59762,0.5682638189546432
59763,0.5823261784300301
59764,0.4481564321008994
59765,0.6062452716023388
59766,0.4807271883337798
59767,0.306028338821587
59768,0.584291446188944
59769,0.3711212948694219
59770,0.5141806800254015
59771,0.6038638634913072
59772,0.20960455339921824
59773,0.5299838846290256
59774,0.4670122314552828
59775,0.32474638755009083
59776,0.455898890985635
59777,0.13000574992496197
59778,0.5509125490067819
59779,0.33764026675262143
59780,0.3975041194822853
59781,0.2112855074185969
59782,0.1669632792601235
59783,0.4477192007220056
59784,0.5914603746015609
59785,0.7484215301549784
59786,0.3416487960257834
59787,0.43435815805464234
59788,0.14832145346588463
59789,0.16587090355596257
59790,0.22270289731814052
59791,0.5001101258201484
59792,0.5486828018678593
59793,0.6544077285759264
59794,0.793454396703447
59795,0.6052218098093992
59796,0.40597194718726015
59797,0.4792152734630605
59798,0.27725999734044166
59799,0.24978819897028162
59800,0.5411858343077413
59801,0.3197166210836491
59802,0.7976676682863798
59803,0.5438265174053708
59804,0.3832064688117292
59805,0.6950010541702258
59806,0.5792339266447328
59807,0.33808531613101145
59808,0.5165591068944521
59809,0.6083562778736974
59810,0.48849793894402355
59811,0.27602007361305386
59812,0.3828127593205649
59813,0.3985776209288206
59814,0.1520618703621729
59815,0.3430262291602366
59816,0.7044147873916698
59817,0.19324350185888278
59818,0.3194533922360928
59819,0.3413185973867901
59820,0.7762222343308723
59821,0.6853622611774609
59822,0.841173827311422
59823,0.7762749501589797
59824,0.582401589773735
59825,0.718916431892185
59826,0.6388866614454808
59827,0.5371027031499661
59828,0.5950577132824872
59829,0.11632133934210219
59830,0.4089526749305743
59831,0.56204179551871
59832,0.7651805240959493
59833,0.6136336468712367
59834,0.30447980433641414
59835,0.3622228628363631
59836,0.7275856434827679
59837,0.6758474000517527
59838,0.5506682663621368
59839,0.3501102185396732
59840,0.6561991570931699
59841,0.25397927653084124
59842,0.1300204590216746
59843,0.1294408161920568
59844,0.33704757739805796
59845,0.09825664229179358
59846,0.38787847424429844
59847,0.6034147697834883
59848,0.5515062634723954
59849,0.7850383314536057
59850,0.45932626552723793
59851,0.519379342452718
59852,0.5348036500151666
59853,0.24200543160315818
59854,0.6417213256235677
59855,0.7190771705351473
59856,0.7987501890123172
59857,0.4133816521912666
59858,0.5704515855032679
59859,0.6430260158533768
59860,0.3012336992599339
59861,0.1116656726560152
59862,0.566165830010733
59863,0.14669376619451016
59864,0.49742115006330856
59865,0.3160578631196638
59866,0.8218062139441092
59867,0.7323386098658915
59868,0.30702921974873854
59869,0.7649087319523128
59870,0.41651945063970763
59871,0.37129219181612333
59872,0.4159866411315244
59873,0.4712894150825541
59874,0.3696999065843859
59875,0.4780699889084896
59876,0.15354675064777545
59877,0.4073450117767204
59878,0.15873914268802966
59879,0.09804358291024502
59880,0.47155441333364684
59881,0.43582296332968984
59882,0.7766610396128766
59883,0.7914163032058112
59884,0.39006437344095496
59885,0.7396500119463172
59886,0.4868517123462591
59887,0.30258851105961254
59888,0.4064948800276159
59889,0.5221455684601966
59890,0.17634820556867836
59891,0.1887862921268528
59892,0.361423457647517
59893,0.12495173740522814
59894,0.38556555196961284
59895,0.2870583469234817
59896,0.45484975819264606
59897,0.5954371748342182
59898,0.1445510898806494
59899,0.6298662317165128
59900,0.4681994245549592
59901,0.5890405335066615
59902,0.319406377078821
59903,0.6657331999741245
59904,0.19475009361038761
59905,0.16635204497796988
59906,0.5579659398375824
59907,0.699317620987662
59908,0.47524910863956255
59909,0.44815968994738276
59910,0.15502362085065727
59911,0.5466424843583624
59912,0.45707198024293916
59913,0.3254398156930171
59914,0.4964140511742749
59915,0.5777190482735394
59916,0.19055962155281778
59917,0.4276908663655232
59918,0.5155380781366657
59919,0.4469450510681873
59920,0.42183720622318366
59921,0.5257734264527778
59922,0.7696245106070518
59923,0.48560060535560085
59924,0.42125961432977505
59925,0.12367226140133299
59926,0.43579542977827174
59927,0.47634500666176294
59928,0.23925898646087873
59929,0.2583883385058639
59930,0.612715450152644
59931,0.4983915632652541
59932,0.33839583627062536
59933,0.46155772462819306
59934,0.33640781675768905
59935,0.6673744449691359
59936,0.37849292815251667
59937,0.502078024097941
59938,0.1697067012836063
59939,0.2338189863992626
59940,0.7591602119567609
59941,0.2821954822278477
59942,0.7659636685029234
59943,0.25943338475768846
59944,0.21258077795063374
59945,0.3334414727445708
59946,0.4404450062857609
59947,0.42807172337140215
59948,0.23454161084426495
59949,0.476289790557956
59950,0.31898980279343464
59951,0.28940542442340267
59952,0.16318275447707692
59953,0.4029765857602871
59954,0.20156363505078012
59955,0.22816504901887216
59956,0.23538967155926535
59957,0.39522356779286805
59958,0.6666368207262976
59959,0.5439689012515591
59960,0.3543785308514057
59961,0.35942609733172887
59962,0.27327643097257864
59963,0.528886329495791
59964,0.20002252372148183
59965,0.17657804543903033
59966,0.8155031413826731
59967,0.19127286459168466
59968,0.516625593968225
59969,0.34672924752905954
59970,0.540496003982335
59971,0.5230831117952508
59972,0.3962119838549895
59973,0.7099184058209405
59974,0.31543912014046854
59975,0.5748494921799012
59976,0.30559998791373244
59977,0.28925581363773983
59978,0.24627857803675807
59979,0.4047350453318076
59980,0.17781608569754817
59981,0.29661202508637635
59982,0.465235159748523
59983,0.2756373196483373
59984,0.22911620176029052
59985,0.5850674458365984
59986,0.6984053156210495
59987,0.4692273414711033
59988,0.2841376368825409
59989,0.34512305515524827
59990,0.23085402780396216
59991,0.15208248603439878
59992,0.3186193057022704
59993,0.39449201010964235
59994,0.16392018875565925
59995,0.7005290150672406
59996,0.29353761033184367
59997,0.43958002608540203
59998,0.7779138243880565
59999,0.2482470910484587
60000,0.21979950487827238
60001,0.31746460119700287
60002,0.4234344859793201
60003,0.5996230594474651
60004,0.12912639961640054
60005,0.5537794181322044
60006,0.1587340839586512
60007,0.6315158795482828
60008,0.3188781028063403
60009,0.39896454175228324
60010,0.44736039315925
60011,0.741297566325198
60012,0.47638007552425377
60013,0.4748410569119489
60014,0.46779839052562555
60015,0.5588432468909889
60016,0.493544331624123
60017,0.20694001269980505
60018,0.2594890359668266
60019,0.33796268890973413
60020,0.22397317792559648
60021,0.4360097960333722
60022,0.5819827627004434
60023,0.5671317027177342
60024,0.4050889426810617
60025,0.1872010111512496
60026,0.17788266997614074
60027,0.45704153975482864
60028,0.48915199335391485
60029,0.1342839207310192
60030,0.672250276483712
60031,0.10202123383709119
60032,0.7560536782382726
60033,0.29717341232928557
60034,0.2678042381407631
60035,0.4740610018528236
60036,0.15330061753985197
60037,0.17226968104015866
60038,0.4347545856162061
60039,0.3487328710243811
60040,0.2174179453515315
60041,0.2841369906190351
60042,0.16010440324158332
60043,0.4329830566762139
60044,0.27564049928023987
60045,0.3612678333206263
60046,0.21670997705886
60047,0.4836427918205433
60048,0.5714876365935675
60049,0.6212456339854877
60050,0.5550461920886459
60051,0.5643131180618015
60052,0.4348506635397346
60053,0.43517740724362397
60054,0.47049084104848254
60055,0.1985246403921692
60056,0.4606891165041253
60057,0.49997849931575367
60058,0.19034920978054817
60059,0.5438827198022425
60060,0.6015843073222735
60061,0.19275530922463538
60062,0.7346739954785311
60063,0.5651130581679341
60064,0.6948785243848311
60065,0.5295193446330138
60066,0.5539078587093911
60067,0.1277947016301576
60068,0.7247795912160737
60069,0.263735022426981
60070,0.21595546140002633
60071,0.7209204767967449
60072,0.37220921684700353
60073,0.4397776280393907
60074,0.508841245619943
60075,0.2355639188880396
60076,0.174627174688834
60077,0.10686766980307047
60078,0.6986838715025642
60079,0.530355615549662
60080,0.37272909131800924
60081,0.4539305148011612
60082,0.5490604900153955
60083,0.5264036980146418
60084,0.48549675451648394
60085,0.23888146773126193
60086,0.7062579928270799
60087,0.5764548046545894
60088,0.5195900129209695
60089,0.4849434691862896
60090,0.5468091880976564
60091,0.16641058720588864
60092,0.38957654207362463
60093,0.5826818567574485
60094,0.7034082150910772
60095,0.2068309927658809
60096,0.9084116031942209
60097,0.33780144812563373
60098,0.2882673018095291
60099,0.5206714276251275
60100,0.40223835351128
60101,0.5333273604182791
60102,0.7482811159809455
60103,0.5304570190337745
60104,0.5901135714639594
60105,0.7900657208294777
60106,0.5503093191664926
60107,0.6686521702361475
60108,0.5202478259641684
60109,0.1964552228899487
60110,0.20152428271446043
60111,0.4009069838631373
60112,0.42394067119760287
60113,0.321293829523802
60114,0.42801821063027495
60115,0.6738053879118568
60116,0.552677608563347
60117,0.204752425378403
60118,0.4642053915334482
60119,0.5858723238263925
60120,0.8298190605907232
60121,0.3191931666352989
60122,0.46725037733359454
60123,0.5256563850591657
60124,0.43103464044119494
60125,0.5768923318535316
60126,0.5754058683331313
60127,0.188278015360923
60128,0.18656853130612275
60129,0.11506311508602407
60130,0.5581694630322562
60131,0.4131296102094192
60132,0.7736569229514924
60133,0.38120749648855895
60134,0.1363596056244281
60135,0.3938311619418652
60136,0.2107439537347039
60137,0.28653076017187945
60138,0.517907612011142
60139,0.658676038730296
60140,0.2696372520011065
60141,0.5123824875189569
60142,0.5802390742326455
60143,0.47794990726861636
60144,0.5497045744562443
60145,0.4557122909677641
60146,0.16696605829940964
60147,0.42002915868196894
60148,0.16932772601808688
60149,0.21520106757512208
60150,0.2222461897784279
60151,0.5640730609161102
60152,0.4842821007740453
60153,0.1464679916708536
60154,0.5147436433500849
60155,0.3858326744974065
60156,0.6847813325167823
60157,0.27876266256005544
60158,0.40368186761790736
60159,0.1842092532323665
60160,0.16573388777977463
60161,0.251302907444491
60162,0.6240646924205852
60163,0.5198694071657638
60164,0.3796253798391879
60165,0.21147682790603978
60166,0.5869082913085386
60167,0.5560867304938537
60168,0.3893447474418397
60169,0.5504323503968988
60170,0.5347315617793369
60171,0.4418603670608042
60172,0.5097737459801909
60173,0.5890827222795304
60174,0.38837583432161416
60175,0.6203967208089053
60176,0.5468508126800598
60177,0.652879070103321
60178,0.45184679250850274
60179,0.543095226489914
60180,0.236560853995245
60181,0.3811577717941272
60182,0.14125434304419682
60183,0.36413980042268673
60184,0.11914913518204323
60185,0.6286229289924119
60186,0.18677240945355536
60187,0.26915856281790224
60188,0.4321935426244517
60189,0.6038891465669488
60190,0.5309203260402091
60191,0.34638705838273076
60192,0.28630551876289856
60193,0.2290585228001804
60194,0.4829520361108773
60195,0.33417206432017343
60196,0.5771865015835435
60197,0.3639351583711302
60198,0.4199138325486018
60199,0.8548383536430654
60200,0.4826239445842664
60201,0.4025904576931042
60202,0.4057399397360962
60203,0.43447645620457515
60204,0.45923867789871253
60205,0.5669098691211685
60206,0.2897054324906605
60207,0.12447119478369752
60208,0.43779575908416896
60209,0.43837072315093834
60210,0.2589212357654378
60211,0.7166408130090904
60212,0.3344214605584815
60213,0.38816222439717685
60214,0.6402274035384875
60215,0.2785100216288584
60216,0.7878287687492879
60217,0.4762164434246723
60218,0.44769600843247337
60219,0.4086103002626619
60220,0.7557716140440188
60221,0.4859235580336465
60222,0.6573042924085938
60223,0.7640213424609779
60224,0.623220852673987
60225,0.6232727388707657
60226,0.7946311300850607
60227,0.6678187330643206
60228,0.555953182175283
60229,0.18636737176676632
60230,0.22152232534645355
60231,0.5240683803131168
60232,0.5197189804260333
60233,0.7094227535991267
60234,0.5163854430621589
60235,0.2136510594611202
60236,0.5279816010762085
60237,0.6339568122261646
60238,0.7033536523687736
60239,0.33445916881631155
60240,0.7357713579889456
60241,0.48613314537375635
60242,0.6730361642018075
60243,0.7806521450632943
60244,0.48146045572497664
60245,0.5397789960557376
60246,0.5604727615300684
60247,0.5024048338153483
60248,0.42040338253221143
60249,0.21808330699150005
60250,0.7289577999662807
60251,0.21418853873030247
60252,0.30106407726987605
60253,0.7587665631398182
60254,0.45695679330341066
60255,0.5781773177568268
60256,0.6519431174346904
60257,0.5228354786184763
60258,0.2950987336561149
60259,0.4571435119434065
60260,0.27706061819381184
60261,0.5634263664169618
60262,0.4304044864683038
60263,0.17568332710910836
60264,0.5490073453136606
60265,0.403055566840431
60266,0.4938251638887285
60267,0.5655095692317893
60268,0.44454921504247125
60269,0.42381772771558757
60270,0.4942993386290808
60271,0.7246276062567225
60272,0.25979101255884446
60273,0.7347592175396757
60274,0.6144586735661204
60275,0.18594878267742482
60276,0.1642818021007712
60277,0.2276092577791474
60278,0.28611029057445153
60279,0.5314724727520943
60280,0.7330602743034753
60281,0.6097310836131065
60282,0.11386862520935428
60283,0.40077814014702184
60284,0.3468543708172808
60285,0.18145761746703357
60286,0.16292920945530756
60287,0.4972823188346129
60288,0.2955679592019684
60289,0.2535850769066064
60290,0.7146955451005506
60291,0.6656615485416332
60292,0.5857547166743864
60293,0.5915175301411149
60294,0.30315901592024097
60295,0.3915831701634212
60296,0.13715244670031965
60297,0.26701349565550025
60298,0.15822099140019857
60299,0.28420407166627587
60300,0.48588806173995885
60301,0.263381799176313
60302,0.3373530464340474
60303,0.5700183343375551
60304,0.3595479648205202
60305,0.5855497591097435
60306,0.7554107438952927
60307,0.15662506267799212
60308,0.2496559506376113
60309,0.2359367235932099
60310,0.476258649260967
60311,0.5572933899181407
60312,0.3161910146044861
60313,0.48424899017793166
60314,0.7610460788776542
60315,0.7312074581975406
60316,0.726952356242259
60317,0.32974266600752933
60318,0.4831739090408352
60319,0.18834554831791248
60320,0.5038309549307192
60321,0.24119679764910126
60322,0.12341680981831435
60323,0.6608862998266318
60324,0.6407501967995274
60325,0.15292775556740304
60326,0.6005806328585107
60327,0.2847058732576516
60328,0.61116777032589
60329,0.5478057836321198
60330,0.5437617315162858
60331,0.41765032924662393
60332,0.18616250832549588
60333,0.6143878550991573
60334,0.5732816505026966
60335,0.19995848510013675
60336,0.3661648728607286
60337,0.5691134414189019
60338,0.4748618191870543
60339,0.4383757705312102
60340,0.4558567696165279
60341,0.7381976062170671
60342,0.3733049032641417
60343,0.8204277828632831
60344,0.4524463824018873
60345,0.19970894587371366
60346,0.7218368886851403
60347,0.1768472319009812
60348,0.3702682753738536
60349,0.7842674313503
60350,0.5149134081755353
60351,0.1638470297144105
60352,0.34466891960202445
60353,0.44664443380451335
60354,0.580404279848569
60355,0.6729267054548793
60356,0.33876001988256194
60357,0.8183831203631958
60358,0.7834386609810369
60359,0.5334446916220351
60360,0.45130193804175084
60361,0.5321540963958657
60362,0.527991999070699
60363,0.11872447313894811
60364,0.16367887442267204
60365,0.6283760876472709
60366,0.15511807544333486
60367,0.3074339555687655
60368,0.536138464201814
60369,0.2131306126213938
60370,0.12826987026258352
60371,0.3546569259385621
60372,0.6288027218286835
60373,0.5795928039558847
60374,0.8267299050635422
60375,0.3569444487429867
60376,0.518666509090055
60377,0.7125025227171411
60378,0.5046430476212348
60379,0.5269762430781921
60380,0.816487446182989
60381,0.5476450239385482
60382,0.213649525702176
60383,0.20838561977750342
60384,0.4760219993702883
60385,0.7081768574370266
60386,0.5466312417334863
60387,0.4559610877564196
60388,0.20148328299521132
60389,0.15821687182638064
60390,0.5334075112541768
60391,0.5855343871217098
60392,0.6874425768562187
60393,0.43696377950573523
60394,0.5137730710471756
60395,0.5133198630913257
60396,0.29106436305802647
60397,0.3068495366374144
60398,0.6120464356665397
60399,0.5492066936184334
60400,0.3087095427504206
60401,0.5426125387871876
60402,0.21125782032243048
60403,0.22451098363431357
60404,0.19220344019741892
60405,0.588596296120981
60406,0.5333875153430936
60407,0.26627663363114745
60408,0.17638173064745621
60409,0.1339885593218376
60410,0.39557391680700305
60411,0.47750921042598066
60412,0.15994602964678048
60413,0.41758033427025715
60414,0.3219200000816496
60415,0.4485763127585703
60416,0.287613085454362
60417,0.5912848973589853
60418,0.43674840353968847
60419,0.6595726569376495
60420,0.5024455928111382
60421,0.631614509383294
60422,0.42857274501384873
60423,0.5770914355582126
60424,0.7987977268803396
60425,0.43129312963161814
60426,0.5085963553042243
60427,0.4908228272142098
60428,0.5395151903698275
60429,0.15029694165117638
60430,0.6634387052031859
60431,0.23467738447928527
60432,0.4589202148125751
60433,0.4464087491497099
60434,0.4976978237166561
60435,0.4171689452983867
60436,0.4729474609881916
60437,0.344208252920287
60438,0.17347800415398137
60439,0.20937248880719161
60440,0.17913247121377784
60441,0.5722707896927254
60442,0.6301319819589912
60443,0.727152052683042
60444,0.2543291485376031
60445,0.4131902871391879
60446,0.14386737012982584
60447,0.3739361898070182
60448,0.4968670258946477
60449,0.27491984736777086
60450,0.5804680331364377
60451,0.22955262536415222
60452,0.4828884969073489
60453,0.4054812412902704
60454,0.4918199477636849
60455,0.1852694288938487
60456,0.2854337024673815
60457,0.588474169182913
60458,0.5137212165470598
60459,0.48309969507518147
60460,0.3843110225262282
60461,0.5765950691703193
60462,0.41859204383839155
60463,0.5657483064409142
60464,0.5732362066199633
60465,0.10021733607480361
60466,0.5049475946462583
60467,0.5910506541920122
60468,0.14147381643339443
60469,0.18033469639432814
60470,0.2100894838342499
60471,0.27247078824417
60472,0.3415930544088731
60473,0.5029227619467974
60474,0.5549212621498787
60475,0.4916323444979507
60476,0.3837597124381635
60477,0.7325627949614264
60478,0.40156813274091224
60479,0.21223578670340132
60480,0.21067827539633827
60481,0.2225531043068229
60482,0.3154482846596174
60483,0.7080093521220723
60484,0.2397256625863143
60485,0.19491005079311224
60486,0.8151538454622678
60487,0.6100470469522724
60488,0.26738591310629
60489,0.48532236064580336
60490,0.3726896200988258
60491,0.20686598610071297
60492,0.4802974874971806
60493,0.1798751831560283
60494,0.36511559094499174
60495,0.49192618077712963
60496,0.43209424411839314
60497,0.5748307009904079
60498,0.5024045297756448
60499,0.5461243908104193
60500,0.46461126747545556
60501,0.3900912348282077
60502,0.5731209092311632
60503,0.5686505502498302
60504,0.2581606607720711
60505,0.5707984245501513
60506,0.7189040889467433
60507,0.29293342963734786
60508,0.5490581424857033
60509,0.7967524096116148
60510,0.760825633228685
60511,0.5458670710019881
60512,0.09395426822855452
60513,0.32314230692305973
60514,0.3872190024660902
60515,0.25265768368837066
60516,0.22689005421688355
60517,0.715458122598505
60518,0.4790745643237936
60519,0.4827508947175243
60520,0.33212128586250045
60521,0.35720712971579244
60522,0.20372220561648804
60523,0.37525033910927175
60524,0.770215502882559
60525,0.5816074551561319
60526,0.19069401328844238
60527,0.48419241106618877
60528,0.714598558862188
60529,0.35103946788274115
60530,0.5081321420378362
60531,0.26221785572209144
60532,0.5206047015149856
60533,0.6475319006634903
60534,0.4734591792629374
60535,0.3924244531756183
60536,0.8158717192529789
60537,0.3820342756484135
60538,0.37902280403887023
60539,0.6511227535750027
60540,0.47096377269558803
60541,0.3819611093930582
60542,0.1718339673526423
60543,0.5514084164360555
60544,0.38001517625979175
60545,0.2964753603004848
60546,0.6702248973465252
60547,0.5204086827651657
60548,0.5838972065822374
60549,0.5794222555246347
60550,0.5455970768118451
60551,0.44953305904996704
60552,0.7913903824339618
60553,0.8032205944194676
60554,0.42391164324383707
60555,0.5341149322687687
60556,0.4493908029704546
60557,0.4993540781736804
60558,0.5430694195900555
60559,0.6378613085951838
60560,0.176370524290244
60561,0.49687929868186115
60562,0.25401252607979025
60563,0.20354908005100594
60564,0.16919298656764362
60565,0.809183104751124
60566,0.29763177025914034
60567,0.576466367936803
60568,0.662959084763577
60569,0.1697617847628163
60570,0.47427482147426436
60571,0.6153265065059468
60572,0.19872561078171377
60573,0.16668819432431364
60574,0.2608364486768529
60575,0.32326626837683314
60576,0.5927596621997443
60577,0.31604172884745346
60578,0.7592733532831122
60579,0.6096493740641423
60580,0.49774582741871737
60581,0.4627299725549378
60582,0.2974788751255649
60583,0.7527251994293549
60584,0.5931156209513571
60585,0.41752396313406087
60586,0.14351149636824656
60587,0.3292767449299038
60588,0.5477079521986568
60589,0.679067125559896
60590,0.47121151745606377
60591,0.5462843080417883
60592,0.5564664101678855
60593,0.6663123420419081
60594,0.11989519878731746
60595,0.45130976906055925
60596,0.2506758653318723
60597,0.5466291291662242
60598,0.30578204663408975
60599,0.6476385488530559
60600,0.5267430290799434
60601,0.185615529466687
60602,0.6927672831868538
60603,0.48687788203620846
60604,0.3915983643251351
60605,0.16752704153057638
60606,0.5724804656893336
60607,0.3608319905435465
60608,0.7356545593621193
60609,0.11937012529429457
60610,0.7365904738868497
60611,0.8388415977032836
60612,0.1886635376886928
60613,0.16356059256090408
60614,0.5258900204206884
60615,0.6220702423725646
60616,0.4253548649584783
60617,0.4670180587690265
60618,0.2650323971462209
60619,0.35758386571283923
60620,0.6773474384713057
60621,0.482416444565823
60622,0.2997011016108968
60623,0.5368904033712136
60624,0.7344097899181319
60625,0.1837289596727941
60626,0.568250303289785
60627,0.543516309260459
60628,0.6112952492964989
60629,0.7545884442047294
60630,0.1419441984683781
60631,0.5108471327803467
60632,0.35085914619212305
60633,0.18538703549010663
60634,0.768655329423199
60635,0.4927508840766115
60636,0.4490573682843341
60637,0.6189284387113383
60638,0.2031216315128428
60639,0.45730597489064906
60640,0.4061878492133648
60641,0.12532457952360274
60642,0.32787177236677595
60643,0.6037584721361983
60644,0.7364200096050828
60645,0.5955567765396852
60646,0.560485825081224
60647,0.45971792220292085
60648,0.2182162260530777
60649,0.5098503461419754
60650,0.5902951960903025
60651,0.7191820383614803
60652,0.6978198711647952
60653,0.17049443325458236
60654,0.373317486439006
60655,0.3124689163773841
60656,0.5038655656506752
60657,0.5164614353363185
60658,0.7321272111106409
60659,0.38578055258617816
60660,0.6111521817544647
60661,0.41324152641827355
60662,0.1571347125989948
60663,0.49234605724034036
60664,0.19505875732104988
60665,0.5911737390421928
60666,0.7373921692412811
60667,0.21592558724481337
60668,0.5100691277970717
60669,0.7066169636623179
60670,0.5685063874247406
60671,0.5625170681884287
60672,0.6816927706155751
60673,0.4317419790596675
60674,0.5171463375499658
60675,0.5295237383466509
60676,0.18527809244107582
60677,0.13806404719516183
60678,0.8432036935844464
60679,0.6100932279072275
60680,0.46715295211709895
60681,0.393948389997185
60682,0.14972217512576103
60683,0.3901142737082072
60684,0.5280109952155834
60685,0.41028267639119675
60686,0.3055050299488533
60687,0.13590622222818866
60688,0.4224665357989379
60689,0.5745074282001797
60690,0.46146206606689977
60691,0.47500474874785376
60692,0.44316634408069583
60693,0.6443398494392589
60694,0.5633806579503704
60695,0.45159801264308747
60696,0.479116386581631
60697,0.28388379024991894
60698,0.5971404543056991
60699,0.5084007035179879
60700,0.8074975202416383
60701,0.31251583420312307
60702,0.6005939896811521
60703,0.4125135256750706
60704,0.3572488420246651
60705,0.5859762471198535
60706,0.4381029864201112
60707,0.19202337834410568
60708,0.26834224910859455
60709,0.6291221768754646
60710,0.2574582950755362
60711,0.61447487636992
60712,0.4658568396258178
60713,0.4571064612040234
60714,0.37299474034910374
60715,0.4653262951570026
60716,0.26467752260921973
60717,0.11090947367637465
60718,0.09282363535767275
60719,0.5092368087985952
60720,0.5867261378285493
60721,0.41500451510080805
60722,0.5514651461795969
60723,0.3732057416474257
60724,0.472415640589583
60725,0.5211910888621052
60726,0.18011856008124863
60727,0.4799279000258633
60728,0.47599837934400696
60729,0.29529617909023326
60730,0.5342871640205666
60731,0.555716127136211
60732,0.539087897542819
60733,0.6676731019966868
60734,0.3729604920593087
60735,0.5688725770456129
60736,0.5422184515232532
60737,0.5613403831215371
60738,0.40833991708527995
60739,0.3414033959127734
60740,0.4926581283037382
60741,0.48401888631980744
60742,0.21920287078807907
60743,0.6517489186494196
60744,0.6364861588027394
60745,0.4537261907678095
60746,0.23211174568648102
60747,0.5555299199562553
60748,0.4917541184625498
60749,0.6151671044516103
60750,0.46889712396150435
60751,0.5977583364042344
60752,0.16404358408871553
60753,0.6269000898549276
60754,0.3194583444481938
60755,0.5507017758534996
60756,0.4440872715836755
60757,0.6261290947217509
60758,0.7282918599025178
60759,0.42234536322430577
60760,0.4671120398843737
60761,0.5991205502606406
60762,0.6355923992977011
60763,0.44754620922660254
60764,0.5541406909336789
60765,0.4427988170663066
60766,0.5626093003011247
60767,0.41337658611865125
60768,0.40536244535071453
60769,0.4721800314990675
60770,0.47043640531301556
60771,0.12550735623468467
60772,0.1459009517732994
60773,0.16846414171886018
60774,0.7689703854824875
60775,0.12935185990105333
60776,0.6739045282732593
60777,0.34362732438571775
60778,0.47324942905120787
60779,0.618130404546576
60780,0.5741166112085279
60781,0.20078064633527887
60782,0.3344866775777826
60783,0.6327743855509855
60784,0.4917749388531852
60785,0.5438852215708255
60786,0.6218258123896221
60787,0.6011439750190176
60788,0.19764549958902605
60789,0.1356661243907278
60790,0.5007619562021098
60791,0.7112095513520341
60792,0.47911871762232466
60793,0.5526263732861291
60794,0.10285775448740615
60795,0.28575359279965057
60796,0.19329250567706938
60797,0.7400239877805704
60798,0.4669250539209065
60799,0.4572055372200554
60800,0.29703364542841454
60801,0.4775810717932633
60802,0.1662642047924396
60803,0.503626957628983
60804,0.5235985411039583
60805,0.12576924245662274
60806,0.7481749771115174
60807,0.6873293731604524
60808,0.7222681590139403
60809,0.544402120964389
60810,0.6304511934408866
60811,0.4641246136166428
60812,0.5791240424660672
60813,0.4554711275969233
60814,0.21361302389373946
60815,0.7084213218859484
60816,0.7664389161450426
60817,0.19138476781746241
60818,0.13817666807430712
60819,0.5372969444075818
60820,0.11926837017651792
60821,0.475052020323512
60822,0.7841921358751834
60823,0.21430264420215783
60824,0.36216093397611465
60825,0.42364106541115093
60826,0.8112464038996414
60827,0.18782902728963066
60828,0.257768449982693
60829,0.47619435221761625
60830,0.7350938472253536
60831,0.20471682630241259
60832,0.5208996913888644
60833,0.47671496599736873
60834,0.3972085298335928
60835,0.3256806631987107
60836,0.5891612286121225
60837,0.4542204058553581
60838,0.42608518549604607
60839,0.713801548460598
60840,0.6543230265761038
60841,0.4417169069845507
60842,0.7423969771030093
60843,0.14865468030946452
60844,0.7362564400742603
60845,0.2965976397897518
60846,0.3897921367497121
60847,0.4977268506718423
60848,0.5312611370086624
60849,0.14870559552616436
60850,0.58549645591783
60851,0.6846534729647568
60852,0.5518227501156401
60853,0.20367497394322337
60854,0.4264058350353858
60855,0.46162897046233015
60856,0.5292156015607226
60857,0.6608464097223372
60858,0.5036221420119268
60859,0.43381582816322906
60860,0.37608179289843663
60861,0.4757053207797312
60862,0.49353308747736274
60863,0.3866464657361259
60864,0.6963619853219272
60865,0.20644078189304169
60866,0.7381951510437693
60867,0.347725333557068
60868,0.7451700349807737
60869,0.10619245801224707
60870,0.5596764210556445
60871,0.5538405894888373
60872,0.3539288025238713
60873,0.6834316759843025
60874,0.5586401395222088
60875,0.5310703553542643
60876,0.4539382827843212
60877,0.30012134356012393
60878,0.8291687073971479
60879,0.6998907128110176
60880,0.5704518266850777
60881,0.6445572744983369
60882,0.8214881735960284
60883,0.579715047743784
60884,0.4258368128431214
60885,0.5043374975977669
60886,0.5914714726486355
60887,0.5046112426523249
60888,0.5829832620487875
60889,0.4556332943321413
60890,0.6411334492611432
60891,0.6169002381069681
60892,0.4238171516103188
60893,0.5505354844987748
60894,0.5118731313030692
60895,0.7039182777347675
60896,0.5009705165706191
60897,0.19521120127921657
60898,0.634166416457351
60899,0.61998711283168
60900,0.5987759876492117
60901,0.273942112516625
60902,0.47630405523295233
60903,0.3881737512925585
60904,0.4071666004427969
60905,0.3178325358566274
60906,0.46082326488313324
60907,0.6271269509419906
60908,0.657600358925454
60909,0.7765665374861596
60910,0.4259529465634448
60911,0.6877785046389413
60912,0.2716608505786118
60913,0.3854353246336885
60914,0.3922145217005489
60915,0.11491393408621119
60916,0.36656843203412237
60917,0.2762608076437898
60918,0.5686638988143713
60919,0.7206838032836624
60920,0.13818402634065227
60921,0.6429503562566006
60922,0.4639374330897067
60923,0.33303227446192357
60924,0.11021345961922122
60925,0.20191511232781525
60926,0.7374785299792542
60927,0.5286213831099102
60928,0.5237167052519839
60929,0.6172391265426921
60930,0.37690032448280086
60931,0.4944223361921131
60932,0.5886616950777187
60933,0.3170348917860529
60934,0.2623983963316426
60935,0.4811255815943693
60936,0.46956973780518524
60937,0.43746500008773387
60938,0.610802101125253
60939,0.4070554388469888
60940,0.629690404282951
60941,0.6275902411123243
60942,0.7302279270117549
60943,0.38866607422776234
60944,0.4087096833274837
60945,0.5178948475326586
60946,0.29187885909609185
60947,0.1680592200742506
60948,0.16413448166952385
60949,0.27364831123343236
60950,0.734957004819758
60951,0.4319430721428187
60952,0.4604645331174696
60953,0.38724067575259363
60954,0.39786909547420946
60955,0.16912765473713406
60956,0.16206907047804583
60957,0.4017873533128435
60958,0.4972364602446251
60959,0.4338020868773126
60960,0.6066183929775493
60961,0.4800417628985166
60962,0.1922149160293751
60963,0.5473498004543572
60964,0.5165961292494593
60965,0.4943809299015915
60966,0.4039708766986521
60967,0.6128444102938255
60968,0.10504106052487186
60969,0.6692094163487609
60970,0.4294518204746224
60971,0.5707088390765321
60972,0.7822127302490698
60973,0.20697163081674005
60974,0.1033675746614352
60975,0.530703244784949
60976,0.516968677061109
60977,0.5935278414589553
60978,0.1486799982207007
60979,0.4095059827637634
60980,0.5478807051659227
60981,0.35994817935339024
60982,0.5995641279799532
60983,0.5560996222667186
60984,0.44847977819162643
60985,0.41901156753922403
60986,0.5614360666763609
60987,0.7151897945743737
60988,0.6507531010805341
60989,0.8087469000056156
60990,0.8037195200592678
60991,0.42199774065690365
60992,0.35170656561766994
60993,0.2959225152452652
60994,0.48421232694233857
60995,0.19113634675826752
60996,0.5495777417847798
60997,0.13680926805556026
60998,0.4854063760422592
60999,0.418390814103644
61000,0.2982477961129681
61001,0.5033643370680149
61002,0.470459200653032
61003,0.3673991760585302
61004,0.5983889044113555
61005,0.4846832752572775
61006,0.36670186655163745
61007,0.5794087876794395
61008,0.2786287181929499
61009,0.8430163718521274
61010,0.7318029698888402
61011,0.454301493530035
61012,0.2674118593227676
61013,0.23368253105396602
61014,0.4462904724572142
61015,0.7209039053925097
61016,0.23942881213456402
61017,0.5581518531157436
61018,0.1671257971965154
61019,0.22954669168567576
61020,0.2223202502761776
61021,0.5760286295549156
61022,0.28030655082367845
61023,0.1287348860147929
61024,0.7047585115623054
61025,0.5367570012133368
61026,0.6526002201590588
61027,0.6929117100907635
61028,0.507444830345875
61029,0.198903454610004
61030,0.8150889429987417
61031,0.3516853054766384
61032,0.4535814194285467
61033,0.7550121178243909
61034,0.5530612180408697
61035,0.19931608600521455
61036,0.4852149860139307
61037,0.5768236447619438
61038,0.39572844109919825
61039,0.49163756211347337
61040,0.20489611330636087
61041,0.510732969525315
61042,0.2759497487318866
61043,0.8086652138439321
61044,0.6739429043447768
61045,0.7736946528725384
61046,0.30829897115175037
61047,0.23096527128552172
61048,0.35492522280423755
61049,0.4916417984828332
61050,0.5322651707046607
61051,0.6314641389167356
61052,0.4907568053499647
61053,0.2828738570050606
61054,0.409315621732295
61055,0.6845671102570493
61056,0.7679230166332207
61057,0.4182086105865236
61058,0.3309874158731184
61059,0.5155156669620145
61060,0.5324347583458335
61061,0.3012796883768631
61062,0.7650730827059521
61063,0.23637872710671942
61064,0.5537019799350122
61065,0.5124133755307858
61066,0.45079015016554247
61067,0.36947711813760126
61068,0.7281922241047138
61069,0.452914133015473
61070,0.37299684840585634
61071,0.0742927378619194
61072,0.49959833038509066
61073,0.2376926687531697
61074,0.4047455386339156
61075,0.3933838918401402
61076,0.3494651307988469
61077,0.47503895681681957
61078,0.5453973375146237
61079,0.18856873598302615
61080,0.29513140988279546
61081,0.7812860708979154
61082,0.46701632029001505
61083,0.22052472248677382
61084,0.3835786358379819
61085,0.38696538596065966
61086,0.5009881382321855
61087,0.49572990857004234
61088,0.4453562675639016
61089,0.4417330347423483
61090,0.78785521025648
61091,0.8060336708053503
61092,0.12946435159068675
61093,0.510355314182125
61094,0.3661708546762762
61095,0.810650780376887
61096,0.37599181689979055
61097,0.5526471671012418
61098,0.3572206452887592
61099,0.7425352866545124
61100,0.11959568346298288
61101,0.7492196171925881
61102,0.513131667418465
61103,0.09883908311959827
61104,0.6312078003838116
61105,0.4309674203426613
61106,0.5312081837190027
61107,0.5235362169120934
61108,0.49743002418159726
61109,0.8740996893436315
61110,0.18803530679365804
61111,0.22763704484257458
61112,0.6308250811652731
61113,0.48010466803443025
61114,0.45938838684179234
61115,0.350981131067422
61116,0.32711250257014557
61117,0.4793428255781308
61118,0.27147657876541526
61119,0.5327081175081935
61120,0.2753355757460171
61121,0.33078787349218663
61122,0.403811274356683
61123,0.4656201212034252
61124,0.5373385130428262
61125,0.11594007539247311
61126,0.5922112339559155
61127,0.5137676034708065
61128,0.5142578786310523
61129,0.2888425022141899
61130,0.34514249911544054
61131,0.6920664385525013
61132,0.5270468801969428
61133,0.6008314475521841
61134,0.42375200548569286
61135,0.802411211614896
61136,0.5423566586834779
61137,0.4459072149364091
61138,0.5609597333595107
61139,0.22691868164568574
61140,0.609620175510285
61141,0.5538845920134805
61142,0.29430257176614166
61143,0.3323875315102594
61144,0.759310889018869
61145,0.7062666389164165
61146,0.4630030129571794
61147,0.569294439924495
61148,0.3997081805059364
61149,0.6811460992961861
61150,0.5057471151616498
61151,0.4187366882540131
61152,0.22823961467044906
61153,0.2557021893682825
61154,0.7883770145531496
61155,0.4472762216252438
61156,0.6959672354361609
61157,0.7448017220091505
61158,0.6717620117200263
61159,0.47548786792554326
61160,0.5921627901200343
61161,0.1597052584967409
61162,0.2812842196839516
61163,0.30601573376209024
61164,0.17895238095818952
61165,0.6281796891698045
61166,0.21695651870546917
61167,0.7643961259213284
61168,0.6004815179726318
61169,0.47360532764263136
61170,0.3129838254283311
61171,0.4323483605484211
61172,0.5388995237483164
61173,0.3077391053134194
61174,0.5697903578275413
61175,0.4296117160318742
61176,0.2070615735315915
61177,0.6181058363361052
61178,0.30960312721432687
61179,0.28333903040301905
61180,0.593346345258279
61181,0.6109977911930391
61182,0.529097446122528
61183,0.09900598734656349
61184,0.460437005958539
61185,0.5043161205541057
61186,0.3034020006249423
61187,0.4492441641229585
61188,0.1761943497012652
61189,0.3888569525846301
61190,0.8187584025512814
61191,0.6062072590357578
61192,0.5627154351474479
61193,0.4499567781881277
61194,0.41735043387165505
61195,0.5439420768135792
61196,0.8396755939499636
61197,0.3016091072315107
61198,0.14669623747194693
61199,0.4870688131388712
61200,0.7155003938989525
61201,0.2897004544921061
61202,0.5432046054032051
61203,0.3100975463753452
61204,0.48010312253187487
61205,0.16287234956161556
61206,0.5535291386362536
61207,0.718147586156521
61208,0.24604040836753321
61209,0.420720551226368
61210,0.6792621272951325
61211,0.4306751443938919
61212,0.39918167658631987
61213,0.22879311551227455
61214,0.3876431078178735
61215,0.642009424567497
61216,0.24273200446962348
61217,0.21253535453489306
61218,0.3854270275532138
61219,0.6237753672184659
61220,0.37751759113145494
61221,0.7459068189939555
61222,0.31098565542347045
61223,0.39265537562097425
61224,0.11713512831839024
61225,0.20992848458281413
61226,0.7246165418378505
61227,0.6255132170153879
61228,0.39738880104031965
61229,0.30401781167592656
61230,0.25657188797899044
61231,0.5125740704917158
61232,0.374671378034788
61233,0.42211448701297805
61234,0.22085519185608576
61235,0.20951424764448962
61236,0.6745795292472937
61237,0.6062805603510585
61238,0.3303724352291529
61239,0.16765541051547955
61240,0.20429949166799832
61241,0.5841564725061169
61242,0.5726917746846095
61243,0.6618343254183342
61244,0.25722057485281663
61245,0.5042556668347055
61246,0.19574168978365583
61247,0.46389371262528667
61248,0.7546815953055842
61249,0.43877150366213075
61250,0.5575042697428314
61251,0.18555269708494146
61252,0.7346741295233685
61253,0.2646841428558318
61254,0.49048846001799645
61255,0.6952135779469351
61256,0.22011868525531153
61257,0.5428605221414395
61258,0.5781021756798908
61259,0.23090888635505272
61260,0.21601106511784138
61261,0.45410853272565865
61262,0.5396703568488006
61263,0.5668864973580533
61264,0.3615868980772829
61265,0.3741897226966006
61266,0.693697173295715
61267,0.30490051049426115
61268,0.672946749187099
61269,0.5619086624211391
61270,0.20889784069038828
61271,0.5913892829279498
61272,0.6031407038701515
61273,0.4132736481006477
61274,0.5868656912422695
61275,0.6358544503272074
61276,0.47888115849341645
61277,0.20799558705843524
61278,0.1812607800595246
61279,0.360847760581447
61280,0.5079255448500276
61281,0.6315324119035639
61282,0.53643967983525
61283,0.24970449200000425
61284,0.35735374295929856
61285,0.172210349755619
61286,0.5963191155698896
61287,0.5759024672705316
61288,0.5211954331887092
61289,0.5696451807424587
61290,0.22482601744009792
61291,0.39590041177019814
61292,0.4914059236319264
61293,0.22913584093095657
61294,0.6587096613137975
61295,0.24120599836972084
61296,0.2494545905685077
61297,0.3535786060344016
61298,0.3770064104591053
61299,0.7245720502724491
61300,0.7415481352191626
61301,0.7662932113886654
61302,0.3339933692862493
61303,0.4261060718810202
61304,0.33163146241613123
61305,0.19895575797804907
61306,0.2743745358035104
61307,0.4959596476061729
61308,0.5727945928891618
61309,0.5105724124933665
61310,0.8270485887138733
61311,0.22828942118193754
61312,0.36518571191594446
61313,0.16639200191871517
61314,0.3322770960475252
61315,0.24067394615083382
61316,0.6211338602552615
61317,0.5460380614532743
61318,0.35107831867521344
61319,0.6351874412468512
61320,0.766147585542645
61321,0.7106867847024905
61322,0.1326279829008582
61323,0.1825499009053014
61324,0.29041038704732924
61325,0.6792020836467898
61326,0.14465727023051736
61327,0.43821274450951436
61328,0.4718160295422995
61329,0.4839229132111048
61330,0.6614159062921282
61331,0.4150479426067513
61332,0.5728980276402971
61333,0.5436173638524512
61334,0.34586722217910115
61335,0.38600540192773863
61336,0.4630389601175278
61337,0.3735494397665834
61338,0.7045112898952527
61339,0.6282166524888458
61340,0.5746444344888803
61341,0.6084923923737036
61342,0.4557643116749312
61343,0.7801136418627519
61344,0.5016907779965084
61345,0.4831440142202665
61346,0.5815072313641103
61347,0.5699838966366584
61348,0.312427285303076
61349,0.7049213830357417
61350,0.47092541067802013
61351,0.7666268571723431
61352,0.34313919962016814
61353,0.3414680813760671
61354,0.5252129452013939
61355,0.6260005711106967
61356,0.4452786930057815
61357,0.2668142353872086
61358,0.27651764973157056
61359,0.6047292035102239
61360,0.48526323527791876
61361,0.5526439232773118
61362,0.5196609039146387
61363,0.45914548565234986
61364,0.2651860322919284
61365,0.6264785471293224
61366,0.48226184828163376
61367,0.5498179698169227
61368,0.30044476289125993
61369,0.2814484775326964
61370,0.6122615710765827
61371,0.3202187936194894
61372,0.2994578918685337
61373,0.7595384598187155
61374,0.6865623607749828
61375,0.3743357590067663
61376,0.517341228528098
61377,0.48462734204230457
61378,0.6971088941889861
61379,0.45446697285772353
61380,0.494941074956598
61381,0.650738626494401
61382,0.4157595493209053
61383,0.49599253851239977
61384,0.4428179945718173
61385,0.16861956202721787
61386,0.5512898555759809
61387,0.15405136908618738
61388,0.11102342031397217
61389,0.4799341443998762
61390,0.3314584799569491
61391,0.16429705180843537
61392,0.7792177343163256
61393,0.2641437268258526
61394,0.714151914276831
61395,0.6338742844306232
61396,0.44687836661390673
61397,0.48344121915999594
61398,0.5986585059194335
61399,0.2143542199452229
61400,0.2698429799809633
61401,0.6699295455864892
61402,0.18944897080293466
61403,0.5058219941164511
61404,0.3081028664665329
61405,0.6769261247016359
61406,0.5484766449180013
61407,0.1716780069792798
61408,0.7098970685624805
61409,0.4295906033773624
61410,0.5090531065823394
61411,0.3050178158235616
61412,0.20318838243018628
61413,0.7834233225544167
61414,0.6313151850013772
61415,0.7048185860705005
61416,0.6408882459106547
61417,0.4369524296284615
61418,0.45781557148510754
61419,0.307805999595854
61420,0.20383376025521754
61421,0.6340461329394176
61422,0.43371052104212765
61423,0.14434311420229917
61424,0.5471173425781163
61425,0.20850105176343547
61426,0.4343642054592007
61427,0.43149396311307325
61428,0.20015724550434025
61429,0.7404213010557482
61430,0.23707403498760676
61431,0.270135554592007
61432,0.28479664011063077
61433,0.3339995271936014
61434,0.33969826168473133
61435,0.5394337092061302
61436,0.6290243110587552
61437,0.3534663220833887
61438,0.5951892454761444
61439,0.3831872064526186
61440,0.29879292767802573
61441,0.4689699577267131
61442,0.4953678096593053
61443,0.45675702769323007
61444,0.7167727004053784
61445,0.1415285177221349
61446,0.644788007047602
61447,0.511498778927695
61448,0.6530964501067621
61449,0.742041202747861
61450,0.3072201708771419
61451,0.613045969364877
61452,0.15604383810676228
61453,0.39955615571274306
61454,0.2968660351563895
61455,0.1737976519723753
61456,0.642823455328234
61457,0.3687525860272368
61458,0.3868062899491035
61459,0.6600550715413602
61460,0.5361414041437361
61461,0.20650691485452471
61462,0.6386434579366861
61463,0.2947081900113923
61464,0.5096059513164194
61465,0.5842938204369502
61466,0.5416544226547111
61467,0.6184184900164632
61468,0.18778523270953337
61469,0.2534416930765848
61470,0.6667347454474484
61471,0.17927574495588447
61472,0.2990768735361655
61473,0.2566801878092635
61474,0.18352376639984558
61475,0.5276820273335021
61476,0.6870669727309535
61477,0.5886954389981509
61478,0.4611846497549714
61479,0.4929709204801694
61480,0.3726565393100396
61481,0.223598383761469
61482,0.22982913886931466
61483,0.5426271738057428
61484,0.5158558646458552
61485,0.4690178137018393
61486,0.40495330289782
61487,0.4361988862765692
61488,0.6694835856784761
61489,0.4892072741682182
61490,0.13534025153956164
61491,0.25348258516976213
61492,0.360189369529318
61493,0.6450678030599932
61494,0.4855526103431628
61495,0.4223263361826252
61496,0.32096256815172103
61497,0.33834646688390146
61498,0.262993364220912
61499,0.4569848523445748
61500,0.5258143861276827
61501,0.4637372218415033
61502,0.6800412441542628
61503,0.4582339860905405
61504,0.6338386386077931
61505,0.5165432736170525
61506,0.46547256988579744
61507,0.5296751014647983
61508,0.3328908273901759
61509,0.17411048207049368
61510,0.4674692932393628
61511,0.11584019498010427
61512,0.23924804472869057
61513,0.3199641315012129
61514,0.39257912213423807
61515,0.5456627020101222
61516,0.5603807801198334
61517,0.6538810546420927
61518,0.578476054058756
61519,0.635524277303122
61520,0.36258550605913353
61521,0.5070474716578947
61522,0.4496226532829464
61523,0.3218684308011268
61524,0.5247720687787438
61525,0.31658627302041314
61526,0.5223995778231694
61527,0.533828124829294
61528,0.441650929109187
61529,0.43803368077369254
61530,0.3546390056503363
61531,0.16199303568629472
61532,0.41341171418863487
61533,0.3200020034402964
61534,0.36782949148201927
61535,0.27433862456272035
61536,0.21572101832520796
61537,0.17442750980591018
61538,0.2572183921373726
61539,0.6819870861823782
61540,0.5605562937956565
61541,0.17406446033714298
61542,0.2939988364077434
61543,0.8184609084672138
61544,0.8025386580169196
61545,0.4396908034676863
61546,0.7570483020547458
61547,0.27011082051548857
61548,0.13330572506460744
61549,0.42777916796919324
61550,0.4542152062690971
61551,0.6240118564069287
61552,0.5267862014804514
61553,0.542124331663009
61554,0.2365707984044248
61555,0.3069311855086313
61556,0.6736485390138381
61557,0.4500547353647718
61558,0.6067497542559446
61559,0.7848976375914525
61560,0.4542829714178426
61561,0.6471877687095993
61562,0.5520590035434383
61563,0.778246219255334
61564,0.33159061671779383
61565,0.5135262195450453
61566,0.7140263565037425
61567,0.5876073776223116
61568,0.6736383420863405
61569,0.34197467511055224
61570,0.3131111079194127
61571,0.2398434271225892
61572,0.5598948286941459
61573,0.7991451289054208
61574,0.4153710959603101
61575,0.21044389188503732
61576,0.5866335197398482
61577,0.43239991932202754
61578,0.6923070454454737
61579,0.44740310014619544
61580,0.5235564507955333
61581,0.13391658204224943
61582,0.5848969834985821
61583,0.4554712696451636
61584,0.7616547141786383
61585,0.6311665477284074
61586,0.7218030129178726
61587,0.7239583021222951
61588,0.6224172183177363
61589,0.469321157427843
61590,0.6549444614643462
61591,0.5318033444249435
61592,0.44175658051422095
61593,0.7427871127326157
61594,0.6242170393228503
61595,0.6403991041824473
61596,0.11148368382934092
61597,0.36497920743038736
61598,0.5787591193545923
61599,0.6812009197065231
61600,0.6142246216072138
61601,0.48027342852156735
61602,0.5872033574569668
61603,0.6280542724384952
61604,0.2198819554803192
61605,0.4174379073987447
61606,0.4028499688390416
61607,0.6938903348255009
61608,0.6254763835713265
61609,0.3580172350064392
61610,0.45321320002195203
61611,0.12041536560999656
61612,0.8344784988775044
61613,0.27530001665039827
61614,0.19139963838990565
61615,0.2681570485709671
61616,0.20104956156579729
61617,0.4389896166221265
61618,0.5690506490342709
61619,0.5483793127635165
61620,0.39445645893296677
61621,0.8061210730299097
61622,0.7099224589313305
61623,0.3183345900282744
61624,0.7533616040312979
61625,0.5369368149462688
61626,0.3854772003448392
61627,0.3023101112555522
61628,0.16143727811904598
61629,0.20498805671210943
61630,0.17403508785158045
61631,0.7934845227399335
61632,0.08272896076070468
61633,0.40396018524509075
61634,0.5669574174586045
61635,0.19480017247113246
61636,0.5169847252035886
61637,0.5918798410486575
61638,0.5873081606125901
61639,0.5826448248127374
61640,0.5439783501225366
61641,0.41853382788834387
61642,0.4129881808037791
61643,0.5306039005797697
61644,0.6764830076996315
61645,0.325728890008201
61646,0.7863646048243764
61647,0.28055643310991385
61648,0.7290312989205464
61649,0.8311668553426532
61650,0.5749353727280891
61651,0.23117805847280823
61652,0.19610343947505832
61653,0.3133296427941073
61654,0.22202483393360167
61655,0.45131260228959025
61656,0.7827652958664439
61657,0.5626402616431592
61658,0.40706840014097745
61659,0.7644877472418874
61660,0.800924633514782
61661,0.5540878844763831
61662,0.46885363153494597
61663,0.510347153088443
61664,0.24642447261372966
61665,0.1781150068544412
61666,0.3244154791795598
61667,0.44725064266161635
61668,0.3095556291752683
61669,0.6312469684772622
61670,0.74871924529577
61671,0.14617412237870578
61672,0.42998051447920155
61673,0.3492913822488482
61674,0.3557414095305597
61675,0.40974502848189687
61676,0.4740980959153265
61677,0.4002794819886196
61678,0.453688337711598
61679,0.3749181952180527
61680,0.4424469110190831
61681,0.686113416415563
61682,0.41675187967981825
61683,0.6215015616344541
61684,0.4762247781492806
61685,0.44904324981491434
61686,0.2678277165426809
61687,0.6039457057395465
61688,0.2148831451765546
61689,0.3793914834985669
61690,0.3772437125111046
61691,0.11236634829784338
61692,0.5008904454673269
61693,0.13457854482346993
61694,0.4554590628275747
61695,0.10745797448220942
61696,0.7908340716225486
61697,0.4434577993932459
61698,0.13873269272832228
61699,0.7462242263303241
61700,0.23729950650374457
61701,0.5407008451807037
61702,0.13122962088494147
61703,0.5256646709026418
61704,0.37056892333156755
61705,0.19881247964070578
61706,0.5723593259599635
61707,0.5106420120721906
61708,0.819357550027089
61709,0.5416436887659343
61710,0.32638877481558576
61711,0.5808820142794847
61712,0.4770453790387902
61713,0.8243890036981891
61714,0.43622241294661607
61715,0.3597595770007969
61716,0.5286697807856078
61717,0.6686471039381622
61718,0.4243342605583083
61719,0.37818249172380486
61720,0.5938903388188559
61721,0.5940292491751697
61722,0.5648662551906728
61723,0.2206898070681644
61724,0.2225624121173189
61725,0.593334610725566
61726,0.5940109826630979
61727,0.20802775746019903
61728,0.5436043794773746
61729,0.8606046718607281
61730,0.44066448537145053
61731,0.7145039714995852
61732,0.5498574851749859
61733,0.5334632806391708
61734,0.68618953104164
61735,0.5507317993434852
61736,0.33806135123475317
61737,0.6650049656700353
61738,0.449387352309036
61739,0.6616216711156295
61740,0.474317866314097
61741,0.4838913968682783
61742,0.7628296398721118
61743,0.5259492822725405
61744,0.80346259134085
61745,0.5955318985719661
61746,0.31879812655754514
61747,0.535473651618308
61748,0.5194578299862521
61749,0.5610164117025924
61750,0.18235537346197056
61751,0.4559888031026287
61752,0.3140352423868033
61753,0.379525266529668
61754,0.2728540748438344
61755,0.5314480699400191
61756,0.1805015515069856
61757,0.1329001460687528
61758,0.1753413244170956
61759,0.13975355627870314
61760,0.21740552660652365
61761,0.30414555549950345
61762,0.143085304109603
61763,0.7633190104641251
61764,0.35301230387182975
61765,0.35860836330675183
61766,0.1956528574806143
61767,0.6961797372965833
61768,0.2576532141692078
61769,0.47240533379593347
61770,0.629228696451568
61771,0.21124799169523065
61772,0.27998328929658395
61773,0.25381772430408867
61774,0.611567774784797
61775,0.6124030115193827
61776,0.5664210558924286
61777,0.5365434530309315
61778,0.6326642587288743
61779,0.6201788586528543
61780,0.6358846658541063
61781,0.8362470791402966
61782,0.4961896336208613
61783,0.38888409692799325
61784,0.7950711283832137
61785,0.5745507209878277
61786,0.34703188562861154
61787,0.7169644421542853
61788,0.5496403068855766
61789,0.7949301553510798
61790,0.639631848044424
61791,0.7105430869639107
61792,0.6564910350480432
61793,0.2436687656224747
61794,0.16171303783991553
61795,0.6244921078015426
61796,0.5443568322856238
61797,0.34592731048773057
61798,0.5273389307021563
61799,0.45475700480632636
61800,0.5234232398177765
61801,0.34034708396013175
61802,0.13727900744850324
61803,0.21594519764322695
61804,0.5800962072648569
61805,0.14336526163250857
61806,0.5002434353883296
61807,0.2599780836352113
61808,0.6218178022304515
61809,0.7469212373466941
61810,0.250981604721816
61811,0.7985622513836653
61812,0.46776408173631023
61813,0.5796574177347821
61814,0.4656558145998124
61815,0.5924123280754735
61816,0.41204721516942955
61817,0.1776681082969368
61818,0.2853040014275421
61819,0.7150097685919913
61820,0.757734660010499
61821,0.4112253206467354
61822,0.6027392338074943
61823,0.4705789839194334
61824,0.18896342943208777
61825,0.6004427394997014
61826,0.6917161083971817
61827,0.7849752853870898
61828,0.5856108375264817
61829,0.5532435767929995
61830,0.33776202820452494
61831,0.4853469384737979
61832,0.36817338763829555
61833,0.15006591682798748
61834,0.15025893734406678
61835,0.4896369393775466
61836,0.1463944285025669
61837,0.3772113636114039
61838,0.42998219550251626
61839,0.4804651787807162
61840,0.608883722354953
61841,0.21139545135182364
61842,0.2391255784621582
61843,0.5490267754053364
61844,0.23586693298876674
61845,0.4494160368865471
61846,0.2387855554364643
61847,0.3249553668813588
61848,0.4516663518738581
61849,0.5919334994544229
61850,0.4492634206820145
61851,0.47982207138955063
61852,0.15644904055197664
61853,0.4806411061980458
61854,0.39108110940581364
61855,0.5612075121303447
61856,0.6234259448243287
61857,0.5609248086658768
61858,0.3726838404438303
61859,0.3289740483518374
61860,0.3695407488150852
61861,0.7016541706846756
61862,0.7686470506689865
61863,0.15739814383134593
61864,0.6302833489802107
61865,0.17364607846265367
61866,0.6603776807341813
61867,0.37886270460776084
61868,0.4456128940959352
61869,0.8296417760214071
61870,0.5472207093877818
61871,0.43587429710817144
61872,0.5821952411411169
61873,0.5211099032861357
61874,0.8201205043081317
61875,0.39631524573611654
61876,0.40066530473111056
61877,0.782666871786373
61878,0.12743789662738841
61879,0.5451522456112367
61880,0.5893605995457204
61881,0.5095293052672936
61882,0.5173905074526898
61883,0.4587397715217879
61884,0.6916405963005015
61885,0.40010389972643245
61886,0.36873172781921887
61887,0.21826265552212404
61888,0.5882707681513172
61889,0.2985047946742664
61890,0.7561545743456727
61891,0.535120455459331
61892,0.7146944024869919
61893,0.42557141457690334
61894,0.42387234218915487
61895,0.211364056013728
61896,0.39675923212906467
61897,0.4156235293609727
61898,0.7156570758416125
61899,0.35230097338988253
61900,0.6526289834574105
61901,0.14744037653711664
61902,0.2631422807838519
61903,0.14530168722511597
61904,0.42992181135813906
61905,0.5162109129299871
61906,0.3006265606773558
61907,0.4804346976900477
61908,0.45187759272789263
61909,0.50367093999912
61910,0.3492819519621905
61911,0.4347623115407117
61912,0.6782807995445609
61913,0.349669131943161
61914,0.43737161755968695
61915,0.39552297174572953
61916,0.49463120353169177
61917,0.3014411539356722
61918,0.7644672433005931
61919,0.8077852243428421
61920,0.5647217639784599
61921,0.6225201227678583
61922,0.42101794714650775
61923,0.7977388272307041
61924,0.31054967575930054
61925,0.6811809103187294
61926,0.7010149624574377
61927,0.1364574101425618
61928,0.738981947049633
61929,0.4764803478981619
61930,0.332689340750355
61931,0.466445018874357
61932,0.1827374649132324
61933,0.3684604897688745
61934,0.4576508631018273
61935,0.5664969422859787
61936,0.1472147343509662
61937,0.623347820628055
61938,0.35044400247725227
61939,0.5315636694001628
61940,0.6638185392926192
61941,0.5650586608338926
61942,0.5997602360150945
61943,0.32768646357833714
61944,0.1706018442023484
61945,0.3666986882889746
61946,0.4140037448428874
61947,0.46040936213670486
61948,0.47723498961511795
61949,0.562775258379131
61950,0.7264482877711418
61951,0.4234702379739808
61952,0.562567695544706
61953,0.2107714648672308
61954,0.5608723393244819
61955,0.2605202207381106
61956,0.49321199009589173
61957,0.7016250230756076
61958,0.4208344530066188
61959,0.1754340810091724
61960,0.13489741863420351
61961,0.6551879444400573
61962,0.5439971262003688
61963,0.14853321498590527
61964,0.1693133816835153
61965,0.7595113532941206
61966,0.23183887048660767
61967,0.7833199292575956
61968,0.6606454031534724
61969,0.16708460719291318
61970,0.5759197975366664
61971,0.321972778300224
61972,0.7748614749450808
61973,0.2294830612075738
61974,0.5053579275374324
61975,0.6448078353597925
61976,0.5360453511725077
61977,0.4921553699493633
61978,0.5339612476840718
61979,0.5174490880200541
61980,0.5480993606177865
61981,0.17321766795868354
61982,0.49879586354991173
61983,0.35378299542473135
61984,0.5683395046913243
61985,0.12769976066113864
61986,0.11605584917203214
61987,0.47663008514696215
61988,0.1406234188780377
61989,0.409365216657115
61990,0.6440329262018716
61991,0.2603279496563113
61992,0.439639844128527
61993,0.3263408531409274
61994,0.762516675723691
61995,0.512604062146596
61996,0.7040483773175323
61997,0.4841914660500861
61998,0.12061317234837327
61999,0.42388454433099404
62000,0.2083713904687087
62001,0.4588359054163302
62002,0.5748434981418914
62003,0.5011790637426097
62004,0.49765100007013413
62005,0.40971611948540543
62006,0.5593141576737227
62007,0.3443147000992048
62008,0.16212895164048177
62009,0.5429999314000419
62010,0.3076471190843002
62011,0.16253901237743584
62012,0.5438993234466764
62013,0.7256995071965673
62014,0.2656905610344404
62015,0.5224340229186978
62016,0.47294308439717386
62017,0.25693048705020355
62018,0.5168302441355227
62019,0.14237743212161888
62020,0.2923166761751435
62021,0.31439845259816074
62022,0.15766013273550553
62023,0.26831601151547657
62024,0.40846370187218833
62025,0.4614154468380866
62026,0.19911930292402608
62027,0.5297558044565521
62028,0.34268136432265117
62029,0.45122286371843995
62030,0.44738105622927005
62031,0.5563210728859691
62032,0.43542878904926274
62033,0.3499981369746895
62034,0.5150425774320055
62035,0.5371434918063186
62036,0.4788988920764375
62037,0.36902450482991705
62038,0.4587158575613269
62039,0.2870917075411049
62040,0.23196695285852434
62041,0.36611342733673996
62042,0.497595767078033
62043,0.15042296751375867
62044,0.6568677574351283
62045,0.18953339092675453
62046,0.3982798379614914
62047,0.506609659683158
62048,0.5726414864106367
62049,0.514737987809615
62050,0.25922333301549844
62051,0.6263291800594724
62052,0.7454213536311962
62053,0.6708342014241252
62054,0.5737649016842397
62055,0.5273811838469763
62056,0.5633344004832075
62057,0.36858901648989933
62058,0.3117238519393893
62059,0.5099189540094702
62060,0.6990525435957675
62061,0.20703090041538996
62062,0.13545195928631967
62063,0.22240959124169457
62064,0.38687159142376043
62065,0.49786725500950496
62066,0.5305429170885756
62067,0.4757013341688491
62068,0.45994100284496037
62069,0.6188029960017168
62070,0.5929915169692562
62071,0.14926263653987118
62072,0.6888883441055629
62073,0.20609539778773242
62074,0.46383311794441323
62075,0.7137320198418368
62076,0.4385906823397703
62077,0.6421429790443687
62078,0.45767066964323583
62079,0.5392946239218086
62080,0.7866552837244115
62081,0.172919192983992
62082,0.7756031367765879
62083,0.8122234822888883
62084,0.49000749564119855
62085,0.48843886015359844
62086,0.12532607163995463
62087,0.6406453827252266
62088,0.2639507579425548
62089,0.41989523041051563
62090,0.44426608348406055
62091,0.5204671671582828
62092,0.5029286543019739
62093,0.7815091618972232
62094,0.5343621330977975
62095,0.41019448408929565
62096,0.4568314732938295
62097,0.12831136582315114
62098,0.22539240152366716
62099,0.4138382369666828
62100,0.08533539168041397
62101,0.27445571916178946
62102,0.6537785500143576
62103,0.12365719054335107
62104,0.4504351827231519
62105,0.42001175599270507
62106,0.2550072898102086
62107,0.20972805531819763
62108,0.5766231813885113
62109,0.5071597690719727
62110,0.7760257699797286
62111,0.3993801785098716
62112,0.7714630434616839
62113,0.23717094114534143
62114,0.26603922537498964
62115,0.45046243220604176
62116,0.43702771650919564
62117,0.2068303944854441
62118,0.1468946393414075
62119,0.40297301327425167
62120,0.359572272776243
62121,0.4708883879854782
62122,0.7146844561315641
62123,0.4249244386204064
62124,0.4571358304913605
62125,0.5710799952834141
62126,0.34770626804595695
62127,0.7344151194674666
62128,0.5216608604166839
62129,0.28622479750067925
62130,0.5101496762791663
62131,0.3747412017052194
62132,0.6656751951582349
62133,0.5949101688453928
62134,0.1869275678240541
62135,0.545279131860768
62136,0.17351243967220867
62137,0.6898610885518017
62138,0.3602729093772077
62139,0.6012418531766727
62140,0.47555938588828073
62141,0.587690693281656
62142,0.3851225931960134
62143,0.5970385553765823
62144,0.575259475744978
62145,0.49556662544116165
62146,0.40278277515803157
62147,0.8244552248477565
62148,0.6722469789776166
62149,0.5952687566945921
62150,0.42531832663984914
62151,0.44944567786710626
62152,0.5676186973420648
62153,0.42262190264860455
62154,0.4981353589477745
62155,0.18981507866393957
62156,0.44133323012332654
62157,0.25955847125222264
62158,0.4158498785587122
62159,0.4195122982365897
62160,0.1461934537836876
62161,0.406489883207107
62162,0.3064303638958107
62163,0.4176494973734785
62164,0.5849372776307773
62165,0.47596797935689844
62166,0.6025985004960837
62167,0.15137473380439873
62168,0.28542457405493143
62169,0.3659236982423317
62170,0.4995602648784207
62171,0.2785208483721626
62172,0.45589169416352215
62173,0.2476724316737198
62174,0.3120131268433394
62175,0.13151285844061358
62176,0.60818332143667
62177,0.3705597728490389
62178,0.10698247709980409
62179,0.348057487338182
62180,0.41082574267084904
62181,0.5786851190726378
62182,0.18978970148376334
62183,0.7564301471779921
62184,0.5100349396731921
62185,0.583918555740611
62186,0.5785307034732187
62187,0.5519899498913342
62188,0.7902816720610141
62189,0.3725583471731447
62190,0.42199793447915884
62191,0.1547743996240682
62192,0.1889900341751775
62193,0.5769025491263554
62194,0.4317379266181151
62195,0.3158677252177923
62196,0.2762044084546591
62197,0.337860367921052
62198,0.1612492467277257
62199,0.7583300059091883
62200,0.8662408973702739
62201,0.6683891658302381
62202,0.4058627262914927
62203,0.3908778716851581
62204,0.4196164353048094
62205,0.5479110122558005
62206,0.32621484620279234
62207,0.6556780344716735
62208,0.7749151199008764
62209,0.09896747309082551
62210,0.46889996065390177
62211,0.4694998835852467
62212,0.3121213618556885
62213,0.5726174238094315
62214,0.3646087035879054
62215,0.4226898996147511
62216,0.2876869935449616
62217,0.5694134821507357
62218,0.5973558311461438
62219,0.5144137081899686
62220,0.6319685747603094
62221,0.6794073557848962
62222,0.5366823577400536
62223,0.7878544945566549
62224,0.6697024948732944
62225,0.5410185195025347
62226,0.5472663873981888
62227,0.7112427306547948
62228,0.5282753639095421
62229,0.6549183592926486
62230,0.5331331949606024
62231,0.7009646207206103
62232,0.8041876245331135
62233,0.6175065958433388
62234,0.6284514738608571
62235,0.6047897765111709
62236,0.6077545454886826
62237,0.6765101507322048
62238,0.21096548107360472
62239,0.4521108385091232
62240,0.2593159511349394
62241,0.5788711995955083
62242,0.2380782944341296
62243,0.8066209271006565
62244,0.5566252071709348
62245,0.4314651782070487
62246,0.4937350903757977
62247,0.14773793507920696
62248,0.8330935156949273
62249,0.665876506771208
62250,0.2836803149746721
62251,0.592902834636978
62252,0.562024877302899
62253,0.5622055814196276
62254,0.20949288230923774
62255,0.4174100440840925
62256,0.5583064915134667
62257,0.3905779304165066
62258,0.6205608946330267
62259,0.5410211417789892
62260,0.1614398511959951
62261,0.5467717085069153
62262,0.4874425726171863
62263,0.549694212570467
62264,0.4886033609301368
62265,0.21433733178969236
62266,0.5015564467451206
62267,0.5299144441331993
62268,0.5272863803650071
62269,0.387633335211101
62270,0.5810142540080264
62271,0.17484332528381127
62272,0.7140960294063629
62273,0.3915113689231793
62274,0.18644969047906218
62275,0.543540180012668
62276,0.6976855353955627
62277,0.21633460143407018
62278,0.31512128997635186
62279,0.4581083935456809
62280,0.28198606680544963
62281,0.5833852456458714
62282,0.24779199029259752
62283,0.3300321084200595
62284,0.36882046856517736
62285,0.3828330617582919
62286,0.3912126034059512
62287,0.2757126572341765
62288,0.1525289267514373
62289,0.6914620615987498
62290,0.23871592216332
62291,0.1954111559734012
62292,0.41652032690388924
62293,0.72558694186455
62294,0.16049627329379612
62295,0.5394111883723126
62296,0.544092970988936
62297,0.7520310502454362
62298,0.8225134794373662
62299,0.3644908947739138
62300,0.2218911149129861
62301,0.6772448234759336
62302,0.5661760627873276
62303,0.6294997419188545
62304,0.6543872275771234
62305,0.40304998325143887
62306,0.528787926720355
62307,0.36914432092218913
62308,0.13296555204859986
62309,0.12723957560555438
62310,0.6905251215049198
62311,0.823255475774253
62312,0.4963552115025916
62313,0.5564479141034696
62314,0.23896965871013115
62315,0.6238647089095075
62316,0.3320075963148312
62317,0.6937784257034717
62318,0.7258648495726686
62319,0.1406974364589219
62320,0.5417127902345892
62321,0.4881299545276854
62322,0.7348790121297561
62323,0.6201067135519789
62324,0.6215907980883277
62325,0.14530636970666125
62326,0.24685651453688254
62327,0.33457659103032816
62328,0.32718486933685564
62329,0.6585036888467662
62330,0.27601291590804033
62331,0.5443073708200761
62332,0.43892698208597014
62333,0.6860913764004775
62334,0.14220824055196568
62335,0.3775906166477423
62336,0.3510476975394823
62337,0.5651401849113961
62338,0.31674716717140416
62339,0.6058577033333664
62340,0.527154016097922
62341,0.2797610108685468
62342,0.48832261853439324
62343,0.22799865480812714
62344,0.5045314747328209
62345,0.4979317339006185
62346,0.3630517348199229
62347,0.6989575301329246
62348,0.5425783281461022
62349,0.18647793414294456
62350,0.37703294185952374
62351,0.6895271231745052
62352,0.5546035362436025
62353,0.5838360053715014
62354,0.5788853345090702
62355,0.20789854844181443
62356,0.5689084893588888
62357,0.4180282519134168
62358,0.5140683162306452
62359,0.23497044259332764
62360,0.6334105688787053
62361,0.5370729501317243
62362,0.5159815595585148
62363,0.2180977601241503
62364,0.17949578589860807
62365,0.318070969989187
62366,0.3420916739226016
62367,0.47723857690448007
62368,0.2780566463630427
62369,0.4324982097840644
62370,0.6317823726148492
62371,0.23629292739908653
62372,0.2798651644879763
62373,0.619064343369262
62374,0.4582923896230534
62375,0.43660507361256035
62376,0.46508442877458755
62377,0.39803282920602917
62378,0.2103936324635719
62379,0.3335782336763721
62380,0.695133099399276
62381,0.5540390004515459
62382,0.3272583107763819
62383,0.3525505867429931
62384,0.607873222767741
62385,0.4960010472238059
62386,0.6268770088179979
62387,0.8278322960396073
62388,0.6211597115051499
62389,0.6170780009058011
62390,0.400657172387074
62391,0.3962033612527334
62392,0.6697138463342414
62393,0.6392448935860221
62394,0.531251514844356
62395,0.3845189204921136
62396,0.658149115972276
62397,0.48968284443281285
62398,0.338808124227802
62399,0.8821993821762179
62400,0.3920114368948231
62401,0.3755107961168928
62402,0.6995490097546959
62403,0.7368607903650385
62404,0.22698138236205848
62405,0.08729852727848665
62406,0.4703594572459263
62407,0.1265490365019669
62408,0.39010582341258215
62409,0.5185670013917295
62410,0.5328913497794959
62411,0.7852446560302063
62412,0.8535119215608303
62413,0.43522685362173885
62414,0.6578548531320045
62415,0.39551302510046493
62416,0.37746243109700106
62417,0.8312133661810157
62418,0.6331110200065565
62419,0.577611087842125
62420,0.4694821595364187
62421,0.43606909339861905
62422,0.4589737904545762
62423,0.5853614053047659
62424,0.29033199846692814
62425,0.5001928810058931
62426,0.34828280975127546
62427,0.6069913567400431
62428,0.4440797808895986
62429,0.5662171238888576
62430,0.18691103834064324
62431,0.34095007971020114
62432,0.22670261266533237
62433,0.47468282133151163
62434,0.24189298610334015
62435,0.18307493456530743
62436,0.3928365261132915
62437,0.5159837603417228
62438,0.4557378917329889
62439,0.5164027769059271
62440,0.42067730126184616
62441,0.6510967905328027
62442,0.5445267718781772
62443,0.37387617591034383
62444,0.5105299904111864
62445,0.28737659417324996
62446,0.42341625252997683
62447,0.7754046924128575
62448,0.24402950455506742
62449,0.12792189983041677
62450,0.29081712636730617
62451,0.14002207838821282
62452,0.433491953529308
62453,0.5842394752612158
62454,0.6973006180872332
62455,0.40871744402570315
62456,0.24043436346512212
62457,0.7022193509659225
62458,0.23808572023273286
62459,0.5694738908804963
62460,0.4816497245668569
62461,0.3968459385351601
62462,0.4656277067518117
62463,0.6067759276314919
62464,0.42829766303177985
62465,0.46131741863135506
62466,0.44641499283598884
62467,0.44677059320967333
62468,0.15317901064025238
62469,0.4908562577436141
62470,0.23743518395866894
62471,0.5427888140773874
62472,0.6358542401924016
62473,0.37345074681652113
62474,0.45002449523577565
62475,0.14176405093859243
62476,0.4470648086350827
62477,0.30601500104589346
62478,0.6117456066589585
62479,0.761417447212589
62480,0.13008310374951823
62481,0.19263299982691354
62482,0.8276952599701923
62483,0.735806748401954
62484,0.3028850448185207
62485,0.2062202893847001
62486,0.3593042339843128
62487,0.5522275854487816
62488,0.4624094867068254
62489,0.4174711465643173
62490,0.5906148749343526
62491,0.3381123367764042
62492,0.1809528647516503
62493,0.5604734523235486
62494,0.41683370969749595
62495,0.12024170810237657
62496,0.1446004209481466
62497,0.30049350881020553
62498,0.3487452540703212
62499,0.5615647284801987
62500,0.37134035647928026
62501,0.5540687737916673
62502,0.6643971304901902
62503,0.594645580932126
62504,0.2297724243049303
62505,0.4754989232742845
62506,0.1903279952543279
62507,0.514381733007674
62508,0.30315569404553994
62509,0.21954090829557021
62510,0.18839577388165715
62511,0.6019432146508994
62512,0.4521716413127496
62513,0.15546230677535636
62514,0.18455978837134454
62515,0.18918479053212284
62516,0.17405061269407965
62517,0.24104749535554018
62518,0.7475228989082393
62519,0.2803819122413759
62520,0.25307548069955726
62521,0.7667187166037299
62522,0.5129002704796543
62523,0.6938459559125395
62524,0.3596679454255868
62525,0.5222857917271497
62526,0.21138182222563964
62527,0.5246077367532335
62528,0.19564575500200046
62529,0.1416246573354514
62530,0.15909363592234496
62531,0.5979948225614939
62532,0.6171045979600203
62533,0.38942528079152455
62534,0.3820734171339865
62535,0.5243949376239267
62536,0.3577471384926185
62537,0.3471314754745771
62538,0.7924518463552046
62539,0.5870899991742486
62540,0.5563203154575526
62541,0.36086571870049156
62542,0.6410045552103447
62543,0.45942434310565633
62544,0.8543930589456332
62545,0.1750476065937225
62546,0.1548616920040151
62547,0.5645212446556871
62548,0.4268308095163622
62549,0.8192836481740337
62550,0.713435814263871
62551,0.5277315954980993
62552,0.6625553048763534
62553,0.5277658658675439
62554,0.47440051194446337
62555,0.5025242848701106
62556,0.6994102819880422
62557,0.22507769574557646
62558,0.6362399344778099
62559,0.1933794648307129
62560,0.606864880019985
62561,0.6263169742150434
62562,0.5034380619314983
62563,0.6062611834894243
62564,0.6759638110445766
62565,0.5925476880525221
62566,0.5183028947042937
62567,0.5617308031547353
62568,0.5995517673686132
62569,0.6073408733056425
62570,0.5074883184707907
62571,0.5131678399687156
62572,0.6465652640730363
62573,0.5993677180400279
62574,0.616910218760408
62575,0.22821559264460983
62576,0.6084375037985745
62577,0.4305416484624398
62578,0.6993928642510167
62579,0.33486869455604346
62580,0.3593019397025462
62581,0.6146769204971404
62582,0.6299002686615882
62583,0.521325102692858
62584,0.6157249024790908
62585,0.5436312709391643
62586,0.4629379987306264
62587,0.3129057958256874
62588,0.23930945631868122
62589,0.5028723782050981
62590,0.5920846666383573
62591,0.5680192810746331
62592,0.3963305250292472
62593,0.6343874049787834
62594,0.31258880365452457
62595,0.1949279670967186
62596,0.5494486734640329
62597,0.2581757516406093
62598,0.253135111432314
62599,0.8113398838821894
62600,0.4534475010834256
62601,0.17142773352036977
62602,0.29627953884587344
62603,0.29973969254613847
62604,0.24389753180211177
62605,0.6131394441125488
62606,0.19105216155014207
62607,0.28438792368064875
62608,0.8297683389706115
62609,0.3833401707218945
62610,0.47033603075122854
62611,0.43451031780948524
62612,0.493584944655426
62613,0.4728527419841913
62614,0.16946735693308237
62615,0.25965470184124434
62616,0.45399808333527997
62617,0.14492503748862948
62618,0.40627254174949773
62619,0.2265265444210988
62620,0.5401621429145363
62621,0.5371622177374225
62622,0.49447354888095774
62623,0.5036998970163757
62624,0.23886167815509765
62625,0.2538219032780707
62626,0.4949117621705689
62627,0.6502376473230744
62628,0.43698931862333323
62629,0.4828899864633292
62630,0.1518885413447347
62631,0.420756083648424
62632,0.4724554075596051
62633,0.6845264886311828
62634,0.7404504295592448
62635,0.17036780952347538
62636,0.7959430600087759
62637,0.6767584716398763
62638,0.5919068767780222
62639,0.21869219374251367
62640,0.7149031748981676
62641,0.5150977588281719
62642,0.6634712256513957
62643,0.23280630487691945
62644,0.5043080676423374
62645,0.26094619638070693
62646,0.12955831015273883
62647,0.4471265631010133
62648,0.16129024051210186
62649,0.37478312154233356
62650,0.3286752219377904
62651,0.542775876554069
62652,0.5660946794063191
62653,0.1956742358338466
62654,0.2605249350985909
62655,0.5942959395663097
62656,0.6503541463892332
62657,0.7829221660022018
62658,0.33682824402475975
62659,0.5030299345408308
62660,0.3262302622410722
62661,0.8717143139878555
62662,0.5289507179111668
62663,0.3128918856345057
62664,0.7503601816069763
62665,0.3861273056629027
62666,0.543888671796346
62667,0.6230780639480785
62668,0.26182243377339587
62669,0.6253574827156205
62670,0.25519188556188316
62671,0.36004562842511534
62672,0.46748255183247284
62673,0.4123432454271718
62674,0.7061335833958434
62675,0.5051103871499648
62676,0.559321245146054
62677,0.27247465408675936
62678,0.691969948616433
62679,0.577181153667559
62680,0.18792450814816983
62681,0.31647592368872385
62682,0.23261958839731736
62683,0.4027935881504752
62684,0.6771901251753645
62685,0.4052767836493959
62686,0.3114262484598142
62687,0.4924203626022737
62688,0.525271736476277
62689,0.60739990160429
62690,0.264591488847173
62691,0.44813494402208826
62692,0.5745880708394521
62693,0.3819689501946128
62694,0.7337295161020766
62695,0.38685895654052826
62696,0.6179361219814336
62697,0.5630914268035454
62698,0.5077812846964682
62699,0.7447552499629765
62700,0.14614655014124858
62701,0.5284904466726655
62702,0.4345416476537575
62703,0.65802452958188
62704,0.674302045892185
62705,0.48416109754009096
62706,0.23769216563549225
62707,0.7146643378015661
62708,0.8352147238485695
62709,0.5116115041437291
62710,0.6297724240878672
62711,0.37457126921510087
62712,0.6917043843940667
62713,0.3287729428327583
62714,0.6188889203943722
62715,0.43489958990203037
62716,0.15226632341377241
62717,0.5592554585049412
62718,0.619300702866064
62719,0.5194592585419046
62720,0.7599865914957574
62721,0.46756953742371077
62722,0.41304581444241784
62723,0.5784480533637683
62724,0.5391308989173924
62725,0.35115011877435376
62726,0.2851258896079542
62727,0.23586227349222805
62728,0.7284929378707152
62729,0.26348321496383664
62730,0.1974144168700077
62731,0.42189238433016424
62732,0.3681887029840545
62733,0.4364786244629196
62734,0.7883473740049028
62735,0.5139793286746279
62736,0.16928762300162742
62737,0.7406393272675903
62738,0.572973679350848
62739,0.5792010007531808
62740,0.46301323822779117
62741,0.4414421966712392
62742,0.7668810474168001
62743,0.24078382186677194
62744,0.7877536806524479
62745,0.588982068000357
62746,0.6094828160362453
62747,0.24285749599753484
62748,0.12866998398354304
62749,0.7343555276817418
62750,0.3277881632101961
62751,0.594780774353775
62752,0.2987752039895875
62753,0.5089936069312824
62754,0.5141360708787319
62755,0.6288333222349767
62756,0.3445918562900962
62757,0.16087221940358468
62758,0.4999632889863268
62759,0.4850744721607511
62760,0.657523168319074
62761,0.8365503525980289
62762,0.6305129134128458
62763,0.7935394306721708
62764,0.48407672688057196
62765,0.22999834878594466
62766,0.4359827021298342
62767,0.38481129596116476
62768,0.5871715072426368
62769,0.3748276941852832
62770,0.4222952016628999
62771,0.416710874595377
62772,0.2674189838699494
62773,0.4475669178940729
62774,0.33847317429137735
62775,0.6741010155515171
62776,0.7122210648712626
62777,0.6201296451001931
62778,0.18065511335140358
62779,0.47778838286484876
62780,0.16859556455582062
62781,0.6261613667724972
62782,0.5431924978895105
62783,0.23488429402046257
62784,0.7130357422467678
62785,0.5436409136951259
62786,0.5923862554646946
62787,0.5015889266682408
62788,0.38870416516331135
62789,0.39601394524861666
62790,0.39607075772331374
62791,0.5554024421078007
62792,0.44502981898676786
62793,0.42554344109057607
62794,0.7119497392760521
62795,0.20051666339678806
62796,0.48812568138577783
62797,0.2099000455148204
62798,0.5840289519826989
62799,0.2320411829248455
62800,0.5794033162144662
62801,0.5125388738998347
62802,0.6299207016535443
62803,0.37347769500791184
62804,0.3464601459635062
62805,0.13721466020538536
62806,0.29932883600682375
62807,0.36502758049251127
62808,0.6977959972761275
62809,0.5391597419265511
62810,0.5191580208366892
62811,0.4517388070785683
62812,0.6350488793495924
62813,0.5457234753102526
62814,0.3783460546852288
62815,0.4372260370250498
62816,0.3034406865817479
62817,0.6369537388529317
62818,0.3969192341735625
62819,0.4677770515293124
62820,0.5877075689873579
62821,0.11911718501184612
62822,0.7305340796506259
62823,0.4211949236878783
62824,0.28360732001631417
62825,0.7871758671968254
62826,0.4697358295585332
62827,0.484119021721254
62828,0.46246414699453364
62829,0.2814085709385538
62830,0.5709511823912613
62831,0.49140873011281627
62832,0.7697584662513837
62833,0.28237052970365484
62834,0.6236653286111121
62835,0.6991874998662198
62836,0.6136252093431784
62837,0.4826248220282406
62838,0.13009263358049136
62839,0.495454763132877
62840,0.19949800513038007
62841,0.13593292850597266
62842,0.36396518609628137
62843,0.51952137636379
62844,0.35451738153658785
62845,0.6012592250586604
62846,0.29403508815644747
62847,0.5381456001827815
62848,0.44614020835772616
62849,0.24824089349570327
62850,0.2501874552187542
62851,0.6441811410449122
62852,0.3978623769071643
62853,0.462453982139231
62854,0.5076627124682972
62855,0.5484553198572083
62856,0.46346090644536336
62857,0.5297841985192923
62858,0.7443643299394034
62859,0.60179301313119
62860,0.5081077226591881
62861,0.4392440814002844
62862,0.5381400620960558
62863,0.45456482720318975
62864,0.613323150066699
62865,0.6675898036821707
62866,0.6290197774170185
62867,0.15777623466366902
62868,0.24415337778493929
62869,0.3856624820606672
62870,0.6370046923688124
62871,0.3523220751333429
62872,0.2700884604393261
62873,0.5924105759369656
62874,0.16133508881034775
62875,0.538197408556367
62876,0.4706184847561361
62877,0.1277534697266932
62878,0.11984210188746365
62879,0.5363945937494935
62880,0.6426243332632002
62881,0.4170653941954738
62882,0.5406215668737638
62883,0.5001506879199361
62884,0.42565144581390957
62885,0.34508715090105596
62886,0.6136158600509479
62887,0.499420376293649
62888,0.18173444685221163
62889,0.2583788080405234
62890,0.13263218964647583
62891,0.1751004354779005
62892,0.25291182440001514
62893,0.4964543352976973
62894,0.5788526961814594
62895,0.19966088918808486
62896,0.2898076904435667
62897,0.4475915303836042
62898,0.6689375362594685
62899,0.6059083451884625
62900,0.6703873172241112
62901,0.7563917976037702
62902,0.4320599871730815
62903,0.8018814464550864
62904,0.377207240957252
62905,0.4240270891325983
62906,0.3287638854142004
62907,0.6456140569802128
62908,0.6651968889617802
62909,0.19161648782257062
62910,0.15700107312581285
62911,0.198450588278409
62912,0.6937681197997102
62913,0.596304778610186
62914,0.5645583037612437
62915,0.4551106670126076
62916,0.6213801142288854
62917,0.18722244208176983
62918,0.23882029484775089
62919,0.4946916531624997
62920,0.15241293901875116
62921,0.3783624885021418
62922,0.385259476175091
62923,0.4579069612832111
62924,0.6260810961572937
62925,0.5033872003737695
62926,0.5341314309207655
62927,0.3848639532132947
62928,0.6218183424274707
62929,0.37413580940237273
62930,0.24967173600023337
62931,0.22078521708816976
62932,0.47542965593023273
62933,0.38678799156633653
62934,0.5780584342169369
62935,0.5451975966574875
62936,0.7283323565037898
62937,0.48930610640246214
62938,0.6285275327364962
62939,0.34866185647366166
62940,0.6285347790845714
62941,0.5244369575330331
62942,0.7382535834433791
62943,0.30911732713197304
62944,0.45348712410243497
62945,0.6712826269698512
62946,0.22800622636746384
62947,0.6619888119514984
62948,0.43307697630901976
62949,0.30558007103922685
62950,0.43493360848537105
62951,0.6995570858408897
62952,0.48640400895361613
62953,0.25851858163816127
62954,0.2344958327845617
62955,0.4506339348249326
62956,0.6455220471690796
62957,0.6319659095332478
62958,0.21156291579291747
62959,0.2055858955086073
62960,0.20762420589621317
62961,0.5759986852336711
62962,0.4838434166695646
62963,0.7129502916104636
62964,0.18440274644175864
62965,0.445411401102448
62966,0.5359439673323492
62967,0.7903068963558969
62968,0.4001987825329071
62969,0.4282601384551898
62970,0.512918372076574
62971,0.415228477750782
62972,0.6324238735997046
62973,0.4269096279814593
62974,0.16270654356253775
62975,0.535813074933532
62976,0.47009057635995233
62977,0.5666659574454551
62978,0.7491981459284089
62979,0.1091764982468757
62980,0.5493505627271337
62981,0.6676140679978532
62982,0.7828553190290164
62983,0.5231958315859362
62984,0.4603887691391998
62985,0.25090728809959695
62986,0.6567435499850888
62987,0.7799416795083317
62988,0.549797274081859
62989,0.4014807315315515
62990,0.5959321485073367
62991,0.3369795776340828
62992,0.4041091089755419
62993,0.1738082915740815
62994,0.26547340678606546
62995,0.4430235853894894
62996,0.14440694985961203
62997,0.5966581231136668
62998,0.341277654253558
62999,0.4783321150959101
63000,0.41994726848003433
63001,0.5296883336196102
63002,0.3971368990590928
63003,0.5600196366263619
63004,0.4858106935033838
63005,0.1812778486542285
63006,0.16588650430358637
63007,0.3096683334219559
63008,0.5331381370403724
63009,0.6742907788587652
63010,0.29898009141633186
63011,0.3381522783332153
63012,0.6678670923414183
63013,0.4126875346890691
63014,0.3223267817976886
63015,0.37926946335321704
63016,0.3648681794269952
63017,0.16447762862150653
63018,0.49938473450179494
63019,0.783672685851261
63020,0.42589480170947014
63021,0.5926306829646105
63022,0.43310496108683333
63023,0.5770724572865719
63024,0.5577504204491983
63025,0.30920895337972765
63026,0.14103111727254558
63027,0.6354235145817845
63028,0.18524976381160807
63029,0.6303400840704392
63030,0.5196777459517675
63031,0.19918522323516533
63032,0.5810090773430007
63033,0.6198982490593111
63034,0.722607977815829
63035,0.46487785482651567
63036,0.40311223432935583
63037,0.26369651094793556
63038,0.2067838318314701
63039,0.5881618673348898
63040,0.43278209461049794
63041,0.5825376068002015
63042,0.18771510037403272
63043,0.344699566903619
63044,0.48220414550173735
63045,0.533535781009184
63046,0.23825678587502302
63047,0.5721941521188207
63048,0.7990005585979076
63049,0.68307100438686
63050,0.5638473851563293
63051,0.27027098479921063
63052,0.4354655625792447
63053,0.40007906519806563
63054,0.16130047132217692
63055,0.31589959379469307
63056,0.7619193152397454
63057,0.5457281692419307
63058,0.5243947860094305
63059,0.5869487139338802
63060,0.26782598750829256
63061,0.6690672219781567
63062,0.5121770775321458
63063,0.23801958451494856
63064,0.659342278907254
63065,0.42905152169530514
63066,0.5965387369862709
63067,0.7887594925704757
63068,0.5404052113910304
63069,0.5564871432677023
63070,0.6661838403437883
63071,0.08195306415207625
63072,0.1763024514920425
63073,0.12795808793924415
63074,0.17085619179588288
63075,0.7382400754153265
63076,0.7417940265848442
63077,0.715565710683447
63078,0.2153975988007494
63079,0.4082056604068174
63080,0.4717443532218978
63081,0.6098341992889713
63082,0.7356204101568846
63083,0.334174566637814
63084,0.612216161596768
63085,0.8044998820617159
63086,0.4714914663988989
63087,0.218324277122113
63088,0.6147010444619982
63089,0.7445904537776162
63090,0.133443520677192
63091,0.503115127469014
63092,0.2009050527861542
63093,0.6543358271523786
63094,0.3645609685299054
63095,0.2609564174011482
63096,0.4515742856263885
63097,0.3877782277503858
63098,0.5337641869670163
63099,0.46244507361451137
63100,0.5907191718540878
63101,0.7669760427324446
63102,0.07374556356720517
63103,0.15965022099087187
63104,0.15231953232464546
63105,0.5299486513354241
63106,0.6362312513233892
63107,0.40167331240672
63108,0.17327830035140346
63109,0.5160762198170934
63110,0.5426102892569273
63111,0.4925847394976423
63112,0.45534246851151594
63113,0.4678960153207828
63114,0.6621596688249832
63115,0.6801934968197951
63116,0.6764887515664317
63117,0.2287047832740791
63118,0.5894058345976262
63119,0.7228376796685089
63120,0.3917977029531947
63121,0.19076026021074993
63122,0.5478182111335353
63123,0.37273397827741056
63124,0.38123584587586384
63125,0.25214525686668215
63126,0.4631686439476325
63127,0.1646828220552769
63128,0.5104343372740828
63129,0.24887317784377833
63130,0.6027117851753864
63131,0.31130421982858014
63132,0.24217506130758928
63133,0.4399720604834818
63134,0.44103611919609886
63135,0.4847615872202327
63136,0.5257963582063304
63137,0.6583803251108503
63138,0.5171914235586138
63139,0.48453788100187745
63140,0.49449860605359275
63141,0.2454149506998295
63142,0.27375526768322206
63143,0.24377353672538218
63144,0.38703672562757585
63145,0.6086810408200796
63146,0.19590092893277766
63147,0.4495142061589313
63148,0.648454426049468
63149,0.5055420949946212
63150,0.5587186668671096
63151,0.5562177143223226
63152,0.4452427097755511
63153,0.5332893743610884
63154,0.5285121008974165
63155,0.4542232490597964
63156,0.29078186255925154
63157,0.2803410798999134
63158,0.4352190286445693
63159,0.5538779759269727
63160,0.5654745519528933
63161,0.5354126116772177
63162,0.45219964496715087
63163,0.5149194373714714
63164,0.4137473056972165
63165,0.6348445776600253
63166,0.46634239084500595
63167,0.5614685746230186
63168,0.43612217489614197
63169,0.5675020293347697
63170,0.5957397895317507
63171,0.4858410669389729
63172,0.3866793341846043
63173,0.4212645364684717
63174,0.4282850695179283
63175,0.4132906582295658
63176,0.5386678099010331
63177,0.4119250151523469
63178,0.5422461253763754
63179,0.4264040559594383
63180,0.5467260114949831
63181,0.5424450300442124
63182,0.44883724647050344
63183,0.5458946904975819
63184,0.4260877501143833
63185,0.4330025061750009
63186,0.4993737105027275
63187,0.4579584995162944
63188,0.5053101591635047
63189,0.5261266283164512
63190,0.41347133418593696
63191,0.5170359530378922
63192,0.4479806218112163
63193,0.40003530796384135
63194,0.5510810383848377
63195,0.42174478457297115
63196,0.5205142170718662
63197,0.5278282374348036
63198,0.5715801638954284
63199,0.4590730044421478
63200,0.48096997225127114
63201,0.49837611552302064
63202,0.38172636674912114
63203,0.554400885179802
63204,0.5349212858763575
63205,0.5702761065286358
63206,0.5619737800007752
63207,0.5537768979489449
63208,0.5557157650834138
63209,0.541541178036184
63210,0.5153705343624793
63211,0.44288002501399776
63212,0.44723587578467583
63213,0.5470998823978662
63214,0.5692815290373877
63215,0.6092165377674218
63216,0.47378927339170773
63217,0.38203516828714634
63218,0.35852161517841985
63219,0.5337816864529068
63220,0.559694950046781
63221,0.550050644276949
63222,0.3934282053672009
63223,0.5574291836363885
63224,0.39739333170232977
63225,0.5641868919959105
63226,0.4479311456072772
63227,0.4769144514692836
63228,0.3897317801396492
63229,0.6364631843399542
63230,0.5830382929893846
63231,0.4897772098984777
63232,0.42549208139156963
63233,0.37149674589709314
63234,0.5548681663450789
63235,0.4928226638018661
63236,0.4045290942919736
63237,0.3873291141217247
63238,0.5390239990208656
63239,0.5799748906338021
63240,0.563176458545371
63241,0.542590956741935
63242,0.5667465395990313
63243,0.5313534959111429
63244,0.4421366116719026
63245,0.45783100914457125
63246,0.4340756984370313
63247,0.5223525692658006
63248,0.5569824155146788
63249,0.4983517949135467
63250,0.44487301075155455
63251,0.5774903119910537
63252,0.4187165147388875
63253,0.4666481155329244
63254,0.5381761906186249
63255,0.5636299129276244
63256,0.6032619430610245
63257,0.25670851782182663
63258,0.43812561124494603
63259,0.5047935697763777
63260,0.6074300423936755
63261,0.5328777072112286
63262,0.5317036876085699
63263,0.5493807529786265
63264,0.5590450613700622
63265,0.5515484244192176
63266,0.5827472541970619
63267,0.3495030188149207
63268,0.6015243993282549
63269,0.5652932411854072
63270,0.5275331810628082
63271,0.45290639387099907
63272,0.44305901369271883
63273,0.5484645255406115
63274,0.5706484539888568
63275,0.2266470497284938
63276,0.515737695075668
63277,0.5696191396145546
63278,0.4869349368842897
63279,0.4046731296659479
63280,0.47665397299307527
63281,0.43743360838468964
63282,0.43504839621452296
63283,0.2834191703405312
63284,0.41723215692610055
63285,0.4138054687921242
63286,0.404733689128502
63287,0.5603109778234073
63288,0.4055483383351749
63289,0.5288211673549016
63290,0.5531430201189519
63291,0.3967332094365995
63292,0.4906500599376971
63293,0.41318970472210215
63294,0.4032429069644326
63295,0.5793254245511406
63296,0.26276569609043965
63297,0.5330088961312098
63298,0.2429539874615541
63299,0.4387549285706026
63300,0.41248261228501026
63301,0.40034970375454587
63302,0.5992163657464246
63303,0.5858320668623398
63304,0.4137438552271929
63305,0.41934685919010123
63306,0.38086596736089573
63307,0.5540313549387058
63308,0.521842764917262
63309,0.5614092450661206
63310,0.426597420284449
63311,0.4413758180746809
63312,0.46844220427789546
63313,0.4249139010757968
63314,0.41966744575066117
63315,0.5206778882128578
63316,0.4238678317356247
63317,0.5464962473090784
63318,0.5612109686877303
63319,0.3986729399370042
63320,0.4767910046004228
63321,0.5358707083379497
63322,0.5701517012562953
63323,0.42123038689049397
63324,0.48169608423525007
63325,0.5025445006799736
63326,0.32545742674523387
63327,0.40583704985644126
63328,0.5549291696669257
63329,0.4133887234953287
63330,0.5456625023198284
63331,0.4279948869444257
63332,0.6054900390921881
63333,0.38016402407883043
63334,0.4269086051732086
63335,0.5168890690463306
63336,0.4591565325799215
63337,0.46967361229550575
63338,0.4426704939067771
63339,0.29675896348359526
63340,0.4890955236290744
63341,0.5323472006608144
63342,0.40004351179298625
63343,0.5546085896078203
63344,0.37131077184304556
63345,0.4336092459325711
63346,0.5741102248812753
63347,0.5418752624035797
63348,0.40763286141002975
63349,0.5390325226707138
63350,0.2131329712604626
63351,0.5351393439204647
63352,0.5075033706971176
63353,0.4057296560088749
63354,0.4137061322485485
63355,0.5114214799803017
63356,0.4758343345702558
63357,0.41245427385528577
63358,0.4297825951500859
63359,0.5616075088598526
63360,0.547672418136184
63361,0.18012749569853412
63362,0.598040191394415
63363,0.4503892679797326
63364,0.5631549879681479
63365,0.4265080949283125
63366,0.46159152341271203
63367,0.545786009978863
63368,0.28958717421103236
63369,0.48284320202327313
63370,0.45007012524163803
63371,0.436905350500185
63372,0.4018644006359482
63373,0.4213384635678091
63374,0.5861919004572644
63375,0.41006119859481904
63376,0.5444689440143096
63377,0.40012830364935603
63378,0.5512395669523494
63379,0.4021705359493839
63380,0.4604548615256085
63381,0.5568397200616682
63382,0.5141363789483556
63383,0.27693054307546755
63384,0.5314356991411883
63385,0.4419533908556809
63386,0.4553016373101219
63387,0.4125621524972685
63388,0.3881820928276336
63389,0.5497846539706738
63390,0.5964971015139736
63391,0.542236287821332
63392,0.544573077283022
63393,0.5130890612724959
63394,0.5549340185931656
63395,0.5747263854597691
63396,0.37486994910312327
63397,0.401519510410901
63398,0.6217846958250572
63399,0.5806891188583246
63400,0.5684149109577729
63401,0.5762720202320853
63402,0.42591791947539814
63403,0.4840714579756673
63404,0.4795194747256337
63405,0.4604959770975682
63406,0.4870397220144012
63407,0.39411372858127464
63408,0.5365248021117929
63409,0.4351740183006924
63410,0.5460801229735568
63411,0.42497551482909096
63412,0.5520794544645886
63413,0.38382987938686586
63414,0.5372957836967558
63415,0.4275631947721402
63416,0.532879916562561
63417,0.6038648784238939
63418,0.34822697368498057
63419,0.5348110449656812
63420,0.4600012462923584
63421,0.42276773065625917
63422,0.539963609804059
63423,0.4055109680998052
63424,0.43980931718101296
63425,0.5817715105904985
63426,0.42405027355465913
63427,0.560539500050851
63428,0.5558071119741262
63429,0.4244070161454223
63430,0.5220172464150864
63431,0.5275781207152875
63432,0.46209484786746174
63433,0.40670514998821783
63434,0.42477475768257744
63435,0.523809534285227
63436,0.569010099889381
63437,0.43838685729081583
63438,0.5646250552596387
63439,0.5167402605799504
63440,0.45402119558759296
63441,0.5677647801605824
63442,0.43133644138430116
63443,0.5230463662750662
63444,0.5413899690030288
63445,0.5413023211016456
63446,0.5177199978467791
63447,0.5191030534431196
63448,0.4379635092148146
63449,0.5366179590742259
63450,0.5920077232464462
63451,0.5313512044608052
63452,0.5218691365421627
63453,0.4411109521365644
63454,0.5439103363002423
63455,0.528213042290712
63456,0.38992758186197946
63457,0.5376870690960902
63458,0.4304797790639619
63459,0.5288479152982238
63460,0.5428093907166511
63461,0.5653177602772981
63462,0.5557100735821747
63463,0.40313045465573555
63464,0.4510428987384888
63465,0.5249849884120473
63466,0.4807284999762922
63467,0.5840589703905024
63468,0.5019495782382358
63469,0.5917658563936599
63470,0.43421685112498487
63471,0.5464947537731557
63472,0.5484948874002443
63473,0.5432821955345704
63474,0.26780840287516267
63475,0.4191676195731836
63476,0.41664495884310315
63477,0.40790813919765756
63478,0.5491662964510117
63479,0.5536903297935074
63480,0.28119246038263507
63481,0.48279065157069406
63482,0.552272770916082
63483,0.40886044599560406
63484,0.5169620841951836
63485,0.409185924460762
63486,0.523012007302843
63487,0.4912041891441807
63488,0.5381438970464264
63489,0.45110179048645654
63490,0.5971855114616768
63491,0.48175528533194484
63492,0.4249003761864472
63493,0.4028944790600935
63494,0.5540407373536291
63495,0.5508631219660483
63496,0.5363024268280486
63497,0.5130163483856481
63498,0.26368675039128964
63499,0.5252439563607717
63500,0.5627882236993754
63501,0.5708598237755445
63502,0.5326084515574553
63503,0.42018341464472536
63504,0.5742360045717115
63505,0.5509187575626916
63506,0.5378777117725785
63507,0.4292694874228981
63508,0.4586446630570211
63509,0.5495196555362897
63510,0.4830043322499212
63511,0.5702622464405169
63512,0.4055610927575446
63513,0.47794590242314716
63514,0.5369758775392829
63515,0.4859032142993278
63516,0.5378732405039712
63517,0.5851568105674277
63518,0.4907909872395902
63519,0.44072380380556114
63520,0.44902377958258544
63521,0.41404227402657157
63522,0.45671415542218696
63523,0.4503806600379655
63524,0.5831340956697826
63525,0.5541161224907805
63526,0.4764481186376942
63527,0.4473648290705273
63528,0.4531975021425906
63529,0.5080959012165251
63530,0.5553601697189278
63531,0.5798923235838657
63532,0.4807120764454553
63533,0.5392221495197984
63534,0.592599333956171
63535,0.5813527077055362
63536,0.5291447893824068
63537,0.45109885996834775
63538,0.5314964527023864
63539,0.465943798846393
63540,0.439271381733904
63541,0.6019584443060542
63542,0.4140819563273402
63543,0.3821868565019298
63544,0.4421835265862023
63545,0.4431927725754734
63546,0.5743595253527483
63547,0.5768422237405154
63548,0.4590929976111331
63549,0.5347072209512196
63550,0.536727410752989
63551,0.5716240205333052
63552,0.44962362016159246
63553,0.46392051881043656
63554,0.41244100249841215
63555,0.5987021066195127
63556,0.4981783378651678
63557,0.5262461821222456
63558,0.46283507589578726
63559,0.5518034211946896
63560,0.424179247013856
63561,0.39080110264361206
63562,0.5066412201276633
63563,0.41212559093927215
63564,0.24273425994606684
63565,0.5245999504226809
63566,0.5474131451099781
63567,0.4338432933795248
63568,0.41689686588765257
63569,0.5149769174720106
63570,0.5154756018747171
63571,0.44827786590132856
63572,0.5892314054268019
63573,0.5947560443910728
63574,0.5001232987447227
63575,0.5366124824078972
63576,0.39440557496098544
63577,0.5552441642587461
63578,0.5652002933035783
63579,0.4476144856455843
63580,0.43848287453079554
63581,0.5299157303224288
63582,0.5424047306057851
63583,0.5869753967831687
63584,0.4025829559176534
63585,0.24592523117103698
63586,0.3873263146098063
63587,0.5828179919152787
63588,0.545683740012104
63589,0.28563903231569154
63590,0.4344970877057652
63591,0.5466236267721699
63592,0.5558233703542145
63593,0.5721761500474266
63594,0.45234394636668107
63595,0.5458008908616417
63596,0.5482904516394538
63597,0.41813439825470605
63598,0.48903973538568785
63599,0.4159806462159464
63600,0.5330995766663447
63601,0.401148198515664
63602,0.4092984554773209
63603,0.470328446722947
63604,0.5474204549468786
63605,0.4668846602396511
63606,0.58014910844886
63607,0.3980112274556663
63608,0.3938700857614332
63609,0.42550444608604343
63610,0.49589125907955034
63611,0.4446212722747705
63612,0.2756837427518466
63613,0.5687420393684061
63614,0.44949328018295837
63615,0.4981462389670671
63616,0.5143142408305673
63617,0.5319970985276641
63618,0.2667060525852616
63619,0.45971422088416464
63620,0.5460669330629209
63621,0.5818322114737537
63622,0.5413574384239025
63623,0.5646429725151948
63624,0.44524045180398325
63625,0.5533442584743171
63626,0.532633895813036
63627,0.489375871872604
63628,0.426381250211199
63629,0.49450561493047307
63630,0.26916177803575375
63631,0.39113025346235714
63632,0.44345215805672844
63633,0.3931321745876591
63634,0.45080949533590614
63635,0.5624215619590169
63636,0.33116814167832803
63637,0.5646531560516229
63638,0.29475932099549457
63639,0.520823739195468
63640,0.5484421700884448
63641,0.5916813401045573
63642,0.25063598747105775
63643,0.35927521443471916
63644,0.40395473801359205
63645,0.46150721785500526
63646,0.3696161045639561
63647,0.6176895125653676
63648,0.5474238061303233
63649,0.5441455688070694
63650,0.524752525844084
63651,0.3895973601215874
63652,0.5155549043756635
63653,0.5626360968785892
63654,0.37554711874054564
63655,0.42998897605677094
63656,0.5585275751631723
63657,0.5261901308830527
63658,0.5504959481099692
63659,0.4604538520112055
63660,0.5618660881464822
63661,0.4162794207678732
63662,0.4501486495453562
63663,0.5425495139102989
63664,0.26315229862877393
63665,0.48311923446951255
63666,0.4777115952955734
63667,0.4366692048027739
63668,0.5313382244565696
63669,0.5683242993470863
63670,0.39228315945921977
63671,0.5901081682933638
63672,0.3706937900944571
63673,0.46280548488485296
63674,0.495897044104467
63675,0.2634442726150082
63676,0.5466389804965853
63677,0.5123214387779914
63678,0.48306694035500125
63679,0.4741201451286894
63680,0.29344567996620496
63681,0.5687001703044899
63682,0.5292495814721295
63683,0.5574962672820744
63684,0.21273693378990127
63685,0.5251910368678309
63686,0.5473027143832688
63687,0.5381345564477421
63688,0.5574949495429048
63689,0.5076390926748208
63690,0.45761371726605904
63691,0.4023165296865045
63692,0.5491283753463951
63693,0.5714834962353071
63694,0.29291278542678517
63695,0.4839427994898184
63696,0.5599506110217347
63697,0.4892673372909783
63698,0.5338375139572978
63699,0.544780994152852
63700,0.49964648966449504
63701,0.5529178285964766
63702,0.5883171291786716
63703,0.5796117431018842
63704,0.5570303100714076
63705,0.28619694548077684
63706,0.40341659112557443
63707,0.39766098569002145
63708,0.4207549437627203
63709,0.5875846269458866
63710,0.5645681866473623
63711,0.49101150580656633
63712,0.5695246905013222
63713,0.4646116894835905
63714,0.40223897577967405
63715,0.4444477578926521
63716,0.5660948629089279
63717,0.5253381192158092
63718,0.2305187543750491
63719,0.21930386057379056
63720,0.38848401121531145
63721,0.4451217691725143
63722,0.5159139475165057
63723,0.6094212825310483
63724,0.42222211421183514
63725,0.5690558416257768
63726,0.4788191898623536
63727,0.39550868733842287
63728,0.5438776410225235
63729,0.5049759431114581
63730,0.4339848539859916
63731,0.583558105113114
63732,0.5616965859021108
63733,0.5225682837786995
63734,0.5599459127798203
63735,0.5501275800464508
63736,0.4689744005388285
63737,0.3878451557912766
63738,0.43016413581503765
63739,0.5824489762266857
63740,0.5362789203830769
63741,0.44826775380435757
63742,0.36854555360584174
63743,0.5661146118182806
63744,0.4911315384892253
63745,0.46763031565143864
63746,0.5268803633129969
63747,0.3327384490734396
63748,0.5406341869294887
63749,0.4557130723037583
63750,0.5211907284073296
63751,0.42523757911357174
63752,0.5637670648243205
63753,0.49449356295720476
63754,0.5154974675912288
63755,0.5182536176736745
63756,0.5574787335971274
63757,0.4257906696478835
63758,0.4379139675777759
63759,0.5211456845753808
63760,0.43212929627485025
63761,0.483282278517414
63762,0.5573151419353006
63763,0.4848464415224831
63764,0.23499772147938278
63765,0.555287991523376
63766,0.5233983333658467
63767,0.2671524648874352
63768,0.5261755540444025
63769,0.45198692304262905
63770,0.513341503602139
63771,0.5188797462919112
63772,0.5742764300967752
63773,0.4239372348670957
63774,0.5806597320210436
63775,0.27010883227275806
63776,0.5443866343223767
63777,0.42152699992413467
63778,0.580526440273195
63779,0.5554492635508993
63780,0.570792663831369
63781,0.44469373885999036
63782,0.5967466309388061
63783,0.5330738277584002
63784,0.5018117861667811
63785,0.5537103026677715
63786,0.3944893412551049
63787,0.5636223069575746
63788,0.545782662074129
63789,0.5640373576516433
63790,0.4913500439659029
63791,0.41599072207171933
63792,0.5781328609478681
63793,0.4169033653993437
63794,0.5580924009202493
63795,0.49743467103136474
63796,0.539756579452221
63797,0.5864045788140402
63798,0.5944411590899807
63799,0.5595815124082252
63800,0.4642855862669029
63801,0.5594081379396622
63802,0.5429188873796955
63803,0.43359575257939154
63804,0.5616156648749755
63805,0.553726377367128
63806,0.560226595564342
63807,0.5439783602130872
63808,0.42120542208995926
63809,0.5947774278054293
63810,0.594607960643234
63811,0.4077145529482518
63812,0.22217457942035077
63813,0.28700267837813825
63814,0.20094771014840382
63815,0.4543722281123677
63816,0.49073163034294554
63817,0.5189737581408976
63818,0.39339835192173384
63819,0.5579475223578936
63820,0.44767139395747596
63821,0.5540960981266324
63822,0.4106356971145981
63823,0.528513099426161
63824,0.41689488213671927
63825,0.511128108880253
63826,0.5474470180748527
63827,0.3760590532505038
63828,0.38671604492878875
63829,0.42197365160656897
63830,0.38500053677125645
63831,0.5560623949050273
63832,0.5670633466648513
63833,0.41228662246327485
63834,0.5239790179673464
63835,0.5337020037799377
63836,0.4202584380629707
63837,0.576284421724145
63838,0.45561489393293997
63839,0.4015349943123809
63840,0.5382271603836036
63841,0.578332715528596
63842,0.49548281619483087
63843,0.5687894784319998
63844,0.5526418898504255
63845,0.50140709254312
63846,0.524275894716458
63847,0.5326998073156781
63848,0.2852515282919341
63849,0.41136089355533784
63850,0.5559353920885415
63851,0.5228828939591692
63852,0.4684393512859208
63853,0.5562505431369693
63854,0.46225719226262857
63855,0.5600701915724193
63856,0.5184430400201537
63857,0.5735942002457931
63858,0.4331309723171277
63859,0.45900259953409867
63860,0.5433495946088719
63861,0.5705286364268165
63862,0.4149628795368863
63863,0.40586332246252005
63864,0.49072691363342313
63865,0.5169826254348894
63866,0.37274459795078024
63867,0.5484777822298266
63868,0.4063224108477399
63869,0.5669617753564185
63870,0.45708169358485784
63871,0.4119536155137144
63872,0.4088958335052536
63873,0.5627052130499147
63874,0.5650567482163006
63875,0.5521279759421934
63876,0.39911605485121593
63877,0.5201906498074009
63878,0.5151914593934565
63879,0.562589210459676
63880,0.5456446799242968
63881,0.5772728137346156
63882,0.3688100305110707
63883,0.5414486430719669
63884,0.44365184497128896
63885,0.4521788913766635
63886,0.5711135084866291
63887,0.5409605829053563
63888,0.5177656485025381
63889,0.5591244437925068
63890,0.3721411316979023
63891,0.4451612265512007
63892,0.4917406716620105
63893,0.24295055649303698
63894,0.3964255789142529
63895,0.5648048546817145
63896,0.25213223107165256
63897,0.5081995298553176
63898,0.5256691373957509
63899,0.4883982895553979
63900,0.5030951447498756
63901,0.48924669040812907
63902,0.4715320881865833
63903,0.5538928179847641
63904,0.5155628112975464
63905,0.30260631003090566
63906,0.5385925292267366
63907,0.5188166794468733
63908,0.4997924672401484
63909,0.4440920693156318
63910,0.37986368278737537
63911,0.5648995640510369
63912,0.5697029288686144
63913,0.4958309362266042
63914,0.6337354658573615
63915,0.5111763167393288
63916,0.4259066053942493
63917,0.42490713584748874
63918,0.5646215785774917
63919,0.5707705834943716
63920,0.45619907141256544
63921,0.5707950768289155
63922,0.5299674839173018
63923,0.44738264095859376
63924,0.5870442044263214
63925,0.5760942753716204
63926,0.6013787465756132
63927,0.6006848510162176
63928,0.47922127058385144
63929,0.5767246305349295
63930,0.5852142977101795
63931,0.4399852247012725
63932,0.49928658054848907
63933,0.5173899405910026
63934,0.5446750531216009
63935,0.543589380395727
63936,0.545933117318911
63937,0.5386842525654859
63938,0.5714067012108626
63939,0.3893160775219005
63940,0.5408971160864594
63941,0.5601718489146994
63942,0.4898620210775668
63943,0.5289439496375822
63944,0.540543596908428
63945,0.5380034965207731
63946,0.5512280524703178
63947,0.49238008314440807
63948,0.5519955598271653
63949,0.48315834230220167
63950,0.5331701935341888
63951,0.42242632584356576
63952,0.43995262239657196
63953,0.4116022062204726
63954,0.5565344764076662
63955,0.5680138602640992
63956,0.38163474368159483
63957,0.5374546152181111
63958,0.537515535101634
63959,0.3740096421031378
63960,0.44689527040753796
63961,0.5628468778082076
63962,0.5722129672247324
63963,0.41006289681118824
63964,0.43085845954841057
63965,0.5119449825228986
63966,0.466790041518934
63967,0.25152176898626777
63968,0.5237242774573297
63969,0.5776664725925271
63970,0.5412962863119238
63971,0.5181430714502772
63972,0.6108509655832884
63973,0.5619693163326294
63974,0.38672108722893156
63975,0.5591467427554997
63976,0.44843002309769153
63977,0.4196093508741823
63978,0.5653220453060914
63979,0.5838921787268424
63980,0.28258136602493505
63981,0.44991795639041016
63982,0.4232713302715695
63983,0.38829324834610784
63984,0.5864466169027973
63985,0.4124936430324518
63986,0.49224854880382896
63987,0.5577820296690432
63988,0.4106884341659601
63989,0.44590512674093785
63990,0.393078627914834
63991,0.4637285408069883
63992,0.5569225557041002
63993,0.4497678346115999
63994,0.5156562501300338
63995,0.5782199619213259
63996,0.4644223778886858
63997,0.4154961952175577
63998,0.5023110217815815
63999,0.46880119264843306
64000,0.5480464207433595
64001,0.5725520393416168
64002,0.505694226338538
64003,0.7876794874337826
64004,0.442493428236656
64005,0.5246678193026519
64006,0.2971707414218763
64007,0.4209752987982792
64008,0.45996376952669177
64009,0.5736414860033925
64010,0.5467937938725483
64011,0.40876122115537833
64012,0.5184923655676392
64013,0.4156998511155291
64014,0.43625518784209183
64015,0.42627120593021023
64016,0.45538936575603284
64017,0.5777830175824521
64018,0.5548799979252625
64019,0.45080948730915127
64020,0.47347622852614213
64021,0.5383833737532074
64022,0.5440016153413402
64023,0.4329875435882053
64024,0.4096854400940581
64025,0.252206494424157
64026,0.4390152185592345
64027,0.38380706120642794
64028,0.5520936013573394
64029,0.4541079788916401
64030,0.5550317908750283
64031,0.5226850690262533
64032,0.5386361917708455
64033,0.5605116300613169
64034,0.4299662985320948
64035,0.4145316027123442
64036,0.5789311869607887
64037,0.37906465987598637
64038,0.5166041702284577
64039,0.5439742357352845
64040,0.5529552675274987
64041,0.4296476969368415
64042,0.21320537445736248
64043,0.45687873953189795
64044,0.39454874336939233
64045,0.542613290551444
64046,0.5155471440106528
64047,0.6083756654512102
64048,0.5819952800838313
64049,0.4511173733584524
64050,0.5287476871332144
64051,0.4473336644440696
64052,0.5872581311396526
64053,0.4167853778465378
64054,0.655791253431482
64055,0.6078922112221753
64056,0.41896221853580157
64057,0.521526492623265
64058,0.5673358354886995
64059,0.5667243715505113
64060,0.5389852602267206
64061,0.4253490822044141
64062,0.5793640433628954
64063,0.48409213183881955
64064,0.5330545363328
64065,0.42149974421453407
64066,0.5438773906957217
64067,0.576950372527774
64068,0.5555511179936288
64069,0.590863474380762
64070,0.44658665725338764
64071,0.4859192593840816
64072,0.4413319570538549
64073,0.43569634531666707
64074,0.5590737310145719
64075,0.5545373983070274
64076,0.40613614630183753
64077,0.4920097683027887
64078,0.5346711948282352
64079,0.44596491528817755
64080,0.42227420650589087
64081,0.16826453257844143
64082,0.5565071905065565
64083,0.5003721814516469
64084,0.4223319613831594
64085,0.5809535583816021
64086,0.5450884297580446
64087,0.4323172612370732
64088,0.2746033271671017
64089,0.5495889170875737
64090,0.5868621069037004
64091,0.6106692786787811
64092,0.44879780273334163
64093,0.4672973427531297
64094,0.5659233451184169
64095,0.5235265439015675
64096,0.3628355674036734
64097,0.3941942704055736
64098,0.44050550020590673
64099,0.43260697810596493
64100,0.4582422170876843
64101,0.5828334170579995
64102,0.5765045883427398
64103,0.44831110002776503
64104,0.41803520106202074
64105,0.448312605302008
64106,0.5013892158056957
64107,0.4216081240751453
64108,0.44586369886520333
64109,0.5481156626836255
64110,0.39033988584977375
64111,0.5353810964545928
64112,0.5456579875299059
64113,0.462213543049391
64114,0.5912242811486831
64115,0.5225722953018368
64116,0.4193686453536597
64117,0.4519408284915983
64118,0.5421741853977222
64119,0.4524091213931976
64120,0.5408072943960156
64121,0.6230118998993401
64122,0.4571268368999112
64123,0.4103656619301811
64124,0.42577499993884094
64125,0.477492564624899
64126,0.5773475316499987
64127,0.410017263878156
64128,0.6134474989979611
64129,0.5236612827432754
64130,0.5726080273009807
64131,0.40775235679345745
64132,0.5636755537168767
64133,0.37933652625945047
64134,0.5445918425730487
64135,0.40199514928578023
64136,0.4595047213940219
64137,0.4174633620664809
64138,0.5774540040440547
64139,0.42501001458289595
64140,0.5409195203752221
64141,0.4198697481765829
64142,0.617571105202477
64143,0.5649149376798074
64144,0.42713445786817555
64145,0.5786308068624431
64146,0.5905931590531364
64147,0.46339101920990433
64148,0.5493494167446092
64149,0.4082072764313753
64150,0.5677823985176905
64151,0.5040644304597077
64152,0.6021913760801647
64153,0.5874093835917364
64154,0.5857023551210543
64155,0.22741881201192712
64156,0.45568618648597736
64157,0.4187918274373258
64158,0.5431622952627007
64159,0.2428307321156678
64160,0.49880913578503766
64161,0.3907246425847909
64162,0.4440270766749453
64163,0.41719187600877683
64164,0.5491985704231891
64165,0.22428048785466423
64166,0.5532567829470935
64167,0.43456764507722434
64168,0.4210067140313213
64169,0.38463686954608495
64170,0.45149806030679723
64171,0.1632426058277988
64172,0.5670640251281963
64173,0.5513547555391825
64174,0.441653144937042
64175,0.5410562311722548
64176,0.5406764476716704
64177,0.42966141441430133
64178,0.39180270896324254
64179,0.5175153739977637
64180,0.5293204344271678
64181,0.36803789587821834
64182,0.45973487769645516
64183,0.38357967494278433
64184,0.5226797406509278
64185,0.463658294195564
64186,0.5731510244860689
64187,0.24924212258158812
64188,0.5389496587297331
64189,0.374078292476466
64190,0.42697893538682175
64191,0.5017859261147029
64192,0.5663050894495583
64193,0.519090839557525
64194,0.5556271238452078
64195,0.5967662111231896
64196,0.46733445474737323
64197,0.4459762542601087
64198,0.40865192958486246
64199,0.5171967131676198
64200,0.488555698320925
64201,0.46381624807455457
64202,0.5552331963649604
64203,0.3789458914883867
64204,0.5817299215943339
64205,0.4075771578404194
64206,0.46588401013565267
64207,0.5387440883334615
64208,0.5651674486151121
64209,0.5241531833156251
64210,0.2867719984744332
64211,0.36788306740823784
64212,0.4051456996905472
64213,0.3787112807914543
64214,0.4436419714460094
64215,0.43902274836791433
64216,0.45052074297625655
64217,0.529204779390835
64218,0.37365038446254
64219,0.5195832124298401
64220,0.5562013112103235
64221,0.5691829725149724
64222,0.4377303624760032
64223,0.37657541925899174
64224,0.5512485738684983
64225,0.5040862331198618
64226,0.40217795661375955
64227,0.5186617848054144
64228,0.3854610198250986
64229,0.5686063932865624
64230,0.5252370471631881
64231,0.41108182083386974
64232,0.5805522820107967
64233,0.5533887522059329
64234,0.37147979896650457
64235,0.3030119039968522
64236,0.5050358063948658
64237,0.5577538430711111
64238,0.5345302991438958
64239,0.40750368265985293
64240,0.44635446409790125
64241,0.5073823157914606
64242,0.4171294822336582
64243,0.5155107729575288
64244,0.3790691086764616
64245,0.4719734484044218
64246,0.48683428808238743
64247,0.5753233481772793
64248,0.49955645306555035
64249,0.429090470629978
64250,0.25297887776385325
64251,0.5753865456373121
64252,0.585039591683998
64253,0.47492457720057724
64254,0.2578325520827278
64255,0.2383763865087221
64256,0.3673364579880016
64257,0.46090949772872597
64258,0.5467534871565637
64259,0.3885464787933723
64260,0.5416399244342915
64261,0.565595157971603
64262,0.22934706582349917
64263,0.5146422005207341
64264,0.5325382625351566
64265,0.5824093236947987
64266,0.39472729236681786
64267,0.42777222901050665
64268,0.43302115219635995
64269,0.5478518622094702
64270,0.562398069197249
64271,0.5621505345797099
64272,0.42594701270063434
64273,0.4569508466444527
64274,0.28330618864362633
64275,0.43470568714628827
64276,0.5910413344292816
64277,0.59087132574119
64278,0.5424523246289699
64279,0.5803937357386528
64280,0.5599262638916435
64281,0.44175710152262054
64282,0.38406453549132996
64283,0.5511353255932878
64284,0.5526009590169646
64285,0.5544635532822547
64286,0.605399819820231
64287,0.43243169740903176
64288,0.479930907618803
64289,0.5031189275019219
64290,0.38201461010488075
64291,0.5564382375947448
64292,0.41115564911720104
64293,0.5749753306494525
64294,0.5972004494873256
64295,0.5927859686436974
64296,0.4034895266121838
64297,0.608805934169733
64298,0.4536468483845078
64299,0.604350665739023
64300,0.3996647847115653
64301,0.5296499773286653
64302,0.386556273389059
64303,0.37852104599191266
64304,0.5604388879641793
64305,0.5675711429942045
64306,0.5476238766355389
64307,0.491769086962446
64308,0.5859948752839451
64309,0.4617067130461907
64310,0.580330955609564
64311,0.44544650427851
64312,0.5410662872993132
64313,0.5677204318177805
64314,0.41554543026252605
64315,0.47290037563472714
64316,0.5350490605592786
64317,0.5318931278569254
64318,0.41136344699087307
64319,0.42922661552799474
64320,0.4192221585700652
64321,0.21024471208781106
64322,0.5474278484651185
64323,0.42212000398407523
64324,0.40522734440404284
64325,0.32529395881729034
64326,0.5171906942075303
64327,0.5158142473459563
64328,0.42029613371371743
64329,0.5254282371401544
64330,0.38361502206815506
64331,0.5610161040361079
64332,0.24210754423897177
64333,0.3911094386915182
64334,0.4495246734650446
64335,0.515992073624276
64336,0.528209476269712
64337,0.21727578977165415
64338,0.2824985363189163
64339,0.37116109719793156
64340,0.39374142789386296
64341,0.45514409666460676
64342,0.39823060497201995
64343,0.4820394992389318
64344,0.5192407528776716
64345,0.44547015718149546
64346,0.46781649289127475
64347,0.5174497421340165
64348,0.5764056364415568
64349,0.39179217949938805
64350,0.530603950807463
64351,0.45350472394912683
64352,0.2563838498771512
64353,0.5660780341162573
64354,0.5404006455495733
64355,0.48574840279461445
64356,0.49591077436255077
64357,0.23226039276570368
64358,0.5405316675317644
64359,0.5666421646469252
64360,0.5432629127660539
64361,0.5752940479007222
64362,0.4480061230879671
64363,0.5071676927049025
64364,0.4431680342797505
64365,0.5804362845613343
64366,0.4473059179734862
64367,0.4277988363788139
64368,0.5811393554409551
64369,0.5513368543233652
64370,0.25419901938855616
64371,0.5426265466715802
64372,0.5598872988291425
64373,0.5893133854515862
64374,0.5522984881426916
64375,0.5171905283769017
64376,0.41683750960939214
64377,0.5167094814630514
64378,0.5619995184228251
64379,0.446277836421165
64380,0.39535966442143744
64381,0.5603448825960625
64382,0.5834451925537326
64383,0.4593237219090821
64384,0.5506947514799747
64385,0.417652070542276
64386,0.2593701417352008
64387,0.4498003504157043
64388,0.5745554869272043
64389,0.499513196329012
64390,0.5219459031734164
64391,0.540938046674265
64392,0.46419629034605314
64393,0.5344483066357528
64394,0.5828140125765768
64395,0.4517966724164787
64396,0.45727048181395685
64397,0.4112210855130797
64398,0.5675188085182999
64399,0.6078541339441811
64400,0.536030653109989
64401,0.3907689898839969
64402,0.5372880280245012
64403,0.5367212047894666
64404,0.48229271157253273
64405,0.5716406225069
64406,0.4964984398280014
64407,0.49469059673622734
64408,0.5634342553965195
64409,0.535939669781106
64410,0.4402576153489083
64411,0.5728060138459834
64412,0.3838996859485795
64413,0.4161468860536608
64414,0.38513071353969613
64415,0.45987205917391505
64416,0.5951326386920033
64417,0.46460708344182716
64418,0.5939883891980352
64419,0.4231282810728255
64420,0.6003251517323149
64421,0.5279940713516914
64422,0.5528535728848926
64423,0.5593299423634442
64424,0.4827234932932506
64425,0.5669760105239702
64426,0.47344427926301574
64427,0.38914141090695203
64428,0.5917515959208933
64429,0.45288177810017627
64430,0.5126508228973935
64431,0.5597777151590061
64432,0.3366841555574065
64433,0.17107841852107034
64434,0.28290541312013673
64435,0.5444380219874502
64436,0.5113232803568863
64437,0.5549539284358991
64438,0.39464983704031853
64439,0.5410164849804082
64440,0.4391187552864952
64441,0.5747728940889966
64442,0.4803003949357509
64443,0.5612348154599166
64444,0.532789582851043
64445,0.40157001855909424
64446,0.43155763369943273
64447,0.5422328368933088
64448,0.2385517320250999
64449,0.395051662752463
64450,0.5788340668832371
64451,0.4078972641399255
64452,0.5510450946054108
64453,0.5431759240158386
64454,0.5108170718035199
64455,0.554435619797932
64456,0.4261984707677848
64457,0.5209823230244421
64458,0.5558405374253849
64459,0.5219224340953008
64460,0.5115942352422261
64461,0.4941767165617629
64462,0.4808664731479422
64463,0.22867834130660783
64464,0.596715976798151
64465,0.49027031383568287
64466,0.5748783993113198
64467,0.44066041678486206
64468,0.5505248497191392
64469,0.5560316548141176
64470,0.4068079459074856
64471,0.6092509513598705
64472,0.4534880368311077
64473,0.5021572817492392
64474,0.3801550143271856
64475,0.39225407285203545
64476,0.2628452627798325
64477,0.579274930023834
64478,0.3978767715790855
64479,0.5334404649473085
64480,0.5334351867042701
64481,0.45436960818434863
64482,0.4906662326150211
64483,0.3917282553155094
64484,0.5338598206340431
64485,0.3450436429645699
64486,0.526038294703145
64487,0.5611062594708146
64488,0.6149072130050842
64489,0.5494256246902874
64490,0.5636041740542472
64491,0.5470285324727663
64492,0.5826866404621691
64493,0.5249205650902502
64494,0.42974829895626193
64495,0.48452980260983985
64496,0.47068364497315857
64497,0.5277020492913611
64498,0.5093413994804511
64499,0.5536565241068737
64500,0.5392646865631026
64501,0.22907617038665617
64502,0.5322512463525787
64503,0.4976554410844621
64504,0.5599963747620954
64505,0.4866426131090776
64506,0.5228233993966527
64507,0.4196179605851967
64508,0.5061509233415572
64509,0.6051487125924001
64510,0.5777032259098099
64511,0.31170054767354943
64512,0.5770442141031794
64513,0.49069446815871814
64514,0.385912800589346
64515,0.5177589850669863
64516,0.4825801956457388
64517,0.559850525451986
64518,0.4717198649394769
64519,0.4898186881822001
64520,0.2315661966311091
64521,0.5557077563460192
64522,0.5776637379322935
64523,0.47080152394349056
64524,0.5045583000902907
64525,0.41806418250588234
64526,0.44453904816870793
64527,0.4363388783914973
64528,0.5618781544031701
64529,0.39820679958350935
64530,0.5080016434095486
64531,0.5072111756784291
64532,0.5916501997974009
64533,0.45312945929025333
64534,0.5591405082104537
64535,0.3280954131325011
64536,0.46754536528838964
64537,0.5638878635689604
64538,0.3090814223477709
64539,0.4534041533926666
64540,0.5856679438448624
64541,0.6128140610887771
64542,0.4497136369706369
64543,0.2629446268976567
64544,0.5156018290638136
64545,0.5423826137929294
64546,0.4417545613129794
64547,0.6120657747682678
64548,0.42905064960466505
64549,0.37127825804495135
64550,0.4129150442989414
64551,0.5376303053777751
64552,0.5271018910767449
64553,0.5992160952567167
64554,0.44476951197170556
64555,0.4137278172150343
64556,0.5253897635009471
64557,0.4112544086884145
64558,0.4076430736384086
64559,0.5383145724746742
64560,0.40654240168130384
64561,0.41733766534725225
64562,0.5055884304658269
64563,0.5679163724486254
64564,0.5462248854868907
64565,0.5322000058321639
64566,0.3505010681616627
64567,0.5821910820557313
64568,0.4142035285227538
64569,0.4540712964569106
64570,0.5048933386495266
64571,0.5215309899578283
64572,0.5430735036591486
64573,0.37467513191876234
64574,0.4553071675717304
64575,0.5344558210438322
64576,0.49114388105182083
64577,0.47067257991171124
64578,0.5859904437751773
64579,0.49296921213029704
64580,0.5371580846054248
64581,0.5542544042855378
64582,0.39790535950949996
64583,0.39984070116330045
64584,0.5273068565381838
64585,0.44542425045527656
64586,0.5648634406060203
64587,0.5808107103103612
64588,0.5824322713721345
64589,0.4149270788333261
64590,0.49557608620781507
64591,0.5356903952759928
64592,0.2665460118164364
64593,0.5627658198231503
64594,0.5334085159949294
64595,0.5108816508885586
64596,0.41147045545174626
64597,0.5520236798029585
64598,0.5681356637559627
64599,0.2571665861016033
64600,0.4547830379849941
64601,0.4287007094175591
64602,0.41541892907154465
64603,0.5524147859124621
64604,0.3916047131394063
64605,0.6181113131417961
64606,0.5896912450718182
64607,0.5621992418032397
64608,0.5723214177605683
64609,0.5620278691216427
64610,0.43065248693332747
64611,0.43086229987544916
64612,0.245056077350237
64613,0.5971791243213912
64614,0.5488192586003869
64615,0.5401216700028778
64616,0.5759490797610382
64617,0.3915817972510514
64618,0.4006936001205287
64619,0.5890569288176878
64620,0.38625403448164847
64621,0.2621126820515902
64622,0.437971897102429
64623,0.5319100975374187
64624,0.5726299996201689
64625,0.4002882499690091
64626,0.5164641587315415
64627,0.4041901436956458
64628,0.539604089487302
64629,0.44489437120952896
64630,0.40719296475090605
64631,0.5224936455252676
64632,0.5259088131224432
64633,0.4206132681763459
64634,0.556455852487263
64635,0.437183894181398
64636,0.47120813646953724
64637,0.40437260276660597
64638,0.24276009303927776
64639,0.5795499259804109
64640,0.5101227175551646
64641,0.4257072791358082
64642,0.43616442978131525
64643,0.5520736077309464
64644,0.5816325496150069
64645,0.5475136574406838
64646,0.5462655969956776
64647,0.49237445354641096
64648,0.39004374371387807
64649,0.5510694942773118
64650,0.5590319182898688
64651,0.4715040711881802
64652,0.463128922739647
64653,0.5145996677616274
64654,0.5381146700595129
64655,0.5764264790244863
64656,0.5507499933828623
64657,0.47528237932212497
64658,0.5989958973484679
64659,0.30924740547882507
64660,0.547346158565219
64661,0.5748312909451194
64662,0.5348652355541954
64663,0.5508150952462268
64664,0.2236520356666306
64665,0.5799958333992893
64666,0.41606414875483116
64667,0.37613660045779324
64668,0.5832624706436219
64669,0.3258546215120407
64670,0.5185220060249655
64671,0.5236319286677424
64672,0.4192480073218971
64673,0.4381562955546716
64674,0.48563526643978044
64675,0.4301207660439938
64676,0.5168885161047573
64677,0.565579429326457
64678,0.4232581616561353
64679,0.5420773249317301
64680,0.5034831380788174
64681,0.46420575435193484
64682,0.5194971315386551
64683,0.3903807842153741
64684,0.4164104514934334
64685,0.5747007947749029
64686,0.443240684574131
64687,0.5640059461528036
64688,0.38371359113335446
64689,0.46950384842669857
64690,0.4451708650205652
64691,0.5013656121990847
64692,0.5282932054857548
64693,0.45666666942975237
64694,0.4642870538555681
64695,0.5542874177720631
64696,0.5691098035485631
64697,0.5520917511013438
64698,0.37566056876413545
64699,0.42214233991993205
64700,0.5015962850126825
64701,0.4424667594708828
64702,0.27534336724355685
64703,0.4276915487334645
64704,0.41376601146113673
64705,0.4303981966921226
64706,0.5343599263413896
64707,0.4118579250529841
64708,0.4396862799052666
64709,0.3801580047874114
64710,0.5370462791892257
64711,0.5104997697426821
64712,0.4478450351476322
64713,0.5334097615152441
64714,0.5660174163201495
64715,0.5734820954046814
64716,0.4714816697717881
64717,0.5427112722136724
64718,0.24715920849494905
64719,0.40515252253712236
64720,0.5259110314684948
64721,0.5445966837628021
64722,0.5784607230143806
64723,0.39440741217370523
64724,0.5736757272198578
64725,0.46169979515784293
64726,0.5012477087478959
64727,0.4395493638768774
64728,0.5213654931258662
64729,0.5551292381151653
64730,0.5585341413600365
64731,0.43486305824844157
64732,0.5718290694517124
64733,0.5552622625638585
64734,0.5440806513445953
64735,0.4127854022904617
64736,0.5136681612387463
64737,0.4730707583742547
64738,0.5666585970429513
64739,0.22760079836407424
64740,0.5610227807235529
64741,0.44009970151272726
64742,0.5432696189662054
64743,0.42629345582235
64744,0.5957778564307509
64745,0.5172099459318644
64746,0.445583534608565
64747,0.5535888392116314
64748,0.5710702810738683
64749,0.5293941253406554
64750,0.399004578903039
64751,0.38790831280167587
64752,0.5247956855568247
64753,0.4256250090939553
64754,0.4197583271672322
64755,0.5992993124758029
64756,0.5298010578529808
64757,0.2704684512077145
64758,0.5926202092305969
64759,0.553340132179139
64760,0.43048514005408056
64761,0.5432368469656566
64762,0.5156760901852402
64763,0.4140904466015395
64764,0.5996493424444114
64765,0.42928960754089246
64766,0.5870658254546284
64767,0.5430529490297356
64768,0.38321269497149707
64769,0.4038179263145295
64770,0.512083953749201
64771,0.4145234825585492
64772,0.4931857915503025
64773,0.312678855940483
64774,0.4145284917968669
64775,0.5415700042049748
64776,0.38974222237399886
64777,0.5782703164509007
64778,0.47891146434752774
64779,0.5760289648023874
64780,0.610400358045971
64781,0.4221682481198854
64782,0.5922860633532161
64783,0.2874621746778537
64784,0.38916435528258114
64785,0.5747952353296651
64786,0.433621711220161
64787,0.5610404456387034
64788,0.5625851361672268
64789,0.5873587573896317
64790,0.5835468082633386
64791,0.4369488899390544
64792,0.29091518873196126
64793,0.5173642472327757
64794,0.5467179265409376
64795,0.5536840259023694
64796,0.3717973112401119
64797,0.54423524095948
64798,0.40872608445411385
64799,0.5731566505179638
64800,0.5292311560728569
64801,0.447335757075336
64802,0.5286236424909454
64803,0.49769745843716895
64804,0.43703346928116926
64805,0.44860762756492056
64806,0.43954701721081285
64807,0.48181041733143104
64808,0.5674317387439225
64809,0.5668896280789502
64810,0.45082750602884814
64811,0.4037651337303797
64812,0.3815420101558072
64813,0.41920726402226643
64814,0.37447609160305806
64815,0.4547175040985534
64816,0.45067971176301064
64817,0.5484257332849084
64818,0.5758725710025899
64819,0.5582502935745389
64820,0.41482977888714034
64821,0.4737224586696557
64822,0.4968721118427065
64823,0.5110179199411827
64824,0.3930852864163798
64825,0.44709576866514084
64826,0.3831225720067082
64827,0.41883008723496296
64828,0.6023841941988861
64829,0.45155906632011195
64830,0.46848036415548294
64831,0.3698623057579491
64832,0.5808348561508637
64833,0.5589557080757065
64834,0.6133012037009118
64835,0.502974671295135
64836,0.38953584933473756
64837,0.49689930309214675
64838,0.296496566049693
64839,0.5595027263443528
64840,0.5663882453842641
64841,0.5168320441232398
64842,0.4777503661872795
64843,0.4527772303604605
64844,0.424998528168576
64845,0.485836710468408
64846,0.5593246337707757
64847,0.5515304441380503
64848,0.43471920042121287
64849,0.3975455233016826
64850,0.5775242862906286
64851,0.47799060644915303
64852,0.6602404833444553
64853,0.5520112117222065
64854,0.5064205508705679
64855,0.44765333897454823
64856,0.46556379039866824
64857,0.4008930273038044
64858,0.5421960194233197
64859,0.45372634531933737
64860,0.48342985824403695
64861,0.5067743476507125
64862,0.39353672578483656
64863,0.3944699465976618
64864,0.5630071573410276
64865,0.2761248474935713
64866,0.4433574875001743
64867,0.5514688779833967
64868,0.43832833425812895
64869,0.4415438494793696
64870,0.4245484418724966
64871,0.4412275763187563
64872,0.48814710333259786
64873,0.5304953894561291
64874,0.4617291168420408
64875,0.5584183374562646
64876,0.5333004965856879
64877,0.576452512396888
64878,0.3693423184133688
64879,0.5512863908300007
64880,0.5422779868417478
64881,0.5303615455879461
64882,0.521832643597449
64883,0.5710256778402806
64884,0.5812365019817602
64885,0.5811490607322308
64886,0.5280315844479702
64887,0.4650605006195317
64888,0.4018120973727263
64889,0.5535345363516729
64890,0.5789408052708882
64891,0.5498780157943213
64892,0.52602042464119
64893,0.3962123713993736
64894,0.27942300746374743
64895,0.4587414858289535
64896,0.3690353145351138
64897,0.2480699875497681
64898,0.5065961849835755
64899,0.22880872145839296
64900,0.5832354626148689
64901,0.43112818956050525
64902,0.4129886212792572
64903,0.48412941750804733
64904,0.5877267802534958
64905,0.5759189860884871
64906,0.5987264677714339
64907,0.4198162386643904
64908,0.5334330910852807
64909,0.5420223569657403
64910,0.5320379030050583
64911,0.3868356404357999
64912,0.382429026500219
64913,0.4749062588091399
64914,0.4760965794003612
64915,0.5539634979320655
64916,0.5263509967047495
64917,0.4903697986227445
64918,0.38088871303870225
64919,0.4231067956805772
64920,0.4049708998603356
64921,0.5498291931928622
64922,0.4407330834645023
64923,0.5876085060509824
64924,0.37470979493634626
64925,0.5791148316499073
64926,0.271570126648047
64927,0.5474396141157483
64928,0.42573825761879364
64929,0.42605323430143305
64930,0.545352325918064
64931,0.4309246127418278
64932,0.5024261229749103
64933,0.4086617560936561
64934,0.49918234256637045
64935,0.5234106871679162
64936,0.569065321761046
64937,0.4943848007619901
64938,0.4125004521691332
64939,0.42712499546537075
64940,0.5351558754421792
64941,0.2779559762568046
64942,0.5152092208785009
64943,0.4039658462409274
64944,0.422870222645364
64945,0.4543642299711959
64946,0.5204858458951813
64947,0.4117448311128836
64948,0.5776346281757732
64949,0.4648814273028644
64950,0.5966863761322609
64951,0.5476191373439155
64952,0.41282106219774234
64953,0.5945086148710127
64954,0.5165951490619097
64955,0.5798635476719479
64956,0.44124012084533726
64957,0.4102980061971437
64958,0.5642415660734403
64959,0.5112289400996542
64960,0.616605715935955
64961,0.5332391307899033
64962,0.4631417016928073
64963,0.376445150698878
64964,0.44880216222455077
64965,0.4010347007472183
64966,0.4275861993326903
64967,0.5190322496099334
64968,0.5908645975505851
64969,0.5514360908829826
64970,0.586867812956992
64971,0.5304408247376281
64972,0.5234535900732862
64973,0.5026335309357995
64974,0.4902222399997452
64975,0.5864964345861241
64976,0.4398351084603459
64977,0.5265369358450187
64978,0.4251941573778685
64979,0.583946543617917
64980,0.38058466257711726
64981,0.5193030838920821
64982,0.5729147843601635
64983,0.538910890197101
64984,0.5629652819699071
64985,0.30654411971316553
64986,0.5437256198670161
64987,0.38321748944438294
64988,0.5237247489011393
64989,0.4915638193179235
64990,0.5069857317172085
64991,0.5671512310671378
64992,0.5008876037957158
64993,0.4042425852173788
64994,0.5386502516152301
64995,0.5048026538650648
64996,0.45432955005294234
64997,0.5302032980330675
64998,0.5556031292378263
64999,0.44070927738511695
65000,0.4215229927338219
65001,0.4070792995714094
65002,0.5942837966915125
65003,0.5852538692088544
65004,0.5211052327433123
65005,0.47745546905262465
65006,0.5243278757998827
65007,0.5549936603176118
65008,0.3250250371811614
65009,0.5053577046369255
65010,0.46501999944553934
65011,0.5649265718882354
65012,0.42004949382457474
65013,0.5516572999422471
65014,0.5052084915836785
65015,0.5256827193386774
65016,0.5667085985271737
65017,0.3998946099917842
65018,0.36854992545224297
65019,0.4468202437595372
65020,0.5946857767765087
65021,0.37138483550016976
65022,0.3623362016908525
65023,0.548743350361505
65024,0.42481554368277513
65025,0.56223310192748
65026,0.5164399106703228
65027,0.5459169327504739
65028,0.5841929045797485
65029,0.5519908339429361
65030,0.33102533136791323
65031,0.42350831566714897
65032,0.5400674737685498
65033,0.38618106446199246
65034,0.5506297641055923
65035,0.4434554636592375
65036,0.5639323863731333
65037,0.4392844943421316
65038,0.4472311982420894
65039,0.5746747086212592
65040,0.43854111708009186
65041,0.5460573796369338
65042,0.5291711869349283
65043,0.5721828767064112
65044,0.41629080285988446
65045,0.43528574876238785
65046,0.5376678257142388
65047,0.42324993917082926
65048,0.5548606045608275
65049,0.5318593460286615
65050,0.5829915632778683
65051,0.5658913724497171
65052,0.5267938897828505
65053,0.43485043494451153
65054,0.44877295431755343
65055,0.41549987282921996
65056,0.5576110717892242
65057,0.4321712700174774
65058,0.6145546183484806
65059,0.38979359845530964
65060,0.47338397639751045
65061,0.5152765818054926
65062,0.4647019556043384
65063,0.4418280366835047
65064,0.39998584825575995
65065,0.5486280386020216
65066,0.5037392767003877
65067,0.44651556598725806
65068,0.4464684551813122
65069,0.5504578761773751
65070,0.570436153141816
65071,0.4370630943987181
65072,0.4006247924819351
65073,0.4593001341212692
65074,0.5091697565250909
65075,0.4713479780742665
65076,0.587916232974546
65077,0.527535313457439
65078,0.43070370097591876
65079,0.31342598058893834
65080,0.5253949706472388
65081,0.5392703235711492
65082,0.44333871786567225
65083,0.5449725429135729
65084,0.5247386466268088
65085,0.3942989532070746
65086,0.42850945156159737
65087,0.5742917506316029
65088,0.46424563355138404
65089,0.5843056312272573
65090,0.5750274019331516
65091,0.5597796961393158
65092,0.5422825883638396
65093,0.5683646761303637
65094,0.4532746620761897
65095,0.5825584711989433
65096,0.20790302480954265
65097,0.5557283975059958
65098,0.5496241971704147
65099,0.5543940341822547
65100,0.5331726949322008
65101,0.6410482828341081
65102,0.30390979674969837
65103,0.23683094322519438
65104,0.577300171674185
65105,0.1953616692133786
65106,0.4348501635638897
65107,0.5515746936450335
65108,0.4816316349481042
65109,0.5755008986884317
65110,0.39578555088556366
65111,0.4222995863512432
65112,0.5053680836261057
65113,0.2641584171774374
65114,0.4670083319862194
65115,0.5454511734463464
65116,0.5977201556522939
65117,0.3750602389601892
65118,0.2561491475897201
65119,0.4711688613566085
65120,0.44589720466932264
65121,0.4138506842594461
65122,0.5474879765251384
65123,0.39072607649395796
65124,0.4906613331975651
65125,0.49496050783691947
65126,0.47133254054712
65127,0.4122091191917922
65128,0.5877921271291308
65129,0.577294482092077
65130,0.508709320767417
65131,0.24841999544738932
65132,0.5926375888002532
65133,0.5394662572459832
65134,0.5493531146660361
65135,0.47269385978429096
65136,0.573136364157266
65137,0.5608482745405585
65138,0.3891463042824439
65139,0.5483191003287411
65140,0.42619657589692345
65141,0.4270817123019441
65142,0.41935858738577564
65143,0.4689458985279001
65144,0.43377547967046964
65145,0.5182830435146832
65146,0.46924174405464897
65147,0.5964056831322202
65148,0.4103842669627237
65149,0.5516272318767255
65150,0.40772195213977264
65151,0.4090480969428973
65152,0.48737207704365254
65153,0.549893275771935
65154,0.4994882102228126
65155,0.5599527519961524
65156,0.5859890133055861
65157,0.5003053103771221
65158,0.5694777953744233
65159,0.38396280057006754
65160,0.45015657765738976
65161,0.5448182306187541
65162,0.5118159938229299
65163,0.23015031916338471
65164,0.412480401672699
65165,0.4570957378942335
65166,0.5869272786268137
65167,0.4367183785899038
65168,0.5914140503506841
65169,0.6093833390113076
65170,0.6160726366543549
65171,0.4531944781100619
65172,0.4074784933255903
65173,0.2413300055943191
65174,0.5889844824280243
65175,0.557484300214272
65176,0.5561316456109339
65177,0.3924855984381449
65178,0.5578897471933174
65179,0.5667392793505013
65180,0.4516603462680634
65181,0.5400797196453456
65182,0.40781602277285417
65183,0.5470699092499262
65184,0.5118620774782798
65185,0.5758566593325183
65186,0.42006274978168834
65187,0.2891597649162666
65188,0.5206569588877756
65189,0.20685385111956142
65190,0.17634304253726557
65191,0.41856021185247505
65192,0.40040554136627354
65193,0.5118372130583442
65194,0.45718587496110946
65195,0.5004206860858381
65196,0.40230428293752757
65197,0.31015378650676423
65198,0.5407926882820281
65199,0.2915479371468353
65200,0.47027943550144885
65201,0.5879802323230263
65202,0.6375061491204839
65203,0.40574750408706867
65204,0.5182984668287229
65205,0.4315104385434985
65206,0.5175250562936963
65207,0.3955009196057992
65208,0.562001272974133
65209,0.5583287180350579
65210,0.5810176078649475
65211,0.576227126760393
65212,0.5601261186014105
65213,0.5785526818991761
65214,0.536972343776613
65215,0.5304029856097913
65216,0.43221556893333646
65217,0.5084577599816981
65218,0.33731963064979925
65219,0.47046619123202915
65220,0.560732706407517
65221,0.5882787940262416
65222,0.5653111637423458
65223,0.4520076224062831
65224,0.5386855555557365
65225,0.4636327968985491
65226,0.6152340411333127
65227,0.515404260145468
65228,0.532923424594637
65229,0.5193735399656665
65230,0.20172600793955828
65231,0.4555344011897336
65232,0.5525306573575754
65233,0.5893399543842494
65234,0.5660740841034976
65235,0.3063779711879887
65236,0.37830099363833
65237,0.576500704963259
65238,0.5773879826901749
65239,0.5585756061907393
65240,0.5542971366145151
65241,0.48905178485312534
65242,0.5583336235385961
65243,0.5593179435682009
65244,0.5392203613279848
65245,0.5758897724623872
65246,0.37275766981351033
65247,0.44220299696552545
65248,0.5160784747131403
65249,0.5373007447132478
65250,0.4857255496959122
65251,0.4969515203298955
65252,0.5161363207214372
65253,0.5670331694029953
65254,0.49576587900842295
65255,0.40567148891690025
65256,0.5452863506426611
65257,0.5500241555886913
65258,0.5437732814961995
65259,0.4061690169714463
65260,0.44848686528140175
65261,0.36553261609731297
65262,0.375252893240144
65263,0.5217881241021876
65264,0.3396825530676061
65265,0.28130056243980234
65266,0.38315457898810673
65267,0.4581497650962962
65268,0.5256085572946819
65269,0.5098229050705161
65270,0.2896465385286672
65271,0.5133024431123295
65272,0.5510824601514019
65273,0.4567276776812493
65274,0.47981239819846044
65275,0.39707232944258297
65276,0.41525192696484414
65277,0.2446113151429297
65278,0.5371642830115932
65279,0.37913287188938843
65280,0.540065710032607
65281,0.586559634569227
65282,0.44147556227541807
65283,0.4319241216746622
65284,0.470285634164849
65285,0.4237691826503906
65286,0.42286277844888964
65287,0.5230888731547039
65288,0.5083080554826329
65289,0.5546903338528429
65290,0.5494315747053603
65291,0.5277272983839127
65292,0.5693330741746301
65293,0.38924297061682617
65294,0.48886327227321635
65295,0.5499678065956961
65296,0.5534345872126247
65297,0.5271012860854685
65298,0.37654796748428215
65299,0.4384741395799368
65300,0.5493800614375255
65301,0.4792346176183088
65302,0.593513115749357
65303,0.422583471345499
65304,0.5709115426357821
65305,0.5769324017654506
65306,0.5660197262004399
65307,0.4619151412157238
65308,0.5690229609848845
65309,0.46150625894770086
65310,0.39121817680389304
65311,0.48433774966029014
65312,0.39932499885564166
65313,0.5355450890599053
65314,0.2681972945756714
65315,0.5450965698141659
65316,0.5430514807219703
65317,0.5743569991026799
65318,0.49262569575829557
65319,0.4087681353406632
65320,0.47283377670968274
65321,0.4324332286952182
65322,0.49624979285892157
65323,0.5579822978333218
65324,0.578744704398159
65325,0.3851571245934824
65326,0.4796753914168582
65327,0.44172183336601323
65328,0.554541441032546
65329,0.44567767985702295
65330,0.40311485558025134
65331,0.4156861688190871
65332,0.2662785396153976
65333,0.3231696626712612
65334,0.5713119281879715
65335,0.445427667772314
65336,0.5592974065478669
65337,0.4794840142899513
65338,0.5113464506646058
65339,0.5618186536410104
65340,0.5162925113977923
65341,0.3923660317027656
65342,0.5363250958096836
65343,0.5713985026645094
65344,0.44436927611522753
65345,0.5163275829155475
65346,0.5058347305282124
65347,0.5499426430077691
65348,0.5436528278375972
65349,0.5540765092626709
65350,0.2456143094822182
65351,0.49789761313585595
65352,0.6006770989896689
65353,0.5699931412091145
65354,0.21252539713721225
65355,0.4083028444343761
65356,0.577192606383043
65357,0.40693785677425875
65358,0.4413731123921808
65359,0.4038073157819849
65360,0.5698360131898365
65361,0.5416306144201233
65362,0.3948093736267133
65363,0.554826688844131
65364,0.5102675689784406
65365,0.4416116630039086
65366,0.39608994138214665
65367,0.5715777801575552
65368,0.5700129080746755
65369,0.5330194233600669
65370,0.5233858255304483
65371,0.5089971946175187
65372,0.483206654460728
65373,0.6185411101085461
65374,0.5297241530612428
65375,0.47960418957847206
65376,0.416268863561118
65377,0.5441398663419373
65378,0.5603015711147907
65379,0.5459176826343329
65380,0.5521914548973508
65381,0.5959845164971851
65382,0.5640616517228784
65383,0.2874952820504344
65384,0.564915794944878
65385,0.2686071617045344
65386,0.5439575517381968
65387,0.42386580349262065
65388,0.5288210494332584
65389,0.4779881967359657
65390,0.561617025066076
65391,0.49855996534659286
65392,0.21518912311786387
65393,0.27106149284046244
65394,0.5508358584324969
65395,0.5788341710623054
65396,0.44333861316039164
65397,0.5695735524667193
65398,0.5486927228075537
65399,0.4334168398025771
65400,0.518783669274845
65401,0.4892838133969018
65402,0.38703280269659956
65403,0.5395495666869614
65404,0.5337896512217063
65405,0.5433189352533068
65406,0.4661547632332643
65407,0.5546455973215401
65408,0.37189210938925255
65409,0.46919251378559224
65410,0.5508731017022086
65411,0.5731766729583393
65412,0.5382234986837864
65413,0.5211501930858982
65414,0.5429433622936094
65415,0.561481806577818
65416,0.5690963477165053
65417,0.41395953042335965
65418,0.4426050871885218
65419,0.2992598721943821
65420,0.56050608120594
65421,0.5639930847426652
65422,0.5243637071600556
65423,0.6261114268981243
65424,0.24940636548649256
65425,0.5147722471743886
65426,0.3742397211061177
65427,0.5343773200899554
65428,0.40581443420469726
65429,0.5794683870048924
65430,0.5147295563090974
65431,0.5554673103600879
65432,0.40283488895239217
65433,0.5269324880199578
65434,0.4604394339847981
65435,0.4029898417377988
65436,0.5488418837690007
65437,0.5573396787331061
65438,0.5798048244177687
65439,0.5050984917368022
65440,0.5481339578991352
65441,0.5280769979227402
65442,0.5543720759440578
65443,0.558817518941118
65444,0.5492219807517622
65445,0.3912526885181327
65446,0.3766406322078792
65447,0.519863847027971
65448,0.4376152730506756
65449,0.5316058143323803
65450,0.519108343789107
65451,0.5705707705154941
65452,0.42425725763371946
65453,0.4966498523377558
65454,0.4386035588376534
65455,0.3769725243264653
65456,0.5615274705016987
65457,0.243952251603381
65458,0.5814200278333103
65459,0.43208746300412804
65460,0.44662179430591087
65461,0.555702585772104
65462,0.2879587759306749
65463,0.3853809610948561
65464,0.5333140636049701
65465,0.542508785727337
65466,0.4991355697477188
65467,0.5528543152753793
65468,0.5405892886021615
65469,0.513370305494971
65470,0.5820472610783438
65471,0.560947694227054
65472,0.5241237600414074
65473,0.4662432032253471
65474,0.5690063037630475
65475,0.5243643310445532
65476,0.5575248828290482
65477,0.47622569682360527
65478,0.44197156724627745
65479,0.553704874152629
65480,0.5596204764497743
65481,0.5534573743085924
65482,0.5140933520400159
65483,0.5903680739907536
65484,0.575242084774788
65485,0.59158075722311
65486,0.4655476312022189
65487,0.557352317620444
65488,0.5187168868881687
65489,0.4969650545527354
65490,0.4994171564737093
65491,0.5221585554891226
65492,0.21682568133828595
65493,0.24746503108287418
65494,0.5466505689577402
65495,0.4076736028389839
65496,0.5028312705690734
65497,0.5548774479281586
65498,0.4729600025115959
65499,0.553620462338191
65500,0.5370841782541673
65501,0.3659097985974306
65502,0.5310236507380648
65503,0.5585181458263555
65504,0.4146060825279705
65505,0.3868289482525535
65506,0.3677245488794004
65507,0.5994364288982041
65508,0.4484939666092332
65509,0.5833709099212717
65510,0.5921097501105
65511,0.5257045914144274
65512,0.24059963211761937
65513,0.5287892953397174
65514,0.5595345608754768
65515,0.6102280915055956
65516,0.43673686388966027
65517,0.4338648756416636
65518,0.5727340975199445
65519,0.5350951123648795
65520,0.4960212136536895
65521,0.41677828543873946
65522,0.5441393963152583
65523,0.594222743894374
65524,0.56890060932055
65525,0.5855665765355638
65526,0.5767373255499082
65527,0.5969313759573784
65528,0.5602659602776604
65529,0.5642169137836334
65530,0.5735899456421331
65531,0.5714349934224837
65532,0.34918950212281274
65533,0.5458681943758192
65534,0.5450693969432125
65535,0.5634263639445796
65536,0.38866046398293963
65537,0.3739213524841841
65538,0.5259860994359202
65539,0.49996835820404817
65540,0.48773285043934145
65541,0.5360252413938055
65542,0.5364445001216391
65543,0.4359661918663977
65544,0.5997493880075296
65545,0.524585491150354
65546,0.6013050438728295
65547,0.5750502042541238
65548,0.43659926779906183
65549,0.2636564562788298
65550,0.591871249390636
65551,0.43707485484052777
65552,0.5075021796217258
65553,0.5519066135890845
65554,0.2784958164336713
65555,0.47873994352834126
65556,0.55485488186074
65557,0.4494326597540122
65558,0.4281835463427645
65559,0.4808035643722516
65560,0.40921783132366657
65561,0.46474881120806233
65562,0.5485647426498963
65563,0.2923821054980452
65564,0.5445670095218795
65565,0.3960828648607143
65566,0.546985738218903
65567,0.49908765306110003
65568,0.3844202420389439
65569,0.3238633911014363
65570,0.4662233208170088
65571,0.47413296823656664
65572,0.5407440647891654
65573,0.5689378649905282
65574,0.5215707855459676
65575,0.38039756812322895
65576,0.5903932212472411
65577,0.5481935207318228
65578,0.5369144114138065
65579,0.5083403137954872
65580,0.4838663453548414
65581,0.5566692828408215
65582,0.5581671073853837
65583,0.5194005827080116
65584,0.5296760383172102
65585,0.4025950278927696
65586,0.39729207658897603
65587,0.41929404174678414
65588,0.47478917744935123
65589,0.5665555351863605
65590,0.41308526970766424
65591,0.4220975754942785
65592,0.20000232043110228
65593,0.2146714348544117
65594,0.4240911778976836
65595,0.26574598575811387
65596,0.5379402655161141
65597,0.5453226714205589
65598,0.577208459020888
65599,0.6061107089004985
65600,0.473165792327326
65601,0.56243769540492
65602,0.4618207201976653
65603,0.4443681491958763
65604,0.45540831166999113
65605,0.43266082148781476
65606,0.5163177470190041
65607,0.42189151541483755
65608,0.4592698868160915
65609,0.5452175991133483
65610,0.5681196614005805
65611,0.5316353635933839
65612,0.39346772295962973
65613,0.4369925643952729
65614,0.5508829039022747
65615,0.5327958715367407
65616,0.39962886042934553
65617,0.4396076040162956
65618,0.5314857129611796
65619,0.4179654113638007
65620,0.5622133340367181
65621,0.49526174301216475
65622,0.39185511968705816
65623,0.5595106990532493
65624,0.3494859163997085
65625,0.5442398031237311
65626,0.46584790325405523
65627,0.4043029512906859
65628,0.4108941028939568
65629,0.23271918309611134
65630,0.5373157988115708
65631,0.5327582146006068
65632,0.4297167238976627
65633,0.5516801177794922
65634,0.48225143098503426
65635,0.4040926451500608
65636,0.5232245463045982
65637,0.5407561702841382
65638,0.5528793591894686
65639,0.2172374110279183
65640,0.4256343661700039
65641,0.545062388599149
65642,0.5324864020189638
65643,0.5375707048855138
65644,0.38545783296326835
65645,0.41025927465616907
65646,0.49707359722654537
65647,0.5991914932655337
65648,0.5650724124532039
65649,0.42110879215387204
65650,0.6028124708357363
65651,0.5502613120870717
65652,0.5351274200812688
65653,0.5364016885114073
65654,0.48298022515939154
65655,0.20454163669697992
65656,0.505289641633518
65657,0.5763571009140438
65658,0.544119078231317
65659,0.5488389867916673
65660,0.5675087669324902
65661,0.4521587338066962
65662,0.5787029016084291
65663,0.3901768890894375
65664,0.5311331853921205
65665,0.525864547656922
65666,0.5569963066236783
65667,0.40580141720672835
65668,0.5676934412161249
65669,0.5305398011296715
65670,0.4341131372849113
65671,0.42317015829867083
65672,0.4062660310154762
65673,0.4296967704448824
65674,0.40708090952416115
65675,0.39308757017529067
65676,0.5396304697719192
65677,0.5780344552588431
65678,0.42059117002890223
65679,0.21108509849170895
65680,0.5473531751883839
65681,0.581732846789373
65682,0.5831991431236155
65683,0.4512818600150675
65684,0.542333160576248
65685,0.2454927722341208
65686,0.49457484203375834
65687,0.4506973843616462
65688,0.543265326220442
65689,0.5824941757061702
65690,0.5404315023111305
65691,0.5151991121243971
65692,0.591756808146272
65693,0.5877562927269872
65694,0.5615049345939297
65695,0.4187673318423616
65696,0.36682460612193835
65697,0.5617322681632747
65698,0.566355899631869
65699,0.5742572529624618
65700,0.4735260954409116
65701,0.5075826792131777
65702,0.5575706217905003
65703,0.4682265769904772
65704,0.45838858503636504
65705,0.5523212811157304
65706,0.4462703675683373
65707,0.4806423796690404
65708,0.3826504503582836
65709,0.5365167760711843
65710,0.5399024238990794
65711,0.5423220127717631
65712,0.5815162422894776
65713,0.4563810274605601
65714,0.5465143288485211
65715,0.595053026215311
65716,0.4532750710032322
65717,0.5593967024590264
65718,0.45285929176453144
65719,0.5301941861455733
65720,0.5582357264416143
65721,0.39082631520383965
65722,0.474125977118537
65723,0.46075507881206645
65724,0.5472161298844703
65725,0.5692362889094196
65726,0.4119617637382404
65727,0.6163851544312526
65728,0.4101435288312237
65729,0.4870185703922002
65730,0.5277751332228511
65731,0.4413325617584814
65732,0.538028696900268
65733,0.438227526016985
65734,0.31371784149120185
65735,0.6020668286495209
65736,0.5631258067797902
65737,0.22507876781331787
65738,0.3873852174319778
65739,0.5421555279450895
65740,0.5223692932496287
65741,0.5146915253179136
65742,0.572288779312189
65743,0.5783625525469296
65744,0.572756969886729
65745,0.4242718769350046
65746,0.39121554186063007
65747,0.570752933134885
65748,0.4423008892972013
65749,0.557219667899168
65750,0.32162052939032004
65751,0.577387793322339
65752,0.4224872503255408
65753,0.6475417245098946
65754,0.22488619371804164
65755,0.3631964477468986
65756,0.5267311101158939
65757,0.42368297595169685
65758,0.5051167001476178
65759,0.34239907718995377
65760,0.5308369123522586
65761,0.5654744953428841
65762,0.5033245880374684
65763,0.3086650161174344
65764,0.546815004363605
65765,0.35186774366735396
65766,0.5349099570317788
65767,0.4614898220777047
65768,0.5774813514801526
65769,0.5711092874098193
65770,0.5643937889737488
65771,0.5289124275432537
65772,0.41435833798631005
65773,0.532348674395573
65774,0.572725216484566
65775,0.4899478215507963
65776,0.5638082919542787
65777,0.45495837739876266
65778,0.4355673464530891
65779,0.5598643863907127
65780,0.48290511471850917
65781,0.501666788357445
65782,0.20454572317710526
65783,0.3853487225861366
65784,0.5553976364236041
65785,0.5566694754740151
65786,0.3867625193400315
65787,0.7935960852768982
65788,0.412509510560168
65789,0.39325858371321515
65790,0.5450443392474219
65791,0.5435542345432709
65792,0.47029588949668627
65793,0.37955672679958025
65794,0.2746706366540231
65795,0.3987672223388661
65796,0.5279475844711167
65797,0.6066788331189406
65798,0.4161551002936966
65799,0.5674490619286258
65800,0.5055240028272597
65801,0.5461134298309797
65802,0.4316013126885868
65803,0.5734476230984266
65804,0.4914505415213643
65805,0.4200842650458048
65806,0.4196388701597824
65807,0.6184459258265204
65808,0.4680064543527874
65809,0.42739328235571306
65810,0.5922648325691187
65811,0.3993969518322101
65812,0.5910005510070011
65813,0.45494324011727627
65814,0.5492561611959205
65815,0.5331203991270477
65816,0.27529500112830635
65817,0.4151856791468555
65818,0.5385912635152117
65819,0.5871892220120964
65820,0.5778557796045101
65821,0.39734384610227
65822,0.5600241520095088
65823,0.5972959195623403
65824,0.5685801748067054
65825,0.4703301556163174
65826,0.29190932179013324
65827,0.43906527172196075
65828,0.4327641538184022
65829,0.5760374301994219
65830,0.5436041890975112
65831,0.5780905378600592
65832,0.24469225347400334
65833,0.5595268430620474
65834,0.48979512915175605
65835,0.5314793931795923
65836,0.4572530411483369
65837,0.5478572064353845
65838,0.5505848744846059
65839,0.5638588648092752
65840,0.5775761059675497
65841,0.5646589200777996
65842,0.5685376033037954
65843,0.5636910507786678
65844,0.42577103461837784
65845,0.5379853865555321
65846,0.34665057629586626
65847,0.24210503932213448
65848,0.44138965307013184
65849,0.4620331220722579
65850,0.4439366721015213
65851,0.4268064786119834
65852,0.5269589994817535
65853,0.5611709213250685
65854,0.5677144215349741
65855,0.3728939318769315
65856,0.5547792273665602
65857,0.5306914394367648
65858,0.4806555858997582
65859,0.5237750543240396
65860,0.6086800969450908
65861,0.4874936626624429
65862,0.5919706689622317
65863,0.5349158588776333
65864,0.4344066974415725
65865,0.2920171555763512
65866,0.5256867461562482
65867,0.5678329755489833
65868,0.5411224642361723
65869,0.563610593935543
65870,0.5531449864902461
65871,0.5284655727892068
65872,0.5773107989056151
65873,0.568166330750088
65874,0.5759526241258744
65875,0.5237856079081922
65876,0.4281558327223047
65877,0.5630704830331962
65878,0.5762019391399728
65879,0.4231544165884512
65880,0.4643652720842671
65881,0.5315112324681306
65882,0.5362844708233301
65883,0.45258798446822524
65884,0.534907967762486
65885,0.44431386717486127
65886,0.459548915884958
65887,0.6275384898026045
65888,0.3185091055786032
65889,0.45750519778538945
65890,0.5355546932925158
65891,0.5768262996725187
65892,0.5317412648253848
65893,0.5163346694094372
65894,0.5070418649575098
65895,0.25158601956682847
65896,0.4012745077490247
65897,0.5622039301394991
65898,0.5394528599484347
65899,0.45293922861707514
65900,0.5615351405291069
65901,0.5675902634260228
65902,0.4589173823016449
65903,0.3955875443743241
65904,0.5716519290389672
65905,0.22974563353346622
65906,0.5822033498821325
65907,0.594427567387421
65908,0.36770666974101945
65909,0.4304615980605555
65910,0.26970441420122193
65911,0.5731964832230974
65912,0.5402869253019541
65913,0.500991650947244
65914,0.44816839165164585
65915,0.5383653181751067
65916,0.5271914317428317
65917,0.4578043544239578
65918,0.5114105162584864
65919,0.5156154307701795
65920,0.4344764556936458
65921,0.5549112225968748
65922,0.4922038691708225
65923,0.557160857376308
65924,0.4816679676228881
65925,0.5671736597844316
65926,0.594699074835977
65927,0.46759520067367866
65928,0.4305360489495227
65929,0.545849174845152
65930,0.5963035418850743
65931,0.5387847660420758
65932,0.4344632318334186
65933,0.4049483375240323
65934,0.5101308529510272
65935,0.5256692881567081
65936,0.576409852893576
65937,0.511441757870632
65938,0.5872709269299999
65939,0.45244320203120525
65940,0.4852976518390314
65941,0.3896960708839925
65942,0.25519630825953243
65943,0.5259029645404428
65944,0.5710667941113815
65945,0.4132401197373196
65946,0.5393124019933073
65947,0.5355758452915396
65948,0.4705294823957317
65949,0.40903581048224874
65950,0.4769656859028915
65951,0.5877724511484107
65952,0.49000764796923496
65953,0.44686884912366687
65954,0.39014975247654665
65955,0.5790203328874792
65956,0.5736136765358735
65957,0.5147228168600702
65958,0.5855334679704938
65959,0.5335275290368121
65960,0.4654503291916092
65961,0.537976724018027
65962,0.5965370146857039
65963,0.23337160876130203
65964,0.43188267040803313
65965,0.40186378054591454
65966,0.5900664070486712
65967,0.5553174990153645
65968,0.5785040317703674
65969,0.40120705812613705
65970,0.42267960751563405
65971,0.5475131537898414
65972,0.4354358400962032
65973,0.5548931251173427
65974,0.5481339904458158
65975,0.5430406487241268
65976,0.5384209272625637
65977,0.5641453815789254
65978,0.5928785880291656
65979,0.39768994075044833
65980,0.36509026190309984
65981,0.445606676974812
65982,0.5093823766055885
65983,0.5473529828906462
65984,0.5370571676504782
65985,0.5199239041264643
65986,0.5447705359742758
65987,0.5135749478443117
65988,0.5394943593512322
65989,0.4118036106726681
65990,0.4743948637840651
65991,0.578906763468197
65992,0.40379051516060827
65993,0.5627497531394662
65994,0.282489877016032
65995,0.28985290329868785
65996,0.42003731480343115
65997,0.4496120386564177
65998,0.5348304710924238
65999,0.39055879714606206
66000,0.5860146157310459
66001,0.5163938997370311
66002,0.5008052114772135
66003,0.4412239654976264
66004,0.42947797702216084
66005,0.3951643591247126
66006,0.5820161434310899
66007,0.5335820763547684
66008,0.4047522789900633
66009,0.5530739214621416
66010,0.5700253306025835
66011,0.5981189379673806
66012,0.5378517358681069
66013,0.47842550423119756
66014,0.40785903233950127
66015,0.4269991102990093
66016,0.5827098845475276
66017,0.5409776493857612
66018,0.5910380179571181
66019,0.5269594485502033
66020,0.5644291614229375
66021,0.561044543459365
66022,0.4030315083188398
66023,0.4129216511343116
66024,0.5047390657853768
66025,0.5266361378464118
66026,0.5732916095257595
66027,0.27181613086385287
66028,0.5394666964428909
66029,0.38816851125353335
66030,0.41372857302617577
66031,0.3984284602342947
66032,0.4299435644139296
66033,0.5510648005687354
66034,0.4179387870321397
66035,0.552981507990862
66036,0.5482278807561908
66037,0.574048762430384
66038,0.5259943840555188
66039,0.5462017664089303
66040,0.48998298018221936
66041,0.5240492402681266
66042,0.4008894528999109
66043,0.4873628501854309
66044,0.4011672993119669
66045,0.5374438298019621
66046,0.5573491360313924
66047,0.5389405024774857
66048,0.4401554869842511
66049,0.48906437533970554
66050,0.5544962301190189
66051,0.5033580936023744
66052,0.5099945523381684
66053,0.5944629121094387
66054,0.26228282504733413
66055,0.39468073305397894
66056,0.5291114184748228
66057,0.3054434948829615
66058,0.5328683929010403
66059,0.5637752923319316
66060,0.587583779691792
66061,0.15669655395606433
66062,0.23123860553973113
66063,0.5248145928732904
66064,0.531987739087866
66065,0.5515305549648138
66066,0.5523448264859887
66067,0.22857330643507073
66068,0.37053189828382377
66069,0.35290341831504507
66070,0.4170060020251337
66071,0.533967727858453
66072,0.6039291534143975
66073,0.5199246926289284
66074,0.43367098752963135
66075,0.5393445828659732
66076,0.4223666849340572
66077,0.539962769222403
66078,0.5518343546120502
66079,0.452786027691775
66080,0.5584506322843482
66081,0.5289295221604086
66082,0.5712601490327734
66083,0.5802204389955694
66084,0.39112426217741403
66085,0.546933127017969
66086,0.5205295910699643
66087,0.5593078625710107
66088,0.539103013241125
66089,0.39484783400583146
66090,0.37010483205563766
66091,0.5780358690711965
66092,0.41741204750055233
66093,0.542089591444616
66094,0.39788304959402965
66095,0.5396407743386307
66096,0.3936164408085612
66097,0.43073578443136423
66098,0.470261008282303
66099,0.5507075820821753
66100,0.38854056713444624
66101,0.41731513241627716
66102,0.27548448980081824
66103,0.5535534816389713
66104,0.5288501424465649
66105,0.5553153132920786
66106,0.5902394302699392
66107,0.43482371352845267
66108,0.43956679092736406
66109,0.6058626602285244
66110,0.44974343910717207
66111,0.5439194848719385
66112,0.4215363911642548
66113,0.47336346885076547
66114,0.4007692424326002
66115,0.5255991222027052
66116,0.5696440566177942
66117,0.5656739844906886
66118,0.4551218502329482
66119,0.535774610872803
66120,0.40956678837190613
66121,0.45290628926962406
66122,0.2870753351590946
66123,0.5072517839524091
66124,0.500306821579952
66125,0.5965521428320587
66126,0.49626661473869144
66127,0.5670061556795971
66128,0.4214738799290284
66129,0.49009116990804663
66130,0.5081765386663367
66131,0.39835469729577305
66132,0.40303903240255995
66133,0.3837484831176806
66134,0.4319861646159587
66135,0.43657975400302795
66136,0.5399054151345012
66137,0.5625046675968972
66138,0.5012229436829745
66139,0.4928119956257776
66140,0.48787300357837177
66141,0.568044296360176
66142,0.5790838399304695
66143,0.4646478264133189
66144,0.49987548852952546
66145,0.5409418600185028
66146,0.2777577189136416
66147,0.6313114616359868
66148,0.6237362022260637
66149,0.23314412671979717
66150,0.5660015181219308
66151,0.4655078392979352
66152,0.5878086230590288
66153,0.3821486739681228
66154,0.4169282446159224
66155,0.5422633828177257
66156,0.5885629487815385
66157,0.40245004250048094
66158,0.4766837146931814
66159,0.5178484659254037
66160,0.5679326186290613
66161,0.4360702727167028
66162,0.5874319395431674
66163,0.3690043045354957
66164,0.5128858113255425
66165,0.3894796476859468
66166,0.5514146992229664
66167,0.5139765746621809
66168,0.5511848566870584
66169,0.5404532113102896
66170,0.6159515851668486
66171,0.45523916031354233
66172,0.6087632880005556
66173,0.562035188913837
66174,0.5255942623504852
66175,0.5694091125448993
66176,0.5521733275743499
66177,0.5001239694544796
66178,0.5305113284801478
66179,0.5395783443349971
66180,0.43687004247827044
66181,0.2640548346746547
66182,0.45133114209986314
66183,0.4509738119881841
66184,0.4681161640185324
66185,0.5141508184592964
66186,0.5809121729326733
66187,0.5756071158086951
66188,0.5582974475045998
66189,0.40564626986507335
66190,0.22237752428689497
66191,0.5169188516126101
66192,0.545542302770549
66193,0.5589431009953915
66194,0.5682588312465616
66195,0.5352804851009322
66196,0.3846413444406246
66197,0.35967496995981174
66198,0.37404303136638634
66199,0.5189606032209712
66200,0.5575435674167414
66201,0.5437537378065519
66202,0.4055910845336364
66203,0.43817741117945347
66204,0.6027790476823839
66205,0.5797138931333681
66206,0.5113106676099062
66207,0.5948581455690418
66208,0.5818313746353565
66209,0.4275699875880384
66210,0.5662725797299514
66211,0.39523711281417406
66212,0.5998575779425418
66213,0.40684993979197126
66214,0.4856998247611516
66215,0.6000434412306554
66216,0.43868620838143163
66217,0.3693277113630887
66218,0.43493663529071985
66219,0.4593088074560756
66220,0.30363272545936637
66221,0.5481451140905459
66222,0.525118764882314
66223,0.46997446187282876
66224,0.5634302640735734
66225,0.5442437390477467
66226,0.5588699180292682
66227,0.5739180592763791
66228,0.45282215359155126
66229,0.42068288434335127
66230,0.5137668087451512
66231,0.5681014964151967
66232,0.5309419093798209
66233,0.4524408979750186
66234,0.457170025579099
66235,0.5196661209052251
66236,0.4997020438171336
66237,0.5173985159040759
66238,0.43705152333075986
66239,0.5651989494752615
66240,0.38404249556410774
66241,0.4415138956605145
66242,0.6004083561643222
66243,0.5118043348745394
66244,0.26584006720527015
66245,0.5269850148864553
66246,0.37162059267811776
66247,0.5315998892864489
66248,0.5788270045006181
66249,0.5656486075995356
66250,0.5244305464591977
66251,0.5783401017163268
66252,0.5618201267915672
66253,0.3858086114096629
66254,0.5817197224690999
66255,0.5706155221443455
66256,0.5362101937699562
66257,0.30278031253795007
66258,0.5465554408871929
66259,0.6024234397870452
66260,0.25944854669121425
66261,0.42579173073158527
66262,0.3976104129708397
66263,0.5966732515077219
66264,0.537619289945413
66265,0.5517784211079311
66266,0.46582346587971024
66267,0.534210135617507
66268,0.5806549055214651
66269,0.4078197241935441
66270,0.4501910312431826
66271,0.5327198976651899
66272,0.4128139364957712
66273,0.42436398989672525
66274,0.5533517691976314
66275,0.5585901518269336
66276,0.3798669453540608
66277,0.5547446402960134
66278,0.46041237143332053
66279,0.27616735072080406
66280,0.4015406161793431
66281,0.41404625375679655
66282,0.5146661640651007
66283,0.5628442423937792
66284,0.593906996518432
66285,0.3845034504276569
66286,0.5379663498635964
66287,0.5944477107743741
66288,0.5899640017751935
66289,0.5640632747925168
66290,0.24021452731714002
66291,0.5431344099442809
66292,0.43240734999340513
66293,0.5644360612889228
66294,0.4466539895767716
66295,0.46076702190494656
66296,0.4641660115072449
66297,0.31948837361903554
66298,0.5313450916349285
66299,0.5520491440482187
66300,0.5777714167680316
66301,0.49191564009563804
66302,0.4666538558661577
66303,0.4694290246020509
66304,0.563909771860986
66305,0.5971607757435212
66306,0.5395890741313307
66307,0.39446906041047564
66308,0.42174985132265197
66309,0.508540953170791
66310,0.5085687902431067
66311,0.6018136556275482
66312,0.3911220646743999
66313,0.47721887299795734
66314,0.3986705216778993
66315,0.5545518913294577
66316,0.5255320262236637
66317,0.5671410648915439
66318,0.5615157455829983
66319,0.5691364057443655
66320,0.23997851559882488
66321,0.4585109437166932
66322,0.3194663960217348
66323,0.44911546862741897
66324,0.42699934339981954
66325,0.4396084252390013
66326,0.5592032471378746
66327,0.6078273816437064
66328,0.5421349262095289
66329,0.3965548256841657
66330,0.5496113039463129
66331,0.5737908092309877
66332,0.5346349903345186
66333,0.5807564984805742
66334,0.5757993717997372
66335,0.5278857337705158
66336,0.5159167371604347
66337,0.5748306382003975
66338,0.3678392802350874
66339,0.3797744610476042
66340,0.5871388510785825
66341,0.4064655881686894
66342,0.5905990134571278
66343,0.38468585461638627
66344,0.5263675181599404
66345,0.5398064795479907
66346,0.4365481075100411
66347,0.5277540988712567
66348,0.4077950317702544
66349,0.5599029949648207
66350,0.4247448102135341
66351,0.5404933258753898
66352,0.5364209033391892
66353,0.21065871922536664
66354,0.2450214512916478
66355,0.5719228154128921
66356,0.5746336807903666
66357,0.5253628392718187
66358,0.3023935331136232
66359,0.6064912525996392
66360,0.5578258913302118
66361,0.5866387814108366
66362,0.4490143763761014
66363,0.24025548974690356
66364,0.4096933627099291
66365,0.5382584228860833
66366,0.4722798697177694
66367,0.5581491408503241
66368,0.555503989404279
66369,0.5846656456403069
66370,0.3827416339419794
66371,0.40433703262120607
66372,0.5296872853780611
66373,0.45927173659949794
66374,0.34805997011142137
66375,0.5767111946390495
66376,0.6230524762427225
66377,0.6547318136972519
66378,0.5965893142043153
66379,0.18822795080023821
66380,0.4822975456519777
66381,0.48659792200552604
66382,0.40143309673699135
66383,0.5922571292414497
66384,0.527896463903711
66385,0.5491678905645198
66386,0.43144762354584676
66387,0.5628550781943655
66388,0.32292028399086836
66389,0.46099395570351714
66390,0.42369615735795213
66391,0.39726697540892875
66392,0.5699049458461751
66393,0.5099680645293257
66394,0.5766880057069489
66395,0.42918543051036123
66396,0.38863533136010514
66397,0.41903359607124924
66398,0.4248738484168342
66399,0.48303945696876005
66400,0.5779201557742722
66401,0.5414595176846971
66402,0.4109580110314333
66403,0.4597825170873371
66404,0.4226334511791574
66405,0.5675526075250562
66406,0.5617719139223347
66407,0.5321455753120437
66408,0.5531777332556107
66409,0.5552895876891217
66410,0.5428450346053072
66411,0.43339655863792304
66412,0.46528475416285214
66413,0.4297181882481965
66414,0.48137233796507084
66415,0.3481786424482162
66416,0.4396253204660597
66417,0.38253798822083646
66418,0.5921968024113674
66419,0.5734156407522436
66420,0.43991171037987076
66421,0.4942500998644666
66422,0.41296636560882366
66423,0.526075133311505
66424,0.6150530992938845
66425,0.4011072324740121
66426,0.5931491325236385
66427,0.46941039569599535
66428,0.5434208981200805
66429,0.5221655064217738
66430,0.5950815874323838
66431,0.4019190606554982
66432,0.3731638817586929
66433,0.45124265778438466
66434,0.5718509939495208
66435,0.5341736277705925
66436,0.547968049179109
66437,0.5774254952552751
66438,0.6053289206598234
66439,0.4467057627996845
66440,0.5267863939949695
66441,0.38527639023092874
66442,0.2430976964813662
66443,0.5345803686971937
66444,0.5626813073383595
66445,0.5507608842068448
66446,0.39947580639245134
66447,0.5833555404808007
66448,0.21096391710428825
66449,0.5484554152609692
66450,0.449144276019683
66451,0.5518155354994295
66452,0.4956565711175833
66453,0.554371151612202
66454,0.44774142131915046
66455,0.3748445106831134
66456,0.40098363402455356
66457,0.4693756429669659
66458,0.4292977365877721
66459,0.5045875849535206
66460,0.5968198755690114
66461,0.4612786636808972
66462,0.552410657729417
66463,0.5642820847433965
66464,0.5485781601879117
66465,0.5309275174090082
66466,0.4712548530171337
66467,0.5098906274533377
66468,0.5398686963087999
66469,0.5065186680727538
66470,0.4686781293067716
66471,0.5579409561402106
66472,0.6156232373561288
66473,0.38237314838982867
66474,0.47252424222307
66475,0.5560298031882133
66476,0.5735236639316027
66477,0.5433524410871288
66478,0.4848853438081896
66479,0.2683614452517951
66480,0.434615120986059
66481,0.4289855142057912
66482,0.4988169328993033
66483,0.4060113409688311
66484,0.5376957933788452
66485,0.5544137108255187
66486,0.5435311629824638
66487,0.42347456510620274
66488,0.6355194896763996
66489,0.58061245054874
66490,0.5107725750152194
66491,0.5563101950212606
66492,0.41402935850654926
66493,0.5739648630798528
66494,0.476828617456548
66495,0.5620026689538625
66496,0.5399480389505211
66497,0.5322864523001767
66498,0.5763226304846915
66499,0.4127643082228242
66500,0.5829224148601662
66501,0.597303813724931
66502,0.4309929037356762
66503,0.4299233759700784
66504,0.4673583713576798
66505,0.4613242785664897
66506,0.4610675678641156
66507,0.4063813359500142
66508,0.4757199945100278
66509,0.5411773029224429
66510,0.46044407356675465
66511,0.42683554571212057
66512,0.5421513966033291
66513,0.45329318382176104
66514,0.5056435151644991
66515,0.43225601465617247
66516,0.4026761334123748
66517,0.4863474743908128
66518,0.5541182006771848
66519,0.49804269557082026
66520,0.355149437936892
66521,0.3626967274049972
66522,0.5184050803906064
66523,0.538725912442629
66524,0.4658411925703604
66525,0.5593112411186121
66526,0.4243439294710224
66527,0.5616964254917842
66528,0.5789514242656816
66529,0.5225837116882435
66530,0.5165649712270016
66531,0.5374685101112915
66532,0.5351804216066974
66533,0.37571031451398906
66534,0.2277451176063712
66535,0.391245043557174
66536,0.45953827290607807
66537,0.3044206921327987
66538,0.3959219204572938
66539,0.5945994772159863
66540,0.5218128458342158
66541,0.43144202096928164
66542,0.5395988171944722
66543,0.5869843280882435
66544,0.517599339450301
66545,0.5414325087065486
66546,0.5347168805856217
66547,0.5770183792859038
66548,0.5897722870658852
66549,0.5805670114149124
66550,0.40139555266974525
66551,0.42657343746060566
66552,0.4735696529831656
66553,0.3987946277915847
66554,0.5458377228672168
66555,0.4556452341397969
66556,0.36244119616948994
66557,0.5580111922479508
66558,0.30880305886279574
66559,0.4265981761690288
66560,0.4507766564155603
66561,0.5593603928797157
66562,0.5808894302644015
66563,0.5543892666498648
66564,0.5356444109235698
66565,0.5487400110068655
66566,0.4497997339560732
66567,0.3124941146194176
66568,0.4633656451242126
66569,0.43175924565456747
66570,0.5355291177195454
66571,0.5631793831904479
66572,0.4345342471579011
66573,0.5404687864321754
66574,0.5194353389520684
66575,0.23232349544493872
66576,0.5389951807336918
66577,0.5131509607612127
66578,0.5949534653863737
66579,0.3820808016367517
66580,0.6030330091116369
66581,0.5701924064982836
66582,0.42023567756436314
66583,0.47596192336832405
66584,0.5501082530918017
66585,0.45249202089681584
66586,0.5297827891079391
66587,0.5319059618382034
66588,0.4218724746414639
66589,0.4163398586259734
66590,0.5891053649035183
66591,0.5976710879932994
66592,0.6471623991850878
66593,0.5788950301902179
66594,0.46557479418746306
66595,0.6061522232023626
66596,0.5637479732692027
66597,0.458728037906274
66598,0.3963166867944604
66599,0.4593002934785071
66600,0.38671601566024827
66601,0.515214193016015
66602,0.5414831543642821
66603,0.5048742141163682
66604,0.4909238286584182
66605,0.44644664569257
66606,0.4036328580585668
66607,0.5546841287429363
66608,0.5811834364355957
66609,0.5727625841141063
66610,0.3532041157401534
66611,0.5287420559327134
66612,0.3934169081893675
66613,0.524653374932291
66614,0.5390512160681721
66615,0.5426433341035821
66616,0.5668552788234759
66617,0.4892085763681758
66618,0.44204080795446066
66619,0.48777727694476847
66620,0.46431571989504483
66621,0.4156537963635691
66622,0.4832254067504858
66623,0.5828259807795677
66624,0.5900265011390377
66625,0.5380886957452748
66626,0.4110193448801381
66627,0.5170810191837042
66628,0.4232744643854164
66629,0.5564443530572953
66630,0.5814742177134454
66631,0.5452216114562125
66632,0.4194798227456748
66633,0.4528993448487143
66634,0.5857855838705491
66635,0.4276383299662279
66636,0.3608732643321692
66637,0.44973130351529045
66638,0.433148989422325
66639,0.3041759878990091
66640,0.5346684327592546
66641,0.29193303458750036
66642,0.5537016551181746
66643,0.5441512285896659
66644,0.587912797635101
66645,0.6165931795072346
66646,0.5363008650122566
66647,0.29882201764431865
66648,0.4878191311867122
66649,0.5463890829611738
66650,0.3647640536756176
66651,0.5843360286638154
66652,0.5108174222153589
66653,0.41933964225556364
66654,0.44728981633892145
66655,0.5466303938542743
66656,0.552973509638683
66657,0.5643076045125935
66658,0.5280082971510949
66659,0.4998707157426682
66660,0.5558512638251685
66661,0.525341844040865
66662,0.5084635302514546
66663,0.38716325799917767
66664,0.537456021148885
66665,0.2775340091236859
66666,0.5737616687840418
66667,0.5416457396864218
66668,0.4345768780411701
66669,0.5473757281086764
66670,0.3550153352721452
66671,0.4702645891098298
66672,0.44818934624493906
66673,0.5689487173548027
66674,0.4174018111054572
66675,0.4140722003523076
66676,0.4749102631134561
66677,0.5389520373810206
66678,0.4260781966487209
66679,0.6483225725418491
66680,0.5268030073306041
66681,0.5537566262394786
66682,0.4958712168418758
66683,0.5383214430281426
66684,0.5970431410035055
66685,0.40647266716323555
66686,0.6051072518659462
66687,0.5579810913843529
66688,0.5429435837201673
66689,0.4254775809967562
66690,0.531640276440786
66691,0.4186207688095852
66692,0.5743744367812419
66693,0.5526904314692571
66694,0.4645758828016915
66695,0.402701914769058
66696,0.4138475204529365
66697,0.5477710287387194
66698,0.4150252972388729
66699,0.4660253482388348
66700,0.5355038073589808
66701,0.245035148736878
66702,0.5773927854141547
66703,0.4038883120141352
66704,0.5563340880728089
66705,0.5584814498664028
66706,0.5578181972701259
66707,0.40179501400520873
66708,0.5352494561135203
66709,0.47436600123779255
66710,0.5431015331168874
66711,0.5727862384665617
66712,0.5590810985978345
66713,0.41887659819754636
66714,0.5497763262876804
66715,0.5454394977335493
66716,0.5021558425995187
66717,0.5722966701712406
66718,0.4368383725841474
66719,0.3984616736808841
66720,0.47090440959884367
66721,0.5526574196954458
66722,0.3607625639943547
66723,0.4023274001066868
66724,0.555667018326635
66725,0.5514233866173
66726,0.5550045198580746
66727,0.5746206584305731
66728,0.5557010369929787
66729,0.43184430025228515
66730,0.5230530803615498
66731,0.4087175435653989
66732,0.5505975674142634
66733,0.5204258209964869
66734,0.40179045210869163
66735,0.42481148874766006
66736,0.5276173120912436
66737,0.5471662075869117
66738,0.5184679158119168
66739,0.4148707431168918
66740,0.5996491812964094
66741,0.513203654514508
66742,0.4250366238405003
66743,0.5691302919323644
66744,0.4464138920221712
66745,0.3990557391192132
66746,0.3979099595885545
66747,0.572712975456531
66748,0.40564360813064554
66749,0.4318106796543201
66750,0.20815168751513627
66751,0.544251520337618
66752,0.5936125854746997
66753,0.59420983296129
66754,0.1927650505421679
66755,0.28876746887502336
66756,0.5277284749837068
66757,0.5336619424514613
66758,0.5503826065519711
66759,0.5423186321477905
66760,0.5679324118166293
66761,0.5546155570974339
66762,0.482863138932445
66763,0.3294254775886208
66764,0.5755974062400296
66765,0.4811539284213306
66766,0.5677748198067109
66767,0.4505098961845423
66768,0.549128944622956
66769,0.5429919159215193
66770,0.40700519492345294
66771,0.4217302703938264
66772,0.4307089551914086
66773,0.4171405688033086
66774,0.5230477776450703
66775,0.5565593502663883
66776,0.5523518234550149
66777,0.4306123879332579
66778,0.4273809234189446
66779,0.5517409098143247
66780,0.5842974505693427
66781,0.4149305609027829
66782,0.48181153478627387
66783,0.473250209330694
66784,0.5806080661290716
66785,0.5203144565705659
66786,0.4053162018567512
66787,0.5196234569866138
66788,0.40640070174023657
66789,0.5365169320243358
66790,0.5659829734396398
66791,0.21669036839820557
66792,0.43105619150783636
66793,0.5717470287183064
66794,0.4526963804141491
66795,0.5568867179492992
66796,0.5608873057453199
66797,0.5413510264941932
66798,0.5268639079620632
66799,0.3663418687815182
66800,0.5587755957087979
66801,0.5899326542825637
66802,0.47549200649250467
66803,0.4007357725846437
66804,0.563949715947441
66805,0.41002672030312365
66806,0.4151202227854878
66807,0.2219242667938623
66808,0.5409736292446425
66809,0.4396228796214689
66810,0.46433614099953324
66811,0.4858074418734563
66812,0.3940168173387887
66813,0.4518679835775799
66814,0.3855535488861391
66815,0.5649029358400803
66816,0.2471468290563865
66817,0.3872789165156739
66818,0.423343500541448
66819,0.613974707438052
66820,0.425345576833582
66821,0.5247962819804013
66822,0.4284705500527755
66823,0.5393861076996236
66824,0.5167834944245513
66825,0.40434949531883885
66826,0.394827827290564
66827,0.38967645134053563
66828,0.542024770541676
66829,0.4614951271696986
66830,0.30605371483596844
66831,0.536529834048445
66832,0.5081296642716275
66833,0.4455623409149507
66834,0.40454355748823
66835,0.5887501790679363
66836,0.5424068749824982
66837,0.37809194373492355
66838,0.49966971616346967
66839,0.44158986568929925
66840,0.280333316929677
66841,0.3390041172172524
66842,0.39270507881952377
66843,0.22485731368087494
66844,0.43168538887882396
66845,0.4902032760950792
66846,0.290970013092305
66847,0.6010030302500796
66848,0.5402621828605051
66849,0.4323421569684828
66850,0.5665172134276146
66851,0.3904388614110893
66852,0.4241437003184925
66853,0.5577902326244787
66854,0.5839826582911305
66855,0.4303260490691794
66856,0.4683420646592969
66857,0.5508189971894052
66858,0.45943933430969136
66859,0.4497122348631157
66860,0.5268991635283368
66861,0.5203517566420716
66862,0.2913517084478651
66863,0.45014116070119287
66864,0.45320754251733375
66865,0.5351768124167102
66866,0.48042177470434166
66867,0.5917752217920744
66868,0.5288204565829764
66869,0.45885478056491646
66870,0.39142684357413776
66871,0.41870251620365895
66872,0.49707369174140775
66873,0.5519419662446894
66874,0.40419597251370515
66875,0.3789245523915606
66876,0.509759785613127
66877,0.36023597020260284
66878,0.40507059971006465
66879,0.5669978547856722
66880,0.4400944726893724
66881,0.5504308120426611
66882,0.5296244819096636
66883,0.5127456727337214
66884,0.5683067863528328
66885,0.39391761007921017
66886,0.43539219279476027
66887,0.5218029506017134
66888,0.491494251514411
66889,0.5576661062277867
66890,0.5377980386417931
66891,0.45138242130429695
66892,0.5542555338419598
66893,0.5375753654724931
66894,0.5380575707415869
66895,0.5306962370166317
66896,0.546278854928686
66897,0.431646373129634
66898,0.430920597611243
66899,0.38841834631869543
66900,0.5940674918208664
66901,0.5861750817163747
66902,0.344412344390332
66903,0.6396810370061623
66904,0.3689146358399504
66905,0.3429265533220899
66906,0.418078516123143
66907,0.5053296306622194
66908,0.21676725664244834
66909,0.4589344481470416
66910,0.45397346722176457
66911,0.3059302032876373
66912,0.2412098020448234
66913,0.4685537203958765
66914,0.47566459550572054
66915,0.5257996243847238
66916,0.4469016107690061
66917,0.5963978918273204
66918,0.37944871254134954
66919,0.4397319156545876
66920,0.5246440936820036
66921,0.5901083332180278
66922,0.4396612718221427
66923,0.3580677849121284
66924,0.5287864166942358
66925,0.4080200361936461
66926,0.5336988226184517
66927,0.5338871117069935
66928,0.5383010193046787
66929,0.43938451733320133
66930,0.4549157956572314
66931,0.5684949183167312
66932,0.5014490160268983
66933,0.4575678260972123
66934,0.48850623970932944
66935,0.39816338535798984
66936,0.36227654217654276
66937,0.5383553199082365
66938,0.5284302546050907
66939,0.38501017058706294
66940,0.5476526901834391
66941,0.5339620189423118
66942,0.4105209809339931
66943,0.4712404254198472
66944,0.6177965033238779
66945,0.4133512926314381
66946,0.43735252636822636
66947,0.3837675658612492
66948,0.20930916349512527
66949,0.5826545645037018
66950,0.6039840212678786
66951,0.1761097528675252
66952,0.42998290848388776
66953,0.5634316144841958
66954,0.427806699305132
66955,0.4022728553557102
66956,0.46481982864108806
66957,0.4286662409076489
66958,0.36555795372886235
66959,0.5590596172175712
66960,0.45396703386823667
66961,0.5315121150658834
66962,0.4194346760094655
66963,0.572656082173132
66964,0.5532067943427983
66965,0.5638977904621353
66966,0.4714375758473998
66967,0.4239731969084785
66968,0.5581209223111675
66969,0.6234940452844022
66970,0.5709323078385328
66971,0.4669673029655565
66972,0.41120041868406654
66973,0.27727758523572016
66974,0.5800682806950448
66975,0.42978707176408043
66976,0.43621441172704584
66977,0.49811244271912125
66978,0.5727454771136077
66979,0.5103944389841384
66980,0.391194471072923
66981,0.4820117390756792
66982,0.5751467245811983
66983,0.3910527474556476
66984,0.43419067856792337
66985,0.28094674211318427
66986,0.30543924466770067
66987,0.41386507258178185
66988,0.3959688419412923
66989,0.26051550117996325
66990,0.4351395952387332
66991,0.44131084055393577
66992,0.2668525438376911
66993,0.5207268649710802
66994,0.39326819594235707
66995,0.5502149500530269
66996,0.5484465667623201
66997,0.42938187474471023
66998,0.3843243457669199
66999,0.4182549760762745
67000,0.5470909163634238
67001,0.5553766889079285
67002,0.5651400850754574
67003,0.3739986704451051
67004,0.5577578056579876
67005,0.38098527663485277
67006,0.578177702129053
67007,0.5489863226719677
67008,0.40797098721204444
67009,0.4056601920174291
67010,0.2622250334554091
67011,0.4247229334295549
67012,0.41134079526874884
67013,0.5034213167539505
67014,0.5511749855776845
67015,0.4488799427860162
67016,0.5965973593339149
67017,0.5299124956310093
67018,0.5495526627003391
67019,0.5905836808608422
67020,0.6965826882990399
67021,0.54702009131323
67022,0.5620970547024077
67023,0.5668265487347527
67024,0.3998579714876902
67025,0.24472754553263434
67026,0.25033065804515653
67027,0.4169331474596256
67028,0.47483867665957696
67029,0.515234921356558
67030,0.5350112180404992
67031,0.42958385099238955
67032,0.5310285331784013
67033,0.51375759293209
67034,0.5518192522959878
67035,0.5495583429737178
67036,0.5692487423115382
67037,0.5726849983426407
67038,0.5084932173203894
67039,0.3701020702422681
67040,0.4804050364986979
67041,0.5200136946055017
67042,0.5399334031196693
67043,0.4520432966359906
67044,0.4649552878115329
67045,0.3084132577534521
67046,0.5459464958382265
67047,0.5609418023657791
67048,0.503853337398463
67049,0.6104015021487684
67050,0.5479718531774981
67051,0.5557808184784869
67052,0.38485242133896874
67053,0.39759252697657227
67054,0.5310852128492626
67055,0.49511190727405535
67056,0.5200526851750321
67057,0.4850308207902825
67058,0.44861323361162736
67059,0.42443194548769025
67060,0.5885180274651454
67061,0.5487444450738563
67062,0.4556086285284615
67063,0.5397597518319295
67064,0.5978307640465037
67065,0.5242763640801298
67066,0.4397905741354515
67067,0.39422583428880176
67068,0.567319291939675
67069,0.43758836207359386
67070,0.5303201210362701
67071,0.41765485802946456
67072,0.5592050141378021
67073,0.430374069467431
67074,0.4634657756272019
67075,0.5468500612018513
67076,0.5470155260862718
67077,0.4679245313013223
67078,0.4279982038099412
67079,0.4317444702764724
67080,0.5793117473890612
67081,0.4714875216898779
67082,0.5341865817453376
67083,0.5005940521432053
67084,0.4298424161978131
67085,0.43034767635210447
67086,0.41380527931733485
67087,0.5536603499268518
67088,0.4996263773586429
67089,0.5414435654303418
67090,0.3922395964943135
67091,0.5376541701427672
67092,0.5815547745283994
67093,0.5347811964546565
67094,0.5557335764475221
67095,0.30675773097095227
67096,0.2976186438333934
67097,0.4574233220067425
67098,0.5700786985725859
67099,0.557046859295123
67100,0.5521180863081768
67101,0.5451863797677324
67102,0.5324943382296817
67103,0.5967248197457884
67104,0.42829354460595465
67105,0.5047134602097435
67106,0.4095378261778398
67107,0.583946886521237
67108,0.529338651577795
67109,0.17655054838561784
67110,0.34118435934719676
67111,0.5511774262505825
67112,0.2569467443750706
67113,0.6006691470524856
67114,0.5335672742747274
67115,0.5990225373688186
67116,0.3735103307252921
67117,0.398246886925702
67118,0.5035887544736756
67119,0.3779531975878728
67120,0.49405058036138233
67121,0.39822492125095926
67122,0.6147210653196424
67123,0.5437490039520465
67124,0.494785852038542
67125,0.5483655468157255
67126,0.6018765213683649
67127,0.5361868803556874
67128,0.4307656892537702
67129,0.4894902119050298
67130,0.4595715281989325
67131,0.4752083373879334
67132,0.4312499730731171
67133,0.648544264827426
67134,0.5177874807906602
67135,0.3900707340370668
67136,0.6052245397794611
67137,0.5386186453137719
67138,0.5126318783710424
67139,0.44561885369985565
67140,0.5550482103715488
67141,0.4275178843296373
67142,0.4596462177298571
67143,0.4356016584407222
67144,0.5537805065308606
67145,0.5536199902829233
67146,0.5286891786074263
67147,0.4935872352959866
67148,0.5404285926638545
67149,0.43396316205739033
67150,0.35813181973734604
67151,0.5186825300178587
67152,0.5702142003626898
67153,0.5642085167861774
67154,0.5115995042515212
67155,0.265984018366365
67156,0.43063667781859544
67157,0.5626186910394256
67158,0.29962946232675985
67159,0.5237662929217008
67160,0.5835437153799433
67161,0.4376079552913965
67162,0.4260414144188368
67163,0.4334719456701667
67164,0.5357962602561255
67165,0.5738169636134447
67166,0.41615275885206526
67167,0.5991287357879731
67168,0.4323173446916146
67169,0.5192520934386627
67170,0.28242384025344386
67171,0.428783715540641
67172,0.48762463100057424
67173,0.431507945413694
67174,0.44849013139042815
67175,0.5145686687427218
67176,0.4218637728463514
67177,0.5202190835689641
67178,0.5436331889821026
67179,0.28561383803760854
67180,0.44386600125274855
67181,0.44357832294096505
67182,0.5599809600811465
67183,0.5424119891448511
67184,0.4344007224427956
67185,0.474936955743143
67186,0.5323130772554858
67187,0.5274074714033791
67188,0.4504140009866273
67189,0.507361091076835
67190,0.5200243557140397
67191,0.5346627692435576
67192,0.4437935664155285
67193,0.5565262574955052
67194,0.5841391798827935
67195,0.4686722213012446
67196,0.4692986226426229
67197,0.5023530921079067
67198,0.22387424979946785
67199,0.6042221867786013
67200,0.5290068046807922
67201,0.4232289368509869
67202,0.5395342893952357
67203,0.5573187132242511
67204,0.5498946390468771
67205,0.43897294615550086
67206,0.5672574132576218
67207,0.4269510657382873
67208,0.4804576828780177
67209,0.5669663112116987
67210,0.3948116277935376
67211,0.5242825935685096
67212,0.6121878657521421
67213,0.518799514579283
67214,0.5538549236037384
67215,0.5576110409216036
67216,0.4499403067688799
67217,0.5248423376976112
67218,0.4085326766157409
67219,0.43723969292719056
67220,0.5423079302820798
67221,0.5467120799224771
67222,0.5539304986501205
67223,0.5855213493840918
67224,0.5062120668527811
67225,0.536812290565052
67226,0.4290070105600411
67227,0.5968640662544156
67228,0.3952246436114305
67229,0.47107600061105626
67230,0.49003438986844394
67231,0.6006025929451316
67232,0.4162202638411772
67233,0.45834817993790394
67234,0.5234706099850178
67235,0.42910527419736727
67236,0.5461869684619722
67237,0.5669526584645753
67238,0.5268700452319358
67239,0.5230626180574272
67240,0.5714478105651979
67241,0.4993153455568154
67242,0.5407694332379022
67243,0.46434638256270344
67244,0.5442323793138298
67245,0.569227184179343
67246,0.22192219620087236
67247,0.548320450512924
67248,0.5120398724209704
67249,0.554436221210335
67250,0.44331521111801425
67251,0.4122932217248918
67252,0.5696928961604159
67253,0.46090063798203645
67254,0.5377562572903355
67255,0.4428248687595332
67256,0.5212150969420677
67257,0.4364240755567146
67258,0.38092338401408105
67259,0.5535288560135094
67260,0.4790751866691519
67261,0.40963144927367595
67262,0.5437548516372783
67263,0.26366180544879647
67264,0.5948960502537806
67265,0.5260004263238192
67266,0.43633756914407057
67267,0.24198393467561705
67268,0.40126868162933327
67269,0.460355768335294
67270,0.5003137445943654
67271,0.5224642577757929
67272,0.4589695609511925
67273,0.25927843258516087
67274,0.3988629662589908
67275,0.5415348436470943
67276,0.5444775027645705
67277,0.5482074766660754
67278,0.558972273515732
67279,0.5572426947495199
67280,0.20528521899995245
67281,0.43287563096897463
67282,0.4062711628393967
67283,0.4410392700715334
67284,0.5879209797361034
67285,0.5467691965817806
67286,0.5537642695071255
67287,0.5615775107388026
67288,0.5710903896568863
67289,0.6529088331112726
67290,0.5696765937100531
67291,0.48986100755473044
67292,0.39455438680265464
67293,0.5618258514800871
67294,0.5277534932193344
67295,0.41848331047046444
67296,0.4059538451190353
67297,0.520616096190148
67298,0.5517715952069369
67299,0.43232753129901247
67300,0.4755822838567823
67301,0.42047564323518716
67302,0.45628300139840033
67303,0.5857074878180051
67304,0.5070877903949845
67305,0.5614609922880607
67306,0.5270414176239643
67307,0.5255229867663423
67308,0.5157617967495423
67309,0.4982625938419373
67310,0.4899186629437138
67311,0.5465638687744342
67312,0.3759812518474452
67313,0.5445340400202733
67314,0.49160922015505665
67315,0.5683622563016049
67316,0.48618216645252627
67317,0.4353176926849266
67318,0.6197295803040418
67319,0.4692958157734939
67320,0.39869003025451444
67321,0.49772881995390106
67322,0.5548734949200249
67323,0.5370095833461843
67324,0.5502378822322406
67325,0.46464072110098603
67326,0.5227839070945972
67327,0.5687917847413628
67328,0.2236513821333945
67329,0.4171791579017485
67330,0.5628104940097198
67331,0.4213691938846862
67332,0.4741590964530736
67333,0.40169600338822237
67334,0.4678535655550573
67335,0.4194738893854502
67336,0.5446024934294366
67337,0.5636284546823098
67338,0.40506650380734605
67339,0.5761530104899077
67340,0.24523744833110064
67341,0.5332152162872656
67342,0.5871604072886539
67343,0.422939490548872
67344,0.48572685238152097
67345,0.5312447191291654
67346,0.3877516312202685
67347,0.5342695702718592
67348,0.374614404646801
67349,0.5940547848857518
67350,0.43816856465208365
67351,0.3441873318652771
67352,0.3928566160744535
67353,0.545919498693428
67354,0.4413099752396163
67355,0.3982031122332024
67356,0.4888952822782887
67357,0.3628722750089639
67358,0.5409530451763951
67359,0.5975422036897972
67360,0.5270007275316457
67361,0.4490651615800014
67362,0.42969793036145476
67363,0.4465958757421804
67364,0.43270036035336734
67365,0.4207987145862598
67366,0.5849329379677263
67367,0.5763095454239138
67368,0.5477971823787008
67369,0.39888145014027715
67370,0.5294068941255341
67371,0.5519404505719724
67372,0.5997947279375652
67373,0.49025432291123433
67374,0.6096842673244808
67375,0.5522841562328884
67376,0.5800750841342501
67377,0.5122144925509606
67378,0.4737395403959643
67379,0.42946479636231283
67380,0.5284577090947652
67381,0.42019504177249295
67382,0.5137884778169266
67383,0.5607281415267673
67384,0.5650332446605097
67385,0.5616986156953404
67386,0.23383917119451
67387,0.5302701607903018
67388,0.43432152762342846
67389,0.4891864658659711
67390,0.4282477112251282
67391,0.42066797728585764
67392,0.520754460429168
67393,0.38647605916239286
67394,0.5310599979643452
67395,0.5956161153041932
67396,0.5372913088691096
67397,0.554059080325296
67398,0.4223756333066545
67399,0.5791303099605626
67400,0.4799078501153628
67401,0.3817749138953044
67402,0.4319971763601273
67403,0.39837830489743853
67404,0.440976439934711
67405,0.4770012093834217
67406,0.5026875040840938
67407,0.43392905449279523
67408,0.4376628245385034
67409,0.5116058862560712
67410,0.52370980973873
67411,0.44141712954603757
67412,0.5438787611968823
67413,0.3917218826492923
67414,0.44684351167910863
67415,0.2681265583320227
67416,0.2754540100460546
67417,0.4939962075390923
67418,0.36331516245569745
67419,0.45645553827522445
67420,0.4120765069390753
67421,0.4961173718223467
67422,0.5299729539401299
67423,0.5276561436620146
67424,0.49649485810811045
67425,0.5704247006744311
67426,0.40517601003210796
67427,0.5419224398598157
67428,0.49583049368923987
67429,0.5386676366583832
67430,0.4023622645603102
67431,0.5800143230770728
67432,0.4472670988836993
67433,0.519695660318769
67434,0.39638516879575186
67435,0.4872382690063494
67436,0.4529224006424583
67437,0.4873179814473516
67438,0.40842086630777014
67439,0.23255516889740066
67440,0.44116925153914516
67441,0.5363535470909172
67442,0.4630269615345394
67443,0.3951185958881211
67444,0.6117177964796197
67445,0.5889425456410153
67446,0.5541647406153651
67447,0.6087610693542197
67448,0.5474685531675855
67449,0.5352699959541843
67450,0.4348328028024071
67451,0.3796507283973169
67452,0.4026767885920206
67453,0.5018782989914715
67454,0.6143041266438193
67455,0.5363865445685584
67456,0.26340790448636736
67457,0.4741202714256119
67458,0.4487361891843827
67459,0.3880871797535294
67460,0.41987324537490317
67461,0.37900993501059305
67462,0.5601682127110359
67463,0.48876704134480337
67464,0.5025903358331899
67465,0.32654435360888817
67466,0.3281148510143494
67467,0.5573548583413843
67468,0.38618714611078114
67469,0.5549844867464662
67470,0.2962153839495069
67471,0.46349925288285626
67472,0.5526761027925158
67473,0.5371447605382313
67474,0.43496503671780984
67475,0.5637715633596928
67476,0.5237155031428684
67477,0.49627474719959774
67478,0.4019578043892961
67479,0.5468590443453588
67480,0.5359102864477957
67481,0.5607010615471346
67482,0.5686356259839995
67483,0.2539212461044182
67484,0.5835008475027258
67485,0.537908233125898
67486,0.4392942963821602
67487,0.547096127584164
67488,0.5604401550148747
67489,0.573233163501093
67490,0.45747558565380253
67491,0.5523940277670918
67492,0.47733117269014436
67493,0.594768654283066
67494,0.39031311681645364
67495,0.510678529803262
67496,0.29610400150112154
67497,0.5120213341985594
67498,0.4722505426249871
67499,0.5448423805853041
67500,0.5432300984375407
67501,0.4319509774536467
67502,0.43728403446479186
67503,0.4385891933111035
67504,0.4792745106768351
67505,0.5601170509000596
67506,0.48042596681662253
67507,0.43933307588471066
67508,0.4157191504149305
67509,0.5656054457360606
67510,0.5874779516099137
67511,0.2653288185315854
67512,0.4148741173312296
67513,0.5654886230244852
67514,0.5616675474466313
67515,0.5427522713741195
67516,0.5550062197249035
67517,0.5441329955165238
67518,0.562288574930268
67519,0.2489464185755185
67520,0.5540283052965171
67521,0.5531935859670923
67522,0.5499254061899347
67523,0.43543753641259236
67524,0.6168591181851102
67525,0.5408789359961311
67526,0.45403331137684927
67527,0.5551298134565862
67528,0.448522391708638
67529,0.5562770092717968
67530,0.4111818971710958
67531,0.27525672053740396
67532,0.3791015297262758
67533,0.5688528113979358
67534,0.4600481452517693
67535,0.5655988858828649
67536,0.566894260542239
67537,0.4344603840640257
67538,0.5699560812882205
67539,0.4808837174949751
67540,0.43044548860371457
67541,0.43539223495350093
67542,0.5555097861341084
67543,0.4387520644712072
67544,0.41482477058383666
67545,0.5471978937745844
67546,0.5877438669786939
67547,0.4310360871874025
67548,0.5568978674039516
67549,0.4935355118360413
67550,0.5261839079827713
67551,0.6013879539544952
67552,0.4366579451092378
67553,0.48557004191089465
67554,0.2922375763144321
67555,0.5460788417621949
67556,0.4287299547694955
67557,0.5974835446148785
67558,0.5738279064867913
67559,0.43704248917015326
67560,0.42810460963950875
67561,0.22426580001679158
67562,0.48425499651182574
67563,0.6199942532005586
67564,0.5939714934548431
67565,0.31033594018205607
67566,0.41469768759091824
67567,0.452019748607765
67568,0.213750177765919
67569,0.4933239731138739
67570,0.5749483824596084
67571,0.5607143885298201
67572,0.29766315380516034
67573,0.5806927720442295
67574,0.5591334109402123
67575,0.5121572125253058
67576,0.4146456619200686
67577,0.589382239707558
67578,0.4515553931667714
67579,0.6062963264167924
67580,0.5551960642120288
67581,0.4514483465403527
67582,0.5496700232887441
67583,0.5596572517005635
67584,0.537514367582489
67585,0.3890797204735763
67586,0.5641982290844896
67587,0.37901039191943625
67588,0.21798637119255632
67589,0.4595295193260787
67590,0.45328781429811515
67591,0.40875261737425167
67592,0.23952686209873708
67593,0.6022410720916139
67594,0.31913567322173175
67595,0.43444099165999334
67596,0.5039854472074772
67597,0.6114880746965292
67598,0.43404316158131195
67599,0.6049408774246028
67600,0.5474401552458422
67601,0.5563009375787861
67602,0.3950629196195548
67603,0.5667766807604542
67604,0.5904790821950499
67605,0.536395409919632
67606,0.4160283993299216
67607,0.5709757325298909
67608,0.5652130740134702
67609,0.41224769683966944
67610,0.5528582257874726
67611,0.5153500417133544
67612,0.45388455743818706
67613,0.5509069183609249
67614,0.5810373362517638
67615,0.5501869290270325
67616,0.5550941866091395
67617,0.43369609285012173
67618,0.37948997830670095
67619,0.4462994150669411
67620,0.42032380021784405
67621,0.4266435301708092
67622,0.2783703931547456
67623,0.5871557061752989
67624,0.4983039410521366
67625,0.6079296981422175
67626,0.5902805272952519
67627,0.5556690506683939
67628,0.540863648639141
67629,0.44804866430118345
67630,0.4330279294995181
67631,0.6087705533776903
67632,0.5770744390582155
67633,0.4757126971399823
67634,0.5379259716897925
67635,0.448909040236561
67636,0.5337385606009614
67637,0.5102539048518646
67638,0.5454882001329966
67639,0.5125070114431501
67640,0.5251855525370855
67641,0.5557996839252994
67642,0.5810156873640684
67643,0.5683166043959768
67644,0.42458264413632313
67645,0.5709314457342262
67646,0.5274098111198772
67647,0.5326534901446073
67648,0.5670136029460073
67649,0.5365429630762428
67650,0.566104235637995
67651,0.4168621097072337
67652,0.5294210067508336
67653,0.5171310322361623
67654,0.5779140208086441
67655,0.5583276632886632
67656,0.5540702773907069
67657,0.47595488321365087
67658,0.5526152565179772
67659,0.5362674931661169
67660,0.45678061159179695
67661,0.5551227371090977
67662,0.5445860197350575
67663,0.5838899786780417
67664,0.5605729145525239
67665,0.5479594903963398
67666,0.5799457942825266
67667,0.5776910733300838
67668,0.45749661064443375
67669,0.5746542282928697
67670,0.46821182950035256
67671,0.5547704477070943
67672,0.43937786031443127
67673,0.4356344550889165
67674,0.5906500426061216
67675,0.38531137198906323
67676,0.40693179938248
67677,0.5474139842942053
67678,0.45954293325742707
67679,0.4004446894038243
67680,0.5527748368931343
67681,0.5924641774424336
67682,0.4045259223669661
67683,0.47564257604643384
67684,0.5511429637237866
67685,0.5320175678296517
67686,0.5481616529417315
67687,0.5570473787453847
67688,0.5148039656771775
67689,0.4109999163223763
67690,0.571052848204724
67691,0.5648282913589956
67692,0.4087234063570446
67693,0.5330246493095869
67694,0.5595857055203053
67695,0.44252619179623526
67696,0.5171396277055859
67697,0.5508878114320803
67698,0.43056212808922806
67699,0.41577380191505303
67700,0.3796252704567019
67701,0.36152622240411486
67702,0.5414458719863853
67703,0.5859508121278632
67704,0.3504103438716873
67705,0.48108851592134827
67706,0.3936054629103759
67707,0.2479518619251881
67708,0.5416441153388545
67709,0.4027344035538297
67710,0.384325632339699
67711,0.5719546928700832
67712,0.5292461449885111
67713,0.44533934333765346
67714,0.4136037923077446
67715,0.47784235030685074
67716,0.22016358384820567
67717,0.42618124391356826
67718,0.5802880656335996
67719,0.42228329184660546
67720,0.5370329342145351
67721,0.5963516415825745
67722,0.47717753319507616
67723,0.3840980342846755
67724,0.595469324038956
67725,0.25921755371678046
67726,0.42283665855907626
67727,0.4535838371270898
67728,0.44032211941080374
67729,0.5627964787249823
67730,0.5281931285004193
67731,0.44712048364816664
67732,0.3804436693164939
67733,0.5465311950436698
67734,0.5327608321725897
67735,0.47903772337998163
67736,0.4148274341967705
67737,0.33949776895537886
67738,0.19303789921454811
67739,0.2533813490740305
67740,0.394142031905892
67741,0.5159737085293137
67742,0.5443960427996005
67743,0.46923725124862353
67744,0.5741619216986918
67745,0.2543619810817507
67746,0.38882392500584584
67747,0.5479811788243346
67748,0.5453239938433314
67749,0.4161948765979918
67750,0.46002813174282703
67751,0.5807965977635364
67752,0.4368223889542819
67753,0.47925988259375146
67754,0.43574107160849473
67755,0.5353781408935538
67756,0.4623606307362292
67757,0.5484227516937089
67758,0.5036142438267323
67759,0.5449457603765752
67760,0.661969568444248
67761,0.5019942244006376
67762,0.5607523685184432
67763,0.42646493741027425
67764,0.5441503852305618
67765,0.4821943158301881
67766,0.5936384861992119
67767,0.5847686833308392
67768,0.20695235501013437
67769,0.44517682230038963
67770,0.42872750358716555
67771,0.4851692375591562
67772,0.5243148396488939
67773,0.2738205612148041
67774,0.5424960273784785
67775,0.5445087911928369
67776,0.573296232648119
67777,0.5175927939357379
67778,0.4453933321672561
67779,0.39019773627659127
67780,0.4784479714338781
67781,0.39554161826605455
67782,0.41317745652709625
67783,0.25859996441996885
67784,0.4391510042693406
67785,0.5984834742587211
67786,0.5455552058560115
67787,0.6022299223990546
67788,0.5464186000668251
67789,0.42626899232999377
67790,0.6122979079916107
67791,0.5678045355459743
67792,0.41135721817521753
67793,0.22870256191109947
67794,0.5576190375621207
67795,0.5843840148790607
67796,0.520731939563836
67797,0.48618491689456533
67798,0.41170663314734074
67799,0.5724321223855795
67800,0.4117949759463138
67801,0.5653658834041194
67802,0.5630901696870173
67803,0.4337048090401411
67804,0.37119126010932313
67805,0.5575672004673102
67806,0.6034496850694525
67807,0.5493353678596085
67808,0.4960579595553028
67809,0.4983531907505181
67810,0.4372957545547223
67811,0.5122407736440935
67812,0.38987924273771307
67813,0.5435978012363205
67814,0.3724767982367909
67815,0.47024143629768195
67816,0.4244494016864403
67817,0.5500584316593546
67818,0.5417563736909345
67819,0.41873766014713887
67820,0.5459769045576068
67821,0.551145240718352
67822,0.5331146649006547
67823,0.6089504260418743
67824,0.5216775801391944
67825,0.5269371055307073
67826,0.2947299664581041
67827,0.5082824961011743
67828,0.4102680995950875
67829,0.5885483045101041
67830,0.5945025557943627
67831,0.40357159384339036
67832,0.47638967333733007
67833,0.5761067194870291
67834,0.39851238757348834
67835,0.5345539510115437
67836,0.5782955956892692
67837,0.5501673635794629
67838,0.5398879720190513
67839,0.5168156531613388
67840,0.3992627175463331
67841,0.572393973262604
67842,0.4717981986364858
67843,0.5577004577008204
67844,0.5340565314534433
67845,0.5066925455840828
67846,0.5738437395659185
67847,0.524754109909016
67848,0.42058116589011685
67849,0.5529331275900875
67850,0.4610225112651139
67851,0.40271313607526715
67852,0.5547479266556843
67853,0.48044253006548776
67854,0.40815751261677863
67855,0.42223420782867294
67856,0.4280238322430336
67857,0.5580952697207805
67858,0.5356182447164458
67859,0.5518519689320178
67860,0.5239027809995874
67861,0.5579815687000869
67862,0.4495984924565271
67863,0.25604142516454653
67864,0.5046564093871054
67865,0.5223253289163924
67866,0.5642168980904663
67867,0.44142505450227304
67868,0.5215907784773121
67869,0.3826652658203522
67870,0.5562675294091391
67871,0.5047252461421934
67872,0.624150092406911
67873,0.5634906275289354
67874,0.4628689952296277
67875,0.4475251618174905
67876,0.4545553576646727
67877,0.4013437050001981
67878,0.5163325273965869
67879,0.396728356389715
67880,0.546459478176082
67881,0.5533412483444675
67882,0.4318075595590657
67883,0.3839763921356346
67884,0.4939863509848818
67885,0.41001995061180124
67886,0.4200353193986667
67887,0.5366951516013043
67888,0.6030035976458219
67889,0.4766336524015194
67890,0.5012826095125852
67891,0.37639549936244904
67892,0.47542302762097305
67893,0.4630275731395142
67894,0.4400146876291937
67895,0.5480909174240698
67896,0.28091582796313896
67897,0.5363051735670307
67898,0.41265609864872915
67899,0.23298146810692663
67900,0.40555359322848983
67901,0.4265495864969658
67902,0.5550271019815828
67903,0.4357063842842379
67904,0.5499764854709989
67905,0.5430339877440682
67906,0.5372633344635545
67907,0.24218535356393034
67908,0.5696964403780026
67909,0.5848532565484938
67910,0.47903790668570595
67911,0.5663067734922205
67912,0.5371878074782622
67913,0.582760133769296
67914,0.44942296656867564
67915,0.5026470289207016
67916,0.43327205764900356
67917,0.553949202752967
67918,0.4570871455781663
67919,0.5699976114419518
67920,0.5515304201164772
67921,0.263086935844007
67922,0.5428016493841838
67923,0.38613235736701895
67924,0.5722001777937424
67925,0.43510515056785504
67926,0.47350176708884667
67927,0.5467079633601675
67928,0.4101742238271043
67929,0.4265617295746996
67930,0.5233183779992011
67931,0.4033315876529139
67932,0.5477340659691364
67933,0.350342576700115
67934,0.3715399240217035
67935,0.4876406042144708
67936,0.5506712285591192
67937,0.5401223494395899
67938,0.42026412692096915
67939,0.5736613469946416
67940,0.4553773689741318
67941,0.5702104630119242
67942,0.47902091998276264
67943,0.4921661163798451
67944,0.3948528008801476
67945,0.5561363656847632
67946,0.496701551533319
67947,0.4862440842964969
67948,0.5534514666350309
67949,0.5961785199545944
67950,0.41023524444817583
67951,0.6135421815071549
67952,0.38258587123002646
67953,0.5633667405774557
67954,0.4096070702061281
67955,0.3540970027666945
67956,0.5618488786793905
67957,0.41777551982283895
67958,0.5695995916385336
67959,0.5624125402400056
67960,0.4170332351869901
67961,0.546758819992063
67962,0.5850843444319727
67963,0.5718308820329486
67964,0.5253973753822766
67965,0.4302745090317043
67966,0.32281018270463696
67967,0.5519179170416151
67968,0.5082822050561574
67969,0.3854691780985493
67970,0.5706899425405815
67971,0.47613310658273034
67972,0.40723801492393685
67973,0.3343277860293895
67974,0.39769966524701167
67975,0.43234105521317134
67976,0.5735292919283841
67977,0.5043520016668631
67978,0.397236045539618
67979,0.4439989277423754
67980,0.3938896425718571
67981,0.3679989415074601
67982,0.4429520384292336
67983,0.29263019421970776
67984,0.5650672309284963
67985,0.44827351671248944
67986,0.4560529062391997
67987,0.5248830850529448
67988,0.4266155779908294
67989,0.5730371240527161
67990,0.5062263503722583
67991,0.25724378308233126
67992,0.46759492508943756
67993,0.4128706591346367
67994,0.4135746221438326
67995,0.2974235622405817
67996,0.5897527152266675
67997,0.5357455994145867
67998,0.5872105973013478
67999,0.5386287700792362
68000,0.5469973562511533
68001,0.5289157619215634
68002,0.558718916139108
68003,0.5587131755381756
68004,0.4656611592653923
68005,0.4560179655084858
68006,0.547908950940741
68007,0.49917216936177233
68008,0.5113918664100338
68009,0.23114097023830166
68010,0.4250301070040921
68011,0.5419284737871987
68012,0.46417507661590135
68013,0.5845414933470557
68014,0.4675616294337419
68015,0.38211519551563666
68016,0.230210144338561
68017,0.5932992164032489
68018,0.5590267524022565
68019,0.43555473918599125
68020,0.41748048841299173
68021,0.4388294497057084
68022,0.4980504126586315
68023,0.5797911689996399
68024,0.39077913365981665
68025,0.4780224394581694
68026,0.504242243668069
68027,0.39262641720759617
68028,0.5575950697197211
68029,0.6021001652583717
68030,0.4291136237318633
68031,0.5195091222320763
68032,0.5566733499276219
68033,0.39708601915322816
68034,0.4713459373790188
68035,0.4016642196518005
68036,0.42158382801928906
68037,0.4132178976373934
68038,0.5379631157723893
68039,0.4012991239852341
68040,0.24413138131425885
68041,0.5411500023713409
68042,0.5356934034987704
68043,0.2605495838606593
68044,0.44541670934424626
68045,0.5399643101303291
68046,0.4250571537053939
68047,0.4890657791891651
68048,0.25262752376672776
68049,0.5484729756377605
68050,0.5625078062354067
68051,0.4777518428990361
68052,0.5343410178419402
68053,0.5778893996888392
68054,0.5557383338688159
68055,0.23249918750505577
68056,0.5355246233584228
68057,0.5353789638220754
68058,0.5793565601440797
68059,0.21992224760429413
68060,0.3921588749457039
68061,0.5158879244932291
68062,0.563892814449073
68063,0.5584590710572412
68064,0.5751812480731892
68065,0.5233837350289275
68066,0.49495551422202183
68067,0.5193434579514407
68068,0.5291580806650523
68069,0.38330480834969766
68070,0.44127530347194904
68071,0.5782153711969102
68072,0.5603478585748695
68073,0.5063548365162631
68074,0.22400875842316198
68075,0.5714210589921157
68076,0.3924448153479259
68077,0.5966430307561659
68078,0.4665244044725728
68079,0.42557250490912485
68080,0.5323087363518166
68081,0.5185488559507627
68082,0.468749643545485
68083,0.5448920124167549
68084,0.42689975682183307
68085,0.5770864886113574
68086,0.5922945874315281
68087,0.5445012310712327
68088,0.4188585550909752
68089,0.5250481049252819
68090,0.2269864127398381
68091,0.5834650793971666
68092,0.5727176198802914
68093,0.3989397390306556
68094,0.4926382984457432
68095,0.414001206773926
68096,0.524423057892421
68097,0.43124014449697984
68098,0.5092694542405756
68099,0.36775132569584335
68100,0.4216454978015717
68101,0.5108179099583865
68102,0.3602390864911123
68103,0.32522639119304186
68104,0.5970052596051105
68105,0.44623613620571834
68106,0.4273780235645247
68107,0.5026649214750089
68108,0.5545785931926593
68109,0.4853808647941289
68110,0.5933428392061699
68111,0.5877197339923597
68112,0.5524933954791699
68113,0.47453377113749595
68114,0.5303982754251908
68115,0.7823070843436851
68116,0.48272827638785015
68117,0.5633226197040572
68118,0.35960599372061636
68119,0.44966133753388116
68120,0.5286129728745158
68121,0.5549133142196305
68122,0.35276848387728005
68123,0.5579849274537619
68124,0.513604275087571
68125,0.4116219429986926
68126,0.576085406969074
68127,0.3772619724027444
68128,0.5236203402216505
68129,0.44011797776644357
68130,0.5491664392782847
68131,0.3771810304703584
68132,0.39971400704756027
68133,0.527315059522054
68134,0.6087262508837613
68135,0.32343924157046433
68136,0.5737295723065039
68137,0.4407091660989647
68138,0.5541928888416859
68139,0.5401233625414016
68140,0.534803223507499
68141,0.43511776339616154
68142,0.4319179038797385
68143,0.41514568203789354
68144,0.39647334019929864
68145,0.4082811503250296
68146,0.33823297578795647
68147,0.4660273723731594
68148,0.5499571129149747
68149,0.5155090257271615
68150,0.4629098894044863
68151,0.20430825340957365
68152,0.44780082970224155
68153,0.5750633228486073
68154,0.5457171240762735
68155,0.4888902343528161
68156,0.36923368831087644
68157,0.5429199411615474
68158,0.3745008886232349
68159,0.4357455899032311
68160,0.508730595038983
68161,0.5741154255608751
68162,0.4379909650411008
68163,0.5488548882802968
68164,0.5227024817964988
68165,0.5866019374441971
68166,0.6077660779883486
68167,0.42458534279717264
68168,0.5215028669014974
68169,0.5120478774695049
68170,0.4303611946270597
68171,0.5351002051909982
68172,0.5835718648297641
68173,0.44106338056600686
68174,0.3982514571823969
68175,0.4492112132306113
68176,0.40935647639187256
68177,0.42887884421361205
68178,0.3917685131311752
68179,0.5812613194832248
68180,0.5275631232830362
68181,0.5167133630095483
68182,0.2615099170917543
68183,0.41895595034110994
68184,0.408088130026557
68185,0.44090822218914655
68186,0.4884310970726073
68187,0.5288119299002801
68188,0.42269901020594197
68189,0.42072096751694016
68190,0.5433385486770493
68191,0.5666005047744244
68192,0.5552882371217363
68193,0.47523719606149945
68194,0.45893255700126395
68195,0.5216501870957652
68196,0.5706587813651538
68197,0.5523482062026279
68198,0.5521701893428086
68199,0.45004326947982953
68200,0.5651211813674056
68201,0.5552504856687587
68202,0.5930489082632175
68203,0.505471304433682
68204,0.38606826259550675
68205,0.5333275096583726
68206,0.48435086168979397
68207,0.3919544559179281
68208,0.5202335491958889
68209,0.36083868202046054
68210,0.44940386402926996
68211,0.5588093087466548
68212,0.5251923522053874
68213,0.41337563684732365
68214,0.44836307971723716
68215,0.5514991889687797
68216,0.5594345586844387
68217,0.5101660989043633
68218,0.5585170911236922
68219,0.5380214555615348
68220,0.5301097377429527
68221,0.399519066492533
68222,0.4724890943041128
68223,0.5300146317603612
68224,0.4403652765652009
68225,0.5567053911303464
68226,0.35503530909245923
68227,0.4085485568461056
68228,0.5355662772967551
68229,0.3884804713097107
68230,0.5092533258691808
68231,0.601583953076213
68232,0.6031203452116347
68233,0.5351701428329645
68234,0.538198205669951
68235,0.3974882192583953
68236,0.5693104220385721
68237,0.4116921273584233
68238,0.4401302752719386
68239,0.5235484221516772
68240,0.5397035398169305
68241,0.5600853324742547
68242,0.5762928439669431
68243,0.4619820770880727
68244,0.2606283329204701
68245,0.6142560367460511
68246,0.5085339576064479
68247,0.49732840808593126
68248,0.39067217321412223
68249,0.41737940429484904
68250,0.4770162006517274
68251,0.5486455886917379
68252,0.43219836167859277
68253,0.5573141661600187
68254,0.5726310475747547
68255,0.5678796902733462
68256,0.34334507974714934
68257,0.3832134743431218
68258,0.5310562727866629
68259,0.44108169632479916
68260,0.5979633272459693
68261,0.601259282933569
68262,0.5455144338084691
68263,0.5596622489578056
68264,0.4779354853937255
68265,0.5492138099233933
68266,0.5046874491194377
68267,0.508159893236772
68268,0.5259237689716347
68269,0.5591431412785004
68270,0.48129520716479235
68271,0.45177129990573306
68272,0.5373593062642414
68273,0.527006250123121
68274,0.5210427779520671
68275,0.40262025125459294
68276,0.5548361627255758
68277,0.47828834063234266
68278,0.5181028874232275
68279,0.5406494460741214
68280,0.44183629288601384
68281,0.25680288634100074
68282,0.40423000123018304
68283,0.5544658725311742
68284,0.5270639359192164
68285,0.4302276123845656
68286,0.4188778106142482
68287,0.5337207108237094
68288,0.5547441666112461
68289,0.3958205901645579
68290,0.5158971785358127
68291,0.5172401039401601
68292,0.3969788375920629
68293,0.5897116166413807
68294,0.4716090142622938
68295,0.3876054550592222
68296,0.5395203567010115
68297,0.4384842485609364
68298,0.3544993544373134
68299,0.45236273207418515
68300,0.519802785433207
68301,0.3763824084275786
68302,0.44034160695065494
68303,0.5076419260627243
68304,0.5787644226544953
68305,0.4399011948757299
68306,0.39467842207130127
68307,0.6358210935398417
68308,0.5499647619881649
68309,0.5467931625347106
68310,0.39836334532707546
68311,0.3613202891887993
68312,0.5361205481596415
68313,0.5231184247389644
68314,0.5434724811926547
68315,0.4098121100627021
68316,0.44386706558897
68317,0.5380673631558692
68318,0.4517870519986997
68319,0.5624919556899869
68320,0.5834729357062606
68321,0.5907706722327695
68322,0.49642129003782776
68323,0.49515869717189115
68324,0.5485912476370354
68325,0.4708639487696669
68326,0.49656805194021086
68327,0.5402659657077807
68328,0.24921933562764428
68329,0.6001369038227443
68330,0.3025382011900646
68331,0.4157293461788187
68332,0.48459066886097363
68333,0.5391345448978019
68334,0.3729282577757633
68335,0.45039398836318933
68336,0.4455992667721329
68337,0.46686444208777533
68338,0.5562166621193143
68339,0.43980516237545264
68340,0.4864347501526542
68341,0.5355569985116698
68342,0.5442333922035955
68343,0.42520917688074117
68344,0.1949199364305212
68345,0.532533156390227
68346,0.5164186202482385
68347,0.6051410447048805
68348,0.42257333053185137
68349,0.5968547098226535
68350,0.42669098129600685
68351,0.6540589932060831
68352,0.41713603833489304
68353,0.40493062185288575
68354,0.3661326471066842
68355,0.5331831224424493
68356,0.4156279964410971
68357,0.5519708025481702
68358,0.5676294144835444
68359,0.44317285276722596
68360,0.5956607385822105
68361,0.3167814274128448
68362,0.5693802539926275
68363,0.46350959362413835
68364,0.4872407675189693
68365,0.5781664584994431
68366,0.4314810940385577
68367,0.3634078850846774
68368,0.3167111066814517
68369,0.4238568550026937
68370,0.569986530638715
68371,0.5355476846216061
68372,0.3930473369864383
68373,0.44585310291828956
68374,0.3999277074368477
68375,0.5568846450327709
68376,0.42946174900539824
68377,0.5879400468229175
68378,0.5554805903656109
68379,0.5449387801755691
68380,0.4333150783679226
68381,0.5163465568196841
68382,0.5531784810564602
68383,0.4944029639957559
68384,0.4535235246805155
68385,0.4724659403146028
68386,0.4010147495006025
68387,0.5462149073517736
68388,0.4916138989411674
68389,0.5345710180920652
68390,0.4561150141546024
68391,0.4391796860227272
68392,0.4229260631118978
68393,0.5058479566964355
68394,0.5442974285073602
68395,0.5236969576771398
68396,0.37949865370393965
68397,0.5669622745229704
68398,0.4304656488317502
68399,0.6084001016637128
68400,0.5715630562252948
68401,0.42268065176686653
68402,0.4742095644344744
68403,0.5305277628630891
68404,0.5348148060871855
68405,0.5397549255698579
68406,0.5176725675878199
68407,0.5691432915235325
68408,0.48649918486815635
68409,0.5430421741475321
68410,0.5888094042932442
68411,0.463009095815322
68412,0.5914459065579114
68413,0.5601082232108412
68414,0.582753221243781
68415,0.4605851306721803
68416,0.42419749103128634
68417,0.5630886076120988
68418,0.5598072913513455
68419,0.4395331264426711
68420,0.3977354197752386
68421,0.5173073794368429
68422,0.4091348523898755
68423,0.4708448899907527
68424,0.5028265650154162
68425,0.5440923520728241
68426,0.40636949104118336
68427,0.5530278668457081
68428,0.5893589899183037
68429,0.40749467638824216
68430,0.47414730214458517
68431,0.435836002241598
68432,0.5716869105882123
68433,0.39971174306021395
68434,0.4704501458543981
68435,0.5670161743035916
68436,0.5009121132462755
68437,0.5793152978225886
68438,0.4268596126398761
68439,0.5223662717769059
68440,0.44889702433337547
68441,0.4840284428009661
68442,0.3915813676734445
68443,0.38017039429154914
68444,0.38091908746056574
68445,0.2764274344908213
68446,0.36705992722853553
68447,0.5644202810006548
68448,0.4890830057031626
68449,0.5671479140384869
68450,0.5697633920362215
68451,0.5101109963152107
68452,0.646910875088474
68453,0.6201933724728288
68454,0.5641408516307267
68455,0.517892654982755
68456,0.4232249895248126
68457,0.41037516721978595
68458,0.4297295025055192
68459,0.23654611210603235
68460,0.5183081630353397
68461,0.5433293130910986
68462,0.23558340486565474
68463,0.5545183730218857
68464,0.4283263196750405
68465,0.3768238618385749
68466,0.5183253643129979
68467,0.527642369603729
68468,0.5483284055055733
68469,0.40824909010034394
68470,0.2502919347450518
68471,0.42662294615654317
68472,0.3810311970931567
68473,0.5544223512338619
68474,0.5422279733424609
68475,0.5422626136000905
68476,0.5404802136625767
68477,0.3248504143526385
68478,0.537984572100435
68479,0.4329627283738662
68480,0.5579006581642937
68481,0.43747158323410595
68482,0.46012051274181937
68483,0.251563877294148
68484,0.6123265922105573
68485,0.5341987250816903
68486,0.4007469119673348
68487,0.4524680682212208
68488,0.43796374011211625
68489,0.5320005493303273
68490,0.4605756949631598
68491,0.2984436450603147
68492,0.3541398012758786
68493,0.26049665345036044
68494,0.4226836228828088
68495,0.4057456102109641
68496,0.43313883408902
68497,0.5542888926745224
68498,0.5625821886246006
68499,0.4452226248828297
68500,0.4117293544082549
68501,0.5365473555009805
68502,0.5502915675291646
68503,0.5458857476344177
68504,0.5612642067905981
68505,0.5314790848191377
68506,0.5152018204777704
68507,0.4145228909390702
68508,0.5237378477705437
68509,0.42003517262926204
68510,0.5191111121992623
68511,0.5753482714813565
68512,0.43782336886081535
68513,0.4618340566184452
68514,0.6041851155694602
68515,0.41031660555682176
68516,0.46133915601900455
68517,0.44709973607317754
68518,0.5106126749772436
68519,0.42685040137225755
68520,0.41530721700091855
68521,0.4977216943616292
68522,0.38374546121395464
68523,0.4163352509102682
68524,0.47318787119700106
68525,0.5599111673283844
68526,0.5630312986357855
68527,0.5278256184925939
68528,0.6047418033118882
68529,0.5206226809252381
68530,0.5653050111786949
68531,0.4433913255843962
68532,0.5279352640210465
68533,0.4493924914847667
68534,0.46760709090617647
68535,0.5617727432395943
68536,0.5587834802513671
68537,0.5676883364150374
68538,0.44588655240687364
68539,0.41133530270613855
68540,0.5405239069935122
68541,0.40517891007288903
68542,0.5114268376942308
68543,0.5215564247650208
68544,0.4173165851465328
68545,0.5925331764405359
68546,0.6183695894663419
68547,0.4270820784067888
68548,0.46336142595434204
68549,0.5456723166200524
68550,0.3811596154703192
68551,0.46124536852887466
68552,0.44619815581166417
68553,0.3884035220945302
68554,0.5575604463696427
68555,0.534711419202983
68556,0.4251238978688338
68557,0.4884729421860363
68558,0.4844035154920988
68559,0.7316950259033079
68560,0.4161363546779396
68561,0.45314124028251557
68562,0.4568359489447552
68563,0.5836744069079576
68564,0.5090123755968371
68565,0.42401450796843376
68566,0.4479914001900541
68567,0.4964228533772047
68568,0.4127587529818276
68569,0.49576877695895233
68570,0.5981787534258475
68571,0.4408325568718184
68572,0.57832144089871
68573,0.45982489232405005
68574,0.4910148599718561
68575,0.5271389629994846
68576,0.5750275530690817
68577,0.4234032605626474
68578,0.5377326968088671
68579,0.3276154568954644
68580,0.5418845496934808
68581,0.5073411051077031
68582,0.5289439814983692
68583,0.4314893325352685
68584,0.516396889797171
68585,0.4150673886442912
68586,0.46491973526625413
68587,0.4440824314892319
68588,0.4749972849379461
68589,0.5295214067334592
68590,0.4834201759096521
68591,0.412083890947624
68592,0.3517613471423934
68593,0.4181796377659573
68594,0.3117647888867872
68595,0.40592859637803813
68596,0.5968396449591835
68597,0.2886225310165282
68598,0.4193174311024667
68599,0.5822725035602832
68600,0.5437403412324006
68601,0.47873775856940803
68602,0.5320078360294129
68603,0.5775982450098401
68604,0.5796090786789534
68605,0.4381575443745188
68606,0.34750283750549077
68607,0.5333936952259495
68608,0.5008431555305047
68609,0.39902932974361227
68610,0.41378462351045464
68611,0.41487266797709405
68612,0.5694012512493071
68613,0.5546093762738588
68614,0.4159027158080489
68615,0.5907801843168179
68616,0.42897134785253926
68617,0.41365789610287895
68618,0.544657891497437
68619,0.5421912970617705
68620,0.5762280042213948
68621,0.4876092100899757
68622,0.38346284925258406
68623,0.42630955729433045
68624,0.5976446296903738
68625,0.5553600669666071
68626,0.26076788062654005
68627,0.43259668957512903
68628,0.37240084362891024
68629,0.3746102875338704
68630,0.4510016861254039
68631,0.5207756631335699
68632,0.5410602556216877
68633,0.4328986695113311
68634,0.5553994857291777
68635,0.5453768105286024
68636,0.5569908625695269
68637,0.26897920900757744
68638,0.40029939047039975
68639,0.5772337221803431
68640,0.5758158086872772
68641,0.5203408303581576
68642,0.46592204940672477
68643,0.5471537291729783
68644,0.5768665606009776
68645,0.45494484882766967
68646,0.44997392387646257
68647,0.426431275641045
68648,0.21153119418822408
68649,0.5588496777596934
68650,0.4938906828234673
68651,0.4709096483184215
68652,0.519858461272798
68653,0.5035078275990378
68654,0.5250869061084843
68655,0.43669756513569974
68656,0.4292980738848492
68657,0.5500797207667567
68658,0.43770017592905
68659,0.4195117267690808
68660,0.5352031502107192
68661,0.5361848458663299
68662,0.43388524561300884
68663,0.5543622391251858
68664,0.3898167829071131
68665,0.511933544402547
68666,0.5877256984154148
68667,0.5153633703969533
68668,0.39273142634784847
68669,0.497547825799026
68670,0.4133987728230928
68671,0.49320672691409806
68672,0.18963877633804305
68673,0.48546742609640636
68674,0.5927349975432704
68675,0.5522737957180077
68676,0.30274346006368963
68677,0.2537749578672439
68678,0.5825460146730638
68679,0.6040374417301625
68680,0.5778418110499068
68681,0.549764645042677
68682,0.5758769596431024
68683,0.5310869746139911
68684,0.45059501616963843
68685,0.5575419698697772
68686,0.41211067379761973
68687,0.5272330000684963
68688,0.40153089654278773
68689,0.3870380923605342
68690,0.31473560428575253
68691,0.4296387629169595
68692,0.3970423844576312
68693,0.5453266133165475
68694,0.5518051467008048
68695,0.4614879817577228
68696,0.5445771814809424
68697,0.5881121202743192
68698,0.4538751641953858
68699,0.39674171263432545
68700,0.3905579642339622
68701,0.22668315296954927
68702,0.5610498269112485
68703,0.458209685617982
68704,0.4121294224723949
68705,0.5603698444786561
68706,0.4546498514297119
68707,0.589645865427741
68708,0.5928817866392925
68709,0.5609734668573809
68710,0.5307729366014142
68711,0.5771849715324932
68712,0.5773280433848469
68713,0.3787255156793303
68714,0.266484540502262
68715,0.5172322208034195
68716,0.5582019550921669
68717,0.5942058713810827
68718,0.559072294587755
68719,0.42252704090584037
68720,0.4450970703528682
68721,0.484387801704378
68722,0.5539893152462545
68723,0.22465029233805547
68724,0.5614968530806612
68725,0.38161516193789
68726,0.5892128891057279
68727,0.5161941342767886
68728,0.379441480236301
68729,0.5612827371874451
68730,0.40699174808847494
68731,0.39228295251281253
68732,0.29275288578419584
68733,0.5230077351763414
68734,0.5221857704758636
68735,0.548225188015742
68736,0.509315333332237
68737,0.4352926963283821
68738,0.4808865445340196
68739,0.45372253893621234
68740,0.3456107513782967
68741,0.5636254796609801
68742,0.5631973909215422
68743,0.5106388368015591
68744,0.4577847173856316
68745,0.44134254766238845
68746,0.5774881356382368
68747,0.5042562052732734
68748,0.4117188931673228
68749,0.5233825674420327
68750,0.5579622522431106
68751,0.5590569434253652
68752,0.5557675408418233
68753,0.5393616355074986
68754,0.5555854729271631
68755,0.17848209403784762
68756,0.482844713269917
68757,0.5319203975962512
68758,0.5482079566623134
68759,0.429988736773228
68760,0.46733930266142343
68761,0.41313949502935177
68762,0.5543636495959386
68763,0.5293822263763047
68764,0.2570570774370153
68765,0.4256659684645336
68766,0.5408250420765744
68767,0.3990729268360529
68768,0.5716087389613664
68769,0.388002044813889
68770,0.42147992180972643
68771,0.5612579157599747
68772,0.39843115074796054
68773,0.4818084750879079
68774,0.454101778205351
68775,0.4038882990013256
68776,0.5797683837975116
68777,0.4016649264128444
68778,0.547807360827705
68779,0.532048210621211
68780,0.424531575680942
68781,0.4483519569601725
68782,0.573424438214169
68783,0.5712651805066706
68784,0.49645288133355764
68785,0.573967807575218
68786,0.461119406285053
68787,0.4419016721680205
68788,0.6026027651820829
68789,0.42272600726297344
68790,0.46537958721203826
68791,0.5522548878742624
68792,0.5325486883962868
68793,0.5054417433628019
68794,0.5234849345022276
68795,0.4958109791523223
68796,0.3933866807927439
68797,0.42720700378225385
68798,0.5501602744763269
68799,0.570663866623453
68800,0.4358746129033011
68801,0.42172453329995335
68802,0.40981227566128764
68803,0.3809749319876325
68804,0.5604340682815607
68805,0.42836065327873213
68806,0.5521548618908515
68807,0.43877345418502
68808,0.4361567092670576
68809,0.4897669063237106
68810,0.5220980732011515
68811,0.42472847304658934
68812,0.38882190368142683
68813,0.5262791874755226
68814,0.5122202490807124
68815,0.35421357718203794
68816,0.6225362598097415
68817,0.6066145035403883
68818,0.5609240660395185
68819,0.5522593773588502
68820,0.47835494459441485
68821,0.6130998169603078
68822,0.3976541370868641
68823,0.45095531022495033
68824,0.2386315421253877
68825,0.5701235900639846
68826,0.4054113954036842
68827,0.4361092640069439
68828,0.503485102360888
68829,0.5258797903434385
68830,0.37042006567464963
68831,0.2697250145310232
68832,0.5296515666117627
68833,0.531578040385969
68834,0.4339081850831055
68835,0.5229507973327229
68836,0.45181932945646475
68837,0.45357479695516983
68838,0.5482738956454237
68839,0.5338562388359206
68840,0.4831099989918878
68841,0.45381481960661124
68842,0.4249831829019081
68843,0.567102983425693
68844,0.5629004189763706
68845,0.5003387708723327
68846,0.4263105782852714
68847,0.5914233903071073
68848,0.5392126480980626
68849,0.48397175476222043
68850,0.4081848539606316
68851,0.5784920705003816
68852,0.5676475563125973
68853,0.528238762260326
68854,0.47456016455399275
68855,0.3408816060513288
68856,0.5910782190995816
68857,0.4222828260965616
68858,0.5467752071004727
68859,0.2943716382238183
68860,0.4346309000759326
68861,0.49109716770712536
68862,0.3556962611238663
68863,0.24676552306178412
68864,0.5270663200309981
68865,0.5232117702678007
68866,0.4123688723542968
68867,0.33255737040095623
68868,0.5772911356947723
68869,0.49666694623863245
68870,0.3051216703616672
68871,0.5946366991901714
68872,0.5537272437487617
68873,0.42118461825093056
68874,0.5151813822431051
68875,0.5196551731049638
68876,0.5780340175390651
68877,0.576364328709442
68878,0.562413933064044
68879,0.4677129764316633
68880,0.5802237398240374
68881,0.20446203104409705
68882,0.5986657418730809
68883,0.5362978113800829
68884,0.5605806348775713
68885,0.3816454330723312
68886,0.5778302678139842
68887,0.5438695706198788
68888,0.5555704162149271
68889,0.4800142129508962
68890,0.5588753576709226
68891,0.526026561750429
68892,0.38299355231947907
68893,0.37900504722312045
68894,0.4244644863679891
68895,0.4250828511491097
68896,0.5884354807476952
68897,0.4212040572474737
68898,0.4520274704375056
68899,0.5238790201649917
68900,0.4899749896059095
68901,0.4448417231418351
68902,0.48118396579433187
68903,0.5162161393158576
68904,0.4036985696887469
68905,0.41159720080652223
68906,0.5658575726826304
68907,0.5296205189667463
68908,0.5313822690858624
68909,0.4604127445290284
68910,0.5431828032100888
68911,0.5571921905192675
68912,0.45533560403369705
68913,0.4344216071449027
68914,0.473817850942068
68915,0.5663438060064218
68916,0.5731400782690623
68917,0.4310895261656998
68918,0.4002973667081973
68919,0.5573262054632091
68920,0.5243100209842139
68921,0.5410879634017662
68922,0.5252951551785814
68923,0.5799604639562052
68924,0.5255921275507653
68925,0.25221243388782083
68926,0.43135591465522727
68927,0.5907590330601532
68928,0.5243228875471442
68929,0.43384450264223207
68930,0.5382163153889665
68931,0.47443222390341194
68932,0.6498143771369084
68933,0.4268953805371552
68934,0.5810155452931162
68935,0.5021225675660557
68936,0.5391982619696224
68937,0.44149510692783644
68938,0.5016743349176667
68939,0.4173829371144571
68940,0.6164243032195682
68941,0.5420777885126818
68942,0.4610357494258266
68943,0.4731493676929919
68944,0.5611368119294856
68945,0.49279435861865056
68946,0.5225326954300672
68947,0.28589214948941016
68948,0.4566435822386734
68949,0.549980217175945
68950,0.5666776108429132
68951,0.4737312676245691
68952,0.5689722102952495
68953,0.5323953493021549
68954,0.5429056621910237
68955,0.5062881455978108
68956,0.388228155478962
68957,0.4582106781982247
68958,0.5368434073952146
68959,0.5763213346899465
68960,0.4909891249070799
68961,0.3069830807169652
68962,0.41454242427062127
68963,0.43183594923235114
68964,0.4274513306514074
68965,0.4839849667095933
68966,0.555031094785483
68967,0.5518850103787257
68968,0.408484169674922
68969,0.5830229845807497
68970,0.5825952961714399
68971,0.5311836456135702
68972,0.550550835156828
68973,0.3877012018467498
68974,0.4531825880398238
68975,0.5767386261937064
68976,0.44257911306945996
68977,0.5475925199269025
68978,0.5438366010610746
68979,0.4054760366459604
68980,0.487125296964448
68981,0.5724746421774877
68982,0.5227594085163794
68983,0.5453664217220758
68984,0.5395954816186006
68985,0.5402328340331796
68986,0.5579829096847405
68987,0.49430178038022154
68988,0.22679394770038952
68989,0.5400411625805723
68990,0.5807275834758132
68991,0.5433205954130301
68992,0.5651282718779035
68993,0.4394200629829803
68994,0.29134755013051805
68995,0.43942847383017747
68996,0.49115361592992024
68997,0.4972896121772746
68998,0.5078759330645605
68999,0.5547751235961351
69000,0.4917869597566734
69001,0.41491587651313416
69002,0.5418135715415128
69003,0.5964716499595922
69004,0.516719434821592
69005,0.5925281883630593
69006,0.5693570317047294
69007,0.45509458627929156
69008,0.34473925882417605
69009,0.5023609565567416
69010,0.5553937603546912
69011,0.27605610352955123
69012,0.47063854683466033
69013,0.23005796367297607
69014,0.5910775641890745
69015,0.5375907583181695
69016,0.44339582651292403
69017,0.4705894210676976
69018,0.41140286258685305
69019,0.5113275528741342
69020,0.3879389802681671
69021,0.5686983159197342
69022,0.5273836345823598
69023,0.44852425208213903
69024,0.40818627268388835
69025,0.5128429803107522
69026,0.36607810072052627
69027,0.36720457715635596
69028,0.5807732094513214
69029,0.5702740661680944
69030,0.38858694143727845
69031,0.4956390925944681
69032,0.5346375384174585
69033,0.5048973618382692
69034,0.4371604128044191
69035,0.417897660046705
69036,0.3775742523606643
69037,0.44890953027818453
69038,0.5308065005441008
69039,0.5512021507128559
69040,0.5425110048596242
69041,0.5692614178063645
69042,0.554249484299113
69043,0.5694046253178933
69044,0.462179893930841
69045,0.5334167255141327
69046,0.5796298590059529
69047,0.4380425515072238
69048,0.4256803162650008
69049,0.5137024964038841
69050,0.3958513005266967
69051,0.41103660745906445
69052,0.556695284962025
69053,0.5048754078519854
69054,0.46590867098118927
69055,0.4857692518616163
69056,0.5625724191958064
69057,0.5756070965976202
69058,0.5443834971864274
69059,0.5618011283911919
69060,0.5436330541080661
69061,0.2778993542507346
69062,0.2360235358807698
69063,0.48673794783901125
69064,0.5668820160906609
69065,0.5097624782479341
69066,0.44789009362479376
69067,0.46019800248766113
69068,0.5684224517092435
69069,0.3667660605415363
69070,0.4507646490713553
69071,0.5258744962224974
69072,0.44526098452091784
69073,0.5526122108339819
69074,0.5219770705042471
69075,0.5466224440086777
69076,0.43586153942040573
69077,0.21621131799751447
69078,0.5692461180900739
69079,0.28309147452788747
69080,0.5307440822316525
69081,0.4501190345123235
69082,0.5773952725079294
69083,0.44178049121949664
69084,0.29366820814054995
69085,0.26079612961701554
69086,0.5866732550229743
69087,0.5589407068194733
69088,0.47074572605675946
69089,0.5640978319764927
69090,0.42304876245366685
69091,0.47511332155250463
69092,0.40235993171536366
69093,0.5470429659211733
69094,0.3974515731939142
69095,0.42732363496881315
69096,0.5445458107806261
69097,0.40355137166865995
69098,0.43068939013951757
69099,0.5643488757356552
69100,0.5391568329381773
69101,0.38427315770316983
69102,0.5338873924494867
69103,0.5524640876046839
69104,0.5216492605527089
69105,0.5629626892974429
69106,0.5648353072189843
69107,0.5327494338217912
69108,0.5602821922175134
69109,0.4251468226736749
69110,0.5718764567763239
69111,0.5690485178929309
69112,0.44049612017642303
69113,0.5787953932167456
69114,0.5743788024988714
69115,0.5499138719985103
69116,0.4464131927649205
69117,0.5038571969256942
69118,0.5015368479300569
69119,0.30184751024878564
69120,0.2612678952728045
69121,0.6248910365939098
69122,0.4694099706259588
69123,0.4689001103741638
69124,0.42024903800678765
69125,0.4908403245666265
69126,0.5440324715197238
69127,0.5625718445987259
69128,0.463400413897571
69129,0.3507783872863427
69130,0.43440335909309985
69131,0.41761214850977185
69132,0.15919449901229168
69133,0.39250288053918697
69134,0.43101569137673307
69135,0.42211583198585956
69136,0.4916874734417044
69137,0.4868338111576622
69138,0.27007714622355816
69139,0.5512059291793934
69140,0.3567556741993841
69141,0.4713994888995201
69142,0.4124050745608106
69143,0.5529358368702557
69144,0.5274513387231134
69145,0.5133281281567285
69146,0.5690817594259353
69147,0.4505311606289792
69148,0.6057527864873494
69149,0.5784769334230108
69150,0.6064993699122692
69151,0.28364071166114435
69152,0.484403897120886
69153,0.4880908220434414
69154,0.5004715074731314
69155,0.5559305937875268
69156,0.5771658369838562
69157,0.24663763418114534
69158,0.49727076538698645
69159,0.520342826121837
69160,0.5617278531996538
69161,0.5301968405905879
69162,0.45392606869949603
69163,0.44362360315072347
69164,0.3959977973498118
69165,0.4030002049044628
69166,0.5620524390323683
69167,0.5752972554397754
69168,0.5472557670045813
69169,0.5448905537930213
69170,0.5108639404621539
69171,0.2789209079663269
69172,0.2577486222089519
69173,0.5396735712992755
69174,0.4980225873409931
69175,0.5521953877283292
69176,0.5648450521710509
69177,0.5621990597695922
69178,0.470851281974697
69179,0.5662509777573346
69180,0.5411602105755989
69181,0.5590839551646478
69182,0.5166292387275007
69183,0.5546870360490002
69184,0.47673875263308046
69185,0.4973845315684973
69186,0.45519077632903693
69187,0.5912974882787968
69188,0.4156170760882032
69189,0.20337171374427324
69190,0.4736424649265963
69191,0.5484996085367321
69192,0.5499883046267944
69193,0.5549586231265649
69194,0.446962898840401
69195,0.5312810309068857
69196,0.5873050608555022
69197,0.5484808834713495
69198,0.552041219652795
69199,0.5588090888586891
69200,0.5637737775499656
69201,0.4949251945964171
69202,0.41413594175404117
69203,0.465457780086225
69204,0.5517778275252093
69205,0.44889784016078066
69206,0.4677773097776569
69207,0.5300110309947049
69208,0.3965204537139161
69209,0.5864148122643644
69210,0.5441386928793085
69211,0.5632108188437036
69212,0.4540091204511416
69213,0.30472647549409765
69214,0.5459808690009795
69215,0.4399053903806364
69216,0.5095993989014056
69217,0.5715886306437521
69218,0.4596330905293077
69219,0.5606882372738613
69220,0.5431967375731153
69221,0.5734779330737954
69222,0.4350520222477185
69223,0.4450622954784898
69224,0.22281074027728065
69225,0.25504365271286583
69226,0.5588291547090658
69227,0.3639483973321274
69228,0.5451745395328653
69229,0.5686977709438547
69230,0.4091635129932542
69231,0.5336642072731711
69232,0.4080803137524065
69233,0.5998812983916252
69234,0.5689707037149025
69235,0.4036479819237735
69236,0.5407136117155938
69237,0.5615212335188128
69238,0.39037990779435006
69239,0.3695715402314811
69240,0.4273719067175306
69241,0.5070693137749872
69242,0.5578678230403404
69243,0.4109592637251814
69244,0.468111416690243
69245,0.5702560342404389
69246,0.5255270469878093
69247,0.44729514743159693
69248,0.4951966690356517
69249,0.5419651011942295
69250,0.5543486377875589
69251,0.5415276976851822
69252,0.5409310420466459
69253,0.4204704920166989
69254,0.5799563264459319
69255,0.4881295427374924
69256,0.42780550157914
69257,0.41697988309081213
69258,0.4181711559606307
69259,0.5848057400440766
69260,0.46507498319557544
69261,0.5203666720333432
69262,0.42059432710556705
69263,0.3918538674391335
69264,0.20080814281585307
69265,0.541183460864333
69266,0.5597057096997468
69267,0.5679264283957308
69268,0.5503362074461717
69269,0.5383523095383369
69270,0.40029299868897655
69271,0.40531208922821016
69272,0.5728264590014119
69273,0.5624602068989687
69274,0.5048900015619681
69275,0.48958202312982874
69276,0.3856251287849513
69277,0.405175538773741
69278,0.6180986455318344
69279,0.4796794455744271
69280,0.3631665282016142
69281,0.5725613276239965
69282,0.44561670347152327
69283,0.5561486087704371
69284,0.5597966146387116
69285,0.4721427626158488
69286,0.5495694310272093
69287,0.5613368912628021
69288,0.47266487102870125
69289,0.5435874621698162
69290,0.4541393945363196
69291,0.43229179430472714
69292,0.5704191459762258
69293,0.39530725518323123
69294,0.5045391598216139
69295,0.2905289010632603
69296,0.4708420917529311
69297,0.5482463408948097
69298,0.4941159385783516
69299,0.2517955528519709
69300,0.4652296826818126
69301,0.6395587967797127
69302,0.5496402282175866
69303,0.5559862609649564
69304,0.41113592756290923
69305,0.4090540777997466
69306,0.3833233522193286
69307,0.4045288390733208
69308,0.5415308618913601
69309,0.5488277724263998
69310,0.5420161631075605
69311,0.41614422683410307
69312,0.5432137522585329
69313,0.5876311324495979
69314,0.5128975505413755
69315,0.4090946486120358
69316,0.36789680475618275
69317,0.5183470929195316
69318,0.39872303015398947
69319,0.5503847452877455
69320,0.5740444480748889
69321,0.5508248668910587
69322,0.46568116972688905
69323,0.5152490827749567
69324,0.4254398201548695
69325,0.3792535240131033
69326,0.5476189069394822
69327,0.42989583393662767
69328,0.5863957432835414
69329,0.5610087140269175
69330,0.5483294663118472
69331,0.42898113284511596
69332,0.535715841115799
69333,0.5402888590834908
69334,0.5994659907545775
69335,0.5464084789627104
69336,0.5624650755655902
69337,0.3973275727844091
69338,0.4658836114258263
69339,0.4850954652180058
69340,0.5968564887571185
69341,0.43746846703536413
69342,0.5593338263829497
69343,0.34490763452178685
69344,0.40514555273440767
69345,0.5679629899266564
69346,0.5540351563599362
69347,0.4178315172235915
69348,0.5282568508586033
69349,0.4766358155541157
69350,0.5515441608267876
69351,0.5401539990387604
69352,0.5299131344756267
69353,0.5356037264906587
69354,0.4516031114623471
69355,0.40888661387153263
69356,0.566107553976228
69357,0.5742057235867973
69358,0.4563531886769932
69359,0.4793172478293627
69360,0.29310308918567984
69361,0.4120010186795254
69362,0.550572110804383
69363,0.5522060386100045
69364,0.5581487687161895
69365,0.3884433081825901
69366,0.5094560348288997
69367,0.5586633183894935
69368,0.5460568788253448
69369,0.32218348078951753
69370,0.45095783507731385
69371,0.4899524761972073
69372,0.6023161473598216
69373,0.4175081926393004
69374,0.55583629254354
69375,0.4945868827380103
69376,0.41339292449910076
69377,0.49724305152084286
69378,0.3884425245722798
69379,0.5103111212697206
69380,0.5671691138802799
69381,0.4940507591140096
69382,0.5667024920331162
69383,0.5488920010290117
69384,0.541099514620715
69385,0.5086992175243527
69386,0.46316639892355627
69387,0.5588175532245041
69388,0.4629188823572688
69389,0.4579593996421536
69390,0.5369175300632566
69391,0.5905260377111543
69392,0.4459709888715714
69393,0.45202680778267984
69394,0.5759548927479256
69395,0.535037917428658
69396,0.5363201882551187
69397,0.5940982757511482
69398,0.545157974490906
69399,0.44727672328976953
69400,0.5889201712275837
69401,0.4573221079479718
69402,0.4554644107914692
69403,0.5361126143805016
69404,0.4684702635654853
69405,0.4185809387691204
69406,0.4391111107085368
69407,0.5659416933952925
69408,0.4529816479474496
69409,0.5549622366680158
69410,0.4384617315120106
69411,0.4199640155976643
69412,0.5331499950312292
69413,0.5492328383292184
69414,0.2124718513747701
69415,0.5321787464154305
69416,0.28155770616612397
69417,0.5330600704949993
69418,0.39844823277211766
69419,0.4888569872695401
69420,0.462104583425406
69421,0.4314099624931543
69422,0.4027564928482564
69423,0.5261878399815254
69424,0.5272204906516924
69425,0.4093380948936957
69426,0.45358734787026067
69427,0.5433788811355913
69428,0.39528982511745414
69429,0.4598478149404246
69430,0.5513866033401766
69431,0.42549950689266297
69432,0.5592315506249261
69433,0.41817579907405467
69434,0.5056210265707034
69435,0.5705186619864183
69436,0.5759016282593248
69437,0.28219623537203464
69438,0.5432974181881819
69439,0.4363334600698287
69440,0.5142225084390989
69441,0.5400766290404109
69442,0.4706381430376979
69443,0.47229418216521996
69444,0.5200565655914369
69445,0.4702297395078138
69446,0.5012576368539775
69447,0.5677769745445286
69448,0.5762290681834522
69449,0.4372050693736287
69450,0.5007514985546276
69451,0.39558754936718254
69452,0.41013428085937403
69453,0.32281176005101353
69454,0.5253592501636356
69455,0.3965485686513258
69456,0.5841930720845646
69457,0.539976351013084
69458,0.4140930710707793
69459,0.4339947427095514
69460,0.5239807200034649
69461,0.46232234920556936
69462,0.4610544320770398
69463,0.5890960901886804
69464,0.523062992577861
69465,0.5272237664765087
69466,0.5481060055301226
69467,0.5239370494680062
69468,0.5161790146833216
69469,0.2239528851678565
69470,0.40050711979061326
69471,0.42608969375737415
69472,0.5033226554261355
69473,0.4276312249423431
69474,0.5685224033512223
69475,0.40770402514879284
69476,0.5227180059438138
69477,0.5266986394969498
69478,0.516694044672667
69479,0.551097354144816
69480,0.46537078676251104
69481,0.42306177590632443
69482,0.40759842424115866
69483,0.606411931313637
69484,0.39464683777990195
69485,0.34059868335775095
69486,0.5584702839927294
69487,0.5650394743284255
69488,0.5751768000046604
69489,0.5067820423082655
69490,0.5371586105308682
69491,0.4117825061098249
69492,0.24737932645347907
69493,0.4051782431779081
69494,0.45175518457710057
69495,0.521249474797826
69496,0.6026252183889043
69497,0.44199899392851844
69498,0.4019461956813137
69499,0.4305300077741294
69500,0.5166320765924342
69501,0.35291034098035146
69502,0.47124876257875237
69503,0.5634179964459853
69504,0.5017348175867341
69505,0.5369615452318361
69506,0.5214561213314729
69507,0.4178190613139892
69508,0.5046957030723083
69509,0.5443314686538151
69510,0.5796125404678657
69511,0.4510069184119969
69512,0.5778443093862888
69513,0.3565255817154478
69514,0.3883905582473136
69515,0.5098262240591211
69516,0.5580490173620218
69517,0.4464786279822668
69518,0.4942684171082214
69519,0.43431243347422366
69520,0.2881429804813435
69521,0.42761765977404076
69522,0.43262203023895207
69523,0.6381128046058855
69524,0.40342523517890244
69525,0.5108568601839251
69526,0.509906371146351
69527,0.43175487553325664
69528,0.30245730359868706
69529,0.38531972056636
69530,0.25531568434658497
69531,0.4439926000356325
69532,0.5201137412926111
69533,0.45373962563512005
69534,0.38963785373013393
69535,0.49079519238976305
69536,0.43182346100892555
69537,0.5296250439360437
69538,0.41467739602849585
69539,0.42398471959066425
69540,0.3858046875424832
69541,0.5307549603484095
69542,0.4069922513197485
69543,0.525725546966999
69544,0.5360836755969124
69545,0.48256493510349235
69546,0.5680811898946986
69547,0.5666723349107586
69548,0.4615290648430889
69549,0.5584085044610078
69550,0.49835600964687843
69551,0.5074808856242214
69552,0.5750090404937861
69553,0.5594553691104888
69554,0.4152691349895055
69555,0.6281415988277891
69556,0.36899258121750067
69557,0.47113720922397867
69558,0.4483798691080211
69559,0.6021089078570728
69560,0.5202994309878595
69561,0.4757370702642899
69562,0.4392829146304203
69563,0.4390818407634376
69564,0.4731267339867467
69565,0.5630591949769159
69566,0.4174105926349044
69567,0.5763534575794892
69568,0.5443198616378571
69569,0.393331586748846
69570,0.5586099626628177
69571,0.5376133754863308
69572,0.2315721638333161
69573,0.3880966143209694
69574,0.5664328569984018
69575,0.4831357022785644
69576,0.4035332212779027
69577,0.6100034000782015
69578,0.4540328281447022
69579,0.3733510283360682
69580,0.5528785376191526
69581,0.47813390662244437
69582,0.5507029764948113
69583,0.5710844004469758
69584,0.556135827860988
69585,0.5645012849325707
69586,0.520414564588275
69587,0.4141036196937404
69588,0.398680142746503
69589,0.5480647813277512
69590,0.4940259881907756
69591,0.43743182793269814
69592,0.3909635257748613
69593,0.5812291132488315
69594,0.2985732574859598
69595,0.5937912332493208
69596,0.44183887244438164
69597,0.45901683179421865
69598,0.6061396437178819
69599,0.33096348783487356
69600,0.4120000923192289
69601,0.47566399247348873
69602,0.48355323506044545
69603,0.5468630237173445
69604,0.5583864677384017
69605,0.45105634603866307
69606,0.5418612340384877
69607,0.40578788615178424
69608,0.2853277139666469
69609,0.5898103218835369
69610,0.5384727824237255
69611,0.403970314556769
69612,0.31606601460903705
69613,0.2849388963469595
69614,0.5736143378434573
69615,0.5822516979921373
69616,0.5501466542959901
69617,0.5805041816427217
69618,0.45791491824177244
69619,0.5065581211911026
69620,0.4034859974824541
69621,0.5989549837415338
69622,0.35138599804641985
69623,0.42939029384711935
69624,0.4088416399185502
69625,0.46053389949078394
69626,0.20132371101341118
69627,0.31798213057042574
69628,0.5157661150984154
69629,0.40410028765991834
69630,0.6271558230367974
69631,0.5584226658311824
69632,0.4444585074698244
69633,0.5267139334863459
69634,0.4299100086803158
69635,0.41976899664440187
69636,0.49743183689193904
69637,0.5591890744433112
69638,0.3865767793734983
69639,0.5064333068651238
69640,0.5737379993176901
69641,0.5388032962822675
69642,0.41040069808946106
69643,0.44773061095049754
69644,0.595626317379029
69645,0.4761177515414159
69646,0.3660387992139801
69647,0.47409082099297745
69648,0.4012946239200322
69649,0.5219237266981624
69650,0.4263407724786631
69651,0.2310256832770785
69652,0.5325346223808352
69653,0.4689027559184742
69654,0.536393086381177
69655,0.4628971580735176
69656,0.41208606534595865
69657,0.5542642710520479
69658,0.5751008255875241
69659,0.3939553010707599
69660,0.47860527548673304
69661,0.4007896792552864
69662,0.5471537329499856
69663,0.5951763650982516
69664,0.4171736742183608
69665,0.46880234443818186
69666,0.4776771137283321
69667,0.3932377372446689
69668,0.4183213974190714
69669,0.5371274957557546
69670,0.46303859368865674
69671,0.5458632444124902
69672,0.3584618687753746
69673,0.30134828753192844
69674,0.4330602901775679
69675,0.39852150581402823
69676,0.4029248668868372
69677,0.5383214344853055
69678,0.5412529795550053
69679,0.37960666632192425
69680,0.2915135966819698
69681,0.4057100565219011
69682,0.5490200542105679
69683,0.5584593370501835
69684,0.5562943957646808
69685,0.4329603366854709
69686,0.6022966198423975
69687,0.48180888263528227
69688,0.5682003272783922
69689,0.5740859879544139
69690,0.5930903964376395
69691,0.5349315748301459
69692,0.4525640137912863
69693,0.5356855902859972
69694,0.3855385355011118
69695,0.5521389175557635
69696,0.5319378817546221
69697,0.40577502821893935
69698,0.4182556632080414
69699,0.4766668025065026
69700,0.5648894199131642
69701,0.521617515209192
69702,0.4491566115233462
69703,0.38629157158745686
69704,0.4395129821397647
69705,0.5217596363668747
69706,0.5710262136803668
69707,0.535954286829432
69708,0.5844729508114536
69709,0.39728455065709495
69710,0.3039191117456336
69711,0.27203949602615196
69712,0.5953205316491378
69713,0.28719927171468124
69714,0.40729362443947953
69715,0.44724047631050845
69716,0.49453632888107324
69717,0.4422112733271287
69718,0.5773292729123083
69719,0.5585574409973288
69720,0.5408446637259301
69721,0.5520856812393965
69722,0.552077648011063
69723,0.5540131780085983
69724,0.21817802843931908
69725,0.37694613660072734
69726,0.5353729725739926
69727,0.5418764461004016
69728,0.39966664575706584
69729,0.46777250598969605
69730,0.5397183541332137
69731,0.5104988484061108
69732,0.4917071428963837
69733,0.5054556086263702
69734,0.5435020694312989
69735,0.5771909887475702
69736,0.39727255578091103
69737,0.5435796970277096
69738,0.5457782542975623
69739,0.48121637851672544
69740,0.5482128401442077
69741,0.5468789224997961
69742,0.5814264346970295
69743,0.3831525992457919
69744,0.44381456795513097
69745,0.5605375673599803
69746,0.5206672326379782
69747,0.5964376744820459
69748,0.5606644893813241
69749,0.522042835144144
69750,0.5476693196459953
69751,0.38743091473729285
69752,0.4553230506706667
69753,0.44848199793179444
69754,0.2051960250111237
69755,0.32014814260260915
69756,0.30333763152473625
69757,0.4143354429481774
69758,0.37209561082673365
69759,0.5078579945551608
69760,0.548783686345771
69761,0.40138241453844764
69762,0.5450008276121083
69763,0.41075345170604766
69764,0.3836527158624058
69765,0.5433388193210302
69766,0.2996673154840465
69767,0.5601790502142299
69768,0.4183463985978733
69769,0.39790974316133804
69770,0.48111636957102627
69771,0.5344223045724613
69772,0.2647355557870745
69773,0.5282680230535007
69774,0.5725781675610379
69775,0.5374479570600701
69776,0.3828198419069917
69777,0.4743639127514454
69778,0.4957468840813226
69779,0.47689617620502106
69780,0.5861795098478796
69781,0.5435513908110478
69782,0.38851348950102416
69783,0.5698779850907431
69784,0.43317601610597317
69785,0.4658247079439004
69786,0.5156633656657545
69787,0.45706849884832323
69788,0.43024060819763654
69789,0.4738591060124622
69790,0.5560697223858485
69791,0.4978937290496603
69792,0.4778060096414389
69793,0.512643311279611
69794,0.5361420938422796
69795,0.48175903617664717
69796,0.39636244050492403
69797,0.28157762189454705
69798,0.3991288502900005
69799,0.35844584938969953
69800,0.5706940492159589
69801,0.41261186545485407
69802,0.5729402429009458
69803,0.5229717954434399
69804,0.40503389350812014
69805,0.4434677135339819
69806,0.38801558427307986
69807,0.5507371226354145
69808,0.3915909696421227
69809,0.5287738212607513
69810,0.5969592087178974
69811,0.44862267682513274
69812,0.3138762458384143
69813,0.4662013383478665
69814,0.5426237023577405
69815,0.5633488432529867
69816,0.5283017115246604
69817,0.5590704502033732
69818,0.44877017970563776
69819,0.5517118711836546
69820,0.5765401515241273
69821,0.39394019777524814
69822,0.5680197723554138
69823,0.5548656501746122
69824,0.21574006732768333
69825,0.5756616678067746
69826,0.389967602949972
69827,0.5806082844747121
69828,0.5122521785813188
69829,0.4293171318525178
69830,0.5238707147610547
69831,0.5579571485549621
69832,0.496913304570683
69833,0.2704549402824307
69834,0.36355993640371354
69835,0.38743223974933866
69836,0.43893856287458977
69837,0.5990139561098942
69838,0.49270552537089907
69839,0.5062881478053737
69840,0.3947677650927585
69841,0.3940002523522817
69842,0.46860609665641734
69843,0.5404298601782436
69844,0.43053559771288347
69845,0.5876025331498265
69846,0.49184367773902626
69847,0.5653100607982342
69848,0.5179351193964021
69849,0.38427012048821385
69850,0.4203014358520718
69851,0.5217955173437738
69852,0.577694277930971
69853,0.5635324639811394
69854,0.41506275929544617
69855,0.5612653655537817
69856,0.541589692474261
69857,0.5100419332790788
69858,0.5185220908627509
69859,0.39715192765369745
69860,0.5176608397163031
69861,0.3749684041602146
69862,0.5365402148680772
69863,0.3407980119361639
69864,0.5651601892442525
69865,0.5651303410871072
69866,0.5183898155480063
69867,0.5623282277740997
69868,0.21376581057026042
69869,0.5215770988880949
69870,0.5527309735630089
69871,0.5024030964131818
69872,0.5380679059736887
69873,0.5652292759015122
69874,0.4142294429053472
69875,0.5259208386174716
69876,0.44681459064661694
69877,0.4604920454066401
69878,0.4025772873528593
69879,0.5334181059468983
69880,0.414119654142551
69881,0.4352341580130236
69882,0.5577222225935193
69883,0.524873591704685
69884,0.5666971921260939
69885,0.43093296688946076
69886,0.2572350600550905
69887,0.4704602212423662
69888,0.4426591977254201
69889,0.38999853726172734
69890,0.37435115683528564
69891,0.3950682954881094
69892,0.45573150008666835
69893,0.14721929434523653
69894,0.4976690408891221
69895,0.5293505243590138
69896,0.5876726472976448
69897,0.19573082783195797
69898,0.2510437081601231
69899,0.39548219948815794
69900,0.5009975114536954
69901,0.262348077842955
69902,0.3932593790084449
69903,0.447897190225686
69904,0.5786716277190833
69905,0.43477430354341073
69906,0.5128327743768432
69907,0.5696534782576502
69908,0.5485128346112961
69909,0.33917793398913487
69910,0.42452201869799566
69911,0.444973723036844
69912,0.4724998604002245
69913,0.5779997400975105
69914,0.44645017928705266
69915,0.5740231920817771
69916,0.5397734622165503
69917,0.6302738281668775
69918,0.49326470205767853
69919,0.5035405362076544
69920,0.5579860312491781
69921,0.4603817203740464
69922,0.4522718908206413
69923,0.49915192640164013
69924,0.2769052254053111
69925,0.24200185431944068
69926,0.5537629184850725
69927,0.537729650796387
69928,0.5499698737583796
69929,0.3880256983699477
69930,0.42524627118357394
69931,0.5503606558364417
69932,0.5779941475502035
69933,0.4341767168158819
69934,0.2556665911107648
69935,0.473196775834789
69936,0.5670120668058063
69937,0.4327289406212105
69938,0.5836701773404809
69939,0.43217491017243226
69940,0.43514772498914017
69941,0.40938308512147714
69942,0.39095124524169167
69943,0.5738573991015911
69944,0.4737425854281685
69945,0.5447488822347164
69946,0.39967412780373085
69947,0.11104804041606622
69948,0.3730557046526976
69949,0.42689790698507213
69950,0.5070777336647443
69951,0.5705396779007899
69952,0.4260283471795511
69953,0.6085426428067066
69954,0.5423534918533577
69955,0.5662585655681697
69956,0.5517678817738073
69957,0.5616806766015638
69958,0.44666898599783356
69959,0.4407914832587192
69960,0.526882687078161
69961,0.5309523733661956
69962,0.4174895894425963
69963,0.45840632716063945
69964,0.5684827205184931
69965,0.5506182218469926
69966,0.6181304201875586
69967,0.5631030027457947
69968,0.519743600678443
69969,0.5918624902655782
69970,0.5464953332903616
69971,0.5276933363753624
69972,0.5825618900122628
69973,0.5561727193544652
69974,0.4153731162052082
69975,0.4266996840915397
69976,0.3919202738467305
69977,0.2831098321732419
69978,0.5392882182327938
69979,0.5303251351181495
69980,0.5871664987303286
69981,0.5501843686096961
69982,0.2567955938754898
69983,0.5397287947803069
69984,0.3911119263890344
69985,0.5279125205127594
69986,0.4392802766035575
69987,0.49201451306996125
69988,0.5530396956875798
69989,0.5334633352635216
69990,0.4449890039847339
69991,0.47559767788789487
69992,0.6090363134956538
69993,0.4210172738071268
69994,0.5762953136511975
69995,0.5374925393596405
69996,0.40670389072721325
69997,0.5135324865645441
69998,0.40652073639834624
69999,0.447809723836238
70000,0.5040109288628486
70001,0.5757265501635817
70002,0.5234893098150575
70003,0.24452994487136068
70004,0.3461097976067745
70005,0.48716201806736936
70006,0.41033870970075537
70007,0.4946239849675431
70008,0.5799733296217532
70009,0.5507405462822325
70010,0.5689520003795043
70011,0.4203160963580829
70012,0.5967049047575276
70013,0.3948758168263577
70014,0.42905594589263285
70015,0.467431830982781
70016,0.565714129214276
70017,0.5151401310964654
70018,0.5622941672405055
70019,0.5974416059755232
70020,0.45367741128692723
70021,0.2523751084452154
70022,0.3999737090116453
70023,0.5715465876471701
70024,0.5802980465300897
70025,0.5527272542225785
70026,0.517155368262006
70027,0.288965276978147
70028,0.47200618439048125
70029,0.3220514499185253
70030,0.5932664925851862
70031,0.4024709672959563
70032,0.38662176452234825
70033,0.5015102514982789
70034,0.4508613639208167
70035,0.5715984599350477
70036,0.5778152959861546
70037,0.3865587773711936
70038,0.514776337200289
70039,0.4913227241030965
70040,0.5074614918585164
70041,0.4284705333549699
70042,0.551609085121359
70043,0.543919832811689
70044,0.4526416083712334
70045,0.4206607667984865
70046,0.5671587811488181
70047,0.5546430448055351
70048,0.5466885259558125
70049,0.5787376507817547
70050,0.5457679704600537
70051,0.5395305204036663
70052,0.416665759675207
70053,0.5509263229486114
70054,0.4594524057580769
70055,0.4307749882948037
70056,0.48593558454384445
70057,0.4359972136318822
70058,0.5276607035494773
70059,0.544837589315556
70060,0.40107343710644133
70061,0.6397003715358563
70062,0.5454787947014286
70063,0.5266180954687711
70064,0.4222104243427282
70065,0.5453316595340524
70066,0.4451765323257578
70067,0.3999069804230264
70068,0.4114077603917003
70069,0.5760617186843435
70070,0.25430769145823673
70071,0.43692877203894825
70072,0.4400662016602713
70073,0.3954926599579368
70074,0.579490277841159
70075,0.5593747565016157
70076,0.5482081779351039
70077,0.37037846127300234
70078,0.5148689907711405
70079,0.5352769596161393
70080,0.5617262149750262
70081,0.5488408174804574
70082,0.40499467483602236
70083,0.5839667076517805
70084,0.5431930754638989
70085,0.36735342316894465
70086,0.39201390042408707
70087,0.4866666911133731
70088,0.5827936692140614
70089,0.5562808347318183
70090,0.4267274568389174
70091,0.5513540670139911
70092,0.24932732058763676
70093,0.5828375999335272
70094,0.4942068969615103
70095,0.5830234004038556
70096,0.5659190175630837
70097,0.515363057600361
70098,0.6207363656868538
70099,0.4255714749217847
70100,0.39450921683951384
70101,0.40397121397812724
70102,0.4564018996806305
70103,0.24964935225340562
70104,0.5234862723004093
70105,0.47675244550069823
70106,0.57059650793959
70107,0.5375289508333893
70108,0.48860171026267624
70109,0.40172491722142634
70110,0.5555089923651209
70111,0.4415479674905505
70112,0.3807659508549093
70113,0.4465045150099471
70114,0.4934805144951016
70115,0.5431791863436006
70116,0.4408075336413801
70117,0.570619277374151
70118,0.5404303768709152
70119,0.514788242051963
70120,0.5369487403434995
70121,0.48556810603515094
70122,0.5457366110443699
70123,0.5847343997610408
70124,0.5233896875492053
70125,0.6033200210478201
70126,0.5553302943380505
70127,0.5124688596183857
70128,0.6175329351267702
70129,0.37992319164411
70130,0.3720621111158956
70131,0.5407472985303382
70132,0.5290714008953472
70133,0.5426485366507366
70134,0.43767370578019654
70135,0.4100910985241853
70136,0.40387775952866445
70137,0.38071413485739597
70138,0.5474930663327086
70139,0.531588976205476
70140,0.43836710125440065
70141,0.5170920936640849
70142,0.5615659171901018
70143,0.5941697886612687
70144,0.4264044466611652
70145,0.5498299246412273
70146,0.49474613932046235
70147,0.5413568953908707
70148,0.5425443664519746
70149,0.5268255416021647
70150,0.41872784397494617
70151,0.46481590415723395
70152,0.5563156725061573
70153,0.4167427145298621
70154,0.42435490700538625
70155,0.3952104243496098
70156,0.428709478511348
70157,0.5618628317433088
70158,0.5275552754094863
70159,0.5252679328549217
70160,0.578587943881199
70161,0.4018148055462517
70162,0.4418829961691116
70163,0.49893605560028753
70164,0.5660283077358486
70165,0.5151523851747285
70166,0.4946401692814637
70167,0.4861769541010975
70168,0.417542568442453
70169,0.5789682715061595
70170,0.4281131461393724
70171,0.4292897477563699
70172,0.39146313454102255
70173,0.4232568726529826
70174,0.4132530039485314
70175,0.5594071276943973
70176,0.42687132110606163
70177,0.5475570719926388
70178,0.5152984317213722
70179,0.22802464133532396
70180,0.5684846305104603
70181,0.3882019260901438
70182,0.5381194834114539
70183,0.40287840751554505
70184,0.484597701826668
70185,0.5099851946913415
70186,0.3136980202863779
70187,0.4502816957554878
70188,0.5403705167369961
70189,0.42207932855510916
70190,0.4494354981156036
70191,0.5653132287537477
70192,0.5856948953838143
70193,0.5509064804120151
70194,0.5637396794712085
70195,0.5689915872222254
70196,0.5123013684190677
70197,0.2938005543538917
70198,0.4746853021454714
70199,0.5807662167433804
70200,0.2532473494929581
70201,0.5698465019910673
70202,0.49046117209614454
70203,0.5818789447131159
70204,0.5660269007053716
70205,0.5647324969407277
70206,0.37705822612008244
70207,0.6220853261681185
70208,0.45794057706299324
70209,0.5640493113598439
70210,0.4048179960505503
70211,0.41097494571453086
70212,0.587471169621147
70213,0.4457671146603817
70214,0.5934156194371374
70215,0.2311243000944349
70216,0.38643983889887296
70217,0.44010490105902095
70218,0.5554970123365873
70219,0.5195231766718
70220,0.5180005600107096
70221,0.4482034366297962
70222,0.43934833989024347
70223,0.559419727980028
70224,0.5054558842264812
70225,0.5615263798588408
70226,0.6010142373576223
70227,0.4194191777694694
70228,0.536792012996751
70229,0.5795633507941409
70230,0.2838730190676095
70231,0.276898687208723
70232,0.5493162443739403
70233,0.20652085104638793
70234,0.5553015162597384
70235,0.29520716603934716
70236,0.537007626903776
70237,0.5209643548835681
70238,0.4752464004442716
70239,0.566509275906976
70240,0.5731324943805222
70241,0.5446994187988072
70242,0.5698842563987064
70243,0.57829251514673
70244,0.45319558978147834
70245,0.4264349202150054
70246,0.5759688015078283
70247,0.5062808707143339
70248,0.3488499598215295
70249,0.5140217484079944
70250,0.5619056563677152
70251,0.5967553055307824
70252,0.5416276173088166
70253,0.5755245487046954
70254,0.4165328225546964
70255,0.41476203595997324
70256,0.5115993406696372
70257,0.5920586373430547
70258,0.5508385595637194
70259,0.3846418152821797
70260,0.4064604354002678
70261,0.5056668742774468
70262,0.4696762628411201
70263,0.5939529186955386
70264,0.4577903617016371
70265,0.4602927383598504
70266,0.5588003102595424
70267,0.5089646043968453
70268,0.4444905545155009
70269,0.42944123732764267
70270,0.5526074118528163
70271,0.5868145933599426
70272,0.515904778182736
70273,0.5318846306445125
70274,0.3842742725056941
70275,0.513344978855613
70276,0.5459721458545583
70277,0.5315875491139908
70278,0.5635284838625738
70279,0.5216776700855962
70280,0.2237794422115386
70281,0.5240350759432854
70282,0.5159829840623145
70283,0.4316916533446429
70284,0.5833293663748631
70285,0.5102865129402775
70286,0.4024747076151481
70287,0.21379190165102524
70288,0.5513979365117905
70289,0.5442078372959149
70290,0.5671346125180469
70291,0.5437373257858045
70292,0.5762700337449095
70293,0.5559229403416401
70294,0.534235633048571
70295,0.444345376577669
70296,0.38539016230536366
70297,0.37140582697587843
70298,0.4627789132774614
70299,0.5516633258493266
70300,0.5050078903883987
70301,0.4721455346272307
70302,0.4726382430558894
70303,0.4704675823671084
70304,0.4590954321114983
70305,0.3955447604493714
70306,0.5445053528188895
70307,0.559551915879533
70308,0.5780452423707378
70309,0.38119965553673474
70310,0.3566705867534281
70311,0.5837586654920625
70312,0.42445801738741223
70313,0.5478340183887558
70314,0.5475618610725661
70315,0.5111270477465214
70316,0.535584624976258
70317,0.42371900754393554
70318,0.5280082827131796
70319,0.5272289271810009
70320,0.4052548662992021
70321,0.45766455117008137
70322,0.5590941717873859
70323,0.5030951337947851
70324,0.23540120816973395
70325,0.31002263766111804
70326,0.3055673696975002
70327,0.5482320849280513
70328,0.5036582338867296
70329,0.48440170390374365
70330,0.41280530452677433
70331,0.5410124422937108
70332,0.4316349431220418
70333,0.5517656154796755
70334,0.5226560178490475
70335,0.5398587839185292
70336,0.426990644936584
70337,0.5385728523873152
70338,0.57317673930066
70339,0.423708282573949
70340,0.4276453198552019
70341,0.463929600105568
70342,0.5339935899626015
70343,0.5377620490094348
70344,0.49976029044221393
70345,0.4332816810414598
70346,0.31025703338670735
70347,0.5921502319784612
70348,0.42223791516364195
70349,0.24500840088532067
70350,0.5267575389263477
70351,0.41215307914960536
70352,0.4119583749619065
70353,0.5073098659852415
70354,0.5548843347710437
70355,0.5737480411435707
70356,0.2725244970492899
70357,0.3760357981513053
70358,0.5444058673802245
70359,0.4351995303351645
70360,0.3861885173327308
70361,0.5777138434956672
70362,0.5540604582713851
70363,0.5804670560444677
70364,0.47305477362215287
70365,0.5115843517881214
70366,0.42114805389336835
70367,0.5899019405535795
70368,0.4364271518670268
70369,0.5496107063316307
70370,0.5907843841075925
70371,0.5249772325406864
70372,0.5308707757069535
70373,0.5443548208539122
70374,0.5364929943220617
70375,0.537802239632261
70376,0.44206300770995105
70377,0.5571403039203087
70378,0.4629644034205069
70379,0.5587736641592306
70380,0.4309604260326557
70381,0.4904186976825413
70382,0.4268892329919883
70383,0.43273270351637116
70384,0.42800018164333153
70385,0.3237211832163982
70386,0.5694613032133649
70387,0.2235154884684304
70388,0.3831873577388169
70389,0.5569112669580994
70390,0.5636010501324522
70391,0.5638083077551156
70392,0.5331379265309294
70393,0.45456750257990836
70394,0.4621697578999055
70395,0.44029636662552923
70396,0.42163796304759604
70397,0.4650669953498394
70398,0.47536908104525233
70399,0.5402336442006813
70400,0.5135386662796756
70401,0.557313817496202
70402,0.4764751153366939
70403,0.4521669955163784
70404,0.560181703633275
70405,0.5480545361724273
70406,0.427657689521364
70407,0.5911560735288086
70408,0.3942726034395177
70409,0.42829149546019224
70410,0.5362687850029092
70411,0.5664956153766192
70412,0.41110653045222306
70413,0.47075016397515496
70414,0.560096917813685
70415,0.44984328729136275
70416,0.5795282143600635
70417,0.5720344234772057
70418,0.4955408040828925
70419,0.4741014590213406
70420,0.595578710780567
70421,0.5025902381279012
70422,0.42783008780883824
70423,0.377776948686937
70424,0.5438622780050985
70425,0.4338134479195657
70426,0.43765713118227895
70427,0.4235885189762947
70428,0.5064761805690426
70429,0.5273416135682033
70430,0.4067474702685015
70431,0.3922507980440367
70432,0.4907561889935887
70433,0.47752682610792624
70434,0.4324557266088044
70435,0.5148276021904835
70436,0.5558267424192562
70437,0.5288061364901312
70438,0.4481510575151255
70439,0.5645495194813848
70440,0.4371807578762172
70441,0.5581809769032402
70442,0.5439574739924159
70443,0.43787760107080226
70444,0.3930412616709109
70445,0.45312891462132465
70446,0.54586022382055
70447,0.5866561672487507
70448,0.6216000098425025
70449,0.543320829648004
70450,0.5152105297814086
70451,0.574235363237888
70452,0.5124272380699851
70453,0.5939874511045778
70454,0.5404559286547431
70455,0.5331280863581513
70456,0.5447026897848756
70457,0.3125912263928682
70458,0.571555128890793
70459,0.5899518601636028
70460,0.5740641882523537
70461,0.5212005101274864
70462,0.5724845831182397
70463,0.35898880315183396
70464,0.5697700115551945
70465,0.39698635908380087
70466,0.368153430060497
70467,0.5296464879161299
70468,0.38983977291417854
70469,0.5074942845717255
70470,0.43106456659793885
70471,0.42154927204649134
70472,0.2374719803673292
70473,0.5684778501358206
70474,0.5273286894730286
70475,0.5004615865280044
70476,0.5772907648724601
70477,0.575653199189681
70478,0.5643634122748179
70479,0.280923166954006
70480,0.4187277806203208
70481,0.4750874554081235
70482,0.554054606820589
70483,0.5706885368407643
70484,0.5447539533630371
70485,0.5235941242818737
70486,0.48455951059522595
70487,0.5216968029911343
70488,0.43320167633881573
70489,0.473675551470269
70490,0.49152675262611234
70491,0.46986224535522414
70492,0.5488608381789083
70493,0.3923530201490755
70494,0.4175674687719817
70495,0.3983569826848329
70496,0.3950326112182806
70497,0.45506709483886965
70498,0.4161581982742556
70499,0.32583074065636636
70500,0.5210828759037835
70501,0.5690612691053955
70502,0.4227056967949331
70503,0.31446045521912797
70504,0.5471739315637915
70505,0.5781427850795847
70506,0.5153784265150269
70507,0.5899719224060489
70508,0.38088605388097807
70509,0.5604138513069442
70510,0.5385274168188008
70511,0.4303308347809155
70512,0.5398243961232175
70513,0.420502223081495
70514,0.5227049792125039
70515,0.49008958000029224
70516,0.49421555073760015
70517,0.45605952844823294
70518,0.5271440517629372
70519,0.5400047563276609
70520,0.5436326311459401
70521,0.551241218863862
70522,0.5320792215581099
70523,0.49847714405265237
70524,0.4254328906430513
70525,0.5832846700393429
70526,0.4287299888173637
70527,0.44781090083736286
70528,0.4357275797753633
70529,0.5759106309233638
70530,0.3876330195607904
70531,0.5809306171762747
70532,0.3729865917600217
70533,0.412133658238524
70534,0.5699231333195148
70535,0.5675086785914686
70536,0.521860686981113
70537,0.5442304184381589
70538,0.5793988129256186
70539,0.4296584830711619
70540,0.5749842946623095
70541,0.4021201164245263
70542,0.5639413772654444
70543,0.38171245449649444
70544,0.5390719031093856
70545,0.2947733343397923
70546,0.6126892683313379
70547,0.5881158881197281
70548,0.3968530483108886
70549,0.4167878333987197
70550,0.44106484141798064
70551,0.5664908420132779
70552,0.46973048914071486
70553,0.2741428595761548
70554,0.5969645130948449
70555,0.5527185399427091
70556,0.4429324520363978
70557,0.4989708380225749
70558,0.37459392738320396
70559,0.46326968988605377
70560,0.49121604503737537
70561,0.5045412534834509
70562,0.5575908169829416
70563,0.5350506662341438
70564,0.39976614918431697
70565,0.5491089452707542
70566,0.5706073382474119
70567,0.5487652721026568
70568,0.4650781404018758
70569,0.5771843420091827
70570,0.37122083901377134
70571,0.5625124275905357
70572,0.5310080129880822
70573,0.5906194026950558
70574,0.5849736910293037
70575,0.5750413652695903
70576,0.22761781316877855
70577,0.3995124076027798
70578,0.41173688554555843
70579,0.4311806198914283
70580,0.47403775129390513
70581,0.48588167333027643
70582,0.41455952216174174
70583,0.41035019099551523
70584,0.5710180799735692
70585,0.5729971836221861
70586,0.5442937304422165
70587,0.5427633782996759
70588,0.5483235285386346
70589,0.4513923674999898
70590,0.23300556870378153
70591,0.5467989597879099
70592,0.5411545746521362
70593,0.34349945939803406
70594,0.45320675602555366
70595,0.5304163265470262
70596,0.584287683529438
70597,0.44459864830907897
70598,0.5376829701333303
70599,0.6044512703229873
70600,0.42188284989649466
70601,0.5988527575608632
70602,0.5031725958249867
70603,0.43466860718766476
70604,0.6065912593656333
70605,0.28294106227292903
70606,0.5431108464819334
70607,0.5824073637209737
70608,0.28441069388099915
70609,0.4642770072071292
70610,0.5854935661303692
70611,0.6065339758363321
70612,0.5008840268437478
70613,0.4866682040766436
70614,0.3990212523295407
70615,0.5437545876448486
70616,0.5162075141815421
70617,0.5436600713715783
70618,0.4239918570118698
70619,0.27157540019284915
70620,0.4288942405748582
70621,0.5266471859920475
70622,0.5017595839722288
70623,0.5149486808427646
70624,0.42650101553165787
70625,0.4478722138633184
70626,0.5901175890874873
70627,0.556447911674996
70628,0.5981447098018278
70629,0.4957612442700115
70630,0.5463573284269276
70631,0.5047351310643055
70632,0.4346788233622445
70633,0.4016684894223454
70634,0.5409768956368834
70635,0.4797795781205221
70636,0.4252527661717684
70637,0.5674234235782298
70638,0.4436076753487414
70639,0.5465742241066722
70640,0.4340055321367568
70641,0.5434981122354772
70642,0.53133449450326
70643,0.45079127603367886
70644,0.5440413335689334
70645,0.5371330334133713
70646,0.5778805510216632
70647,0.5557579356179727
70648,0.4509041757046116
70649,0.5490003126330477
70650,0.38574794133202506
70651,0.5546843720831339
70652,0.20961977748517996
70653,0.5935292450299647
70654,0.5487821135350542
70655,0.21824334736614537
70656,0.5678226564392685
70657,0.41307442085595286
70658,0.5314865903510358
70659,0.4344025138268842
70660,0.4667236400324284
70661,0.34755595161244496
70662,0.5786987723142094
70663,0.6019738093231253
70664,0.5548764817024088
70665,0.5605739201785348
70666,0.41496461463698436
70667,0.5120552456680455
70668,0.5512173821251161
70669,0.5233563606142209
70670,0.4203753263587803
70671,0.5619387886317452
70672,0.5376905712416863
70673,0.5290786641092141
70674,0.5991362453314812
70675,0.42176671443370867
70676,0.5312343327675799
70677,0.5168961333615267
70678,0.628305570145613
70679,0.5513584883904171
70680,0.46385403718330254
70681,0.5600896992893384
70682,0.3918514844544359
70683,0.5534544117883613
70684,0.5333249849799565
70685,0.5684069194571024
70686,0.5432251879566613
70687,0.24214831724396796
70688,0.3871254982574935
70689,0.5375915038830533
70690,0.45601099503920667
70691,0.5481941705604066
70692,0.5177841745747941
70693,0.4071281160235918
70694,0.5086517074252497
70695,0.5020848498933334
70696,0.4802685407665834
70697,0.2726901783401504
70698,0.45054778431879544
70699,0.5566418956692687
70700,0.2031181087246447
70701,0.5531933634665379
70702,0.49008228911256424
70703,0.4109995914916647
70704,0.4130562048378913
70705,0.365669822446929
70706,0.5993930477148335
70707,0.5666860380278647
70708,0.3877290083189708
70709,0.37853355593141486
70710,0.5053127437993348
70711,0.22098293079127088
70712,0.4343584158623818
70713,0.5919322499833373
70714,0.3987970740194715
70715,0.4345818668372503
70716,0.5239875983164961
70717,0.3874571257886669
70718,0.566790479812386
70719,0.42600746959814373
70720,0.5390018333514687
70721,0.42624348439587
70722,0.485200761358893
70723,0.40576672671977587
70724,0.44419594846278626
70725,0.3622143746528941
70726,0.5735092410023527
70727,0.5683475028880491
70728,0.5945425131944871
70729,0.44641501498818564
70730,0.4327736887306223
70731,0.27129039484624956
70732,0.5848317617329147
70733,0.5763588507158269
70734,0.5313065627163912
70735,0.5610971596288888
70736,0.4302327073302134
70737,0.5827164713263541
70738,0.5140451278652548
70739,0.4758996948915034
70740,0.5541096014330491
70741,0.5428272311734926
70742,0.2180982995338256
70743,0.5711015058410498
70744,0.42959762377536115
70745,0.39952072910280684
70746,0.5721789704822632
70747,0.448478281246596
70748,0.4871672404872106
70749,0.5252132228486813
70750,0.5616050838005834
70751,0.512813983674299
70752,0.297054669082558
70753,0.5562416566601105
70754,0.555367437585562
70755,0.3674887704358376
70756,0.5552259001255009
70757,0.5625470725537669
70758,0.5663523236591609
70759,0.30382136744708926
70760,0.5639560881512045
70761,0.43230355517290114
70762,0.5792318079599886
70763,0.551834499974856
70764,0.5446698763658161
70765,0.5385261880502575
70766,0.310870981207978
70767,0.5786650316104117
70768,0.5812047968543422
70769,0.5533004548022252
70770,0.4475515316286819
70771,0.4117322522694516
70772,0.482594279814821
70773,0.5167284403544591
70774,0.5418235252189895
70775,0.5526348213360666
70776,0.47984109355700116
70777,0.4254968215338487
70778,0.5757014196990361
70779,0.508457742054926
70780,0.45634423465066104
70781,0.5818357974945212
70782,0.5529949427629249
70783,0.5468283923273267
70784,0.5489016253231669
70785,0.4111188541568755
70786,0.532409902897153
70787,0.6005299088487267
70788,0.46148526455147704
70789,0.24844995784521343
70790,0.21982264155558537
70791,0.5624430651402946
70792,0.367974338255784
70793,0.5418267701672383
70794,0.5272856873190851
70795,0.569969860832998
70796,0.5328757756889224
70797,0.4104723187792061
70798,0.5135022320087421
70799,0.5414370749560959
70800,0.590261984807992
70801,0.40810524763810074
70802,0.5664287274884353
70803,0.4740374764952064
70804,0.35345670882723856
70805,0.4565483310805155
70806,0.4128459017750407
70807,0.5799995747343378
70808,0.5885641737010846
70809,0.46427158482919273
70810,0.3826438996772711
70811,0.5248713650089893
70812,0.4596191584835637
70813,0.5684483581206647
70814,0.5230152770206743
70815,0.4469157769435055
70816,0.5337224169163676
70817,0.569918087956481
70818,0.44408391635449207
70819,0.5641329518134932
70820,0.4783739505132114
70821,0.4117794708686198
70822,0.6051859708272417
70823,0.4693643515969576
70824,0.4155846064346248
70825,0.47711093353556183
70826,0.4024267683284926
70827,0.4417893420046086
70828,0.5794386702475945
70829,0.40345568444510777
70830,0.36943238359855607
70831,0.4448260850292059
70832,0.5438125279731918
70833,0.5557029234021541
70834,0.2367046446036977
70835,0.5568971134635153
70836,0.5287111557530526
70837,0.5671187808319063
70838,0.5493135091282971
70839,0.41570751582846865
70840,0.41938087005042063
70841,0.542423924313099
70842,0.5654095322183189
70843,0.5628610656563288
70844,0.26417495214858844
70845,0.46708402112216973
70846,0.5644467889302922
70847,0.45965686201529704
70848,0.5369024602829569
70849,0.5358378567114552
70850,0.42735428527051883
70851,0.43631196625756047
70852,0.44220440391604987
70853,0.5178816096145611
70854,0.5955973832658686
70855,0.5775945425959992
70856,0.5371913337288139
70857,0.5373945687733394
70858,0.4976782189937642
70859,0.4752476163229842
70860,0.4143296991700106
70861,0.37319774537974054
70862,0.5633740446176502
70863,0.2768280664821198
70864,0.38860853643054744
70865,0.3772307612763396
70866,0.5069860271334962
70867,0.5146158237831528
70868,0.413508341874534
70869,0.42904569038213686
70870,0.4035743824709571
70871,0.3980903757537955
70872,0.3173745512363198
70873,0.5589696162748768
70874,0.34345532892084146
70875,0.5587560841646269
70876,0.5640547559777054
70877,0.3341374767651341
70878,0.6027011864892239
70879,0.43901730765875174
70880,0.4318256256014328
70881,0.47020479400878296
70882,0.2820270126878274
70883,0.43507766393603503
70884,0.2763175222393911
70885,0.43505054976799745
70886,0.4448885075347369
70887,0.5788982279123434
70888,0.4609357123380698
70889,0.582496366208757
70890,0.39638147799439183
70891,0.4055870398271686
70892,0.4433523552312524
70893,0.445211518161016
70894,0.5233287504938894
70895,0.42250886663425086
70896,0.525914699469146
70897,0.47757642685754176
70898,0.575370174697254
70899,0.4590751554431459
70900,0.5643780417987311
70901,0.5083439674911614
70902,0.4594568948968403
70903,0.5826063802334913
70904,0.535109373607673
70905,0.5585866537697058
70906,0.41330342066418213
70907,0.4195416060876504
70908,0.5523890992487701
70909,0.616555083790656
70910,0.5333742106970615
70911,0.5410587436861582
70912,0.5379912488542071
70913,0.414447117232771
70914,0.4738465557735595
70915,0.5445117354810555
70916,0.2953532980740738
70917,0.6117533561214054
70918,0.37563471634349466
70919,0.4728539035194961
70920,0.22522792286089394
70921,0.450715849994651
70922,0.5891817127443671
70923,0.5732425793390268
70924,0.582075612251621
70925,0.5194973621497747
70926,0.44632644300535257
70927,0.45377370320890836
70928,0.4653458492043495
70929,0.5443598588812266
70930,0.5413181969635102
70931,0.4273341005456743
70932,0.4431331486370977
70933,0.47374409774170867
70934,0.5655461738676573
70935,0.5337529853198493
70936,0.5915302599693998
70937,0.578977652400623
70938,0.5614520978233862
70939,0.0930687755016398
70940,0.552123603794509
70941,0.5706559865638785
70942,0.5494696278470935
70943,0.426518168355458
70944,0.1940463129597798
70945,0.4827867983341584
70946,0.4822588762164535
70947,0.43851779504757904
70948,0.5483479246686374
70949,0.419773283848017
70950,0.5987734239498828
70951,0.6586288392761351
70952,0.4699598885925726
70953,0.36846918970668696
70954,0.4333220027314829
70955,0.565154305381597
70956,0.5862999256199298
70957,0.5582570043440136
70958,0.4275384409958251
70959,0.49575032893015386
70960,0.5687410024399149
70961,0.5869295145786337
70962,0.4172358896055853
70963,0.5467473852637805
70964,0.42930344902487483
70965,0.25754569360928486
70966,0.5779606075619608
70967,0.5158529190696345
70968,0.4330779821629578
70969,0.6085016567975915
70970,0.4048520704409847
70971,0.5531971849017846
70972,0.5530861629721299
70973,0.40530559070557826
70974,0.4558342334285824
70975,0.41832871471048655
70976,0.4602873667920264
70977,0.5364203556673586
70978,0.49196138376091547
70979,0.39985291526514033
70980,0.51133329184763
70981,0.5657322090958338
70982,0.3933817087430967
70983,0.5192815348303091
70984,0.5674228574799862
70985,0.5391940201680925
70986,0.5335406940045377
70987,0.49338980324549964
70988,0.4170159233366124
70989,0.5752208735549192
70990,0.4968484128925163
70991,0.43655771524335885
70992,0.48817456548061255
70993,0.4651627392271673
70994,0.5528268426148534
70995,0.5100695638022478
70996,0.5476494662057303
70997,0.5638710643242292
70998,0.4172651056529503
70999,0.4737121428001685
71000,0.5619252928065301
71001,0.6011985663887727
71002,0.5058973949728978
71003,0.5423654269320914
71004,0.47305191002720554
71005,0.38590908269416535
71006,0.4316990072658621
71007,0.43564568499758555
71008,0.5599449086417628
71009,0.554401683981137
71010,0.4228265156829196
71011,0.41150870982317117
71012,0.5725492308044674
71013,0.5418579473981735
71014,0.5694495340263217
71015,0.5328759173204209
71016,0.5606407263296198
71017,0.5080030973588046
71018,0.2913456481696389
71019,0.5496486013374614
71020,0.5668551898077291
71021,0.5470729753379069
71022,0.4150890000884162
71023,0.5232963365655043
71024,0.4961054495276219
71025,0.5026631481991634
71026,0.452802419871481
71027,0.5459879449891134
71028,0.40175460936377466
71029,0.40695900913327143
71030,0.49159697567093996
71031,0.5608908189319781
71032,0.4940155880833454
71033,0.47480001472093203
71034,0.21553576660896331
71035,0.4221283890087981
71036,0.5183632689707239
71037,0.40430933994123897
71038,0.5115646558826381
71039,0.41939179462649784
71040,0.48430007211002957
71041,0.46811364618776613
71042,0.5556977664825112
71043,0.3883517057502779
71044,0.45566645010739515
71045,0.44260750861233966
71046,0.6027911734987413
71047,0.2638726183566603
71048,0.5271820398534705
71049,0.39388640461506236
71050,0.40681410125791895
71051,0.560016092263189
71052,0.47109584798648324
71053,0.437182792068043
71054,0.5224061648239834
71055,0.4090846822729421
71056,0.5714125898591171
71057,0.4534768896534487
71058,0.5345425205622815
71059,0.4180157703110824
71060,0.4235448101279157
71061,0.6001018088211657
71062,0.4794819737556126
71063,0.5938180653061175
71064,0.533226883325225
71065,0.2386880273254527
71066,0.5780334823186686
71067,0.5501470779774591
71068,0.3085600048568508
71069,0.7685795818314184
71070,0.5819796270246086
71071,0.5487491957777487
71072,0.5562161526117989
71073,0.5931722982061196
71074,0.5321086412002951
71075,0.37844287631975543
71076,0.4674998393823725
71077,0.514603887630844
71078,0.5127553440543843
71079,0.3408047088332884
71080,0.4341641556986112
71081,0.5264587295639843
71082,0.4252901786077336
71083,0.5502821290962302
71084,0.5705705669071454
71085,0.5947518029373544
71086,0.446490540643476
71087,0.41494354338320544
71088,0.5549120733840518
71089,0.39975638465071034
71090,0.4742701272942278
71091,0.2328173583099805
71092,0.37383348340479844
71093,0.5142918722541894
71094,0.5680943160229972
71095,0.43004871555262864
71096,0.5280636218558392
71097,0.5019686225535878
71098,0.4771344837856729
71099,0.48763127886942204
71100,0.5381187693136044
71101,0.3739635924787069
71102,0.47679166423596725
71103,0.41863757936976925
71104,0.5368673345909138
71105,0.591558575016497
71106,0.440971851582345
71107,0.5128368763793049
71108,0.41321244114491024
71109,0.5868648576804398
71110,0.4523737266140955
71111,0.5252137852148059
71112,0.17634946485039626
71113,0.5402068669856425
71114,0.5666528528065954
71115,0.550626404737072
71116,0.39080079025957676
71117,0.21556519712357453
71118,0.2992247214741708
71119,0.48442956042320257
71120,0.4398983179527196
71121,0.5826566792090657
71122,0.5190186849212438
71123,0.5603932462094465
71124,0.5857826476634819
71125,0.5478095114613012
71126,0.419245314592731
71127,0.41713086516375547
71128,0.4140929641478679
71129,0.4739093909665525
71130,0.5497265453409231
71131,0.46901000464613757
71132,0.447622157899261
71133,0.401172874880181
71134,0.5437457578246847
71135,0.6106097189720812
71136,0.40344255033982385
71137,0.5328765780533059
71138,0.3727775587150118
71139,0.43300054949241235
71140,0.6049500072354268
71141,0.4302624084718234
71142,0.3514981913189088
71143,0.5943947063685294
71144,0.4326944884914438
71145,0.5599637869361991
71146,0.4078248951930512
71147,0.5310352187844257
71148,0.4035061282181523
71149,0.43167522533479397
71150,0.5478536973644901
71151,0.5549637209413749
71152,0.366997117238136
71153,0.5374082763209757
71154,0.5463282363840654
71155,0.5406770342414974
71156,0.4663551785418856
71157,0.5579662089733608
71158,0.5652193706541397
71159,0.5056737334215432
71160,0.3993383131172562
71161,0.5488423495241698
71162,0.520448651008786
71163,0.5799849495402672
71164,0.4366975418364859
71165,0.5152400972849779
71166,0.4217933853223612
71167,0.5454628714383899
71168,0.42831865824701354
71169,0.4439923006436761
71170,0.5965573758128375
71171,0.4880543954413063
71172,0.5326033056008661
71173,0.4250047002725639
71174,0.5878189975486918
71175,0.5339109418480489
71176,0.3997064900771192
71177,0.5315196433925496
71178,0.5597348172300083
71179,0.3604376497822049
71180,0.3517169860784332
71181,0.40651328051956426
71182,0.5662804504230325
71183,0.4614822328418901
71184,0.3196686593980625
71185,0.5893020390790201
71186,0.3288984764760053
71187,0.22206451756550125
71188,0.4780531732681472
71189,0.5521456889543224
71190,0.5513327148863004
71191,0.5777002973589033
71192,0.4305223109093435
71193,0.4431420043622945
71194,0.2262564526863617
71195,0.5787466451587983
71196,0.5578442351648698
71197,0.5951653544297197
71198,0.5338391013783008
71199,0.5545323440125755
71200,0.3267181854940227
71201,0.5152800029636698
71202,0.557083860219344
71203,0.35453244367475273
71204,0.45427102006003633
71205,0.49179171766329527
71206,0.43248028476211614
71207,0.4667289099713363
71208,0.5117729952744847
71209,0.5326234294414675
71210,0.5450596164038698
71211,0.4305448984671889
71212,0.5846600317044988
71213,0.5784336233113209
71214,0.5892153800945172
71215,0.4785744795321792
71216,0.30312108565309376
71217,0.24248486428254754
71218,0.26834974855393934
71219,0.5392624762607494
71220,0.2967828267057114
71221,0.5314125135608
71222,0.485757528945172
71223,0.5842401853255694
71224,0.4701950160747681
71225,0.2991633120300828
71226,0.25202662755743077
71227,0.3332686549575692
71228,0.32535081563703394
71229,0.31021078831868143
71230,0.23798339958259743
71231,0.5493359084950316
71232,0.4887167093033159
71233,0.5184946530570701
71234,0.6144389580452141
71235,0.27640273401874454
71236,0.4560226519485432
71237,0.5425305815265412
71238,0.5942722960026452
71239,0.379011155600183
71240,0.537974254654303
71241,0.533837343777767
71242,0.4680116166625086
71243,0.4919773378267801
71244,0.24408445882899693
71245,0.37991884631188916
71246,0.23619605408035496
71247,0.24402725337407535
71248,0.4896172728777841
71249,0.24109441956092428
71250,0.531202751202849
71251,0.5067612066754128
71252,0.2930718443539415
71253,0.538076591229197
71254,0.5574423627242716
71255,0.4382894353545537
71256,0.5460077273726095
71257,0.581014663163123
71258,0.548780645042213
71259,0.5548530961038812
71260,0.2859353467935582
71261,0.48748693944499827
71262,0.5299322086112869
71263,0.27924746764552844
71264,0.5797266995404029
71265,0.274336125496595
71266,0.4486898809564033
71267,0.2502618072401047
71268,0.5690396622934943
71269,0.5138996152489318
71270,0.5033630162153027
71271,0.48874539944292605
71272,0.5536420367228301
71273,0.21323392643206188
71274,0.4630037353823702
71275,0.18595651646797756
71276,0.5684036255845474
71277,0.5338795981625746
71278,0.24169801628873283
71279,0.45748251138435575
71280,0.22704902733095253
71281,0.5314018016946018
71282,0.20958028209806667
71283,0.5981876148487595
71284,0.5059377091764788
71285,0.5791965274917356
71286,0.5021341951361882
71287,0.5023919711061222
71288,0.23408097349763998
71289,0.3869903267968778
71290,0.5383280141847011
71291,0.44423446543703526
71292,0.29547614411220624
71293,0.48056248964980414
71294,0.2389946025483051
71295,0.250535440371829
71296,0.3107639595420755
71297,0.5593761932794483
71298,0.46990761158488603
71299,0.5949186289957463
71300,0.2710633752094097
71301,0.22110386869928125
71302,0.31491764059729865
71303,0.27285677160835575
71304,0.46603305412223633
71305,0.41814929446889415
71306,0.39645451485034255
71307,0.5116053325881914
71308,0.30193507295413774
71309,0.5052807347303003
71310,0.5446097073880737
71311,0.5171689771131579
71312,0.5655849833606764
71313,0.27977726673049397
71314,0.4191190698794258
71315,0.26189419642919215
71316,0.286323332304667
71317,0.28047632055619814
71318,0.5642391098291535
71319,0.5733478640321307
71320,0.5810562430998132
71321,0.5334536392817658
71322,0.3021893320263335
71323,0.5044458869118762
71324,0.26162464296698457
71325,0.5364059404090071
71326,0.20948191652287224
71327,0.5084325707458734
71328,0.5634997406838601
71329,0.5692100927412662
71330,0.2968858540805726
71331,0.5364113490191219
71332,0.522922619686284
71333,0.5454480527380926
71334,0.584194211297046
71335,0.5330835699616099
71336,0.5104221979323608
71337,0.2682325977492732
71338,0.5121478173897355
71339,0.48712397687545295
71340,0.5037159111847662
71341,0.4714721965322914
71342,0.5600204559595113
71343,0.24570447905596285
71344,0.587128785018715
71345,0.3975624530992945
71346,0.5099795309064639
71347,0.5280286561149944
71348,0.3858476600732158
71349,0.4068229144455924
71350,0.46927895502456063
71351,0.5014549211418988
71352,0.5504969143619014
71353,0.5351972288392826
71354,0.5608923010852211
71355,0.4783946716903726
71356,0.4045428846344649
71357,0.48308091804815595
71358,0.4408462600430249
71359,0.2328273751816376
71360,0.30918913505345486
71361,0.5221126816544408
71362,0.5221379373716643
71363,0.35170297653743404
71364,0.30272580204846367
71365,0.57057683539505
71366,0.30987876505468165
71367,0.6149545637883868
71368,0.5415249667524108
71369,0.2447324012028247
71370,0.582107493091789
71371,0.5439207338444737
71372,0.40694315635566797
71373,0.2409707575486582
71374,0.5019515093763497
71375,0.4717535653320092
71376,0.2625267156031294
71377,0.2694860114532675
71378,0.227787037841169
71379,0.23368125105784282
71380,0.5673972616608502
71381,0.5513601462346703
71382,0.5388732666860726
71383,0.21952153077988004
71384,0.5189164417302659
71385,0.5577745420276738
71386,0.5722950163884426
71387,0.5601833325607557
71388,0.5625083237978297
71389,0.6066675036988003
71390,0.5899465311932764
71391,0.2616296028124401
71392,0.41627425252034184
71393,0.45877767736763747
71394,0.42962666370353125
71395,0.24342270445939174
71396,0.4456496323393043
71397,0.4252831782066524
71398,0.298765552796651
71399,0.5565782295308339
71400,0.23181740403270193
71401,0.611284551504352
71402,0.2205439804875291
71403,0.5675631404179904
71404,0.22790962115603167
71405,0.5301254139716906
71406,0.5552461981938135
71407,0.24849542703261132
71408,0.26415953103978246
71409,0.4652072618324595
71410,0.29287110634697666
71411,0.22076177308923253
71412,0.4412828844697398
71413,0.5196403874621813
71414,0.36824808457326597
71415,0.23056972258483352
71416,0.41244309786479527
71417,0.4352402789971568
71418,0.5780219421724111
71419,0.5785148800923671
71420,0.5300818793418358
71421,0.23122042879515756
71422,0.4599591224384544
71423,0.4142378900242248
71424,0.45975654840691116
71425,0.5539220256004275
71426,0.5436114655140023
71427,0.2503230440795571
71428,0.39413447640850885
71429,0.29066917321672103
71430,0.5218320249548739
71431,0.5816125531828367
71432,0.48154992558253
71433,0.42877126776870356
71434,0.5135043378232028
71435,0.5587891473976536
71436,0.4526473674975421
71437,0.447216595997246
71438,0.4044267442140238
71439,0.5426668683851263
71440,0.5614777139649033
71441,0.36822792663821213
71442,0.29944749207118154
71443,0.3966036284819272
71444,0.5223698157788705
71445,0.5783063143883497
71446,0.5202534364411782
71447,0.47935571549521155
71448,0.486689334917182
71449,0.5475927148553851
71450,0.4339675629693872
71451,0.5602337066456244
71452,0.5133294178068076
71453,0.577287559963738
71454,0.5445463260716009
71455,0.5779051795683032
71456,0.2701668629642874
71457,0.5709191852064056
71458,0.47281254976421777
71459,0.5369775293918574
71460,0.4910575241665697
71461,0.5038897529606239
71462,0.2774383118316996
71463,0.6047363728368195
71464,0.350189009691972
71465,0.45935004073064845
71466,0.49917637405285625
71467,0.5088850344480135
71468,0.1768883883653162
71469,0.4953045323770463
71470,0.5588578888524842
71471,0.5605577335562538
71472,0.5700081365960594
71473,0.49508792042411426
71474,0.3993043685516763
71475,0.5124584532044555
71476,0.5906756579488857
71477,0.6014576615249078
71478,0.5825150539693889
71479,0.55635999707018
71480,0.2894936773223257
71481,0.555771662510026
71482,0.5323853174756747
71483,0.29159669262764026
71484,0.5558130202816637
71485,0.5251348386837433
71486,0.5700504724258445
71487,0.245760849849271
71488,0.5262150615750175
71489,0.20610925724689144
71490,0.5727098758795415
71491,0.5480854694513577
71492,0.573213477480825
71493,0.5082429830813834
71494,0.2570215960567342
71495,0.5275098916034123
71496,0.5519035492296949
71497,0.5240468694248687
71498,0.3466961976858998
71499,0.5065770439807951
71500,0.38490813215418407
71501,0.5621462490794024
71502,0.4988902636300639
71503,0.23855535020427462
71504,0.529833978906212
71505,0.4646503675523882
71506,0.5351960627779431
71507,0.5968993443442269
71508,0.44456979709344807
71509,0.27368923989912736
71510,0.3211225993665156
71511,0.5295352145340901
71512,0.49183887786152386
71513,0.2901902801370659
71514,0.24648764168036683
71515,0.26111878084154994
71516,0.5234672510951345
71517,0.5207241713752979
71518,0.511113290198997
71519,0.4774366646379341
71520,0.26378151230306957
71521,0.5828416927846434
71522,0.28368537134978977
71523,0.578205602165606
71524,0.2605029905185303
71525,0.5860200425786157
71526,0.21082301944169365
71527,0.5264378787396745
71528,0.5864357413709925
71529,0.5489744532181523
71530,0.5310113052807454
71531,0.5189053663360452
71532,0.5727600128493152
71533,0.515455333328058
71534,0.5866224504680078
71535,0.5819618321289164
71536,0.5372959107505577
71537,0.43875489448599886
71538,0.5038340266823814
71539,0.28408614127731735
71540,0.4774350792567615
71541,0.26808363668741364
71542,0.21325240813536683
71543,0.23750639441543137
71544,0.4225937058133809
71545,0.25783563573862206
71546,0.5708507436063759
71547,0.552638659484916
71548,0.5487296294904759
71549,0.2254748210328949
71550,0.49444085076416794
71551,0.5444208273037235
71552,0.32579378894122185
71553,0.5057846825152134
71554,0.5268351608076227
71555,0.41648401133963175
71556,0.2813876159951103
71557,0.44736573526034845
71558,0.2713595323988485
71559,0.5319846237893707
71560,0.22422545596280935
71561,0.494244252917998
71562,0.4259079476632135
71563,0.556863069048249
71564,0.22182773574896492
71565,0.43264143513796377
71566,0.4513374124873065
71567,0.5694570894212798
71568,0.38927484006908314
71569,0.22904687733387713
71570,0.49269164764587087
71571,0.24927508525918232
71572,0.6138297304066959
71573,0.21303751007825622
71574,0.572322583481241
71575,0.560917834992141
71576,0.42748123520952575
71577,0.5622382488478129
71578,0.5111013762256325
71579,0.551953461274009
71580,0.5126963717317855
71581,0.19579774958490007
71582,0.48795677818354233
71583,0.6265213502456315
71584,0.5636980901426261
71585,0.5469094724821537
71586,0.46555054443815896
71587,0.5698936274842434
71588,0.44396787604726196
71589,0.30696208449510726
71590,0.5812535805420838
71591,0.5731835787971881
71592,0.4314284775015272
71593,0.551025035093117
71594,0.28049450792752795
71595,0.575661631582706
71596,0.2766232908744634
71597,0.42381076444435567
71598,0.5757377507499712
71599,0.5206947404109818
71600,0.5357174072070349
71601,0.4548231420953362
71602,0.5177301111829776
71603,0.3041133662508903
71604,0.49045876219688445
71605,0.5248113295143951
71606,0.5474834953937576
71607,0.3450896035494863
71608,0.4935334385189325
71609,0.23243019960733075
71610,0.5271211813559654
71611,0.5803867587917815
71612,0.5766960003220523
71613,0.30244886535823073
71614,0.553143656777581
71615,0.5765530047903867
71616,0.5414126027623429
71617,0.5197799537883808
71618,0.5223122044134271
71619,0.23759269510065917
71620,0.4619034990763568
71621,0.2400898199580316
71622,0.45058966561066843
71623,0.5496814141039645
71624,0.5623922222639613
71625,0.5418243361735859
71626,0.5331955738520221
71627,0.24316805726505075
71628,0.43103351969039194
71629,0.5748200193848403
71630,0.31888353202196007
71631,0.5003049127537779
71632,0.5512590536107413
71633,0.4418451626552497
71634,0.5792379362078626
71635,0.5464292259590732
71636,0.5220401840072622
71637,0.5222268543772761
71638,0.5569686232074453
71639,0.4977374950473019
71640,0.5126142011059178
71641,0.5621312923579911
71642,0.2518294980549822
71643,0.53858350889748
71644,0.4854906499616695
71645,0.5598806058026935
71646,0.4286138813649141
71647,0.5342321746314663
71648,0.5258840987140652
71649,0.5985556759633756
71650,0.5506698877937288
71651,0.28591520820586674
71652,0.46649854086721243
71653,0.5456881670523955
71654,0.5613446914898494
71655,0.566383827987672
71656,0.5349884293577473
71657,0.4850696354173232
71658,0.5156286804286039
71659,0.47285990274006084
71660,0.5000516053978712
71661,0.4560985137736814
71662,0.5778251225342982
71663,0.41818895062988465
71664,0.32719631938429583
71665,0.5398610315193559
71666,0.27617664909869344
71667,0.22193464176137698
71668,0.550131183954039
71669,0.530916251927545
71670,0.509068932451185
71671,0.5926394636151819
71672,0.5265453524318332
71673,0.5941971314976069
71674,0.4641192984108007
71675,0.2486718008946142
71676,0.41930491155266786
71677,0.4997124491649271
71678,0.44907678327572553
71679,0.3371145628963973
71680,0.527360902898647
71681,0.5704015525267209
71682,0.3940437091854339
71683,0.4794976844243198
71684,0.6045645290617909
71685,0.6165642485202374
71686,0.5493119592455505
71687,0.5562649050400469
71688,0.5527795881884415
71689,0.47180781612895556
71690,0.49457403233914204
71691,0.5954729699152437
71692,0.5669195155341089
71693,0.26308701919226646
71694,0.35017351474948216
71695,0.2767707430350972
71696,0.5025414261602853
71697,0.6027590269603286
71698,0.48953364118758314
71699,0.5265013312776361
71700,0.5617562079081544
71701,0.4339546080806516
71702,0.5525706523458511
71703,0.6044465090260105
71704,0.5577283853388306
71705,0.5819743500254129
71706,0.5751151769184641
71707,0.4729423040180327
71708,0.5640951753885466
71709,0.28129469988144995
71710,0.28657400809639494
71711,0.499673987037595
71712,0.5596017812416303
71713,0.2811699622721392
71714,0.5641380201887335
71715,0.2435543578057413
71716,0.5407377613493449
71717,0.5669385014971304
71718,0.4898794718561438
71719,0.5281295847954625
71720,0.25195225594866705
71721,0.5686434312045675
71722,0.5590978608341228
71723,0.3558829301378968
71724,0.26872533089530604
71725,0.5911396421646395
71726,0.5731390245231267
71727,0.5393695026070818
71728,0.2879060953792625
71729,0.22003307213634446
71730,0.5935399490100395
71731,0.553209899927573
71732,0.5711509395923461
71733,0.5067563502198958
71734,0.2420857713410324
71735,0.5217819748934562
71736,0.5736359044437417
71737,0.5158253731829497
71738,0.5495026591563288
71739,0.5845148685215955
71740,0.4975321746673707
71741,0.5241170172449106
71742,0.41234365648041377
71743,0.4619333461614271
71744,0.5855631387112685
71745,0.5743059053998129
71746,0.5488467621416456
71747,0.380021474317865
71748,0.5567621183231256
71749,0.5861847723980487
71750,0.539282547620495
71751,0.5203984820782381
71752,0.2880422511853381
71753,0.38382436093616545
71754,0.32253063273624494
71755,0.500376028937804
71756,0.562612691947119
71757,0.2692252038814462
71758,0.4018858897958723
71759,0.201592138912361
71760,0.4659281044968481
71761,0.48215017950101957
71762,0.5127627452069397
71763,0.5735156275010703
71764,0.2957471040017644
71765,0.468563708716333
71766,0.275788688524649
71767,0.556802360137046
71768,0.5391381182993528
71769,0.4369243371113839
71770,0.20152937992153216
71771,0.6340748927095324
71772,0.29586730920508264
71773,0.553353368605146
71774,0.5227208447090664
71775,0.2682036810462033
71776,0.575042269329481
71777,0.5733048090141989
71778,0.5177300985438801
71779,0.4161085374735058
71780,0.21939162141290025
71781,0.5472823358949523
71782,0.2734138003018631
71783,0.5327649396867732
71784,0.44803662755321694
71785,0.5471710196286078
71786,0.5050971600989671
71787,0.4210726091037094
71788,0.5566827540779443
71789,0.5336646713425682
71790,0.30050824261077225
71791,0.19529888604994064
71792,0.450618573342746
71793,0.5554583117856235
71794,0.4902955921282373
71795,0.48354581678184305
71796,0.5575395022969938
71797,0.5734828491240509
71798,0.5530907970503424
71799,0.2902883023846468
71800,0.5117392073199863
71801,0.5475095220293803
71802,0.44195438787080327
71803,0.20657566810131106
71804,0.49281343853836146
71805,0.3340644621757408
71806,0.2980576076165316
71807,0.5620796510535262
71808,0.5678556663429889
71809,0.2723101667996907
71810,0.2653177430214913
71811,0.4441690792259523
71812,0.2887965048112148
71813,0.5663024247696871
71814,0.286760160444634
71815,0.5092120492751986
71816,0.4812483627804749
71817,0.5791636338962687
71818,0.20948129337050528
71819,0.49988177253389293
71820,0.5941334765764474
71821,0.5335316347203646
71822,0.24322546868474534
71823,0.27719391643610536
71824,0.5539791022969249
71825,0.5428630154942351
71826,0.4216503898934548
71827,0.5728800799229904
71828,0.4492443994732039
71829,0.31418076897597486
71830,0.29754631267626513
71831,0.21939006320155205
71832,0.26670961262821774
71833,0.5593693029057105
71834,0.2434201190822354
71835,0.478230562777241
71836,0.5384992927536856
71837,0.24942796622742683
71838,0.5328740555385731
71839,0.5828205626932439
71840,0.582416980986796
71841,0.533093266323573
71842,0.4768878896531205
71843,0.592541550249031
71844,0.5672354709455969
71845,0.5949043131602181
71846,0.4150735499792826
71847,0.5727399409269642
71848,0.5584653785177971
71849,0.4799003145592633
71850,0.40987271786795043
71851,0.21962341433756388
71852,0.46792824379361664
71853,0.5307665723073224
71854,0.5515138387213684
71855,0.3169384072667694
71856,0.5116026715351462
71857,0.5324738200629174
71858,0.5314833710893305
71859,0.5323127526978377
71860,0.5200901290618132
71861,0.5615153965140856
71862,0.5731085689537412
71863,0.5486949697695277
71864,0.5811258958523553
71865,0.43441296083583475
71866,0.5381750871512
71867,0.5649836519028772
71868,0.5077422007179629
71869,0.5183657072058695
71870,0.27766733652321673
71871,0.5790887294957453
71872,0.4617455982836422
71873,0.23911620764395974
71874,0.5543943500380528
71875,0.5529219839309963
71876,0.28357535675922985
71877,0.5383591573673089
71878,0.5377378788201677
71879,0.48420930468790935
71880,0.5483295075070616
71881,0.27806057383110766
71882,0.5128900416666616
71883,0.535261552249885
71884,0.23075655887082788
71885,0.5469265257130267
71886,0.5481402183359346
71887,0.43876338747228977
71888,0.5468531069477882
71889,0.47860367736137865
71890,0.48567816236024347
71891,0.26854409629881665
71892,0.5527598568418364
71893,0.29405371862441393
71894,0.5261457574901406
71895,0.40116118092233777
71896,0.28773186093680064
71897,0.5358349531650473
71898,0.31277581606392646
71899,0.22743899644533744
71900,0.2817963135410479
71901,0.22842767205982992
71902,0.41936013236552505
71903,0.25354328829360073
71904,0.4809882095763962
71905,0.4924388420667183
71906,0.5095371949318213
71907,0.5268563089627901
71908,0.4750071773591952
71909,0.5004345740749065
71910,0.6071169513691496
71911,0.5543448109270945
71912,0.2875487848028563
71913,0.49940894337583025
71914,0.2581103625764005
71915,0.4728887664048971
71916,0.4515796798144693
71917,0.27674099998034996
71918,0.2817923034403581
71919,0.2367230849239284
71920,0.5002482579533206
71921,0.5402392244352441
71922,0.45539085532082413
71923,0.5413063518105138
71924,0.2683040763894434
71925,0.32001697514859057
71926,0.4724043826054204
71927,0.4606899284964376
71928,0.24875360456982232
71929,0.490473919104634
71930,0.47543085256215917
71931,0.2414976138637038
71932,0.53863422343132
71933,0.21749547448886833
71934,0.2948594888100763
71935,0.5862782063455992
71936,0.5412642598546463
71937,0.5736302902705315
71938,0.4362084292449517
71939,0.34940127156439105
71940,0.5308956213192295
71941,0.2790364943641512
71942,0.5796598361455294
71943,0.5246464635285927
71944,0.5597819099102647
71945,0.45730919319553537
71946,0.53449077505028
71947,0.35714704504955685
71948,0.16643034790419067
71949,0.5540034302418569
71950,0.2819054960267531
71951,0.5262981959007523
71952,0.2517277859848522
71953,0.2708302814791066
71954,0.2981648976346748
71955,0.29486151637564617
71956,0.5462132230144144
71957,0.2959988546823673
71958,0.22728854485079367
71959,0.27888385625263845
71960,0.5966310237157767
71961,0.46903821367238097
71962,0.5138233703401948
71963,0.27275539085109657
71964,0.29239964590513223
71965,0.3536010774371862
71966,0.585873668626923
71967,0.501817684471408
71968,0.279158831699601
71969,0.5961737336592939
71970,0.46325150285265976
71971,0.24656011230663044
71972,0.5227779996883742
71973,0.39386073368643676
71974,0.47361024604286805
71975,0.5492911353030814
71976,0.2764665046676716
71977,0.2187854910828867
71978,0.46615709361958985
71979,0.5724238844794493
71980,0.3008124540615172
71981,0.5286292921620895
71982,0.5225317952952842
71983,0.5562251111196398
71984,0.2607960070925202
71985,0.533770866555016
71986,0.35035907542854056
71987,0.5512983963139724
71988,0.5184600420062937
71989,0.3102441403680451
71990,0.31037406546779717
71991,0.5345446272755323
71992,0.3202780343857832
71993,0.21788656364773365
71994,0.552214149705458
71995,0.248182234052709
71996,0.40898359487335934
71997,0.41725755039927115
71998,0.5316952766701719
71999,0.5351088610866819
72000,0.4980129069398692
72001,0.5155329790163832
72002,0.5234092394324888
72003,0.5901172171774502
72004,0.23269182594152196
72005,0.20282057659239106
72006,0.5365660556233179
72007,0.5589321518930899
72008,0.533858172421864
72009,0.5309974885033177
72010,0.5146650714086859
72011,0.24125182812371784
72012,0.6144158510089721
72013,0.22104289884516687
72014,0.6197661111698959
72015,0.5560719056812926
72016,0.27117999144521887
72017,0.5580279441686514
72018,0.525930197846701
72019,0.6100169315758518
72020,0.2604091392973402
72021,0.554462220356034
72022,0.5391351730225616
72023,0.333039223368234
72024,0.26448220994815325
72025,0.5328683337219695
72026,0.5070971307064032
72027,0.4402153530393259
72028,0.24426097675025377
72029,0.2859906320572872
72030,0.5798061515303902
72031,0.5514250048242803
72032,0.5847528236328216
72033,0.41387088256886
72034,0.21975309034873694
72035,0.5147391953198405
72036,0.5626620069704795
72037,0.6295294210656476
72038,0.5041767890841289
72039,0.5277033177923769
72040,0.521984271794776
72041,0.25010969746596007
72042,0.5348513317599812
72043,0.48596318344736017
72044,0.5461956216798548
72045,0.4523713400922021
72046,0.5592989752126734
72047,0.4867881311907661
72048,0.40651215602844665
72049,0.5931399051019184
72050,0.5447745544078947
72051,0.5782496082341462
72052,0.5828295439015581
72053,0.5735956616659625
72054,0.22761647688724104
72055,0.5600225394058985
72056,0.47604865478842295
72057,0.4777031352763909
72058,0.2559283399050511
72059,0.599526163114953
72060,0.40882458732670757
72061,0.43239872163196014
72062,0.5408169100738094
72063,0.24736914719078418
72064,0.5214329972274205
72065,0.5840496914615195
72066,0.5897001093892807
72067,0.5547100620064973
72068,0.5013084720338142
72069,0.5328623652184035
72070,0.28738192644138555
72071,0.6132597474093511
72072,0.4434880773817859
72073,0.5763423658799816
72074,0.39877580530522866
72075,0.2609777863274536
72076,0.5542799634378415
72077,0.5511611034824986
72078,0.3416853934821594
72079,0.49582850835541964
72080,0.5439683848402669
72081,0.5126097068294382
72082,0.49218674516647304
72083,0.46220296771216546
72084,0.5707031114989694
72085,0.37495322108425333
72086,0.47549308429961856
72087,0.540611307438281
72088,0.5065821885282974
72089,0.5236914295600648
72090,0.2806563257700462
72091,0.54734358667096
72092,0.5254999591177971
72093,0.42569194953151607
72094,0.4433425849411454
72095,0.5543890734411226
72096,0.6072085309715316
72097,0.3938349018894949
72098,0.42015387449469255
72099,0.27041854724063985
72100,0.3181662286748088
72101,0.286092850546943
72102,0.5176510800447899
72103,0.474919900213185
72104,0.4834292960592125
72105,0.549923463844188
72106,0.4765789230559071
72107,0.5545894608435934
72108,0.40232087368464325
72109,0.45785870630072734
72110,0.5561994904013317
72111,0.5384883861153734
72112,0.27545853690432526
72113,0.2939817061383765
72114,0.5349673503542877
72115,0.5605478802796661
72116,0.5165488511935169
72117,0.5521029214080634
72118,0.565449577620993
72119,0.25568972213427266
72120,0.5461833505015321
72121,0.5422317660675513
72122,0.49389891882207043
72123,0.5485650820042703
72124,0.5707545498046089
72125,0.596397454391239
72126,0.2047490960401231
72127,0.2922977596788268
72128,0.45684673322707586
72129,0.22275892470725664
72130,0.25911951503953645
72131,0.56828530827885
72132,0.5027150104109445
72133,0.2542541269807613
72134,0.43075863001194276
72135,0.29480496169260156
72136,0.5324501938076663
72137,0.5643207935920885
72138,0.47902212568968927
72139,0.47778609516706266
72140,0.5227587409242198
72141,0.5619729873494937
72142,0.47369140277429506
72143,0.5628415281975793
72144,0.3366755275582192
72145,0.5744554015619618
72146,0.5514207391019231
72147,0.2816716318650588
72148,0.6033445595198731
72149,0.5310267519271236
72150,0.4977198850950761
72151,0.5964763594514534
72152,0.28102786562972587
72153,0.5614569109299868
72154,0.552275831942783
72155,0.5641043807888028
72156,0.45439479037396685
72157,0.20488500618595412
72158,0.5476543469452015
72159,0.4352324335811747
72160,0.5298540647251819
72161,0.6004450785933695
72162,0.4144418666265726
72163,0.4021551318830288
72164,0.4198558376008325
72165,0.3031588262939439
72166,0.31010992254168696
72167,0.2403722223617899
72168,0.4744810751754747
72169,0.5293253956612493
72170,0.5662841154813054
72171,0.5518965766599092
72172,0.5656071644102619
72173,0.2952008071432077
72174,0.5214522266365942
72175,0.4692615836850345
72176,0.4785031571469286
72177,0.615880625556916
72178,0.2555644339495697
72179,0.5561362680791827
72180,0.4564675136155316
72181,0.28401079974930127
72182,0.4239049637965097
72183,0.5604208516981365
72184,0.252692385426936
72185,0.5608996333234693
72186,0.4658336791796374
72187,0.4545655568800846
72188,0.46377553824847223
72189,0.5511252817471481
72190,0.24136637416716536
72191,0.27382784779106834
72192,0.5682993893144723
72193,0.5095550510238327
72194,0.2127535465330741
72195,0.5680392203366277
72196,0.4654855994086818
72197,0.6131667258444851
72198,0.6259673094446189
72199,0.20629402503960956
72200,0.2224891721629127
72201,0.30113667698582375
72202,0.4813638619063882
72203,0.40352281036685356
72204,0.5664425445749317
72205,0.48882686074247855
72206,0.5682810990092766
72207,0.5581540020177644
72208,0.6177315391256843
72209,0.2974042159371554
72210,0.25060001091527656
72211,0.5624778353204696
72212,0.2566329749717139
72213,0.5396666520159807
72214,0.5001874235978385
72215,0.5524097187576463
72216,0.3882603485348679
72217,0.509318911366383
72218,0.5505720458188867
72219,0.4162242420815199
72220,0.6073739801554694
72221,0.2693814484171556
72222,0.3421418384467864
72223,0.5418264401611851
72224,0.552814110719445
72225,0.5223338579362891
72226,0.381741250233668
72227,0.2760909845129171
72228,0.5407638107494988
72229,0.5911196538739298
72230,0.5144417441111513
72231,0.5503638406533313
72232,0.2677311749391588
72233,0.41583404682010444
72234,0.29827406156793496
72235,0.25464297177693385
72236,0.5523422233918285
72237,0.5554001366813254
72238,0.5168268212224421
72239,0.24633070348475875
72240,0.22543382215855862
72241,0.4944222900412451
72242,0.6023981384439566
72243,0.5068231522546233
72244,0.5747014449886203
72245,0.532969582579845
72246,0.5513369990831384
72247,0.6738645413570952
72248,0.4930565523435026
72249,0.20163307749859383
72250,0.4980060874355119
72251,0.5118561783321345
72252,0.5645066264455808
72253,0.4752586135179413
72254,0.4891469775899133
72255,0.5459301950617343
72256,0.5436642280032852
72257,0.5983288455911284
72258,0.5092363768297639
72259,0.5058018674748156
72260,0.5161897489721462
72261,0.5884402896497339
72262,0.5933519115390399
72263,0.42738206955321745
72264,0.41773524300301557
72265,0.5447714665386932
72266,0.5423395110369211
72267,0.47355443911263034
72268,0.6017673898467255
72269,0.4937425691437165
72270,0.2874846707042521
72271,0.5694864258327578
72272,0.5455933447122895
72273,0.4082222284282114
72274,0.21840917824397602
72275,0.4117032773436196
72276,0.214294010663673
72277,0.5629542213804756
72278,0.5026871981674844
72279,0.5462368685198613
72280,0.4758544105690064
72281,0.2266585844385791
72282,0.5454383967856224
72283,0.5402259796506507
72284,0.5683009259837949
72285,0.5591543632400604
72286,0.44972960103131143
72287,0.565097738813403
72288,0.44865963241539386
72289,0.23965147938812087
72290,0.5405950981793384
72291,0.578423858144305
72292,0.5264464618190438
72293,0.47059891214404714
72294,0.5701985144321956
72295,0.4807000612050888
72296,0.5611183071079177
72297,0.24901824899513664
72298,0.2822962537118104
72299,0.4497161729533111
72300,0.4081870828028587
72301,0.5456598067859161
72302,0.41049908373861105
72303,0.5211359353158669
72304,0.48915707430993327
72305,0.21618864150155345
72306,0.5422850876168125
72307,0.4939178528358722
72308,0.5990375441650093
72309,0.331875648311245
72310,0.5015702486913978
72311,0.4899561979273176
72312,0.44210474624775215
72313,0.582928515533476
72314,0.5475392203173247
72315,0.533812889332
72316,0.3283348230361308
72317,0.4363993562705922
72318,0.22599247314935533
72319,0.4939916898004355
72320,0.6076322761167815
72321,0.3090566658402578
72322,0.578921823194601
72323,0.48801783959230965
72324,0.4495331405382019
72325,0.6115333826604085
72326,0.22919686247492949
72327,0.2850083210520605
72328,0.5210414417192925
72329,0.3309015191639786
72330,0.527957374218768
72331,0.44858189981828483
72332,0.5491651284650374
72333,0.2944169571180166
72334,0.5087620215165237
72335,0.5179804762759653
72336,0.28063316913087455
72337,0.5135694065189186
72338,0.540965202397862
72339,0.5206924546900561
72340,0.29070667048338455
72341,0.5245663011006207
72342,0.5866959427571986
72343,0.4461554650584792
72344,0.5122676895072044
72345,0.5248981754409219
72346,0.556301966828386
72347,0.5815917354735938
72348,0.5811941006097416
72349,0.5362206986975673
72350,0.5510005994622988
72351,0.40669989097439174
72352,0.5503666076572273
72353,0.5808166655147926
72354,0.2532835229341072
72355,0.3119578177472375
72356,0.5285451915547669
72357,0.5720099091144485
72358,0.4242976372035616
72359,0.5410626745806538
72360,0.435408095310093
72361,0.5216950411213622
72362,0.42722373850703643
72363,0.4652861706842113
72364,0.42956033943494554
72365,0.5869809472877575
72366,0.2793585729571032
72367,0.560361001438662
72368,0.5856721923443959
72369,0.534111350726109
72370,0.5445143181321875
72371,0.24911840171693442
72372,0.517574207968453
72373,0.5817310294651973
72374,0.5509279795458137
72375,0.20527194821647296
72376,0.4606560151327616
72377,0.24881008036091715
72378,0.5193262302284075
72379,0.2992050038851709
72380,0.29286317780304244
72381,0.5899380110998659
72382,0.23440964463651529
72383,0.2321766487966825
72384,0.3012482030518096
72385,0.5008451359307579
72386,0.5584222796391609
72387,0.5081352293352326
72388,0.5496792638266167
72389,0.51437963563788
72390,0.43336607893447604
72391,0.5264545909254541
72392,0.2683680397958484
72393,0.3555526294436251
72394,0.30463456742717226
72395,0.43221442070562943
72396,0.2382515846331995
72397,0.5383292041844108
72398,0.5004133268173444
72399,0.26673051213333987
72400,0.47387527317706135
72401,0.5556933841034528
72402,0.47668783166500095
72403,0.5445542761475133
72404,0.44990652693873495
72405,0.4803096917347907
72406,0.5573975524459235
72407,0.5528089404942033
72408,0.4953779604984986
72409,0.5544460863890622
72410,0.49617988165020316
72411,0.3988704910344313
72412,0.2485165878309847
72413,0.5328842316618947
72414,0.5404375541569774
72415,0.4804152947783775
72416,0.37554643935085386
72417,0.5938035490163025
72418,0.4942510955791143
72419,0.5178704314505611
72420,0.4384423676790142
72421,0.49787296107915996
72422,0.2582925509362739
72423,0.5678798626640121
72424,0.609533056419458
72425,0.568871656704449
72426,0.47714380347876384
72427,0.49950594102231644
72428,0.2904825862400659
72429,0.551290740349978
72430,0.2836023340834518
72431,0.5089518784564099
72432,0.5299288764626109
72433,0.542519424216832
72434,0.5940213646223419
72435,0.46338616326993226
72436,0.24721713283084945
72437,0.29130385741446474
72438,0.5926172120334567
72439,0.288703986939368
72440,0.21457891647212687
72441,0.4816529886997311
72442,0.28914905689402814
72443,0.27573820621010364
72444,0.522833788492306
72445,0.29776257992172267
72446,0.24363865862133305
72447,0.5200490182145595
72448,0.5396219007293395
72449,0.30093222856094765
72450,0.23657273701189288
72451,0.19923340934990053
72452,0.2619503783852926
72453,0.5294269090974142
72454,0.5805259114088203
72455,0.24480116044956168
72456,0.5541730935559281
72457,0.5579998983811193
72458,0.2742971880723293
72459,0.2124194458647579
72460,0.25135190415054737
72461,0.261411895760128
72462,0.5403286032437774
72463,0.4670488333669113
72464,0.5659951195219263
72465,0.5187140963202436
72466,0.5087127583182726
72467,0.5895994907550378
72468,0.32681937819355106
72469,0.3656164972197858
72470,0.4755943492511033
72471,0.545434032377154
72472,0.2375689931772115
72473,0.6138499063651557
72474,0.25056101929729796
72475,0.2637854957416187
72476,0.4920014809020401
72477,0.35436117240476245
72478,0.5428589183583038
72479,0.27497611685096013
72480,0.5343826150330733
72481,0.4182508486581608
72482,0.4463842463321228
72483,0.5571108272786118
72484,0.5773464770402431
72485,0.5662476561467834
72486,0.2705447621592142
72487,0.5530789400123858
72488,0.5506679182027454
72489,0.47206028915727344
72490,0.44567048232756196
72491,0.591199032699621
72492,0.2960653663039154
72493,0.28106976834821995
72494,0.544852476382808
72495,0.2135754289578098
72496,0.5788288196387275
72497,0.4161456672193342
72498,0.5950895272940394
72499,0.445401480625592
72500,0.30156378188035465
72501,0.47699501531704463
72502,0.2523394737081941
72503,0.5429837281713603
72504,0.485451012992583
72505,0.26762497773916333
72506,0.562825827157761
72507,0.5544072231325543
72508,0.5692954032889345
72509,0.19479499750681412
72510,0.23940935184250023
72511,0.4551361206385573
72512,0.2528118086625762
72513,0.5275504287001263
72514,0.47253780069492535
72515,0.5509178837436071
72516,0.363030500298883
72517,0.566741233472094
72518,0.5384977636790406
72519,0.4448492223576214
72520,0.4832017783353888
72521,0.27131181464728993
72522,0.5719065215293242
72523,0.5646024648751511
72524,0.556538120298541
72525,0.5571973660044773
72526,0.5359207698004584
72527,0.569677263073189
72528,0.3033741916572364
72529,0.5458179908418124
72530,0.3892147496304598
72531,0.531114334159414
72532,0.4050499991233296
72533,0.254931544017598
72534,0.5015962560610896
72535,0.47550261057297744
72536,0.522738528240951
72537,0.23100424170660028
72538,0.541563186157186
72539,0.4912342210955041
72540,0.4387229797517307
72541,0.2862007272942901
72542,0.23791944453100214
72543,0.5192873651901616
72544,0.33621347568304494
72545,0.4984247252405356
72546,0.49469239770981055
72547,0.2627944319200586
72548,0.4692952624243413
72549,0.5342000252279197
72550,0.44958374887853786
72551,0.5279478912364823
72552,0.46672184695331914
72553,0.21857292965989816
72554,0.5342987508601933
72555,0.5285916865728228
72556,0.5679727576118664
72557,0.45979703923152165
72558,0.22425636936248883
72559,0.5887022028981039
72560,0.5566026629157148
72561,0.5219157823216145
72562,0.2609588794357422
72563,0.517778970207889
72564,0.48117066823914784
72565,0.5639909757421646
72566,0.24657107653241395
72567,0.32106747413753406
72568,0.2946911395697545
72569,0.4817729376023715
72570,0.26716209082845593
72571,0.543628455012963
72572,0.3572877271566092
72573,0.5040261542933797
72574,0.5521348992660495
72575,0.3658981057278762
72576,0.5533884233613218
72577,0.4863677380511568
72578,0.5649030929368978
72579,0.4625221705983858
72580,0.24600729702698115
72581,0.4051907772045682
72582,0.4718269217960091
72583,0.4986513630027794
72584,0.5693214022115748
72585,0.33474596594207146
72586,0.2821726639428785
72587,0.5787637862814516
72588,0.2342507311339505
72589,0.5019057341988662
72590,0.2886917434038355
72591,0.25992365261277756
72592,0.6031079329044904
72593,0.35497347864105633
72594,0.22615564294482107
72595,0.26432026653690244
72596,0.5464755774566943
72597,0.5305426356282453
72598,0.5043559262954597
72599,0.25222862613052177
72600,0.521596773371792
72601,0.3929446442847028
72602,0.544782329219277
72603,0.5774770186801901
72604,0.4195143981732991
72605,0.49467277685900923
72606,0.4608705448702089
72607,0.4917714420884056
72608,0.4398612764245074
72609,0.32291151183646016
72610,0.5482217032911005
72611,0.5487590461470655
72612,0.5891859815157836
72613,0.2855183999873269
72614,0.5048632460975856
72615,0.5631720123084123
72616,0.5493669334534412
72617,0.4621588187642354
72618,0.5073993163544975
72619,0.5290856833270794
72620,0.4759670419225125
72621,0.3928551927450133
72622,0.5552511825404525
72623,0.5133585609532306
72624,0.55828375571224
72625,0.5636393945202285
72626,0.49619428010782857
72627,0.27661778022971223
72628,0.5614368926640079
72629,0.25645634437008946
72630,0.545989037187062
72631,0.5864231275595242
72632,0.44172365635780797
72633,0.26409443398990984
72634,0.5618269799058353
72635,0.48497995553463696
72636,0.48593746995670234
72637,0.5955196328799539
72638,0.23081943666227356
72639,0.5250637663220131
72640,0.38874986706868003
72641,0.5608980962681511
72642,0.5754365376194168
72643,0.5727186755749595
72644,0.4974447055145727
72645,0.574532037411029
72646,0.5596567499054554
72647,0.5820916628003948
72648,0.47644515789908704
72649,0.42728119422887834
72650,0.4714354491579587
72651,0.5549323601077709
72652,0.5663041595156438
72653,0.5650463400666561
72654,0.552238361470267
72655,0.4623797326638885
72656,0.4136515546558812
72657,0.5919448852359224
72658,0.4550530021660336
72659,0.497969885715451
72660,0.4764644855195644
72661,0.5850751830805441
72662,0.5534153140432119
72663,0.5563050592673586
72664,0.5168425784910243
72665,0.2401441912725889
72666,0.4975484648753675
72667,0.47981699226380414
72668,0.26363758087810507
72669,0.46663739087984946
72670,0.5707691254022762
72671,0.2906540322917045
72672,0.26193429038840854
72673,0.5021715420226166
72674,0.5784006229413562
72675,0.21923003765400415
72676,0.4456875732504077
72677,0.45814222419391754
72678,0.486850518284855
72679,0.41454787234702767
72680,0.6084752075717583
72681,0.4543313820764383
72682,0.5206989920938383
72683,0.223501969514122
72684,0.5410288363339707
72685,0.4275074751636527
72686,0.32395573324731786
72687,0.5257140690170805
72688,0.558421228292457
72689,0.5089784518711786
72690,0.5584795805375715
72691,0.5922421216656834
72692,0.5762797991436479
72693,0.5351002747767818
72694,0.5438599002267026
72695,0.5328009963591349
72696,0.43263420800554775
72697,0.4668124362615375
72698,0.5011748794661781
72699,0.583845643012249
72700,0.4897627814219812
72701,0.5724744053034779
72702,0.5005042140679905
72703,0.5705766723313503
72704,0.30144442944722266
72705,0.2694045418482442
72706,0.42606848075256254
72707,0.19837499693604443
72708,0.5499132240417105
72709,0.588268600703327
72710,0.2983587902977971
72711,0.5310411563924894
72712,0.48463837884341743
72713,0.543808414240097
72714,0.560078166015624
72715,0.4699605170428294
72716,0.518003877528487
72717,0.24533356843029464
72718,0.5709413952326372
72719,0.5143924387797578
72720,0.2589630030701477
72721,0.5209014473911117
72722,0.29479145752885727
72723,0.26593272387167777
72724,0.5244624083585444
72725,0.5534925732855842
72726,0.49947529303899685
72727,0.6190068925300913
72728,0.22918466106255397
72729,0.20991592493221026
72730,0.4797575547157531
72731,0.23268990656491959
72732,0.5139659261278964
72733,0.2741952164809707
72734,0.5589748285195933
72735,0.43696303917815366
72736,0.5646569482321191
72737,0.4982994464796445
72738,0.4469807768983475
72739,0.5425295444813726
72740,0.25101832773663457
72741,0.45441092295953406
72742,0.5790279069242129
72743,0.5566253224274826
72744,0.5444281053169048
72745,0.530890822246943
72746,0.2857259802244561
72747,0.5713041238391121
72748,0.4899428779032639
72749,0.4820254476518487
72750,0.5285991739372136
72751,0.6900417905199808
72752,0.5839297272166162
72753,0.4707955045137823
72754,0.5194156946375326
72755,0.22942902641040364
72756,0.2318859929537415
72757,0.25628659279830396
72758,0.5280697723049423
72759,0.5720968509560137
72760,0.308084382050991
72761,0.5717758593166746
72762,0.20277375565291159
72763,0.23623470474107253
72764,0.5252683966006638
72765,0.552764118218149
72766,0.5344891776712268
72767,0.29762925595085193
72768,0.5352477667159511
72769,0.5354672196381215
72770,0.5833441303669658
72771,0.5705512674069342
72772,0.5595629587634741
72773,0.5276440950278287
72774,0.4295796907812832
72775,0.5573342566872644
72776,0.5324181189910808
72777,0.539307011640299
72778,0.5730168182008553
72779,0.598088129703476
72780,0.42298001266563734
72781,0.5805712963068751
72782,0.24315541810267696
72783,0.2882575030761948
72784,0.4103387358247031
72785,0.40696775495549403
72786,0.5539745561097215
72787,0.5502729407986326
72788,0.5547164623471474
72789,0.27731011255945476
72790,0.5577067190397172
72791,0.5370183586328784
72792,0.2583727190251456
72793,0.5608630014785871
72794,0.49799918442114216
72795,0.5358664166159429
72796,0.2577532016416717
72797,0.5511859112867122
72798,0.5673963337870391
72799,0.26086814819385834
72800,0.5412243362551726
72801,0.46443410541065044
72802,0.5512053231223207
72803,0.2829682877394648
72804,0.3131776553524116
72805,0.49640376659418906
72806,0.43918971775639887
72807,0.4104872138627257
72808,0.5513205648225085
72809,0.5408121553882205
72810,0.5798052985261827
72811,0.517114279079614
72812,0.22431487835791245
72813,0.4351066009016485
72814,0.47930942702525126
72815,0.5721616531953915
72816,0.575637517695744
72817,0.3178102850740329
72818,0.20718205678008886
72819,0.5472980739991095
72820,0.5419012159929729
72821,0.19895538128279472
72822,0.5614766095983716
72823,0.5902481124806174
72824,0.2691004579162219
72825,0.23871063059064485
72826,0.3295783617306654
72827,0.5763416864054484
72828,0.4735365721617117
72829,0.5489142533403198
72830,0.5754036318901459
72831,0.20940567941036492
72832,0.3303260216677568
72833,0.4228852105244302
72834,0.5142202385565453
72835,0.2750503803158923
72836,0.5198207905293006
72837,0.4803246625690119
72838,0.25225800401294074
72839,0.2268101557328173
72840,0.56981333675776
72841,0.596532747822666
72842,0.5387534957998644
72843,0.2884606614740617
72844,0.5334029034824078
72845,0.49488486007772875
72846,0.5372835675817512
72847,0.497321508986978
72848,0.5310962967910126
72849,0.5424238710974594
72850,0.537274276950515
72851,0.37200121797246455
72852,0.49228463435459363
72853,0.28707268936980107
72854,0.23631043836540058
72855,0.5362041400987467
72856,0.5309842660343648
72857,0.23423227634294394
72858,0.20031305772677063
72859,0.25976220029024366
72860,0.5416903563496835
72861,0.3405921495768954
72862,0.2559646852179201
72863,0.5809025312852519
72864,0.5680099796839783
72865,0.19515265402743487
72866,0.5617351838767662
72867,0.53797359531328
72868,0.3026731262586397
72869,0.22696667847158644
72870,0.29557054237648744
72871,0.5145943028445736
72872,0.5130133099969825
72873,0.44221595838369615
72874,0.5745019218233485
72875,0.3655767839535072
72876,0.5562440786135171
72877,0.24728312763331564
72878,0.5385249347019927
72879,0.44557074828832355
72880,0.5447556389174436
72881,0.4242239969618416
72882,0.5338936871809852
72883,0.25463188523656755
72884,0.49114378265455744
72885,0.5175182825600837
72886,0.6059290949568464
72887,0.5559627496714651
72888,0.4502352771828804
72889,0.5645865791294173
72890,0.43981914902320557
72891,0.2744249502894238
72892,0.5647378456531988
72893,0.49047979370281397
72894,0.5348229158862126
72895,0.5178057091561202
72896,0.4393197560280863
72897,0.5273398860600865
72898,0.4383111420282329
72899,0.2998637503940696
72900,0.5598741490076735
72901,0.26754763363963785
72902,0.4616337116261388
72903,0.5502190717423906
72904,0.4754543113279287
72905,0.570542605269653
72906,0.6084164101110706
72907,0.5860044726497796
72908,0.2096541950862847
72909,0.5549162385613575
72910,0.4332949707211687
72911,0.5348687714847765
72912,0.5610935065457705
72913,0.577421249718962
72914,0.42921861107428194
72915,0.5531874770756109
72916,0.44319607679128553
72917,0.44850362804469956
72918,0.4614268342159307
72919,0.23995665528141508
72920,0.5453422483264325
72921,0.5205598694195593
72922,0.44896600455418395
72923,0.2270809322288589
72924,0.5423747373176205
72925,0.5449186780797359
72926,0.22783837466967838
72927,0.3165290830921382
72928,0.4785126263972662
72929,0.5787181680625825
72930,0.47795663772291574
72931,0.468402062494148
72932,0.2525964338148318
72933,0.509903059895005
72934,0.484363555521125
72935,0.5659608539601599
72936,0.43033399261694333
72937,0.5965533306801499
72938,0.5354519287460174
72939,0.5316704427816055
72940,0.5357113036694585
72941,0.40114426124883595
72942,0.4682981801621036
72943,0.48477506060733344
72944,0.30132478128692414
72945,0.6106412977646524
72946,0.580615163019142
72947,0.6110400505764265
72948,0.2273905260029761
72949,0.5457152879994298
72950,0.4093859969302256
72951,0.5635302902242745
72952,0.28543893390551606
72953,0.48530457538926075
72954,0.2019795280762575
72955,0.235853375255577
72956,0.251296239822676
72957,0.4861201009013606
72958,0.22136981844588277
72959,0.5562964504887268
72960,0.4560544105348051
72961,0.5471119591671552
72962,0.5629916521429614
72963,0.25701878290950125
72964,0.4976569054258422
72965,0.34375267456376696
72966,0.5549108690347734
72967,0.23710142989788147
72968,0.516236772172721
72969,0.47756388674079964
72970,0.38727942064906967
72971,0.5535718695616811
72972,0.5652735571148937
72973,0.5082127429962584
72974,0.4678930098433504
72975,0.5325828254655754
72976,0.23235052606826287
72977,0.22260853659485033
72978,0.26512811494976907
72979,0.40780717363059016
72980,0.4920695021022329
72981,0.3116020551121758
72982,0.5622848721574131
72983,0.4993342232926996
72984,0.5590496150585303
72985,0.25475260028339675
72986,0.2628655281986712
72987,0.5115986797813148
72988,0.3515419539417985
72989,0.5739945934646388
72990,0.41471161284995667
72991,0.6094819268666792
72992,0.22413654288468035
72993,0.4999320201767482
72994,0.45621578531608237
72995,0.6164361715310511
72996,0.21800595197127437
72997,0.210156938403335
72998,0.5905923993348622
72999,0.34213374378552797
73000,0.5847851457786615
73001,0.542272957055976
73002,0.49037309547381186
73003,0.552546545362452
73004,0.5382333111771758
73005,0.5569810842045292
73006,0.1992328871276195
73007,0.28163043534669285
73008,0.571554138244506
73009,0.4604427230734477
73010,0.4760371177017985
73011,0.41991922112698477
73012,0.464629707771013
73013,0.494673795351469
73014,0.5788565731578904
73015,0.21539506253565127
73016,0.5459793075595838
73017,0.5036236777651126
73018,0.5010877723274221
73019,0.46878756303495883
73020,0.44591312293441415
73021,0.2764860407059654
73022,0.5191379426183338
73023,0.5897234415578827
73024,0.5794477148296856
73025,0.5620401070632925
73026,0.4830359866337633
73027,0.6020807441503364
73028,0.5734612014695583
73029,0.4741861934954698
73030,0.22082813326190798
73031,0.5183414022769518
73032,0.5357682943978135
73033,0.507891897687913
73034,0.3017117168507183
73035,0.6533350071195723
73036,0.4593934491614778
73037,0.4610411284728293
73038,0.291284810084351
73039,0.4432988223068251
73040,0.5690150432047874
73041,0.37169610795941654
73042,0.5474900163313494
73043,0.5331031656081173
73044,0.5481132672130372
73045,0.4780268116717908
73046,0.27768516085939876
73047,0.5232996142154692
73048,0.4609958682973795
73049,0.25383435875456695
73050,0.5697238400456974
73051,0.5386761679085041
73052,0.48445652235745684
73053,0.5904945670357944
73054,0.4901820938257626
73055,0.47752856307308694
73056,0.5861348694006888
73057,0.5265252524418725
73058,0.4869802741943852
73059,0.5292769621505732
73060,0.503431931229768
73061,0.5452473523836016
73062,0.4797361475243093
73063,0.5474962965705329
73064,0.2314173042977807
73065,0.47310514802765086
73066,0.2564501285239846
73067,0.2915831526943245
73068,0.41192945296871175
73069,0.5439496557320944
73070,0.5622045728602983
73071,0.5551684377550958
73072,0.46137310886359584
73073,0.374929723904124
73074,0.2480653985693479
73075,0.5259500187493549
73076,0.535008883605881
73077,0.2615758225504445
73078,0.576343631823537
73079,0.5900639658381777
73080,0.28198319568493324
73081,0.2738035477112241
73082,0.4107752575869297
73083,0.5771615926232228
73084,0.43585181791147104
73085,0.5199356822268658
73086,0.4810653110368822
73087,0.443153521359483
73088,0.24442859869154285
73089,0.5774631458393888
73090,0.3628395838473753
73091,0.5457182740833421
73092,0.5531373980988126
73093,0.20370941671657042
73094,0.5472212977160726
73095,0.524102037979735
73096,0.5531202302402355
73097,0.4638572113367334
73098,0.2734459708939773
73099,0.5217696773632944
73100,0.2506417292536297
73101,0.532455587127635
73102,0.415289402876572
73103,0.5082610832049695
73104,0.6036136146098208
73105,0.5934962641790875
73106,0.5382622532791271
73107,0.5376491047526272
73108,0.5929008145688887
73109,0.2926285463602538
73110,0.5444917470258563
73111,0.2443591360221248
73112,0.4018166154480139
73113,0.5302266921532939
73114,0.5157871842504754
73115,0.4794835143082926
73116,0.5311732428319378
73117,0.5507351072042515
73118,0.23837356748714472
73119,0.5443908495390887
73120,0.26559998453380634
73121,0.5529019625839801
73122,0.5488200875960433
73123,0.306489255218447
73124,0.45493895619479136
73125,0.21865390489086134
73126,0.2527381539157964
73127,0.4653087076289418
73128,0.30441594558908275
73129,0.5260734554489586
73130,0.2605208435279774
73131,0.5784059185989249
73132,0.40951561811369835
73133,0.28570817880114713
73134,0.5888913725714346
73135,0.4786683526819001
73136,0.244851917986904
73137,0.5399072987040424
73138,0.46105066922099086
73139,0.5464098265795002
73140,0.5150749750672616
73141,0.558877001691385
73142,0.5687105564851112
73143,0.461986789720255
73144,0.5190718492557677
73145,0.40372720413699936
73146,0.2809741031586119
73147,0.5571442794456949
73148,0.5136187372680346
73149,0.58053005421726
73150,0.2389219026845802
73151,0.5626047753378822
73152,0.40855432380308937
73153,0.582727770092889
73154,0.477500407015242
73155,0.4695875746504887
73156,0.2317362029534126
73157,0.4627572860005533
73158,0.29656072479609946
73159,0.5274924469052592
73160,0.5595446596200179
73161,0.4325041277927558
73162,0.26113699169928123
73163,0.47586559275807927
73164,0.5091151419591168
73165,0.5737143992218391
73166,0.45487091966889986
73167,0.4542946881183333
73168,0.21513061309266868
73169,0.5151557405706113
73170,0.5360483268475724
73171,0.5077600456064065
73172,0.29252218798653284
73173,0.48566379648825797
73174,0.5514215128868214
73175,0.5876140129949191
73176,0.5780489987660875
73177,0.57227047653455
73178,0.5098129888299704
73179,0.6131774520046799
73180,0.5609666405332516
73181,0.5776559787025948
73182,0.28344320448332627
73183,0.4433688250221128
73184,0.23057176414616043
73185,0.2244222391339132
73186,0.5273347635145036
73187,0.36216833371109247
73188,0.5356700980159191
73189,0.5617358540379989
73190,0.5957009958086001
73191,0.562468957880745
73192,0.5080265125624557
73193,0.5795829355107613
73194,0.5849869283039618
73195,0.4164588994251778
73196,0.2580937882345306
73197,0.37740865241777033
73198,0.40596745962620173
73199,0.5237264867727653
73200,0.2506635609328399
73201,0.3579571259576342
73202,0.3081617323801974
73203,0.4830429952233316
73204,0.31194821954055435
73205,0.26950810546353643
73206,0.5008667129309343
73207,0.52331363585008
73208,0.5044743457099039
73209,0.5701561386017381
73210,0.2919818549438166
73211,0.481106018383115
73212,0.27292056859587327
73213,0.25831916625000056
73214,0.475572312070917
73215,0.3348002739343956
73216,0.392368623915251
73217,0.5737313474877583
73218,0.2860765296423162
73219,0.41956749250476105
73220,0.342213543923432
73221,0.5265451385480732
73222,0.5581974346224049
73223,0.5871296732611232
73224,0.5280922305753869
73225,0.5419476067638694
73226,0.546877451999618
73227,0.44005980958248375
73228,0.28545966765391445
73229,0.572128987565242
73230,0.6030444061704745
73231,0.5666846942349104
73232,0.5843988305127733
73233,0.5133527669477659
73234,0.29788503895064994
73235,0.5718767304756899
73236,0.23274746334763355
73237,0.22949001795688478
73238,0.156224906108912
73239,0.518444047585999
73240,0.5228366661827224
73241,0.3630881672478249
73242,0.491915345512647
73243,0.4565557390224147
73244,0.3118591654801785
73245,0.4852218504008175
73246,0.2727451777869866
73247,0.21384529886893236
73248,0.5511825585607993
73249,0.36883490028827703
73250,0.541195410851955
73251,0.4000110232166706
73252,0.5882784963622755
73253,0.534426726831215
73254,0.17736040348581833
73255,0.257904377188381
73256,0.4800972540043971
73257,0.46136505670950734
73258,0.5690447057985676
73259,0.4928045345202043
73260,0.5605015180231769
73261,0.45219392814715226
73262,0.505669150083199
73263,0.4084679066519423
73264,0.6074458583374279
73265,0.46516645716597077
73266,0.4696403112340231
73267,0.5588831584294753
73268,0.5650603182551057
73269,0.33028995967393365
73270,0.4781106827190684
73271,0.48402513266792574
73272,0.5341262927825849
73273,0.4607228565466185
73274,0.26867793587189714
73275,0.22260614675158794
73276,0.2165209146185494
73277,0.5277759099615227
73278,0.6017706660375498
73279,0.5451077542054149
73280,0.23286597977806636
73281,0.5771880064622603
73282,0.5954498528946836
73283,0.29442467792621
73284,0.4373821826205109
73285,0.2805326687000427
73286,0.4850098188380329
73287,0.27765479336224536
73288,0.2776140185032761
73289,0.3019005744323413
73290,0.48192261736899433
73291,0.2813402334262668
73292,0.3296864100048337
73293,0.4516120125589145
73294,0.508502250505515
73295,0.5826644990568026
73296,0.5800940825923554
73297,0.28520189226692866
73298,0.4069711991893566
73299,0.49262398630231213
73300,0.47410508095010606
73301,0.5589029734330435
73302,0.5309219011335664
73303,0.5515553779720905
73304,0.5205448756990798
73305,0.42974066624831747
73306,0.21255786601447
73307,0.5623003340090903
73308,0.568679326483402
73309,0.22180869550178378
73310,0.28358369862004024
73311,0.42532071080341244
73312,0.386921692851523
73313,0.5023176379275797
73314,0.5241493828563334
73315,0.5598672293711701
73316,0.6035371976269464
73317,0.5125890716693456
73318,0.5881740767366367
73319,0.4967698663132738
73320,0.48906973514564134
73321,0.5681359614061596
73322,0.47216033328962054
73323,0.32698786267819874
73324,0.280088773313489
73325,0.4077519847581993
73326,0.5442433746094334
73327,0.2921986432659618
73328,0.5076756221156952
73329,0.3179614455097948
73330,0.42064557094525035
73331,0.47218099555911025
73332,0.42399727048278524
73333,0.48600732843709826
73334,0.47689671716974885
73335,0.5197622158490866
73336,0.4952438110611599
73337,0.5427300047021816
73338,0.2433460589476596
73339,0.4866833770747064
73340,0.5047373052851911
73341,0.39431438183883943
73342,0.21385341328332458
73343,0.21321977375910603
73344,0.495802042895491
73345,0.5789442261972231
73346,0.2692211379754093
73347,0.5544975109021698
73348,0.4456256226203123
73349,0.25146531208785516
73350,0.3304616161531692
73351,0.5394547621950998
73352,0.5595834203764495
73353,0.5623764841989882
73354,0.5598658340435694
73355,0.24867252325529463
73356,0.22342348989028987
73357,0.5130035484122557
73358,0.266904554752202
73359,0.2283605906445038
73360,0.35972064547417243
73361,0.2927454372518611
73362,0.5316459167491735
73363,0.39366509222678414
73364,0.4102227185325663
73365,0.23779374906195086
73366,0.20364349421044473
73367,0.5303038095740957
73368,0.5666588471602513
73369,0.5418686640105085
73370,0.47019570148817735
73371,0.46629311066184637
73372,0.2404416768707825
73373,0.5752573047492325
73374,0.57581961145656
73375,0.44240344712331037
73376,0.4485137334195742
73377,0.2913071962792033
73378,0.2113674947685943
73379,0.5460370740658511
73380,0.26654110432242967
73381,0.5249292998408972
73382,0.22840315337457226
73383,0.2948203781424715
73384,0.43033363968333926
73385,0.5446802090189085
73386,0.18223657425902032
73387,0.30586933141264644
73388,0.5505007720460526
73389,0.4699804026979016
73390,0.5874315767285063
73391,0.2273500189574362
73392,0.5220087284033353
73393,0.491362041414078
73394,0.47723264930934084
73395,0.49227678281171044
73396,0.2908050230591561
73397,0.5720353666033873
73398,0.512772420312286
73399,0.5484343308105609
73400,0.5449340400755505
73401,0.5450822756718622
73402,0.4478551380340212
73403,0.6230861821252032
73404,0.448679870818559
73405,0.5545345686030573
73406,0.40745698873613634
73407,0.5788001759378383
73408,0.5676159738934716
73409,0.4553321823997485
73410,0.5420293484913755
73411,0.47474729716959885
73412,0.5565452736095454
73413,0.5579196049388352
73414,0.5443462476162882
73415,0.584340888536751
73416,0.4335334531254535
73417,0.16898455321483183
73418,0.5866081476759479
73419,0.47624297970808005
73420,0.5261832227722694
73421,0.28317215690575565
73422,0.5546789888324306
73423,0.5296343505362013
73424,0.24653625975850202
73425,0.5889727381267863
73426,0.4660265898975518
73427,0.27645567779261127
73428,0.4099889407684878
73429,0.5442684682553904
73430,0.5116248828357065
73431,0.5384661822931613
73432,0.5225540202497373
73433,0.49976958784795894
73434,0.3859760685052976
73435,0.22312926740857814
73436,0.5438635596235889
73437,0.21926753198220572
73438,0.5404613891408194
73439,0.23804262469332252
73440,0.4740109917163868
73441,0.5389696269605797
73442,0.2989004625570088
73443,0.34271889948253365
73444,0.35982290143126205
73445,0.5203659923024126
73446,0.4696711122500868
73447,0.5989411696090133
73448,0.6000255277906388
73449,0.5205442846639566
73450,0.5471992097864887
73451,0.5655430366321059
73452,0.5253478913940169
73453,0.24099701657027184
73454,0.24724492430270353
73455,0.4794028779234132
73456,0.2498434407586662
73457,0.4136110663429736
73458,0.5555591296861758
73459,0.54066362437057
73460,0.585832690333517
73461,0.4290747430585253
73462,0.4414373121870355
73463,0.6584226289149969
73464,0.5390853038427428
73465,0.5648380160505277
73466,0.5702768362921616
73467,0.4858328585731717
73468,0.5789197035001515
73469,0.4401207823158361
73470,0.4239824914135872
73471,0.5100820878184648
73472,0.5636404976084374
73473,0.30631170304156413
73474,0.571702024723909
73475,0.5476716904256624
73476,0.45995654903616345
73477,0.5009646496547779
73478,0.5051183924134174
73479,0.5513765122901126
73480,0.17676076773207947
73481,0.5074863670898324
73482,0.5155849928648663
73483,0.5153476194229865
73484,0.5745690402116138
73485,0.5258589288212869
73486,0.5630896123047049
73487,0.48225946958414034
73488,0.49834440208697717
73489,0.5186517955443375
73490,0.2821584842109516
73491,0.22928635606859235
73492,0.2474029383412108
73493,0.2588726562408761
73494,0.5212445382189572
73495,0.5564756633755683
73496,0.555828850015221
73497,0.4027711122953575
73498,0.5181062255655835
73499,0.402193849074462
73500,0.22206340731370605
73501,0.45684014285973507
73502,0.5933630260352161
73503,0.5417113029811604
73504,0.5291529609171431
73505,0.42156174808476643
73506,0.41043485922765427
73507,0.2447633126318066
73508,0.5718659042158558
73509,0.5229396369799124
73510,0.5425808784516892
73511,0.5251297943637608
73512,0.5398763899360421
73513,0.46886444363706253
73514,0.40432639808402054
73515,0.5144576458439539
73516,0.255787311783843
73517,0.588422055200936
73518,0.2993736457504219
73519,0.43117440446189365
73520,0.27501253353255306
73521,0.5237216732112354
73522,0.47620043861062955
73523,0.5420394006724897
73524,0.2782360446621836
73525,0.6087641758700272
73526,0.4508223680722522
73527,0.46447550528623155
73528,0.5151056321131023
73529,0.529877684855329
73530,0.2745914237186323
73531,0.5395575451602322
73532,0.5526697269623043
73533,0.6131272880325478
