id,label
53480,0.08865621006905401
53481,0.043803091739048415
53482,0.1270496490886643
53483,0.2020052081135753
53484,0.07496081499410101
53485,0.09516723276979466
53486,0.07791577311734171
53487,0.18734901390635583
53488,0.17010602066936217
53489,0.08102773058054416
53490,0.07789381473087241
53491,0.26077347941465207
53492,0.10363891859579522
53493,0.21054576066616904
53494,0.32148443112613917
53495,0.1688584241416755
53496,0.13849881913010076
53497,0.3789686627328326
53498,0.11676884934139772
53499,0.15856832956163996
53500,0.08402799927044897
53501,0.07145770155924125
53502,0.1465872828069917
53503,0.1649252640503764
53504,0.08390267836379955
53505,0.12446807467389462
53506,0.09228545824282863
53507,0.10515497657108412
53508,0.119890697648275
53509,0.1388966099954116
53510,0.047914320609774366
53511,0.11426827682417162
53512,0.11752986699618372
53513,0.10670078963294163
53514,0.07902840950798379
53515,0.07431870227022386
53516,0.12783022441840802
53517,0.1314143809262168
53518,0.11799856442161777
53519,0.12423451805617644
53520,0.14173980951472318
53521,0.11960284460282415
53522,0.07870837895400318
53523,0.16927033864615254
53524,0.2818412206077126
53525,0.17654401754456414
53526,0.11580422949190979
53527,0.13697369826351544
53528,0.24716255512826435
53529,0.29162886712591923
53530,0.16869959683980595
53531,0.06570325339508751
53532,0.10990406222955111
53533,0.054411727335534156
53534,0.19021681468253626
53535,0.18218977229811725
53536,0.14191900698217633
53537,0.059180716394651195
53538,0.1006272394731203
53539,0.21023670958505758
53540,0.42369398819790705
53541,0.04263388920864166
53542,0.42159057119141274
53543,0.12250179865182216
53544,0.2578566080918272
53545,0.373434461617118
53546,0.11239755444215274
53547,0.19638160638934815
53548,0.11278185109695517
53549,0.08436034915209058
53550,0.10791744513497546
53551,0.08368136990325717
53552,0.08542766506660958
53553,0.06013806685578507
53554,0.06855261638051814
53555,0.15895238416318952
53556,0.11769255657737297
53557,0.13865939777412928
53558,0.2327415031726303
53559,0.12865832919041556
53560,0.09248613638680468
53561,0.09909776475331795
53562,0.08533363085462896
53563,0.13936371482649762
53564,0.08129588811037611
53565,0.15778267438647237
53566,0.05816159885865691
53567,0.11779563294558029
53568,0.23649835961007723
53569,0.10891553849087167
53570,0.1112921975557558
53571,0.11768094559086764
53572,0.13571259444325268
53573,0.2023779496121862
53574,0.17596104793116163
53575,0.38140934585604264
53576,0.2096808491762671
53577,0.06525137202141215
53578,0.46161941423431363
53579,0.06735736506548658
53580,0.07210957954009761
53581,0.1320950656026013
53582,0.10891512906432729
53583,0.10517147516656543
53584,0.11570095092910802
53585,0.053594014801665715
53586,0.09856173470423596
53587,0.14489177716383053
53588,0.2161851005102546
53589,0.0491799446119059
53590,0.17490801518859259
53591,0.18671292725339983
53592,0.05675220098983039
53593,0.0792699882465079
53594,0.1198076263374264
53595,0.08112607337095727
53596,0.14044053266259798
53597,0.17248518591786052
53598,0.04582255480505906
53599,0.2308649197159958
53600,0.3660846566200884
53601,0.2138878309307513
53602,0.09682818831610557
53603,0.12149748184588353
53604,0.3465062609897834
53605,0.1695521746980445
53606,0.3237337138933247
53607,0.13698997206049263
53608,0.05396401400825913
53609,0.15685792675554364
53610,0.050951711587796746
53611,0.09349108851139763
53612,0.1035752204533521
53613,0.12125654577596531
53614,0.062068366765406696
53615,0.20129693301438056
53616,0.15654460781944007
53617,0.10136132072544772
53618,0.08174743815811648
53619,0.12427066934753943
53620,0.14316189367340543
53621,0.11037002794233584
53622,0.16803182204160794
53623,0.3350421160943033
53624,0.14181211940959534
53625,0.2934132895855561
53626,0.1405701226196257
53627,0.1193400107429225
53628,0.20920832358420685
53629,0.1227610681604823
53630,0.10109897761871785
53631,0.07211201620305072
53632,0.13260076984299085
53633,0.059800312590895854
53634,0.18081230073342955
53635,0.07763217977044394
53636,0.13978090288409564
53637,0.23496036962079986
53638,0.14295636059029815
53639,0.08018731513023905
53640,0.20314096008945665
53641,0.11019361242195619
53642,0.3526399103221904
53643,0.08109548215421274
53644,0.16871133677689268
53645,0.2522528324675425
53646,0.12437683884749334
53647,0.04686382877396221
53648,0.1102197502704422
53649,0.10858379449026465
53650,0.14779342886305974
53651,0.16738314723587772
53652,0.10652982626627348
53653,0.09483660156759675
53654,0.23820846926404218
53655,0.19311510154938155
53656,0.14668042549850144
53657,0.045189213301000765
53658,0.30255255297667816
53659,0.16011527059495678
53660,0.08661633053801028
53661,0.2563650057085272
53662,0.11337236235556897
53663,0.09947343967920506
53664,0.06987425554064115
53665,0.1982436942597618
53666,0.23951947197913454
53667,0.18791054287482412
53668,0.059194475327928486
53669,0.16181866927111044
53670,0.06552153303116161
53671,0.0554460212174237
53672,0.06187016348671809
53673,0.09102409244407224
53674,0.09859312808893682
53675,0.3151638023836823
53676,0.3144105477629533
53677,0.07611559476637954
53678,0.4235767252194963
53679,0.10197661985108218
53680,0.21149157896899606
53681,0.08696811452719401
53682,0.07732803732568008
53683,0.1668105287508579
53684,0.07755440076270047
53685,0.11104706139901081
53686,0.2222394120583147
53687,0.09927140283199778
53688,0.1269656822174309
53689,0.061224369206683914
53690,0.0800896015957038
53691,0.20966228819925242
53692,0.0558856864077989
53693,0.06935748353621478
53694,0.12774053216566494
53695,0.12063668648054952
53696,0.12502302283635786
53697,0.26536483270742117
53698,0.13885896816745244
53699,0.16305006573416672
53700,0.4013356703318505
53701,0.10089340239094721
53702,0.09177391832260623
53703,0.30927083816120376
53704,0.12022606972641021
53705,0.056360269859511855
53706,0.10553416707448082
53707,0.09632713010516639
53708,0.1655736521839218
53709,0.15562952023992074
53710,0.0919776143126647
53711,0.18812106462009723
53712,0.08556582754686325
53713,0.20671823515357726
53714,0.2566321099065481
53715,0.11850258062352843
53716,0.12510282384996924
53717,0.2788601093403692
53718,0.1370139224049945
53719,0.11896486230878174
53720,0.05769065528688101
53721,0.22802291632814745
53722,0.22505338155724863
53723,0.10169759424803242
53724,0.13803911620569417
53725,0.0653715251192622
53726,0.10034333984861643
53727,0.046023796170886984
53728,0.07843230915842095
53729,0.17587258810846565
53730,0.2943689310007107
53731,0.11409745994197584
53732,0.18591167833418326
53733,0.11105805563900527
53734,0.11955003826150203
53735,0.11542982838839572
53736,0.04665912551161119
53737,0.15478888017831083
53738,0.06266877856600206
53739,0.0655290384009952
53740,0.12883823468521632
53741,0.13567425114636378
53742,0.22218911444548695
53743,0.14611691629318344
53744,0.2025226869902076
53745,0.10806988519001941
53746,0.12961360546970915
53747,0.3340295608159023
53748,0.05969182994951765
53749,0.25671716076682133
53750,0.3731436640151258
53751,0.10836072896325388
53752,0.1300486080529366
53753,0.08491198038491261
53754,0.10416750403641221
53755,0.12218076441761212
53756,0.11020232372945109
53757,0.08105959663763879
53758,0.12218595364337428
53759,0.20780777175028936
53760,0.10283332887917071
53761,0.1878891811351112
53762,0.06756467023754083
53763,0.17554544734597058
53764,0.3958719842828177
53765,0.25584023544819373
53766,0.14460158879181825
53767,0.23125917728045434
53768,0.19671529076708733
53769,0.34839763001252666
53770,0.11075571579960361
53771,0.1390152347697508
53772,0.08050786574589255
53773,0.10647780157980818
53774,0.29796591197515965
53775,0.1594858909571957
53776,0.12043223793918383
53777,0.06731791113472468
53778,0.3017477349194303
53779,0.06263768452658947
53780,0.13946919455882179
53781,0.08558841038520112
53782,0.11202762978443585
53783,0.15854592972942058
53784,0.13069789450685645
53785,0.12133148251322491
53786,0.2789709310988467
53787,0.33495494729662406
53788,0.12352861244382446
53789,0.2106998323055073
53790,0.16864566862220676
53791,0.19439436976623364
53792,0.1012518512497445
53793,0.11714371921750993
53794,0.07851662119996144
53795,0.06305564212780947
53796,0.23902121060714182
53797,0.138847583112974
53798,0.07552104126737948
53799,0.09656166309704657
53800,0.046641929130910066
53801,0.14296805459241638
53802,0.14212808024255405
53803,0.05729121207554218
53804,0.30686659665783433
53805,0.06915777933363329
53806,0.125373996540962
53807,0.09862918482768153
53808,0.07135653635224974
53809,0.08562593330027396
53810,0.12054137169683594
53811,0.20371206039213527
53812,0.09332374065584534
53813,0.13727370645907724
53814,0.07531327020780132
53815,0.07362283126178858
53816,0.05039682510537377
53817,0.16375086800856598
53818,0.07755546662573436
53819,0.11360185007000133
53820,0.2406322101574075
53821,0.1406571156577053
53822,0.10996082023272416
53823,0.045621167821199696
53824,0.14318904983692862
53825,0.04681210769693235
53826,0.1366144679804786
53827,0.15267622705072753
53828,0.13734439242914265
53829,0.13754569328148644
53830,0.12906792516715196
53831,0.24462849940802528
53832,0.19102474841984374
53833,0.09518260814798755
53834,0.05466093237730682
53835,0.12176367289460382
53836,0.2513053786208624
53837,0.23188630126427376
53838,0.12245816848500332
53839,0.14213131181353428
53840,0.30070194437335657
53841,0.3960368167431334
53842,0.052046659579257915
53843,0.17533325338795805
53844,0.07154053810090522
53845,0.13205671200414115
53846,0.11984886621728737
53847,0.10248467642016242
53848,0.12904656727461097
53849,0.09746784780534098
53850,0.09011464963053704
53851,0.09267693284083772
53852,0.06942556255256364
53853,0.1740362056238027
53854,0.1097051745183634
53855,0.21518300729839449
53856,0.07133109136863439
53857,0.22867014176739692
53858,0.07489497449442553
53859,0.058749697824839145
53860,0.098565383972712
53861,0.1505141092839309
53862,0.12549239446190627
53863,0.11105053006918036
53864,0.31033338713738856
53865,0.1011791763139838
53866,0.09023861731116503
53867,0.08945313162459324
53868,0.1500629256823494
53869,0.08087738457244152
53870,0.18441617726362416
53871,0.13436705749271732
53872,0.1280814013562935
53873,0.10468341800231867
53874,0.24127049646186263
53875,0.0905035671882445
53876,0.11426504995936906
53877,0.0859882088067408
53878,0.17413272586012313
53879,0.07301775288338512
53880,0.11929903944627551
53881,0.35591300530640957
53882,0.2553717197972497
53883,0.10682054115395909
53884,0.05236545896851236
53885,0.3029274435916648
53886,0.05962262158480508
53887,0.08471384998681475
53888,0.1613300936087921
53889,0.14451591615414977
53890,0.16445716365438998
53891,0.09597259283301947
53892,0.29509811147584386
53893,0.15266148466950064
53894,0.19761147267804213
53895,0.0718998608552515
53896,0.1166017364043988
53897,0.16838456769616322
53898,0.04827725521053065
53899,0.17326537754704996
53900,0.10665842249625597
53901,0.07624964774062226
53902,0.17787838289315222
53903,0.15535607515667413
53904,0.17220190068299215
53905,0.07177417930516651
53906,0.04430473291063613
53907,0.0702740195943817
53908,0.12390142549139177
53909,0.10473392694650915
53910,0.14026757738753373
53911,0.0714096859153386
53912,0.3011183651867531
53913,0.09197594460262523
53914,0.1955354402417769
53915,0.11612822086191397
53916,0.0922060740586226
53917,0.08163257904119987
53918,0.07567492920716135
53919,0.13063077660059438
53920,0.08601035971362235
53921,0.0697794194945574
53922,0.06293918678531886
53923,0.20631735353521224
53924,0.10903636815310716
53925,0.035034501255983466
53926,0.11889206082804783
53927,0.08529563456268108
53928,0.11067335965000881
53929,0.10317638775981161
53930,0.09082908268327773
53931,0.10872242691478544
53932,0.2023474807539783
53933,0.10797790464441931
53934,0.061318739567020324
53935,0.24016868113494189
53936,0.12359967752308698
53937,0.22545676140838605
53938,0.12061525903566586
53939,0.12200226295280132
53940,0.31006988601262103
53941,0.27644562192350436
53942,0.14173086121561326
53943,0.1287479816368646
53944,0.06427007085407907
53945,0.3790405588913945
53946,0.12713706711849362
53947,0.10456930187821051
53948,0.09378182574187507
53949,0.13259433592483272
53950,0.11889459215138475
53951,0.20094013500453178
53952,0.1123767594020611
53953,0.1010595646538568
53954,0.1681453812696326
53955,0.08510799269681799
53956,0.13829380651679204
53957,0.057802169201476294
53958,0.14306059844359326
53959,0.29748195503095926
53960,0.173865305019859
53961,0.09766131294446326
53962,0.07657849624818862
53963,0.2056174201159422
53964,0.057428007612123064
53965,0.1709475963403903
53966,0.041066529179069826
53967,0.05565262662827836
53968,0.2530038090367704
53969,0.056344353117066544
53970,0.05597841789384877
53971,0.1370873777274965
53972,0.12796019111565532
53973,0.09474756492965515
53974,0.18745648097188683
53975,0.11113157938392344
53976,0.15164521277771661
53977,0.05200511766768552
53978,0.3253545727925727
53979,0.31221956553807056
53980,0.1731818739314536
53981,0.1807841499874309
53982,0.12030631390057915
53983,0.10867778558120766
53984,0.14087413179383212
53985,0.10112516986188798
53986,0.13949994545074793
53987,0.08916346273173471
53988,0.056694577780941946
53989,0.13218137368766228
53990,0.13934643189270093
53991,0.19126487561655048
53992,0.21124897406598317
53993,0.09107334558510713
53994,0.09538698531993896
53995,0.12063740985367949
53996,0.1780679006468333
53997,0.09329375481655373
53998,0.1048880492600878
53999,0.23700136743561653
54000,0.11332880359153967
54001,0.07550136010414682
54002,0.04784103862077642
54003,0.2793030985557404
54004,0.1772965002922302
54005,0.09133685041463685
54006,0.04514339684407678
54007,0.12829006504557025
54008,0.15622982531575874
54009,0.10819981634411516
54010,0.07248008583241265
54011,0.09648865717374282
54012,0.17343399180365796
54013,0.1412164993140176
54014,0.061092557904754735
54015,0.11925368993789759
54016,0.045836103792464514
54017,0.05506381584805096
54018,0.09847440963267981
54019,0.21940312205935883
54020,0.14410932514188116
54021,0.10181843390742094
54022,0.15465490275412788
54023,0.20340749361463792
54024,0.08229763570879027
54025,0.18100929524783368
54026,0.09464648818157698
54027,0.2819623065288187
54028,0.12346076815132656
54029,0.11967369986952917
54030,0.04222390244949624
54031,0.08986832909282576
54032,0.14895512093430163
54033,0.19714173031827936
54034,0.4800870802591157
54035,0.14100794331367744
54036,0.04033908006843163
54037,0.3515780529231398
54038,0.11339028405353664
54039,0.05513062399160041
54040,0.09985328369672967
54041,0.04789239260547152
54042,0.10714585123615267
54043,0.14513617823290986
54044,0.1798251754555409
54045,0.16343726488986662
54046,0.1053597006583459
54047,0.2453661046846473
54048,0.06960188778644534
54049,0.33302997832755693
54050,0.11626709303467668
54051,0.0523823156449945
54052,0.23930499536314742
54053,0.0607653427343627
54054,0.06753679169052434
54055,0.05318358863169068
54056,0.17722891449971956
54057,0.12442002045948308
54058,0.13642677275173778
54059,0.0636225439996027
54060,0.32367623758176667
54061,0.14022712079548688
54062,0.1143298868212123
54063,0.15965602161717152
54064,0.09063256633480463
54065,0.0631182115347123
54066,0.15750440607699845
54067,0.118333690622178
54068,0.2614643726382922
54069,0.03908699140682014
54070,0.1139565040331959
54071,0.12485338122785161
54072,0.2862549093876961
54073,0.08804087363725241
54074,0.08722412874231841
54075,0.15089969461556027
54076,0.10978584740092204
54077,0.3245920903535157
54078,0.1228207065115926
54079,0.11429108926952579
54080,0.13133328728409813
54081,0.09080731130802135
54082,0.16886810307213687
54083,0.09567828330533164
54084,0.29059485577435684
54085,0.13718875154836135
54086,0.18313210110517356
54087,0.10880961609866883
54088,0.10927140274083567
54089,0.06624498815345856
54090,0.13900313805452066
54091,0.2696368936162202
54092,0.23899859850706148
54093,0.117782825917034
54094,0.09694038211742342
54095,0.07943280951756583
54096,0.055454080410201216
54097,0.13871240041222427
54098,0.14489405245990256
54099,0.07675373082552646
54100,0.15099206043246194
54101,0.09007661260775456
54102,0.0803544526792205
54103,0.1340484987813118
54104,0.0634597991983994
54105,0.11038068591562454
54106,0.09256527206287303
54107,0.15369834507592045
54108,0.11916604618016151
54109,0.11889153071524312
54110,0.1472003769447214
54111,0.1656739894109968
54112,0.10214101530250808
54113,0.05212877074906632
54114,0.108564306701379
54115,0.0505866703420153
54116,0.13405299900202478
54117,0.10191148344621816
54118,0.17763266786276644
54119,0.1413404347227587
54120,0.13864904563898506
54121,0.1502142183146335
54122,0.05933600947775315
54123,0.08072989269903647
54124,0.181806743521249
54125,0.10431545389078155
54126,0.1046853510935792
54127,0.11687681605845107
54128,0.10659009388505546
54129,0.13242673054916151
54130,0.09995623618598132
54131,0.12894103975211102
54132,0.11964538984792426
54133,0.06259094100439275
54134,0.11923318555199462
54135,0.18357995151584125
54136,0.057426224254507385
54137,0.07500600890471786
54138,0.09296471791039676
54139,0.10806459445090182
54140,0.12383001410253588
54141,0.09923142989150106
54142,0.3326086266860522
54143,0.21021503934748922
54144,0.1605751489167246
54145,0.19909595546427622
54146,0.19315928243979472
54147,0.10763015974373934
54148,0.1548086520597725
54149,0.07459330057322311
54150,0.05598469052039912
54151,0.04162076757409407
54152,0.14395505816100906
54153,0.05197778099516376
54154,0.09991491023177929
54155,0.08509009298511963
54156,0.10903593569813345
54157,0.08607453782903896
54158,0.10243172079742699
54159,0.35380016741699194
54160,0.12849579891672075
54161,0.36267635314961094
54162,0.2600432768015237
54163,0.26386529626380495
54164,0.10565467479757576
54165,0.08491161381891692
54166,0.04442323168866504
54167,0.11536172387244051
54168,0.08703230746456364
54169,0.08912477477669101
54170,0.11550786508385226
54171,0.09686484070468389
54172,0.21713893721731944
54173,0.10898084970137371
54174,0.11101224537723986
54175,0.1317299295926028
54176,0.0989153593869444
54177,0.14958062605644862
54178,0.22408848688453648
54179,0.21209134091066253
54180,0.1610360704205691
54181,0.061825930209197216
54182,0.1478659836404694
54183,0.09518486221488826
54184,0.16665568907888112
54185,0.38511015906793833
54186,0.2563297676323345
54187,0.15741533438764838
54188,0.22026441391177132
54189,0.11355699441546661
54190,0.14019249312162702
54191,0.10852163346629694
54192,0.10606981739340485
54193,0.043141588821404446
54194,0.06343631219260862
54195,0.1256545295960957
54196,0.3276703770429082
54197,0.05864643385314363
54198,0.22443835778127297
54199,0.05576933327160288
54200,0.1727477921843466
54201,0.1685031108341639
54202,0.05994677533919842
54203,0.10560851365196794
54204,0.29188468590531685
54205,0.15258018193990552
54206,0.08606368421880164
54207,0.1826665558135589
54208,0.09232963906384883
54209,0.12234110007500631
54210,0.08886363209710088
54211,0.056548280969191775
54212,0.07056518485961488
54213,0.04816220597894342
54214,0.3115982374642714
54215,0.08229667828269677
54216,0.11952353724377446
54217,0.13505806527559572
54218,0.10486491391000331
54219,0.10998510663564849
54220,0.07178968578015431
54221,0.1435728345260626
54222,0.1033029518631843
54223,0.056990126605389914
54224,0.09293354390350245
54225,0.0710975913359536
54226,0.16794452740218965
54227,0.052869608234609435
54228,0.14957194689495407
54229,0.11890577938347015
54230,0.24833689584352275
54231,0.08262870607276401
54232,0.14717210198737507
54233,0.1158671852019615
54234,0.07766157361508978
54235,0.0957510341335986
54236,0.10387484694713316
54237,0.06655937774205282
54238,0.05515193899960738
54239,0.053310813404873515
54240,0.20400362902499258
54241,0.11921422577876897
54242,0.07734179476609473
54243,0.11904319923763414
54244,0.0956268201249051
54245,0.06995993550831671
54246,0.14093610695797582
54247,0.11602784393374128
54248,0.15645808490769225
54249,0.11929382820257817
54250,0.08505266406067907
54251,0.12694039863541645
54252,0.07804583329992827
54253,0.12111541243785183
54254,0.14969811863173177
54255,0.07364041304818317
54256,0.0958930291959651
54257,0.26301496639994765
54258,0.06395629965787439
54259,0.05101408102757744
54260,0.0680287307748037
54261,0.04658761785925689
54262,0.11054683140684904
54263,0.20199514430040694
54264,0.11542743362764894
54265,0.0820810571820535
54266,0.06020024314710051
54267,0.047040968285960015
54268,0.03770376976885084
54269,0.10952039720522427
54270,0.1287670540764501
54271,0.10497895077160889
54272,0.13223579817322684
54273,0.05093390184039752
54274,0.06965726546515924
54275,0.09335245676053196
54276,0.09571207305101748
54277,0.06962910243640397
54278,0.10185964666135489
54279,0.12376453289809233
54280,0.06418675548527436
54281,0.07613048874797093
54282,0.09966933403501181
54283,0.12870180955721688
54284,0.2667047960605929
54285,0.535922818054274
54286,0.3299867888206471
54287,0.26893809973696475
54288,0.24164498324991485
54289,0.07685039200623271
54290,0.06959972168299436
54291,0.14081965135110927
54292,0.09359355201310854
54293,0.0775401212577598
54294,0.1035208731932674
54295,0.18306421681949064
54296,0.12181844692164016
54297,0.3404872643337152
54298,0.21075122720574518
54299,0.10472867927416786
54300,0.10615833909524183
54301,0.27277991945670615
54302,0.05081348233208728
54303,0.09016693719226807
54304,0.09761036725033158
54305,0.11122001326455322
54306,0.11426899192312721
54307,0.15318046653643533
54308,0.18633517918430742
54309,0.11583459850855836
54310,0.06606323976552554
54311,0.19030934319963094
54312,0.07672594792610017
54313,0.12407880895793749
54314,0.14082440039172925
54315,0.18699117405579685
54316,0.269998536329777
54317,0.12730966475807354
54318,0.09910805485868654
54319,0.12821077258320301
54320,0.07959718077572829
54321,0.27499903037331463
54322,0.05127103978623909
54323,0.1490821124961868
54324,0.16161196336454908
54325,0.11051006171726312
54326,0.24727036734031219
54327,0.060001168605509976
54328,0.2644866246413838
54329,0.22069809227345738
54330,0.049119615837201064
54331,0.07574147386002908
54332,0.11791344924679485
54333,0.1852603317365828
54334,0.28458274007071266
54335,0.14298192026934908
54336,0.20962440793073708
54337,0.09786063722099371
54338,0.09895568017146417
54339,0.13720247834310198
54340,0.1341580537135352
54341,0.06977873225761325
54342,0.29218636897547073
54343,0.14042890224524884
54344,0.06208842709985485
54345,0.07914384854243843
54346,0.11321711340790935
54347,0.10680134894996043
54348,0.059513090070042136
54349,0.08904928437676062
54350,0.16418111402470736
54351,0.09985587485050086
54352,0.17231231218000606
54353,0.0747400980202537
54354,0.09614730312238763
54355,0.04122440962285245
54356,0.1014903675503069
54357,0.14112420421880334
54358,0.129198619156874
54359,0.17988920338035783
54360,0.18283694338550013
54361,0.3086004871962235
54362,0.074905461136069
54363,0.04751295409228153
54364,0.20513828050436472
54365,0.18412925325199855
54366,0.04684564963700673
54367,0.05015518492201896
54368,0.16654683799303072
54369,0.09531700557974249
54370,0.23609833788609422
54371,0.043755186644776796
54372,0.04920389408567325
54373,0.2373674875754199
54374,0.0651028446169348
54375,0.11240237927848386
54376,0.12402993395848522
54377,0.16459030889440096
54378,0.15387224247364048
54379,0.0919280443839733
54380,0.07853487736030894
54381,0.2543497815939318
54382,0.2680645701443191
54383,0.2197580282588786
54384,0.11406949054965668
54385,0.2106280567224659
54386,0.2987691669159863
54387,0.12814987381249576
54388,0.184224241280867
54389,0.14948247819883564
54390,0.11635714683248055
54391,0.1692026180562957
54392,0.05825141162232459
54393,0.1037242730033585
54394,0.07184007610748668
54395,0.13793645120361359
54396,0.18045241065859724
54397,0.3494264732693031
54398,0.12840371254709596
54399,0.13835657900664033
54400,0.4519557509326122
54401,0.12034094305633307
54402,0.05997945986625192
54403,0.16350442871675838
54404,0.3100398761940836
54405,0.3013876161355079
54406,0.06906313438718056
54407,0.10841269136288853
54408,0.1675392840605769
54409,0.2857059561947169
54410,0.10228588503870754
54411,0.16681972716224644
54412,0.06436341295984094
54413,0.09569833226249913
54414,0.08075074827463359
54415,0.24921566889360305
54416,0.18849174754081666
54417,0.2430083162047131
54418,0.08132841351140681
54419,0.16179735502738388
54420,0.29741481854636265
54421,0.10256206259492283
54422,0.16997727578957741
54423,0.05822722952123709
54424,0.2670775241488412
54425,0.10413435882713278
54426,0.05154063733648918
54427,0.07078098662075967
54428,0.1612299639502985
54429,0.0921256489438646
54430,0.12261068635638638
54431,0.1091225540026581
54432,0.12132253890527292
54433,0.05012049227323077
54434,0.1463168261091141
54435,0.096729508891142
54436,0.09185152281727164
54437,0.0699102327377246
54438,0.11473121155120412
54439,0.11189054008324277
54440,0.06680254326836178
54441,0.18272344031160279
54442,0.0938786965248383
54443,0.19651218864040834
54444,0.21032913358033636
54445,0.10955704736659073
54446,0.11636769999158465
54447,0.12469231398894033
54448,0.11435319568528739
54449,0.16965725599246695
54450,0.11931446196436964
54451,0.17818668297081744
54452,0.2948892720374717
54453,0.13352682560112128
54454,0.1036652701992369
54455,0.17304951095637305
54456,0.13287484199005264
54457,0.39499304733028767
54458,0.3050369668501809
54459,0.26628754594353976
54460,0.1037399669776056
54461,0.16897731626068604
54462,0.10139755952477371
54463,0.10937715747223638
54464,0.16730821146892297
54465,0.0790839792919182
54466,0.1903951714000869
54467,0.1322264376458198
54468,0.049202834113280795
54469,0.11248302672538882
54470,0.17034593468797074
54471,0.040585594632727456
54472,0.24539117307172995
54473,0.10207055763921397
54474,0.07163902263847294
54475,0.11233099715744596
54476,0.09466281520033361
54477,0.1790285323695556
54478,0.12466867575154386
54479,0.1081623038695572
54480,0.07086097028889322
54481,0.14077972348040552
54482,0.1274326857163619
54483,0.13338915027646933
54484,0.14200844020519196
54485,0.10967536973815312
54486,0.0766834780607824
54487,0.09197983278954423
54488,0.17696839339432593
54489,0.10479398274892104
54490,0.1170422832489029
54491,0.15108059474748303
54492,0.2766386034626267
54493,0.18740256214614248
54494,0.10988473342698252
54495,0.22101108576544165
54496,0.09138543770178437
54497,0.07072838735513985
54498,0.199309372813358
54499,0.09826593183778178
54500,0.06082060122363922
54501,0.14006997787223477
54502,0.23461835633474162
54503,0.05744453818160745
54504,0.09520658822206719
54505,0.11019869818404111
54506,0.14018310272579834
54507,0.04766156102243294
54508,0.0672690240091725
54509,0.13209587641889733
54510,0.0825233338618027
54511,0.05100215993577946
54512,0.13483834763953648
54513,0.1066259911846673
54514,0.12981622770443949
54515,0.15017760697661983
54516,0.06211909884001547
54517,0.1754381835785926
54518,0.16368338631054355
54519,0.1999090334831754
54520,0.08328271963971604
54521,0.04368908632692357
54522,0.050193391488157546
54523,0.10078130368245447
54524,0.10750045146502381
54525,0.14100127662066536
54526,0.17753734290378076
54527,0.19878743290297024
54528,0.09741264357877259
54529,0.05728831629153879
54530,0.04772233867136137
54531,0.048042758314425595
54532,0.2134241539775355
54533,0.04950892707116377
54534,0.12214611335808483
54535,0.07741310980332818
54536,0.08067822044755026
54537,0.05506248065846244
54538,0.044036314424105265
54539,0.2533794593331077
54540,0.15443217412711896
54541,0.13013505277923484
54542,0.07547572149173047
54543,0.09183848346614819
54544,0.11373739839298672
54545,0.19354698722233668
54546,0.13253963107103048
54547,0.11549089367985463
54548,0.3443458585451992
54549,0.13217013796692598
54550,0.107238324293723
54551,0.09180754852730003
54552,0.10258844968124073
54553,0.07905165969338786
54554,0.11026883153687796
54555,0.07120156947289578
54556,0.20168852852734623
54557,0.1127898188104398
54558,0.11016304397300282
54559,0.07901500252356876
54560,0.09449079723612054
54561,0.06362569044334666
54562,0.11756690805495355
54563,0.1886380596423865
54564,0.12000921487808595
54565,0.06079776377023142
54566,0.15461391783935952
54567,0.08012853217108616
54568,0.14389932010536205
54569,0.1417000609833718
54570,0.04605695494968659
54571,0.06528505343019195
54572,0.1665534727714499
54573,0.07625156522927079
54574,0.25149303714123356
54575,0.07674620849332993
54576,0.13116321804616227
54577,0.058077998576897306
54578,0.17406150120295671
54579,0.10514323474355132
54580,0.22065111672821863
54581,0.0500803639473882
54582,0.100620698129231
54583,0.10922743411700345
54584,0.11983406023687279
54585,0.06911993326211913
54586,0.19650776348683557
54587,0.19974287049995948
54588,0.08133553724765179
54589,0.07899206174043245
54590,0.15348513118958243
54591,0.04846183129662757
54592,0.13496748787453874
54593,0.14177331971307175
54594,0.10129789416683203
54595,0.21864571886261236
54596,0.1214336178232885
54597,0.1066450188144971
54598,0.12427395026449145
54599,0.12283542834939062
54600,0.09061431462678092
54601,0.09669483301843754
54602,0.1409238446452143
54603,0.13592116986204072
54604,0.13261725179845946
54605,0.12483955189610062
54606,0.3632666943738248
54607,0.1351736546591845
54608,0.10100418531105464
54609,0.04530223700171389
54610,0.11086466457467858
54611,0.1719692935122175
54612,0.14623167143789398
54613,0.08699641612458507
54614,0.2851909732181408
54615,0.05656642148339224
54616,0.058119978849284645
54617,0.12066251613731441
54618,0.06636776081788832
54619,0.19937830708728377
54620,0.10475598863360015
54621,0.08570120964665161
54622,0.05875154104272523
54623,0.06204759704464367
54624,0.05428568407790788
54625,0.08701329409641384
54626,0.12163490020408498
54627,0.09615624680056148
54628,0.05897166080198003
54629,0.1123989087791707
54630,0.13580012896094135
54631,0.13713662888520678
54632,0.10999812336153882
54633,0.039492333732420754
54634,0.11264550786988636
54635,0.09276195554879642
54636,0.23406444829876952
54637,0.25394413451331044
54638,0.16980445062606803
54639,0.0960352018338811
54640,0.054236543091372665
54641,0.07644121510626
54642,0.1412202730788748
54643,0.10073606515077947
54644,0.0669978328677625
54645,0.24212200995322247
54646,0.07162140284716927
54647,0.11030712824524445
54648,0.18782425743258357
54649,0.06198821027080203
54650,0.0557389213392297
54651,0.2908017841277066
54652,0.12047785085253426
54653,0.18085829084746172
54654,0.06519820955889541
54655,0.05397876368448263
54656,0.04576240181926808
54657,0.2093314534289765
54658,0.16311284329300538
54659,0.10719157982506657
54660,0.19479321597312754
54661,0.17476575229300154
54662,0.05442668086382593
54663,0.23136685751287758
54664,0.1545630418482048
54665,0.23198324006826526
54666,0.10447797536632503
54667,0.05676983334741706
54668,0.06466109348822491
54669,0.13079680126287527
54670,0.13921840462396626
54671,0.09288955384779247
54672,0.16560097968295823
54673,0.15961784575645946
54674,0.07803085681025006
54675,0.09025443871568556
54676,0.05821839227156059
54677,0.10777674308240677
54678,0.07233464565742478
54679,0.0634298089362688
54680,0.09312718923043387
54681,0.11697241700789356
54682,0.1338196146962819
54683,0.20949103085198806
54684,0.06796382854596564
54685,0.0583135100220708
54686,0.33023010942847575
54687,0.11342987874630761
54688,0.08442079148511086
54689,0.4088189623632421
54690,0.28092712376702916
54691,0.1335042885434571
54692,0.3325794708073876
54693,0.04802806540074002
54694,0.1775583284300402
54695,0.3262143157728835
54696,0.3192271398997662
54697,0.13108436785222058
54698,0.12159911867472009
54699,0.0629564042791991
54700,0.047074824458657884
54701,0.1464480585282487
54702,0.07520715089091326
54703,0.051355267574107674
54704,0.421017632597927
54705,0.1129031413784877
54706,0.31125699855567834
54707,0.1818601506882906
54708,0.1487374499958925
54709,0.11267613083765728
54710,0.06324274179349823
54711,0.12486890779722801
54712,0.07923929815107163
54713,0.2624105562642157
54714,0.09643224075355486
54715,0.22150135670266308
54716,0.0821816640637336
54717,0.34574581858657677
54718,0.15730683818394312
54719,0.07688040833049097
54720,0.16558404412710678
54721,0.13503007141679219
54722,0.09101097148941299
54723,0.07713957943346333
54724,0.036530798757746834
54725,0.24977177032035244
54726,0.10763642982578525
54727,0.2806923264939376
54728,0.10026106531948421
54729,0.0425197627207519
54730,0.11521073625375423
54731,0.194663528590436
54732,0.20430088784536896
54733,0.24255946740631515
54734,0.12093264298196067
54735,0.2235490460518491
54736,0.3765155589296121
54737,0.07031579993691624
54738,0.0970229612980023
54739,0.14397298775286244
54740,0.14978260218109338
54741,0.16763845481000844
54742,0.07595699568184029
54743,0.12109935462893603
54744,0.12454190959142244
54745,0.17712188775579982
54746,0.28235324722434035
54747,0.10168097266141833
54748,0.1707428999800292
54749,0.1002667089524838
54750,0.1422616313266251
54751,0.1688681795670033
54752,0.11930531175014267
54753,0.057577774530140444
54754,0.07693677711120903
54755,0.2383429410399691
54756,0.08352184873725632
54757,0.03469990556319481
54758,0.06225599064403977
54759,0.12213883285468392
54760,0.12204041940451549
54761,0.08451307474859233
54762,0.12523423716039206
54763,0.15836147750719964
54764,0.05230497191051426
54765,0.06117370849222994
54766,0.277712369015435
54767,0.12336587634111629
54768,0.15453512716592252
54769,0.07787501802525938
54770,0.11636197813428013
54771,0.05293361946775987
54772,0.10500990443841975
54773,0.1350576640088067
54774,0.05317231321936389
54775,0.07495679976174875
54776,0.10389832753256767
54777,0.15153641995510883
54778,0.10718426553238632
54779,0.1475009984479865
54780,0.07101020095199369
54781,0.08371585217235471
54782,0.32715493666004725
54783,0.25497502359820823
54784,0.1397724680274077
54785,0.2187109870146182
54786,0.1927313870340148
54787,0.12175662832143297
54788,0.1930325702994564
54789,0.07326441492150429
54790,0.1260763713965859
54791,0.05371939003586269
54792,0.16540264476717922
54793,0.06289783682473311
54794,0.07247226844614403
54795,0.04780011493918335
54796,0.10823938861425156
54797,0.2661025776004394
54798,0.06467786076045376
54799,0.32368297022889825
54800,0.19466360764147117
54801,0.10023185080099642
54802,0.16805367723368625
54803,0.04945601357991337
54804,0.11059850553674543
54805,0.12504416161144882
54806,0.17013458252110406
54807,0.07969939433256693
54808,0.10076700648703213
54809,0.11031485288564051
54810,0.04941258532627811
54811,0.35077117008526226
54812,0.14037457059545444
54813,0.3581102233358517
54814,0.14361418297920298
54815,0.0636091303642993
54816,0.05992532816104229
54817,0.10741310763037018
54818,0.3224172548982833
54819,0.19438479655888702
54820,0.1411815712371258
54821,0.11583910787994686
54822,0.08655267615405837
54823,0.09418147828436976
54824,0.15985393916035062
54825,0.12266086107611154
54826,0.08734194033676769
54827,0.18036854277528128
54828,0.04839310889532402
54829,0.04791776742507146
54830,0.26963434888009474
54831,0.12591592536691693
54832,0.17348823646297826
54833,0.06425421030767825
54834,0.045891624810493574
54835,0.2809347349368795
54836,0.059217339171319945
54837,0.15621580723962275
54838,0.053176596804615374
54839,0.05972030729732758
54840,0.05756848750597267
54841,0.291007453689585
54842,0.17047117846174667
54843,0.14579096178056858
54844,0.07454782006122493
54845,0.047824846659394
54846,0.13104560310286795
54847,0.08215187604890896
54848,0.12926881381275396
54849,0.10663118253534017
54850,0.10702806156368402
54851,0.13088656010713673
54852,0.10090860644054296
54853,0.0830386393069192
54854,0.15841029755571873
54855,0.2299286336656281
54856,0.11649103140668912
54857,0.103526042760818
54858,0.0626836213882743
54859,0.04717159682355234
54860,0.08790889751551956
54861,0.1798425445782585
54862,0.05410701562711441
54863,0.1051370710759501
54864,0.18240263496359513
54865,0.21042621891371446
54866,0.08147065431155809
54867,0.06334396902985373
54868,0.11473762747902125
54869,0.07129072254192308
54870,0.1363230977128116
54871,0.11597832488511624
54872,0.07592258664338329
54873,0.20250469789459163
54874,0.17314711763441484
54875,0.11647723441451402
54876,0.07262417352780907
54877,0.09075429217280515
54878,0.13284634154539166
54879,0.06689972988088991
54880,0.11949426413620774
54881,0.35397972305536124
54882,0.06863711999302458
54883,0.18407624897201125
54884,0.08038493436495235
54885,0.14611980782740736
54886,0.20849147039160226
54887,0.05921883495171778
54888,0.07798460628906533
54889,0.4191624591631179
54890,0.09734440576210215
54891,0.10165708435956092
54892,0.14280245595091567
54893,0.31721312436517574
54894,0.1804322502173471
54895,0.054881905021687785
54896,0.06182331572734312
54897,0.08456509093091695
54898,0.2787890012215912
54899,0.07339477185906959
54900,0.25497365418559875
54901,0.08737713814701471
54902,0.17925579035272388
54903,0.09680565468947118
54904,0.09019041964507331
54905,0.07764027167121652
54906,0.2035064354206636
54907,0.07779723870480017
54908,0.07897271215416216
54909,0.1311428204868757
54910,0.06387332093918321
54911,0.07906781748918752
54912,0.09044244481484522
54913,0.16111525707253097
54914,0.32131354925820166
54915,0.05520702121123343
54916,0.058188585748796054
54917,0.05809505102759156
54918,0.052709280245995214
54919,0.07244328583061879
54920,0.1416798156447656
54921,0.1296938409641788
54922,0.10987621825435356
54923,0.16144980595011088
54924,0.04442193709226389
54925,0.11050248190367543
54926,0.11425626083396867
54927,0.11200066473334991
54928,0.12008404493030338
54929,0.06425162580792046
54930,0.08982486090779011
54931,0.108356840230319
54932,0.07505410301185947
54933,0.06047975155795585
54934,0.07657947402805917
54935,0.09823795083991065
54936,0.07147683388411656
54937,0.13105244838475774
54938,0.11984830565554995
54939,0.14236266031405692
54940,0.11844342384728528
54941,0.15439525556903982
54942,0.185126016294603
54943,0.04668402782859291
54944,0.14300581470660012
54945,0.1169110810307656
54946,0.057494103743018415
54947,0.20845202243816527
54948,0.08944324916228936
54949,0.1023270514680507
54950,0.07196045516794691
54951,0.0476482980258495
54952,0.0866470568656767
54953,0.19922848196492698
54954,0.24505317484667632
54955,0.12467215353443342
54956,0.05400562984583382
54957,0.09293806325001876
54958,0.0655535579833267
54959,0.11119640247796769
54960,0.08110612202684328
54961,0.14073996175987233
54962,0.10257607952464545
54963,0.09545756553236125
54964,0.10125418743374331
54965,0.07870095453967389
54966,0.07315109376730813
54967,0.20119157877915173
54968,0.1695847603480878
54969,0.20795977719998573
54970,0.1540739851524781
54971,0.08123847775127427
54972,0.07943241750522823
54973,0.09287373524797701
54974,0.08364852022583533
54975,0.16830210619759406
54976,0.1315604683917114
54977,0.15090754368688444
54978,0.12577199414197862
54979,0.2295732950221763
54980,0.1329361212292721
54981,0.1725072912879116
54982,0.08319263939802436
54983,0.1489719165760098
54984,0.2903112513690523
54985,0.13792676957232486
54986,0.13239624553603946
54987,0.2004971206511442
54988,0.13450030402939558
54989,0.182843044610101
54990,0.10127225732547296
54991,0.10741481404478521
54992,0.1043419978607054
54993,0.21370999874778274
54994,0.09715571225676412
54995,0.044196450219228633
54996,0.1326101165567254
54997,0.17080455376587292
54998,0.12087677305201242
54999,0.13053184757640288
55000,0.08916674365223874
55001,0.10363369172418878
55002,0.15205373189509272
55003,0.11830839679920321
55004,0.07280963606242023
55005,0.12474290027449063
55006,0.06472085467086246
55007,0.07498421076531378
55008,0.08662106764933425
55009,0.0494288243196818
55010,0.12413437024353272
55011,0.17848236160258357
55012,0.07084006918917406
55013,0.19471005914694806
55014,0.0836558866109849
55015,0.06714484801703252
55016,0.24409265871602942
55017,0.12399252637178902
55018,0.12989030011785846
55019,0.05661965584398724
55020,0.07147089632028636
55021,0.3868274458208725
55022,0.07091653975169572
55023,0.13503155276801726
55024,0.22822624189699275
55025,0.07371563801305794
55026,0.13336757685880765
55027,0.05135685334960377
55028,0.15915635017195262
55029,0.085003174912727
55030,0.10800973597525995
55031,0.12131121718872699
55032,0.1702553386754228
55033,0.10018734326483988
55034,0.289638436279462
55035,0.19179136739731872
55036,0.056218219641755135
55037,0.11222881785037807
55038,0.13089730345295936
55039,0.06441326464312995
55040,0.15035367088790522
55041,0.11067345714789081
55042,0.16304358328896795
55043,0.07990562545596806
55044,0.07510034229361552
55045,0.08064478956359634
55046,0.12665571554631844
55047,0.12546223538526194
55048,0.1000714250528859
55049,0.04223617881349774
55050,0.05864841384031895
55051,0.09038913567959592
55052,0.04104644700818259
55053,0.24691854657484458
55054,0.13937634748730457
55055,0.06021237308338093
55056,0.12256109773989168
55057,0.08037625957411637
55058,0.16546328266512184
55059,0.053044805691764826
55060,0.26422937092372417
55061,0.12712748971192045
55062,0.1259485480215439
55063,0.06612831414825363
55064,0.12696661952434884
55065,0.09602291027618294
55066,0.10516199272753383
55067,0.045473723684121406
55068,0.06783389338453046
55069,0.0962291144910632
55070,0.04991698880900265
55071,0.08488482226880775
55072,0.11724239562151577
55073,0.18476266493282412
55074,0.14521008460545923
55075,0.05557135740007796
55076,0.2457553278585837
55077,0.09347657837494994
55078,0.11847056119633552
55079,0.27256367141023463
55080,0.15803479149563823
55081,0.12854726321849186
55082,0.11974504027823168
55083,0.17941635836055347
55084,0.1861268368613486
55085,0.08986668540885415
55086,0.2251622088265583
55087,0.05621095411379777
55088,0.14083586444655677
55089,0.15982126979134043
55090,0.38340022272109175
55091,0.13930000568411402
55092,0.19299566589282477
55093,0.1536276160678988
55094,0.14875236941745015
55095,0.04967505860732559
55096,0.10914187083964086
55097,0.11590724754766375
55098,0.0928695450216947
55099,0.04459367594340046
55100,0.0813842495149874
55101,0.11328324667699402
55102,0.17679114014417677
55103,0.09599391292004951
55104,0.10132771049196206
55105,0.15361967927244352
55106,0.056816588805790005
55107,0.07153726492886647
55108,0.07312433841568268
55109,0.164441286826057
55110,0.06728952768677286
55111,0.18238392282391408
55112,0.15463122402758606
55113,0.09882184001792234
55114,0.13606808141762483
55115,0.06971031363662106
55116,0.40433710157213654
55117,0.057398127813169525
55118,0.08871600717415173
55119,0.12428816584682291
55120,0.06345203897005387
55121,0.13146492649647035
55122,0.14811011097095628
55123,0.058683999112407376
55124,0.03852631764326357
55125,0.12723517505604953
55126,0.12298101283408518
55127,0.11357431883323292
55128,0.05233603148580593
55129,0.0988802166696997
55130,0.26233316640142484
55131,0.2821293122431789
55132,0.054027115131238194
55133,0.08680804071739878
55134,0.13082699388131047
55135,0.078687171570357
55136,0.13526082858609464
55137,0.08849797563912039
55138,0.08772977300541085
55139,0.22383271969603774
55140,0.17245997141920774
55141,0.18889673887401234
55142,0.07054680839738377
55143,0.12724696307835148
55144,0.25001422994869854
55145,0.08438393452381389
55146,0.16090112799297476
55147,0.08781742500732273
55148,0.065550733334197
55149,0.1595457929398774
55150,0.15820521972036783
55151,0.08378959006501158
55152,0.19591258343456627
55153,0.14041614570992536
55154,0.2879958230664635
55155,0.07204126579909134
55156,0.09368468635278601
55157,0.21870041256307093
55158,0.09196473703166373
55159,0.08417069094441652
55160,0.11043052591235966
55161,0.12996842750594578
55162,0.044959030018503016
55163,0.11665794454942963
55164,0.05416731058796385
55165,0.12586668201150478
55166,0.1428338215556585
55167,0.1885302936684059
55168,0.40252150970464384
55169,0.10672043635129291
55170,0.06441905798818046
55171,0.10062259798573364
55172,0.15897357610855123
55173,0.1061824894506653
55174,0.27966696807716146
55175,0.12287630624612211
55176,0.0744589936364441
55177,0.32391506145877785
55178,0.10931518843666344
55179,0.14690478063946563
55180,0.19016861553102796
55181,0.08659479346133907
55182,0.12241950038254103
55183,0.12724851550608826
55184,0.13358848553358174
55185,0.10835744979607279
55186,0.0993679919921969
55187,0.12658797788632178
55188,0.11944361224462868
55189,0.045933807114722565
55190,0.04983892384193267
55191,0.14750939905638716
55192,0.054149568657200796
55193,0.13623806033118674
55194,0.04812935527267598
55195,0.05522576772023486
55196,0.09215196044421396
55197,0.11990634326849663
55198,0.10754969890081725
55199,0.12279401945279092
55200,0.03781555818572513
55201,0.14013045255305462
55202,0.2810424303267458
55203,0.06304032908360885
55204,0.06734168637291428
55205,0.06164328420131907
55206,0.1832708834695296
55207,0.2511298973553139
55208,0.05304734182046275
55209,0.05628941725960015
55210,0.35564216871203747
55211,0.25143470539072826
55212,0.16394686832167416
55213,0.09898433245006026
55214,0.043521555816771446
55215,0.06081408565491415
55216,0.2021833998047014
55217,0.05344023703567501
55218,0.201488278200002
55219,0.35661711594577855
55220,0.24643431411587305
55221,0.05891660944096362
55222,0.11357132801506213
55223,0.10208592477816783
55224,0.1652799982394344
55225,0.21235486823032887
55226,0.10959650070810632
55227,0.0915749506028325
55228,0.06674625882139243
55229,0.09115514459733208
55230,0.08694860236959037
55231,0.15696194162150992
55232,0.0757034084596803
55233,0.14470013304095464
55234,0.0628503839040331
55235,0.1579285845296929
55236,0.12101094911070585
55237,0.10146192293594851
55238,0.0638353946635106
55239,0.05770357726662961
55240,0.25256933970491524
55241,0.1521017289174619
55242,0.0786685476458966
55243,0.12166699581759756
55244,0.04058188163575459
55245,0.11967153047552238
55246,0.030906972691245902
55247,0.13125419815687192
55248,0.09395515394432748
55249,0.12191995632608035
55250,0.12641110277550868
55251,0.3415605947315555
55252,0.1632171677042838
55253,0.07621346276186476
55254,0.18197931224296948
55255,0.10484097055000188
55256,0.1303741537209559
55257,0.0989495642430848
55258,0.11357466690284414
55259,0.0881633428284191
55260,0.09124623503177408
55261,0.10140461071886543
55262,0.10135407474919761
55263,0.3173321055434418
55264,0.09542026535016243
55265,0.12840784670418418
55266,0.15336824255484838
55267,0.06819471306236033
55268,0.10749983012014881
55269,0.05955129425370902
55270,0.1793482102493211
55271,0.20162832446414933
55272,0.11535909245319495
55273,0.30161881937180907
55274,0.1494674169711727
55275,0.2962150860905768
55276,0.09926770873771092
55277,0.13009469676932775
55278,0.15091359798116902
55279,0.06633816712064534
55280,0.13318276388561895
55281,0.1604177106749537
55282,0.07868819602418789
55283,0.13003952476995043
55284,0.05773422780950334
55285,0.09226819966075911
55286,0.18980756513066577
55287,0.0733770986962571
55288,0.08153279058197017
55289,0.07679131387699753
55290,0.036629866975055825
55291,0.09094288198972425
55292,0.1325339512608123
55293,0.15854365156623337
55294,0.06522279086256444
55295,0.1535323050347957
55296,0.1687100134586215
55297,0.10932658031555909
55298,0.12656941193879037
55299,0.04729937694657706
55300,0.05231674407241121
55301,0.11955210134637588
55302,0.1581650376643841
55303,0.05152789091332058
55304,0.15344981688011194
55305,0.09326366265832316
55306,0.11369682830497793
55307,0.23034130745564954
55308,0.17993222684900617
55309,0.05541227401737327
55310,0.29713868963115864
55311,0.1138462798948351
55312,0.057135143413808175
55313,0.13500967599304384
55314,0.11256533870759983
55315,0.18502145140569548
55316,0.16687847222184346
55317,0.07317220505318012
55318,0.04241454977256994
55319,0.10279645719550196
55320,0.1242990491306529
55321,0.07279108918922786
55322,0.24465966139723885
55323,0.1057375771608543
55324,0.07132637134406422
55325,0.15092782484541128
55326,0.22476095830443557
55327,0.1274502777587307
55328,0.1544175464900256
55329,0.09343965205405795
55330,0.13047994507582425
55331,0.0654471068802909
55332,0.07152856487181257
55333,0.1139773542999955
55334,0.12415204340977536
55335,0.12211474911686113
55336,0.30262324490834336
55337,0.07938678386939131
55338,0.1617833159451102
55339,0.09284647978660766
55340,0.10383429078051493
55341,0.13783553784629524
55342,0.13748945739751636
55343,0.10743829560816352
55344,0.051525835455145455
55345,0.04359385521336236
55346,0.1707898020624454
55347,0.054531670230900685
55348,0.07768788009065407
55349,0.15767112285302912
55350,0.26328704113152884
55351,0.05987183849451677
55352,0.13166523294365828
55353,0.1366913568445464
55354,0.1289112142974065
55355,0.05058409918747734
55356,0.08980876692671146
55357,0.30440919094838315
55358,0.06439022156246646
55359,0.09726892219317383
55360,0.11517971678167065
55361,0.16565407836400334
55362,0.3482698525091091
55363,0.10050706034603495
55364,0.11262336294840608
55365,0.07541800262362133
55366,0.27664326109717335
55367,0.29661618999189016
55368,0.1118604722252742
55369,0.08958972196573094
55370,0.27084276806080904
55371,0.28004160571846476
55372,0.09841376145398394
55373,0.17668341311937927
55374,0.10025528982329959
55375,0.1749074606103164
55376,0.0900795834072744
55377,0.14459937462264172
55378,0.05896797914485002
55379,0.10797385554473954
55380,0.08267243498285383
55381,0.0456390997865814
55382,0.324772469574689
55383,0.28890948699636504
55384,0.20689026303087815
55385,0.13211292357937085
55386,0.12396654756429246
55387,0.1861988412406954
55388,0.11386074996351629
55389,0.43918529059096467
55390,0.05997988005624497
55391,0.10863417995319176
55392,0.05816605070202592
55393,0.0798461122044361
55394,0.1179116393881118
55395,0.19423878048109486
55396,0.15122493894011896
55397,0.31234839769028516
55398,0.12968863079317253
55399,0.1069199446755641
55400,0.08571301483572562
55401,0.12523257793489898
55402,0.09107665215346421
55403,0.18273414401236385
55404,0.10860726563790958
55405,0.15248971967528355
55406,0.07794395697877841
55407,0.16901056794203573
55408,0.08047907701687901
55409,0.11682075212065385
55410,0.2378672400565642
55411,0.11680837004247765
55412,0.18734722721785396
55413,0.14170147228434862
55414,0.11041544807240668
55415,0.11560716076964939
55416,0.08677463887011916
55417,0.12771155724323602
55418,0.1353699613025403
55419,0.09969039081066229
55420,0.08454015425002197
55421,0.096938862515119
55422,0.04639444537222749
55423,0.11819736736486344
55424,0.06498212692355891
55425,0.19305217704366093
55426,0.11001341323106968
55427,0.1800601343780413
55428,0.0892596891608525
55429,0.22682190192776366
55430,0.05416307499888562
55431,0.08270446351744985
55432,0.14036838074120478
55433,0.11637750164736352
55434,0.10710366375131393
55435,0.09067937059162928
55436,0.23666029482373002
55437,0.06527326003902106
55438,0.09868064428656319
55439,0.11171489677509319
55440,0.09789105220397627
55441,0.10541506808483564
55442,0.21622605526196562
55443,0.05072639167839752
55444,0.13569181774718356
55445,0.08165750399518867
55446,0.09464336730073981
55447,0.11633543997932151
55448,0.11627251234111892
55449,0.06408795599051546
55450,0.06673020669560206
55451,0.13886099507343733
55452,0.21335820435663777
55453,0.11840222120221378
55454,0.16864187649207438
55455,0.10500513538133567
55456,0.2915343867114946
55457,0.04508257712330498
55458,0.07203942015251677
55459,0.060021900127621174
55460,0.17997303475716703
55461,0.10955362215231036
55462,0.1951849648594307
55463,0.08055945578502274
55464,0.09380420647936132
55465,0.09797087738893422
55466,0.3283911742130164
55467,0.04926811511638918
55468,0.08109474919895097
55469,0.03838399392066218
55470,0.13333229707374325
55471,0.16130365798518156
55472,0.1089831662289296
55473,0.11679777953839073
55474,0.1306657373479476
55475,0.04068207014502969
55476,0.11073507786734375
55477,0.3070742719601658
55478,0.06715559482838247
55479,0.073432864686659
55480,0.13828558030439814
55481,0.16085259181523515
55482,0.12427535486237153
55483,0.05306582271379462
55484,0.12996749422425466
55485,0.12520063777786505
55486,0.16512999918160431
55487,0.09174254614834439
55488,0.10067548404192654
55489,0.13082884940201844
55490,0.11303271857128501
55491,0.06181303994722161
55492,0.19805333880839762
55493,0.16532260731801185
55494,0.3507239496746976
55495,0.14567537688852303
55496,0.07358548217051163
55497,0.06722549428097485
55498,0.12857196482748554
55499,0.14073168661034557
55500,0.22134083766635318
55501,0.13989722509012456
55502,0.32321335373728105
55503,0.11566064474823254
55504,0.21479869286177664
55505,0.30072405610013925
55506,0.15738003521144187
55507,0.0921670485712637
55508,0.18564691569529998
55509,0.15100049929133896
55510,0.2125110439427775
55511,0.11720731392984782
55512,0.1037074056865276
55513,0.06759129647024407
55514,0.25855549490476304
55515,0.072264218564959
55516,0.10664853703580975
55517,0.1387407700738076
55518,0.07112051101038619
55519,0.25579489962096913
55520,0.07685879465097815
55521,0.07523053040581741
55522,0.1333056120024403
55523,0.10503700171604823
55524,0.0557242571270081
55525,0.2580397756440352
55526,0.13973356609876977
55527,0.1374158414398184
55528,0.06474377366853207
55529,0.19491227855080334
55530,0.08394960627190602
55531,0.11371364310967898
55532,0.11910339821931629
55533,0.12008904034623949
55534,0.0509741658773091
55535,0.29974723372927714
55536,0.1574422342388925
55537,0.10367100112886304
55538,0.11233482627419375
55539,0.18731721148294925
55540,0.06967693295955069
55541,0.1880903385738888
55542,0.07384810523967605
55543,0.0878837443381139
55544,0.2829956669906383
55545,0.05937934854896272
55546,0.06673588934113743
55547,0.06814677494150194
55548,0.10160672002651268
55549,0.196453933869495
55550,0.21383389273759648
55551,0.12044340678225528
55552,0.158279337241443
55553,0.06978237675742543
55554,0.10594882963852445
55555,0.05357826027491376
55556,0.1309924528221182
55557,0.10535461801980088
55558,0.11704916511102877
55559,0.26740106054994717
55560,0.3245353831404464
55561,0.35879841168897453
55562,0.04583142178794428
55563,0.14304463641035936
55564,0.2776552162930356
55565,0.0740402163226003
55566,0.18591996509446465
55567,0.10159833928102967
55568,0.13824759565447467
55569,0.16209672732228111
55570,0.15883125568603276
55571,0.1652908207526132
55572,0.11048388305043308
55573,0.10040966763725565
55574,0.07092862926343294
55575,0.1028741237398302
55576,0.13186919955467918
55577,0.1144887572612985
55578,0.2260281512707411
55579,0.13086175142262038
55580,0.09511419642757177
55581,0.05269992017075409
55582,0.05438352216058521
55583,0.35473190504609436
55584,0.1334182968090256
55585,0.14806093185179253
55586,0.11950657424810295
55587,0.09871076590979505
55588,0.10131560817979667
55589,0.3691222198707422
55590,0.14962481797880645
55591,0.1255909664008642
55592,0.14435422763200187
55593,0.07961682761485998
55594,0.192726049353425
55595,0.11120047010210521
55596,0.34669482522895284
55597,0.12516398910214674
55598,0.09229765853574441
55599,0.4495735349312221
55600,0.06991473396526761
55601,0.1269211728042738
55602,0.14691663403158164
55603,0.2434156264849706
55604,0.1320993177667318
55605,0.39718898083969156
55606,0.15224070150638186
55607,0.09664471645902795
55608,0.0606311066527633
55609,0.1014262755305508
55610,0.11602198945310202
55611,0.16226899461281621
55612,0.2082121673278967
55613,0.14996986319461483
55614,0.09246231360467728
55615,0.1709468669621657
55616,0.2608336450235722
55617,0.04657184462893256
55618,0.09003750050163316
55619,0.0578487639917599
55620,0.07740562391410688
55621,0.05804785272236907
55622,0.13777116586750454
55623,0.34140212257100955
55624,0.11540162518700373
55625,0.093518137343847
55626,0.23821730845723593
55627,0.10221366136951382
55628,0.15602006090304332
55629,0.14431808792028458
55630,0.12453378668866787
55631,0.20051047781447895
55632,0.059163356473016425
55633,0.13670917043217615
55634,0.13320524175288911
55635,0.1246680086393255
55636,0.0650437168498347
55637,0.18997263689472474
55638,0.1601565149198262
55639,0.05679771422080432
55640,0.17068696428486016
55641,0.11776627257544221
55642,0.05285513442595071
55643,0.4144396856819219
55644,0.09921659854052586
55645,0.3344363878271024
55646,0.06818974562278213
55647,0.20471929639674785
55648,0.11214271807471385
55649,0.1076553640655974
55650,0.04765596101960811
55651,0.05472599323399229
55652,0.084601721723164
55653,0.3595092784321019
55654,0.04355956829180124
55655,0.11723626553884511
55656,0.11399799199310502
55657,0.103158678896804
55658,0.26267878359900193
55659,0.09537727013499642
55660,0.14962173946541982
55661,0.053542724681578745
55662,0.03323668333601853
55663,0.13692694125125862
55664,0.4372165021754013
55665,0.05373340393857643
55666,0.10719597697753061
55667,0.23504287619662476
55668,0.09150562489168769
55669,0.06752063589920139
55670,0.1060101895846578
55671,0.09605387075934052
55672,0.34537148508695015
55673,0.12442757560198797
55674,0.0685710142484034
55675,0.19469905930145862
55676,0.14954910736832874
55677,0.23827785233212587
55678,0.07058705961284698
55679,0.05464817412922706
55680,0.1529554231680488
55681,0.07359680083647324
55682,0.046259785935998596
55683,0.06370723327119161
55684,0.03929962694210299
55685,0.3782188389393559
55686,0.09933276840085851
55687,0.04739505587936028
55688,0.08897044610719126
55689,0.15109478851749641
55690,0.08355768798711952
55691,0.17911906513952056
55692,0.13287433491316925
55693,0.11580013497880219
55694,0.3298111112425666
55695,0.18430221727187468
55696,0.10294552135552676
55697,0.2857540525082894
55698,0.07449368332892227
55699,0.3958840322613122
55700,0.18678158075676174
55701,0.05837554359789206
55702,0.14526107900470098
55703,0.07476325435599473
55704,0.36995133569694555
55705,0.30519494068831265
55706,0.051828894274549286
55707,0.11167792214085277
55708,0.10033744229448459
55709,0.1664972909520424
55710,0.31049304151340335
55711,0.2702311257194558
55712,0.15917990358910042
55713,0.21127671616329188
55714,0.0699868453619594
55715,0.16011759711638368
55716,0.15218692013399207
55717,0.10335119681063559
55718,0.19849331119284816
55719,0.08633799701955099
55720,0.08877424654411724
55721,0.057064813751822686
55722,0.07487293753717557
55723,0.0772206425149663
55724,0.43517050442401894
55725,0.07071837402994652
55726,0.1530035813978391
55727,0.05470937716801556
55728,0.07489582095813427
55729,0.08041970248529728
55730,0.09989043131423511
55731,0.11303837672893617
55732,0.2578446916846289
55733,0.1095104153998234
55734,0.07056284595885605
55735,0.07639533210953264
55736,0.23870955718816023
55737,0.4119478668087218
55738,0.13267649171455775
55739,0.12420135235676856
55740,0.33426833855387217
55741,0.3952598455132484
55742,0.2643109179601225
55743,0.07805867459564589
55744,0.06612777315036428
55745,0.4180805470944565
55746,0.2518604457391319
55747,0.12600808152470763
55748,0.20268563034221046
55749,0.17653132450470246
55750,0.1339054530258841
55751,0.4386599256764504
55752,0.3485701523343451
55753,0.12939804797724233
55754,0.1376526713715685
55755,0.07094740268535202
55756,0.056345625288490776
55757,0.09344145161133596
55758,0.06594763705265314
55759,0.3047237350519636
55760,0.13754423308388805
55761,0.14676643180485094
55762,0.11715660377357119
55763,0.16755785706436352
55764,0.24981533342256607
55765,0.3863507283035753
55766,0.09149280488307056
55767,0.3191635331944564
55768,0.385796755875017
55769,0.1254282268297968
55770,0.18306212049824183
55771,0.09056872675082447
55772,0.19753684487886686
55773,0.06392394947735545
55774,0.09973922846473608
55775,0.04618205302421775
55776,0.08853763693071376
55777,0.03981775512678873
55778,0.05205383703473556
55779,0.3164413058262262
55780,0.33805325137519565
55781,0.10978390826155181
55782,0.12386586451167379
55783,0.1439086084150269
55784,0.15866198834591053
55785,0.07625171118262457
55786,0.1575130377146964
55787,0.17624368555501937
55788,0.08268059669193052
55789,0.3152595359282487
55790,0.1692676917048155
55791,0.23854782721145673
55792,0.26825288978694994
55793,0.5138929264442221
55794,0.12246886870547181
55795,0.14012685107962533
55796,0.186708552634548
55797,0.14361953617365714
55798,0.15881061163612045
55799,0.1214190945069425
55800,0.15677546917781635
55801,0.06484016559733373
55802,0.146801308033033
55803,0.08035805569280981
55804,0.12398941849461287
55805,0.06512264064631997
55806,0.2490248943650437
55807,0.06941888715719258
55808,0.15692406556792346
55809,0.13418429330173437
55810,0.17150809246430618
55811,0.1780644072745195
55812,0.0523202505144131
55813,0.06992320780194973
55814,0.04980162021134074
55815,0.19682346913575435
55816,0.11011167098403914
55817,0.10980846732968311
55818,0.09845008819786874
55819,0.1067052702177439
55820,0.37030110689584034
55821,0.03686890196739516
55822,0.06282293119653867
55823,0.17164386930526035
55824,0.06576198333765901
55825,0.1513798801068771
55826,0.10316602811889361
55827,0.276780896007209
55828,0.13125257496123732
55829,0.19101877854733434
55830,0.07655240710015168
55831,0.04795392492010255
55832,0.07925648935323146
55833,0.11095711955834915
55834,0.08995719427939901
55835,0.054440141364123514
55836,0.05165027574590106
55837,0.14208321074746436
55838,0.062193343053679816
55839,0.19569945950924028
55840,0.11622829653273604
55841,0.16419145647078112
55842,0.051999649760424704
55843,0.13530948947015775
55844,0.18524125103047956
55845,0.11743978075267145
55846,0.20516658070254196
55847,0.05326249484787255
55848,0.16371189376759684
55849,0.07044699110929377
55850,0.15408174752980192
55851,0.1614366863947116
55852,0.16165386056233275
55853,0.05903893659632893
55854,0.1715847245106361
55855,0.18397632387213822
55856,0.07375474554570353
55857,0.2895328729365784
55858,0.0818434564435489
55859,0.04489744938346152
55860,0.13738967799618598
55861,0.09509698483900113
55862,0.06810360288226004
55863,0.055713513191583776
55864,0.3584985836388627
55865,0.08114696550547032
55866,0.385658242674723
55867,0.14618518407069309
55868,0.15963713441544558
55869,0.07613568021410747
55870,0.19577406877591047
55871,0.12422293535104556
55872,0.22511517462623776
55873,0.06608876110578864
55874,0.12351952072198981
55875,0.23719909381361423
55876,0.06751172970598962
55877,0.10960346509724847
55878,0.0849339860094999
55879,0.12469990871325363
55880,0.2106799039094815
55881,0.12151670012137719
55882,0.14437381156523416
55883,0.1355297247119608
55884,0.19090374850805505
55885,0.06522183583049529
55886,0.15650562706055757
55887,0.21971963785473206
55888,0.13364233320789226
55889,0.0962475415347193
55890,0.12292665864299558
55891,0.11221335022693238
55892,0.11075454978075845
55893,0.10920714847148294
55894,0.16100054419099225
55895,0.13462410094732433
55896,0.0626378411549182
55897,0.10093164917334975
55898,0.1762775398738023
55899,0.06392416499631412
55900,0.11700096140246852
55901,0.17649073935043982
55902,0.03846037289352973
55903,0.20437036822101576
55904,0.08448157594774745
55905,0.05900045893372795
55906,0.0839966328223592
55907,0.04506513752560483
55908,0.18813788472123671
55909,0.10923741750315803
55910,0.13568794058973602
55911,0.09953889268634492
55912,0.23899114517818634
55913,0.13774089148924798
55914,0.1272981876436367
55915,0.144196036926647
55916,0.13263497390614715
55917,0.07435561317153509
55918,0.17022151862877055
55919,0.18383515569953948
55920,0.058666076789422414
55921,0.11772134949610469
55922,0.3745376007410144
55923,0.22549463826615873
55924,0.17650038277778698
55925,0.14558194818658476
55926,0.07078079931347607
55927,0.042593881689580275
55928,0.10827527257973057
55929,0.09666541761563724
55930,0.10714777229749686
55931,0.13447588766072646
55932,0.0971150206699259
55933,0.08530471592437996
55934,0.09022198959580688
55935,0.1841830961981757
55936,0.05427480047264676
55937,0.05414784051063504
55938,0.17799436064355686
55939,0.14072584614399627
55940,0.13763922282975072
55941,0.06732695572959574
55942,0.11870325007219386
55943,0.1507855089029745
55944,0.18390393142541356
55945,0.052666535798061846
55946,0.09598032335951466
55947,0.2573009910281444
55948,0.18674357203951195
55949,0.0748702901963768
55950,0.055803297058752754
55951,0.1004628125347325
55952,0.13252263762473654
55953,0.15511275313269385
55954,0.205060667217955
55955,0.07306138383887366
55956,0.05509438360513554
55957,0.40657702840419974
55958,0.10446420497026988
55959,0.07211016963108252
55960,0.12499947558715063
55961,0.09314502296549729
55962,0.18498500122832662
55963,0.23939358565885938
55964,0.07677768396109554
55965,0.10056651134381685
55966,0.13817257590848853
55967,0.06803751929166439
55968,0.11641507309813101
55969,0.11984655601094393
55970,0.1431744806708665
55971,0.1323027267726467
55972,0.050489428889888964
55973,0.2934652195456062
55974,0.1247360446279982
55975,0.18715628238454685
55976,0.10547608155235268
55977,0.06802094908931403
55978,0.14013738430780354
55979,0.1386045469313442
55980,0.05324468468548329
55981,0.07912248512010876
55982,0.0700083564701686
55983,0.28150276608101893
55984,0.3114314895484154
55985,0.08508906205315944
55986,0.13741512622032975
55987,0.17260364040172857
55988,0.2677741444514173
55989,0.05969955269352398
55990,0.12752089733301472
55991,0.337015019449704
55992,0.087040500214647
55993,0.17293881967164393
55994,0.11576545713125436
55995,0.109035594804089
55996,0.44355654694120966
55997,0.35256441770950203
55998,0.21447818169660954
55999,0.1809078395449726
56000,0.11752163549971996
56001,0.20843952335635516
56002,0.07402402222141742
56003,0.3628039605988328
56004,0.10474238214098432
56005,0.07142360138288832
56006,0.0733920922392172
56007,0.06523156535211207
56008,0.09881432834478754
56009,0.1179617254604384
56010,0.1585018500432717
56011,0.11626811920275357
56012,0.10767190539226094
56013,0.04665369761616695
56014,0.2094578400534521
56015,0.10486168386300035
56016,0.25130111782828307
56017,0.0586494558006919
56018,0.05753314803494024
56019,0.22898698275183788
56020,0.10877727287827796
56021,0.07818329971505451
56022,0.09797162981115667
56023,0.04972181860430908
56024,0.07657716086757121
56025,0.1630876477689189
56026,0.2051556206671026
56027,0.25194544713024836
56028,0.06785317175923135
56029,0.15427154238228843
56030,0.2041858164493526
56031,0.14311883157437705
56032,0.22516563530914008
56033,0.12302629701130079
56034,0.1425582965662167
56035,0.17476411647442208
56036,0.17865381298039043
56037,0.08907094563079301
56038,0.11628057499087167
56039,0.2488953466571217
56040,0.11058171801049604
56041,0.11246094010565665
56042,0.2530730653117835
56043,0.07146300692854747
56044,0.15755915924114622
56045,0.24007140192538703
56046,0.0753571758889569
56047,0.11167051689026739
56048,0.12569340149791847
56049,0.2484946890430057
56050,0.258790042281988
56051,0.07192751931593712
56052,0.36966324159900993
56053,0.08455875483667884
56054,0.09364188890319716
56055,0.07917303869254588
56056,0.10547780584107978
56057,0.08697540671647454
56058,0.14683156475062767
56059,0.17015774986576282
56060,0.14572979726199467
56061,0.08004558147282058
56062,0.10340588194424305
56063,0.11971268519730667
56064,0.10586062508966097
56065,0.11024991909362432
56066,0.10771679882465302
56067,0.08943042061674998
56068,0.07991804348280775
56069,0.029995234565334514
56070,0.19357133712700977
56071,0.10296923535149494
56072,0.2435908099685514
56073,0.12957513538790033
56074,0.0490176845880376
56075,0.1344851299773336
56076,0.2067491041096356
56077,0.2400211744790591
56078,0.2079333070126166
56079,0.05194989632622217
56080,0.05476295704686286
56081,0.17440586245341394
56082,0.15375472879285113
56083,0.1348488930694112
56084,0.12368564960442506
56085,0.06453616044549085
56086,0.34303743542673554
56087,0.11103325814419042
56088,0.15774499670099307
56089,0.3657920040984239
56090,0.052569143260728014
56091,0.08921798170499032
56092,0.09296177322830478
56093,0.12034262969383007
56094,0.09017977842760759
56095,0.06460192646654836
56096,0.08540809076305526
56097,0.06828364796720288
56098,0.3358329250560118
56099,0.08615530989573417
56100,0.04238670691632569
56101,0.06341833151159317
56102,0.07290827955529296
56103,0.14549608028996358
56104,0.09520450917188499
56105,0.2600523741208078
56106,0.07174533098470154
56107,0.24057232181636934
56108,0.35237423975096815
56109,0.12074926664642036
56110,0.30621184598130285
56111,0.2832992272905566
56112,0.16486736052526127
56113,0.08813507763603534
56114,0.11597394036953683
56115,0.15652343419670153
56116,0.08478858867535743
56117,0.1491561692817087
56118,0.31439597371397515
56119,0.11592381535364568
56120,0.12249621067427621
56121,0.1616548361973753
56122,0.13856668750433182
56123,0.226189580657073
56124,0.05831013349314569
56125,0.09066426745565227
56126,0.17930977644341245
56127,0.13365942254223856
56128,0.1986736676961881
56129,0.17116258626987704
56130,0.24033948821580825
56131,0.09914428953695349
56132,0.07837110553593939
56133,0.14931241508775941
56134,0.06169960631297402
56135,0.08156686982066849
56136,0.13097092259484028
56137,0.2199226120710075
56138,0.12774270970418444
56139,0.11329285691734263
56140,0.04675725599886177
56141,0.19704105375809727
56142,0.08765996447544751
56143,0.05944965557327315
56144,0.2814216357074622
56145,0.2922040628343334
56146,0.10404683666081188
56147,0.05900958057918955
56148,0.061568260394702465
56149,0.11649009074167709
56150,0.2172930865151817
56151,0.1400623700148612
56152,0.1471142434097617
56153,0.2672854010034501
56154,0.14047182955547066
56155,0.31373964977992264
56156,0.09701671673795925
56157,0.07516183062865148
56158,0.0827599078393571
56159,0.10575998190613188
56160,0.0523883681161995
56161,0.21427736877913459
56162,0.07658263880909946
56163,0.1483760430122633
56164,0.0522541644733533
56165,0.053307609725779456
56166,0.0507478558814938
56167,0.192163408318106
56168,0.148005941676984
56169,0.3079736295934174
56170,0.11009957229515609
56171,0.18811263144520382
56172,0.145823066048412
56173,0.15738229045731414
56174,0.12455332813161132
56175,0.06415697402420825
56176,0.23424550608495967
56177,0.05271270915422547
56178,0.04814307062743621
56179,0.09810181455896029
56180,0.17146136245931554
56181,0.055441430143165424
56182,0.0836228046378686
56183,0.12273279937136071
56184,0.07508198996920971
56185,0.09086056421297777
56186,0.13944191017570842
56187,0.09887342462062933
56188,0.13052325414447127
56189,0.11644174509449211
56190,0.13876938660581534
56191,0.06904662557828788
56192,0.08350858289259101
56193,0.16122091132058147
56194,0.05167965325324669
56195,0.17550654952643627
56196,0.1477900774974961
56197,0.08160659958075822
56198,0.15337346894285045
56199,0.1595337324141588
56200,0.13393432041752265
56201,0.1419498371810171
56202,0.34485984792472746
56203,0.16177055817785785
56204,0.151873270470661
56205,0.14759922754327517
56206,0.0881600960577262
56207,0.1313029000531164
56208,0.13738356077998362
56209,0.04852667471091918
56210,0.08024450857064815
56211,0.11152823368620678
56212,0.17835880482679375
56213,0.09252206353456761
56214,0.12091025768250839
56215,0.08461313073259766
56216,0.0766943909851964
56217,0.09105685566641696
56218,0.15188310908714647
56219,0.10356620623000605
56220,0.041365222827423116
56221,0.32017429667248
56222,0.2898540903018739
56223,0.17932796450635563
56224,0.15084227897289368
56225,0.10559265400129074
56226,0.09806512309875334
56227,0.06139094526689549
56228,0.057630665671115695
56229,0.4588396930309629
56230,0.26079463152349525
56231,0.1087754905514148
56232,0.14255301806858478
56233,0.11408246387660514
56234,0.20189442965072008
56235,0.10335031201548035
56236,0.19621888629334538
56237,0.043076720389381866
56238,0.11813815138765156
56239,0.1401847498658564
56240,0.09657750551093637
56241,0.07827372322703093
56242,0.09183877306496653
56243,0.06890737724853573
56244,0.17141803279637519
56245,0.16972604577192685
56246,0.03724886986438829
56247,0.05479182075209261
56248,0.12599805079272
56249,0.1674095401083629
56250,0.06324542061294253
56251,0.19705312371831868
56252,0.12805809166625598
56253,0.17713825201578368
56254,0.047246448534011234
56255,0.07838201790593713
56256,0.1455711613675392
56257,0.09934259396887958
56258,0.29169564672222353
56259,0.36116819365170877
56260,0.22485668654435612
56261,0.1012392912118178
56262,0.12450182658295672
56263,0.10218861722644805
56264,0.21955345205879365
56265,0.07727201881376648
56266,0.30318999617605874
56267,0.552453390036833
56268,0.22873367900396538
56269,0.24529925200142547
56270,0.22100965618591054
56271,0.05859968027133935
56272,0.05333043586166
56273,0.19386236738229137
56274,0.0789556064395414
56275,0.18942141565320908
56276,0.06096446181464427
56277,0.06892629752383403
56278,0.27738002539094136
56279,0.35483095954338406
56280,0.21772057804989564
56281,0.1881847218963472
56282,0.07533180496500572
56283,0.11344337058535568
56284,0.2019500586972512
56285,0.2183008154778869
56286,0.08578613431936276
56287,0.13099864015042523
56288,0.07020424464666508
56289,0.1631486687739131
56290,0.06401526592733016
56291,0.07198947344692896
56292,0.15877007678136312
56293,0.2780202210329787
56294,0.22564558611285962
56295,0.2052382469690525
56296,0.12594877741883037
56297,0.14311008231281805
56298,0.05617301476031228
56299,0.06005300744586963
56300,0.13421454857478737
56301,0.11193776348663294
56302,0.09783724504500045
56303,0.1127532154677011
56304,0.3209203082880095
56305,0.21206628843804906
56306,0.1908793319338365
56307,0.12363507097016571
56308,0.12271069670277236
56309,0.15375921471832232
56310,0.05626235349664519
56311,0.09714921789177433
56312,0.22159979632951976
56313,0.19726093061930347
56314,0.07092162533104315
56315,0.09366164706141972
56316,0.07744220678206325
56317,0.1422245195146801
56318,0.3335555146718692
56319,0.1770651157452596
56320,0.05585341908621546
56321,0.15963310627380262
56322,0.10799621508206415
56323,0.11688781508879516
56324,0.14557595114914867
56325,0.2855426842084624
56326,0.09946953127165645
56327,0.0842610549160396
56328,0.11699370711135793
56329,0.14060088124500367
56330,0.12188375869337535
56331,0.1631203371272244
56332,0.059143216909780645
56333,0.11915364566017925
56334,0.14212540853506178
56335,0.0461194915915915
56336,0.12282840277845729
56337,0.040909500039234464
56338,0.235816962142981
56339,0.09474439411851976
56340,0.1163250014300908
56341,0.22622816881572944
56342,0.21402660184803957
56343,0.1188538408117048
56344,0.0930980231115156
56345,0.12683211461834504
56346,0.14110690882463944
56347,0.10664340039264317
56348,0.07781058354882447
56349,0.11361410104293543
56350,0.06194869868250165
56351,0.14270674793919108
56352,0.15498696445299873
56353,0.08927202602218207
56354,0.13406985036389124
56355,0.08390692386138895
56356,0.06256945100513721
56357,0.07949701676707803
56358,0.25181633046404306
56359,0.15505242754763318
56360,0.09072640314090362
56361,0.15233986836265936
56362,0.18740471291205024
56363,0.12577281090175974
56364,0.17591841522366494
56365,0.18456478678041507
56366,0.2563876015104465
56367,0.1437787250097731
56368,0.05939979022708853
56369,0.0745588215826033
56370,0.1921916765751787
56371,0.08833689798828694
56372,0.21169590389309234
56373,0.15622204466356387
56374,0.13905585203125226
56375,0.10166737860715577
56376,0.16132084411386668
56377,0.07401758549469144
56378,0.13071128491463163
56379,0.14465401904126599
56380,0.10968260596470712
56381,0.34405619185864406
56382,0.05166216385586101
56383,0.1286551921866637
56384,0.05454613154229533
56385,0.08824683456798293
56386,0.08218347460686476
56387,0.07740856660760383
56388,0.09396330291643476
56389,0.11803188068863399
56390,0.1268967603868247
56391,0.09891726082803247
56392,0.06775807303166528
56393,0.09217824144970653
56394,0.22186369247626478
56395,0.1281138858323634
56396,0.1797233388855365
56397,0.12578337078402782
56398,0.06520905496209813
56399,0.10936113067457676
56400,0.16390544292355352
56401,0.12892159842499415
56402,0.0702288459931057
56403,0.14674166814837084
56404,0.13196164110358197
56405,0.17574447075583552
56406,0.09541487332239075
56407,0.2114025780765113
56408,0.17399562356238982
56409,0.06243589080054319
56410,0.06633571056986849
56411,0.14135113894372747
56412,0.07062406560741437
56413,0.07042606100268278
56414,0.10487288436684508
56415,0.2426271265273812
56416,0.23593743008444826
56417,0.06781137079189926
56418,0.30975543605907485
56419,0.3225989115124993
56420,0.14485094142125185
56421,0.16056353240581667
56422,0.16523590502077687
56423,0.16314259242817816
56424,0.04951993563642335
56425,0.15038139935351857
56426,0.13998392209641902
56427,0.0763566671893163
56428,0.2630188445801993
56429,0.14105753191418244
56430,0.10797923621223628
56431,0.056734433105119005
56432,0.07539763934600997
56433,0.0640930870843828
56434,0.15372903676151992
56435,0.06900017740268813
56436,0.06455431555936976
56437,0.3192678030254777
56438,0.14519469652254602
56439,0.12222504632789315
56440,0.052946024115856964
56441,0.3391545466208659
56442,0.1109912374026834
56443,0.07866678601971859
56444,0.10339769969944841
56445,0.14659543864288735
56446,0.1467550636142676
56447,0.14897609317700827
56448,0.31376264599391424
56449,0.083300799824224
56450,0.1179902407644554
56451,0.33451212433828964
56452,0.10427960764616152
56453,0.19539333834442782
56454,0.3177233917391309
56455,0.2690049081353479
56456,0.16078941030471156
56457,0.19119458203119916
56458,0.08964441286113024
56459,0.05873802704042957
56460,0.23888428752112453
56461,0.2963241904630415
56462,0.11957042314828231
56463,0.10700898076789651
56464,0.067511639546125
56465,0.1224473826668757
56466,0.11530655615996369
56467,0.056147586195866
56468,0.09476205776028981
56469,0.047636582617115765
56470,0.11150747431142154
56471,0.1981435207383631
56472,0.11035599237564558
56473,0.17541743254665046
56474,0.19034498688512447
56475,0.13632540721622813
56476,0.095655754484226
56477,0.3430768788921078
56478,0.11609979954242874
56479,0.15961665307970693
56480,0.09552403225021458
56481,0.11422278681170787
56482,0.09398744020925646
56483,0.07458053529699465
56484,0.08170977240084462
56485,0.22113940995362238
56486,0.18080014429113475
56487,0.1915082580050505
56488,0.3122493135856662
56489,0.13309081985753474
56490,0.15378012253864778
56491,0.05176710608179041
56492,0.16938788048248568
56493,0.09965849227309216
56494,0.05059393710125717
56495,0.21996516855437012
56496,0.0987969681598802
56497,0.06335283069206042
56498,0.27244683869183367
56499,0.054338385704391284
56500,0.12246599846516419
56501,0.30221845711955875
56502,0.26634730360443776
56503,0.385788124843279
56504,0.14791045483138096
56505,0.18722642723462113
56506,0.2503242520903171
56507,0.0545765454687192
56508,0.05601773043107666
56509,0.1011176395250296
56510,0.1839193461894674
56511,0.1619144084178868
56512,0.13475234152696677
56513,0.34240271199874567
56514,0.11934565085168201
56515,0.0954540092231324
56516,0.11542131338768
56517,0.2646666639399378
56518,0.07280361686590889
56519,0.33859044710763314
56520,0.1984382423153906
56521,0.07952363125963367
56522,0.10776872915744348
56523,0.16052126576070852
56524,0.09134951549789969
56525,0.26717856437092674
56526,0.14546212211573753
56527,0.08574569722535505
56528,0.07950686466068413
56529,0.07174498514620435
56530,0.13416354314734202
56531,0.10803887907551249
56532,0.10962074811848982
56533,0.07921568690721878
56534,0.1481099482157074
56535,0.1637437977342544
56536,0.1289809757334607
56537,0.13920587481274452
56538,0.10950690551944804
56539,0.21586580573357303
56540,0.08724247263963689
56541,0.05270200749350631
56542,0.09523418942839883
56543,0.1360215506114415
56544,0.09169484628229245
56545,0.06741917251640396
56546,0.08665012263675931
56547,0.17340891727229094
56548,0.13314679392113746
56549,0.11571694314369503
56550,0.3159146765970268
56551,0.04986559323062794
56552,0.062006096558016754
56553,0.06140200127574945
56554,0.15980512350583526
56555,0.1224816736001984
56556,0.14898479843145093
56557,0.17090393459979894
56558,0.08399195470634799
56559,0.0778938954541991
56560,0.09208818976391993
56561,0.27488388793763446
56562,0.050588957221807354
56563,0.10287262440178498
56564,0.12526515357047893
56565,0.10636821307920394
56566,0.15494331276601428
56567,0.2030610373662919
56568,0.060621501125151515
56569,0.040515283817414344
56570,0.14937495575401835
56571,0.19876099688761065
56572,0.19535122101626734
56573,0.10187256474648275
56574,0.3651282977098798
56575,0.07755151599172704
56576,0.1455345999057777
56577,0.14127474439707724
56578,0.11813703861070543
56579,0.04484022845396835
56580,0.08618478845340594
56581,0.05552430096596966
56582,0.065658169942241
56583,0.08839477007642597
56584,0.16133762520333303
56585,0.10673137129403161
56586,0.10298148082521207
56587,0.19786717824044145
56588,0.18346655127429595
56589,0.16842754944744953
56590,0.10734908133755736
56591,0.26973420630872513
56592,0.3336275561285498
56593,0.31651023042395554
56594,0.0856106530066506
56595,0.11167904424281438
56596,0.0653987070293145
56597,0.34427448296827545
56598,0.19263213822677777
56599,0.1336115099648281
56600,0.11642085824337373
56601,0.14270049280160388
56602,0.1793019220489442
56603,0.05493258462637831
56604,0.08883990076619541
56605,0.04693998870006902
56606,0.09882888359476794
56607,0.13201464482856837
56608,0.1380398107911349
56609,0.11974854337911478
56610,0.0755713555745649
56611,0.10629522621117177
56612,0.20418568141372298
56613,0.23597275892184744
56614,0.20431323575083998
56615,0.12068922109075975
56616,0.12727167078154977
56617,0.10247818758633616
56618,0.14942919968306773
56619,0.1240067428737313
56620,0.1170449047263047
56621,0.0597789514387576
56622,0.1327641186878975
56623,0.16896700206713672
56624,0.2678343468905731
56625,0.25938041892406116
56626,0.08396897352465305
56627,0.213107676707477
56628,0.13282426790281995
56629,0.07539372443876766
56630,0.05692716353691905
56631,0.08371588865571504
56632,0.09119276160857621
56633,0.11369331478933443
56634,0.19650789612078814
56635,0.1669539564403183
56636,0.061749898929062665
56637,0.14861551345946147
56638,0.06025827962497715
56639,0.2734300036610381
56640,0.13971215018784033
56641,0.12849913453262055
56642,0.13523570639139565
56643,0.06564391403504286
56644,0.06810632126774456
56645,0.27365318989452403
56646,0.05897808930207867
56647,0.0466311639031108
56648,0.14301599467536297
56649,0.16688297313169687
56650,0.1274230600037079
56651,0.07435398292489324
56652,0.17193251220952604
56653,0.27036201219303946
56654,0.13935287950939326
56655,0.06921779312905947
56656,0.07731975019470588
56657,0.20022248818687644
56658,0.08903722184711764
56659,0.2408602812857927
56660,0.11873008134874544
56661,0.14083894956660134
56662,0.058814448541513714
56663,0.3000744998982372
56664,0.20200565585643895
56665,0.10016296749190666
56666,0.23434516029906322
56667,0.24609384110987426
56668,0.14598198505618717
56669,0.10952740368530856
56670,0.1695836804681788
56671,0.0767277242637567
56672,0.14156075546678826
56673,0.08738891907503588
56674,0.09033229398374183
56675,0.10079178303453627
56676,0.08512127741335923
56677,0.14762739712678782
56678,0.13205145459306988
56679,0.15283617489235587
56680,0.3750683140859244
56681,0.19433455581713588
56682,0.08677059646932178
56683,0.17587094264331216
56684,0.0993792147766648
56685,0.15564044793939655
56686,0.26178835146417345
56687,0.10452030292987904
56688,0.08888014871915427
56689,0.14368856919882375
56690,0.08587420207710417
56691,0.1464255838695505
56692,0.2369211889797784
56693,0.06751057619249479
56694,0.19067050124758647
56695,0.09759008788596181
56696,0.14835764946587307
56697,0.13106068055016623
56698,0.12020514215998523
56699,0.08532299940028051
56700,0.05282869299832114
56701,0.13162120871046326
56702,0.08272301519037523
56703,0.07604008917666202
56704,0.05571615511047358
56705,0.29700732087935405
56706,0.17755771585637084
56707,0.07488216050062578
56708,0.09197844890235649
56709,0.08247047959760608
56710,0.23268261590455175
56711,0.06322102239763192
56712,0.05434225044930854
56713,0.1694690587922147
56714,0.13178478388413284
56715,0.10836738210990672
56716,0.24585805017123993
56717,0.1668279285599387
56718,0.274485818276511
56719,0.19697681814009585
56720,0.06526208379512674
56721,0.15612792750414725
56722,0.07596235183848556
56723,0.06990982067890594
56724,0.14096200062327538
56725,0.11297718053212362
56726,0.10885750356498715
56727,0.07591164924071561
56728,0.14257720747907102
56729,0.23336744460977177
56730,0.10481040834468107
56731,0.06515492771397156
56732,0.1067474782939053
56733,0.1012562496721776
56734,0.07185319492606845
56735,0.08978261426015761
56736,0.3729069348325556
56737,0.06387350659196915
56738,0.08846118362851052
56739,0.2829150543768231
56740,0.11045142333191006
56741,0.09418864351742914
56742,0.2890438427464261
56743,0.13095994115659737
56744,0.09460999561628695
56745,0.1521762071691062
56746,0.09504496478634462
56747,0.17453933122596754
56748,0.07209141961134262
56749,0.12429179781173015
56750,0.05701834047984569
56751,0.2765084009313506
56752,0.062404920747877686
56753,0.14179128961717335
56754,0.1553688711254876
56755,0.09240200984167642
56756,0.07337792992299386
56757,0.18898946687884016
56758,0.3142859268339033
56759,0.16961028439033193
56760,0.05488620073057055
56761,0.1410701786600357
56762,0.16989759192280363
56763,0.05977544799209477
56764,0.14763005305113974
56765,0.12139924076326905
56766,0.07206344548873739
56767,0.22214545475239153
56768,0.07118711155988035
56769,0.08809808818856601
56770,0.11584550324167596
56771,0.1148779493897347
56772,0.08455690677678351
56773,0.06416995715305071
56774,0.09882099237915407
56775,0.060178240544081364
56776,0.3299015892368737
56777,0.08082741482145091
56778,0.08291572610780612
56779,0.35241449007381026
56780,0.11690218705649368
56781,0.08985824233927756
56782,0.096586998368097
56783,0.1081272102662666
56784,0.11666321919519208
56785,0.12583967419956518
56786,0.07860617320920285
56787,0.08066398840540766
56788,0.06691331850354257
56789,0.06438234907129842
56790,0.36781095945460346
56791,0.11901472692921036
56792,0.061011650716534374
56793,0.09398990476896846
56794,0.10283052136649698
56795,0.06501750126487209
56796,0.07021570663036632
56797,0.102359640172844
56798,0.078925889839332
56799,0.10891081322008225
56800,0.21932368355923562
56801,0.06641870372287471
56802,0.09704736105432307
56803,0.08912529059080933
56804,0.050250009242563544
56805,0.10210070951876779
56806,0.05132150140836813
56807,0.06667978608881843
56808,0.09919313837477017
56809,0.04612096734521345
56810,0.09211681761867072
56811,0.08780462659614424
56812,0.05785803844117889
56813,0.10638835451229708
56814,0.1732318144197217
56815,0.07133268436234373
56816,0.20614943559350743
56817,0.050107309589041894
56818,0.052453995675906556
56819,0.1555477802630787
56820,0.1024194626024258
56821,0.12848623019657882
56822,0.19309553960966144
56823,0.13803949615383784
56824,0.09303986062980761
56825,0.13230270031481278
56826,0.13087968093903157
56827,0.31106056938408694
56828,0.12489967772299654
56829,0.12327957674600744
56830,0.04535922988979103
56831,0.08753298396577698
56832,0.07915955400035163
56833,0.15360137086512526
56834,0.14927061040552034
56835,0.14787870016416274
56836,0.1346058662346738
56837,0.13658916842752927
56838,0.11345321825756234
56839,0.09715457180429404
56840,0.27179049465408217
56841,0.11927787252802347
56842,0.047091587760585724
56843,0.2518458935025418
56844,0.12113808936432101
56845,0.08492024997713557
56846,0.07399368394528753
56847,0.1094713485352943
56848,0.07688753016221227
56849,0.06576082322846338
56850,0.11543142436074276
56851,0.13116633641950484
56852,0.042696847707093456
56853,0.29789698841463613
56854,0.12978701511903518
56855,0.11817057323280736
56856,0.1200551989634407
56857,0.08107803207447598
56858,0.10041428293052027
56859,0.06317441263006035
56860,0.09228323632266294
56861,0.0895197925088175
56862,0.06138103146655187
56863,0.0970220872751018
56864,0.05059369700212055
56865,0.04953874738708362
56866,0.12019611506760672
56867,0.11530050992084226
56868,0.13637882345143137
56869,0.10202453924630217
56870,0.13253013036181602
56871,0.13153187996339602
56872,0.07681562105286431
56873,0.12424900338108494
56874,0.35150476839313377
56875,0.06396109211677142
56876,0.07991050476149078
56877,0.13728312369807713
56878,0.1536986525982126
56879,0.1263369555896988
56880,0.05290504440672028
56881,0.12734865137582801
56882,0.1156165146462088
56883,0.1804261660217979
56884,0.1297305192333321
56885,0.14019052745272667
56886,0.16441193794462478
56887,0.08558185147000753
56888,0.11037823779841771
56889,0.07608921384757059
56890,0.13329153457831242
56891,0.2940114780480119
56892,0.1172908741000277
56893,0.10006787850215966
56894,0.1433290985433098
56895,0.24775246361146264
56896,0.15739828639200423
56897,0.09062969753771859
56898,0.09983006750628974
56899,0.11984571156928672
56900,0.21477681256542852
56901,0.06825934971593159
56902,0.13338646838743798
56903,0.174274102845433
56904,0.08296567842452192
56905,0.09933575438120194
56906,0.04409209200666527
56907,0.09554047772500546
56908,0.08459199973225111
56909,0.2589543072547689
56910,0.07225127012861966
56911,0.10754596601679633
56912,0.049272889146338976
56913,0.05246474566667356
56914,0.19012971240432067
56915,0.1411117424652959
56916,0.13089714166508265
56917,0.1264751480703713
56918,0.12289595495166858
56919,0.08374101496087775
56920,0.0652227754655583
56921,0.11231188279599304
56922,0.351629078482458
56923,0.08066867020881148
56924,0.09563109797733267
56925,0.18133212577507285
56926,0.08845735880485561
56927,0.10493725987247952
56928,0.0738512990369922
56929,0.0630266981514219
56930,0.13355113398975987
56931,0.06969224203871527
56932,0.05241233078613782
56933,0.10291685074515725
56934,0.1599450900757267
56935,0.12751866531519096
56936,0.0713828150594815
56937,0.10847503034362549
56938,0.14812511467416462
56939,0.10957354729665904
56940,0.1287093646458883
56941,0.3615994918697811
56942,0.06084077944203314
56943,0.08373484471765115
56944,0.11257910430112435
56945,0.10158337318784273
56946,0.09058602172134157
56947,0.12001068035312985
56948,0.31706734701030853
56949,0.10667181133049848
56950,0.07526854282865003
56951,0.08714248711700846
56952,0.14370042707557812
56953,0.07070333362667734
56954,0.06671629873920688
56955,0.325455928180288
56956,0.22802943945212695
56957,0.14848786721472976
56958,0.13661871782811336
56959,0.06345631673243761
56960,0.03519705511140554
56961,0.11182830041979452
56962,0.30458960369191707
56963,0.2069425285184967
56964,0.14244381547097903
56965,0.307309385710933
56966,0.08311924608172
56967,0.3543538319952878
56968,0.3729076275098009
56969,0.06991088464224332
56970,0.19103884416150246
56971,0.06791261139520546
56972,0.19648937092913185
56973,0.11832271671908501
56974,0.2129134259166509
56975,0.0971416929205014
56976,0.17739999076996005
56977,0.04879444228189228
56978,0.23279680468810526
56979,0.05132052671689989
56980,0.06202802395018768
56981,0.15590996224698794
56982,0.13345494443141726
56983,0.06309622737637792
56984,0.16231488367801353
56985,0.19033869797753217
56986,0.3545420405222533
56987,0.07945200744532958
56988,0.11638680679476916
56989,0.1692129697694807
56990,0.04342317997954023
56991,0.11611181270790838
56992,0.05496575681676272
56993,0.1383319958776721
56994,0.08523911714975382
56995,0.07905947010863945
56996,0.20104405114390866
56997,0.09556134567499287
56998,0.33776027584515805
56999,0.06574758661683852
57000,0.060528366798948095
57001,0.09923878275842642
57002,0.18352967990438543
57003,0.16218826103130288
57004,0.10017636516813463
57005,0.0733796092048815
57006,0.10990456415404955
57007,0.10859458415326319
57008,0.2138072073602903
57009,0.077717453236606
57010,0.06338222208080642
57011,0.1081257014387856
57012,0.19804049072329974
57013,0.11185692169385153
57014,0.10846544475072635
57015,0.14968485428273554
57016,0.04215791698704728
57017,0.08529313373771603
57018,0.1128204925866835
57019,0.08503650783827717
57020,0.0892477502668307
57021,0.18564635867696794
57022,0.08820844560636949
57023,0.204327344908874
57024,0.10859614354149671
57025,0.08596997722911941
57026,0.14877838153349793
57027,0.21039650388540987
57028,0.11831507597562076
57029,0.10817001693626628
57030,0.22652987892046875
57031,0.32738889353133255
57032,0.06523555901503231
57033,0.10529295278658138
57034,0.11330470574835261
57035,0.0598332140571623
57036,0.438686219534529
57037,0.11116259517464183
57038,0.09459339863454168
57039,0.17354218432876867
57040,0.05184651015937562
57041,0.19742797793261063
57042,0.058573274130570424
57043,0.11026660674056044
57044,0.16808319753015177
57045,0.3537144383906071
57046,0.15529359602827522
57047,0.12376870963043567
57048,0.13131541414691456
57049,0.14430631056915974
57050,0.3719910505440583
57051,0.08786656282484001
57052,0.27263910640718547
57053,0.16747747153709205
57054,0.2357650331845572
57055,0.2605992755004349
57056,0.29979944581209045
57057,0.13252617261332722
57058,0.22446744618657974
57059,0.054661181117516805
57060,0.07757017360858875
57061,0.1147069650826901
57062,0.15985150404774323
57063,0.11260302734417993
57064,0.07393911044456834
57065,0.08956071448437235
57066,0.040434541064191504
57067,0.05385591982775799
57068,0.15607356580149634
57069,0.11709947259473158
57070,0.11794454345337858
57071,0.1245579435290813
57072,0.06576268291289052
57073,0.09814639193460549
57074,0.08335415797267759
57075,0.13402069062049543
57076,0.09685681268522565
57077,0.05585399093432449
57078,0.2628753113565374
57079,0.10718466535388124
57080,0.058994968939567925
57081,0.05395614910195309
57082,0.07009177656049868
57083,0.1650526309007078
57084,0.11739796649087053
57085,0.042320562918876994
57086,0.10546491480328392
57087,0.09176437043129436
57088,0.052882341297578225
57089,0.16943623235175656
57090,0.23359009114129148
57091,0.28252092623077457
57092,0.15053514484149294
57093,0.059846114878109896
57094,0.06611873236878801
57095,0.11561115098334626
57096,0.13782704720084576
57097,0.04277186506488306
57098,0.1975975543287842
57099,0.16998490466660285
57100,0.06553231520177996
57101,0.22663621251360352
57102,0.11924172646550359
57103,0.17332846435103155
57104,0.09343256008591894
57105,0.10010745227640049
57106,0.14350661142895
57107,0.09573838629936289
57108,0.14523244698458804
57109,0.2708273957903395
57110,0.07152784237223296
57111,0.07548254673982727
57112,0.06402968555515513
57113,0.2366434194858266
57114,0.25263015096278707
57115,0.10412568867713572
57116,0.09652764300553741
57117,0.11159276159776818
57118,0.11304792781958657
57119,0.12295646542698206
57120,0.10214238406813363
57121,0.07585643855382289
57122,0.32714783387742835
57123,0.13824152647950755
57124,0.2031694137321121
57125,0.11654860622430313
57126,0.08488349321192518
57127,0.09793552128036104
57128,0.1491475455074601
57129,0.1953815263374354
57130,0.191974051087284
57131,0.04311486179755343
57132,0.0907306314588252
57133,0.1213971454280472
57134,0.04011323251287822
57135,0.05743593087490801
57136,0.09995779734297035
57137,0.1587848441870095
57138,0.08399207587531322
57139,0.11029211522707313
57140,0.2546532948589136
57141,0.16816544585358253
57142,0.10599768583771987
57143,0.06633163154852229
57144,0.04603003365792817
57145,0.15123453151827923
57146,0.14340259581863152
57147,0.08769379669952612
57148,0.17578567392247485
57149,0.11502323733084271
57150,0.04742327654291015
57151,0.18196233267427367
57152,0.09842948739803078
57153,0.12116916687371823
57154,0.08819829391914917
57155,0.045489892365179
57156,0.440296732368062
57157,0.13449637275662077
57158,0.11729161255196799
57159,0.0665040273625262
57160,0.08064455682231247
57161,0.061562152411534184
57162,0.09565551118199325
57163,0.05954775108902726
57164,0.06054347850753828
57165,0.27777545667644155
57166,0.27006487515803007
57167,0.11394129448054388
57168,0.08763290684333305
57169,0.05193670062400053
57170,0.11607625835867155
57171,0.11486446576532922
57172,0.1464527763466136
57173,0.07283036210983902
57174,0.177890550874501
57175,0.11442652488448903
57176,0.12173317068417301
57177,0.09901716901388115
57178,0.1286790754147066
57179,0.09376676970859153
57180,0.11955952598263304
57181,0.03357950266506696
57182,0.18156035000716272
57183,0.07186130611032933
57184,0.2520097001254298
57185,0.11694743952590013
57186,0.26937617690938737
57187,0.056554565810947845
57188,0.21797492933791446
57189,0.17783036357223805
57190,0.05713290500557657
57191,0.12681508949305695
57192,0.08304947475894998
57193,0.2421627373862409
57194,0.03664619141514717
57195,0.10608128076792941
57196,0.07827832428124004
57197,0.09296332670101827
57198,0.05165785171277217
57199,0.2164230454821912
57200,0.06316765919559783
57201,0.20322061978252365
57202,0.04872731334210699
57203,0.1006711719526813
57204,0.25699896372775966
57205,0.052289336707175525
57206,0.15274804764914715
57207,0.14561613537022775
57208,0.06435453837788359
57209,0.043100742633850865
57210,0.04935508353658886
57211,0.20961206024648354
57212,0.10147232165230648
57213,0.08332748279272523
57214,0.16727071902795654
57215,0.21825214971744028
57216,0.1375277631223204
57217,0.15812387056247607
57218,0.14560821525340267
57219,0.04533337109353529
57220,0.08892074398500231
57221,0.12504724323992197
57222,0.05934848224325604
57223,0.07348213278672383
57224,0.25994946581085376
57225,0.08156832149020646
57226,0.1112669791566394
57227,0.14294304715550843
57228,0.12805322154479112
57229,0.07925340277352212
57230,0.08704383480990886
57231,0.10261711532134155
57232,0.12911744934123737
57233,0.1098326319035935
57234,0.09500123983693523
57235,0.11152861757685169
57236,0.3265956016037381
57237,0.10430649743906423
57238,0.05829556644519105
57239,0.141220173009889
57240,0.056498658048621406
57241,0.18462375049781204
57242,0.11025342643010444
57243,0.07213176958038596
57244,0.08798136676059562
57245,0.2479357780258394
57246,0.06639382232292765
57247,0.06506971349988509
57248,0.060793245340292595
57249,0.09923802561683939
57250,0.05894963266372887
57251,0.14383800812063277
57252,0.1350737004403559
57253,0.32573061978733364
57254,0.08097021659595874
57255,0.1148682945654867
57256,0.3625431024508678
57257,0.16035142698144714
57258,0.39613919919466933
57259,0.08548557541769
57260,0.24608746426590392
57261,0.0783222913206131
57262,0.2130299168049403
57263,0.11344660221090276
57264,0.07660336581469293
57265,0.1009699421618931
57266,0.08847459635305678
57267,0.1741360238157794
57268,0.05319580076559759
57269,0.11687732151258508
57270,0.1667859068079296
57271,0.07516364846292076
57272,0.10787699676953147
57273,0.1633223072843619
57274,0.1006018725449802
57275,0.3732498600749327
57276,0.15043214703098617
57277,0.14697907351084538
57278,0.4271236630206924
57279,0.11845033921363984
57280,0.06373809792796706
57281,0.08691273189317097
57282,0.20412441538346443
57283,0.04177148959008539
57284,0.20422399677090142
57285,0.056204441985471414
57286,0.2801713614917286
57287,0.0896390125742075
57288,0.17421978002841193
57289,0.12903203245803652
57290,0.07404093580501205
57291,0.20208931753209636
57292,0.054605398035183016
57293,0.054524625675955736
57294,0.09182594981990455
57295,0.14999132762087847
57296,0.06029136775358656
57297,0.11751739608459212
57298,0.13244192444323785
57299,0.06871261794846814
57300,0.05788403872697749
57301,0.3252245965195341
57302,0.1581792088069499
57303,0.06720846009711474
57304,0.06234616207930356
57305,0.12333752251851006
57306,0.22793727067508618
57307,0.07575007481769329
57308,0.25058047737085004
57309,0.15125454627126958
57310,0.095551336148783
57311,0.11769718102717674
57312,0.16856073082834858
57313,0.06604785301855155
57314,0.19800361151468557
57315,0.12692471268658506
57316,0.11629510687179802
57317,0.05654472367425286
57318,0.10538385066389704
57319,0.047044065314425475
57320,0.19581835495513386
57321,0.12702281916573893
57322,0.1252456844491995
57323,0.036447001124653655
57324,0.11899363235412325
57325,0.04755981163379097
57326,0.06504956925148925
57327,0.08278991991425597
57328,0.049477396814354424
57329,0.06896615599966774
57330,0.059798394045925504
57331,0.07784676777734847
57332,0.08689456435655722
57333,0.30055014253838996
57334,0.1044329886567152
57335,0.05853852463418025
57336,0.12298313681528565
57337,0.05132301056837942
57338,0.23918487456462578
57339,0.1213925676440045
57340,0.0628409925210427
57341,0.11273612455324586
57342,0.1753283715407956
57343,0.2805111118904354
57344,0.12311734904370031
57345,0.11548160763733874
57346,0.18375867914702151
57347,0.14922995938557887
57348,0.057876522776266905
57349,0.10460282377840484
57350,0.05457192112907303
57351,0.08650647995598588
57352,0.1051147508286084
57353,0.04725460915709819
57354,0.11111595015617565
57355,0.3309648755384585
57356,0.1872908690680317
57357,0.11006298104517995
57358,0.33424858090084714
57359,0.07224999100812243
57360,0.1533551250907788
57361,0.06320048130291347
57362,0.10515720210250495
57363,0.04630176639644849
57364,0.05222573993052361
57365,0.131236524469915
57366,0.09295432595201399
57367,0.10133027062068344
57368,0.23136204928175128
57369,0.057212001691177086
57370,0.05871701372639228
57371,0.15492063923657556
57372,0.3333166556905538
57373,0.19469175843597958
57374,0.047979817627605496
57375,0.17296695307167434
57376,0.10916605938665105
57377,0.23046851738424862
57378,0.11976511494563048
57379,0.12474155632602152
57380,0.13689126746541647
57381,0.19555085521348875
57382,0.1166526326317407
57383,0.07451042136671422
57384,0.18488705525162014
57385,0.1389081661279482
57386,0.13304383829993888
57387,0.040564072577129726
57388,0.1504862667229227
57389,0.1222464089064194
57390,0.05052763304306561
57391,0.07534215827611945
57392,0.09389194116627718
57393,0.10347292045131032
57394,0.1888675806550777
57395,0.2308083338063724
57396,0.060424651687814177
57397,0.16065078871519636
57398,0.09725121639602388
57399,0.12824717412360315
57400,0.10160627099324669
57401,0.0361759383098048
57402,0.07536375782943436
57403,0.29775319855069626
57404,0.16891153621911678
57405,0.3910825946933115
57406,0.14381228107398897
57407,0.18396847529692975
57408,0.4265003091585959
57409,0.03773238849198943
57410,0.11490265240995329
57411,0.08722583165350635
57412,0.24942829838113573
57413,0.14381323983285435
57414,0.0857775613045797
57415,0.13126333065306095
57416,0.15777020562024213
57417,0.16652381134300362
57418,0.07382497177845226
57419,0.11002904748557124
57420,0.1868247926964606
57421,0.14481194773635983
57422,0.10530271611603886
57423,0.08908957297787022
57424,0.1619562467476414
57425,0.14393010268864925
57426,0.12271836865811409
57427,0.11131350563047186
57428,0.3078095497941481
57429,0.1278359311982774
57430,0.30871319003442466
57431,0.11492718674032242
57432,0.14523130812520654
57433,0.13897630199976105
57434,0.13575016086355943
57435,0.11917633107365327
57436,0.17844530865865305
57437,0.04850208812990706
57438,0.044240699710944506
57439,0.06845780007301384
57440,0.04041913786244578
57441,0.046800214928530856
57442,0.05249128966459212
57443,0.15425238573737765
57444,0.07133313229523391
57445,0.05392101810765716
57446,0.11802905771536346
57447,0.09404306246760534
57448,0.07848299105394944
57449,0.058198327604027586
57450,0.2999947670964119
57451,0.23281376821840766
57452,0.12216472499450158
57453,0.08008056139984533
57454,0.15012722949857996
57455,0.0697909831737382
57456,0.10755685081095882
57457,0.08769902139636176
57458,0.049401250424622324
57459,0.21197885734256552
57460,0.14386839449717445
57461,0.1116399258671696
57462,0.06825691610283943
57463,0.1773331944371343
57464,0.14389856493324035
57465,0.2908888706225195
57466,0.06318281840474503
57467,0.10955594900220987
57468,0.2570074383584823
57469,0.05982129348657806
57470,0.09163376612805052
57471,0.04599188861977414
57472,0.09818783229239582
57473,0.11076925833729578
57474,0.1349287519354478
57475,0.31932337107153297
57476,0.22357450403521448
57477,0.1198512816084072
57478,0.1298876819646771
57479,0.11729378879211202
57480,0.10150992141000227
57481,0.13410238272065672
57482,0.06931966804463652
57483,0.08750130547193388
57484,0.05457313665286843
57485,0.16874864371687612
57486,0.11324675062979807
57487,0.0669238213574957
57488,0.22508971127915778
57489,0.14288706966449344
57490,0.11395276424103772
57491,0.10801010476213736
57492,0.17016946080874507
57493,0.1459634350518233
57494,0.12259716653242136
57495,0.12449851937766188
57496,0.09531255768919476
57497,0.08886021749132784
57498,0.19399691789957527
57499,0.18864502811041362
57500,0.062173058158917244
57501,0.10262189545078328
57502,0.11721790667579048
57503,0.10920193490833303
57504,0.11123941039767514
57505,0.15189475043274428
57506,0.05187910702251561
57507,0.1451000736493798
57508,0.04447220764374386
57509,0.24023562565946538
57510,0.1648843393983206
57511,0.1352708307574815
57512,0.07550098569377958
57513,0.08834276244964513
57514,0.0621908682007021
57515,0.06353950888411126
57516,0.08725264219918784
57517,0.19037441036221217
57518,0.1126157384389183
57519,0.08030154934351928
57520,0.07616471442186713
57521,0.36248167516066865
57522,0.14144401229348036
57523,0.22537836261326166
57524,0.40926715007209236
57525,0.14508956204390436
57526,0.03892352036380775
57527,0.11979574076799321
57528,0.08761008100897949
57529,0.2630167843590217
57530,0.11506502280559328
57531,0.18513066309768364
57532,0.1533476711960394
57533,0.11194910394399103
57534,0.37395057534360554
57535,0.1194554513946429
57536,0.17688312615378016
57537,0.07146383871625732
57538,0.09461778434963078
57539,0.08654922980308882
57540,0.1880972017093285
57541,0.06912396127754908
57542,0.1857804474272438
57543,0.09235395684009111
57544,0.17939611619875012
57545,0.09217625396063825
57546,0.12783657957131211
57547,0.10905532677493618
57548,0.3645634892223881
57549,0.0829535959835663
57550,0.1280867696546997
57551,0.1667730147990614
57552,0.16254471347356353
57553,0.06074761599354495
57554,0.3704532935087509
57555,0.060809667147108976
57556,0.13162386288643094
57557,0.0837391710398303
57558,0.11887690475587354
57559,0.06671938049644392
57560,0.058707036358904584
57561,0.11482556499133108
57562,0.19260915731687647
57563,0.06906387869975936
57564,0.11934673072750014
57565,0.24929230773018773
57566,0.08993044568428946
57567,0.15665237970274884
57568,0.08902779177616464
57569,0.14576902254039278
57570,0.056445000681415176
57571,0.20374754929399366
57572,0.20873736384825106
57573,0.0859413752373691
57574,0.20757786716373475
57575,0.07950654629222137
57576,0.10750540790832296
57577,0.10236705773848884
57578,0.0908501673835691
57579,0.31252983938272266
57580,0.12256042608176522
57581,0.07465663086154559
57582,0.05731692310403317
57583,0.15322317704730523
57584,0.07194789569816153
57585,0.15068208557190974
57586,0.10053084495295539
57587,0.18928552513633254
57588,0.1686992463806504
57589,0.15972459961677007
57590,0.2830849357907354
57591,0.18286233252823678
57592,0.2735001577496513
57593,0.13316386144915154
57594,0.24554683950319314
57595,0.1654531911826792
57596,0.10805042077644533
57597,0.1336897095214446
57598,0.06859639888302536
57599,0.0642383623473617
57600,0.09594765108338982
57601,0.11043531096103475
57602,0.09309395731181032
57603,0.32019668351938635
57604,0.07118809673999411
57605,0.2903771529747586
57606,0.05592707558562074
57607,0.08780595560925028
57608,0.08113634728199878
57609,0.09965060421088341
57610,0.049093519883741533
57611,0.11237701730227803
57612,0.12346977005739178
57613,0.08559672457986356
57614,0.07947984842251492
57615,0.1029623591162832
57616,0.182109548489117
57617,0.10023076352498529
57618,0.1451504187745013
57619,0.31756763313103165
57620,0.11704083792264243
57621,0.09052655988944132
57622,0.20572775336065718
57623,0.055867921886952485
57624,0.14750081961824552
57625,0.1367839899300703
57626,0.07467702262650648
57627,0.11790927784409944
57628,0.14971543242564953
57629,0.19263576236003752
57630,0.13541414185081127
57631,0.20892543735888844
57632,0.1139415620021539
57633,0.09534401804564738
57634,0.08637672676087824
57635,0.06389085203676491
57636,0.1212511647784102
57637,0.14905846169531412
57638,0.23347581352704921
57639,0.12000873715306014
57640,0.24143677367919697
57641,0.06348689360714739
57642,0.12099298522148796
57643,0.08678740433439829
57644,0.07863042154368498
57645,0.07405078878428346
57646,0.18798955954172572
57647,0.054262883237555674
57648,0.10431276072583087
57649,0.09986149854676976
57650,0.25211650051351175
57651,0.0582117632221633
57652,0.32021843258339866
57653,0.28185821260463784
57654,0.0893572162712495
57655,0.11390672171081553
57656,0.10979484417285146
57657,0.11685148043368357
57658,0.06391603243315794
57659,0.11106781269904543
57660,0.09002134223591936
57661,0.12657140289194846
57662,0.07177946443093722
57663,0.2227277150284341
57664,0.2679468011975795
57665,0.11404931844777864
57666,0.08104271360946631
57667,0.2300155143075046
57668,0.21587820474194006
57669,0.14146823047044274
57670,0.15138637092228618
57671,0.11326801514898706
57672,0.08049785143580536
57673,0.266266669847054
57674,0.1316296415463414
57675,0.14783212024630155
57676,0.17753623125264287
57677,0.12551305125682236
57678,0.07888785095503054
57679,0.15889264203372438
57680,0.38195339499515435
57681,0.165177061667513
57682,0.14678374009681056
57683,0.2431326540632313
57684,0.1297031234990377
57685,0.11688797101424857
57686,0.13136538565346656
57687,0.06523547584895427
57688,0.07443886628510223
57689,0.04082197576640347
57690,0.1462662393817918
57691,0.1159495505060754
57692,0.07936832174546936
57693,0.08337619721111554
57694,0.14089406637366847
57695,0.16660198786449323
57696,0.15509014522107495
57697,0.08554143317226923
57698,0.24291671382379754
57699,0.14646915868761612
57700,0.22036811784612204
57701,0.11150857929080721
57702,0.12688548610508582
57703,0.2511629228698991
57704,0.14702817918641253
57705,0.120299161764017
57706,0.28732372754642127
57707,0.14763715876678962
57708,0.16349331710704398
57709,0.09756302189076267
57710,0.11973314687378094
57711,0.06940934073865786
57712,0.3723428063243178
57713,0.04776575928204304
57714,0.08776526718865733
57715,0.10247150865360674
57716,0.1191321209981323
57717,0.048879270308311296
57718,0.05670590394224305
57719,0.06507343583305575
57720,0.07847292949514399
57721,0.12259470910346934
57722,0.10311274909902021
57723,0.14097796102337348
57724,0.10476843281944902
57725,0.3058855902564042
57726,0.08100144155915404
57727,0.056471952158478264
57728,0.08357036262753526
57729,0.10280479950980863
57730,0.2655862256403538
57731,0.15994466604146215
57732,0.11760369761703961
57733,0.12441580819250238
57734,0.07990325112413532
57735,0.07117329059333437
57736,0.13391620507500102
57737,0.055548937418501906
57738,0.26636254888439304
57739,0.1842212347586356
57740,0.26982884678157454
57741,0.10522820717066825
57742,0.22621677085755973
57743,0.14255786789186967
57744,0.10333580389647733
57745,0.33401567673845267
57746,0.23030215201626492
57747,0.19218746249858482
57748,0.0848261163465214
57749,0.18950881112873244
57750,0.397196442480059
57751,0.11904583879681527
57752,0.17592656109756008
57753,0.32227981324529514
57754,0.1384396799560295
57755,0.10690095815329824
57756,0.1088450238495619
57757,0.15555737854304594
57758,0.3489178188984805
57759,0.08587199173072604
57760,0.12254174440279472
57761,0.10687249716060582
57762,0.11797245229534024
57763,0.1881956219685329
57764,0.08311314694299245
57765,0.10713903256967934
57766,0.10280753593993482
57767,0.06184383613119775
57768,0.1930104546730769
57769,0.14312929620799733
57770,0.08838793798479133
57771,0.1909790848959837
57772,0.16825865340861498
57773,0.0648596938563189
57774,0.05011891925102674
57775,0.1284985315762595
57776,0.1879391772911499
57777,0.05254036592735265
57778,0.12884522614171556
57779,0.1208608060270934
57780,0.09155765459787443
57781,0.04755293311984975
57782,0.07516308395689301
57783,0.09101129864021543
57784,0.08698924743530949
57785,0.0696506053326553
57786,0.18207932710036207
57787,0.055256735623060015
57788,0.06730483842073842
57789,0.05163714278548309
57790,0.08497311299583381
57791,0.06472807662264012
57792,0.1543703462914375
57793,0.2564502152344431
57794,0.2837799307473757
57795,0.07575486287157261
57796,0.07745626037718298
57797,0.1924720815072649
57798,0.15304914165363634
57799,0.11123959541977914
57800,0.19536637520564695
57801,0.2782214905407079
57802,0.08612712975074592
57803,0.06906607732910924
57804,0.03726357544715016
57805,0.12150639816133649
57806,0.13837573075164852
57807,0.07974401190999106
57808,0.10510322259497162
57809,0.08341099372984499
57810,0.10765445249167602
57811,0.1531054748893569
57812,0.056093842957165345
57813,0.12781262629068352
57814,0.120579041721665
57815,0.2603647821095856
57816,0.12509087834315116
57817,0.05394123229573471
57818,0.1636445835465691
57819,0.24526249993448582
57820,0.25331499174201755
57821,0.12197650674450027
57822,0.12328118729270947
57823,0.28545797433107933
57824,0.06403569991880134
57825,0.10043066899270775
57826,0.1089283649069052
57827,0.05418728513920813
57828,0.17101813131680538
57829,0.10257219699615873
57830,0.043511827288010695
57831,0.2134440321599783
57832,0.13446123260240753
57833,0.2780650391043754
57834,0.22457912973625554
57835,0.11655689766335382
57836,0.11086639692663129
57837,0.24451823571235196
57838,0.1151938885669386
57839,0.15049522011529504
57840,0.2020070472045193
57841,0.09786003154388487
57842,0.06723480310314739
57843,0.21512067839802404
57844,0.09920307384278362
57845,0.17786299274444606
57846,0.0969389521454128
57847,0.09098465564864923
57848,0.11321855759704127
57849,0.13050859958753527
57850,0.14358275858812072
57851,0.22208241821872282
57852,0.1223444918013741
57853,0.05028787018131031
57854,0.10402583375844494
57855,0.13728980273127578
57856,0.2264694760908922
57857,0.05665950258034574
57858,0.14617753579526657
57859,0.3370147886976855
57860,0.20264086880774607
57861,0.12953548263472398
57862,0.04657663578215541
57863,0.034837974879685464
57864,0.10976360548600467
57865,0.3177274159819595
57866,0.08759586048697372
57867,0.06367650221140453
57868,0.11053773718416825
57869,0.04724691226468929
57870,0.048282326523922496
57871,0.16246350918410846
57872,0.05859716180093233
57873,0.33877842520844026
57874,0.15069416210130132
57875,0.05138741005638471
57876,0.09968707024242839
57877,0.17710425480735723
57878,0.08983797366292695
57879,0.1599722614563362
57880,0.0735652750113243
57881,0.1264349226482507
57882,0.05015683627462393
57883,0.12820128997843663
57884,0.1971045488509153
57885,0.03651725084129076
57886,0.12906609218956236
57887,0.31475917598857767
57888,0.13975748411963101
57889,0.35227596897870617
57890,0.13223850558947206
57891,0.1480371436597331
57892,0.11483792427038535
57893,0.06569087604681165
57894,0.4098073652051513
57895,0.1687352938415386
57896,0.16855182061742421
57897,0.1784203103039199
57898,0.05031084709643855
57899,0.11753805556857155
57900,0.1296218017908496
57901,0.05370859982252353
57902,0.2181785309379869
57903,0.2498935708102018
57904,0.17111438388767503
57905,0.061592862635091325
57906,0.2557234472632953
57907,0.3420395190000628
57908,0.12766395446125628
57909,0.1578574929946474
57910,0.18216258937440008
57911,0.12058424880707591
57912,0.11948982464520568
57913,0.11143354935197972
57914,0.061468489103707495
57915,0.16300108044362524
57916,0.06954276827843406
57917,0.2941378101740605
57918,0.13361941987555306
57919,0.05700457970695756
57920,0.23918381792669713
57921,0.2659804146440024
57922,0.33161207669782017
57923,0.24446635080897477
57924,0.25771682850608607
57925,0.12169402328444491
57926,0.047998152596937585
57927,0.13640448886234607
57928,0.07610403899007537
57929,0.2472283087170049
57930,0.12689198101715668
57931,0.13854092227822465
57932,0.06974990337259304
57933,0.15497947776634874
57934,0.07691405268817497
57935,0.28499128270658597
57936,0.04355795937170908
57937,0.05749080633226516
57938,0.10960754018497959
57939,0.09081397543431977
57940,0.046051274012893106
57941,0.14020357929087773
57942,0.056098088577689324
57943,0.06066626447506736
57944,0.11033438309081038
57945,0.11804788964395639
57946,0.0894453685670273
57947,0.1358374419755817
57948,0.12346601333297305
57949,0.10492112898107775
57950,0.10199267062260163
57951,0.09913339668047988
57952,0.10967221962641502
57953,0.09899317252271733
57954,0.07396760026718134
57955,0.14695535862855957
57956,0.31833191879607975
57957,0.11277617934142449
57958,0.06320227358463526
57959,0.22690297545926225
57960,0.05354741351419259
57961,0.19151481147875085
57962,0.13821684111782426
57963,0.0987766169578991
57964,0.094663095290423
57965,0.2905133862861843
57966,0.12621343192942824
57967,0.08935923918378308
57968,0.10959092123556846
57969,0.08671812969245675
57970,0.09413748286167133
57971,0.0467797010664206
57972,0.11421377602424465
57973,0.06385696523029949
57974,0.09183380204002597
57975,0.158930978852659
57976,0.07852548587873144
57977,0.1127374925306581
57978,0.05051992653217935
57979,0.18287320641929516
57980,0.3790326251468584
57981,0.12471071026908245
57982,0.199769518574765
57983,0.12014075397398279
57984,0.11601948030813301
57985,0.19309336007326863
57986,0.15953586674912248
57987,0.09576901365693768
57988,0.12816995894024763
57989,0.10277147967602122
57990,0.21305001021827236
57991,0.07470236332028309
57992,0.21822163086197283
57993,0.18926905748520248
57994,0.08978279846567364
57995,0.12164002877162756
57996,0.14217944527148893
57997,0.11075372322339697
57998,0.13596792221938
57999,0.043698226973672795
58000,0.10440607782757043
58001,0.14486489262807867
58002,0.045473706311778044
58003,0.05796299839650624
58004,0.04373117545473705
58005,0.054533249942308674
58006,0.4306010734249691
58007,0.2188147282639715
58008,0.1658224578560323
58009,0.08551748089420509
58010,0.0930707204808559
58011,0.08942970046835039
58012,0.21196388231788868
58013,0.19061312425482996
58014,0.06415233067687037
58015,0.11763379134687567
58016,0.055293246956113117
58017,0.11012403640625514
58018,0.21657674036455152
58019,0.2524018403792398
58020,0.08677148579259489
58021,0.25125208799238263
58022,0.03968160099588267
58023,0.09962146824592268
58024,0.10443431697842673
58025,0.06107575557885237
58026,0.3368039088093223
58027,0.11990350842716256
58028,0.06252002237281641
58029,0.18782120694505827
58030,0.11040992874101098
58031,0.12458423784043977
58032,0.10245481178905562
58033,0.1020650899878202
58034,0.20543320340576587
58035,0.07750776899798541
58036,0.12225914455134859
58037,0.14477601658263364
58038,0.42688763374356253
58039,0.10883983029620238
58040,0.09139521742092048
58041,0.10836538701533668
58042,0.08760459161686301
58043,0.07877462311699097
58044,0.07950681270762838
58045,0.13377912514766904
58046,0.12948574771948035
58047,0.07784851128531327
58048,0.21528596156001337
58049,0.05882348483941211
58050,0.11603667170150157
58051,0.09177890280926562
58052,0.06277885900985575
58053,0.05081238587316621
58054,0.09554541047166626
58055,0.07037478111863503
58056,0.0779438015705406
58057,0.0781634426005461
58058,0.08525826038697726
58059,0.11010511955690164
58060,0.0610157638282738
58061,0.04346910847110998
58062,0.0478664142183074
58063,0.06031587605774813
58064,0.1284127183058721
58065,0.053933308121867335
58066,0.1176914465027049
58067,0.21175096389754053
58068,0.19354338882068362
58069,0.07515580975707592
58070,0.11022824635055438
58071,0.22181475380678595
58072,0.10540151147279697
58073,0.1027620813266482
58074,0.2695531905460812
58075,0.22502414406698276
58076,0.0887440892871963
58077,0.11807265603188498
58078,0.07942516922166729
58079,0.07996252507913951
58080,0.13650546673063182
58081,0.06783764909007095
58082,0.22674317008795283
58083,0.15174839605407545
58084,0.15116988808264928
58085,0.07086157137732574
58086,0.20937780113570292
58087,0.08231376632089939
58088,0.1326432142245182
58089,0.3215908420337446
58090,0.06545711268980577
58091,0.11711258561156966
58092,0.32373489304626424
58093,0.3112120773104767
58094,0.05546581624107727
58095,0.12723845901160644
58096,0.09710422901258216
58097,0.12281368021865241
58098,0.15259642834539466
58099,0.10561690733242471
58100,0.15885337453567516
58101,0.12273730288399744
58102,0.0606797938147206
58103,0.05759990060124242
58104,0.1252253911876358
58105,0.05824067654299862
58106,0.08207481918978314
58107,0.05924637341039099
58108,0.14828381652718536
58109,0.10412838504197341
58110,0.05440063669054945
58111,0.09917284814969222
58112,0.06281035890906961
58113,0.19592441129251326
58114,0.07993378966447405
58115,0.07988154367310404
58116,0.09906244704135525
58117,0.39659054162510055
58118,0.21383823546035027
58119,0.16261393424691253
58120,0.08799041875471769
58121,0.10738936831523711
58122,0.36827983129850006
58123,0.06594168572479335
58124,0.07051499693629787
58125,0.08469809597634852
58126,0.09290824673429435
58127,0.11902070803643676
58128,0.09285811222229365
58129,0.11757877681236814
58130,0.45806488192714045
58131,0.22878872948088677
58132,0.08592271681384638
58133,0.14579050688791656
58134,0.09888152435027968
58135,0.11544654680448015
58136,0.3122224798274319
58137,0.28019965443673084
58138,0.27255953233967134
58139,0.06715581837031638
58140,0.03772889943021369
58141,0.09417419610983639
58142,0.10039710524340185
58143,0.23047855717876026
58144,0.24651575520215593
58145,0.14788434305029313
58146,0.14258540316768736
58147,0.18018901700338621
58148,0.09930808185326247
58149,0.435907956598083
58150,0.11109721731866731
58151,0.1669340657903306
58152,0.2695311529265786
58153,0.20155892713580129
58154,0.06619733810538192
58155,0.179220396630064
58156,0.05976369241745394
58157,0.07959888277990221
58158,0.10317507596644528
58159,0.05681670718024768
58160,0.08514426625499061
58161,0.05046942742170708
58162,0.15474569145097905
58163,0.07460614238585044
58164,0.04919323813602151
58165,0.1975183743912653
58166,0.2704039995178721
58167,0.0707021529306828
58168,0.1113005576568188
58169,0.09240572029838356
58170,0.1409275847582826
58171,0.04351052307794101
58172,0.10304943931249623
58173,0.12862125597530685
58174,0.2709210307110938
58175,0.20208387645723536
58176,0.14523779984133164
58177,0.1533603835968803
58178,0.2887674685708881
58179,0.3563430056733949
58180,0.12658603682762767
58181,0.08094604906256866
58182,0.1201672472266039
58183,0.05772815772139924
58184,0.0864152840683312
58185,0.06823595948269472
58186,0.06929497301260606
58187,0.11055892833850493
58188,0.17769239998279954
58189,0.08234923986834468
58190,0.04391218365403544
58191,0.06197426724289851
58192,0.10332426706552554
58193,0.0852531554061775
58194,0.046928899840812825
58195,0.04920752267291369
58196,0.10167472019025191
58197,0.0465358645064627
58198,0.20340830998682352
58199,0.12484924286293386
58200,0.1364648038314487
58201,0.11477946000630312
58202,0.1873032933102185
58203,0.13366238308339334
58204,0.12662307744622123
58205,0.11730451876378789
58206,0.2344827122540084
58207,0.1695244597151757
58208,0.04937497331468892
58209,0.06790299844574764
58210,0.12547394920815874
58211,0.09650021800360094
58212,0.051952627728522056
58213,0.38893025636108425
58214,0.09900814227528323
58215,0.10826186989880357
58216,0.058199310497894036
58217,0.17659588683621388
58218,0.03125224385053914
58219,0.24637476839282962
58220,0.049851948051095996
58221,0.10730774677650724
58222,0.15068086334627104
58223,0.14096352847324134
58224,0.1865872695351481
58225,0.11191956315424328
58226,0.09921432953930805
58227,0.09413696161763267
58228,0.06303570610543187
58229,0.11546920838435905
58230,0.07957772177476378
58231,0.16823625922791874
58232,0.05888174974605541
58233,0.08143454158110894
58234,0.12010796798971146
58235,0.1922269309255594
58236,0.188793871573754
58237,0.2979347276025973
58238,0.08686550182428905
58239,0.24328995701586478
58240,0.08207866374894178
58241,0.20883430273683032
58242,0.11891005742621291
58243,0.05939069686960311
58244,0.35141456018243217
58245,0.12194937312671669
58246,0.15514941770027893
58247,0.09170750453162002
58248,0.09754904205774477
58249,0.05073697993346805
58250,0.12973434520054208
58251,0.056075612156133374
58252,0.25225855877953784
58253,0.12606412438710424
58254,0.055390494244575005
58255,0.05281555618326189
58256,0.11983547852862365
58257,0.060427932063844
58258,0.18898914174168413
58259,0.07501334972633937
58260,0.18979152927805587
58261,0.049130319009711314
58262,0.0548994970063814
58263,0.08127334042236344
58264,0.3347462293791248
58265,0.05083703863579307
58266,0.09884678907149216
58267,0.09782977750307542
58268,0.09466474147770013
58269,0.05473198050865616
58270,0.08301143354675528
58271,0.21069242953492154
58272,0.3341804192544715
58273,0.19751216734700497
58274,0.07080443778530811
58275,0.17551702841771594
58276,0.08016157626894391
58277,0.18248639832087635
58278,0.15779820852317364
58279,0.06083282174354779
58280,0.1738050799012169
58281,0.22833221542114623
58282,0.3413726850220529
58283,0.0878322777447397
58284,0.05716943713808693
58285,0.1236365102770776
58286,0.12870910668150293
58287,0.14157952582796798
58288,0.07650644511426098
58289,0.23645534790507733
58290,0.15172673094466801
58291,0.2777744926280224
58292,0.05444831508151184
58293,0.1735956537874273
58294,0.12399342392149422
58295,0.08767442242719649
58296,0.13159365190505148
58297,0.18350239000055266
58298,0.3649104895473832
58299,0.09055248026840348
58300,0.08319227517480722
58301,0.08325731982175352
58302,0.06468546109392383
58303,0.08717032580749028
58304,0.27844260458730585
58305,0.10515150534677928
58306,0.05233592640933468
58307,0.13048158552237618
58308,0.3022508369946041
58309,0.15296071803575848
58310,0.0972809533942223
58311,0.07471446816383721
58312,0.4004057568683215
58313,0.05600795107537675
58314,0.06817027503457161
58315,0.16467876391582953
58316,0.117152317638045
58317,0.16111664658113847
58318,0.06545427831911481
58319,0.066666804603241
58320,0.12927045177129554
58321,0.2895216910453113
58322,0.07367895681153751
58323,0.1136186476558066
58324,0.060143868727825074
58325,0.0386121640977814
58326,0.1119423341178453
58327,0.05864277318155799
58328,0.04593764034362874
58329,0.11466146068321786
58330,0.043120511446181134
58331,0.1440684146595478
58332,0.11937469259955975
58333,0.1750143753616795
58334,0.15438261462207792
58335,0.15300733792139704
58336,0.11018046940016266
58337,0.2563787513258329
58338,0.10337443701193666
58339,0.12822652699170994
58340,0.21261262745903556
58341,0.061458872293246446
58342,0.08597126762798192
58343,0.3845993520871576
58344,0.05484020068325867
58345,0.12008241948439353
58346,0.08645071375779932
58347,0.104376670483225
58348,0.10560545976898078
58349,0.29024760096199503
58350,0.3542131866206653
58351,0.04818047917698071
58352,0.284263053359807
58353,0.0765945915934801
58354,0.175182568079132
58355,0.16777916889941188
58356,0.16852971553104493
58357,0.15846130785433635
58358,0.051824267997280654
58359,0.2728768428371321
58360,0.10160998414995036
58361,0.07888409964692278
58362,0.07237226607943865
58363,0.08332728760875936
58364,0.058703335122808856
58365,0.10978822190521607
58366,0.08230932342842673
58367,0.08178180862426992
58368,0.13893544421474818
58369,0.06502769292347195
58370,0.2591063704213792
58371,0.057854224614637184
58372,0.0857010051795517
58373,0.13583099161301196
58374,0.06626738333713539
58375,0.09831903685346889
58376,0.12779246970437258
58377,0.151927047917806
58378,0.06294826043037373
58379,0.16688891481304
58380,0.16221286443737284
58381,0.17885519927058632
58382,0.1157164638534432
58383,0.08178317724117988
58384,0.04409702250859348
58385,0.06419846566385734
58386,0.0714647705705786
58387,0.17920071017250377
58388,0.20825833365386537
58389,0.15864442347047467
58390,0.2915574200421996
58391,0.08989556806828365
58392,0.39716792400962814
58393,0.08122227664568264
58394,0.1530193734257029
58395,0.10359667840526808
58396,0.12205237219921639
58397,0.11103181671844807
58398,0.12002292038949824
58399,0.051825613978550074
58400,0.16191368897654035
58401,0.29239492682273105
58402,0.14251964220563834
58403,0.05019401033988583
58404,0.2537324787452726
58405,0.10488612328244067
58406,0.20060375048226467
58407,0.0540417284926568
58408,0.1886558612921702
58409,0.05973422917875182
58410,0.11335241304785489
58411,0.30875877732411355
58412,0.06700972766113228
58413,0.4362268538255273
58414,0.13851983726541267
58415,0.04294399970724746
58416,0.0734946716711089
58417,0.1944831490745246
58418,0.07786040340925611
58419,0.28894756294470947
58420,0.10772027288994901
58421,0.21849652912393347
58422,0.17707097932196114
58423,0.17176896751291493
58424,0.051893433661558665
58425,0.05236225239938712
58426,0.053289551537599775
58427,0.04276233303269969
58428,0.16181161124344562
58429,0.32412103182464636
58430,0.3489201286862657
58431,0.07985066551652704
58432,0.04370392808166974
58433,0.05499333942967189
58434,0.08186662034496095
58435,0.11611966482053186
58436,0.12809501622104869
58437,0.10502504689052766
58438,0.03623742289067625
58439,0.11198402667469701
58440,0.053141401457707134
58441,0.05001929805744642
58442,0.10335863565656024
58443,0.21517919047456296
58444,0.05521651220917314
58445,0.32804345436507465
58446,0.2367382317965381
58447,0.38387366363583103
58448,0.10927404044694572
58449,0.11270283221988203
58450,0.2986592013236899
58451,0.11892212593694783
58452,0.10525358609024951
58453,0.24565254918575516
58454,0.05939583754084846
58455,0.262547765736331
58456,0.1715553386740424
58457,0.18937475630788797
58458,0.12443284483093021
58459,0.21817029265113685
58460,0.06586553371750134
58461,0.06120214072995664
58462,0.13845155949233054
58463,0.22314191644266104
58464,0.11151362364004003
58465,0.12658562423584607
58466,0.1626780899997807
58467,0.22583345935679375
58468,0.17404513982067216
58469,0.18690704597606106
58470,0.1174485380152395
58471,0.23330794599739416
58472,0.16239576209713136
58473,0.1278899669118129
58474,0.12952976068117725
58475,0.1379592176068942
58476,0.32848637952328175
58477,0.1333023407703162
58478,0.0811015695598268
58479,0.13468972816581556
58480,0.11161899716124023
58481,0.05347400595811417
58482,0.10732689197909528
58483,0.04974189023412575
58484,0.20054506645906764
58485,0.08133866973153137
58486,0.11321856636393916
58487,0.12614666279006045
58488,0.3802325968506193
58489,0.0847107590916084
58490,0.13501476360584871
58491,0.0728633516415597
58492,0.0947499472391634
58493,0.13667031592398843
58494,0.3247423548732835
58495,0.2145033312179927
58496,0.049204536546285135
58497,0.12405809514663015
58498,0.05764466029626003
58499,0.11637365434003427
58500,0.1742370053609479
58501,0.12662518800676517
58502,0.04685177568046307
58503,0.03921545580879486
58504,0.14980696430549093
58505,0.1681163106258597
58506,0.12282352519568437
58507,0.07423908053096721
58508,0.04955917688732321
58509,0.12108331520877338
58510,0.0680183743838635
58511,0.13005159416336917
58512,0.06911090829720393
58513,0.18008443240350708
58514,0.08823076280391037
58515,0.066487785269277
58516,0.10416026083030339
58517,0.06188635217137856
58518,0.07775699008325287
58519,0.10374441823891599
58520,0.06809432330424775
58521,0.1758690636562348
58522,0.1604422592582589
58523,0.10214892732203731
58524,0.056087439801254114
58525,0.059971303799223045
58526,0.26692725063421213
58527,0.06230458861682384
58528,0.11286251027231242
58529,0.1455546273978311
58530,0.28257515196020777
58531,0.1293898380723917
58532,0.16164908353947155
58533,0.141594702889123
58534,0.28791261526057965
58535,0.11728683871927453
58536,0.17191548941795828
58537,0.1512978863379546
58538,0.09299407473892986
58539,0.379758490452973
58540,0.08180060383377201
58541,0.07928719281510578
58542,0.11431579517930597
58543,0.202473014697814
58544,0.12762860748215238
58545,0.1650166321746583
58546,0.10362198323838324
58547,0.1189290418288773
58548,0.1808046552880327
58549,0.1346654143339708
58550,0.14437674407478598
58551,0.27142368836524944
58552,0.043667890944860566
58553,0.06190464507557701
58554,0.10973272893273495
58555,0.26805578872266095
58556,0.20040381333298882
58557,0.1212768363536449
58558,0.0849473484997147
58559,0.05888454763283346
58560,0.1266356424710946
58561,0.13664456338590686
58562,0.19097014841708063
58563,0.06389196433813177
58564,0.2142066106782796
58565,0.11247818081448868
58566,0.276672185832028
58567,0.09975334960894851
58568,0.13419791019226773
58569,0.07312272895457578
58570,0.07337173996624663
58571,0.13699536528754921
58572,0.14426918346727113
58573,0.11015866894282636
58574,0.04544402889677962
58575,0.09528608451656016
58576,0.1437331303966717
58577,0.21144919267805715
58578,0.14314546444797893
58579,0.1383203209252347
58580,0.15325673742211102
58581,0.09634050611635238
58582,0.15302648182652498
58583,0.12224757983034627
58584,0.152276685463735
58585,0.09727792394368412
58586,0.11609630914845091
58587,0.11179073725767236
58588,0.12628610513253538
58589,0.11685961004418359
58590,0.07799414650437964
58591,0.04114302217192939
58592,0.05251513725722545
58593,0.13331055198666866
58594,0.30761634300339513
58595,0.08585391670910798
58596,0.13283975250914626
58597,0.36686920213936125
58598,0.09947089487302618
58599,0.1768266747452616
58600,0.14044177834144767
58601,0.17646872956512208
58602,0.17386617959695289
58603,0.21535663000032235
58604,0.11419474412860853
58605,0.07351390394993514
58606,0.13499370801078717
58607,0.16124596911700398
58608,0.298336712711743
58609,0.062372366356913685
58610,0.11486373423038618
58611,0.14593153342824353
58612,0.1989745237901784
58613,0.10562039627019879
58614,0.08153605821327464
58615,0.14203283923509544
58616,0.19086570236357167
58617,0.15240562687645492
58618,0.19351814020439934
58619,0.048371177417805916
58620,0.09914980394220327
58621,0.10446230386777797
58622,0.05664700426432316
58623,0.23574459152044697
58624,0.17587796374065068
58625,0.3303826589568317
58626,0.11820322320890331
58627,0.22518799597326086
58628,0.1378614701435973
58629,0.15715673515344541
58630,0.1796553708435388
58631,0.1663394052615363
58632,0.06720147189196463
58633,0.06135300843473782
58634,0.11674390553598264
58635,0.06874473210489002
58636,0.06662478239613075
58637,0.06590221761496695
58638,0.13037820653538995
58639,0.047404694117686184
58640,0.2889179406672339
58641,0.0809516974284725
58642,0.07360201336621741
58643,0.16979188513690308
58644,0.18748291781573553
58645,0.06590104514060467
58646,0.15906395393970912
58647,0.050337114790554555
58648,0.20127725152545173
58649,0.09169451102791847
58650,0.07442699263840474
58651,0.18880758279387397
58652,0.12289202173469402
58653,0.33184614618755887
58654,0.21116337661266102
58655,0.05303178568043572
58656,0.2624731538951037
58657,0.11789369087284457
58658,0.1774284867878789
58659,0.09754243291993647
58660,0.11318831801935618
58661,0.10874940414459072
58662,0.2259814032879161
58663,0.17960850125554986
58664,0.05983399423315245
58665,0.3646621688325164
58666,0.11627067163995958
58667,0.12496686385927472
58668,0.11344246015684481
58669,0.2910076800632338
58670,0.21926832801360183
58671,0.2142408229959025
58672,0.09567417307266357
58673,0.06761075197072255
58674,0.17082923405156683
58675,0.05961374469498389
58676,0.14813972793269964
58677,0.07794685307468359
58678,0.15896039527519595
58679,0.16713115508537826
58680,0.13843066905591203
58681,0.08627698359891017
58682,0.4032983900258711
58683,0.07769159185529655
58684,0.1989375904751967
58685,0.06311860429579264
58686,0.12462839326348517
58687,0.16812921451747248
58688,0.16462584434282798
58689,0.16545812656026918
58690,0.07923962547029818
58691,0.1094169445752196
58692,0.13663145341580304
58693,0.07502522672014533
58694,0.06464269498878088
58695,0.09555235492424399
58696,0.13037945934092487
58697,0.15399948851379414
58698,0.0973189811433754
58699,0.1264396388252923
58700,0.3079531828378342
58701,0.05910719531181415
58702,0.15088126409344937
58703,0.10656635051609567
58704,0.0919527000708577
58705,0.10002401822296701
58706,0.06548449352085571
58707,0.15676113857670732
58708,0.11329204124521698
58709,0.10263301640201779
58710,0.060870661630214394
58711,0.13993411388919505
58712,0.1133034626648497
58713,0.1814020154840884
58714,0.055192624490163905
58715,0.06212646789178554
58716,0.10151380728972129
58717,0.06200346851182279
58718,0.09905246055485366
58719,0.08973494042660025
58720,0.14536417840349142
58721,0.12628617156960156
58722,0.09627108261450161
58723,0.06635317225004932
58724,0.056189664488002444
58725,0.12427948550619683
58726,0.11980208813255457
58727,0.30177635763604116
58728,0.28241473012544527
58729,0.0503423304362426
58730,0.07820926200033897
58731,0.29861871485998703
58732,0.07091970243139947
58733,0.14343962656467754
58734,0.10299213321339626
58735,0.13169419960018885
58736,0.18622550595030132
58737,0.13613990354283734
58738,0.06789718662362434
58739,0.18654887372070117
58740,0.05332933079126545
58741,0.1296389348396681
58742,0.04868842902333125
58743,0.058743216896494546
58744,0.15985356396196226
58745,0.23233687860188332
58746,0.11863205993817974
58747,0.06599242224107324
58748,0.0776643952113313
58749,0.16765798087727116
58750,0.11644492556499648
58751,0.0884243105878965
58752,0.07575134084002277
58753,0.1653664462377187
58754,0.27893498231112535
58755,0.08538856739315547
58756,0.06091630993252156
58757,0.11494092805465629
58758,0.10356621401081507
58759,0.08066030382931694
58760,0.21086755170379218
58761,0.2766338760321019
58762,0.3355325278506904
58763,0.047112096616232335
58764,0.24449617922092923
58765,0.10446484373186748
58766,0.1492338681406644
58767,0.11848115660905943
58768,0.2528482476139769
58769,0.2673432727795982
58770,0.09571034124424087
58771,0.1465400321754012
58772,0.16077305663059344
58773,0.11247948401068691
58774,0.1757215583284939
58775,0.12965443656610887
58776,0.18473213033118152
58777,0.1650079021400249
58778,0.11446158511565425
58779,0.1802120555594387
58780,0.08384678902871265
58781,0.3963279653143066
58782,0.2598043211135788
58783,0.1012933525268244
58784,0.10848122296340104
58785,0.1554694777245994
58786,0.38107262992230667
58787,0.24997234388002493
58788,0.14786418340917548
58789,0.2870842177114831
58790,0.17202200667952044
58791,0.1591759919824847
58792,0.3424436623648949
58793,0.12489539668302044
58794,0.06324178682568173
58795,0.16049002784720928
58796,0.10667393457445991
58797,0.20599055517181683
58798,0.09808812844932792
58799,0.11509345405965575
58800,0.15025124702437012
58801,0.051797215464878144
58802,0.16892477557557056
58803,0.07991200196737026
58804,0.27915804692405416
58805,0.3646571905323716
58806,0.051685900983473324
58807,0.06493272600009266
58808,0.2832202966352864
58809,0.21302997016797737
58810,0.07684819905578028
58811,0.07718537336011991
58812,0.11516265762716313
58813,0.03769389919048935
58814,0.13272039175036876
58815,0.14023711656440405
58816,0.17130811230696055
58817,0.1034442318047926
58818,0.102247699687735
58819,0.07818163993080915
58820,0.29519275400369144
58821,0.07745476148271402
58822,0.1682467561180866
58823,0.12866081239693214
58824,0.1605900752679551
58825,0.08396620423130217
58826,0.1044770110843461
58827,0.1692061449454521
58828,0.18038770742932447
58829,0.056462254551207236
58830,0.13727732616478744
58831,0.12338877335531345
58832,0.23388649587985932
58833,0.1439386940100582
58834,0.2746969670287468
58835,0.11569914417732746
58836,0.07065322270149915
58837,0.15043314601797494
58838,0.08252461562305416
58839,0.1391908433747383
58840,0.15460390957478312
58841,0.07057468320825239
58842,0.14517634595017712
58843,0.20056710232399544
58844,0.040020307631791055
58845,0.08051826346785607
58846,0.08119107522130127
58847,0.26523476585701355
58848,0.205553176138944
58849,0.2515361722247112
58850,0.3642982418131375
58851,0.12427964056847993
58852,0.14258934231892414
58853,0.08041228872423078
58854,0.10494655131348507
58855,0.12766035846456106
58856,0.15572343206756367
58857,0.041192047610492256
58858,0.09988288330053575
58859,0.15388650299263656
58860,0.22829400293580865
58861,0.16502834506013678
58862,0.15028220928630376
58863,0.06725024921029876
58864,0.16528159049176483
58865,0.09757033920512895
58866,0.3522670311829585
58867,0.17242588698655684
58868,0.10976605598827789
58869,0.35084750387339814
58870,0.08909743973645126
58871,0.18415608445140189
58872,0.2821148508631281
58873,0.14956827363392208
58874,0.09238936644873073
58875,0.052503551399888944
58876,0.05129229506546978
58877,0.031786997744516626
58878,0.07978472528071469
58879,0.098877905181597
58880,0.1563256268996256
58881,0.10867206145693183
58882,0.19795850739129534
58883,0.11285912051812677
58884,0.13052742757993327
58885,0.0921452515286886
58886,0.12909044058342403
58887,0.1792693716367002
58888,0.10270825734507932
58889,0.18040541348623698
58890,0.1111824670880462
58891,0.10941426176958434
58892,0.08150465976194467
58893,0.13773950994585912
58894,0.03773631256285327
58895,0.09270731718590089
58896,0.10737273336346922
58897,0.04262129913899733
58898,0.08974388402624832
58899,0.11261053191932328
58900,0.12745416730282913
58901,0.26485987093694663
58902,0.1242969580137962
58903,0.2175112033608053
58904,0.06793876808192952
58905,0.09130501098483738
58906,0.06753809783803091
58907,0.08733833066523952
58908,0.12059835429095049
58909,0.1382694115684107
58910,0.06574289563884063
58911,0.37214748930191616
58912,0.12769954731451322
58913,0.19559641333966396
58914,0.1058491791799044
58915,0.17945366066930932
58916,0.10109643957538694
58917,0.09908504029235062
58918,0.12098578556076016
58919,0.11775176368269999
58920,0.06313298327553087
58921,0.1405439408662942
58922,0.11454468640398446
58923,0.061164760378575884
58924,0.1592195952803755
58925,0.17446813869518157
58926,0.09091087118564557
58927,0.051816782907461445
58928,0.12082159172970605
58929,0.08610283760508898
58930,0.19366601948850162
58931,0.05118876729016888
58932,0.1030952709808412
58933,0.228636373282149
58934,0.18242117158877033
58935,0.0724493442526114
58936,0.11906495495762529
58937,0.2553256471696236
58938,0.15659729025594143
58939,0.03571509742630479
58940,0.09994014530308838
58941,0.20217329164403328
58942,0.31779626429388463
58943,0.19849245891623252
58944,0.15341667953392019
58945,0.15011800339787748
58946,0.09601002271655336
58947,0.08638568872845645
58948,0.10729590387859071
58949,0.06732413874292924
58950,0.3893693858315136
58951,0.05857111494681814
58952,0.09283511531584654
58953,0.15917110257904807
58954,0.348852935363413
58955,0.17801530287359957
58956,0.317190588930547
58957,0.15290374526479691
58958,0.17590417707497738
58959,0.19930193902700916
58960,0.17045515408836193
58961,0.37948375015949626
58962,0.12241517325677463
58963,0.1210881902202884
58964,0.06633423143694227
58965,0.2257222967538975
58966,0.052898026937401546
58967,0.18407364307911775
58968,0.12317556622730107
58969,0.11715767439211486
58970,0.10053095428667251
58971,0.12174766516568161
58972,0.06046593923697583
58973,0.11064298371417126
58974,0.1592831538489715
58975,0.23205337834692072
58976,0.1494792867215223
58977,0.1091668372325854
58978,0.1052475132855702
58979,0.15709794314921569
58980,0.1826118612639651
58981,0.1187476369055654
58982,0.14263274296635298
58983,0.17295546859080693
58984,0.07250533762005563
58985,0.09629548737920145
58986,0.14711080489127024
58987,0.16726037418672762
58988,0.0710776805383962
58989,0.4180200046926254
58990,0.23768235326818313
58991,0.060529519869390924
58992,0.27378402893419373
58993,0.2931077934453626
58994,0.07933522452701151
58995,0.04848393120622207
58996,0.09838459252468638
58997,0.08578347573687344
58998,0.16788754233633324
58999,0.14526261580913713
59000,0.21186312588266798
59001,0.1970249533807782
59002,0.10878023349866765
59003,0.17098735742652146
59004,0.05899478220200634
59005,0.15249831033414354
59006,0.073625075403172
59007,0.26541599631713414
59008,0.2476572050310555
59009,0.09355696070887788
59010,0.0825441397131463
59011,0.11700235673394631
59012,0.09994558449229361
59013,0.20332386613129508
59014,0.17835977966363536
59015,0.31817591819992064
59016,0.18294537462219249
59017,0.13257935754027472
59018,0.3942148230461373
59019,0.30731841845584773
59020,0.20442360467186996
59021,0.11718410193122343
59022,0.135285713318814
59023,0.11058525251686223
59024,0.11108725408618302
59025,0.2651062186514426
59026,0.10579400331691179
59027,0.09018803340957285
59028,0.04305535984051602
59029,0.10273191994248905
59030,0.055258990806911254
59031,0.12558457794878428
59032,0.06988950823770866
59033,0.09708414976802604
59034,0.19889784864711135
59035,0.12301828963761714
59036,0.06031318166528189
59037,0.11661564151150242
59038,0.2474532708222698
59039,0.08030608340530894
59040,0.10089303111157678
59041,0.043960259290459214
59042,0.07547918884651626
59043,0.2364639629558849
59044,0.09372227314201481
59045,0.16141809526439385
59046,0.1418683007730343
59047,0.3883411699541119
59048,0.06261984813346845
59049,0.042630829657157705
59050,0.18357266467440642
59051,0.07621330980853275
59052,0.1471179229574242
59053,0.07704348850408414
59054,0.12083139660985727
59055,0.07863266753957912
59056,0.299990773331517
59057,0.052803504072448035
59058,0.1592775838336492
59059,0.07269627687068544
59060,0.051253063713953405
59061,0.14582648669622722
59062,0.24686227994847182
59063,0.12426501509202628
59064,0.1185965556997386
59065,0.2091666148232924
59066,0.10253267798140711
59067,0.15018050118986448
59068,0.3535169356123292
59069,0.3000977436877919
59070,0.1750938344067011
59071,0.19983044127707214
59072,0.11001622849824808
59073,0.16655026861624153
59074,0.05702077698453418
59075,0.08716807629291853
59076,0.05231374437367412
59077,0.20507653017319968
59078,0.15807032851280245
59079,0.18957411554083797
59080,0.042670530781052866
59081,0.10724907616283073
59082,0.12958382006818958
59083,0.09438897311514344
59084,0.29655595212371016
59085,0.06726229398814597
59086,0.11008684422502671
59087,0.06423999493223204
59088,0.1035688037759706
59089,0.14796606097976572
59090,0.14708336101708605
59091,0.13518513119456033
59092,0.08133467670555562
59093,0.05877413490262445
59094,0.12506979935760634
59095,0.14676772881041056
59096,0.37310454134739396
59097,0.06276320174970672
59098,0.2715907422934679
59099,0.0455719494758272
59100,0.047446003210712226
59101,0.050776217833388586
59102,0.12961243403775677
59103,0.09054192045789441
59104,0.11352750192209016
59105,0.2550062250349875
59106,0.10576251100418338
59107,0.20579861671929275
59108,0.2878634507683109
59109,0.12070403915343163
59110,0.30875362277253315
59111,0.051420410194203785
59112,0.08533416799469885
59113,0.17914780501044775
59114,0.046697069403309505
59115,0.12966340430704884
59116,0.11424886886791381
59117,0.09984287127792922
59118,0.10949128466861142
59119,0.19706868302882272
59120,0.10006118999888008
59121,0.06785024749495291
59122,0.08161675218385252
59123,0.2593158934640465
59124,0.1176788826741644
59125,0.1404982087780668
59126,0.13883124345926784
59127,0.30382923642153314
59128,0.1186119222760839
59129,0.09801074894216917
59130,0.07315401458422612
59131,0.15690502074380297
59132,0.06950199273925857
59133,0.05462221311330019
59134,0.09471306413008283
59135,0.17902992817791838
59136,0.04322843719976944
59137,0.2108065394737067
59138,0.16317822633043505
59139,0.08201245470657513
59140,0.11273215639745714
59141,0.08329673811309503
59142,0.3740515339745829
59143,0.13258425815993727
59144,0.06994998975340924
59145,0.3437058925939108
59146,0.13888396486441595
59147,0.040234177267285724
59148,0.09141394564436764
59149,0.11915163051375746
59150,0.12041857306061353
59151,0.1070498660837483
59152,0.40239423565852606
59153,0.06857015443997605
59154,0.0671498702559771
59155,0.17170358802447336
59156,0.07924911402411747
59157,0.11680382381630633
59158,0.05369582618689709
59159,0.12259023645592654
59160,0.11171006018871665
59161,0.08274472089145479
59162,0.1433849888066905
59163,0.22743809898873224
59164,0.12186818583842329
59165,0.10238713028565855
59166,0.2012459416324775
59167,0.23608413773049652
59168,0.1441051832893936
59169,0.11974435218735036
59170,0.06887708125776927
59171,0.3102270601800215
59172,0.13048160203039152
59173,0.16844779454970682
59174,0.10413659616597856
59175,0.16387664286707596
59176,0.09821138204270556
59177,0.1632747570669748
59178,0.26900130346295203
59179,0.08322217102257405
59180,0.07855926043996128
59181,0.13101627369676447
59182,0.09935167709904866
59183,0.30611035946284476
59184,0.11129642719280267
59185,0.04609678121115636
59186,0.10226613132843285
59187,0.3436565547211036
59188,0.07813365287671728
59189,0.10056332267514541
59190,0.25962325636547107
59191,0.1962723354600831
59192,0.055623139718770684
59193,0.17077150714287856
59194,0.15157241532443455
59195,0.1090866551227682
59196,0.1242128407459971
59197,0.26807593529415946
59198,0.052161806114385124
59199,0.31773469465577114
59200,0.2799300253624398
59201,0.09652085664084144
59202,0.13117362191250093
59203,0.0809542729048035
59204,0.13626496882032094
59205,0.08998679054653365
59206,0.08380566813194153
59207,0.16430524824579174
59208,0.06441146141154404
59209,0.09821002333833875
59210,0.08968368149767912
59211,0.2901482283603954
59212,0.10690072425412663
59213,0.13774527329414402
59214,0.14153295465698612
59215,0.19180265980800149
59216,0.11482457864067007
59217,0.2106699736792693
59218,0.10829955414565995
59219,0.06122435406207646
59220,0.05402396235969922
59221,0.06074793592893113
59222,0.11653442898840692
59223,0.1989694313169793
59224,0.2726228424476759
59225,0.053688823821934566
59226,0.04460592146885909
59227,0.3756000303381784
59228,0.09216285121418791
59229,0.10273487792573974
59230,0.08874263478330983
59231,0.11195143052415354
59232,0.06422479155325651
59233,0.07856772496832416
59234,0.08499185835131046
59235,0.09234677172536598
59236,0.06244195485020803
59237,0.1919962844558843
59238,0.09785462571593588
59239,0.0734778233085226
59240,0.04300085630853605
59241,0.09169068568672711
59242,0.18157461525227106
59243,0.12919074561324598
59244,0.06873083961426815
59245,0.05709332632797845
59246,0.16908674331980145
59247,0.06236535632619298
59248,0.09148324576754321
59249,0.03725189344703942
59250,0.08686981156483078
59251,0.0662285831651382
59252,0.09932882265434023
59253,0.04584561054364802
59254,0.12965277382909302
59255,0.3850050948800098
59256,0.11170321859283584
59257,0.15547199953710542
59258,0.13940062095137354
59259,0.09278700405927803
59260,0.15761320008069538
59261,0.11134181504535598
59262,0.11753252843273065
59263,0.1436434178835209
59264,0.11131972072516265
59265,0.1076428281424482
59266,0.0994722377726995
59267,0.11029581981706497
59268,0.07884697116757536
59269,0.03651701105672444
59270,0.10921551606050776
59271,0.10950456958592722
59272,0.10337871957545257
59273,0.15298149441356784
59274,0.15704540238221107
59275,0.13971525868688534
59276,0.058814815032685604
59277,0.20922673869014857
59278,0.1837892750143636
59279,0.1250735785314368
59280,0.17975657139328152
59281,0.13348202312718943
59282,0.08135276933549263
59283,0.20476039075492158
59284,0.13548143449052938
59285,0.18842009844732155
59286,0.15492470898301644
59287,0.12230681071896636
59288,0.2629424018825402
59289,0.05343673897262981
59290,0.1926119689594981
59291,0.31127554063575946
59292,0.11190012437983336
59293,0.059747437175304105
59294,0.06557466616440166
59295,0.16993525579797206
59296,0.036593589787808245
59297,0.11454425856523227
59298,0.05870438369859721
59299,0.08750682532600719
59300,0.11517056407860547
59301,0.15892587541963624
59302,0.0666444722680391
59303,0.14820134305747074
59304,0.13682115523747948
59305,0.17526732525178704
59306,0.0744696387386943
59307,0.2823137207113307
59308,0.310752479611565
59309,0.05250388233020061
59310,0.3284829633009742
59311,0.14590429936754512
59312,0.12084626756544624
59313,0.12832378354871762
59314,0.0835801924914055
59315,0.1530350896925037
59316,0.14412034972661267
59317,0.08417432640698189
59318,0.1467823161210142
59319,0.10753518924677583
59320,0.09764430798580981
59321,0.11527101981029701
59322,0.2999971805617719
59323,0.20010273834192366
59324,0.045669922260733783
59325,0.08132016817582008
59326,0.27305600056311174
59327,0.2697457060928776
59328,0.18821285201686913
59329,0.2046158412668316
59330,0.44623013678406975
59331,0.09003484545596367
59332,0.08472771510112001
59333,0.06663347064520822
59334,0.04973578776523512
59335,0.07640496381158714
59336,0.056456304600339166
59337,0.13262997704829801
59338,0.10863389419895378
59339,0.13390205677393588
59340,0.10527755894059823
59341,0.1649425525897411
59342,0.15968220933937602
59343,0.15454555810510667
59344,0.18853530517636094
59345,0.18892186560579424
59346,0.15947357131919662
59347,0.13862203397532258
59348,0.05956454713545082
59349,0.10645113399498056
59350,0.13394446051482245
59351,0.06263061397440137
59352,0.06772655121688122
59353,0.10245698021112383
59354,0.17262702676463546
59355,0.07463233491078865
59356,0.14399257253534964
59357,0.1558641601367361
59358,0.1435835477759828
59359,0.20813114515584066
59360,0.17001618053653625
59361,0.14681361494809086
59362,0.23979420102509183
59363,0.1534518263443092
59364,0.05254684264720166
59365,0.16706132324322137
59366,0.2703916858108248
59367,0.1035406596070764
59368,0.08821761203663792
59369,0.20460471686146461
59370,0.2177441191388001
59371,0.05541864200943117
59372,0.09513014540251193
59373,0.2026669926691399
59374,0.11546436514275338
59375,0.173198848783522
59376,0.26230743759676445
59377,0.07666968628680404
59378,0.043547097051821554
59379,0.11754383894500932
59380,0.06905736676760353
59381,0.12583631477202117
59382,0.18828796211999355
59383,0.05961457009216509
59384,0.28266218481952915
59385,0.19066946533781345
59386,0.08974459658259458
59387,0.09257608706122356
59388,0.08478547726554488
59389,0.11630269168067353
59390,0.0839642824758152
59391,0.15699171356561104
59392,0.042136786854627274
59393,0.058020453126214004
59394,0.04779409259042832
59395,0.223570733636367
59396,0.12897918325638985
59397,0.11520253391741585
59398,0.0857478453902423
59399,0.04230950617488181
59400,0.11423618340029366
59401,0.1244113446977363
59402,0.13850130145561015
59403,0.07001240913890378
59404,0.3313665123676634
59405,0.0854983639225417
59406,0.07247552074665084
59407,0.14167945629424195
59408,0.12653917799051417
59409,0.12640766620879643
59410,0.07806657863875145
59411,0.1115159655689729
59412,0.11261566272330724
59413,0.17605924690370756
59414,0.1060784332257626
59415,0.1820053527026093
59416,0.26869281786507315
59417,0.03937225297105156
59418,0.058978480125248776
59419,0.10964200654260418
59420,0.06778593022532237
59421,0.046720745443614244
59422,0.09991554298562726
59423,0.22328326614542476
59424,0.4039803559191413
59425,0.25667972020804586
59426,0.06721020413820182
59427,0.06838846282990309
59428,0.09622166195053507
59429,0.13071761907505625
59430,0.137254833923737
59431,0.13263904527005954
59432,0.20186997535693227
59433,0.15139909868736656
59434,0.2882484802498442
59435,0.04813309330747954
59436,0.2051890294755511
59437,0.13700245462537128
59438,0.2770568561145504
59439,0.04106490561004491
59440,0.12886302135839814
59441,0.10437851827768621
59442,0.12112329503422962
59443,0.21224740774639722
59444,0.3542140602532555
59445,0.05935641732917528
59446,0.18332131140283453
59447,0.13120514312538548
59448,0.06306174962441417
59449,0.060127060636087824
59450,0.11409563407420976
59451,0.11488751276027033
59452,0.11294702999540344
59453,0.23150178253224407
59454,0.12016932865939489
59455,0.14562563696091435
59456,0.05279739206987556
59457,0.21147051871095396
59458,0.16429069526432222
59459,0.19713021956867588
59460,0.2980663015104193
59461,0.10133195065482732
59462,0.07357005841849465
59463,0.08249816283953576
59464,0.2515649555747288
59465,0.10577954435894238
59466,0.08250787528823798
59467,0.18918665871039636
59468,0.05284354216681514
59469,0.35193896096171906
59470,0.07073791941785784
59471,0.04712924299189717
59472,0.12270173815816413
59473,0.22759021272096455
59474,0.2821805301451233
59475,0.14447066856294521
59476,0.07260607563501797
59477,0.14906418603693677
59478,0.09885639835854763
59479,0.14519416381214087
59480,0.29939519523598795
59481,0.11814585126544616
59482,0.16840655349293684
59483,0.12499730123455231
59484,0.0909626951879311
59485,0.11692262691298991
59486,0.06083668974001755
59487,0.2209122411450198
59488,0.18409213132534896
59489,0.09724752324962137
59490,0.1705851515650499
59491,0.16897616022219752
59492,0.09387767328238412
59493,0.1628545156426424
59494,0.1290435886278191
59495,0.17664134626938785
59496,0.17389878898548075
59497,0.09567029320611403
59498,0.06955626076300803
59499,0.39468459958935004
59500,0.11328584133586823
59501,0.09612369598645497
59502,0.205673933162738
59503,0.1733688687895398
59504,0.29034582095680395
59505,0.14487832112643934
59506,0.12326539171251409
59507,0.0844843997042978
59508,0.25720458852663125
59509,0.05747544407928925
59510,0.061984592201632015
59511,0.053365558098869476
59512,0.074740771441514
59513,0.17393736257173525
59514,0.14337743728940322
59515,0.21360298991090054
59516,0.06999919330191055
59517,0.2936750375179101
59518,0.08062562571990978
59519,0.052766366277261285
59520,0.06511028862150493
59521,0.12233879394009162
59522,0.05718192374776179
59523,0.1204807207281956
59524,0.058898403245664664
59525,0.15030774549401593
59526,0.293283270316826
59527,0.16466626945302754
59528,0.2224778545690576
59529,0.08074600845869176
59530,0.2214206362112371
59531,0.07468117950640285
59532,0.21650156188892322
59533,0.04348304954778113
59534,0.14329446020192838
59535,0.11834629395646759
59536,0.14749108906623629
59537,0.0971532473536541
59538,0.10160075453046531
59539,0.06677415460902435
59540,0.14609737586522398
59541,0.34603753987625485
59542,0.10613485156426293
59543,0.07744516836836422
59544,0.4177955955292978
59545,0.19422334866103216
59546,0.18197177380732
59547,0.45724949452444863
59548,0.18937887306120124
59549,0.2820589385815651
59550,0.08212037219631685
59551,0.08084460439878563
59552,0.1106008493114762
59553,0.22436775088527522
59554,0.04165189562465651
59555,0.19469201182662998
59556,0.08340791713972223
59557,0.21560228461366934
59558,0.10853803113462099
59559,0.22595773062000382
59560,0.1166780171167357
59561,0.28522491116443605
59562,0.0476475808084926
59563,0.12512084932087186
59564,0.3810458289855548
59565,0.15047348585722398
59566,0.0572520233614054
59567,0.13852847943185434
59568,0.11854105823569437
59569,0.2578808744784381
59570,0.14954221609117213
59571,0.09741152476363163
59572,0.11156069750223233
59573,0.11561992772589677
59574,0.24978620713554098
59575,0.19640474733580415
59576,0.08456793135127313
59577,0.2790819892924615
59578,0.10353109308062317
59579,0.1512015433816375
59580,0.05532064819245573
59581,0.08390097457560622
59582,0.09718691690771676
59583,0.05501366290721318
59584,0.049170148146205024
59585,0.10694655919954098
59586,0.13161519976157726
59587,0.0921264874186127
59588,0.0899361819008503
59589,0.22622506699062325
59590,0.23756872282714875
59591,0.13036174092060387
59592,0.06570352364846564
59593,0.14909172715758218
59594,0.06529751111435646
59595,0.20006466003578857
59596,0.09679392653790102
59597,0.0780188348239934
59598,0.05015021679574097
59599,0.0954268026542473
59600,0.2939160612014859
59601,0.11187536121643009
59602,0.08331887385996871
59603,0.12754530582969092
59604,0.09856581688477706
59605,0.11989254950879961
59606,0.290104706034711
59607,0.25225636183183103
59608,0.14084003239149978
59609,0.16609182195510702
59610,0.10135953970023091
59611,0.11032017821984863
59612,0.1272340245756441
59613,0.3089779492992539
59614,0.10959690624381062
59615,0.07955099274840864
59616,0.05914224961718109
59617,0.20423780781519432
59618,0.19974633809509013
59619,0.12222803217113226
59620,0.1380311159849083
59621,0.15013635837459233
59622,0.10010882489955202
59623,0.40234322247646176
59624,0.06663471774704077
59625,0.06593466547393562
59626,0.11774999942644662
59627,0.19256087386302895
59628,0.07555027453005594
59629,0.10159231661420208
59630,0.12522143114985007
59631,0.051420239401086795
59632,0.18032576280082793
59633,0.09969067318437465
59634,0.05875226807551673
59635,0.05107553463952051
59636,0.08062075714287496
59637,0.1357814081973359
59638,0.19544256345562816
59639,0.060128840984701934
59640,0.05515813314884894
59641,0.07827231905958452
59642,0.11915658959693916
59643,0.16514061234505223
59644,0.14786567069339285
59645,0.16704582814671434
59646,0.08360818180220073
59647,0.3108106808538238
59648,0.27113244661132757
59649,0.16939619293231542
59650,0.1717211234137261
59651,0.14766145591928426
59652,0.15282403443058257
59653,0.12132675760392557
59654,0.24712197938866592
59655,0.2935275295702538
59656,0.12617391783683782
59657,0.2405597688970231
59658,0.06643851255922271
59659,0.08256097384983001
59660,0.10002656974971004
59661,0.2112153479235981
59662,0.16079366053127256
59663,0.13992101848307573
59664,0.07354283942989125
59665,0.10027080000263101
59666,0.14217130893832086
59667,0.08113645133636432
59668,0.09624203689982684
59669,0.09118801073103298
59670,0.29306250409937545
59671,0.052492368270499024
59672,0.08554183301552812
59673,0.14202507091098757
59674,0.06351676859456418
59675,0.06978117243861354
59676,0.1552457162071947
59677,0.14469913582770505
59678,0.26109314960873287
59679,0.09222420037520408
59680,0.11648317289343495
59681,0.06035899962967825
59682,0.11999870267592301
59683,0.21043645399227776
59684,0.09709185780512246
59685,0.20558357738732555
59686,0.0737811664665498
59687,0.07972233734831123
59688,0.06607549168437392
59689,0.04903521488151394
59690,0.21844718092205856
59691,0.08218552131545406
59692,0.06678424578819496
59693,0.18748631405358693
59694,0.20428714463267417
59695,0.11614255736583234
59696,0.33999475877722846
59697,0.16334833319367392
59698,0.10693786285227411
59699,0.1513929820372835
59700,0.17524177336665858
59701,0.04636525858482542
59702,0.09432573379570741
59703,0.13300001394425334
59704,0.1279744288284339
59705,0.06612325685904326
59706,0.18700497403209046
59707,0.3418412745803596
59708,0.11622604755046738
59709,0.2756398724822195
59710,0.11657734333495166
59711,0.16878758305265829
59712,0.1492304030301725
59713,0.085459414509913
59714,0.04848507345356193
59715,0.19900566187134852
59716,0.06644537931037353
59717,0.09167611790667772
59718,0.07725823614931938
59719,0.041260448330423805
59720,0.19769967171028857
59721,0.06710420825024727
59722,0.1276180966627291
59723,0.04867394365299729
59724,0.1333628969363004
59725,0.10492043559086733
59726,0.07536952623337935
59727,0.4749805375803108
59728,0.458097960675117
59729,0.3459600505111192
59730,0.18133485032457236
59731,0.27286439546924446
59732,0.04924952118844584
59733,0.04645576555139102
59734,0.269828837641419
59735,0.07540709603577514
59736,0.2169589316461086
59737,0.07255013012987746
59738,0.2326467556681857
59739,0.21947088181957475
59740,0.06341515967559355
59741,0.12363214335331182
59742,0.16981264630495782
59743,0.06881933805475561
59744,0.04153590418156223
59745,0.2806802372728118
59746,0.20889835374209118
59747,0.327005389730427
59748,0.2882080587793245
59749,0.15731223176205755
59750,0.1699784649422672
59751,0.15512382319791143
59752,0.1203533583359488
59753,0.22246942936250388
59754,0.08469941681063152
59755,0.14940977079841353
59756,0.04235710472814837
59757,0.41493849972330654
59758,0.14062765417639356
59759,0.14495603700272042
59760,0.08832122832763446
59761,0.08051656437310124
59762,0.18308340116460403
59763,0.18167923028124006
59764,0.12823723274159451
59765,0.18034832641230952
59766,0.18714948602309042
59767,0.06315740502401286
59768,0.15010590169751384
59769,0.07973302565667809
59770,0.10320646475875347
59771,0.16721047887896903
59772,0.07891506616119436
59773,0.10436433187604219
59774,0.1729163209792775
59775,0.1469810379314273
59776,0.1338693877512465
59777,0.053616607074511005
59778,0.1143473659744272
59779,0.08585544257374116
59780,0.13694978951421308
59781,0.06592881872080297
59782,0.05845391298200115
59783,0.0962570251828474
59784,0.1469971026554647
59785,0.24554969996236053
59786,0.12440317200340277
59787,0.13428307497650704
59788,0.05839055828651524
59789,0.06002468752088351
59790,0.05539965916655026
59791,0.11901613355750693
59792,0.13628847892572787
59793,0.31236819285972883
59794,0.2741045041283237
59795,0.240053626387279
59796,0.0938647144460681
59797,0.13751415887485074
59798,0.09430719650869808
59799,0.08362626564422962
59800,0.1731086283914134
59801,0.09876148177444938
59802,0.4055379539362443
59803,0.18803024325889547
59804,0.08809869924902185
59805,0.28733083355156824
59806,0.13353669835873433
59807,0.10785176509137656
59808,0.18335175404485882
59809,0.22354891761171858
59810,0.11043778950885816
59811,0.06665334170883716
59812,0.15520539312625076
59813,0.1470825676502982
59814,0.05408113054785351
59815,0.0791912911815268
59816,0.2740094637802085
59817,0.050052753465709574
59818,0.09495847747009697
59819,0.07635957738456106
59820,0.2680929506591537
59821,0.20079832438548317
59822,0.515732970823365
59823,0.356038807831551
59824,0.15530570250783177
59825,0.22203114735619747
59826,0.18705993752631914
59827,0.16574628199125865
59828,0.2596354465249062
59829,0.07467831115659342
59830,0.11668788187509306
59831,0.12343233589401255
59832,0.2164150283259822
59833,0.18420298399826252
59834,0.08228482681515306
59835,0.10398787341617531
59836,0.25879850960932954
59837,0.26980087700429617
59838,0.18132605437221472
59839,0.10682395642940258
59840,0.276673139589262
59841,0.059475042933326824
59842,0.046782915483663964
59843,0.040705728035363486
59844,0.10883967771767929
59845,0.04156713175723137
59846,0.07954717534259255
59847,0.17785836243734965
59848,0.11603941269240302
59849,0.25590173621888157
59850,0.14685294522991518
59851,0.14030311713950394
59852,0.10159353326208614
59853,0.09001918282927239
59854,0.16972472647123413
59855,0.2667603988668604
59856,0.27658558587825627
59857,0.13675502108148357
59858,0.19168364303831073
59859,0.20070813142851537
59860,0.06844569943353768
59861,0.04960197251675304
59862,0.11400529519910373
59863,0.03788750653158097
59864,0.15256808118852278
59865,0.10004537942413154
59866,0.31807592751883956
59867,0.29240643063170085
59868,0.09661409712636569
59869,0.26143366137516105
59870,0.10806676410868672
59871,0.10263481054018878
59872,0.09246672697709912
59873,0.1439618481004309
59874,0.11763202072299633
59875,0.1477831591558042
59876,0.05208149232962466
59877,0.10331675061870993
59878,0.04837081008976825
59879,0.04130175906219437
59880,0.16098178643550337
59881,0.13101444486538744
59882,0.3275361182960591
59883,0.2873295036299699
59884,0.07419071800816553
59885,0.35287893914280877
59886,0.1192837448702381
59887,0.07891500707607595
59888,0.11145266925334547
59889,0.12132304948154064
59890,0.06079892077187563
59891,0.07559667419344668
59892,0.08969657300260794
59893,0.03944961030076008
59894,0.11196681601940123
59895,0.06583520568779869
59896,0.1365516229761302
59897,0.2552492872407173
59898,0.042631137993276724
59899,0.19234390145792105
59900,0.1555859201646066
59901,0.17322024342892905
59902,0.0767044996953754
59903,0.16385421347027668
59904,0.060156508162681026
59905,0.05530344700646318
59906,0.273713128165909
59907,0.25041994523390354
59908,0.12738153425190749
59909,0.10105470399356814
59910,0.04762843461472846
59911,0.16083709145975614
59912,0.11817668469959461
59913,0.0706556662062984
59914,0.088525403204102
59915,0.1830890024195205
59916,0.06284742429636599
59917,0.11107359549262451
59918,0.104831843747454
59919,0.14589493198295092
59920,0.09367679202076898
59921,0.12909964994225548
59922,0.32735621463192344
59923,0.128415115772974
59924,0.10888034651373298
59925,0.05821411159562862
59926,0.15330039518912952
59927,0.10417238281791329
59928,0.060712699401248564
59929,0.07011678668023813
59930,0.12615746924711208
59931,0.11880277253203636
59932,0.10627747274381523
59933,0.14733298497540737
59934,0.08633642102206068
59935,0.24273222438171288
59936,0.09622306956925793
59937,0.1012424333606035
59938,0.050335817917056096
59939,0.07983739366458557
59940,0.31716915764608766
59941,0.08724344487235802
59942,0.2650241617508529
59943,0.09579089092856712
59944,0.08209682067216324
59945,0.07346809970246507
59946,0.11156171976950517
59947,0.08152879004366737
59948,0.07431386329944524
59949,0.08829844434624991
59950,0.08546701489624697
59951,0.07051169658929181
59952,0.04908943820649429
59953,0.08718514505565544
59954,0.052581525384987046
59955,0.07532730530853012
59956,0.07170263561671979
59957,0.14469728377680519
59958,0.17088154688296883
59959,0.12056750757650234
59960,0.07981865496108904
59961,0.09148317970127243
59962,0.08663503293611481
59963,0.11360187199948245
59964,0.0723580598290302
59965,0.05773450235338782
59966,0.378853569461714
59967,0.06682423245602737
59968,0.10821788081359038
59969,0.078522567386501
59970,0.17277363945355545
59971,0.10263271788952141
59972,0.11546581093856124
59973,0.27676445661184246
59974,0.09164575463985809
59975,0.29612329933423387
59976,0.0649659593449154
59977,0.06738161466218778
59978,0.0572051283563393
59979,0.12181819398580095
59980,0.03356922226921335
59981,0.09277754396185997
59982,0.11577976251379167
59983,0.09546088358033825
59984,0.07271265485886526
59985,0.17537647231119619
59986,0.164861245225484
59987,0.10774936981542255
59988,0.07757504419473099
59989,0.10302131002276789
59990,0.04854154227656103
59991,0.054119479280198564
59992,0.06986171946179891
59993,0.10133792461529835
59994,0.05672788687558033
59995,0.18922881358973584
59996,0.07439869856644339
59997,0.11207219100727042
59998,0.19654890652626272
59999,0.07719879273383908
60000,0.07648115109296022
60001,0.11264311517869759
60002,0.10606452705054131
60003,0.1346155970686749
60004,0.05282406197188701
60005,0.14611951016910668
60006,0.04817720338133839
60007,0.2808284051133353
60008,0.07269969494419962
60009,0.13333319726310083
60010,0.11536359069599843
60011,0.2987519561427646
60012,0.1375887219583113
60013,0.1302884453284846
60014,0.10734936672918907
60015,0.12450680460081966
60016,0.10036761581871166
60017,0.06916716678001907
60018,0.05404467814969683
60019,0.07377580337130266
60020,0.07080020366812674
60021,0.08973673489925782
60022,0.13982752246019967
60023,0.14695391715369646
60024,0.09197651576340068
60025,0.0590792079775297
60026,0.06593773953156688
60027,0.11464014951852533
60028,0.11039027772860505
60029,0.04284187853033617
60030,0.4022461925348994
60031,0.05179481962113525
60032,0.23311470808265172
60033,0.07281969515720031
60034,0.07279024858932162
60035,0.0888562464799656
60036,0.08660561676273175
60037,0.037767569299305255
60038,0.13937662722912894
60039,0.08547693513148782
60040,0.06789486778660572
60041,0.0803648381906855
60042,0.06238756310205452
60043,0.1379356408966358
60044,0.0758658978064477
60045,0.08177885323713603
60046,0.0528859077474127
60047,0.12853873510373579
60048,0.24604437075416144
60049,0.21610745574460907
60050,0.12659965792037206
60051,0.12873850912721355
60052,0.11599953785195989
60053,0.14475202066211412
60054,0.12330278426144686
60055,0.08809708698599567
60056,0.11594918883493008
60057,0.1642030453952792
60058,0.07723643210403061
60059,0.1449037213242026
60060,0.22316263026252717
60061,0.060157608293555535
60062,0.2746191786609388
60063,0.15446792115781668
60064,0.33299470996479275
60065,0.10493090486544368
60066,0.1472316627662697
60067,0.04015571494305686
60068,0.27243909138918904
60069,0.06463171942104207
60070,0.06323362235307492
60071,0.25738497769136737
60072,0.07927563180559764
60073,0.09964056034516516
60074,0.18923053048288999
60075,0.06894398321965024
60076,0.061298962148047476
60077,0.05349567020854337
60078,0.16870084149385278
60079,0.17472432165271815
60080,0.10106198229551988
60081,0.09259994244098753
60082,0.12906745853816368
60083,0.14291083106688418
60084,0.14553788828546246
60085,0.07381652703680908
60086,0.3246831435777528
60087,0.15768260817988006
60088,0.14934020478513935
60089,0.11077538802603486
60090,0.1470724832440012
60091,0.06602339104458074
60092,0.09117162629136356
60093,0.16782906763941355
60094,0.23260709567454158
60095,0.05046203094511296
60096,0.4738444215517345
60097,0.07434816902198553
60098,0.0778673457935517
60099,0.12203927280969265
60100,0.12086818700028745
60101,0.09977715343166414
60102,0.1634835860530619
60103,0.13978408390111804
60104,0.1323869294495802
60105,0.3770845453551868
60106,0.14116801827891354
60107,0.23306973677996617
60108,0.2518568488463119
60109,0.06873333792486426
60110,0.06536630119505966
60111,0.12920597610126897
60112,0.12134375836149099
60113,0.09041108534683659
60114,0.1453257499960908
60115,0.28500244357940246
60116,0.16734362481177437
60117,0.05496339757270279
60118,0.08132263589214607
60119,0.21304765751291282
60120,0.37432603344185084
60121,0.0995897894500455
60122,0.11866719563073568
60123,0.09063614213929193
60124,0.125176328796333
60125,0.16704128081666583
60126,0.12572988945356206
60127,0.06492594037720945
60128,0.05572556154090392
60129,0.04775609739952878
60130,0.15927878232610576
60131,0.1107326853792493
60132,0.24490661856612825
60133,0.0886037409401507
60134,0.05132869587537057
60135,0.11532602444051471
60136,0.07617431594164537
60137,0.10799465809896854
60138,0.13543036108578518
60139,0.22853510219212692
60140,0.06418392689865049
60141,0.12395947573883195
60142,0.14490418146435474
60143,0.10880284761596316
60144,0.14506802466321983
60145,0.25732856092786377
60146,0.04520123730958367
60147,0.11301536821672208
60148,0.07588434012172843
60149,0.10303660173330183
60150,0.05116306931986727
60151,0.14575513722657726
60152,0.13198735431249195
60153,0.06192012537376007
60154,0.15109765703214023
60155,0.12271100431672961
60156,0.3021472760374348
60157,0.09793738942122486
60158,0.11269821778293969
60159,0.042364703331355814
60160,0.06420598343118007
60161,0.0908077515921669
60162,0.18415197309501805
60163,0.10104755748976209
60164,0.07896226491698395
60165,0.06193942800333184
60166,0.11532299026893875
60167,0.13588716812037066
60168,0.11214914345279303
60169,0.1075993817913647
60170,0.22287264868796045
60171,0.10448332455164813
60172,0.09455143521532401
60173,0.10007473904232522
60174,0.0836897927571404
60175,0.16098034641691084
60176,0.20004003408917478
60177,0.1845062817402489
60178,0.11203522493278316
60179,0.09918038528798959
60180,0.08999987583085864
60181,0.09183832888643476
60182,0.06665409362315029
60183,0.09321565776531968
60184,0.044468542101913
60185,0.27928990051274505
60186,0.07073330504342065
60187,0.08196382176993013
60188,0.10129006575236
60189,0.18115919863255847
60190,0.18334015750657084
60191,0.1072399065753331
60192,0.07850525657554033
60193,0.06155750657948618
60194,0.1520718012199377
60195,0.08468751880506675
60196,0.25559994667207053
60197,0.10831261465655526
60198,0.08665945940364923
60199,0.432971820203215
60200,0.11464406170337425
60201,0.11153423503587688
60202,0.122746473504769
60203,0.10015167234130878
60204,0.17134208146774915
60205,0.1418460419235785
60206,0.07560733159459614
60207,0.05337773206316654
60208,0.0852907162981366
60209,0.17636877959920205
60210,0.05752923001202091
60211,0.27316143410793237
60212,0.09658920243367954
60213,0.10026909915702166
60214,0.15626370931801442
60215,0.07272114848280163
60216,0.34414769862950145
60217,0.11284391366516036
60218,0.11302840572784374
60219,0.11173430323257594
60220,0.243853185127123
60221,0.13421233683937234
60222,0.14764796922285478
60223,0.3077261394580925
60224,0.1213777253449875
60225,0.15546466446708543
60226,0.19556532013572664
60227,0.18813650717431868
60228,0.2003137451447467
60229,0.050269573982348714
60230,0.07998874697554473
60231,0.11324609232639832
60232,0.10693934732644739
60233,0.16060967652160715
60234,0.11602365026580128
60235,0.0707354290502334
60236,0.09732345849834115
60237,0.234979232297571
60238,0.19481142746558672
60239,0.09377384075719256
60240,0.23563043197021802
60241,0.12047556474938194
60242,0.23404374237072054
60243,0.28884352778524425
60244,0.12213295371495521
60245,0.12289275052858488
60246,0.1408238167980512
60247,0.11733833567184686
60248,0.11382728303503134
60249,0.056605917027687504
60250,0.34415718447646115
60251,0.06307084750607639
60252,0.06648651077697836
60253,0.315794338194511
60254,0.09608720469488657
60255,0.12702433372234642
60256,0.174544122749491
60257,0.13454181102347149
60258,0.11446221629767049
60259,0.15230121101213823
60260,0.07807600872364125
60261,0.1320802193269675
60262,0.12160060523233934
60263,0.056677430554604516
60264,0.19164411304451195
60265,0.11872385831699606
60266,0.1101715769953627
60267,0.15860990623825044
60268,0.11444863640973754
60269,0.083269164007825
60270,0.11506412048471704
60271,0.23144944726578076
60272,0.05770239280941948
60273,0.19095899870412708
60274,0.13475572587513138
60275,0.05714966522739064
60276,0.06023165574092944
60277,0.05733825081974614
60278,0.09581345601324366
60279,0.1672825048654069
60280,0.19985574203143494
60281,0.12294221640645668
60282,0.05374646393839657
60283,0.09337777374765345
60284,0.08733700067753858
60285,0.06451021133603259
60286,0.05742818476202763
60287,0.17031464557554646
60288,0.0707418706241843
60289,0.0534038678987114
60290,0.25352214674119883
60291,0.2606068157720064
60292,0.19069193108263938
60293,0.08331778345167301
60294,0.09043553955382598
60295,0.08801283701558135
60296,0.05207659378562217
60297,0.07704210284226862
60298,0.049308311118955284
60299,0.07523068221080818
60300,0.13418581612459302
60301,0.08236150668931223
60302,0.09359512065792258
60303,0.14535097426739008
60304,0.12553404576156463
60305,0.15571488634877054
60306,0.1842061234031062
60307,0.044709560028863275
60308,0.06778735178769407
60309,0.06956433166151202
60310,0.12267893476164664
60311,0.15289013574494392
60312,0.11086761546827037
60313,0.11587983840137234
60314,0.21155429452634178
60315,0.37904447450707773
60316,0.2692823394465237
60317,0.08705777353560781
60318,0.1291530391121605
60319,0.05234735518158754
60320,0.16777826935263987
60321,0.10384525907374302
60322,0.04708468051024243
60323,0.21693819259303043
60324,0.1328198681506872
60325,0.04570992323418985
60326,0.16557415901424052
60327,0.07368933111273954
60328,0.25216549528242815
60329,0.12946279096062605
60330,0.13400072493947507
60331,0.11170399915818939
60332,0.04828797312005433
60333,0.2043250720103125
60334,0.1623882407437604
60335,0.06424278207261054
60336,0.11386191218870022
60337,0.15685888292835115
60338,0.11601987336723739
60339,0.11222627869086968
60340,0.15582268250747697
60341,0.25113509694856095
60342,0.10702695648728616
60343,0.5475591474396339
60344,0.09905791168667105
60345,0.06446024880064477
60346,0.33742103790482564
60347,0.06869876365064115
60348,0.16277894755284902
60349,0.2317019131616755
60350,0.11859981846210499
60351,0.05467411417861763
60352,0.10103443433723434
60353,0.12240737873941483
60354,0.12824732611054998
60355,0.1611731301273929
60356,0.09974087932568533
60357,0.306698991335631
60358,0.2502766464345372
60359,0.09901437738554887
60360,0.10501617780565567
60361,0.159181145784872
60362,0.11569141241376488
60363,0.05161055289015847
60364,0.05702370051519762
60365,0.19940499792264108
60366,0.04689493763404719
60367,0.0679906393484859
60368,0.1389306387096667
60369,0.08411684953310283
60370,0.05142659815450256
60371,0.0883406877842844
60372,0.2196067695591135
60373,0.2087114671400116
60374,0.4711622621084562
60375,0.10720563315326209
60376,0.1648065223346672
60377,0.26750469075464733
60378,0.16180972393038676
60379,0.15157446100920424
60380,0.44793798772739984
60381,0.15267884286214786
60382,0.06104030840454774
60383,0.0504580713120813
60384,0.10409403365088997
60385,0.25333096830419877
60386,0.15470282124427112
60387,0.08641857122418704
60388,0.05936946352338537
60389,0.043924450350061366
60390,0.13477165358265641
60391,0.17260886339851064
60392,0.2388424335491955
60393,0.09761522301383829
60394,0.18190537438785767
60395,0.11214699619762569
60396,0.0928717202760675
60397,0.0996503487969757
60398,0.21372125742385262
60399,0.14256269266272772
60400,0.07613339066794421
60401,0.11919854679961085
60402,0.06760879401828639
60403,0.08410271931051086
60404,0.05820603526955837
60405,0.21784660176237253
60406,0.1321442209555037
60407,0.07294226714529903
60408,0.06819172956658233
60409,0.05470974739202149
60410,0.08538177330003173
60411,0.10194743619490876
60412,0.07452666140667898
60413,0.13623523972291374
60414,0.10477390403823798
60415,0.15037670589580707
60416,0.05677831503538421
60417,0.16095038699938144
60418,0.10240560799709927
60419,0.19032161452602217
60420,0.09216719616109813
60421,0.28816774278981405
60422,0.11215023544281132
60423,0.13144990288617528
60424,0.3580827335267472
60425,0.12446890594065134
60426,0.1495966407263989
60427,0.18492775202152803
60428,0.1527251883923967
60429,0.06137741669201732
60430,0.1548472307773632
60431,0.06409635258225184
60432,0.1625926236345756
60433,0.09330481339147575
60434,0.1891551786769855
60435,0.09051125091203643
60436,0.09607983605345076
60437,0.08029937666081534
60438,0.06038782911410284
60439,0.051613051639950266
60440,0.0518616913667617
60441,0.14878979929851496
60442,0.26837198208471513
60443,0.27483061882589443
60444,0.07726130564745672
60445,0.06746554464009506
60446,0.046998589580094785
60447,0.08165962734694884
60448,0.20502937846890015
60449,0.07505121832042908
60450,0.1685946707745196
60451,0.07113210983864153
60452,0.12568742339559508
60453,0.12307060025684967
60454,0.10921951440580575
60455,0.0593232460699511
60456,0.10293859714158217
60457,0.17404112578381503
60458,0.1632634245389683
60459,0.11753524655711924
60460,0.09982399942122594
60461,0.19437021138748956
60462,0.08401832547896226
60463,0.2602479506757561
60464,0.19358381319248405
60465,0.04346817175235502
60466,0.17704881385777546
60467,0.16081937300986082
60468,0.05361051209390982
60469,0.05315298245223696
60470,0.05955705340795173
60471,0.08449186092892651
60472,0.10390248840564063
60473,0.11705515345058888
60474,0.12245394023234547
60475,0.09226671080136634
60476,0.10594872337426943
60477,0.22040436464365296
60478,0.1017238280218745
60479,0.046831288121529244
60480,0.06120016571939842
60481,0.061524323762839395
60482,0.07018519624748851
60483,0.1646872673806652
60484,0.0893154598163543
60485,0.05879760168665727
60486,0.3511665371415036
60487,0.20708318820353702
60488,0.0761751283059904
60489,0.09345344277867902
60490,0.11652013018498372
60491,0.07749413793469695
60492,0.10683414896684186
60493,0.06064867062286374
60494,0.12248722194251721
60495,0.11192791123920363
60496,0.10587786949168981
60497,0.15101656881386158
60498,0.14596049221116636
60499,0.1370786247296658
60500,0.12160226347453881
60501,0.08715418976304631
60502,0.1999732025885244
60503,0.10313121567531476
60504,0.0709876826767064
60505,0.17112674183846216
60506,0.20242338601419071
60507,0.07625445834873959
60508,0.13734628241704486
60509,0.35616912853351096
60510,0.1407639519273291
60511,0.12018788808183042
60512,0.051421423207417855
60513,0.11336957127633672
60514,0.10972952364530585
60515,0.07074492912910205
60516,0.0681491633144316
60517,0.3020809091930241
60518,0.12442130231558476
60519,0.1417108293441506
60520,0.07744273997632688
60521,0.08985957994066476
60522,0.04569925562553455
60523,0.12634162922147324
60524,0.3998367073903434
60525,0.12561071749197356
60526,0.07004835511265893
60527,0.1686483216316343
60528,0.33282442745651303
60529,0.10451433853869654
60530,0.1361330251968013
60531,0.06478617270317617
60532,0.24266378114560916
60533,0.17251787122463855
60534,0.10721593476703899
60535,0.10446015316828137
60536,0.35124698246091407
60537,0.10266447367457626
60538,0.08909615033380267
60539,0.18306973289920309
60540,0.08356963190319197
60541,0.09736236777774776
60542,0.05879244301784432
60543,0.11821152070627469
60544,0.09735292748053194
60545,0.10368644980075374
60546,0.3291835946664992
60547,0.13018374858087678
60548,0.2536563927180043
60549,0.17873110087876595
60550,0.11392046767922384
60551,0.12714841410372438
60552,0.2818915025062871
60553,0.39180245930376933
60554,0.07023330408967886
60555,0.11527907696071886
60556,0.10928449333884917
60557,0.1258846124556063
60558,0.14991139619702365
60559,0.18164564576247844
60560,0.06486565217812316
60561,0.12145615276863239
60562,0.05600159602112241
60563,0.05154585940002053
60564,0.05101702536494963
60565,0.3692867003931106
60566,0.056184119538002265
60567,0.1414255391443582
60568,0.22533067863143266
60569,0.06806265533780083
60570,0.11875532875932754
60571,0.2776438393218552
60572,0.05219970771161355
60573,0.04940012082662655
60574,0.06409854717366337
60575,0.07517510509850084
60576,0.1436497094864328
60577,0.09511086859994132
60578,0.29743426907091924
60579,0.2029478651938944
60580,0.13209883530992858
60581,0.09991043559527112
60582,0.07156175717471738
60583,0.30805391613791805
60584,0.1801097443018842
60585,0.14033872678257217
60586,0.05430432288127358
60587,0.09369896679556304
60588,0.12250756327575406
60589,0.22806064032447582
60590,0.13189107708458733
60591,0.1301546263007495
60592,0.12161734586454898
60593,0.16489210063966261
60594,0.04829608895617483
60595,0.09617075562469693
60596,0.06718231116710568
60597,0.12369338091260912
60598,0.07672122244048282
60599,0.26673485992278084
60600,0.1012879996256871
60601,0.0625736431474728
60602,0.1692782604734874
60603,0.1036983369618792
60604,0.10177666076340398
60605,0.04588138524617026
60606,0.12329671009717874
60607,0.09522716031264661
60608,0.41923793591561104
60609,0.07929343075111561
60610,0.2478307110052245
60611,0.44563101205376365
60612,0.06992297576420178
60613,0.07481365547231775
60614,0.12650315379805477
60615,0.1776618075602971
60616,0.10858327884584687
60617,0.15719283944727946
60618,0.08127579820949418
60619,0.11866836344862021
60620,0.22916848900697062
60621,0.0923465258944834
60622,0.08488199763092227
60623,0.12834531983319153
60624,0.3742010386757466
60625,0.051272194530473936
60626,0.2574693131315726
60627,0.09561992150738036
60628,0.18810529831137598
60629,0.238364351815083
60630,0.06114745900818378
60631,0.10673825894085187
60632,0.08703440973865165
60633,0.06443245944806325
60634,0.3286081321292497
60635,0.10526928370150411
60636,0.15710899494893082
60637,0.14171447283292157
60638,0.07994814637577091
60639,0.08516760050360793
60640,0.10935022981583135
60641,0.0493850791338926
60642,0.1053777008663684
60643,0.22534886912084373
60644,0.205873437054039
60645,0.15120985491950958
60646,0.12589223344013334
60647,0.11270889904236303
60648,0.06493808985616457
60649,0.14511141566047978
60650,0.18413487640058832
60651,0.27077716857344075
60652,0.2420073742932308
60653,0.055041637389970824
60654,0.11046475973437128
60655,0.06420360962543895
60656,0.1677484620264763
60657,0.10496598351018699
60658,0.1564853318187973
60659,0.08304689788009587
60660,0.18410383528280733
60661,0.10427047928660843
60662,0.06823512775603467
60663,0.11490865877986733
60664,0.04038444721586891
60665,0.16831189711385552
60666,0.2431423516492066
60667,0.06697928547856843
60668,0.15461623946520014
60669,0.29743224400251483
60670,0.13052383342748272
60671,0.1113803002144613
60672,0.26469607253247635
60673,0.10217647119509077
60674,0.09200072671720085
60675,0.12267394487959511
60676,0.07172577361351944
60677,0.04417366487999205
60678,0.3412980562156518
60679,0.19251901575579658
60680,0.16244186107368092
60681,0.10344514992983202
60682,0.07173816684028615
60683,0.15868226028633284
60684,0.11498507334495447
60685,0.11941852246661609
60686,0.10335408769287337
60687,0.051314412775306587
60688,0.08200996288045964
60689,0.14071578121412268
60690,0.14861072143429024
60691,0.09855749168158436
60692,0.12389495238130832
60693,0.17788348586712247
60694,0.18636514034921625
60695,0.12061811100265525
60696,0.125000313330307
60697,0.09447414451746897
60698,0.18762015134293147
60699,0.14998423396322494
60700,0.5090557167832691
60701,0.10131826162018642
60702,0.18613225168132153
60703,0.11363293234011639
60704,0.10905709340862103
60705,0.20417467701494774
60706,0.21830012590852907
60707,0.07440812805653718
60708,0.09132319014076921
60709,0.14272003248768803
60710,0.08788484999549309
60711,0.16228480152040428
60712,0.12555400747529016
60713,0.1137807865277977
60714,0.12225810718912854
60715,0.1275658740752196
60716,0.08638885590044099
60717,0.04887671159108091
60718,0.039633093234431295
60719,0.16095189708233695
60720,0.12070355335319975
60721,0.12782620980939483
60722,0.1570507365423522
60723,0.09299079339735174
60724,0.09480177535542633
60725,0.17403586729156156
60726,0.057634531456817774
60727,0.11673743025581146
60728,0.1322938142938392
60729,0.06635576651971371
60730,0.09974855579814389
60731,0.1594507343379154
60732,0.18083423614114513
60733,0.21293818524188834
60734,0.10231183064328897
60735,0.1402279801420897
60736,0.21389233103545438
60737,0.16753511776126032
60738,0.0943203996159933
60739,0.09062751550621717
60740,0.1033517246830317
60741,0.12778146580864305
60742,0.09316977128052327
60743,0.18592202992578227
60744,0.20615686408813058
60745,0.12035002080482379
60746,0.09261713586281578
60747,0.17155635878287134
60748,0.19869229623968948
60749,0.3296771807012213
60750,0.12009541617321756
60751,0.12567824958251653
60752,0.060822820960552804
60753,0.16197245696555154
60754,0.08449016134261338
60755,0.14902258275730332
60756,0.14160052347718877
60757,0.24144181548956348
60758,0.2872008976543088
60759,0.11117432666543874
60760,0.09328790252269108
60761,0.24501709373018327
60762,0.1788250319972745
60763,0.08919108579055722
60764,0.17077379703021023
60765,0.1020666963699174
60766,0.15177376711081322
60767,0.10632414194754398
60768,0.0689029153322006
60769,0.1138202955494028
60770,0.10350126948860129
60771,0.04231693510104939
60772,0.0486720713623157
60773,0.04644753441741789
60774,0.37245869361550565
60775,0.06224628052910643
60776,0.262305047452538
60777,0.08126860998354166
60778,0.1498100056994015
60779,0.16397598809412484
60780,0.14280563595571757
60781,0.055041060368714534
60782,0.08433516859776229
60783,0.2187472229444929
60784,0.10154372998395081
60785,0.13203341830669502
60786,0.1907337759523511
60787,0.1669201038913885
60788,0.05615736260394359
60789,0.04987748972740236
60790,0.13017715256159895
60791,0.16997813688745972
60792,0.14205108627198204
60793,0.12995348117762923
60794,0.05388768645598041
60795,0.08934032713999646
60796,0.04108042257530846
60797,0.35029346561529484
60798,0.1697211376605327
60799,0.11469230148942637
60800,0.061260792916496505
60801,0.11266104655068297
60802,0.053695341525405296
60803,0.11706464625734606
60804,0.1122148262458453
60805,0.06243060281561634
60806,0.3417149553084569
60807,0.2517632220328919
60808,0.21887575892721778
60809,0.11697043585332129
60810,0.16681253997487877
60811,0.13192873398329322
60812,0.1328951409742122
60813,0.10373932330149216
60814,0.06389652189652252
60815,0.2561239423854415
60816,0.3062694859751167
60817,0.06043369887460564
60818,0.04117846285039498
60819,0.09818863739081965
60820,0.045130624040280634
60821,0.11276894059660991
60822,0.30815226222328534
60823,0.0809572238131763
60824,0.11176595762083688
60825,0.12038946941307412
60826,0.42958189744840164
60827,0.06453682764156489
60828,0.07839358735308226
60829,0.14704805382118277
60830,0.29939565648446104
60831,0.04834989015616636
60832,0.15779475755243189
60833,0.10961528204610806
60834,0.11806996385735051
60835,0.12006918319561857
60836,0.19781535804432201
60837,0.12310578045344182
60838,0.09524086326609241
60839,0.2758079691114449
60840,0.20603276127115014
60841,0.11269739999120867
60842,0.3313061873371408
60843,0.0895903241870194
60844,0.28514324176614986
60845,0.10046346096988948
60846,0.11209105928209387
60847,0.12686726045649302
60848,0.13651327607973868
60849,0.06283728809840587
60850,0.22370628793718955
60851,0.2674769890733828
60852,0.12426409707195576
60853,0.07033078403030492
60854,0.13250095139647336
60855,0.0963170199039067
60856,0.1397704460563547
60857,0.19633598565346413
60858,0.12700435880250424
60859,0.09093900617400578
60860,0.08998599457933114
60861,0.138920108772017
60862,0.0894837346644737
60863,0.09802453219292792
60864,0.27772578849910723
60865,0.05329409600821766
60866,0.2844153393396734
60867,0.09800886947080378
60868,0.3648915248245212
60869,0.045404452829768176
60870,0.13254966386704192
60871,0.12336515967351755
60872,0.0876542361596832
60873,0.3803438573258373
60874,0.11135699494250569
60875,0.17572388046285664
60876,0.12565905757557125
60877,0.08406015389389754
60878,0.35793678017724717
60879,0.2093865238652655
60880,0.14782065907039463
60881,0.18511504553576094
60882,0.5111704602932379
60883,0.15546991321484038
60884,0.1307567519672362
60885,0.15623279645380997
60886,0.1590246432733583
60887,0.12358578227811359
60888,0.13636843063480586
60889,0.08365412990428421
60890,0.20107502130116847
60891,0.15520182260947374
60892,0.08806653291290287
60893,0.14583426277309722
60894,0.10970461445166223
60895,0.2608686212116368
60896,0.147310470549695
60897,0.06597386098301769
60898,0.21859747255754677
60899,0.19645591499458162
60900,0.17823430129968476
60901,0.05858066279731467
60902,0.1622611702916384
60903,0.08339737518811728
60904,0.1035428219771196
60905,0.07725554345557313
60906,0.08020273900489965
60907,0.14769049231051823
60908,0.1669745384160583
60909,0.3140404942615635
60910,0.06751529914684003
60911,0.24483299647518372
60912,0.06569320359743616
60913,0.09504564082600095
60914,0.13082104313935575
60915,0.05523985540491477
60916,0.10072230161181411
60917,0.06241308632653156
60918,0.15546493787197632
60919,0.2935245364603229
60920,0.03498237282501008
60921,0.18020604992005856
60922,0.12434161278941629
60923,0.08898231668078341
60924,0.059108224659253125
60925,0.0585347996254496
60926,0.27265932145945565
60927,0.10688905669049545
60928,0.12194889964891044
60929,0.14249517210674154
60930,0.10338869504559248
60931,0.12460181933844747
60932,0.20397271478712733
60933,0.0830719955354769
60934,0.06849021445862338
60935,0.10002127873871015
60936,0.1131512669348766
60937,0.10507848693925442
60938,0.16806844805959392
60939,0.07699582625447104
60940,0.1931621339574235
60941,0.22391926208827023
60942,0.322144444885588
60943,0.12222878152410102
60944,0.11250851148017008
60945,0.12253438028378841
60946,0.09860764690267208
60947,0.06246536410281754
60948,0.04437214374293303
60949,0.08455479015187477
60950,0.27519099693805804
60951,0.1116672855666992
60952,0.10602409912172982
60953,0.07547281817668391
60954,0.09832507050282728
60955,0.05165547382099894
60956,0.04721342181300208
60957,0.09464441966990918
60958,0.12415231568113917
60959,0.13095784587239367
60960,0.1431198633120584
60961,0.11302833500992594
60962,0.06775468142593585
60963,0.10379264073705079
60964,0.10763788441998572
60965,0.10218857733180917
60966,0.12534138312488133
60967,0.13138223109239974
60968,0.0392893590633022
60969,0.2428529565813976
60970,0.10899863735973746
60971,0.11936648993809836
60972,0.3000641580166074
60973,0.05531422421716516
60974,0.05309718972495627
60975,0.10723309162450582
60976,0.15225879208313892
60977,0.12105291544862751
60978,0.04059573908153776
60979,0.11354259878572368
60980,0.17637266621611578
60981,0.07428910425766937
60982,0.11579370828623545
60983,0.1668915049467816
60984,0.1717598844146989
60985,0.1391037687064051
60986,0.19632454384847853
60987,0.3139482595693142
60988,0.23515973471332047
60989,0.34114459805082636
60990,0.3365350041891012
60991,0.09700148544004557
60992,0.08311694643672513
60993,0.06271710390986789
60994,0.14580570664949558
60995,0.06818043229492442
60996,0.12467851677945556
60997,0.09787569684329539
60998,0.10120725108653737
60999,0.14488592035474718
61000,0.08425074982920416
61001,0.10577804821060142
61002,0.128573444262875
61003,0.08852992419730404
61004,0.16663842613596702
61005,0.17188712918237245
61006,0.09915004811752895
61007,0.13222895230778775
61008,0.08763384797898242
61009,0.4133817533215443
61010,0.29264595767788976
61011,0.1338955838352757
61012,0.07035474173722164
61013,0.07075443824952776
61014,0.10615667187392387
61015,0.16644032465496694
61016,0.05645602843386453
61017,0.14669069747625912
61018,0.06576001169197265
61019,0.08609638854799555
61020,0.07473725119770443
61021,0.12545607014478982
61022,0.07966376671798749
61023,0.043924641955823365
61024,0.30914151053002364
61025,0.13095362681872008
61026,0.15158412670729252
61027,0.15151597170558193
61028,0.09410996273974205
61029,0.044302526753126736
61030,0.347791506842421
61031,0.08801754036916522
61032,0.13343974196722497
61033,0.26402470056648836
61034,0.12081593321807357
61035,0.0635081389797609
61036,0.1313717888470801
61037,0.1379617004339034
61038,0.08848149935845684
61039,0.14343505800833004
61040,0.06534666275058072
61041,0.14708074819210237
61042,0.0762151290636722
61043,0.2838193765489644
61044,0.24360149750890114
61045,0.27863737476288913
61046,0.06514408046866461
61047,0.07564741747243005
61048,0.09025075250189835
61049,0.12607195019999798
61050,0.1385891677532791
61051,0.19736335429696153
61052,0.1432345528320135
61053,0.08844259852802891
61054,0.10914300233747479
61055,0.1907575621129385
61056,0.32031748077165023
61057,0.12210974201000789
61058,0.09361414166078648
61059,0.10777680430433671
61060,0.18520713479397227
61061,0.06144551981307458
61062,0.31522728941097666
61063,0.07448596699652299
61064,0.11866973428294511
61065,0.12189835502636553
61066,0.1175638043350353
61067,0.09529201516460414
61068,0.334057659267888
61069,0.12252196034949973
61070,0.13586415324299939
61071,0.0462454042416193
61072,0.15821511122571486
61073,0.07314241009044645
61074,0.11423648652898392
61075,0.09083213223639662
61076,0.10291165595183076
61077,0.11504096879347903
61078,0.10779729816219767
61079,0.05436537346494621
61080,0.08263216376326463
61081,0.31821926658664224
61082,0.10433506114159702
61083,0.05696337914914989
61084,0.08906295400496783
61085,0.08490328349516027
61086,0.16289377816733167
61087,0.09789214014542433
61088,0.09556097443104393
61089,0.11676596220230108
61090,0.3726598935104178
61091,0.4197388230277234
61092,0.06955889595571305
61093,0.14324265274597137
61094,0.09102155492639047
61095,0.4487410483537163
61096,0.09092265997640758
61097,0.13529925528195402
61098,0.14748109284038727
61099,0.2768315370725287
61100,0.04660684005987886
61101,0.27524936746482553
61102,0.1381082047003206
61103,0.032038628821747815
61104,0.1647788958732512
61105,0.13367853116081643
61106,0.08397225184730042
61107,0.17008256802814176
61108,0.11501843061130591
61109,0.40542316851839116
61110,0.06291181247145956
61111,0.05560361063073722
61112,0.3789903013636164
61113,0.15219497602430943
61114,0.10270132624173792
61115,0.0874227893268129
61116,0.10030008532671252
61117,0.11809526229258138
61118,0.07271861877436474
61119,0.14157485561195765
61120,0.09061256105371976
61121,0.1003149648419441
61122,0.17962512533462402
61123,0.10322683245557689
61124,0.22115826320914342
61125,0.053392731939091845
61126,0.1375531384503266
61127,0.13360679180191204
61128,0.20704243401291444
61129,0.10393716504051362
61130,0.09677566546490488
61131,0.21840613454991975
61132,0.17453851934355638
61133,0.17598730638367954
61134,0.10071965527868626
61135,0.32695271376044066
61136,0.17793009707633195
61137,0.10785208669868908
61138,0.10023669214944578
61139,0.045089046528342815
61140,0.19453775784503657
61141,0.16112306360491768
61142,0.08230892317641907
61143,0.10383138284796249
61144,0.3323405277080732
61145,0.2984076257513472
61146,0.12461186461367714
61147,0.22068983590754668
61148,0.1382135745977184
61149,0.27745532707456233
61150,0.15242716414133095
61151,0.08449763255344162
61152,0.0654669591896791
61153,0.0819420030887849
61154,0.37970929861294767
61155,0.11225855145057109
61156,0.26625272246007475
61157,0.31110642943694417
61158,0.1793017711907322
61159,0.1012481088969071
61160,0.1345748540663343
61161,0.058387222358793525
61162,0.07245636855312153
61163,0.07994115074212393
61164,0.07362460967667546
61165,0.22819402154844634
61166,0.06976080706079905
61167,0.3259168411523034
61168,0.25834713332134523
61169,0.11443249643558152
61170,0.07728113607768089
61171,0.126602525797604
61172,0.18894780131583364
61173,0.09914643495871166
61174,0.15210504880336587
61175,0.1497821725557862
61176,0.07078994155499685
61177,0.174644217159488
61178,0.08854166263147699
61179,0.09119502669941988
61180,0.28398969950139097
61181,0.15745637942422527
61182,0.12354744299957833
61183,0.05056052940686597
61184,0.13364812755624067
61185,0.14592380361715213
61186,0.08328002698655682
61187,0.1372766663684166
61188,0.05573758035483448
61189,0.06819095920824005
61190,0.32553461569734254
61191,0.20438478092803045
61192,0.12097587799588103
61193,0.11029434549512689
61194,0.11141383349181024
61195,0.1784900768270538
61196,0.34815686739714413
61197,0.05495722428390447
61198,0.06712959426461051
61199,0.13485016059711075
61200,0.3278318063640184
61201,0.08096424169604187
61202,0.14328768138277906
61203,0.0891921185532373
61204,0.10802119497401157
61205,0.15099782026844585
61206,0.1599375781131338
61207,0.34980628486728665
61208,0.07662517782735687
61209,0.12429628978810964
61210,0.17842267775903967
61211,0.08054649201517304
61212,0.11799382978654789
61213,0.08139361037373521
61214,0.10800248180380884
61215,0.26068698962228154
61216,0.07211214597471949
61217,0.0851180101171617
61218,0.0891270695468742
61219,0.21998804378495068
61220,0.12789828365811187
61221,0.43426297300412986
61222,0.08435426044697623
61223,0.12421338078247024
61224,0.04401335817069525
61225,0.06501674797854655
61226,0.33591960023245865
61227,0.1997110383018696
61228,0.10155805070969698
61229,0.08756727048783804
61230,0.06867402852532509
61231,0.11353895852853314
61232,0.07842017421355266
61233,0.11986326800832248
61234,0.06849340764670399
61235,0.07635006902968265
61236,0.2118011106526625
61237,0.17524880144972535
61238,0.08691121148018999
61239,0.03917145830072706
61240,0.06812071956259447
61241,0.14254783611804528
61242,0.1413060217049174
61243,0.31252618892849343
61244,0.11790407075193789
61245,0.13787738394843863
61246,0.044132531248940995
61247,0.119704235694756
61248,0.2997561736006668
61249,0.13428842513075015
61250,0.27379977956215473
61251,0.06249146436118953
61252,0.3145317820625625
61253,0.07250923683586356
61254,0.10006059369696303
61255,0.2623137756045685
61256,0.059669277136453584
61257,0.14152061515192657
61258,0.15996894531504344
61259,0.08038312825865454
61260,0.07150529224876596
61261,0.10704351704710204
61262,0.14149945295136007
61263,0.1545060924382008
61264,0.0785279097716899
61265,0.11010842187576134
61266,0.2377107384696
61267,0.07983382012405617
61268,0.19723146064407748
61269,0.10637634546099094
61270,0.052938791908336086
61271,0.13534242919520065
61272,0.19952417809949569
61273,0.1165379206317707
61274,0.12446176883443023
61275,0.17849314139665318
61276,0.12706942247666364
61277,0.04875580622037488
61278,0.05760457497122083
61279,0.08980827414107334
61280,0.12745431711896577
61281,0.18556528792591637
61282,0.12890599582241685
61283,0.08635912535344202
61284,0.08299652779919728
61285,0.06980954701376525
61286,0.18411201942510946
61287,0.20776082746550417
61288,0.1593259877396105
61289,0.20159307028963486
61290,0.06140256314282411
61291,0.09040292957634782
61292,0.08818281292820512
61293,0.04890981861639936
61294,0.2352757559383724
61295,0.06704811051099215
61296,0.06805489289887638
61297,0.07994241389000252
61298,0.08645137256041134
61299,0.1994571411504857
61300,0.3040155117128882
61301,0.2728800497533674
61302,0.09216103568803061
61303,0.0889988767670351
61304,0.08495400320965125
61305,0.0534433376172229
61306,0.08585869127683782
61307,0.13497883245147216
61308,0.1556962202587796
61309,0.1793890844772629
61310,0.4363004478125856
61311,0.06147563928568692
61312,0.10198616946650788
61313,0.05013650054844604
61314,0.08559409298469764
61315,0.08454185383543521
61316,0.14226405317722748
61317,0.15562839939330156
61318,0.09413968868889311
61319,0.15990197464000513
61320,0.27733732046228726
61321,0.2983317385201696
61322,0.057537646391307
61323,0.07247949552330264
61324,0.06619146862896151
61325,0.1958401072388704
61326,0.06960566971163411
61327,0.09801869380477043
61328,0.09373159637905672
61329,0.15545924129057212
61330,0.1805300672827508
61331,0.138133428609583
61332,0.14772754659051626
61333,0.1253221855531138
61334,0.10570636270473373
61335,0.10829567150447307
61336,0.15328810764356499
61337,0.09959785031206704
61338,0.2015750314100771
61339,0.18288877278722426
61340,0.14725660312706373
61341,0.19803056880145742
61342,0.11565317914989456
61343,0.3213364228763907
61344,0.12776119273053066
61345,0.14538683858435078
61346,0.21118825214978126
61347,0.09916689886186507
61348,0.11124381214143292
61349,0.2830143751880441
61350,0.11042629691228108
61351,0.2528387248832731
61352,0.09049016505534509
61353,0.09541520624293026
61354,0.09655074601221039
61355,0.13287933449081746
61356,0.09962561134890562
61357,0.09737913494878842
61358,0.08374231844104592
61359,0.11306895008677603
61360,0.1211222471016008
61361,0.11165445929466032
61362,0.14646822514497662
61363,0.13530618135956946
61364,0.08268025851810895
61365,0.156900118695185
61366,0.10905345776018899
61367,0.16197090947778128
61368,0.06721993032517755
61369,0.08259173459922083
61370,0.13652674545121646
61371,0.10478070504189899
61372,0.07476813894492722
61373,0.3597934097811475
61374,0.26295237770758406
61375,0.06392779345856973
61376,0.1596930615454775
61377,0.14123976343877492
61378,0.26122471984521034
61379,0.12456971092205694
61380,0.10597753009568918
61381,0.14037268044556503
61382,0.15127319056079788
61383,0.13285887997052367
61384,0.08800343710708512
61385,0.07488083684946498
61386,0.1388353870026885
61387,0.05931118241913951
61388,0.06356371260071161
61389,0.1736906479493864
61390,0.08475636101705071
61391,0.05127341294854057
61392,0.30409678387527744
61393,0.08286771770121235
61394,0.24588740202571413
61395,0.21310975520734024
61396,0.11715596927685187
61397,0.13661614895781807
61398,0.14252084556483496
61399,0.06292968077868509
61400,0.07440464678942267
61401,0.1674159119703297
61402,0.061055902675895564
61403,0.14385235452789055
61404,0.1033962077721204
61405,0.27872215690403407
61406,0.11940678249684351
61407,0.06571679554874645
61408,0.28073414505550104
61409,0.13200380633854192
61410,0.15033353865459523
61411,0.06066976570148068
61412,0.06515740763324236
61413,0.277345562331099
61414,0.1856301685365349
61415,0.1661569126412863
61416,0.20451718275641154
61417,0.11409587515647499
61418,0.11942455092469183
61419,0.08146815615169771
61420,0.06259074889947126
61421,0.18267700243793358
61422,0.13022873207015812
61423,0.05324141437530526
61424,0.13063850624311976
61425,0.04683743912815781
61426,0.13784001311602653
61427,0.09107324540316292
61428,0.0777074130433529
61429,0.3368082080112603
61430,0.056812409617575665
61431,0.08980988128746334
61432,0.10126684184272942
61433,0.10199774791037974
61434,0.1018529245178922
61435,0.09987725893651088
61436,0.3868047516564889
61437,0.11147974060409468
61438,0.17549367615530365
61439,0.10439795121056702
61440,0.09085581968817784
61441,0.09788475490742139
61442,0.11846616952987682
61443,0.10679319520252703
61444,0.30721830801306477
61445,0.062112655287821186
61446,0.22380335941513493
61447,0.14535816725227654
61448,0.21268778246260983
61449,0.25404555370194026
61450,0.09343694107069808
61451,0.12003481092368352
61452,0.046119178352093004
61453,0.0799055379658023
61454,0.07745961761514558
61455,0.04762774283906608
61456,0.14447230823972163
61457,0.08561589795734403
61458,0.07048966579665117
61459,0.23134117027617107
61460,0.1289761119007239
61461,0.05959457444700865
61462,0.15309222703248865
61463,0.06925701369764962
61464,0.1416771247713319
61465,0.19335503427464462
61466,0.1679678980705628
61467,0.20253442459025348
61468,0.05721160181827773
61469,0.07510503754048585
61470,0.2355180335879702
61471,0.03992287779585293
61472,0.06833930995959801
61473,0.05864241252441067
61474,0.07630187562225423
61475,0.13318437487579282
61476,0.32247868175532535
61477,0.13537875374900968
61478,0.08677750326274969
61479,0.13050599949682762
61480,0.0780915240835598
61481,0.06161543024102436
61482,0.051931837463777844
61483,0.1416936781277593
61484,0.11493980319445735
61485,0.10063254834162862
61486,0.11601404465527318
61487,0.11165064935023981
61488,0.23290787461814694
61489,0.09531299031617922
61490,0.049087098668611086
61491,0.06894309417531594
61492,0.13309750263014483
61493,0.2159623295476703
61494,0.12339649412400028
61495,0.12488755397335359
61496,0.08083838868539102
61497,0.11140245963617797
61498,0.07624241465891517
61499,0.10641644977364359
61500,0.12376425023918944
61501,0.11365032911155173
61502,0.24641184267739277
61503,0.10090911154332116
61504,0.2568341746683052
61505,0.10597040496770313
61506,0.15560545748518428
61507,0.23085770912154097
61508,0.06094193869565379
61509,0.06255746255557548
61510,0.10098558686434184
61511,0.04508065975823462
61512,0.06307552063696345
61513,0.08297707613029076
61514,0.09639262222616941
61515,0.16130172121418063
61516,0.1983934732933902
61517,0.2537781119045236
61518,0.12614191379002887
61519,0.16209509796685562
61520,0.09401732885596918
61521,0.10522999759803975
61522,0.11195838358939554
61523,0.07485225908553815
61524,0.13668908633148802
61525,0.06456999327269311
61526,0.1551409407150826
61527,0.15981248480145777
61528,0.10313350169155129
61529,0.10042704474658544
61530,0.11816089297127826
61531,0.04207863056806078
61532,0.07777751247652268
61533,0.09873026973691923
61534,0.10712853693432468
61535,0.06937860758746842
61536,0.05597750556623686
61537,0.04121132104986199
61538,0.051128988818910676
61539,0.20393860896630284
61540,0.12078507282632668
61541,0.049568873811710976
61542,0.09772870725023508
61543,0.38108354515360665
61544,0.3304256650906824
61545,0.09739111717600415
61546,0.29123335800298666
61547,0.08390071538836404
61548,0.0550957325119422
61549,0.1491525999998406
61550,0.09620396155136575
61551,0.319902981673154
61552,0.18028688112356686
61553,0.19322220301732287
61554,0.07336023490875579
61555,0.10325406601740707
61556,0.28608049090654136
61557,0.12875445383714818
61558,0.1914757518465612
61559,0.3343634044569819
61560,0.10821791491913951
61561,0.15296004317221648
61562,0.09862563904979489
61563,0.193839395450706
61564,0.09205962518357529
61565,0.1115006126500953
61566,0.37200070570196714
61567,0.1641528703689255
61568,0.15174573606611558
61569,0.06997421908045522
61570,0.0943040908683387
61571,0.06956888965477255
61572,0.1514146613615565
61573,0.30932431647700226
61574,0.09401442765923253
61575,0.057423082600678375
61576,0.1614306273312851
61577,0.08990533244326902
61578,0.1967949462630878
61579,0.16410903336406887
61580,0.15346539862011066
61581,0.045258004398219455
61582,0.19651421616415013
61583,0.11126574688368629
61584,0.3161855517037647
61585,0.16023588763974203
61586,0.21100437842434483
61587,0.2147691542268814
61588,0.1948956108008072
61589,0.11492610934810332
61590,0.1319296266470465
61591,0.11848685501972754
61592,0.09131692719369307
61593,0.2911398723417844
61594,0.16480317293376523
61595,0.15945116821109376
61596,0.03858413310706538
61597,0.09287154913400514
61598,0.17790494890015823
61599,0.22961920270458913
61600,0.1647027508283659
61601,0.12180852028856949
61602,0.15822493300473903
61603,0.18480811183086862
61604,0.06869859140594597
61605,0.1060028535470985
61606,0.10798940249088704
61607,0.2761188879683658
61608,0.1932719936232808
61609,0.10698302714521282
61610,0.11952579237260243
61611,0.061924725307074886
61612,0.34893419093775063
61613,0.0845938754175482
61614,0.06240134251138933
61615,0.08942287036679245
61616,0.0651147408703687
61617,0.13268145642906834
61618,0.14400041797481403
61619,0.17107603647949177
61620,0.06944255940272283
61621,0.3721963893609746
61622,0.22495024706363392
61623,0.07304929259072275
61624,0.2680036762623845
61625,0.10900796883755068
61626,0.10325792856940433
61627,0.08485559290658254
61628,0.06249519769814052
61629,0.08628534546580864
61630,0.05153746039179408
61631,0.4590874186835662
61632,0.04671295194623372
61633,0.11132122739613026
61634,0.16545184641039412
61635,0.05318122285782011
61636,0.11461781324903149
61637,0.253648051752691
61638,0.1904457884658519
61639,0.21488941918503707
61640,0.14376882730565638
61641,0.12488636324008075
61642,0.13314667276367997
61643,0.1404465799463124
61644,0.2291602086837775
61645,0.0687200381892514
61646,0.31155071629166053
61647,0.0722564629845953
61648,0.22688195127054628
61649,0.2984334911858554
61650,0.13889913023750666
61651,0.07542468624726928
61652,0.0621517098696548
61653,0.07729451937522462
61654,0.06313223779058957
61655,0.13190630187489516
61656,0.35957532293354544
61657,0.17662265537619024
61658,0.1274090473068603
61659,0.3413925439083009
61660,0.3457055392664451
61661,0.15902732347025708
61662,0.12461418035902497
61663,0.10228640054011179
61664,0.049122271943136085
61665,0.04862853422969683
61666,0.08928927472554388
61667,0.12100476722138284
61668,0.11395007952592812
61669,0.14977264413025546
61670,0.2529779969999081
61671,0.03852170180851091
61672,0.10192126894801422
61673,0.08504219645325387
61674,0.13946427526018762
61675,0.12454961600655196
61676,0.08215955103173828
61677,0.1069915026130425
61678,0.1061610078148967
61679,0.11281094553877051
61680,0.13062099180594186
61681,0.2185256762220965
61682,0.08592920232524441
61683,0.15390691392610562
61684,0.16691950251008925
61685,0.10484086011021988
61686,0.07692891388867173
61687,0.20194364754692753
61688,0.05099471034669587
61689,0.09435312669356971
61690,0.13699715934953316
61691,0.04676978359301994
61692,0.13815551170971815
61693,0.05059093419344081
61694,0.09618977563280334
61695,0.0412267464909981
61696,0.22982076583506592
61697,0.09855058941371682
61698,0.04469291115888262
61699,0.19008631178634358
61700,0.07419369670448336
61701,0.13305726395335687
61702,0.04061565060746928
61703,0.12350677346565833
61704,0.08399304939122751
61705,0.05033847666497905
61706,0.10776206026408804
61707,0.12921057836542507
61708,0.38463211304795003
61709,0.14692762283664626
61710,0.07133602242073703
61711,0.13168874633370914
61712,0.12384763570485097
61713,0.3911330352554644
61714,0.11911568107733235
61715,0.09807718556593856
61716,0.161791386053722
61717,0.29452585425080346
61718,0.15688403021925437
61719,0.12173810596082445
61720,0.18789163270657036
61721,0.20710209483653602
61722,0.14788634309417648
61723,0.07365481220791756
61724,0.09448878216898804
61725,0.19976891610181824
61726,0.2670947870224067
61727,0.08283900184140282
61728,0.2107254776756766
61729,0.4985185797589405
61730,0.12123666840495992
61731,0.2527849942706123
61732,0.10078123322580858
61733,0.12197666569376361
61734,0.21695329998843743
61735,0.19252137896734878
61736,0.08661798199610632
61737,0.27726471100104894
61738,0.1341533112125428
61739,0.18545095904175984
61740,0.12052999732871188
61741,0.14248603753847577
61742,0.33638722482260724
61743,0.13338697376323216
61744,0.32582095318270976
61745,0.18219574417018372
61746,0.10178090694514906
61747,0.12207221434795919
61748,0.14215595417538907
61749,0.15429756552763846
61750,0.06104251125247317
61751,0.12819876988641554
61752,0.0792441842310735
61753,0.06610678212961242
61754,0.04606006985246731
61755,0.11871085775837377
61756,0.0481827704185107
61757,0.048067924270411656
61758,0.06763260369078922
61759,0.04677557538707628
61760,0.07319464559645718
61761,0.06014417776106802
61762,0.04124265100886625
61763,0.3370063737639849
61764,0.10193603671180354
61765,0.12025746029760491
61766,0.05384769432118266
61767,0.25498355376300813
61768,0.08044175952622495
61769,0.10911491423531172
61770,0.15501605194843554
61771,0.06565462206887976
61772,0.08029838656986407
61773,0.05576763165306534
61774,0.18470761101953867
61775,0.18815303077097528
61776,0.1317209159753553
61777,0.11984941946537478
61778,0.22709979626994398
61779,0.2579825967555622
61780,0.19292977978746925
61781,0.387193323307113
61782,0.12283859122252798
61783,0.09427323583468362
61784,0.2883030017895436
61785,0.1604597473804805
61786,0.11879620287954216
61787,0.23648328814344557
61788,0.17672531881708092
61789,0.36095925439045723
61790,0.1356168289948372
61791,0.3095718575619147
61792,0.24202674164895016
61793,0.08985713941612294
61794,0.07457799260424113
61795,0.14160568934008688
61796,0.17144334186712623
61797,0.11847527417305717
61798,0.1445871524816848
61799,0.09974485276032742
61800,0.13074639207303157
61801,0.06981762115678886
61802,0.037787339778107484
61803,0.056953568532007386
61804,0.1686866688389369
61805,0.0493628910112846
61806,0.134329331628905
61807,0.07055256106690533
61808,0.20763054052358051
61809,0.35754798967619744
61810,0.08337361240368944
61811,0.2920499098603737
61812,0.10415017527015426
61813,0.18360596363256768
61814,0.13437123216677055
61815,0.14875528563455756
61816,0.10082140952582799
61817,0.06313173652425734
61818,0.060211107424046735
61819,0.20228693174467638
61820,0.24655943321060522
61821,0.16609372073183148
61822,0.13924417504969203
61823,0.11751850667645072
61824,0.04354597384894526
61825,0.13142620655246692
61826,0.19022234286068418
61827,0.3893148593456473
61828,0.16629288162779932
61829,0.15997704461173481
61830,0.09559651472600476
61831,0.10678447760645635
61832,0.11004052173438562
61833,0.05255230789745735
61834,0.04981248748030661
61835,0.09371747661331697
61836,0.05716185735699495
61837,0.10628197048468252
61838,0.0988114552574616
61839,0.1578273149466286
61840,0.13451167458723193
61841,0.06191526168384957
61842,0.06992933896865865
61843,0.12511183112489058
61844,0.06620074853272374
61845,0.1762625135254709
61846,0.06660616155164571
61847,0.08126514257627156
61848,0.08428365384330337
61849,0.12700585415964888
61850,0.1153439873922517
61851,0.11744595551311941
61852,0.06246687992324466
61853,0.1349612861657772
61854,0.08892639355430443
61855,0.14674883173341452
61856,0.17704358250359273
61857,0.16658479283288166
61858,0.0757228163116059
61859,0.09293863936009221
61860,0.1114448509162172
61861,0.19423431641420083
61862,0.2535709504252335
61863,0.05559526279048166
61864,0.16705590477068344
61865,0.05580133292647842
61866,0.2680746327670256
61867,0.12512570507631307
61868,0.10510560945148362
61869,0.47025395213973453
61870,0.16211840903647007
61871,0.1109217782078548
61872,0.15426641981239494
61873,0.14409144153233425
61874,0.31605638875974595
61875,0.11702607184308604
61876,0.12478992531810108
61877,0.37126356876359207
61878,0.05502698009471715
61879,0.10322687733975242
61880,0.15660631064855768
61881,0.15110394057589888
61882,0.09914657016503635
61883,0.1015383657714411
61884,0.22979157290458835
61885,0.10898548661976362
61886,0.08075524676891864
61887,0.07100342274840855
61888,0.18460516767565027
61889,0.1090870367108947
61890,0.35414932150437883
61891,0.13488188132555554
61892,0.2005526240491427
61893,0.153790925171073
61894,0.17213154096044062
61895,0.08365943456408269
61896,0.2053372052780573
61897,0.11386103883757004
61898,0.29246451334273266
61899,0.10285272389880458
61900,0.1402237823912845
61901,0.04233393124327917
61902,0.07071960455444642
61903,0.04890096570098467
61904,0.12160399661966888
61905,0.13450784360934126
61906,0.10423722793419579
61907,0.15267498624754866
61908,0.13358841558667112
61909,0.11843854839595869
61910,0.11047057129467001
61911,0.09521346105990348
61912,0.18560544240950586
61913,0.11050902058344372
61914,0.11325449882702161
61915,0.08922593594276315
61916,0.12350399866128292
61917,0.07562254162978142
61918,0.31145637557374867
61919,0.35353661078834875
61920,0.13373131232957772
61921,0.21229490319834848
61922,0.12013135916091272
61923,0.36912141837073614
61924,0.07875944986593142
61925,0.34069455748594785
61926,0.23754210559589678
61927,0.05094270355839873
61928,0.3969432667198999
61929,0.11756220733310277
61930,0.08769841984333346
61931,0.1368166203224231
61932,0.05209308963707327
61933,0.09984254033164724
61934,0.07970409378464972
61935,0.21706901981088014
61936,0.03839918859832323
61937,0.1663517906299203
61938,0.08746279793708155
61939,0.1328527140217531
61940,0.14385905970289548
61941,0.18346557597984986
61942,0.30800817091910154
61943,0.06571813115062945
61944,0.04582555890484734
61945,0.11870198236265624
61946,0.17131366945448948
61947,0.1313458032098385
61948,0.10175093112224044
61949,0.125530691018312
61950,0.17573664416263393
61951,0.11269841872424162
61952,0.1770450546858704
61953,0.04721216368776427
61954,0.201003304536818
61955,0.06696762825410052
61956,0.11165953351928785
61957,0.28419891434216804
61958,0.09876026435109095
61959,0.05693229296516152
61960,0.028904867183080947
61961,0.13732564928918406
61962,0.19571599776779997
61963,0.06900979959691522
61964,0.057020409297361324
61965,0.33627727496172666
61966,0.07505122441410113
61967,0.415483563925353
61968,0.14767229653306604
61969,0.05010294668997916
61970,0.14806493603007834
61971,0.07476108404917095
61972,0.3146983842501871
61973,0.04689071083405834
61974,0.13528217704216827
61975,0.1556046841577224
61976,0.12334531365618608
61977,0.15658337797286673
61978,0.15647946099222748
61979,0.15900703248634707
61980,0.1533914969941091
61981,0.055833836386372654
61982,0.14196650255488677
61983,0.12179955742693888
61984,0.1500335974864581
61985,0.045985964512704244
61986,0.051282953959199636
61987,0.15704820207042405
61988,0.05281165069476452
61989,0.10960932902302482
61990,0.16530707749887896
61991,0.05050993772270659
61992,0.15414650527208357
61993,0.09011261415145176
61994,0.39212130199105744
61995,0.14181089728268895
61996,0.18970280116824223
61997,0.1066457331592206
61998,0.06362725019596246
61999,0.09398882012676861
62000,0.05922912643562018
62001,0.09962717491741248
62002,0.15300570494182716
62003,0.20123564833643445
62004,0.15462134907608177
62005,0.08689724700713689
62006,0.12973873945428016
62007,0.10187430011811097
62008,0.07354343983945233
62009,0.14090146068460774
62010,0.07282093167387434
62011,0.042013008043751174
62012,0.14037259760684254
62013,0.32560043881276257
62014,0.05821138326418403
62015,0.18206252542502885
62016,0.1101525097076597
62017,0.05608684751033157
62018,0.1099421592368221
62019,0.07480937460121129
62020,0.0925776098657527
62021,0.08380386079728262
62022,0.06048593902730289
62023,0.07222792092925978
62024,0.09541665418580393
62025,0.10140169150431946
62026,0.05756477955714847
62027,0.11675256351244376
62028,0.0938963639948235
62029,0.09946873750222453
62030,0.13031390807928228
62031,0.14063921096316867
62032,0.10643588425348328
62033,0.0845630089223164
62034,0.1251158580779163
62035,0.17308440325990557
62036,0.12687192048492638
62037,0.07116791905464558
62038,0.13707031518910834
62039,0.09628076384974077
62040,0.07292496793072786
62041,0.12367789103822759
62042,0.10397001991017502
62043,0.05424996935358928
62044,0.2517114322990563
62045,0.0583109051678828
62046,0.0753359026077661
62047,0.10915035658050716
62048,0.1682471673483276
62049,0.14629071794372978
62050,0.07680951464691138
62051,0.15766922941813266
62052,0.24813631946860318
62053,0.18912192401884712
62054,0.17222596320434663
62055,0.18106272384799557
62056,0.1314559431580683
62057,0.11164245984347004
62058,0.06425761530803184
62059,0.13092930459295887
62060,0.1855516717066181
62061,0.06503924047853857
62062,0.05006732733251952
62063,0.06691834509185024
62064,0.10427169775170289
62065,0.12195450810203168
62066,0.2328011811499464
62067,0.12725773187320338
62068,0.09985221389099992
62069,0.1449126249186402
62070,0.14335671814738798
62071,0.04331869160757922
62072,0.2167671846510852
62073,0.041970028808797334
62074,0.14231049848411628
62075,0.2855159619097214
62076,0.11572579198777466
62077,0.19226346563897462
62078,0.1491073295988718
62079,0.17181563653719
62080,0.30401062804202533
62081,0.06411932080374058
62082,0.3294860193451271
62083,0.3665782404970647
62084,0.12761927977398535
62085,0.15023468413054056
62086,0.05910382100419604
62087,0.13303253296538647
62088,0.06860875344305128
62089,0.1259053959664121
62090,0.14984249787132903
62091,0.15397502721438464
62092,0.16803071352267843
62093,0.38545968936658825
62094,0.2171228101886334
62095,0.10397271036240659
62096,0.12287280520723082
62097,0.05885570760235468
62098,0.0735903506789666
62099,0.08755561664536254
62100,0.03820813402880224
62101,0.06356406222426761
62102,0.237395014586566
62103,0.0421006875678387
62104,0.07866565734690244
62105,0.11214322074186535
62106,0.06715875811033913
62107,0.08041676159919478
62108,0.19291303637931245
62109,0.1325178173268861
62110,0.32871181381497083
62111,0.11140250683515623
62112,0.32023173170425023
62113,0.05989592848763817
62114,0.08850257598215472
62115,0.13392288558024273
62116,0.10495174112376161
62117,0.05651137605449465
62118,0.0822848054925639
62119,0.1316195440783128
62120,0.08799925542651348
62121,0.15108925034919754
62122,0.4271428615528687
62123,0.13136036348738492
62124,0.10692997602223728
62125,0.20074592746255482
62126,0.08236601075704728
62127,0.28226315957941917
62128,0.16024509244981863
62129,0.0718661422957872
62130,0.09246363517734195
62131,0.09694510129820443
62132,0.1865572938799301
62133,0.14769094051609408
62134,0.05332284279959467
62135,0.15277380415496963
62136,0.057817609675078284
62137,0.28324834813831057
62138,0.0871231782204876
62139,0.1335085960470974
62140,0.12690277056842245
62141,0.14822209860438526
62142,0.11792035335282591
62143,0.14575163808863803
62144,0.15449171013753377
62145,0.13103595049759675
62146,0.09709619298434922
62147,0.3439985205522846
62148,0.1569484661164601
62149,0.20368685282374369
62150,0.11732020021134985
62151,0.09002519058295774
62152,0.15560690341814978
62153,0.132986870606094
62154,0.11935256775139871
62155,0.0444640871504889
62156,0.14056918333317223
62157,0.07531822256333767
62158,0.12188113899711983
62159,0.11215896338245607
62160,0.0552558361348808
62161,0.08563977637979107
62162,0.0796824067018004
62163,0.09327004054575548
62164,0.11201305776802756
62165,0.12336070788703551
62166,0.18914983589094525
62167,0.06402237966664792
62168,0.08088338184220051
62169,0.10966716685506644
62170,0.0947341436924211
62171,0.07525624015372144
62172,0.11308331626551497
62173,0.08023322564572027
62174,0.06146346489642322
62175,0.036848123246991424
62176,0.22853561766737668
62177,0.1377246173859899
62178,0.04521658942889727
62179,0.09467588511800759
62180,0.11108348978649359
62181,0.16575391797176053
62182,0.0600477339845668
62183,0.33129607187288057
62184,0.1315244444771998
62185,0.13923394571008638
62186,0.14949316234063806
62187,0.15961130158989476
62188,0.35103976332323056
62189,0.10122386626998986
62190,0.12987640959729665
62191,0.04418931352588565
62192,0.04972558156806329
62193,0.18790832658583953
62194,0.1178677029100836
62195,0.086419278908188
62196,0.07059316589649736
62197,0.07799252826526495
62198,0.04917638464639286
62199,0.2557387411290389
62200,0.42329537352535673
62201,0.14840030516081731
62202,0.10844810364390937
62203,0.09919393052774927
62204,0.10519066441405017
62205,0.17766775630286682
62206,0.1297039147052323
62207,0.2565673221000522
62208,0.4566125042319304
62209,0.060096105979926644
62210,0.0971275349100986
62211,0.14686574061319202
62212,0.11157183493414721
62213,0.1901107730617397
62214,0.1184026606789159
62215,0.11233075297652662
62216,0.10659525361207668
62217,0.1308778230222901
62218,0.14845606097270206
62219,0.11775402453323286
62220,0.24044312509322213
62221,0.316699809074711
62222,0.1479581785751953
62223,0.28230486416774303
62224,0.20444479625074471
62225,0.14329699644942878
62226,0.1346818668001099
62227,0.19727318845900174
62228,0.1478666872167767
62229,0.17391566207373096
62230,0.14790246204528765
62231,0.17764818809927102
62232,0.38841619491426643
62233,0.2043991028438698
62234,0.27267953695534136
62235,0.1852620069753868
62236,0.14619825233771783
62237,0.2328762255140517
62238,0.07089782480308644
62239,0.10442418868867541
62240,0.05975290458640994
62241,0.1605518507872562
62242,0.08568779789158747
62243,0.3784739286516525
62244,0.24045941438997812
62245,0.13290819021946987
62246,0.13234064295132852
62247,0.058368565661738925
62248,0.46352140536595715
62249,0.28645124014742435
62250,0.10117782433584406
62251,0.1754943538923519
62252,0.1565474638445412
62253,0.14358503298050915
62254,0.06490311758941351
62255,0.10506435480214552
62256,0.17764918517180903
62257,0.09055282348506825
62258,0.1691749107621603
62259,0.11355761480448981
62260,0.05226902120922336
62261,0.11718017532161121
62262,0.11867406351752817
62263,0.14979107728971972
62264,0.15349497834836753
62265,0.08730317010487634
62266,0.15529839235888648
62267,0.1281647362929115
62268,0.1695580015681187
62269,0.1366886081703905
62270,0.2548083538124704
62271,0.08289022583619958
62272,0.21454923729801606
62273,0.12439633813275133
62274,0.09906248453594602
62275,0.11224461692223871
62276,0.31025098985070376
62277,0.07032110750176401
62278,0.08589821418319361
62279,0.10494812582301763
62280,0.06319442073935128
62281,0.25301132915637625
62282,0.06357267654780856
62283,0.06496783717184691
62284,0.07006532500780345
62285,0.10440182995213841
62286,0.10251638090065467
62287,0.07127199073118783
62288,0.0499219370027856
62289,0.22300488645710081
62290,0.0754230691359997
62291,0.05533280675729572
62292,0.12400327103281182
62293,0.2900990895200349
62294,0.04785138195970758
62295,0.19882082449891805
62296,0.10717054946759574
62297,0.3446879117953174
62298,0.3987440881017683
62299,0.10519916926322104
62300,0.054127397136294025
62301,0.23507008892817396
62302,0.17840052755255317
62303,0.17094541067259195
62304,0.23208343780656215
62305,0.22440163331394672
62306,0.30412176039138006
62307,0.07693994983186016
62308,0.06063426757945331
62309,0.04867255075352849
62310,0.20520931972370862
62311,0.38638293800478546
62312,0.1334645657191964
62313,0.1370409138835783
62314,0.07797754392829374
62315,0.19581407358654682
62316,0.12742261923335702
62317,0.1674670737806868
62318,0.38700449894774047
62319,0.045573359579716796
62320,0.1320971248646581
62321,0.09230779766808063
62322,0.20388420218754122
62323,0.14407985733927056
62324,0.13276875514603426
62325,0.049756526141938866
62326,0.08907776759549738
62327,0.0912435624523129
62328,0.10696516453216755
62329,0.13788258709879012
62330,0.07124457223140994
62331,0.16922671126042735
62332,0.12339739148570014
62333,0.24403735349891345
62334,0.06046335212302184
62335,0.07764827887926465
62336,0.09464156347595536
62337,0.22965760473011673
62338,0.07898474580649315
62339,0.1683606534707683
62340,0.14224980025917758
62341,0.0949779967697242
62342,0.10952958215901737
62343,0.06895812392242814
62344,0.1522207028080109
62345,0.1480810954584136
62346,0.1289801991442486
62347,0.22196907936485827
62348,0.12090965475625214
62349,0.05849654352435347
62350,0.06689718639941698
62351,0.18947154085095708
62352,0.13328937688876388
62353,0.17763935149461
62354,0.1261537343029617
62355,0.04673894184271909
62356,0.15963810833273215
62357,0.09083288116153833
62358,0.12602661806224047
62359,0.0872438814756141
62360,0.1771638405092048
62361,0.12867460368753864
62362,0.11738968443803857
62363,0.06055787902962816
62364,0.05284738136785938
62365,0.0889570052873084
62366,0.08007605462142649
62367,0.13341742232698245
62368,0.06771473001445356
62369,0.14155560882875912
62370,0.17202905909039268
62371,0.07503421164273431
62372,0.09771078179796014
62373,0.1740409888603545
62374,0.14520820493784295
62375,0.1276359273714193
62376,0.10201948497129562
62377,0.10512885944380636
62378,0.045572187971748446
62379,0.07226169501253175
62380,0.227441039390448
62381,0.12067799512460696
62382,0.09264060377678009
62383,0.09640832394900356
62384,0.22569136882561033
62385,0.21407741442738126
62386,0.17390294901588846
62387,0.31899438882198367
62388,0.2023075601400973
62389,0.15629962042794268
62390,0.10652416894788806
62391,0.10973442876533701
62392,0.19519259192781635
62393,0.27245671956995315
62394,0.12826165402190742
62395,0.12490838061988294
62396,0.17712775371955236
62397,0.11675106618575044
62398,0.07801017261814323
62399,0.3960966658826617
62400,0.13201637422667098
62401,0.11198632427759772
62402,0.2532704769513641
62403,0.30657535815082565
62404,0.06566449106646864
62405,0.040210187255328836
62406,0.15851854895968592
62407,0.032284338898270704
62408,0.14398343312523287
62409,0.1293126240031885
62410,0.11063135395789982
62411,0.3312010377312583
62412,0.39765241660124273
62413,0.09369655920097422
62414,0.193894868525667
62415,0.10280048533233119
62416,0.09022467202329462
62417,0.41983023298572963
62418,0.2007859193697806
62419,0.22815810682206858
62420,0.08547545867182252
62421,0.0933246353679797
62422,0.13010269157075133
62423,0.17787033922816817
62424,0.05225447745281407
62425,0.1530981641080469
62426,0.10813154172732566
62427,0.23907542400672413
62428,0.11315927497194861
62429,0.10695416255860098
62430,0.053080254317028376
62431,0.09123535827972637
62432,0.048920213967092646
62433,0.09432551264339374
62434,0.08131400298892277
62435,0.06675306106221439
62436,0.09600972846780229
62437,0.1321635273782205
62438,0.12135001228421305
62439,0.13754626888308988
62440,0.09641676785370192
62441,0.2084053631768515
62442,0.21279362971216942
62443,0.08978816232103198
62444,0.15198721659997394
62445,0.09058417418477968
62446,0.09962562252491093
62447,0.3144610373260988
62448,0.07727669717337275
62449,0.0562018801600366
62450,0.08554340310523761
62451,0.05589720382539528
62452,0.14666819448891374
62453,0.1586767789975112
62454,0.2824574557490077
62455,0.08958012970873232
62456,0.051096019867138624
62457,0.2460647618176085
62458,0.08349139731153417
62459,0.17221417186703147
62460,0.10842169920741877
62461,0.0994085485354447
62462,0.1186741982314947
62463,0.10887151711351044
62464,0.12947188581680005
62465,0.12604340479460543
62466,0.11441714791924887
62467,0.13689803054626867
62468,0.06102427169999209
62469,0.13953476335739837
62470,0.07876702728253542
62471,0.15474115019668508
62472,0.182513432213148
62473,0.1271346641819597
62474,0.11057072804465619
62475,0.05335931380013353
62476,0.10597501268396006
62477,0.06065772683034619
62478,0.16393450979837862
62479,0.3084366816304836
62480,0.03957300592767277
62481,0.05751712021115563
62482,0.4243628042855523
62483,0.2628235301988503
62484,0.07376154259326043
62485,0.05860597204002652
62486,0.11025109787537121
62487,0.17817329228967616
62488,0.11320478461196738
62489,0.11350813439079617
62490,0.21604268620348374
62491,0.11531730432967437
62492,0.06145327250643349
62493,0.1273423807595387
62494,0.12782129353611413
62495,0.039097627844675964
62496,0.04522965584033677
62497,0.09520727851539593
62498,0.08424301709564751
62499,0.11333354811516189
62500,0.12091141033789062
62501,0.12279190704008722
62502,0.22249003341809842
62503,0.14962640365225333
62504,0.08077285663075705
62505,0.12279310631253483
62506,0.043065076105894266
62507,0.17109395000208497
62508,0.0924523475656923
62509,0.051387754546741805
62510,0.054449839501134446
62511,0.15813856460919704
62512,0.15740148628168904
62513,0.06405956543311207
62514,0.06741586122386196
62515,0.06599605023907634
62516,0.03920651659520021
62517,0.06368961179542229
62518,0.26784338782796263
62519,0.06721235984234171
62520,0.0445822888718611
62521,0.29505571666949726
62522,0.16550672649571277
62523,0.25452854060776153
62524,0.08613743556957228
62525,0.17548305288748497
62526,0.07226695555636062
62527,0.13663491924323679
62528,0.06878619290984386
62529,0.03918300397771058
62530,0.05114923164588969
62531,0.16338964859546629
62532,0.19493642427692817
62533,0.08543462488742846
62534,0.09863190250834251
62535,0.1370030726777125
62536,0.10029882421800791
62537,0.10015347073702645
62538,0.29926729841841976
62539,0.16141699447515043
62540,0.129097955231323
62541,0.11644692246336094
62542,0.2817431331230725
62543,0.08898432880516728
62544,0.25022695854710636
62545,0.05231999867910295
62546,0.07262617232721529
62547,0.1548508943201886
62548,0.11844070969503397
62549,0.3336875750762285
62550,0.31847192632885224
62551,0.13255178515681001
62552,0.26528273910782885
62553,0.14452019147566192
62554,0.18331396945613035
62555,0.19298684561867877
62556,0.21825939079138945
62557,0.07775171886809772
62558,0.2045563496607584
62559,0.06118188267779742
62560,0.19807935837165935
62561,0.20445308266660692
62562,0.13186152004282675
62563,0.18591926797489686
62564,0.20506105736810876
62565,0.20086751367142078
62566,0.16625902148617755
62567,0.1634135787996788
62568,0.14910351444244155
62569,0.15207533631070125
62570,0.18543568617201184
62571,0.11227470847252911
62572,0.3452204354992927
62573,0.1532923890670499
62574,0.13942542396222302
62575,0.07332792906754772
62576,0.14777349972064863
62577,0.09294320378576948
62578,0.1867631886548848
62579,0.09653035252318337
62580,0.12819851077052785
62581,0.17664956902450302
62582,0.2715627926389656
62583,0.10621843409847621
62584,0.18380367616884
62585,0.15995179702746376
62586,0.1108847092390442
62587,0.0915696189595604
62588,0.05604869178852737
62589,0.17786172774465575
62590,0.37218726568781485
62591,0.1616933615408193
62592,0.09432970536413059
62593,0.18279737775756835
62594,0.10956666375753803
62595,0.05266729846625552
62596,0.09420795447216324
62597,0.12883056547632776
62598,0.09833243839841524
62599,0.3209772132128546
62600,0.10189389870197697
62601,0.07124785004275114
62602,0.08230557774492787
62603,0.10043336986485196
62604,0.07952567792261225
62605,0.24882908551609187
62606,0.044814083124608065
62607,0.12570182446139014
62608,0.3074595697814198
62609,0.09331360938635425
62610,0.11079113404922421
62611,0.0905729225550152
62612,0.15017479566558486
62613,0.11881529515159836
62614,0.05004272747303191
62615,0.07020464688229477
62616,0.10179756730084019
62617,0.03829061250033121
62618,0.09583186704299991
62619,0.04543075170180201
62620,0.18813288608715645
62621,0.12694495343644557
62622,0.15514440590608136
62623,0.16830311221606853
62624,0.08019825288618944
62625,0.07006874594547302
62626,0.128454921545265
62627,0.31290011417492347
62628,0.09499003481603435
62629,0.10582235575480159
62630,0.053670510424965595
62631,0.12021753819964735
62632,0.12178803696563069
62633,0.14403130991978666
62634,0.2613229804648529
62635,0.06176210163787525
62636,0.44746656840995847
62637,0.2781677843387678
62638,0.21121214518405826
62639,0.08180720368228278
62640,0.3010170800894192
62641,0.10824905197145974
62642,0.21984985257413606
62643,0.0754925983463389
62644,0.16161167775560706
62645,0.06311141819328982
62646,0.05437195077586413
62647,0.11465773806934661
62648,0.051579081331506425
62649,0.0767136118756124
62650,0.0688860152389261
62651,0.17223609791283456
62652,0.12345803593921356
62653,0.07139853224129913
62654,0.1011041837409993
62655,0.12178840964383367
62656,0.2496378905108659
62657,0.23146970429208044
62658,0.10402688879896695
62659,0.13167830919603354
62660,0.10065134261291919
62661,0.41540288670219366
62662,0.17985639109934337
62663,0.09422636713668317
62664,0.28223469517163824
62665,0.13311902010311222
62666,0.12335177093188157
62667,0.15258149294702225
62668,0.06025799026589723
62669,0.22882470209099903
62670,0.06863843293974733
62671,0.13006894612757108
62672,0.123717631914311
62673,0.08218671969089979
62674,0.2708055888594418
62675,0.1938658071692746
62676,0.1766440357789282
62677,0.07144589179288992
62678,0.19807206705937047
62679,0.13790651603113593
62680,0.05372031650694318
62681,0.09748073608248577
62682,0.0896034589054989
62683,0.08810334663271123
62684,0.16736659031632325
62685,0.0945007755096554
62686,0.09449517994542575
62687,0.1442594131965761
62688,0.17623402852174033
62689,0.14302830740095696
62690,0.0869906634796778
62691,0.14576689867694315
62692,0.14557224318460815
62693,0.12073720530798837
62694,0.31249887465347226
62695,0.11524379475885911
62696,0.19867560142176824
62697,0.15954138524473713
62698,0.15313462820525625
62699,0.3125682268901001
62700,0.035229209390554836
62701,0.10604579640406031
62702,0.11065294778325475
62703,0.2793643547977395
62704,0.20040547856287738
62705,0.1265077175837183
62706,0.05249394082489272
62707,0.21374241708903813
62708,0.44407934325786186
62709,0.14480835209144755
62710,0.22365253869206897
62711,0.09486248636746097
62712,0.285730349656681
62713,0.09089709886208568
62714,0.12973952649689383
62715,0.09738018934394606
62716,0.0476332756338474
62717,0.22555395636680067
62718,0.18729273898031082
62719,0.12361837458538952
62720,0.29682606656442223
62721,0.14179608624988477
62722,0.10767997592548917
62723,0.14896369623352063
62724,0.15126464532759767
62725,0.08281353213376176
62726,0.06744831750307594
62727,0.06785339215764946
62728,0.21424732988201
62729,0.1027236265822665
62730,0.06669040819406101
62731,0.14751421902546302
62732,0.08673948889806239
62733,0.09101063777139916
62734,0.26960106148093466
62735,0.11907369543175114
62736,0.0715849065621619
62737,0.2983476483804873
62738,0.19203259525971023
62739,0.17030610560188178
62740,0.12349569106613559
62741,0.1363209200382035
62742,0.30938099942338115
62743,0.07559337655579366
62744,0.3155164759079941
62745,0.14097168825065873
62746,0.17556340952559704
62747,0.07087511009218292
62748,0.04236925274030982
62749,0.35088418896068535
62750,0.11818922707015052
62751,0.16425454161253752
62752,0.08140474683871406
62753,0.1372773092648409
62754,0.11846999294147209
62755,0.1802842825663967
62756,0.07441685411965238
62757,0.04176473030825583
62758,0.14062306068471053
62759,0.10578979976563405
62760,0.14581414374130247
62761,0.39451444352268067
62762,0.1759411374940308
62763,0.43026556416415274
62764,0.11618188121921212
62765,0.06326598044453258
62766,0.1259025515034216
62767,0.09535946689251253
62768,0.12576929323983516
62769,0.09985032546654697
62770,0.11644353831929063
62771,0.08626852308771397
62772,0.04770868180051412
62773,0.09167706295094245
62774,0.07132585372450996
62775,0.34216317083436093
62776,0.29522264774090834
62777,0.18517437863802622
62778,0.05272074952855223
62779,0.18622794507636817
62780,0.05015728388258273
62781,0.17107187473372934
62782,0.11035087826784627
62783,0.05532843560457686
62784,0.2689884865827678
62785,0.18618399875833017
62786,0.24484946437867464
62787,0.1514171909029122
62788,0.1220174511119886
62789,0.10484050898949936
62790,0.1338402129211163
62791,0.24744739834875645
62792,0.14495704940926873
62793,0.14353911044394502
62794,0.2371430227709035
62795,0.06018843334959353
62796,0.16862333023416695
62797,0.08499437691764047
62798,0.18331310626701058
62799,0.06980878784377828
62800,0.16983223116597232
62801,0.20972441150317073
62802,0.22594920178091432
62803,0.11233580006695436
62804,0.09137920360300293
62805,0.04216856805329028
62806,0.095890044578471
62807,0.11982838627758396
62808,0.22688498347062086
62809,0.16161669496575845
62810,0.1303380608214344
62811,0.12380333927101472
62812,0.18609324862985965
62813,0.13374687374393496
62814,0.07253103904667281
62815,0.08043002435593831
62816,0.07511203711154503
62817,0.256568843551041
62818,0.12522351438545998
62819,0.12842854825953956
62820,0.15981992644044907
62821,0.03322000624022945
62822,0.19128076651168255
62823,0.10736758998854151
62824,0.08563350136322646
62825,0.3340691997049366
62826,0.12336924655601564
62827,0.14385168038799365
62828,0.16775378979071628
62829,0.08612351235767418
62830,0.13065782418745447
62831,0.13890579311112783
62832,0.2924917639436991
62833,0.08327750500024288
62834,0.14945897646102901
62835,0.3106123591661528
62836,0.14971209174624617
62837,0.13708123837372607
62838,0.04045118508578892
62839,0.11898945424985304
62840,0.05620661036059695
62841,0.05814492867588639
62842,0.07777562004284251
62843,0.1406801824788759
62844,0.18791034663126077
62845,0.16461245798193333
62846,0.06085694788504637
62847,0.12775766838533395
62848,0.13474867213450192
62849,0.11692161954496895
62850,0.13009330783577902
62851,0.283873855489204
62852,0.09830681661874599
62853,0.15769475898974863
62854,0.12729992898858525
62855,0.12216263733232724
62856,0.13967470956293324
62857,0.13179875751298434
62858,0.314390703485336
62859,0.19820616072069341
62860,0.15447426321832355
62861,0.1298920297233772
62862,0.12448858808208461
62863,0.12386704830709637
62864,0.23840112224327992
62865,0.15568443062055007
62866,0.20770851348028044
62867,0.054549005906586484
62868,0.08020039184104365
62869,0.0835855994744318
62870,0.19467547068395918
62871,0.09865375257958364
62872,0.0607152825549543
62873,0.16455593076576866
62874,0.05797560955862077
62875,0.16520404468834063
62876,0.10340753050936557
62877,0.03821027697235793
62878,0.05295715903288721
62879,0.1679713420106494
62880,0.2393903947775628
62881,0.14487128422341095
62882,0.16409423457451563
62883,0.2425394904791149
62884,0.08623440394523911
62885,0.09667131638751987
62886,0.15555162679334905
62887,0.126689318948249
62888,0.057931328372818135
62889,0.06443998189583089
62890,0.04755146160517315
62891,0.05329073499464132
62892,0.049977719447301144
62893,0.12190234549762419
62894,0.13844247823129802
62895,0.06310837492308015
62896,0.10152193810811515
62897,0.10259904602679484
62898,0.2286233939719688
62899,0.12788455343641147
62900,0.28288318642842275
62901,0.28894008933342197
62902,0.11380593666055154
62903,0.3052334462531291
62904,0.11935462791126912
62905,0.10889615532941307
62906,0.12585419188165423
62907,0.2725257345089408
62908,0.2405697914614509
62909,0.06467677647907187
62910,0.06292346511388647
62911,0.045526942587485145
62912,0.24858634494384732
62913,0.1823865515229762
62914,0.16937732067002684
62915,0.1426905936703824
62916,0.15215489226265794
62917,0.05274122491227793
62918,0.06299126018491763
62919,0.15404303669976668
62920,0.04891091823622226
62921,0.11079407231449172
62922,0.10046110750368589
62923,0.12483837108841227
62924,0.17346877816349238
62925,0.12356800308951936
62926,0.1898496649534397
62927,0.10739427640640989
62928,0.15170141749721444
62929,0.09679958158004491
62930,0.04732932955455288
62931,0.0622593289563472
62932,0.14057053979530698
62933,0.15556360840164898
62934,0.22493960220078846
62935,0.17969398134172518
62936,0.3452944288835655
62937,0.13385619264387588
62938,0.18534793346718484
62939,0.0981004300866943
62940,0.2013784552547201
62941,0.1407712122063479
62942,0.19679008831910386
62943,0.04726522764037474
62944,0.10544147543106928
62945,0.20753205255490548
62946,0.07222828649563871
62947,0.2571773141688693
62948,0.09562776782155019
62949,0.08584310954332429
62950,0.15287255415278753
62951,0.2788704233631364
62952,0.1372423237224961
62953,0.07998296265049067
62954,0.06855337622143226
62955,0.0865349289589891
62956,0.2741542014241487
62957,0.13583459479266252
62958,0.05785443095074743
62959,0.0793099549381456
62960,0.07111753747744709
62961,0.184357925207597
62962,0.12975321855609054
62963,0.281953661054707
62964,0.06379899503726713
62965,0.09163799637190222
62966,0.11792331435740226
62967,0.3345324142260842
62968,0.09164927377980675
62969,0.09522844488883382
62970,0.09274374048619694
62971,0.1210438658335203
62972,0.16546997464753013
62973,0.087425388200905
62974,0.04446912530262741
62975,0.11152094688659904
62976,0.10930627946363418
62977,0.15722615735152876
62978,0.3077920823667571
62979,0.04257972824170269
62980,0.1337250007323157
62981,0.14035230005524216
62982,0.2616670421033015
62983,0.1265481037626325
62984,0.08774909786690224
62985,0.115497742480444
62986,0.22887427555816428
62987,0.32398655819062866
62988,0.11843577182709181
62989,0.11844551866305447
62990,0.18510207799469952
62991,0.0907506579259684
62992,0.07722940825275448
62993,0.06405107441750796
62994,0.07564882870624652
62995,0.0957950891772239
62996,0.049707045416609585
62997,0.19275324241774616
62998,0.09922657668848243
62999,0.14731590248711054
63000,0.12195762268837376
63001,0.11725731288666663
63002,0.09708658014582804
63003,0.22431271725905322
63004,0.1668068036986934
63005,0.058629145399822
63006,0.07061474381084659
63007,0.0698864231691677
63008,0.15297097810450333
63009,0.2228934078022024
63010,0.10801881440438718
63011,0.07871836402733554
63012,0.18924289636172248
63013,0.129601606853383
63014,0.10473169721617925
63015,0.09603592154624699
63016,0.1134100845251352
63017,0.05142564628436224
63018,0.2129126611166618
63019,0.2878086363273676
63020,0.12846777973175383
63021,0.27690441491789236
63022,0.12659334173180634
63023,0.17980524821961916
63024,0.17736244468325746
63025,0.07112924349689959
63026,0.05036750220805645
63027,0.1294815024510104
63028,0.09550199060700873
63029,0.16620190550641337
63030,0.10162942524221143
63031,0.062238012196074305
63032,0.20594604030151922
63033,0.18275477856471364
63034,0.3252881036511785
63035,0.11739193837678143
63036,0.10474660325338277
63037,0.11958933103417028
63038,0.0729973319934146
63039,0.18231899932666065
63040,0.14302636040246625
63041,0.24542169698654293
63042,0.0763908182919248
63043,0.08067802080843502
63044,0.11269851320704881
63045,0.10813142659209485
63046,0.1125247023274746
63047,0.15389545419196385
63048,0.4238349824631389
63049,0.23493957160816806
63050,0.12599847907278555
63051,0.08968382073575247
63052,0.10379585594335307
63053,0.12433093084638751
63054,0.05047412324304429
63055,0.08665040490223314
63056,0.41290681019995745
63057,0.2172472914092176
63058,0.23067714801060343
63059,0.17711364216590297
63060,0.06127428966776391
63061,0.2970293058396154
63062,0.1380488536028953
63063,0.10573925021884269
63064,0.20834782443715516
63065,0.0985452692654833
63066,0.1275745924943084
63067,0.32780772493719035
63068,0.14697550928606154
63069,0.15849372172956186
63070,0.20024694924308206
63071,0.0438365420114016
63072,0.047966003047909156
63073,0.04612005509483906
63074,0.07477730137734145
63075,0.31521097724360875
63076,0.27572379344854314
63077,0.3010283319710285
63078,0.04924634749764139
63079,0.08244854013315639
63080,0.1000024905871411
63081,0.1274126896739302
63082,0.34760140097292364
63083,0.08809212708405341
63084,0.1606178956485535
63085,0.3529899614738907
63086,0.17148857697835956
63087,0.05878223020103236
63088,0.2311262407415885
63089,0.3072392318430218
63090,0.04390510996505205
63091,0.11439054056438662
63092,0.09628177894976037
63093,0.15432285531217405
63094,0.10313193497217638
63095,0.06472757165786953
63096,0.11848284195676935
63097,0.12856539669227227
63098,0.12514346350610833
63099,0.10489670256992654
63100,0.1448852839917782
63101,0.2959026463392865
63102,0.05091728861850259
63103,0.03633737081105455
63104,0.04554716291435749
63105,0.3032270163748543
63106,0.16372574322564232
63107,0.08234034390949475
63108,0.05094531301862842
63109,0.13576891618877932
63110,0.14479400314689486
63111,0.1662959298191612
63112,0.1564022486787056
63113,0.12684405528402698
63114,0.18751411719453032
63115,0.3256462601979771
63116,0.25739656364953567
63117,0.07014606093013297
63118,0.20533716351444462
63119,0.24102140306643466
63120,0.10313110882241337
63121,0.07564938562673744
63122,0.15166684480964765
63123,0.11683793480952287
63124,0.12597292254427966
63125,0.06046624994026799
63126,0.14303015699700478
63127,0.05137199156853145
63128,0.15246481794541064
63129,0.07103439031868077
63130,0.2587105572221136
63131,0.06511279187183655
63132,0.08520539251256393
63133,0.17268116966624394
63134,0.13660587093476714
63135,0.09589836611002919
63136,0.1417662636872786
63137,0.18614259152788826
63138,0.15424555024336917
63139,0.173456166475101
63140,0.14690694248501213
63141,0.0723076081394181
63142,0.08128248566419134
63143,0.06065678540227147
63144,0.12349134781662058
63145,0.22110658564999175
63146,0.08302047469369328
63147,0.14071363700642903
63148,0.20021860110006404
63149,0.1267965707535493
63150,0.11685458194326044
63151,0.13298907890465164
63152,0.12348020143408668
63153,0.1216123314825317
63154,0.12791806514023712
63155,0.13575886084026345
63156,0.07605079317596161
63157,0.0843137577728241
63158,0.11046044197208854
63159,0.13204842973627168
63160,0.1271067352489141
63161,0.12572660121626936
63162,0.10680910276881174
63163,0.11915757515441716
63164,0.1170606629045926
63165,0.14499747468820687
63166,0.1333334955206011
63167,0.1257013537256557
63168,0.10103690370370438
63169,0.1258979406400454
63170,0.14293132734376976
63171,0.12212536855315352
63172,0.1093696904587105
63173,0.12667885776075688
63174,0.10648621702456076
63175,0.11957030523597215
63176,0.14922145468192305
63177,0.11939159809741554
63178,0.1247339494299043
63179,0.09300337730162059
63180,0.12969203889520878
63181,0.11312204692658241
63182,0.14399915416259668
63183,0.08685590564351246
63184,0.11311702043929431
63185,0.12280939255040267
63186,0.11883893857136199
63187,0.11537336098182344
63188,0.12809373432921162
63189,0.12004569857091134
63190,0.12293331041383482
63191,0.13196792701072121
63192,0.12465361576710433
63193,0.11512448280582434
63194,0.11991583576860218
63195,0.10437383866217298
63196,0.33274194382068334
63197,0.12893092569394166
63198,0.12118343613117392
63199,0.11974919773310802
63200,0.12355079081331892
63201,0.11882798145117474
63202,0.12222654076184765
63203,0.10864951209548335
63204,0.16678338120114614
63205,0.12486831114934333
63206,0.1309509405407119
63207,0.12204541786054512
63208,0.11874014821258144
63209,0.13239839027352485
63210,0.13468892815020406
63211,0.12091473250449339
63212,0.08987818143599262
63213,0.12774226269953548
63214,0.11263448332603399
63215,0.11908191428687206
63216,0.1039732855890678
63217,0.11374470868395958
63218,0.08999192621970126
63219,0.11219470290376628
63220,0.12836078260670583
63221,0.14147791907144527
63222,0.10247333031988395
63223,0.13977537922921215
63224,0.09828145315176362
63225,0.1379017648861039
63226,0.140588764505144
63227,0.11764094343732524
63228,0.09373216427056746
63229,0.15307099630396248
63230,0.17033004302852117
63231,0.11170685914067877
63232,0.11823370624213118
63233,0.1034996704910369
63234,0.1350688281100516
63235,0.12706095375206036
63236,0.10429705237259494
63237,0.11083503853335289
63238,0.1311640203998296
63239,0.15302583647144768
63240,0.2120960106055711
63241,0.17234751183678862
63242,0.12117602440542743
63243,0.1174187536170351
63244,0.10924307258841008
63245,0.10646440025820679
63246,0.10799683497329904
63247,0.13009255248759422
63248,0.12813881858245266
63249,0.11986228809854528
63250,0.13267670537555484
63251,0.12243989741704209
63252,0.1352925031223656
63253,0.13580800912875948
63254,0.4755675979005686
63255,0.10891085289847995
63256,0.14814457015422788
63257,0.060617648007155106
63258,0.1234751860958301
63259,0.3667286073123502
63260,0.13337956890329053
63261,0.29559157980861706
63262,0.11775523324088816
63263,0.1260521590164814
63264,0.11957440163803137
63265,0.11848543876881451
63266,0.14283488836450084
63267,0.10684587729628434
63268,0.14257307733216326
63269,0.11786114707329558
63270,0.14657285264631828
63271,0.12457456650881887
63272,0.11677229823637611
63273,0.15343113799893787
63274,0.15005442638308797
63275,0.07428363544135755
63276,0.13689902480102698
63277,0.12663742948902076
63278,0.11871840438797036
63279,0.09877959518667881
63280,0.12144855616072549
63281,0.11946443048471743
63282,0.10720824625255766
63283,0.0532537989961519
63284,0.12159393180310685
63285,0.12593862310920717
63286,0.10580661003366222
63287,0.12972598659324724
63288,0.1260377675848377
63289,0.13197326265494552
63290,0.16590291587177894
63291,0.12564638555482346
63292,0.1361290977147488
63293,0.11615373252237997
63294,0.11511551610869504
63295,0.1254544653751666
63296,0.06459448845274518
63297,0.11430593881533069
63298,0.06877039242969116
63299,0.12073883583005944
63300,0.11198541924212578
63301,0.11906825542802264
63302,0.14244152277944566
63303,0.1485471258850608
63304,0.09615361834019336
63305,0.12749973030855127
63306,0.10392412735040797
63307,0.11828915264171053
63308,0.12539967211307365
63309,0.12444713763735356
63310,0.11498929023962688
63311,0.10115569338407367
63312,0.13009766352131547
63313,0.11056197587040653
63314,0.10733237131287203
63315,0.12405762279347107
63316,0.13297506368331755
63317,0.1045054442966106
63318,0.117360887599893
63319,0.08144031429977622
63320,0.1164996067611454
63321,0.27641112094972314
63322,0.12834061314829262
63323,0.09759093110416422
63324,0.11804367686740717
63325,0.11991445210138248
63326,0.08326237421293364
63327,0.1140540970927283
63328,0.1335494883020751
63329,0.11140000051731375
63330,0.12148052197682581
63331,0.11437543564397014
63332,0.13740329873188772
63333,0.11944363462007673
63334,0.12892713576663342
63335,0.10967098130688795
63336,0.12209888406430582
63337,0.12223657740207229
63338,0.10888604045412209
63339,0.057658417616484
63340,0.1245289526234467
63341,0.11223142009484528
63342,0.14411078857027543
63343,0.13692770767256843
63344,0.11240350295023485
63345,0.11736899783543801
63346,0.12567086021090032
63347,0.13296069149792222
63348,0.10272633984159824
63349,0.1056372368426848
63350,0.07240026249723477
63351,0.08855099392082905
63352,0.13604504775912105
63353,0.11123649634531696
63354,0.11827201107361172
63355,0.33023279770588504
63356,0.13340017126576936
63357,0.12207757297387455
63358,0.143456529206759
63359,0.11748324203246553
63360,0.13439770395163492
63361,0.06418146636969306
63362,0.14724371574068018
63363,0.10740302426867038
63364,0.07488925964863494
63365,0.13163194603145714
63366,0.11178909607753262
63367,0.12784465714227725
63368,0.07080276448715547
63369,0.13727130560894765
63370,0.12583188235498313
63371,0.12442008754064637
63372,0.10509246621516721
63373,0.1177354082220503
63374,0.13283617516459362
63375,0.10579730181615381
63376,0.1080450050894778
63377,0.11569439786564567
63378,0.1253185452299353
63379,0.09888938477344753
63380,0.1467295110430333
63381,0.12833589167435988
63382,0.13800483257051566
63383,0.07561250617850018
63384,0.14858675885747427
63385,0.07948954174227305
63386,0.11356950872227815
63387,0.10100343222736591
63388,0.11664562909015799
63389,0.12090404475627219
63390,0.12097861392532591
63391,0.13395325199863928
63392,0.13303771486509797
63393,0.1412771763710275
63394,0.11682265243174154
63395,0.13172742972965623
63396,0.12042045215737111
63397,0.11693651527817239
63398,0.12526511370109855
63399,0.131953595675196
63400,0.15050228027162427
63401,0.12999291971776464
63402,0.10577391089719047
63403,0.109433622982781
63404,0.10713514171995642
63405,0.136378587458478
63406,0.12204783968061587
63407,0.0966036567794853
63408,0.1344949077526821
63409,0.15151897084313545
63410,0.13511295777838375
63411,0.11315221384770828
63412,0.11837857054288656
63413,0.1046147874149588
63414,0.1283356540659986
63415,0.12604209751146234
63416,0.09560720406874168
63417,0.12099571442389882
63418,0.09256895898902709
63419,0.11406267596807063
63420,0.1306344454302137
63421,0.10996695829188417
63422,0.12030109549617823
63423,0.09494174181714336
63424,0.12475425357730048
63425,0.13277221376968545
63426,0.1119535247399484
63427,0.12537340376421366
63428,0.12233235452181061
63429,0.12557149385962973
63430,0.09335059277015664
63431,0.12794035570593515
63432,0.11710925757356774
63433,0.1271297868621422
63434,0.10207235811759019
63435,0.11222445358059831
63436,0.1331412215444778
63437,0.13098294557738546
63438,0.133315118230175
63439,0.12252742727514818
63440,0.12512065682005524
63441,0.11400309953854443
63442,0.10925694822216786
63443,0.12225034584225686
63444,0.13440422151174553
63445,0.13143617141851846
63446,0.12100117608054418
63447,0.13239990275234997
63448,0.09987114495155029
63449,0.14210975779180393
63450,0.14289729233641993
63451,0.13249871129623494
63452,0.2520835060057215
63453,0.38151173940840577
63454,0.12164859964523055
63455,0.1466855933450305
63456,0.11076178117456402
63457,0.12535813485135586
63458,0.12710704436904013
63459,0.13935991060012065
63460,0.11238139311661989
63461,0.1392819715941616
63462,0.1531402140273175
63463,0.11448794192239507
63464,0.11567668653801177
63465,0.12947189489339525
63466,0.1378759469463868
63467,0.23701376442077127
63468,0.12951343511480354
63469,0.1471505312181088
63470,0.11718021068931903
63471,0.11064741387071818
63472,0.1141906001869916
63473,0.12948769056778925
63474,0.05440664387564557
63475,0.10573970085048096
63476,0.10617634699997558
63477,0.11073370722318479
63478,0.12239908642368644
63479,0.12200791700786205
63480,0.07899718476578571
63481,0.13090724879414903
63482,0.13425044931783578
63483,0.129989513916316
63484,0.1269579833732167
63485,0.11326027473511498
63486,0.14472182978679848
63487,0.11135417767525553
63488,0.21198440581172834
63489,0.13768212204745695
63490,0.12787661089143526
63491,0.13396227749544878
63492,0.11153087813227786
63493,0.1163164425376685
63494,0.1261918685974725
63495,0.14549507203121975
63496,0.12246787503289876
63497,0.11818435676163278
63498,0.07890214921880853
63499,0.1092251743916203
63500,0.11795412340959008
63501,0.4562201402758295
63502,0.13666100820291294
63503,0.1035915754782945
63504,0.14917880668162836
63505,0.13004942500329636
63506,0.12901446286394314
63507,0.12967902414581467
63508,0.1284146129080781
63509,0.1214795332753825
63510,0.13110249108915786
63511,0.10287089292939107
63512,0.11372162656230285
63513,0.0905005011722485
63514,0.12630614523007494
63515,0.11823144770042342
63516,0.12583145837317714
63517,0.1377741097750273
63518,0.21371394560853504
63519,0.09460120935894221
63520,0.11474972420020862
63521,0.12182300635424641
63522,0.1249235486323867
63523,0.1276906999621031
63524,0.15850037445211598
63525,0.14528713941229884
63526,0.11800642536927992
63527,0.138458731594489
63528,0.08537173804290384
63529,0.14218344216799722
63530,0.4298514561667736
63531,0.15794482281847425
63532,0.1253215942380854
63533,0.12712254549289795
63534,0.1300796606194773
63535,0.13526721448423062
63536,0.10278999202191687
63537,0.1282812403701643
63538,0.11252362704643694
63539,0.10930895094748765
63540,0.11663446694367206
63541,0.12090778202199959
63542,0.11821438890846771
63543,0.12270047279469101
63544,0.10695998501184299
63545,0.12264159178942399
63546,0.15692999907966132
63547,0.11358170877561324
63548,0.12308820078914703
63549,0.13647288335024652
63550,0.1123986869203489
63551,0.12437296916189516
63552,0.12962317915278668
63553,0.11279942846411566
63554,0.07152780659010856
63555,0.14511459848544495
63556,0.12121757979210138
63557,0.12724611784574966
63558,0.1264131735592829
63559,0.5286556820823854
63560,0.10473806603586391
63561,0.12086010869341833
63562,0.11927147270071363
63563,0.11565487214045571
63564,0.07545528023303777
63565,0.12525428821192044
63566,0.1387850371944349
63567,0.1296031510847792
63568,0.12451112979431102
63569,0.13009690595815981
63570,0.12393882983614166
63571,0.11176341797784084
63572,0.13987696386183215
63573,0.09714400546598749
63574,0.5032516452240933
63575,0.13783590990287065
63576,0.1024002798617546
63577,0.1282738653616305
63578,0.13309745004426565
63579,0.11654006423226532
63580,0.11469998440162585
63581,0.14457575795927677
63582,0.08314936142094793
63583,0.13258750999258656
63584,0.11998192794465636
63585,0.06807404272914495
63586,0.12980109403216564
63587,0.14046776622165139
63588,0.12604419434697375
63589,0.06489323427024785
63590,0.13360823513470077
63591,0.13349068554856355
63592,0.13707805372362855
63593,0.3609029096349895
63594,0.13442694419466403
63595,0.13674222848220055
63596,0.11350093379780463
63597,0.10014929934151758
63598,0.12322607046210576
63599,0.12751780669005625
63600,0.13105199540654255
63601,0.13020592056740754
63602,0.1066592355158255
63603,0.12078964406447273
63604,0.08821962387268327
63605,0.07373130647599922
63606,0.11829366951561289
63607,0.11685346306836022
63608,0.11704254222236894
63609,0.09698740668458816
63610,0.11319014506979361
63611,0.12408157556799476
63612,0.07747373111129266
63613,0.41128861635222264
63614,0.1255514042385777
63615,0.04125897580680932
63616,0.12427880552430906
63617,0.0868323061644213
63618,0.08899428256735599
63619,0.12869462561397707
63620,0.08992223131536058
63621,0.13757541183366467
63622,0.1284540684723068
63623,0.11865084734521578
63624,0.12804593982212906
63625,0.1304671731292101
63626,0.12476214436066277
63627,0.12309342249679076
63628,0.12702746453051683
63629,0.1271379475571406
63630,0.04441134675655075
63631,0.11488952609334568
63632,0.09881489383053893
63633,0.12542647650037728
63634,0.119188086212312
63635,0.10507615125306137
63636,0.10569728013790874
63637,0.13870559901996776
63638,0.06917004930732064
63639,0.11002199889876191
63640,0.12308993129721278
63641,0.13097338375597814
63642,0.06849903642543467
63643,0.0921021524983944
63644,0.11502753773671416
63645,0.124703079553354
63646,0.0944794235467222
63647,0.14376444580198172
63648,0.11629865770440963
63649,0.11822935515320801
63650,0.11821938806359651
63651,0.12496384812490455
63652,0.1420763872244832
63653,0.11898890449018351
63654,0.12042099985190494
63655,0.09700383861426973
63656,0.12390727403814328
63657,0.1375168851345725
63658,0.15305943548157103
63659,0.09780743272000263
63660,0.12301731676078455
63661,0.11258831300529798
63662,0.12483940820961953
63663,0.12496531994729795
63664,0.07494861144094278
63665,0.09188542905275976
63666,0.12080679884856604
63667,0.1118890840130628
63668,0.13903938629892815
63669,0.130359774821834
63670,0.12301407515445749
63671,0.15457158503411858
63672,0.095076162580232
63673,0.11094570627036504
63674,0.12635695696074986
63675,0.07280941097640958
63676,0.11867758092560475
63677,0.1280334804596324
63678,0.12432762748401224
63679,0.12384441467252295
63680,0.0844712148125929
63681,0.12401003422781313
63682,0.2118526141129976
63683,0.11709837358595931
63684,0.06217994088957726
63685,0.132344045037593
63686,0.09893740895620481
63687,0.1211210231242918
63688,0.13609624270026657
63689,0.12295910752695478
63690,0.1462663726786229
63691,0.11599584356518668
63692,0.10795438877886888
63693,0.12776515778015815
63694,0.08054856278534085
63695,0.13216553151271065
63696,0.1836984856849404
63697,0.1279606612577171
63698,0.12472464652085069
63699,0.11685256284124934
63700,0.12285685768682736
63701,0.127638415081198
63702,0.14222968409421646
63703,0.11289387407409604
63704,0.1275261731262602
63705,0.05620851775362916
63706,0.1256814505854643
63707,0.10522019478078046
63708,0.10336806673596895
63709,0.1424704979435514
63710,0.18105271660050612
63711,0.12357778807939454
63712,0.12709173445482347
63713,0.130130853889783
63714,0.11597012921168232
63715,0.1441445213494088
63716,0.1318037732054686
63717,0.13730952815198386
63718,0.07959852421536454
63719,0.06566580606145665
63720,0.11468778573811891
63721,0.10982030744475711
63722,0.0946761564037708
63723,0.1416600743429995
63724,0.13889133321761846
63725,0.11211393905923003
63726,0.12586705337952692
63727,0.10997631196137213
63728,0.11715914252253079
63729,0.12354137444443193
63730,0.10848800059620937
63731,0.1255638174010138
63732,0.15058838997496535
63733,0.12435296073853817
63734,0.11334335436500055
63735,0.12802835912959332
63736,0.12274455801515836
63737,0.11371219470305632
63738,0.13248219881595225
63739,0.14419040504167777
63740,0.3863916816041945
63741,0.11251174196481124
63742,0.10152763336344786
63743,0.10575143648013867
63744,0.08064828616773394
63745,0.13374346203184068
63746,0.09573486265045768
63747,0.09865858708566068
63748,0.12356258427910773
63749,0.14279200937103265
63750,0.12331359023221285
63751,0.10852785437345909
63752,0.13510569451107537
63753,0.12004854447310609
63754,0.09284536664856631
63755,0.1203470209812716
63756,0.13175574705457352
63757,0.0891458589857018
63758,0.07448228702205044
63759,0.12186751045413587
63760,0.11296120506304488
63761,0.10986256706633783
63762,0.12896606311088868
63763,0.12619381617951697
63764,0.08142492276881211
63765,0.13919908241357057
63766,0.12499735593952592
63767,0.07018214373586852
63768,0.12784962176197265
63769,0.1212125412426756
63770,0.12371237867084812
63771,0.11658974475298964
63772,0.13666813802982256
63773,0.13129865654748726
63774,0.11905272282273993
63775,0.07771274977778846
63776,0.12087859541461336
63777,0.11236897435706412
63778,0.13147338450023116
63779,0.12367495306944347
63780,0.13893700351648072
63781,0.12030359807129129
63782,0.13500494202191587
63783,0.11915902563151538
63784,0.12151809775871858
63785,0.126305858585353
63786,0.12469676563489854
63787,0.10380515973464668
63788,0.13542554597849218
63789,0.1258503439063422
63790,0.11089832913738887
63791,0.12281057284982878
63792,0.4761156784991277
63793,0.12264003145260183
63794,0.3630716772664132
63795,0.10247319359018699
63796,0.11819300804300614
63797,0.13066720916322586
63798,0.15483112362950627
63799,0.15514212008751604
63800,0.1290897763996474
63801,0.07987322358521194
63802,0.13221266389927297
63803,0.11442943935165503
63804,0.1197552410591323
63805,0.10918799362346245
63806,0.4112837261999053
63807,0.12923034821088988
63808,0.11715316799999265
63809,0.15233831128866246
63810,0.14960771226712435
63811,0.11480405046095214
63812,0.06272680841582415
63813,0.08603739723605808
63814,0.1248404594129509
63815,0.12095437551324997
63816,0.12515924108467472
63817,0.1417661877284754
63818,0.10426431099837621
63819,0.12637052304744906
63820,0.12298871288204193
63821,0.10868629004494838
63822,0.13331744781749935
63823,0.13761225543911026
63824,0.12293537036443071
63825,0.06857000849315012
63826,0.15448060989605883
63827,0.11362178501524423
63828,0.1046856716272554
63829,0.10122415960944996
63830,0.11027690286544539
63831,0.1276293304968047
63832,0.11420679350724211
63833,0.11086718182937998
63834,0.12626576103936213
63835,0.13863125844491936
63836,0.0688671382215304
63837,0.3511906773761749
63838,0.11799088614338774
63839,0.12998578285939727
63840,0.1500520289099901
63841,0.11062021968777976
63842,0.10579481928928411
63843,0.11781115440990493
63844,0.10464492431210536
63845,0.1398702304354429
63846,0.5024017541420882
63847,0.12336637683063259
63848,0.07557451024850949
63849,0.10542966810093303
63850,0.13334114053633986
63851,0.11353739861878213
63852,0.11459139867331215
63853,0.13031826477254108
63854,0.13174508740554314
63855,0.12363181598859063
63856,0.11349372387888668
63857,0.06931264343806465
63858,0.1274031749087394
63859,0.13539001420519103
63860,0.12922759312809576
63861,0.09686184673011144
63862,0.08242052744093363
63863,0.09706608361894496
63864,0.07665764261708422
63865,0.13224047851769716
63866,0.09492873954988088
63867,0.1214946562119605
63868,0.11930570355880563
63869,0.12749779473734824
63870,0.1262561730829927
63871,0.10899425465394415
63872,0.11629055327322083
63873,0.12437954342643436
63874,0.20944097668253545
63875,0.1262495332097117
63876,0.1314241515668227
63877,0.11074206124330155
63878,0.1214313753217034
63879,0.10599175322060704
63880,0.13078241903933782
63881,0.11795578339037835
63882,0.11459891433920383
63883,0.12078794720824923
63884,0.10840740765315253
63885,0.10834720102734574
63886,0.12164392867821963
63887,0.106879033914776
63888,0.1219970017464047
63889,0.1194206128633239
63890,0.1426510362736306
63891,0.057685078129513075
63892,0.11559268354286092
63893,0.06549040437465097
63894,0.07565422872014298
63895,0.11533848467489963
63896,0.06705511060941187
63897,0.14045212761281672
63898,0.13510986646886228
63899,0.13823769503951272
63900,0.1471050824250097
63901,0.11507514307938896
63902,0.11449273929503578
63903,0.12247534398272959
63904,0.12370733088321445
63905,0.08305884068208085
63906,0.13652903543621697
63907,0.12280149293680193
63908,0.12478374407602083
63909,0.11737425278879425
63910,0.08743720066176414
63911,0.12971346734723477
63912,0.11885184983013074
63913,0.27632113076223985
63914,0.16542300512765853
63915,0.13230398674266639
63916,0.11533571120011046
63917,0.11056485217320486
63918,0.13327666125677068
63919,0.1441981638130354
63920,0.11356737791724368
63921,0.13598445807914616
63922,0.388062380965412
63923,0.13061735959277376
63924,0.49813391177811767
63925,0.13204730436261866
63926,0.144257778286167
63927,0.11981167308458245
63928,0.1196636170771857
63929,0.1286781922631157
63930,0.11057720308931063
63931,0.1196516793684106
63932,0.12922946143450348
63933,0.1165105813780943
63934,0.10818932290253848
63935,0.13603440273522482
63936,0.13205602964998675
63937,0.10765093567877737
63938,0.14602067218854284
63939,0.12064498890015594
63940,0.19973979995572624
63941,0.13314798877087183
63942,0.0682025917258995
63943,0.11410840680335953
63944,0.13603342324227372
63945,0.12061291353177966
63946,0.1230980309259438
63947,0.1184961988812891
63948,0.15236851361840384
63949,0.11319449261361637
63950,0.12785798476511245
63951,0.12776895821034442
63952,0.12698378769159369
63953,0.10582001025097372
63954,0.10886255117233819
63955,0.11898152749799383
63956,0.12160105394925459
63957,0.12551638289936592
63958,0.12314099224080247
63959,0.11301649066561686
63960,0.1338834672298772
63961,0.12914029512971845
63962,0.11122000351597158
63963,0.09203464886651935
63964,0.13111569929941164
63965,0.1181091898461052
63966,0.11915949180613958
63967,0.0784766928255017
63968,0.12746891654756334
63969,0.10895820734052118
63970,0.12902188180801374
63971,0.1455335758781211
63972,0.13495086305538284
63973,0.11916626772122221
63974,0.07902028511856342
63975,0.11972699404782851
63976,0.1206258573376503
63977,0.12373601341978382
63978,0.15026763884678
63979,0.12841630984585414
63980,0.07193430832985989
63981,0.12386732073019194
63982,0.11975754931972667
63983,0.09405840905426346
63984,0.13228054686493038
63985,0.125659224150764
63986,0.13338326997883085
63987,0.12263855465120298
63988,0.1328644546010978
63989,0.08848675760833581
63990,0.12433712929543045
63991,0.3696226140096157
63992,0.12235533758798128
63993,0.12444194176041166
63994,0.12167628377123674
63995,0.13364155095973454
63996,0.11090861721949878
63997,0.13759310318262732
63998,0.1157887192793994
63999,0.12582200466628832
64000,0.11850952817650885
64001,0.1221285285844316
64002,0.10935643232189875
64003,0.19264339279186463
64004,0.11963050649478754
64005,0.13147041185106745
64006,0.049001428602337554
64007,0.11916837455034635
64008,0.12425930859299167
64009,0.15541158952381307
64010,0.1254314197374634
64011,0.10587515546355815
64012,0.12873240638119243
64013,0.1300675704918424
64014,0.07835516095971619
64015,0.1323356750384138
64016,0.10885411816592766
64017,0.12888716600366673
64018,0.1275239142349553
64019,0.14086066666812005
64020,0.1427529436972308
64021,0.10983948625522932
64022,0.13149589153740404
64023,0.13871234089825552
64024,0.10932314970573571
64025,0.052226388877257265
64026,0.10439700052797199
64027,0.09697350836112863
64028,0.4759917956683048
64029,0.12712673037523942
64030,0.13979593529815348
64031,0.12827672740103616
64032,0.1279119555366921
64033,0.13640311207548575
64034,0.097955941353112
64035,0.12087878560505845
64036,0.10678099770167931
64037,0.10768596686523986
64038,0.12709146944663446
64039,0.12831421131333903
64040,0.11189963349481757
64041,0.08417311419561053
64042,0.0892438131511732
64043,0.11975332495803119
64044,0.10802790385416317
64045,0.13661379279180014
64046,0.1259276222003298
64047,0.1449601481634451
64048,0.11800638129379593
64049,0.10206930626315265
64050,0.1259711376277013
64051,0.11366765925532744
64052,0.12221528162581051
64053,0.10253135199275218
64054,0.15426780823936592
64055,0.23283236539475236
64056,0.124103155447543
64057,0.12927565813448008
64058,0.12478547863632966
64059,0.11547201874670758
64060,0.28938788563145645
64061,0.1286018740542402
64062,0.11644032179255986
64063,0.10252195788351476
64064,0.12933942383445857
64065,0.11069682615615231
64066,0.1423202518852388
64067,0.1524111853283907
64068,0.1321965183646707
64069,0.14656493611813418
64070,0.1025919211364291
64071,0.06864864821406247
64072,0.13404628655617826
64073,0.12039737823857011
64074,0.12822426520693886
64075,0.4371745164758574
64076,0.1029801768033856
64077,0.12338526699268816
64078,0.12724102761120984
64079,0.12377786098495992
64080,0.09797659132194285
64081,0.03391355047120616
64082,0.11941359281780355
64083,0.1242629873994163
64084,0.11801259344971425
64085,0.11896945080931003
64086,0.1192507384637818
64087,0.12883539150013343
64088,0.07184753219533062
64089,0.1250075360125231
64090,0.1275463135450067
64091,0.13553270778620014
64092,0.12636875175004206
64093,0.13471673585443533
64094,0.12418267097789128
64095,0.10520651760067207
64096,0.11611869084171395
64097,0.1132070623532541
64098,0.06939485425547771
64099,0.11864905763829965
64100,0.14249252361089537
64101,0.1330766106529127
64102,0.13720515368357694
64103,0.3533068576307274
64104,0.12482139311920715
64105,0.1250902893387313
64106,0.1153094934815651
64107,0.13548855031365178
64108,0.109278782463612
64109,0.13804984431973438
64110,0.1427120479314576
64111,0.12363350341439952
64112,0.09395615234129587
64113,0.11821580857103063
64114,0.4755097993279274
64115,0.11517978513455855
64116,0.1245503666018733
64117,0.11084786146833757
64118,0.12823070655229515
64119,0.11470118318448229
64120,0.3280864238423643
64121,0.16314825631517177
64122,0.1395602421245901
64123,0.12642996525693756
64124,0.11017271651410526
64125,0.12605120266597908
64126,0.12680976013574408
64127,0.0829985676501981
64128,0.11918115899535892
64129,0.11986715063926526
64130,0.1191845354741309
64131,0.11789898982578878
64132,0.13953266478768028
64133,0.10381158174012961
64134,0.12337091788174229
64135,0.11837555095946052
64136,0.12424548239633774
64137,0.11387441369660009
64138,0.13740595135548447
64139,0.12587786562464148
64140,0.13544551001469723
64141,0.12651777016453766
64142,0.12769720151397818
64143,0.14108390987207145
64144,0.11199984639261439
64145,0.1480826337012579
64146,0.14630035467912392
64147,0.11825311797543253
64148,0.11717059752881859
64149,0.11131284514385659
64150,0.14091852582651385
64151,0.1271370395956965
64152,0.1256981655307119
64153,0.07023157620933165
64154,0.11412492577024765
64155,0.07293197537513799
64156,0.12689491022269037
64157,0.12123723452092303
64158,0.11782307189089981
64159,0.06595778889918369
64160,0.08610785177846098
64161,0.14683351254468802
64162,0.14294359982856453
64163,0.11821084852458304
64164,0.12260359440294968
64165,0.07149874263908529
64166,0.11184225937609482
64167,0.07501764805433166
64168,0.10071511818189677
64169,0.10648378036156346
64170,0.16712772677711907
64171,0.062255094213549515
64172,0.13299856258237056
64173,0.11452677830833367
64174,0.11030500956956542
64175,0.1265615140879358
64176,0.13247688531403431
64177,0.1382234785874733
64178,0.09901718858079703
64179,0.07329545485110556
64180,0.14127216265391343
64181,0.07826075883537342
64182,0.10059744740018563
64183,0.11028870214388609
64184,0.13006133224377595
64185,0.13799325724525854
64186,0.13348952912276735
64187,0.06310997332234851
64188,0.12274609291676108
64189,0.10929343940339444
64190,0.12302939765762895
64191,0.09558319267483459
64192,0.1207259974633753
64193,0.13082976585302789
64194,0.3058833418377431
64195,0.13875407339913187
64196,0.075205760146282
64197,0.13454926432969025
64198,0.10894654142388395
64199,0.2359123145055025
64200,0.13080856905714094
64201,0.13136174032607276
64202,0.10989944954597172
64203,0.12497554533956907
64204,0.11753227071162348
64205,0.11221741145971736
64206,0.1231399630995107
64207,0.15507492219057023
64208,0.12127678173107048
64209,0.11609634078747917
64210,0.075317318390535
64211,0.1104385445120231
64212,0.11048761911634566
64213,0.1070570612891022
64214,0.11029638833439125
64215,0.10303406551587556
64216,0.13040118395690803
64217,0.10953016404991515
64218,0.09017423189024358
64219,0.11803004328887272
64220,0.11943146991751677
64221,0.15723305622234576
64222,0.11667409633983207
64223,0.11851027299053679
64224,0.12087409418762717
64225,0.12523881446171273
64226,0.10984415906661649
64227,0.12055803279386662
64228,0.1135869517469937
64229,0.1274121984849785
64230,0.12494418253557052
64231,0.10659772625500943
64232,0.13793804543215146
64233,0.13371798007403524
64234,0.0956496160288046
64235,0.11007159065078842
64236,0.10936632138423624
64237,0.11836453882299432
64238,0.15035574736768773
64239,0.14175186981772736
64240,0.13582835083128517
64241,0.12341522063708822
64242,0.12083544919378544
64243,0.10046153727390264
64244,0.121827362032308
64245,0.12589684529320105
64246,0.22167259144572551
64247,0.12151871315647426
64248,0.11382200226697246
64249,0.12581468985982017
64250,0.04024880131657906
64251,0.12382122292069571
64252,0.13836371501766087
64253,0.10805645940414045
64254,0.07460908968877786
64255,0.04976745230942049
64256,0.11969909248325632
64257,0.09841049267934698
64258,0.13149631163012548
64259,0.10945596768064618
64260,0.14341471062380992
64261,0.11422488818798604
64262,0.07261010306855377
64263,0.33359079642625267
64264,0.08161189432660883
64265,0.12953068509889187
64266,0.10015648896774619
64267,0.1298856157612377
64268,0.13200026206394255
64269,0.1225713613523078
64270,0.1265211847195558
64271,0.12806963833366067
64272,0.11381082227330697
64273,0.1228523320836519
64274,0.052576281097292045
64275,0.11653280145826125
64276,0.1378935420044096
64277,0.08594709557642366
64278,0.11794690338620098
64279,0.1304456088295414
64280,0.12483147705557535
64281,0.13055310267256162
64282,0.12369144088430072
64283,0.11718210692309709
64284,0.1350503424509485
64285,0.11047511780727251
64286,0.12890519094790037
64287,0.11521920767414755
64288,0.12271058407212639
64289,0.11120018314592772
64290,0.10194011011627237
64291,0.11129428791548868
64292,0.10957604293324799
64293,0.13111337364588324
64294,0.14251242883528617
64295,0.1305354099119973
64296,0.07473819980707722
64297,0.15066030933866262
64298,0.13139511871752926
64299,0.14941764001943741
64300,0.11753420016739646
64301,0.12522391051569962
64302,0.12443265753880524
64303,0.11135683759035404
64304,0.13573994971316633
64305,0.13437282417696655
64306,0.1558273175528441
64307,0.12086023133624535
64308,0.09740072951918484
64309,0.0872765500437078
64310,0.13051647482624415
64311,0.1190828531588534
64312,0.12981099602769405
64313,0.12542264230767264
64314,0.12847002915204753
64315,0.13557829548991804
64316,0.2176886903313629
64317,0.34380441234194226
64318,0.12397321483434756
64319,0.11884747029116195
64320,0.10942405559624059
64321,0.07508389040968198
64322,0.1324775808058878
64323,0.12677736044139132
64324,0.11844063990710166
64325,0.09509749213750557
64326,0.11409282857918508
64327,0.12996677924548572
64328,0.1035793782023558
64329,0.12179856500919614
64330,0.1024788332739072
64331,0.11910750725708599
64332,0.06105102269825165
64333,0.11242983772724004
64334,0.1359931825278317
64335,0.1286521689986316
64336,0.4249426236867726
64337,0.06550812191028643
64338,0.07481160173670783
64339,0.11670562982117046
64340,0.12775386818642026
64341,0.10409381040818777
64342,0.09555192661583183
64343,0.16855159473059617
64344,0.11904898082890009
64345,0.13448807528104617
64346,0.13039267829646672
64347,0.08362569337686994
64348,0.1293428051750048
64349,0.10696797818066636
64350,0.11257276187376256
64351,0.11023589236437838
64352,0.07498861696838947
64353,0.13044624936435323
64354,0.13498081532537806
64355,0.0694704349569241
64356,0.12384602654923188
64357,0.06976302850168764
64358,0.13830048098156256
64359,0.16345036969472054
64360,0.12446808841325939
64361,0.1184444564739182
64362,0.10706454774269761
64363,0.11934014705779673
64364,0.11836401457491552
64365,0.13550169184568417
64366,0.12731751446367157
64367,0.1251904668078669
64368,0.09582715072724206
64369,0.12295419424523912
64370,0.0823013686936787
64371,0.11928632327954311
64372,0.1391438035317287
64373,0.14595647446391835
64374,0.12075319909900922
64375,0.12907775178946995
64376,0.11018981839447207
64377,0.12073958255556673
64378,0.12912367170724978
64379,0.10716458725853142
64380,0.09997025705955326
64381,0.1190616989659209
64382,0.10950750635323629
64383,0.12953744959409574
64384,0.1456314053548251
64385,0.07977459945518543
64386,0.04060773969314751
64387,0.12096936234221443
64388,0.12627958291169553
64389,0.10828575995072992
64390,0.11245399462107579
64391,0.17605905670423935
64392,0.5146987464833545
64393,0.4534878903369025
64394,0.1371008525089567
64395,0.1335341160922216
64396,0.13902009675935087
64397,0.1137297489925658
64398,0.1261378486623208
64399,0.13565985118316418
64400,0.12282377226563944
64401,0.10250500180480678
64402,0.14591939560552888
64403,0.11184859316323453
64404,0.08229615448726373
64405,0.15505793744160506
64406,0.13166990806689033
64407,0.12228090719329378
64408,0.1409796671496836
64409,0.12877611590927976
64410,0.10604648499079936
64411,0.13098469067115376
64412,0.10915156791748543
64413,0.11179518527982159
64414,0.11023329642991138
64415,0.15369587242626617
64416,0.13068799465088804
64417,0.13681965168031296
64418,0.11757314392789464
64419,0.10709207759524042
64420,0.1283548538705411
64421,0.128511219232106
64422,0.11397952117070011
64423,0.12959442614178032
64424,0.12701937210359246
64425,0.13058222003390754
64426,0.13472914852585327
64427,0.1357623945312803
64428,0.1406777860329814
64429,0.10573826810383291
64430,0.06807960058198329
64431,0.1405475652649681
64432,0.13097802844537618
64433,0.07527612337040528
64434,0.06728364571294859
64435,0.13227389841863751
64436,0.10586430307001397
64437,0.11657379469987734
64438,0.10712615927110014
64439,0.1290137486754593
64440,0.12793621954561668
64441,0.16550955504719145
64442,0.1204014932772506
64443,0.11708910256950898
64444,0.12701025956197007
64445,0.1256032354417093
64446,0.12414329326278363
64447,0.12589772923092615
64448,0.06909568152525797
64449,0.09333547253328192
64450,0.12337713802592593
64451,0.1268379047596734
64452,0.1149733825019139
64453,0.1374722438050216
64454,0.1295284243532442
64455,0.12503465453124527
64456,0.11551608685315236
64457,0.10344537893250504
64458,0.13092631233543298
64459,0.11211960116636586
64460,0.15204220543394031
64461,0.1486721876771878
64462,0.1200545978411036
64463,0.07523767622180942
64464,0.1317413911848208
64465,0.12843938585701645
64466,0.12009276840111219
64467,0.10937179019131942
64468,0.13065109974922284
64469,0.1219031334491471
64470,0.11194930763614573
64471,0.13040568762524216
64472,0.11722853953554596
64473,0.11077078839074142
64474,0.09603791911923885
64475,0.11810530737213312
64476,0.0728364272339289
64477,0.5128729731431477
64478,0.1024531987672492
64479,0.18629807116135721
64480,0.13577986837156203
64481,0.12976708323602348
64482,0.12374336880754522
64483,0.09364553819090118
64484,0.14096028410940328
64485,0.09402629709824858
64486,0.12473841851949392
64487,0.08490205614735571
64488,0.4704211908822056
64489,0.11220972060011297
64490,0.13397810417976874
64491,0.09651068660961208
64492,0.13642417663026776
64493,0.11948461353765678
64494,0.12340986604314877
64495,0.2436087094081483
64496,0.11432378249995184
64497,0.10408447895383616
64498,0.10425353881589682
64499,0.10609581716239548
64500,0.11749988993491116
64501,0.07290240002284608
64502,0.12787846897892322
64503,0.08561576347078347
64504,0.1298509497028626
64505,0.12107306577035011
64506,0.1115493137971446
64507,0.1252764819035543
64508,0.12532590044768974
64509,0.14638582934406116
64510,0.13222386933011718
64511,0.1001950809783037
64512,0.12028117270432775
64513,0.12067527016398098
64514,0.11382306058132013
64515,0.132229214395695
64516,0.13935817163762557
64517,0.12171274134757279
64518,0.12687531363082125
64519,0.11499497051987881
64520,0.0799613902467571
64521,0.11963015064837403
64522,0.310842305482757
64523,0.1357549260935771
64524,0.1294694364714459
64525,0.1259629560485543
64526,0.11530426278787667
64527,0.06729286926062535
64528,0.12342001255105005
64529,0.09038347319517101
64530,0.13076341785930287
64531,0.13632311144886877
64532,0.1536773213902251
64533,0.1323429892037981
64534,0.12225250570126023
64535,0.10412115920730151
64536,0.15942253523074712
64537,0.12499437226361197
64538,0.08634431553991144
64539,0.13121308671258616
64540,0.12470110284064118
64541,0.14288969276772276
64542,0.12812284462943888
64543,0.0739335437755426
64544,0.11102593532273074
64545,0.11291992185992503
64546,0.0926972237501284
64547,0.1465412237831331
64548,0.13552346132153434
64549,0.09861525380746212
64550,0.07449609468259326
64551,0.10800502529539417
64552,0.11836529204777292
64553,0.13045012245785179
64554,0.07417274569294115
64555,0.13456918467586615
64556,0.13240854253054302
64557,0.11240225883307695
64558,0.10776787832818059
64559,0.29417169878187366
64560,0.12172806212033278
64561,0.11062102592534513
64562,0.064037254039585
64563,0.13774227772724118
64564,0.3763131214902781
64565,0.3271047700373383
64566,0.11792394562899158
64567,0.37523738263822076
64568,0.14926611930284336
64569,0.14222860148275238
64570,0.12584503806388767
64571,0.1259958863371555
64572,0.2827073575262809
64573,0.10707210765950291
64574,0.12926453005934824
64575,0.13254091348272123
64576,0.10521569289474167
64577,0.15447750680326777
64578,0.13298866528698683
64579,0.13270061683941542
64580,0.1395516902317912
64581,0.12828719479774603
64582,0.0960918161377876
64583,0.10373815185024862
64584,0.12534971646646667
64585,0.11089921591105661
64586,0.13356260505685127
64587,0.12824133683992037
64588,0.14473847015593144
64589,0.13450818681163398
64590,0.12778818155294425
64591,0.4388483483817396
64592,0.07480751389768042
64593,0.12390686949244267
64594,0.1301960910726156
64595,0.5770253068516819
64596,0.11032966155835865
64597,0.13048900824245183
64598,0.10673658874214337
64599,0.09423972842842246
64600,0.11789171858653912
64601,0.13167830494869476
64602,0.12189408408876083
64603,0.11491781354733178
64604,0.10664104417609563
64605,0.15876153466366572
64606,0.18690629809994863
64607,0.10832011169194868
64608,0.12128139007055157
64609,0.1267393097781951
64610,0.11010013280808137
64611,0.12288856283908735
64612,0.07931248885334856
64613,0.17067126113780143
64614,0.35625103949012926
64615,0.11397215611891073
64616,0.11260742035607019
64617,0.10261135964510673
64618,0.11882050360491478
64619,0.1516589485559963
64620,0.12763611101715927
64621,0.07012892410380979
64622,0.11784514393798019
64623,0.10154000944578438
64624,0.13779274355825386
64625,0.11928535003953748
64626,0.12093513023476425
64627,0.1121321108808916
64628,0.12834489168499777
64629,0.11600978742582674
64630,0.10812255648266918
64631,0.11535536832433999
64632,0.12604925857909643
64633,0.11560621833329061
64634,0.12842682167625064
64635,0.135696819211319
64636,0.13680241661175022
64637,0.12542604504657642
64638,0.07747938927018949
64639,0.13073106664338868
64640,0.2912909521508611
64641,0.11287155046090856
64642,0.08479925426060343
64643,0.12076742444950128
64644,0.12874416089748625
64645,0.2964274818691387
64646,0.11942288038359919
64647,0.1205966493588958
64648,0.11213983675846782
64649,0.12259149940411844
64650,0.1593747841997118
64651,0.10910675314376067
64652,0.09657417748285892
64653,0.12247836806056456
64654,0.13620924489837752
64655,0.13385575223360346
64656,0.10700147572019858
64657,0.1240806809020874
64658,0.12279318504327144
64659,0.04479061286165623
64660,0.13192732410603017
64661,0.14046357248100674
64662,0.12872578982269925
64663,0.11637514028949564
64664,0.06493728874983085
64665,0.12459186893529386
64666,0.11378686279453089
64667,0.12093970456026276
64668,0.12453118515239264
64669,0.13189771671961475
64670,0.11265149806158056
64671,0.1288450392948839
64672,0.13146820037384754
64673,0.11402452669464667
64674,0.10269573835043107
64675,0.11836304402167076
64676,0.12522380247597367
64677,0.11255876811806151
64678,0.12376942670801723
64679,0.11990133819531737
64680,0.12594501302439867
64681,0.12905543274718834
64682,0.12082406014519233
64683,0.09268230870592152
64684,0.10887023024303319
64685,0.10804093855172896
64686,0.11543332298135954
64687,0.12829270430399234
64688,0.11179855066222515
64689,0.14451869856118874
64690,0.1169351309380797
64691,0.16139428406986175
64692,0.12654994445923626
64693,0.43142770859145446
64694,0.14388591819537613
64695,0.12986747118992134
64696,0.12202073136727107
64697,0.1297428245012235
64698,0.10193896821500761
64699,0.11839345900837914
64700,0.1299708271307891
64701,0.12762304145162293
64702,0.08330524037156602
64703,0.09401030127651826
64704,0.13458118863618967
64705,0.10023731522630953
64706,0.1401472206871232
64707,0.12483810977771355
64708,0.12729386770129467
64709,0.12846035409125492
64710,0.12081284527417029
64711,0.12298668209188363
64712,0.15521170040269777
64713,0.12597179371253223
64714,0.15075020302877387
64715,0.33739104113276797
64716,0.11575085087821946
64717,0.13035371839539153
64718,0.09269016509407764
64719,0.07896745553436751
64720,0.12874225093213643
64721,0.08893202924804153
64722,0.13011063240273926
64723,0.12752621548490312
64724,0.11485967584121728
64725,0.09674721158604287
64726,0.1367393870352432
64727,0.1069452224593817
64728,0.1209234945940164
64729,0.14457437622022112
64730,0.12526271161232902
64731,0.13534540889333338
64732,0.13474148183376014
64733,0.13981595157854707
64734,0.11773391849116462
64735,0.10898628621715492
64736,0.14081261277329452
64737,0.11752334874779742
64738,0.1380312764244457
64739,0.06941810593419286
64740,0.12956458176277846
64741,0.1405771038214875
64742,0.1310611701756925
64743,0.11418476815031879
64744,0.12892324136202898
64745,0.120677605984071
64746,0.13125497080665002
64747,0.12666310757923283
64748,0.2844507829699909
64749,0.12975509735353866
64750,0.12993973864824834
64751,0.13373782279833837
64752,0.18541281409245106
64753,0.12355734761812054
64754,0.5681236431620162
64755,0.12192006643073168
64756,0.11440748912812428
64757,0.07579159562376306
64758,0.15104645932261163
64759,0.13292967080295218
64760,0.12502314834187211
64761,0.12732575017945383
64762,0.12213671679734328
64763,0.11996531697132927
64764,0.13247653977773302
64765,0.12627863910648535
64766,0.10408529292450806
64767,0.13218985933822697
64768,0.11908123048840187
64769,0.09265322381514828
64770,0.12426202439302818
64771,0.12455783706935575
64772,0.11754192784276632
64773,0.08902919982711262
64774,0.2685035744078372
64775,0.128543413817011
64776,0.0678472072260293
64777,0.13763890587384314
64778,0.13395836325440497
64779,0.13090848280100967
64780,0.5187753863236929
64781,0.12112200507207893
64782,0.1220706437033199
64783,0.08694514807839615
64784,0.10603908525957752
64785,0.14893756721686685
64786,0.12363903558898492
64787,0.12750832174068738
64788,0.10110650148159148
64789,0.12232820241787427
64790,0.14502140393685578
64791,0.11764883410349612
64792,0.06838751589912662
64793,0.15637461934026659
64794,0.1344514617386248
64795,0.1255294372644816
64796,0.0769861875758007
64797,0.1138480550088121
64798,0.11579453836426336
64799,0.14275549785152483
64800,0.10907685417966637
64801,0.30745515147494
64802,0.11912729510162615
64803,0.12762720703971056
64804,0.12787949981772234
64805,0.11542413473071278
64806,0.11221557519756253
64807,0.11586054769783873
64808,0.09442886254095743
64809,0.134273400371183
64810,0.10457723376147424
64811,0.09552818512603345
64812,0.10699968302282112
64813,0.12223617335805011
64814,0.1241579343026492
64815,0.11449746864114664
64816,0.118287129576022
64817,0.4480190603235264
64818,0.14699403275022188
64819,0.0924736262416906
64820,0.12562288052893233
64821,0.0967032912734045
64822,0.0685058268700332
64823,0.10605668723921868
64824,0.12200812611068301
64825,0.1126420191820779
64826,0.10213668659851759
64827,0.12854143811770186
64828,0.12698398142625314
64829,0.11163595615150798
64830,0.1199529863680601
64831,0.10675420997413236
64832,0.12394863501294769
64833,0.13246496428143117
64834,0.14000986922288614
64835,0.12877947985862073
64836,0.13097466025997742
64837,0.12409405355919718
64838,0.09247642125584102
64839,0.13035673347531676
64840,0.1253635164809492
64841,0.1272456507540213
64842,0.48020615315945325
64843,0.10290977997226887
64844,0.13156147121917322
64845,0.1285862518669929
64846,0.1482243148832649
64847,0.13044770303528866
64848,0.11025615983084
64849,0.10182784762932837
64850,0.13504463021653845
64851,0.13537848879884293
64852,0.18019019624557386
64853,0.11249904872701796
64854,0.1485019779409203
64855,0.1267663114146292
64856,0.11786969932431925
64857,0.11868491519253203
64858,0.08034597676593051
64859,0.1296042617605001
64860,0.12387480294780291
64861,0.12767282636909758
64862,0.126292301505071
64863,0.10321140650492884
64864,0.13034786036947535
64865,0.06818222944541548
64866,0.11029495982159371
64867,0.13094713035997102
64868,0.11935694929366832
64869,0.11978602548827072
64870,0.1306082119283435
64871,0.12448080615053604
64872,0.12838605688785557
64873,0.08782102240747693
64874,0.12245655402906941
64875,0.1285272982645869
64876,0.12595736862933646
64877,0.11566937370600656
64878,0.10474446464280256
64879,0.14189929461609638
64880,0.10992656317883974
64881,0.12513048042778624
64882,0.12944947232553747
64883,0.13179071354039504
64884,0.12439598986103022
64885,0.14162513534354954
64886,0.10835210484849597
64887,0.11843665200518262
64888,0.13386823345696408
64889,0.13023979572884256
64890,0.1294307644958353
64891,0.43596999273541653
64892,0.12522154006905706
64893,0.09141729126732287
64894,0.09853064538943361
64895,0.11330241544647567
64896,0.11215702286822017
64897,0.044775764874155626
64898,0.08505253002940436
64899,0.06242461852653165
64900,0.138706055140136
64901,0.10783587571479872
64902,0.1259709610015745
64903,0.19299342850683657
64904,0.12883412630708255
64905,0.12140875694755615
64906,0.1339750470509792
64907,0.1489379688526121
64908,0.12010191380406705
64909,0.14351870473986605
64910,0.11826854232043175
64911,0.09210931017834526
64912,0.11603594153642471
64913,0.1445757267236026
64914,0.12845078837132162
64915,0.11631416953749882
64916,0.12180442485221053
64917,0.12156988246027603
64918,0.11942003704428907
64919,0.11321657072522745
64920,0.11294081855681608
64921,0.12140645252420622
64922,0.11956322702841703
64923,0.47544996425047464
64924,0.12248201940629108
64925,0.12060203083699393
64926,0.0543602828335032
64927,0.13524325838025317
64928,0.09936481659780562
64929,0.13107832056497004
64930,0.12952298611844532
64931,0.12619153649048417
64932,0.1115059043606756
64933,0.10352388522708765
64934,0.12250687886528808
64935,0.12260576852450436
64936,0.14288010813821972
64937,0.10740397267630242
64938,0.06940512858271217
64939,0.09997017073757201
64940,0.1238319858139203
64941,0.07409020275458579
64942,0.13346055309192847
64943,0.08535861867032242
64944,0.10144955817127493
64945,0.1238826607574529
64946,0.07957833813049658
64947,0.14544903092720973
64948,0.12236033487257425
64949,0.11827746224337504
64950,0.41968010065264294
64951,0.1367448153332035
64952,0.1271152064355979
64953,0.42947792986388733
64954,0.1248779098790434
64955,0.1375728754605377
64956,0.32990373059859635
64957,0.10326964105394737
64958,0.40470426249930047
64959,0.1304054571821982
64960,0.10515146678225501
64961,0.15003978939541276
64962,0.11580412877872082
64963,0.10620587658544695
64964,0.14830322043440847
64965,0.09163108435824277
64966,0.12938770944634104
64967,0.4277793831001054
64968,0.15318538458126404
64969,0.14201347976824014
64970,0.13432853563586009
64971,0.12903176057516896
64972,0.1109539427250433
64973,0.12038408588136455
64974,0.11014510638992071
64975,0.1322416466088909
64976,0.1358829738947449
64977,0.12199724619071843
64978,0.10824479394067897
64979,0.22158879344050755
64980,0.12510000479578845
64981,0.1211220310896169
64982,0.13888366909577862
64983,0.1268385365515954
64984,0.10590147883107849
64985,0.09132096794951758
64986,0.14040343750393514
64987,0.06540057093508873
64988,0.12847593919456515
64989,0.13495290517904954
64990,0.12642541630119247
64991,0.14559318711172006
64992,0.09386235041135749
64993,0.10774632462093789
64994,0.1343044356425922
64995,0.10657553131186724
64996,0.11862797757480473
64997,0.11184143348342991
64998,0.12068904601400526
64999,0.10576314683076227
65000,0.10922969435818249
65001,0.0984481468843923
65002,0.15740249481223767
65003,0.14774026787098749
65004,0.13261161857370937
65005,0.13072788431864993
65006,0.12154044451489256
65007,0.13301973620922294
65008,0.1016203494306021
65009,0.12618116055233639
65010,0.12770059948030874
65011,0.14398081528738782
65012,0.11899229814934452
65013,0.11479101824551159
65014,0.1225222289313919
65015,0.26210590514850873
65016,0.12424373448964725
65017,0.1121602681172209
65018,0.1161758961121553
65019,0.13057286779321903
65020,0.1322488153848352
65021,0.1136210023055942
65022,0.16704210400772454
65023,0.11568263900288862
65024,0.12503672721334202
65025,0.13412693084012414
65026,0.11970672331222891
65027,0.14607219959835452
65028,0.1468520998632577
65029,0.11430610335048849
65030,0.11171542896767045
65031,0.11827523302258897
65032,0.13364129608140407
65033,0.1111416078051806
65034,0.11686396172030088
65035,0.1157948012343024
65036,0.11720129478393154
65037,0.10578848846604498
65038,0.1330867818766366
65039,0.12794651529773649
65040,0.13297504380572944
65041,0.12677341203115594
65042,0.12482947252910166
65043,0.13617018936000763
65044,0.10859233144737859
65045,0.11795789505152698
65046,0.12662657279988457
65047,0.1229923171150421
65048,0.1310409190587797
65049,0.15341284726223037
65050,0.49186418303289386
65051,0.12506353441059326
65052,0.1243113795455065
65053,0.07661371759542196
65054,0.07611306021640908
65055,0.10865122667545186
65056,0.12012436123241015
65057,0.11493871609355757
65058,0.17294622961205808
65059,0.11870964648944257
65060,0.12174341665239251
65061,0.12358551632009014
65062,0.12737934151327795
65063,0.12430489311130515
65064,0.13107827482757328
65065,0.12934722462856388
65066,0.1278833321723789
65067,0.13083329413730707
65068,0.06844187815949383
65069,0.13391194361966335
65070,0.13117246681565428
65071,0.10827648598860719
65072,0.10897607619830169
65073,0.12352230973482033
65074,0.268391915518517
65075,0.12848310411650637
65076,0.14380698433756842
65077,0.12169098804575205
65078,0.12019700140794368
65079,0.12129247109349989
65080,0.1187216646300841
65081,0.11255408608310796
65082,0.11741926040280022
65083,0.10804025985241723
65084,0.06506706747786345
65085,0.1220474353940016
65086,0.13350038872889328
65087,0.11112404743821319
65088,0.10308467693425978
65089,0.1107833116643362
65090,0.13318892828320011
65091,0.12591733741380098
65092,0.1259164481870316
65093,0.12978757485485487
65094,0.1401306144231958
65095,0.11438421408084552
65096,0.060240578204984525
65097,0.49977200842846276
65098,0.1135819550076475
65099,0.3536576264486913
65100,0.13917369626048326
65101,0.12224771127508338
65102,0.07648710142040942
65103,0.0703474265507641
65104,0.11609753900960096
65105,0.03275557092061273
65106,0.11943845758783524
65107,0.09974073198435364
65108,0.12867477768377597
65109,0.12688309967418956
65110,0.12099679806179973
65111,0.15044367688988852
65112,0.12441026025746683
65113,0.05136560863344122
65114,0.1204352099543652
65115,0.13636980963396686
65116,0.10835281589051156
65117,0.12306284847285041
65118,0.05849354184667242
65119,0.1347260175399791
65120,0.12755777664026172
65121,0.1203031717369204
65122,0.13126686703482843
65123,0.13845520118552043
65124,0.12247121344951817
65125,0.12728332264217945
65126,0.10984775212862231
65127,0.16336292163031602
65128,0.1221901768768165
65129,0.13672150500588678
65130,0.10947382968328741
65131,0.07555451569139947
65132,0.1101749578338176
65133,0.12597636929798822
65134,0.12056305623859474
65135,0.1349138566276999
65136,0.0706239565388067
65137,0.10826684530605236
65138,0.11552637009069923
65139,0.13426253644558894
65140,0.10978939970849132
65141,0.11051985289089389
65142,0.13119045339877466
65143,0.07819226985750884
65144,0.1234167716040456
65145,0.13035669714279516
65146,0.13713369056041727
65147,0.13917319954856538
65148,0.12922814731353102
65149,0.1152744205703512
65150,0.10262621800347123
65151,0.1066131651402078
65152,0.12268544527775592
65153,0.12990440157527922
65154,0.1246832303369138
65155,0.10544365836463732
65156,0.1476698383542191
65157,0.134510160754118
65158,0.13030025427676084
65159,0.10904481530430034
65160,0.12086864354076077
65161,0.12420461965041432
65162,0.13014034757474557
65163,0.06964054284016237
65164,0.1076731700636551
65165,0.1210994761576667
65166,0.1301315131849171
65167,0.1157334197905343
65168,0.13018530519111282
65169,0.12552131028946728
65170,0.13927996588008176
65171,0.11949107436071207
65172,0.07852065483187515
65173,0.11644672245218411
65174,0.2200134769309566
65175,0.1332632249998023
65176,0.12604396293152442
65177,0.09777524498984778
65178,0.16319435045017766
65179,0.12556651345904232
65180,0.12153529442044522
65181,0.08200791111386
65182,0.11948006533750911
65183,0.13089053102366768
65184,0.12919488540041998
65185,0.13014418247999743
65186,0.1294697261563179
65187,0.07588489125452717
65188,0.10997655104850337
65189,0.0660102663776417
65190,0.05921425955529655
65191,0.11981107845913917
65192,0.1203763773515621
65193,0.12926737484843254
65194,0.1413963066233413
65195,0.12469870479523308
65196,0.11031161384745862
65197,0.051540009799206615
65198,0.10995603546115512
65199,0.1280636177199954
65200,0.11575948002983434
65201,0.14947384029273772
65202,0.19734159155518466
65203,0.10237148632283301
65204,0.13200476160738298
65205,0.1098851487814714
65206,0.13790619295218598
65207,0.12347486532777398
65208,0.12322978238141252
65209,0.22167512726875785
65210,0.06853410223777517
65211,0.16470705928763715
65212,0.13327163520365234
65213,0.12355606888852236
65214,0.1038877775250672
65215,0.11482225165214074
65216,0.14673728304957337
65217,0.12276136933812816
65218,0.12022088134350699
65219,0.13296517098869257
65220,0.09144741673504597
65221,0.1285327664320279
65222,0.12067644214472421
65223,0.1265336540617727
65224,0.12189616226746508
65225,0.13109640854069313
65226,0.1297958386743445
65227,0.11856528241824507
65228,0.07452805920371097
65229,0.10960852459765254
65230,0.04532046940404928
65231,0.12227323575049227
65232,0.15359167703370555
65233,0.1146215023694141
65234,0.13417392248318558
65235,0.0865712873412294
65236,0.10681580829174447
65237,0.15040226007957083
65238,0.13112500042471642
65239,0.12524919623189443
65240,0.1300073545436727
65241,0.1197021465591905
65242,0.061303650214691315
65243,0.14831537848652201
65244,0.1230263158589333
65245,0.11900675896386959
65246,0.11362003806965565
65247,0.09965876366114854
65248,0.1405705425813541
65249,0.11765125648385427
65250,0.1289597202916718
65251,0.11768795378505803
65252,0.12987337542153488
65253,0.1292868270596096
65254,0.11930414646502742
65255,0.07913542119615587
65256,0.11892752112445848
65257,0.1258480112216994
65258,0.12985054867052193
65259,0.10466241993251259
65260,0.126658694269046
65261,0.11016553939540893
65262,0.1185196875926163
65263,0.06535232698074354
65264,0.1093017700404155
65265,0.08014133575910892
65266,0.12375526695046996
65267,0.12087867436814849
65268,0.16893436661342426
65269,0.12875399813969618
65270,0.07254328033552215
65271,0.16646132924965495
65272,0.13588045901632992
65273,0.12215626732672832
65274,0.12363025656591287
65275,0.1234346909067268
65276,0.11396274568199573
65277,0.07444648485806475
65278,0.11968217637853065
65279,0.12183372758563377
65280,0.1292148609023042
65281,0.1333282336938644
65282,0.10702074746814445
65283,0.11370608408254966
65284,0.11999894173836088
65285,0.09871658909378457
65286,0.10912041436512168
65287,0.12593077474646971
65288,0.12260926467996312
65289,0.12838511832015798
65290,0.12959610008538255
65291,0.12969358051373855
65292,0.12674856872052742
65293,0.11760149147623432
65294,0.11060954901965535
65295,0.13573633362678367
65296,0.12700783380612693
65297,0.117019575018949
65298,0.0950050470595913
65299,0.11876129737958312
65300,0.11991948667153556
65301,0.11957321476758102
65302,0.1408352143326037
65303,0.12979502623359584
65304,0.09035485918861329
65305,0.13911168328101264
65306,0.13328648093329826
65307,0.4888609062746294
65308,0.1448703518399889
65309,0.12794268998804567
65310,0.1215284120067365
65311,0.12299095040168011
65312,0.10071531167045504
65313,0.1405791021073407
65314,0.07726967385716546
65315,0.12016960148266084
65316,0.07839435309819812
65317,0.11626638281954425
65318,0.1329360751802581
65319,0.12137818108643805
65320,0.0682653023047015
65321,0.09688402825275254
65322,0.13708943523067849
65323,0.1181997439484696
65324,0.1155851624709867
65325,0.12180456560084896
65326,0.07980315960244234
65327,0.11311073443958593
65328,0.12672404178020105
65329,0.14081267783684143
65330,0.12936860019334223
65331,0.11008927624475782
65332,0.07505675285469683
65333,0.10132770459663452
65334,0.13725312176871837
65335,0.11835849902102694
65336,0.12673932082829742
65337,0.1148315045254587
65338,0.36682893727432836
65339,0.12877993392236792
65340,0.12931808734255296
65341,0.10999303263091115
65342,0.10557069539825026
65343,0.14101689184673977
65344,0.1147138284054861
65345,0.11742131686149641
65346,0.13046788847131144
65347,0.10558970577431376
65348,0.11846422854137327
65349,0.12667246459625497
65350,0.06408520751675008
65351,0.12544249291301524
65352,0.16945911572636274
65353,0.13753561939227688
65354,0.07150231301446985
65355,0.1291573759305981
65356,0.11905502985848072
65357,0.10959238940306397
65358,0.1253893928297171
65359,0.11685927379652983
65360,0.08845095664252506
65361,0.09343224761438565
65362,0.10442946895765386
65363,0.12078134760339884
65364,0.13601846711135768
65365,0.126144485876117
65366,0.12595351330137272
65367,0.15568103436366937
65368,0.13780400592747133
65369,0.12186768771324732
65370,0.10844124988555136
65371,0.13386881220941418
65372,0.12438780769748387
65373,0.13956627877702374
65374,0.2718204578706721
65375,0.11836123345103937
65376,0.11097307709039429
65377,0.12286742306246191
65378,0.12238787615358124
65379,0.12448776427095135
65380,0.1335557076153505
65381,0.1299236262519636
65382,0.12471135392831201
65383,0.03946472681008927
65384,0.11065239803326707
65385,0.09133745398524204
65386,0.12302629568583545
65387,0.11936782948480193
65388,0.12859873379116296
65389,0.1250194917782615
65390,0.08869977053145055
65391,0.12037954741634814
65392,0.06673144826869577
65393,0.07085363779514636
65394,0.13123586696816403
65395,0.141710899040003
65396,0.12915714133337236
65397,0.1325019822180608
65398,0.13412090710893398
65399,0.12621863843767633
65400,0.12900528464119282
65401,0.1391287257771759
65402,0.10846044675682517
65403,0.12040514337128791
65404,0.13796655428391827
65405,0.1197214887590673
65406,0.12705233248457196
65407,0.19609655852043886
65408,0.0833664073089551
65409,0.13426306154770362
65410,0.12640125489751597
65411,0.13551665144332395
65412,0.14055397389424817
65413,0.13012693538668513
65414,0.12369357452358894
65415,0.12277065049026638
65416,0.1258046882338949
65417,0.09994017897747584
65418,0.11842212357752277
65419,0.0813460492551062
65420,0.13686815976054292
65421,0.12609309091117496
65422,0.10481646736089013
65423,0.17498560760881576
65424,0.0716406652700796
65425,0.12736577611805397
65426,0.10747576763581938
65427,0.1700587124283147
65428,0.10168473551138925
65429,0.20541558934650067
65430,0.07778223771622862
65431,0.12807657356344063
65432,0.16845988864091604
65433,0.1293378301522181
65434,0.1128048911246185
65435,0.09200726883052082
65436,0.1282940956574119
65437,0.11228706861044603
65438,0.12848035236387878
65439,0.11309419590490231
65440,0.11012778322192042
65441,0.13214485612757756
65442,0.10996465734650451
65443,0.12652259564282012
65444,0.12175907025750723
65445,0.12719872969969204
65446,0.10321858948114691
65447,0.12741265622905565
65448,0.10597694796767795
65449,0.3849073295408009
65450,0.1601289749155793
65451,0.12914968567715568
65452,0.09777681083926461
65453,0.13638221738837975
65454,0.09241129360045383
65455,0.12372577018387783
65456,0.12964283522777317
65457,0.07446182947795742
65458,0.1315927661328221
65459,0.11543494393071246
65460,0.12511979542349363
65461,0.1315026976042906
65462,0.07434746375469736
65463,0.11702312056582594
65464,0.10772582405551931
65465,0.12343570110229216
65466,0.11949045421768946
65467,0.15478520723663935
65468,0.1304587438771182
65469,0.1179650451287122
65470,0.11858734626795295
65471,0.12506413906844602
65472,0.1159615003841489
65473,0.12832837164040417
65474,0.13078536710689326
65475,0.12541201249197753
65476,0.11802191470094427
65477,0.08385860728166247
65478,0.10792015892293691
65479,0.1154190652332497
65480,0.1112207497697259
65481,0.12860322900851776
65482,0.07184001972523787
65483,0.15311485146917894
65484,0.12118424368924745
65485,0.487269376270914
65486,0.14212531451556118
65487,0.1226002622157705
65488,0.11900550582412349
65489,0.10520834609467161
65490,0.12260685301358165
65491,0.11571681816083913
65492,0.05681672992595893
65493,0.06821202733031786
65494,0.12235369928033829
65495,0.11504323563468007
65496,0.12491796491400071
65497,0.105559158471651
65498,0.13205132037549513
65499,0.11388617030748865
65500,0.1281293230963742
65501,0.1087705405223874
65502,0.12828513222354873
65503,0.1993871649627076
65504,0.12617179403308892
65505,0.11996766095027817
65506,0.10709345262556977
65507,0.13863402667921682
65508,0.11999698117556737
65509,0.11626191783075207
65510,0.12972744426994295
65511,0.12745770031884976
65512,0.06789155923906588
65513,0.12765685765336263
65514,0.13145046555950063
65515,0.113576117031237
65516,0.15549298501516529
65517,0.12233436608981416
65518,0.12701422239306878
65519,0.12114751180394764
65520,0.12022045773453707
65521,0.12281818633696703
65522,0.5060014520985723
65523,0.14121198709018862
65524,0.1378895978753142
65525,0.07117351816341172
65526,0.1160970848779593
65527,0.13968022266546198
65528,0.13579323004929775
65529,0.28853354889163063
65530,0.12343183934088156
65531,0.11067875633209384
65532,0.11365458228611072
65533,0.10647385360942517
65534,0.13338550213592504
65535,0.13081465374153722
65536,0.1263275074793556
65537,0.11567112274316091
65538,0.12481257366560043
65539,0.1302721868669486
65540,0.1276924130742307
65541,0.06898376385754254
65542,0.12019252192607033
65543,0.10206775536959603
65544,0.14874759854285965
65545,0.13242013892488472
65546,0.12838208460548395
65547,0.10705663109251683
65548,0.13123545929799743
65549,0.060930629196634015
65550,0.13494970733416137
65551,0.11375689815604707
65552,0.13155130530714665
65553,0.13160844960752707
65554,0.0750516829728371
65555,0.06900882474858927
65556,0.12006324420917272
65557,0.14429915956785386
65558,0.11251355003524824
65559,0.13820300150065792
65560,0.11185651180618379
65561,0.07486807214832546
65562,0.14897304316307444
65563,0.09671661918435372
65564,0.13763716197599743
65565,0.12313901132964881
65566,0.12302719601953961
65567,0.1261365518117569
65568,0.10652246435305283
65569,0.12804132239147492
65570,0.11307686624509544
65571,0.11012855186984108
65572,0.15575804294299755
65573,0.12920478413954323
65574,0.12206482784267055
65575,0.10628677775581893
65576,0.29298710269741346
65577,0.12761863033076892
65578,0.12346443158183022
65579,0.13283851632709748
65580,0.12091140966898219
65581,0.12322593923420816
65582,0.13027585868560648
65583,0.12957721109801804
65584,0.08091457975157348
65585,0.09443793837244466
65586,0.12926039380771864
65587,0.11477802809673915
65588,0.1259044434897029
65589,0.12621383667429445
65590,0.11913415827426853
65591,0.13673970862003856
65592,0.0770188224598734
65593,0.06879312613460291
65594,0.09322395835835165
65595,0.060842314933260665
65596,0.12511886215335213
65597,0.11396302987857505
65598,0.13279408048708882
65599,0.12043150578601272
65600,0.1137908206680866
65601,0.12950632097003184
65602,0.12307267572366912
65603,0.11974787995514416
65604,0.12591957879345503
65605,0.12971444652553876
65606,0.12693971819218658
65607,0.11627738218004507
65608,0.12413231754252238
65609,0.13056678615917086
65610,0.11719085282134709
65611,0.289811026684958
65612,0.11391446476098746
65613,0.12210009752373518
65614,0.32206647194289134
65615,0.13075138595990443
65616,0.10793922833917823
65617,0.1278320396557502
65618,0.1134103659207496
65619,0.12165029336599491
65620,0.12268988864687862
65621,0.12474307967265025
65622,0.1256017239481797
65623,0.1298784072722154
65624,0.09150074342866142
65625,0.09832417118845424
65626,0.14021655331284363
65627,0.11163417002191332
65628,0.10882066212719167
65629,0.07144501682213562
65630,0.13560012234667987
65631,0.1000282564079493
65632,0.09352309183944196
65633,0.12149851645641917
65634,0.11681116936018796
65635,0.11344858037378411
65636,0.10010687676916041
65637,0.11756223234763138
65638,0.12956325577978856
65639,0.02960724844463606
65640,0.12170889861977748
65641,0.12732589571002983
65642,0.13003299284601813
65643,0.12636039966797022
65644,0.11551855244039748
65645,0.12351484399834352
65646,0.12211829985417559
65647,0.13368549752959552
65648,0.1291419028347441
65649,0.12175023956285151
65650,0.13773125850934353
65651,0.13384533548922875
65652,0.14187876940621708
65653,0.1345082585207785
65654,0.12677976276339828
65655,0.08306918856746358
65656,0.1472964194558332
65657,0.1303281322654004
65658,0.12701901601245397
65659,0.127177885609986
65660,0.138549827320453
65661,0.11759091926629317
65662,0.09288296727344304
65663,0.1082553200865736
65664,0.12422773034455943
65665,0.1223130879288639
65666,0.1189167073743263
65667,0.10979146536068729
65668,0.12186163562148042
65669,0.1134917747519964
65670,0.11778436953338696
65671,0.11582755019028866
65672,0.12193969743389003
65673,0.11944259233605384
65674,0.10149992948001807
65675,0.12665686925652642
65676,0.4068272960111092
65677,0.1615374710037104
65678,0.12121389824702501
65679,0.06555244207316221
65680,0.1246176478181753
65681,0.16415363771638353
65682,0.10520114046711883
65683,0.11346774521409117
65684,0.11563835841357997
65685,0.06955026135882485
65686,0.585715277657616
65687,0.11362870835083562
65688,0.11948696596803465
65689,0.14593874456785394
65690,0.11610763450989799
65691,0.1319414712366312
65692,0.13088768060724654
65693,0.311390177882782
65694,0.12973780033040339
65695,0.11647296668385526
65696,0.1196494599657626
65697,0.13456017047235794
65698,0.12956031713237912
65699,0.13131167454415701
65700,0.08271161438788145
65701,0.1296135372047028
65702,0.13278785755217173
65703,0.12657183719116025
65704,0.12370633382194962
65705,0.14805078653682158
65706,0.11692497342452958
65707,0.08408147215461464
65708,0.13629876878580166
65709,0.13376986402166324
65710,0.12206603068278234
65711,0.12131590422913217
65712,0.11296204612318787
65713,0.1138298579526086
65714,0.11369056428628736
65715,0.15369895252766774
65716,0.12052908241737191
65717,0.12387571583332022
65718,0.12200613474756884
65719,0.1251402249596721
65720,0.11854454126481687
65721,0.12800436592016606
65722,0.12110196755057008
65723,0.10895364733047522
65724,0.12246360459442657
65725,0.09042426839460085
65726,0.13010166287419903
65727,0.17275398825157556
65728,0.10671714329069405
65729,0.0698647925767198
65730,0.09481082047743
65731,0.1297240016345423
65732,0.1249595905096775
65733,0.13077970067409328
65734,0.11544149723216261
65735,0.14675601134969113
65736,0.07954290279948786
65737,0.06780574532255129
65738,0.11913663844082548
65739,0.15554572052430143
65740,0.08806761801708017
65741,0.1273516025121378
65742,0.13361133341813372
65743,0.13010790773749617
65744,0.12109614619009769
65745,0.128807785160454
65746,0.10849831939216475
65747,0.4202958512017925
65748,0.07463435223885162
65749,0.15659377254011356
65750,0.09235219496076741
65751,0.13394626983173294
65752,0.1105679558253808
65753,0.19904204276350962
65754,0.06304789503469019
65755,0.15120023535906002
65756,0.12486683295199243
65757,0.11380038994185697
65758,0.13577619089537063
65759,0.11955912908260079
65760,0.13663074123844415
65761,0.1277457070002511
65762,0.12051191590056752
65763,0.11658846393567926
65764,0.12128883255437257
65765,0.12455532179209794
65766,0.14369651348640639
65767,0.1300731517310155
65768,0.3946073123628071
65769,0.13684604424469562
65770,0.10033207119818507
65771,0.10948673471938566
65772,0.10018296121806662
65773,0.14497224148429128
65774,0.15058129799062492
65775,0.14959542265382675
65776,0.11493961346167579
65777,0.13954648520492055
65778,0.13695548156567888
65779,0.14644208855208618
65780,0.12171225035406222
65781,0.13053933488969421
65782,0.07949486164193977
65783,0.12224776455641065
65784,0.10581964748280395
65785,0.1265510211433426
65786,0.11127068610611285
65787,0.1894132897176453
65788,0.07565931552438662
65789,0.10707398185442968
65790,0.132267557983194
65791,0.5851411160875125
65792,0.13709429708877915
65793,0.1055057571229381
65794,0.07279090248458547
65795,0.12748217786588673
65796,0.12392431028329255
65797,0.1480094951529528
65798,0.10458496905142871
65799,0.14511883800234107
65800,0.12470267214464738
65801,0.1348570086414367
65802,0.10445903559167498
65803,0.11585868202923286
65804,0.11738767365676185
65805,0.07782282537056014
65806,0.1243319259799687
65807,0.14462087460278425
65808,0.14074808515141246
65809,0.11546262585485101
65810,0.14871741440125694
65811,0.116860482615611
65812,0.13918620782302646
65813,0.14661134468093867
65814,0.15062525675338273
65815,0.11464520607526064
65816,0.062433533065123795
65817,0.11938198402549932
65818,0.1326868814183531
65819,0.12378012539071165
65820,0.10587561189585959
65821,0.2839696390059393
65822,0.15978497102127323
65823,0.16687788794144787
65824,0.12798266005540057
65825,0.12129906217739929
65826,0.058583386033125254
65827,0.1235419463979208
65828,0.1360337533983961
65829,0.12363833669825913
65830,0.1349456458857287
65831,0.5187395568752413
65832,0.04045604286844205
65833,0.2686660772131777
65834,0.06839066304392762
65835,0.13312762784215584
65836,0.1464004485878585
65837,0.12173656888031417
65838,0.13070084659046932
65839,0.12701475616455624
65840,0.11344282084858305
65841,0.12918328404677903
65842,0.16666116654432944
65843,0.13996955443065878
65844,0.11217333861009361
65845,0.13536330533154076
65846,0.09911813959796258
65847,0.07642017827525761
65848,0.12270828268845203
65849,0.12095622259193102
65850,0.1172588347745014
65851,0.1273930210859408
65852,0.12950761211021516
65853,0.1399775192435572
65854,0.11565179928875362
65855,0.12535702849156702
65856,0.1331243369474222
65857,0.11447041895323777
65858,0.12618658232397592
65859,0.12411621505357188
65860,0.1694892454775623
65861,0.13036157207875446
65862,0.13761153477827737
65863,0.12974262750138804
65864,0.12285318330031222
65865,0.07775993578209095
65866,0.12571516173278469
65867,0.13547763538406662
65868,0.13350615906843533
65869,0.10826001575212023
65870,0.11879629215875921
65871,0.12959307366637438
65872,0.13201752350099613
65873,0.12147678622361402
65874,0.1276285277800643
65875,0.12547581074316982
65876,0.11251266585580301
65877,0.1425033795348464
65878,0.14323127625105084
65879,0.13542957447802226
65880,0.13160181367066887
65881,0.10363898658795713
65882,0.11850584561180562
65883,0.10035482214844912
65884,0.1299751819659631
65885,0.12570583075363043
65886,0.13866937768328577
65887,0.12639914939486496
65888,0.10275458119460798
65889,0.12145129859670781
65890,0.12696352752590184
65891,0.13757595041228496
65892,0.12701039054521582
65893,0.12717634021970056
65894,0.15117740974493055
65895,0.05588596412248581
65896,0.1448483306798976
65897,0.13670249883198177
65898,0.12886363062357795
65899,0.1249837139357887
65900,0.16955225028368662
65901,0.11443515845431089
65902,0.15493628112113575
65903,0.10846693478612096
65904,0.12128738479367686
65905,0.06737486018664318
65906,0.14400020806619365
65907,0.13405286801403196
65908,0.11165556289287766
65909,0.11559360469226308
65910,0.08514798442177553
65911,0.11759059410860936
65912,0.11220515673908367
65913,0.12902619590819153
65914,0.12455035546361821
65915,0.12373866894646132
65916,0.12630494009253154
65917,0.1276868423838785
65918,0.3532072112084943
65919,0.12680391508290126
65920,0.09997434981619048
65921,0.12427466168840119
65922,0.08326888630013596
65923,0.13132363211998344
65924,0.11599392297243387
65925,0.13611194680801544
65926,0.12736346698762913
65927,0.1430728282493446
65928,0.1245469866642101
65929,0.11178998541018621
65930,0.11151215208449422
65931,0.13082099241223458
65932,0.11715531380394073
65933,0.12302269437150837
65934,0.11214371093283487
65935,0.1132863742038248
65936,0.1452683341013831
65937,0.10587736280850114
65938,0.1534538016423303
65939,0.1160999088527443
65940,0.11804655203882193
65941,0.11211968430265877
65942,0.05070747140089395
65943,0.12672302662612478
65944,0.16778118446075213
65945,0.13474919952981687
65946,0.1342395949106796
65947,0.13230344019510823
65948,0.11796389931715391
65949,0.1275924583192364
65950,0.1150912876686542
65951,0.15055722161007046
65952,0.11340119084846625
65953,0.13341753724280628
65954,0.10365811040568611
65955,0.1196719787738815
65956,0.11195491531238079
65957,0.07078635484328628
65958,0.16803714230335953
65959,0.1088713941137074
65960,0.11684595319011064
65961,0.11838969914828207
65962,0.1098319884874306
65963,0.06316823493372874
65964,0.11072979853482509
65965,0.10003277677312741
65966,0.12316828372032625
65967,0.1430788024445865
65968,0.12863611424774413
65969,0.09913185437045156
65970,0.10222650839654272
65971,0.1174676514751885
65972,0.11827226413691444
65973,0.12258493604024437
65974,0.12726591603603765
65975,0.14796585250429292
65976,0.09171147645017526
65977,0.11664061268113401
65978,0.4630782135701998
65979,0.10455843296436906
65980,0.08985568148338836
65981,0.12571738285386289
65982,0.11686186332692591
65983,0.13333164694006955
65984,0.11804509881759294
65985,0.12450655583284866
65986,0.11815578754958718
65987,0.14791670277562372
65988,0.11087715407416009
65989,0.11766765692973094
65990,0.11192070376593921
65991,0.14998061189978998
65992,0.12661281495363003
65993,0.1368338350274709
65994,0.0724596551871709
65995,0.08599826218764565
65996,0.07588555611934782
65997,0.08952700101447171
65998,0.17724774577929656
65999,0.10063515551840084
66000,0.13030974481000845
66001,0.119621605132759
66002,0.12711455686929604
66003,0.08738450557996773
66004,0.11397309433648223
66005,0.11805549655120294
66006,0.14414545114003718
66007,0.0762198553615869
66008,0.12758226539232467
66009,0.10517685118900488
66010,0.12060841489284349
66011,0.12566978164732262
66012,0.1251950019366057
66013,0.12047670110692212
66014,0.12327015314241598
66015,0.11424971963718979
66016,0.12273625606414333
66017,0.11128981891842063
66018,0.13737227041591155
66019,0.11158933817465785
66020,0.11654650530883816
66021,0.13496548471767927
66022,0.10659755195122643
66023,0.11814346407730886
66024,0.11762156195487528
66025,0.24758494809968348
66026,0.1237680930795258
66027,0.07649386617204315
66028,0.13185202122130255
66029,0.1332697486047558
66030,0.11579469715056429
66031,0.10926729320290042
66032,0.0879369466932053
66033,0.11069788250811412
66034,0.09516320241623563
66035,0.11433043905458146
66036,0.12802193937256914
66037,0.12684909870772387
66038,0.13911970480475555
66039,0.11460617489785925
66040,0.10701373083471391
66041,0.11422769839349377
66042,0.09673942351277742
66043,0.1273469107459975
66044,0.11923555466866806
66045,0.11690348939150222
66046,0.14202337353996697
66047,0.15162749041033274
66048,0.11821867767344522
66049,0.12691956019209166
66050,0.09508242406270558
66051,0.08854894125867882
66052,0.11904134827841126
66053,0.15294822185375276
66054,0.07139295033781
66055,0.10337441384194428
66056,0.1108152345703649
66057,0.07866438078361643
66058,0.12845899784301237
66059,0.1325685697135204
66060,0.14833743851195336
66061,0.06294666882228984
66062,0.09221888061619915
66063,0.44021604967463934
66064,0.11293414102355298
66065,0.12485123947287473
66066,0.11645215965956045
66067,0.06710299408333395
66068,0.10948995101587328
66069,0.09861466849046378
66070,0.12072193703167622
66071,0.10067904436447603
66072,0.11945826796147914
66073,0.13390700395833324
66074,0.09030633740191898
66075,0.10835097336581681
66076,0.11173886328846222
66077,0.13105529705612903
66078,0.11508875816457814
66079,0.1306530018224959
66080,0.12041874008877387
66081,0.1450311000715719
66082,0.13864153043366922
66083,0.1277681564747176
66084,0.11333643725524375
66085,0.1280441949512531
66086,0.2697019489868791
66087,0.12221765074580858
66088,0.12774389071023
66089,0.12913840529243245
66090,0.12468431267786478
66091,0.14001363696209515
66092,0.09631390766189589
66093,0.0839455417425055
66094,0.13007546050636662
66095,0.13451447373039824
66096,0.08727273188812472
66097,0.11488737255375021
66098,0.12176289149974867
66099,0.1262585367010123
66100,0.11251247113433525
66101,0.15068340429320157
66102,0.06711797016128025
66103,0.09275385312216106
66104,0.11224518052608144
66105,0.12169524863550184
66106,0.13844259946971663
66107,0.13419527583473884
66108,0.11701790985207455
66109,0.12058975630090278
66110,0.11840535438228797
66111,0.12320196564609094
66112,0.11257205649563484
66113,0.12540941559454158
66114,0.12001525044851492
66115,0.1263900119457673
66116,0.3478708467073652
66117,0.1367532112017547
66118,0.10040870730317095
66119,0.37234364995704505
66120,0.11164383830438604
66121,0.1348051249307463
66122,0.07677445536071086
66123,0.12685511059373147
66124,0.13921342092515906
66125,0.15673024813745184
66126,0.12902656249822309
66127,0.12607327436205304
66128,0.128192130706107
66129,0.1297484647980539
66130,0.11628281541588148
66131,0.1305340175470068
66132,0.13213319898169815
66133,0.11588758672246881
66134,0.1345398216385377
66135,0.10993770681875192
66136,0.3610567736594863
66137,0.12173676462819363
66138,0.11842615419014277
66139,0.11966674102166346
66140,0.15198223892196622
66141,0.11940691170470231
66142,0.13968865927677113
66143,0.12442454761599074
66144,0.10032384505818255
66145,0.13330554929981675
66146,0.07996479684843688
66147,0.1615610392821941
66148,0.13947439510693693
66149,0.06540642231141507
66150,0.15303001692058477
66151,0.11592099945329862
66152,0.12630271472317547
66153,0.10564572928839157
66154,0.1304308735404336
66155,0.12563037117053058
66156,0.11715184550263932
66157,0.11689859346216946
66158,0.1355309012277069
66159,0.1329578828839977
66160,0.12254431459370248
66161,0.11494716380402925
66162,0.13375257219549014
66163,0.1029624974187573
66164,0.062325666514181054
66165,0.10961668678521792
66166,0.13083036636911202
66167,0.13718541173805035
66168,0.12058479386359951
66169,0.11937724933040245
66170,0.12495976495958022
66171,0.12545049051298376
66172,0.12771995034328848
66173,0.1290948679889982
66174,0.4402021610227969
66175,0.12000262909822285
66176,0.24514866213603548
66177,0.13545370970060158
66178,0.11030487523258084
66179,0.13515278789208027
66180,0.12406733060969355
66181,0.08067731303849184
66182,0.12289675397927491
66183,0.11090478158751668
66184,0.1125352610405922
66185,0.11157328835759316
66186,0.11250230768850873
66187,0.3573734464674813
66188,0.10625543598680397
66189,0.10904209295319821
66190,0.06647648773413639
66191,0.12307534692546562
66192,0.1292624739064316
66193,0.19496774825257807
66194,0.11554460728464981
66195,0.1258075146467005
66196,0.16404404534220354
66197,0.11277778667161074
66198,0.11879311508935977
66199,0.13166536685982524
66200,0.13198996368435323
66201,0.13886312802719777
66202,0.11667006185100269
66203,0.1140418616564288
66204,0.14903438372589783
66205,0.14827013624713078
66206,0.1242899991576636
66207,0.11605700082241326
66208,0.14215366152642345
66209,0.1416092312717563
66210,0.1261572309801498
66211,0.10971222357058255
66212,0.1235179424162888
66213,0.11876368529870175
66214,0.07990875589313902
66215,0.15464792420258222
66216,0.10664866717159416
66217,0.10499731992240655
66218,0.11526386706689457
66219,0.12938192627512882
66220,0.0703282851136781
66221,0.144014117714769
66222,0.12303552073661989
66223,0.11958333294683099
66224,0.1249074130601685
66225,0.1287246220463895
66226,0.12185979555702496
66227,0.13276773970688877
66228,0.09646227452673958
66229,0.11561204738460784
66230,0.1678049207490351
66231,0.11216833040968888
66232,0.13305911167128404
66233,0.124032084514034
66234,0.12013554853951605
66235,0.12269337747265108
66236,0.1339168628296601
66237,0.11924060794119484
66238,0.11473247676483027
66239,0.11262226727821664
66240,0.09846887926729031
66241,0.11933346537288135
66242,0.12500796819418974
66243,0.06815638753450111
66244,0.07011212822988472
66245,0.10304246247926699
66246,0.12888106448929268
66247,0.12433319034671583
66248,0.1247895396288614
66249,0.1281744957374307
66250,0.12337443215580396
66251,0.1388591449442879
66252,0.06548691677458693
66253,0.10048122651882987
66254,0.109986446016819
66255,0.11966457226600641
66256,0.1450829654310754
66257,0.07666538907079469
66258,0.11894006618553848
66259,0.1528468874228561
66260,0.07697895872270746
66261,0.13977152112270821
66262,0.10971861451692141
66263,0.1448981843168953
66264,0.11973556235945926
66265,0.13887287385062963
66266,0.12125832563301317
66267,0.13121599667928702
66268,0.13347697592950727
66269,0.1263661104395174
66270,0.134166294447475
66271,0.12869877317126607
66272,0.11055200853587804
66273,0.08666461194058515
66274,0.11485994647372867
66275,0.15010755299637973
66276,0.1087201343051599
66277,0.11462184778122038
66278,0.07581808871393872
66279,0.0739929091305731
66280,0.10545569067084955
66281,0.11672981754357431
66282,0.1300566724462294
66283,0.1547301918777028
66284,0.06779775115507687
66285,0.11501385646605775
66286,0.11940661469682
66287,0.1395923133247038
66288,0.13200844348167987
66289,0.13274895467945186
66290,0.06468469493923787
66291,0.12596773584742013
66292,0.13546150438984833
66293,0.10103641086373523
66294,0.1282694828417007
66295,0.1359599344342272
66296,0.11767170724955148
66297,0.13213601449291007
66298,0.2608673136270716
66299,0.12624678318237467
66300,0.1474102435812325
66301,0.39718750118885116
66302,0.06750866263451483
66303,0.13092084961495465
66304,0.12069878262007577
66305,0.1526933761950967
66306,0.11892176628315146
66307,0.1305934743135394
66308,0.15612822638375343
66309,0.13780589107986216
66310,0.16120109843340952
66311,0.14378222933467388
66312,0.12276728953111841
66313,0.12990837605954486
66314,0.11148100577480081
66315,0.12600071599376905
66316,0.12404388896547867
66317,0.1397636406616898
66318,0.12828858126864276
66319,0.13596597153827988
66320,0.11807550604685005
66321,0.09925990852450726
66322,0.11060680316634432
66323,0.12111888581125452
66324,0.14822151464143565
66325,0.12162112817137856
66326,0.1390727558940649
66327,0.13418011251302983
66328,0.1083640678582194
66329,0.11553947648545476
66330,0.12960672858381958
66331,0.1220455918943906
66332,0.11211902763745696
66333,0.12149639440315148
66334,0.1315206299231806
66335,0.12788276977990506
66336,0.15153778157484057
66337,0.12139182446109457
66338,0.11734639425266863
66339,0.11560099842947054
66340,0.1265571743600245
66341,0.10405758174799586
66342,0.07965605829530481
66343,0.12813971750244635
66344,0.1241323299080595
66345,0.12383885899051658
66346,0.1401219416268146
66347,0.153174131176854
66348,0.11417629421479733
66349,0.1155216477403161
66350,0.1090477493641289
66351,0.12758619056485843
66352,0.12902311039085554
66353,0.11438960666695039
66354,0.03453777965663826
66355,0.12664635220554413
66356,0.1461747912795929
66357,0.12991333434540392
66358,0.10673176305015711
66359,0.10039815522719461
66360,0.1286044809057715
66361,0.09604790362151006
66362,0.1241420730960055
66363,0.08656896105550956
66364,0.12438766162874629
66365,0.12382822055249065
66366,0.1286743566392384
66367,0.1487257855218592
66368,0.13115797049711897
66369,0.13554823057959253
66370,0.11222027925948025
66371,0.1209604823345287
66372,0.11131954751368014
66373,0.13480819676572245
66374,0.1222990539434181
66375,0.1382178368686939
66376,0.15013681409766383
66377,0.42785865003429663
66378,0.13656352301706365
66379,0.059069516640193394
66380,0.1186020234522171
66381,0.3608744516479126
66382,0.06429400337874762
66383,0.14267248959907328
66384,0.12168489202714558
66385,0.14250006572219723
66386,0.08403781223628812
66387,0.13475503951622522
66388,0.10776540731243366
66389,0.1278166256354746
66390,0.09889225563996175
66391,0.12390349763404124
66392,0.09064457277361389
66393,0.11452809029036894
66394,0.12302429878299856
66395,0.11106232857600931
66396,0.09735730902749827
66397,0.11123282857239171
66398,0.10880773901067793
66399,0.13650993819010068
66400,0.11785523298034196
66401,0.08567057295110447
66402,0.10888171869249726
66403,0.14630020286035317
66404,0.1190566031678189
66405,0.1173142721245335
66406,0.16029374493257967
66407,0.130784251284503
66408,0.10884330845234587
66409,0.12082593784262373
66410,0.12268024566558494
66411,0.10344732694162288
66412,0.10854446250133253
66413,0.24552096961525577
66414,0.12563452749958623
66415,0.10701949533246152
66416,0.1286923141754266
66417,0.10796485679765819
66418,0.13950093241839864
66419,0.12063613756408305
66420,0.12089984744478971
66421,0.12508527005172154
66422,0.12197632043896113
66423,0.3177898355926099
66424,0.14745110613558565
66425,0.1078272919035578
66426,0.12999342632488356
66427,0.08087452249406575
66428,0.14623326716987053
66429,0.11859083539268941
66430,0.16402665815583603
66431,0.10537556003661144
66432,0.11811541052345903
66433,0.12267258673064758
66434,0.172442134622398
66435,0.11095079932103016
66436,0.1457300891169371
66437,0.1189105399140091
66438,0.1284491766454818
66439,0.1339320187283108
66440,0.37640440452467355
66441,0.1075896466388023
66442,0.07974312334890399
66443,0.12847545356394785
66444,0.1379750736806262
66445,0.12586688785442882
66446,0.14021519610139316
66447,0.12815261135189895
66448,0.062326080399708376
66449,0.12885827700666175
66450,0.12755201319566342
66451,0.13475388835363633
66452,0.10144780651358976
66453,0.12663657955251192
66454,0.13079052107196903
66455,0.12204889439087599
66456,0.11841146707233224
66457,0.13209590778559505
66458,0.0715589008908054
66459,0.1374525165613629
66460,0.14000608245200374
66461,0.12609747826206313
66462,0.48395840118511657
66463,0.11083249805443136
66464,0.32064241006553923
66465,0.13951120787870497
66466,0.35387244657301087
66467,0.12011684031825948
66468,0.11855859816592754
66469,0.12952551682089372
66470,0.4412976445470289
66471,0.11406225780969902
66472,0.13970287445924026
66473,0.09079445075434261
66474,0.14104469759122554
66475,0.12550010542924395
66476,0.15809506063060408
66477,0.12577715207562448
66478,0.1144432724415805
66479,0.07114484970020649
66480,0.10917873830556285
66481,0.12396036803025713
66482,0.12147957178708463
66483,0.10822517909624767
66484,0.12610289934724966
66485,0.1337671732959379
66486,0.12440299741178495
66487,0.12252170301046865
66488,0.16438722178935666
66489,0.13652548644720205
66490,0.12780822094926214
66491,0.13116556330345389
66492,0.12092663697440975
66493,0.11978651882162455
66494,0.1343494123850362
66495,0.1140680308631805
66496,0.6267577931232436
66497,0.14416328592029434
66498,0.13292435345836892
66499,0.13130177018838707
66500,0.13558861673360875
66501,0.150605972844673
66502,0.11432913690654833
66503,0.11524693847157845
66504,0.07905130959440235
66505,0.11989318650278807
66506,0.11765634894302328
66507,0.09641781909686191
66508,0.10929804587505376
66509,0.12042061165559306
66510,0.14068518707276054
66511,0.11709434048780004
66512,0.1306524180220188
66513,0.13596074732553928
66514,0.1256869121358137
66515,0.11442928694249081
66516,0.17864697249780112
66517,0.1261473860209456
66518,0.11477215564810785
66519,0.12094765447935837
66520,0.13541727247584148
66521,0.11812947529845878
66522,0.1153384651964103
66523,0.13832462174782265
66524,0.12673522425685696
66525,0.07664543926547442
66526,0.11084582926427432
66527,0.13247750096896246
66528,0.12369517807195386
66529,0.12397214563597783
66530,0.13105284026384384
66531,0.1226346101394738
66532,0.1253682439764774
66533,0.1321822428425871
66534,0.06818932283048294
66535,0.09935841440211844
66536,0.15901548621220354
66537,0.1384953003042763
66538,0.1122159036986534
66539,0.14401366446939393
66540,0.12179142607707766
66541,0.13234844893729195
66542,0.09542005673026789
66543,0.06383179338180309
66544,0.11002073657429462
66545,0.11926553692053637
66546,0.11579228822876217
66547,0.12863194062527858
66548,0.14557130411558541
66549,0.09476266760702842
66550,0.09653930524505311
66551,0.10712522291361201
66552,0.13541900650151315
66553,0.11353101811028062
66554,0.11821544757698128
66555,0.12364636424073469
66556,0.1229487726229035
66557,0.1307103391925159
66558,0.12049303135281939
66559,0.1261191646688139
66560,0.1144533455588151
66561,0.1251389108959923
66562,0.12541808544595504
66563,0.07989455188892716
66564,0.14621876718806825
66565,0.10569932706503249
66566,0.14579545880781444
66567,0.1004273236223263
66568,0.10987669322163719
66569,0.11260739558068958
66570,0.16680959720870592
66571,0.13229901634702607
66572,0.11952367893865197
66573,0.42848969101796436
66574,0.12509781410802975
66575,0.059224777845879206
66576,0.1115463983829935
66577,0.12636758050551197
66578,0.10530625394387794
66579,0.14917185223635013
66580,0.09262362432495737
66581,0.10689746940544616
66582,0.12679328893071298
66583,0.15364362302580242
66584,0.3094254883963356
66585,0.10751931172303741
66586,0.14144802373398874
66587,0.11712121960126241
66588,0.11287262874228429
66589,0.07305255230324645
66590,0.12279559313294174
66591,0.12540516111946873
66592,0.1742637214188116
66593,0.4969247560300001
66594,0.15211130888136595
66595,0.09701719191831273
66596,0.11520051571236756
66597,0.1259034448082388
66598,0.08811484513943968
66599,0.07463337079262708
66600,0.09841677962123002
66601,0.12217446699442411
66602,0.11432505953469983
66603,0.13722534773021894
66604,0.09592795337300807
66605,0.10783846430155739
66606,0.10785204478080032
66607,0.1269226581159278
66608,0.1703626599900431
66609,0.11489963607158517
66610,0.10851359601688865
66611,0.34186426324349867
66612,0.1224166645003123
66613,0.43778498793219817
66614,0.11246956600926536
66615,0.13823935957969372
66616,0.14410594682043879
66617,0.12096554487441352
66618,0.12116576768445522
66619,0.11216108302968457
66620,0.11843392971497888
66621,0.12718107495173625
66622,0.1290904144705014
66623,0.13984277054254335
66624,0.1384957423149183
66625,0.1547904619198137
66626,0.12937957471729958
66627,0.14493275742106868
66628,0.134272082188234
66629,0.12663857979674376
66630,0.15817907818559954
66631,0.12610732802015695
66632,0.11783221473891446
66633,0.11924694460076167
66634,0.24846617003507931
66635,0.10155671757632966
66636,0.09979903144485092
66637,0.1342299564040106
66638,0.11378721496507023
66639,0.0638769459095822
66640,0.12703377471559563
66641,0.08588863177203263
66642,0.1279179829679865
66643,0.43560612677613736
66644,0.12451636023843123
66645,0.16871476137283287
66646,0.12168710083802892
66647,0.07612443256764728
66648,0.11360567491118607
66649,0.06214213342726179
66650,0.11689905045856182
66651,0.12707399077718443
66652,0.1172099631998207
66653,0.11835309736201592
66654,0.13823680785292564
66655,0.12330529872765482
66656,0.1631234331753235
66657,0.11768627771436245
66658,0.13136572521065584
66659,0.12648854510267354
66660,0.13454583268604514
66661,0.1609437722956382
66662,0.12761211264944997
66663,0.12453371184735404
66664,0.10535727304285993
66665,0.07245642149043487
66666,0.12772607144156808
66667,0.1566779748560758
66668,0.1166461211523728
66669,0.12550730856200085
66670,0.09788181283035755
66671,0.12983775521855626
66672,0.10287171609757072
66673,0.10486440026317832
66674,0.11098308337014744
66675,0.1184106004177554
66676,0.1321358158695391
66677,0.1371593137911897
66678,0.12418480502121956
66679,0.16872962751220347
66680,0.1264405348344691
66681,0.13364566602779523
66682,0.12519138302100882
66683,0.13234758815873277
66684,0.15692341024043266
66685,0.11183777927937631
66686,0.13652743778368714
66687,0.12478471243793199
66688,0.11162230909077606
66689,0.10477664235925335
66690,0.1393159944578681
66691,0.12820708184149798
66692,0.1280452400621107
66693,0.13650770459444336
66694,0.1332661035336896
66695,0.11649154148321472
66696,0.10346729190980744
66697,0.12802166152755418
66698,0.12130095830202908
66699,0.15676667958916085
66700,0.12198294455467328
66701,0.07017296849853585
66702,0.13467137964803338
66703,0.12290871013077277
66704,0.13236110968007697
66705,0.11055188756027631
66706,0.11002945350611915
66707,0.09441138551179996
66708,0.1286097823686211
66709,0.12377241592195247
66710,0.13335607060771512
66711,0.2887471166469337
66712,0.13145344254636301
66713,0.11686633135165209
66714,0.1379874313768706
66715,0.1280360601012008
66716,0.12112796731190989
66717,0.08816802733661015
66718,0.08733243390463466
66719,0.12361217253949404
66720,0.12138642444262289
66721,0.13052627902022954
66722,0.094099391794913
66723,0.10116915941128148
66724,0.12442277348262064
66725,0.38564244462235164
66726,0.11221368701446759
66727,0.1551992781095484
66728,0.12327781785634018
66729,0.10126994452215414
66730,0.1350600391175094
66731,0.10430478843516078
66732,0.11772176671672276
66733,0.09329350114255029
66734,0.10542507409965729
66735,0.135547251807339
66736,0.12833693713283292
66737,0.1256137445714779
66738,0.12657881066947557
66739,0.11774689022528655
66740,0.13529460864514326
66741,0.12532496306259497
66742,0.10798124202161008
66743,0.1310911533255717
66744,0.10272261829077677
66745,0.14217564568884863
66746,0.12137739436397839
66747,0.10948609837623882
66748,0.1034512242782986
66749,0.10787145826321572
66750,0.06041485006375881
66751,0.13585893313793074
66752,0.14009998325993772
66753,0.13019953644205945
66754,0.06255042538321193
66755,0.08320706472484217
66756,0.13135214935828501
66757,0.11751651518773604
66758,0.1251828176642414
66759,0.10970347934128652
66760,0.1284431280875429
66761,0.13471383852697397
66762,0.1252035260710828
66763,0.12157954278116931
66764,0.46342677020769873
66765,0.15467442161935877
66766,0.11539943860980599
66767,0.11731671602069506
66768,0.13987130085015992
66769,0.1384649755058476
66770,0.10495113450414423
66771,0.1307998837029748
66772,0.11269169852366784
66773,0.1176980129921704
66774,0.07544417881158724
66775,0.1320294267020317
66776,0.13014766202606368
66777,0.14848677579745606
66778,0.09350150472001212
66779,0.12285637715557067
66780,0.12553571660556673
66781,0.1088479958244651
66782,0.1269272147024325
66783,0.11423035640318467
66784,0.13165383013305185
66785,0.1267704048786759
66786,0.11877764065943335
66787,0.12862857488961132
66788,0.12444853700450717
66789,0.1325108348233069
66790,0.08234077585652606
66791,0.0703637646691659
66792,0.11399887577195038
66793,0.108810086514125
66794,0.13922206636969023
66795,0.1197296473810751
66796,0.12263028515779682
66797,0.3407021667378016
66798,0.09775779888219696
66799,0.12835610091102778
66800,0.130817025194697
66801,0.14036665985882268
66802,0.10963308823496465
66803,0.08534943841196663
66804,0.1494523183254553
66805,0.1150243493778451
66806,0.08287558368564477
66807,0.06686787817203531
66808,0.13293829923965525
66809,0.12108550006627662
66810,0.09887873053266395
66811,0.1253811914774573
66812,0.12464589078287262
66813,0.15536119534496826
66814,0.09143681379595203
66815,0.4059491626868699
66816,0.07204761051122859
66817,0.0826465069555506
66818,0.12568188001032513
66819,0.15320671842764005
66820,0.12119172749888336
66821,0.12440069010400466
66822,0.11237531816878753
66823,0.10898347135061762
66824,0.11780984792372216
66825,0.10564628931007
66826,0.11245940428050988
66827,0.13427471168866964
66828,0.13770598916320034
66829,0.11118635505844487
66830,0.06836129896711957
66831,0.07672095182571745
66832,0.13031427165864737
66833,0.13854879599920025
66834,0.10891318006636741
66835,0.13338429797188617
66836,0.06511110412836316
66837,0.1122444839048303
66838,0.12177171921382036
66839,0.11253535741663832
66840,0.07458339649753315
66841,0.10073646845267804
66842,0.1294308739973614
66843,0.05906288250143269
66844,0.1369286769417502
66845,0.10633022314978818
66846,0.04701358755491093
66847,0.13021137599158417
66848,0.12780585609254103
66849,0.11690020416547367
66850,0.1265574401937558
66851,0.1162421009658405
66852,0.1309673407513066
66853,0.5887538846244296
66854,0.12190542897048787
66855,0.12162264950802704
66856,0.12060537721346198
66857,0.11920616510766449
66858,0.12148062774801514
66859,0.1272491708233625
66860,0.12708462398022663
66861,0.12151376613479456
66862,0.056423266997698444
66863,0.12688459658732043
66864,0.11930739341816815
66865,0.13242373211025044
66866,0.12258051259051252
66867,0.11878354034868042
66868,0.11697533124472276
66869,0.1069378958529648
66870,0.10480002208632011
66871,0.10416440191928127
66872,0.158814640105711
66873,0.13072302404405267
66874,0.13512848840814243
66875,0.10707958579511945
66876,0.11511203231498926
66877,0.1254802810416566
66878,0.10600972639891452
66879,0.11264960606480158
66880,0.12521292198937986
66881,0.130080646550778
66882,0.13801323934224466
66883,0.6129968749471147
66884,0.12106590830302054
66885,0.11887652938947822
66886,0.1355367790649737
66887,0.12097032729056435
66888,0.3630195412865304
66889,0.12717856947957626
66890,0.1325503712039682
66891,0.12496085141544816
66892,0.11996197356386369
66893,0.1227590889231186
66894,0.12823763535095803
66895,0.08256789313613604
66896,0.1106815730613034
66897,0.10423494966729972
66898,0.07223114737915036
66899,0.11306785591709004
66900,0.3257663356103825
66901,0.12099303904853295
66902,0.08384826239912119
66903,0.14872909814019855
66904,0.10518633937041295
66905,0.1135696014678056
66906,0.11050347907662787
66907,0.1285414773239022
66908,0.06769712503223925
66909,0.1283061605112915
66910,0.1232043015727197
66911,0.07091204169280536
66912,0.06722927838669539
66913,0.1358341133686781
66914,0.12661304678838908
66915,0.13588028561123142
66916,0.12235408900474018
66917,0.1305911911926184
66918,0.10103634487485677
66919,0.11505514009489679
66920,0.12223613353555435
66921,0.12055742757676498
66922,0.16758820680543052
66923,0.1116309361959054
66924,0.12142993956603414
66925,0.11300065280984395
66926,0.12662525898837343
66927,0.11016787861748709
66928,0.10698491946375234
66929,0.10981187979823762
66930,0.12065201013746273
66931,0.12424391124269611
66932,0.060841394714893735
66933,0.1302166973834535
66934,0.1408191561415486
66935,0.09683768763808298
66936,0.10556882722144148
66937,0.12611534393600682
66938,0.14073040376329304
66939,0.10624389243180495
66940,0.14796952761352639
66941,0.17452288590701628
66942,0.13801342540363623
66943,0.12097796054398081
66944,0.1242502393256163
66945,0.12835044903853926
66946,0.11980169307686885
66947,0.11075119755733717
66948,0.056847376965130356
66949,0.11945648706741611
66950,0.14975151824109648
66951,0.11472663200741189
66952,0.09155611126316884
66953,0.07993095157652148
66954,0.10471407471468483
66955,0.12379327539208149
66956,0.11838952230297829
66957,0.11255888377816985
66958,0.13694233153522237
66959,0.12078573381732603
66960,0.11994774698938702
66961,0.13259846180921836
66962,0.07230411221112042
66963,0.1422532977530348
66964,0.1152649998866098
66965,0.10876633755438114
66966,0.11945468147429657
66967,0.12560385881062772
66968,0.1303711626908888
66969,0.15338714880742163
66970,0.14753815070951745
66971,0.06776614999697748
66972,0.1055921782481483
66973,0.07483044303519429
66974,0.1262164995662986
66975,0.08967997574113436
66976,0.07960196481442172
66977,0.1280953272458669
66978,0.11836727225230301
66979,0.12918230906303282
66980,0.11810131305540358
66981,0.12981431807951796
66982,0.12518324995618121
66983,0.11324141759007203
66984,0.11077767239271073
66985,0.09028907761495891
66986,0.10454282727639398
66987,0.12702487369180449
66988,0.1035742188073858
66989,0.08396325198352718
66990,0.13897486060393943
66991,0.1264400832418797
66992,0.08072079983773259
66993,0.13813572133897017
66994,0.12567131431161294
66995,0.299049840803207
66996,0.11363201222213191
66997,0.11850428659105662
66998,0.12012739765240203
66999,0.13226147915246284
67000,0.1316155961666943
67001,0.12997623439412034
67002,0.14107785731869724
67003,0.11155348631786922
67004,0.10862890597777106
67005,0.11802642938535071
67006,0.29961795712131917
67007,0.3622083602713877
67008,0.11323198632778039
67009,0.1184887988552158
67010,0.08583220084200681
67011,0.1255043797016322
67012,0.12157347588437808
67013,0.123310526739932
67014,0.12845709313009993
67015,0.14732401501468406
67016,0.12831736483424597
67017,0.1473128773785099
67018,0.5890245602585812
67019,0.13631096265304857
67020,0.20244383727409823
67021,0.1315117234990191
67022,0.1327523992893949
67023,0.13380986546264437
67024,0.11275404549077116
67025,0.06812912934584855
67026,0.07591751815569037
67027,0.10366890780637368
67028,0.10316107364860239
67029,0.1239418273082086
67030,0.1253519960996277
67031,0.13875941206978296
67032,0.1119911102771816
67033,0.41223939719573705
67034,0.11190478057985524
67035,0.12851113084959861
67036,0.14005966700190348
67037,0.12535414445807322
67038,0.1267557070621576
67039,0.111140295566647
67040,0.16590049717851968
67041,0.11431755206867639
67042,0.1365038650575166
67043,0.1285742261670894
67044,0.11830294055428921
67045,0.07308647986148478
67046,0.12585903941815776
67047,0.13069241225540904
67048,0.11960743244286237
67049,0.1312756974391744
67050,0.12505596295902024
67051,0.1299132242171698
67052,0.13016466413646233
67053,0.13207630554639652
67054,0.12270068570152957
67055,0.1262349127195685
67056,0.1252665133306595
67057,0.11907685850909205
67058,0.125821091208379
67059,0.12749209754803276
67060,0.16781870682833366
67061,0.10914456180527499
67062,0.12051502526500536
67063,0.22649919229878265
67064,0.2529402168865744
67065,0.12812798051805024
67066,0.15153542133653045
67067,0.12957506419944573
67068,0.14363010771457552
67069,0.12875231415985325
67070,0.12041094858743377
67071,0.10624423136412808
67072,0.1271911987393119
67073,0.12521788896541572
67074,0.11717602196488673
67075,0.1253645054119134
67076,0.11927202020921299
67077,0.13524138048159096
67078,0.12009704290707181
67079,0.11266719528797663
67080,0.14311752496840754
67081,0.1107060935155534
67082,0.12110128958563701
67083,0.13739244176674237
67084,0.08614581011044689
67085,0.11608079062917698
67086,0.12058994015356088
67087,0.1481608946634841
67088,0.11065514471081854
67089,0.13629675636017624
67090,0.11945830542423583
67091,0.11723679357960365
67092,0.11228358734934187
67093,0.1244708973210747
67094,0.13434879711007106
67095,0.03849937315028158
67096,0.09489777122553905
67097,0.1193400884827837
67098,0.121930579781616
67099,0.1258428018509265
67100,0.13487778172849416
67101,0.10961222747473728
67102,0.12472358864479519
67103,0.13121953285502141
67104,0.1116955389191248
67105,0.12649289711575484
67106,0.12747350272059016
67107,0.1466366913335548
67108,0.12173999595124613
67109,0.060223547590173024
67110,0.0921068267330226
67111,0.14025739504021922
67112,0.04488101856133118
67113,0.1149226760691105
67114,0.10886928549760658
67115,0.11496217328091114
67116,0.08367288209062865
67117,0.09869977446351391
67118,0.1222140597681363
67119,0.09319791900886017
67120,0.11672168514423319
67121,0.11322624184204944
67122,0.11918297470410491
67123,0.11982443198283496
67124,0.13167091413747364
67125,0.10836336846610178
67126,0.13211954917951424
67127,0.12297389920641164
67128,0.11481765630894768
67129,0.13398625008290085
67130,0.11948658264402216
67131,0.1394595344937082
67132,0.12170380099438222
67133,0.17170199564316813
67134,0.11508847678392975
67135,0.13526534283842478
67136,0.1551035313837629
67137,0.3336081756425403
67138,0.12597864534733663
67139,0.11274337125755353
67140,0.13419064791145097
67141,0.10674181898839451
67142,0.09418381002179256
67143,0.12075458084629927
67144,0.12191189490945312
67145,0.12150137748730062
67146,0.06502486318275785
67147,0.12627197574128457
67148,0.13092374191738523
67149,0.12429136432528635
67150,0.11757737574408958
67151,0.12611455807953195
67152,0.13617083661381563
67153,0.1314774962202148
67154,0.12500034516350783
67155,0.06738487129898522
67156,0.11296510685785249
67157,0.10285460091848297
67158,0.07203549103355639
67159,0.1365997153038002
67160,0.11951973607772044
67161,0.09565452905810516
67162,0.12750970820558385
67163,0.10870543148216373
67164,0.3037907722196774
67165,0.1381619689135132
67166,0.12053536315407716
67167,0.12684723123035632
67168,0.12030674022806095
67169,0.12191606984784728
67170,0.07558906314930182
67171,0.08904588996277152
67172,0.12194602506397273
67173,0.12504648294116746
67174,0.11108209990124647
67175,0.1374760905557802
67176,0.11056353420409373
67177,0.13125928024873063
67178,0.10368572975104791
67179,0.06255469368970362
67180,0.1085801446734757
67181,0.10451089470078463
67182,0.13294313322002052
67183,0.1174526884937118
67184,0.11405577208256663
67185,0.13556598753261248
67186,0.11290857725165292
67187,0.13494544893356214
67188,0.11289754619167582
67189,0.12380363600124333
67190,0.11853400955270271
67191,0.08289607786464134
67192,0.1735357700550032
67193,0.1257064420690631
67194,0.12995056744418387
67195,0.12823409351580287
67196,0.1191558179417978
67197,0.1113880169112256
67198,0.07669877780790518
67199,0.2218397437371061
67200,0.1240835213844416
67201,0.12003471598206927
67202,0.13088253660127286
67203,0.12160206641888632
67204,0.12209453549721253
67205,0.1207049816457036
67206,0.18505964520585616
67207,0.13437341784267504
67208,0.28270514225201665
67209,0.13044515532309622
67210,0.11781648576710302
67211,0.14309090891976495
67212,0.1477537463515596
67213,0.12446526993031581
67214,0.11797018811506045
67215,0.14364713732630935
67216,0.12433515257158259
67217,0.11678818579525027
67218,0.11324023289470482
67219,0.11497671101038864
67220,0.12372985690416291
67221,0.1132023194421584
67222,0.1209368445508457
67223,0.13163046818510282
67224,0.12102937154725729
67225,0.13878558864461513
67226,0.11762396710248944
67227,0.12599401971106078
67228,0.13842594519508433
67229,0.12304539846459582
67230,0.13783893138812475
67231,0.14160585679512447
67232,0.12412817557947671
67233,0.1184283954059329
67234,0.10879466128657539
67235,0.11871160355401283
67236,0.12370195582967902
67237,0.14498559577219278
67238,0.12657565184358846
67239,0.11242703430467321
67240,0.11617906932701846
67241,0.06970825227353533
67242,0.12585244773630813
67243,0.10969846588736289
67244,0.13120617182428979
67245,0.12726903096124004
67246,0.04322585885335166
67247,0.1243364991587079
67248,0.12622869768063547
67249,0.13203831128261626
67250,0.12821216832374488
67251,0.11227283648111083
67252,0.1212117256084783
67253,0.12438566836707324
67254,0.132719981960952
67255,0.13830919325220578
67256,0.12857533125440873
67257,0.10387511701661979
67258,0.11626694426381731
67259,0.12345892475950984
67260,0.12212549059040237
67261,0.12274690991233617
67262,0.11957788998435175
67263,0.07955907493959821
67264,0.14999847911224393
67265,0.147696567240339
67266,0.10341988942455209
67267,0.08736480255760316
67268,0.11795158827676835
67269,0.12654237065719487
67270,0.14812889915971666
67271,0.13238536453721167
67272,0.0923080297817717
67273,0.08562763538518028
67274,0.12449696476435444
67275,0.1253390950985679
67276,0.11312523591824496
67277,0.10933836024543563
67278,0.13042657639072497
67279,0.13685693556635492
67280,0.06423479682640214
67281,0.09849783360506016
67282,0.10284114994961119
67283,0.12735939640639998
67284,0.12813772220455646
67285,0.1168887677565094
67286,0.09478781193268343
67287,0.13338105114830864
67288,0.11177474925863236
67289,0.1774285745751481
67290,0.07408021260547483
67291,0.11935720732734961
67292,0.10302707494130997
67293,0.12141565470041754
67294,0.12566597180914515
67295,0.1470478213631585
67296,0.11534277725548106
67297,0.10644011988286718
67298,0.15813433389564507
67299,0.12004828654278869
67300,0.11627192267973782
67301,0.12965389867101398
67302,0.12956571768775021
67303,0.1198737783137479
67304,0.09582021231010283
67305,0.11869281575531998
67306,0.10857519333334469
67307,0.09305577420147862
67308,0.12351917374531572
67309,0.11846187687627155
67310,0.12042261506018179
67311,0.12584267232489046
67312,0.11585520540211083
67313,0.1400929379232081
67314,0.07597780192738161
67315,0.10786833169456514
67316,0.06791712658472832
67317,0.10906123179970766
67318,0.14321715792743078
67319,0.11993610294428558
67320,0.10853365375750389
67321,0.12467166852609594
67322,0.12775338302881523
67323,0.12589714634529753
67324,0.10228232395286395
67325,0.1094299198297508
67326,0.12726868432102442
67327,0.13200516012846883
67328,0.07392167585307408
67329,0.1003495231927173
67330,0.1123814586869104
67331,0.1486058885270931
67332,0.12849722734516805
67333,0.08189452110084786
67334,0.1114067043972513
67335,0.12497097800691072
67336,0.07157799245289657
67337,0.12232542866540153
67338,0.09345132380017607
67339,0.14015630993695288
67340,0.06628583743339388
67341,0.12320784440805892
67342,0.14800418386855507
67343,0.07858114971360453
67344,0.07632181235203091
67345,0.10150527923201222
67346,0.11901643272834193
67347,0.12926727077409567
67348,0.1323132898110806
67349,0.12187428625127078
67350,0.1179120796034312
67351,0.10796120498803281
67352,0.1208479342969052
67353,0.11820631302184266
67354,0.10573138038928198
67355,0.11499990772866324
67356,0.11941360311141026
67357,0.11517139250506468
67358,0.15281278951346727
67359,0.1281738687273959
67360,0.08832070653544567
67361,0.11536805891178104
67362,0.12806780658685735
67363,0.12026394053481934
67364,0.1376753540741813
67365,0.11981703192899065
67366,0.13322285685199425
67367,0.4204682006256569
67368,0.12296248449549255
67369,0.12518857710844009
67370,0.12611374043295515
67371,0.11835637403223269
67372,0.13477860045351842
67373,0.10948124920784714
67374,0.12880423961426157
67375,0.14013333688541432
67376,0.1194910582262197
67377,0.12747315341211377
67378,0.1103317007389829
67379,0.11141187622331217
67380,0.1280338498311648
67381,0.12534909803624328
67382,0.1354305553166704
67383,0.13199147500630615
67384,0.13496397163191018
67385,0.21030762434054787
67386,0.06268644188006425
67387,0.12181873449201101
67388,0.10651906668556115
67389,0.1386084803796248
67390,0.11953292483081773
67391,0.13324152193688035
67392,0.141328524972413
67393,0.1262913500585671
67394,0.13302534111735934
67395,0.14240600467723338
67396,0.1286227401062827
67397,0.09903698244537974
67398,0.12813483510527882
67399,0.1446727491359872
67400,0.12058338412238809
67401,0.12067846512498936
67402,0.10882373218012242
67403,0.10129020264304543
67404,0.1099457778238969
67405,0.1160725422046593
67406,0.13170984382399037
67407,0.11979120394753572
67408,0.13169681398000924
67409,0.1175133168515815
67410,0.11985010076235024
67411,0.10323822227531124
67412,0.13115366852349708
67413,0.10626238196187729
67414,0.13044269201323141
67415,0.05669362665011738
67416,0.0884933273749149
67417,0.12148893490203112
67418,0.1156654823550777
67419,0.11338978944663261
67420,0.11801144321618189
67421,0.12097539984091771
67422,0.12125782305445093
67423,0.1363070362832767
67424,0.4116048749148858
67425,0.14643997204007986
67426,0.12080747110946925
67427,0.13132367281957166
67428,0.12050893899216038
67429,0.12713231338911066
67430,0.124256072250105
67431,0.1349433990195809
67432,0.12479608718867198
67433,0.12188483690306313
67434,0.10451247146719787
67435,0.11145213738775744
67436,0.07748764651757212
67437,0.13744349423331262
67438,0.13066825844698224
67439,0.06728636923618317
67440,0.12244254874921053
67441,0.11235854274068312
67442,0.11998771837362589
67443,0.11961312926971418
67444,0.14538167285803485
67445,0.11285619759508997
67446,0.12851550664956887
67447,0.14076832552414484
67448,0.12231957274157552
67449,0.12823848829135587
67450,0.11619458542721307
67451,0.10317157529187725
67452,0.12700422085155105
67453,0.11363905789064323
67454,0.09603830932939249
67455,0.13248977819641933
67456,0.07050106462476391
67457,0.15420631483202518
67458,0.13655292051997606
67459,0.09189857902505477
67460,0.12120362694402025
67461,0.1136712548583868
67462,0.42401630259018736
67463,0.1297132466891361
67464,0.12498620896207402
67465,0.0872116661167687
67466,0.1165435355096486
67467,0.12495222146406247
67468,0.09791755895498218
67469,0.13054078492630797
67470,0.09731800335970248
67471,0.10931646690745003
67472,0.12429133472306063
67473,0.1523048371368988
67474,0.12837005855052536
67475,0.5167286455527169
67476,0.1263220330897351
67477,0.1226338881378032
67478,0.14521977768634498
67479,0.13167379237785065
67480,0.12604154730465683
67481,0.1506394264233226
67482,0.09898323964504167
67483,0.07421863340699371
67484,0.12350819085045406
67485,0.1414945210680923
67486,0.11925448439924251
67487,0.12759795163153428
67488,0.1238424283736019
67489,0.12670874512128552
67490,0.11295349239130446
67491,0.1253002563657564
67492,0.12463736685928095
67493,0.1527489761031951
67494,0.09681142054025225
67495,0.11461873844166919
67496,0.07370691047169763
67497,0.11409775047731269
67498,0.12076217018019093
67499,0.1288497136464346
67500,0.13087485514886527
67501,0.1221084162880941
67502,0.11130945858628584
67503,0.08691021680581226
67504,0.12489246606122574
67505,0.13250263565436063
67506,0.11985116481018859
67507,0.07743771588369738
67508,0.08324883231144473
67509,0.12367321498817065
67510,0.1342725108530287
67511,0.06596159945342875
67512,0.1180686592241062
67513,0.1453854111071914
67514,0.34016104919899376
67515,0.210520196463303
67516,0.12238348764073415
67517,0.13248702589866257
67518,0.12155420218640152
67519,0.0654213528472058
67520,0.11431500839679096
67521,0.06940300332040666
67522,0.11836898215112894
67523,0.10473071485425742
67524,0.17921717370121132
67525,0.12549302636135484
67526,0.1311411857117859
67527,0.1319977832054702
67528,0.08115390144803905
67529,0.10832113778632313
67530,0.12461611233598584
67531,0.07253947682434451
67532,0.10597633068547699
67533,0.11654552031217967
67534,0.1274431813673471
67535,0.12625907016926985
67536,0.35484951682139154
67537,0.13354981404789573
67538,0.11022772165870273
67539,0.11627655671309693
67540,0.06854699767963834
67541,0.1316681459443529
67542,0.12041972283103902
67543,0.14652295516051403
67544,0.12926349498092746
67545,0.10584092153506446
67546,0.13321699354833144
67547,0.10310676096094959
67548,0.10390526169322996
67549,0.1327841148434039
67550,0.13485339478182384
67551,0.11762577226462806
67552,0.08942478894278547
67553,0.11474896552413413
67554,0.07111993454665802
67555,0.13866029042876596
67556,0.14586811403844627
67557,0.4276338158968576
67558,0.1105361987989282
67559,0.09905683238973324
67560,0.13730463546701194
67561,0.06379537848230604
67562,0.12731587469676392
67563,0.12159887924633235
67564,0.1431759132546137
67565,0.09160239993853556
67566,0.13290055417943844
67567,0.10299279167284875
67568,0.03834228895338704
67569,0.12788675105092717
67570,0.12725965964196195
67571,0.13937584255291705
67572,0.10915273879504546
67573,0.28537267378716535
67574,0.07865537542307018
67575,0.3197381922893194
67576,0.1240736820384731
67577,0.15122657518108104
67578,0.12189052242704433
67579,0.1495452020515581
67580,0.13480225043882305
67581,0.11554586656653229
67582,0.13220402447976715
67583,0.12652920726415667
67584,0.13421512267432992
67585,0.11208347226144269
67586,0.1334356381010232
67587,0.1026177178396747
67588,0.0631382898809363
67589,0.11990492950341858
67590,0.1490576856491807
67591,0.09779680982644161
67592,0.06486991493934394
67593,0.13202747478027982
67594,0.12247616993560533
67595,0.11695337414186231
67596,0.1271301117738805
67597,0.09118942102660924
67598,0.10556262406331275
67599,0.14053550087010838
67600,0.11313454400252822
67601,0.13103640796117383
67602,0.10094851628556785
67603,0.127711365086835
67604,0.12523725301653657
67605,0.4829560366840227
67606,0.12628986280096124
67607,0.1149765842589334
67608,0.12717082875640637
67609,0.12500042031735553
67610,0.12124249777072822
67611,0.11520234353060244
67612,0.13975326451314393
67613,0.129098648999272
67614,0.14613540926521532
67615,0.11096344866890823
67616,0.12551781188627456
67617,0.1262555929919562
67618,0.1358242173577055
67619,0.11257413541445081
67620,0.1209987090292964
67621,0.10640458245930187
67622,0.0807993044655036
67623,0.1260757890433224
67624,0.12659920675350536
67625,0.12560460744614713
67626,0.30290410681610236
67627,0.12969963318635389
67628,0.12781590474877422
67629,0.12644086018499925
67630,0.12398810948035885
67631,0.3830375891988725
67632,0.5427251836231188
67633,0.42714654854113365
67634,0.1499328489117938
67635,0.10544330116029164
67636,0.1169751336181353
67637,0.09845044276730067
67638,0.10861752429999726
67639,0.11107419050494914
67640,0.0932941506839436
67641,0.12866583678969035
67642,0.15404071417730358
67643,0.3360807023346497
67644,0.10792687456971178
67645,0.12713077396260022
67646,0.12811715640795707
67647,0.12639404206017332
67648,0.10829779378530349
67649,0.12379045855753541
67650,0.11648199248644059
67651,0.12099081700079556
67652,0.1354926325795301
67653,0.09966371851104625
67654,0.14272914255682667
67655,0.12629010772965235
67656,0.29598179719348855
67657,0.150697597207996
67658,0.11586189817684965
67659,0.13848080373982685
67660,0.1062168698844664
67661,0.1091564338099399
67662,0.2701458627187215
67663,0.11259837462878793
67664,0.1343381433267983
67665,0.13280628201849556
67666,0.1303035990190482
67667,0.14659545574863733
67668,0.12229817625962207
67669,0.12725976054429122
67670,0.13028954661074518
67671,0.1132955819397244
67672,0.11493877741329456
67673,0.09848663872674641
67674,0.13484929477808202
67675,0.10762537365014632
67676,0.12489821889560394
67677,0.2817558826516539
67678,0.13626087240449147
67679,0.10405201678912457
67680,0.12005335590439359
67681,0.1344187147042498
67682,0.1265229042649343
67683,0.07085792685474872
67684,0.12821362378070342
67685,0.12956124198711044
67686,0.12800251404147847
67687,0.12822592411268258
67688,0.12215030032380103
67689,0.08829988436124778
67690,0.11680280914191393
67691,0.09031717347101972
67692,0.09328357126321929
67693,0.1370574194183588
67694,0.12884192676132644
67695,0.10342646652668439
67696,0.11862931586376557
67697,0.12253201141920089
67698,0.12867092831035706
67699,0.1261476166648292
67700,0.11305449149326337
67701,0.1006987520643052
67702,0.1302509403114421
67703,0.1261053362326509
67704,0.06712948894017755
67705,0.3431526561545909
67706,0.09628678351218917
67707,0.07077592365711013
67708,0.1527492158022149
67709,0.11010916958315174
67710,0.1177710165210194
67711,0.0899322238725496
67712,0.17511165076980992
67713,0.1219315674883934
67714,0.09698017815013717
67715,0.11864306191393129
67716,0.060857021581994866
67717,0.11943037766422
67718,0.12693983346353016
67719,0.11100539464545438
67720,0.2322646465075787
67721,0.14251738647636497
67722,0.12865253200580692
67723,0.12971220567234618
67724,0.1272021321469112
67725,0.07575676985540626
67726,0.11326140924211216
67727,0.12894069126783148
67728,0.1157003085539269
67729,0.1303429167323251
67730,0.1236501318569656
67731,0.10722006720720789
67732,0.09703537839890944
67733,0.07439896696370336
67734,0.12082435753149548
67735,0.09460629078055377
67736,0.10739604502621776
67737,0.10571423823485901
67738,0.060518728512505296
67739,0.06470612460380638
67740,0.1157008345083093
67741,0.1306560443814106
67742,0.1253604787885777
67743,0.12554063081597333
67744,0.12507115324981155
67745,0.06832737951314623
67746,0.11780169939501614
67747,0.1264706744862237
67748,0.12038879862866408
67749,0.11509436630312452
67750,0.05091952387349139
67751,0.12904157615903955
67752,0.14109794777534898
67753,0.1046043993601923
67754,0.0987550848943788
67755,0.12738481297788928
67756,0.0906433050626812
67757,0.10842282125936209
67758,0.13889702517630512
67759,0.12555418578680064
67760,0.20148432619129328
67761,0.13378582238542197
67762,0.11704140692540356
67763,0.1238837512663056
67764,0.1301361998403255
67765,0.10664515063640218
67766,0.14934807818841622
67767,0.1207141999872048
67768,0.0643501768751586
67769,0.1512120755094572
67770,0.07890020865680589
67771,0.11649159584802457
67772,0.1392569895231292
67773,0.08152423666982793
67774,0.12801162814421063
67775,0.12612018509543613
67776,0.12625296939433414
67777,0.13648806593702748
67778,0.12572700575872087
67779,0.1274099534936479
67780,0.12595885880992838
67781,0.12170294256349377
67782,0.10930009414044006
67783,0.09476321285659642
67784,0.07394549594049991
67785,0.12621895854322593
67786,0.11942318148743424
67787,0.13033199806868617
67788,0.12485662483753224
67789,0.0991929754916695
67790,0.1299135563657126
67791,0.1193407614725515
67792,0.11043522893020499
67793,0.07455744773504079
67794,0.11761417034576152
67795,0.13440890469225014
67796,0.09688732114477885
67797,0.07391086275461885
67798,0.1165588445116892
67799,0.14319863106293015
67800,0.11369145582885498
67801,0.14613766988294863
67802,0.3284991675840823
67803,0.11047320280180115
67804,0.10299089408657401
67805,0.13177038115572598
67806,0.12268634130005794
67807,0.1487351767903896
67808,0.13373730388215183
67809,0.14281451058187625
67810,0.124649178472814
67811,0.1274850892781113
67812,0.0914425335436281
67813,0.10457330651087145
67814,0.10748783433726772
67815,0.11325639231296332
67816,0.12306688985462808
67817,0.12616768914728105
67818,0.12703344628975238
67819,0.13908640169792846
67820,0.1212701625807808
67821,0.1186211118651799
67822,0.12526025918415085
67823,0.6281041370307333
67824,0.13269541127823625
67825,0.12773979063975538
67826,0.07290057772346199
67827,0.12041815974806011
67828,0.1329496589740901
67829,0.12743452358512375
67830,0.15370621520259575
67831,0.11157559569146647
67832,0.131774456924392
67833,0.46132914879526943
67834,0.11814382094964755
67835,0.12495304492139093
67836,0.10780139278550727
67837,0.13406216345792177
67838,0.12697531492077538
67839,0.11566876055735983
67840,0.10968727853510833
67841,0.1306469319831678
67842,0.12931556276576606
67843,0.10240586568415316
67844,0.1184597368590497
67845,0.1280631633603886
67846,0.5863161420340162
67847,0.1086823442945169
67848,0.12518819417678612
67849,0.1297052074736425
67850,0.12138606726685686
67851,0.10563931001006617
67852,0.16289218235306924
67853,0.12368732890309712
67854,0.1118832948521905
67855,0.1282617171538896
67856,0.11539456450082747
67857,0.13161951883746825
67858,0.10561291274334501
67859,0.13629216441590483
67860,0.14106173115111367
67861,0.14226817543555295
67862,0.11694301061747778
67863,0.07454576039314326
67864,0.11178749340461362
67865,0.11486601888053358
67866,0.11368730091732805
67867,0.13287011358032697
67868,0.11695869378691233
67869,0.130164412743702
67870,0.11736040222108014
67871,0.1419693779827796
67872,0.13106782169133224
67873,0.11376387063331779
67874,0.12035376763985706
67875,0.13322130368327473
67876,0.12634726056424408
67877,0.11299887782738686
67878,0.13182053264706964
67879,0.0769058866487759
67880,0.11073469433357752
67881,0.11958284669548193
67882,0.12499782928193678
67883,0.11587761258384391
67884,0.12855981524723084
67885,0.11242940002338501
67886,0.12543654718623612
67887,0.11767579971375071
67888,0.15676736047736106
67889,0.11540749536633363
67890,0.11189897404436054
67891,0.11367450006814832
67892,0.0807433625806759
67893,0.12053494186144993
67894,0.12929695103853772
67895,0.1384455429382138
67896,0.07255090363267454
67897,0.13763982883285325
67898,0.11148182660741991
67899,0.07039308399762595
67900,0.06686687414789093
67901,0.12207147031779057
67902,0.11266195471624187
67903,0.12094647551445536
67904,0.11819155031522925
67905,0.11474931898365598
67906,0.12766302882754463
67907,0.06615221360450203
67908,0.12358621255626992
67909,0.1384260057954247
67910,0.14831106857179918
67911,0.12746687329723672
67912,0.1307084869866048
67913,0.11739800314011421
67914,0.12449518358862782
67915,0.5814247887608238
67916,0.12098365209060662
67917,0.11720794906795545
67918,0.11913222343370106
67919,0.09766818751082149
67920,0.11533268936650357
67921,0.06785670832868955
67922,0.05992931577420902
67923,0.13121892989303205
67924,0.17888601329203782
67925,0.11474875225455126
67926,0.10984225180697363
67927,0.1376631311413689
67928,0.1279596113532765
67929,0.11766531488783183
67930,0.11323660281162405
67931,0.06903992384389329
67932,0.12615725670425185
67933,0.10121554849758095
67934,0.13028999890602241
67935,0.10507637805848705
67936,0.08843877295327329
67937,0.13529037538459301
67938,0.07703963283360246
67939,0.12749372527976616
67940,0.10986313610561375
67941,0.12124317556563083
67942,0.2908332051694656
67943,0.12241260563471855
67944,0.11377038576401573
67945,0.12162005713105915
67946,0.1309648150490633
67947,0.09988172550134211
67948,0.13461483304161853
67949,0.15495970999164455
67950,0.13620729726077913
67951,0.13227865526945143
67952,0.11071790952164641
67953,0.12134686603013313
67954,0.47517600133378174
67955,0.10792639495640982
67956,0.143942247513212
67957,0.11793539105413435
67958,0.14466577724940435
67959,0.1165120468628168
67960,0.12167091304020693
67961,0.13163048204042044
67962,0.12894430679427957
67963,0.1465457645882849
67964,0.12906411220997507
67965,0.10249482699355844
67966,0.12139470860263307
67967,0.13896224627802384
67968,0.10600289430821239
67969,0.12037800993684043
67970,0.1463536987433132
67971,0.10779374722971997
67972,0.11790333706527238
67973,0.13030770156966803
67974,0.1294717873975662
67975,0.11174121240906841
67976,0.13657547336946071
67977,0.12004378973496346
67978,0.11409754673781468
67979,0.11665587801087207
67980,0.11790756105042449
67981,0.09603093390915982
67982,0.13014477121713497
67983,0.08119121637793454
67984,0.11858641487030334
67985,0.11132079501141887
67986,0.11940624479267621
67987,0.17014913204355056
67988,0.10935045094663765
67989,0.11735552136608624
67990,0.10645536623086853
67991,0.06866619985117363
67992,0.10414842038642738
67993,0.09677618281726483
67994,0.13660315317963578
67995,0.07822571272220769
67996,0.1287330625558327
67997,0.125231133122731
67998,0.12619994317584046
67999,0.1214044745661256
68000,0.11379670910560713
68001,0.11782215887824257
68002,0.12127282821386662
68003,0.11146607906109238
68004,0.11320050984074674
68005,0.12473424409275308
68006,0.12713116387244772
68007,0.12719985535734601
68008,0.12498073264639172
68009,0.061068622542406185
68010,0.11226770102955708
68011,0.132366945141382
68012,0.11608564222968311
68013,0.1494367145017587
68014,0.12623994421602475
68015,0.12508104989502117
68016,0.07999119496213852
68017,0.13746012081628273
68018,0.11543876478257736
68019,0.1063575250832022
68020,0.0754918591939529
68021,0.09525722856258005
68022,0.1480334788632392
68023,0.11990946361226057
68024,0.14012359223697304
68025,0.08603374789332535
68026,0.1231517772713657
68027,0.10894028515330172
68028,0.13406395585247594
68029,0.12333258267972669
68030,0.12753013821216438
68031,0.13859179499365942
68032,0.11176490176899229
68033,0.10670431734754281
68034,0.10485732683912008
68035,0.12195195822258574
68036,0.11824598756200143
68037,0.11785243298375894
68038,0.1222929632497134
68039,0.10847569854329109
68040,0.0798164889179037
68041,0.11615736911643232
68042,0.12285994052010095
68043,0.06360186504888503
68044,0.10602105077249205
68045,0.12865339421744573
68046,0.11703580116060155
68047,0.3503927274162932
68048,0.07106757467559237
68049,0.1136850534166538
68050,0.14219421932815143
68051,0.12840862085951174
68052,0.045941005809663905
68053,0.12017228110941912
68054,0.12053635009398275
68055,0.05987900555044684
68056,0.12202150331804673
68057,0.12973989519594026
68058,0.11898997705366153
68059,0.06883572058790367
68060,0.13633742986607444
68061,0.1221013572696416
68062,0.1369302583008014
68063,0.12330608191157917
68064,0.1369639846474836
68065,0.12071065916563276
68066,0.13902162920388622
68067,0.11889430065511816
68068,0.12883422560883864
68069,0.10401575841966679
68070,0.12486360397612421
68071,0.15369772083071825
68072,0.08233217564535657
68073,0.12635198925780464
68074,0.07451199287283142
68075,0.13420506888835515
68076,0.09669179476472033
68077,0.12762989039786773
68078,0.1374207333608159
68079,0.13261235617194578
68080,0.1260376735083581
68081,0.12749338601927704
68082,0.14741783974050393
68083,0.12280129445008894
68084,0.11412427360644768
68085,0.15488858089878102
68086,0.13902276748683348
68087,0.10065981702962398
68088,0.12660296960258968
68089,0.10805574082113148
68090,0.059137106935922806
68091,0.1529005319146747
68092,0.12215397502495653
68093,0.10527093495049897
68094,0.1262181563539703
68095,0.12612530224302454
68096,0.12544674695927036
68097,0.12351111042389287
68098,0.11554307558347447
68099,0.10148781464761927
68100,0.1277098313405548
68101,0.11542020197792789
68102,0.10639316470400265
68103,0.13185806617515047
68104,0.13962282954715557
68105,0.12000237722436004
68106,0.09742201525804643
68107,0.11855199029877533
68108,0.11460644588128525
68109,0.12486480769857466
68110,0.11940804397817677
68111,0.13047367221997486
68112,0.08319868374134873
68113,0.12996906556008497
68114,0.11878944075190039
68115,0.17796840182233942
68116,0.12453746822427626
68117,0.11308816015895533
68118,0.11248215563249506
68119,0.11173934321862782
68120,0.12236860189853008
68121,0.12194089888734924
68122,0.09523658784368191
68123,0.12668543444954908
68124,0.21414379169198616
68125,0.12209839112205687
68126,0.06887614993075326
68127,0.12120922060079162
68128,0.1295167644107031
68129,0.3652039757561048
68130,0.11857143138674338
68131,0.1332341337135745
68132,0.11413282794414234
68133,0.11507388902173059
68134,0.13206409921381979
68135,0.10965751857379424
68136,0.08413126977309758
68137,0.11578114867667023
68138,0.12288408701577666
68139,0.13354338476345584
68140,0.12241578021506609
68141,0.13522522434535214
68142,0.11855388417589713
68143,0.1531490893685047
68144,0.11567131966560298
68145,0.08862048034037172
68146,0.10903532355959673
68147,0.1323655999569523
68148,0.12805289106388035
68149,0.12802451430675757
68150,0.1250770854756047
68151,0.07177651253729156
68152,0.11353229319731438
68153,0.07830971891343516
68154,0.114646769477215
68155,0.1039634737734182
68156,0.10794909988781154
68157,0.1233576210163788
68158,0.10996203240433264
68159,0.08962698644576375
68160,0.1322212359670169
68161,0.11804129956954365
68162,0.09836707582713553
68163,0.10564268960137733
68164,0.11125278855912728
68165,0.13596397519082445
68166,0.14748748915656482
68167,0.12248694062420745
68168,0.14523270534653626
68169,0.11902883905885979
68170,0.12586057698680317
68171,0.13960645573411182
68172,0.1136070024872739
68173,0.13031868830566987
68174,0.10314029062391764
68175,0.104393251134347
68176,0.131113504835789
68177,0.14525656210535695
68178,0.09787566988794844
68179,0.12320237622385344
68180,0.14844170285554334
68181,0.11253703792030192
68182,0.06895157114345714
68183,0.12008231844717097
68184,0.10874265103357321
68185,0.12522637061061012
68186,0.12583415662818256
68187,0.13234946196038905
68188,0.12552493141611257
68189,0.12117756602783074
68190,0.12996531097471087
68191,0.12500473472775478
68192,0.10904019101607132
68193,0.10383918530575309
68194,0.12004557133428333
68195,0.11560847075490126
68196,0.12217101131305051
68197,0.40960981081039277
68198,0.12635549484863579
68199,0.11024499401727002
68200,0.17464897357279532
68201,0.11604759538843679
68202,0.1497548225048413
68203,0.1299696798534369
68204,0.11872816820438854
68205,0.1180624245539984
68206,0.1254030533698897
68207,0.11556710062217988
68208,0.12124904566849325
68209,0.09129137386311725
68210,0.11881072871918649
68211,0.29532783117886174
68212,0.1073388892112973
68213,0.09955221798152622
68214,0.12262819844911256
68215,0.11924705349940334
68216,0.13813929328770055
68217,0.13351663845777628
68218,0.14002857707692737
68219,0.13815810489487027
68220,0.14690783926207646
68221,0.12200569450775367
68222,0.1292576176845917
68223,0.0950861685888131
68224,0.12408040080133455
68225,0.12001704604822551
68226,0.07506180531301597
68227,0.11451094156513214
68228,0.1287372836576471
68229,0.10421300554112421
68230,0.12586428394354535
68231,0.1291730677959943
68232,0.12193509351081892
68233,0.12902600785880805
68234,0.12822256132253515
68235,0.1008180916376919
68236,0.13123793425471939
68237,0.13237968416405957
68238,0.10004017984193275
68239,0.13462733493573315
68240,0.1203061745938476
68241,0.13910208443817326
68242,0.14415129617923766
68243,0.12232963291623855
68244,0.10724993614784727
68245,0.12903580362400163
68246,0.21759478689419065
68247,0.12805632604568623
68248,0.09469480820936717
68249,0.12056897294885517
68250,0.12583809199402268
68251,0.11521634120703284
68252,0.12237036679645669
68253,0.13379777523379188
68254,0.12162330101972389
68255,0.12728770375670706
68256,0.06766734536376572
68257,0.10158326073797924
68258,0.110012792360938
68259,0.12208995963945217
68260,0.11530482753562739
68261,0.14079074774092995
68262,0.1200346027905637
68263,0.12498162251223492
68264,0.1466994897171084
68265,0.1379128501099885
68266,0.12020650208376
68267,0.13283771176910597
68268,0.11768210559215835
68269,0.12056173831731218
68270,0.11852404276253858
68271,0.12688487658146638
68272,0.08638024732459404
68273,0.1255339971640217
68274,0.1337133284103906
68275,0.10724316849932052
68276,0.12827374938931047
68277,0.11346002903196517
68278,0.10669744865773508
68279,0.34666954431286856
68280,0.11684391238164193
68281,0.07054568605693248
68282,0.08914735190895805
68283,0.1309754496890277
68284,0.12638153312181633
68285,0.12951145845467082
68286,0.10971413979443898
68287,0.08260991434421529
68288,0.12392865453922106
68289,0.09291699978781483
68290,0.06259464668116226
68291,0.11513695336514425
68292,0.06216818834267539
68293,0.13963823441426051
68294,0.10821170610760958
68295,0.07679125397426287
68296,0.12726522437653287
68297,0.12672635287650483
68298,0.12587255335039021
68299,0.12615693466573447
68300,0.12214172152125222
68301,0.10278196766916965
68302,0.12897138468906236
68303,0.13855641530475732
68304,0.10718496674805231
68305,0.12421836280294375
68306,0.10015054757151427
68307,0.17853288654831725
68308,0.12320124575928201
68309,0.11892630980323658
68310,0.1068723065761448
68311,0.09629287412227813
68312,0.12427823027233838
68313,0.10291704034844536
68314,0.1389104758053467
68315,0.11339847710995889
68316,0.12523638248744456
68317,0.10587833698523927
68318,0.11092604720671344
68319,0.12129933983798069
68320,0.1255485039462209
68321,0.1309980088550438
68322,0.12282308099680099
68323,0.11863512608828754
68324,0.13154618870177617
68325,0.11413432516806651
68326,0.10823031184720983
68327,0.1286226841672962
68328,0.07429430640168071
68329,0.13502342927552302
68330,0.10410470144876698
68331,0.10194196043827233
68332,0.11874795303372644
68333,0.07104795576172998
68334,0.10232346672042088
68335,0.14582021369204212
68336,0.13678233393144612
68337,0.1333058419548993
68338,0.10531589864128604
68339,0.12677112091302725
68340,0.12944776032583794
68341,0.12973657168721694
68342,0.11610137437593264
68343,0.095766893786473
68344,0.058143977834192076
68345,0.12228741251901039
68346,0.13081764535847767
68347,0.14669620315476323
68348,0.11320104123122825
68349,0.14203670708148586
68350,0.12397587288192055
68351,0.1325270969959378
68352,0.09861080447143222
68353,0.12083668271912966
68354,0.13072050447511602
68355,0.11720099830633239
68356,0.10151185513672831
68357,0.1251046400214523
68358,0.08667309870252925
68359,0.11784446631859115
68360,0.11326722308821592
68361,0.07102072529495226
68362,0.14448957319402495
68363,0.1430650048933471
68364,0.11099803651868496
68365,0.1701057601502181
68366,0.1302473672295728
68367,0.09345187036759188
68368,0.06628495010488519
68369,0.10436721087674763
68370,0.12769277203142623
68371,0.13610881212319437
68372,0.1330144230591119
68373,0.12514767382227954
68374,0.11467613208627146
68375,0.12057271791550858
68376,0.07680855752261341
68377,0.12791740929349818
68378,0.13551544049005934
68379,0.14260013221156165
68380,0.13275283591460288
68381,0.11388627910284188
68382,0.33556718184190054
68383,0.12794978289994197
68384,0.13174916979954765
68385,0.11964500072622085
68386,0.12353293334353942
68387,0.12262956632330964
68388,0.1220910561325598
68389,0.12768392279744176
68390,0.11381307915908867
68391,0.11993157540045012
68392,0.1237868701571517
68393,0.13055837685973065
68394,0.43162255864012283
68395,0.11219982560182123
68396,0.09527816126658134
68397,0.13059619231867353
68398,0.16151901313289035
68399,0.12622500096287476
68400,0.1460845823337302
68401,0.11908833705938117
68402,0.47911550141962345
68403,0.12418799484095333
68404,0.12299003764422586
68405,0.11732060706633578
68406,0.10381492569955081
68407,0.1264360861990373
68408,0.12990762109361303
68409,0.11652575802344382
68410,0.1259772318306413
68411,0.11172131004338569
68412,0.1460792882655413
68413,0.11716283854660918
68414,0.35829603124254017
68415,0.11694825142550064
68416,0.13131758667562332
68417,0.13264246499792415
68418,0.13431981098866033
68419,0.15530754476561148
68420,0.0834923879081174
68421,0.13044479381336255
68422,0.10649968245646547
68423,0.12334921867587584
68424,0.11594598442182466
68425,0.09231307761326119
68426,0.11595067097917164
68427,0.1476960731037015
68428,0.11377209429929032
68429,0.11293209065913565
68430,0.12100927257630555
68431,0.1485576434360651
68432,0.13124424708887014
68433,0.13445691561553988
68434,0.13468302051024192
68435,0.11702706386218444
68436,0.12049540263320165
68437,0.12686165105900843
68438,0.11558243014454553
68439,0.12533823917137005
68440,0.11920350276516657
68441,0.11892934711733096
68442,0.11264299587051964
68443,0.1384772064809828
68444,0.09362139645897898
68445,0.07503690992253653
68446,0.13718318071390187
68447,0.13367768603501173
68448,0.11960804069841875
68449,0.13282500798887717
68450,0.12694952797825326
68451,0.12154898821706643
68452,0.16806188586677437
68453,0.1484907802418846
68454,0.529369133501579
68455,0.1274764847731414
68456,0.09953251986390599
68457,0.08246937400116724
68458,0.104357971022086
68459,0.07533069242877494
68460,0.12375631319555959
68461,0.294582025934108
68462,0.062100727927497816
68463,0.12091264468467869
68464,0.085958040324032
68465,0.10033779952862763
68466,0.12402738143926544
68467,0.17299247192933845
68468,0.1185015726935211
68469,0.11322633255840873
68470,0.08217389581381887
68471,0.10086408974283566
68472,0.10655949296867188
68473,0.13440240641454657
68474,0.12653757282128575
68475,0.11247894489993142
68476,0.10659479133545503
68477,0.12381748684983626
68478,0.10855660805778213
68479,0.1026571250927365
68480,0.14244783579980097
68481,0.11545384849284601
68482,0.11945702783141422
68483,0.06624861836295572
68484,0.10284790628427211
68485,0.11467879878412139
68486,0.12063631198745918
68487,0.12816362155790095
68488,0.1219864117185689
68489,0.12949488501532197
68490,0.13785225957239736
68491,0.08335635448951033
68492,0.11090347120576956
68493,0.07055840984617322
68494,0.11598280848682965
68495,0.09096046174387917
68496,0.11529217686519626
68497,0.12299583249232263
68498,0.11273861164738036
68499,0.12416510468559254
68500,0.13178098443187483
68501,0.1448480831207295
68502,0.09401029628093376
68503,0.138734161113135
68504,0.15150186637481064
68505,0.1489655643524494
68506,0.1308824686847172
68507,0.09585306794485986
68508,0.12072861787329357
68509,0.11616482987533568
68510,0.10845584583820167
68511,0.1421776464746554
68512,0.11240234932166877
68513,0.1341499710932595
68514,0.14278646417327853
68515,0.10209827542022544
68516,0.12048684330793981
68517,0.11499327902887678
68518,0.1216810983388903
68519,0.11972004856306409
68520,0.1235214891153895
68521,0.1095216074230657
68522,0.11569495568787003
68523,0.10982848628668902
68524,0.10675301908905128
68525,0.12261260439160432
68526,0.13134940086491528
68527,0.10646245913168377
68528,0.1539980181914976
68529,0.14783725390545346
68530,0.11358744725080439
68531,0.11764918586998244
68532,0.12141405138245633
68533,0.11905022340485381
68534,0.09759998599568416
68535,0.09543142893349527
68536,0.4732302474019393
68537,0.1250843113187742
68538,0.12896157480380116
68539,0.11706997132171211
68540,0.10949106243633597
68541,0.1088693590519575
68542,0.1228327435104849
68543,0.11864430845925464
68544,0.11992683151169187
68545,0.1179105494260929
68546,0.15232118297094682
68547,0.12598173614013955
68548,0.14081787469838994
68549,0.12005481057656538
68550,0.09554529399416545
68551,0.15378729437981667
68552,0.12376450739725293
68553,0.11279871262298105
68554,0.10988101423561569
68555,0.08453888759268118
68556,0.12046028580078692
68557,0.13690313310702168
68558,0.10634614367636522
68559,0.17827966531215356
68560,0.12224485675465765
68561,0.12438160707453838
68562,0.11027545351738101
68563,0.12750095438823597
68564,0.12527304301479705
68565,0.11244608567073822
68566,0.07065007268537146
68567,0.13071884825153862
68568,0.11009723885418003
68569,0.09529703159478216
68570,0.3346490777574788
68571,0.10118306283468663
68572,0.12729501389804196
68573,0.1217410625441905
68574,0.1311116318576501
68575,0.12473279645899064
68576,0.13552826442994192
68577,0.1205304888225985
68578,0.11352401718516215
68579,0.13626032298094984
68580,0.1290414682379078
68581,0.1206141724091245
68582,0.1373637329221438
68583,0.11536326609214113
68584,0.11756482946787088
68585,0.0987148260873021
68586,0.1304981409923898
68587,0.12940449063762824
68588,0.11615869834724363
68589,0.12050802511790752
68590,0.12833717734787112
68591,0.07076245575328552
68592,0.10308877084536004
68593,0.1258602070962671
68594,0.09122864916707928
68595,0.10590617352831912
68596,0.14647673516589593
68597,0.09858046526665658
68598,0.11632861534880483
68599,0.14485451399024665
68600,0.111992468605083
68601,0.12734154730682173
68602,0.12069692083352558
68603,0.13356172492240723
68604,0.12997471096331892
68605,0.11837625292815172
68606,0.11605151975197137
68607,0.1332558969575573
68608,0.11826242149354993
68609,0.11310608406472081
68610,0.11685923632699137
68611,0.11262381035705983
68612,0.12868605936374494
68613,0.13092523673331768
68614,0.11563613884949245
68615,0.08674618176786499
68616,0.12031267916149709
68617,0.11326808818932116
68618,0.13088194715743148
68619,0.13765700731357505
68620,0.10196422813832266
68621,0.12402320912483275
68622,0.11327836894957655
68623,0.0806687837352045
68624,0.13563661969246105
68625,0.12013237387492354
68626,0.058740576398935936
68627,0.08081850261821581
68628,0.08393784252024114
68629,0.11339718453392296
68630,0.1415739740186747
68631,0.3475259073536436
68632,0.13444968500779095
68633,0.12217282099582784
68634,0.1303932428903711
68635,0.07724425820008923
68636,0.07162434367901566
68637,0.12135140335174839
68638,0.10710091906231403
68639,0.1471977663068918
68640,0.13357912789056578
68641,0.12206331179099002
68642,0.13048195943813876
68643,0.11381412598496875
68644,0.14565810373862448
68645,0.124043969412869
68646,0.12481226462038746
68647,0.12098151144377699
68648,0.08657835559259426
68649,0.3341556845589065
68650,0.11101776288717057
68651,0.15559807429319322
68652,0.12563633108031974
68653,0.07068498836984714
68654,0.07194900601763786
68655,0.12147506499558897
68656,0.1156522780844449
68657,0.12732536537383185
68658,0.1243451241424636
68659,0.10999277391937233
68660,0.14393268114921284
68661,0.12262303014278106
68662,0.09886990040311765
68663,0.12883359152894916
68664,0.1260213022863362
68665,0.12268905721108896
68666,0.12991075431726395
68667,0.1161721661896036
68668,0.1040853881995838
68669,0.16218388605333123
68670,0.12477764822990091
68671,0.11702786727057808
68672,0.05894287147844465
68673,0.1144977181369685
68674,0.14844781686172906
68675,0.12978880713623284
68676,0.07220865932640934
68677,0.08541672596941252
68678,0.12382028601743937
68679,0.12141381974572145
68680,0.08629040720478438
68681,0.12537887101559664
68682,0.11371352897858136
68683,0.11700438199346501
68684,0.12416443344908194
68685,0.12884359325186637
68686,0.10830635485509121
68687,0.11087075791270773
68688,0.11673394048070504
68689,0.0963798429645497
68690,0.11406138049196865
68691,0.11420020640005003
68692,0.11358326059664597
68693,0.12281329564702918
68694,0.1226365473594606
68695,0.1261792767057859
68696,0.14428877478512714
68697,0.14203873174525633
68698,0.1167920596022233
68699,0.12424917254453997
68700,0.10367970818554512
68701,0.08877113119391795
68702,0.1319397793773017
68703,0.13426711103166297
68704,0.12486849248559662
68705,0.13326378112737733
68706,0.2954286146371225
68707,0.11028409023369626
68708,0.12613324847539922
68709,0.13231370112271743
68710,0.13999477000984925
68711,0.12565903352975202
68712,0.14007069320714377
68713,0.10439388029466383
68714,0.0768982863842517
68715,0.09008439849316606
68716,0.12701400564392437
68717,0.12479406154469042
68718,0.1209448935672277
68719,0.09312580679870926
68720,0.1189981082344739
68721,0.1140161402336629
68722,0.11123344494634138
68723,0.0737698298418932
68724,0.12804823215573768
68725,0.10578963614608951
68726,0.13222420760566297
68727,0.1280811248937459
68728,0.11818232540273436
68729,0.10808575330305066
68730,0.12099017405944872
68731,0.12783099973541404
68732,0.058342624725406494
68733,0.11495425531911185
68734,0.14789218826318093
68735,0.1065195902248303
68736,0.12083657987773617
68737,0.11156836944971865
68738,0.12489127041409655
68739,0.11190009495246596
68740,0.10492785644682719
68741,0.11575957729975463
68742,0.11351335605049266
68743,0.11546835216218748
68744,0.12140607677825047
68745,0.14392946276122964
68746,0.2674595026055641
68747,0.11767618848968386
68748,0.10685658434063672
68749,0.09138700384650959
68750,0.3901800893240458
68751,0.08009594261817346
68752,0.12828529513373527
68753,0.10601423733455927
68754,0.13861521598275975
68755,0.03875360083776391
68756,0.11068310480416597
68757,0.1253446733186882
68758,0.13347544237928863
68759,0.12393580461723341
68760,0.12758836937905843
68761,0.11125777982493444
68762,0.11454766927474709
68763,0.11769641817874274
68764,0.0741924948971001
68765,0.11382701178935586
68766,0.09002271170229915
68767,0.11147850310011996
68768,0.3896142570551177
68769,0.11594909576036408
68770,0.12111429506527954
68771,0.11737287931330088
68772,0.0838090183058718
68773,0.13342580149790728
68774,0.11433842124473959
68775,0.1193326637405149
68776,0.13459974400800012
68777,0.09529527946800377
68778,0.13184307496500006
68779,0.16489585180886387
68780,0.11747670703276249
68781,0.11728758938839368
68782,0.13676945902187798
68783,0.11054203261717958
68784,0.1288172961367495
68785,0.1377980447835721
68786,0.11347913700811274
68787,0.10753728909763677
68788,0.13558741979365915
68789,0.12912597834870476
68790,0.14942219182887231
68791,0.12572079820440785
68792,0.1371798315856853
68793,0.1017685506582502
68794,0.11905464985207592
68795,0.11055475486966101
68796,0.10708015521007944
68797,0.13385833688834076
68798,0.1068107315631522
68799,0.13433297793186946
68800,0.1270056591733345
68801,0.07874181690269881
68802,0.08592059389735725
68803,0.14037481592716916
68804,0.12259636601128455
68805,0.11828857451474356
68806,0.13287059743046123
68807,0.12554009860137316
68808,0.10270331643467087
68809,0.1165415322703273
68810,0.12348989177130834
68811,0.12024810517288628
68812,0.11631282047294489
68813,0.09876551234916434
68814,0.12144493427472071
68815,0.08355842910625726
68816,0.10300253605582586
68817,0.34537365505343703
68818,0.14916532282650485
68819,0.11783286856640547
68820,0.09845602338350236
68821,0.14154847586559588
68822,0.12817593922625922
68823,0.1470258179333023
68824,0.0644764201914805
68825,0.13330732414826418
68826,0.12529598094684047
68827,0.12538879928847793
68828,0.12384047222746387
68829,0.13383028203505595
68830,0.12228261498408768
68831,0.07669233670303846
68832,0.119040283219208
68833,0.13193463026208288
68834,0.1504971665890739
68835,0.1383628349107387
68836,0.138559385559246
68837,0.12445725799913528
68838,0.1245042504364145
68839,0.1281234600701418
68840,0.4823491334265651
68841,0.11186957540221011
68842,0.14737163506191345
68843,0.11976370120455239
68844,0.12673044350662416
68845,0.14819610730535338
68846,0.1291451123131706
68847,0.11236627526477018
68848,0.07363358652918527
68849,0.11723316166638217
68850,0.12479513444679652
68851,0.12007007571267302
68852,0.49482352929509543
68853,0.12777174418526077
68854,0.11560540028325449
68855,0.13278105872359766
68856,0.11517737455217293
68857,0.10196880950365504
68858,0.12719906452938742
68859,0.09114477372796635
68860,0.10294580868092834
68861,0.09282846342923849
68862,0.09304568915380942
68863,0.03730654371481771
68864,0.1270268659579291
68865,0.1242104665954427
68866,0.11078471822506541
68867,0.07479459578506206
68868,0.12430880862208084
68869,0.12501157885216346
68870,0.07845063872547134
68871,0.11686876990682642
68872,0.12904542454773157
68873,0.11159929631615653
68874,0.14198569435771538
68875,0.12730003567190068
68876,0.15655492062234103
68877,0.14441348234077145
68878,0.07026290394828096
68879,0.11586525417084854
68880,0.15237465332598002
68881,0.04870258905585978
68882,0.1334599984686788
68883,0.1296828123502123
68884,0.13050251214650646
68885,0.09277531692311983
68886,0.124805329973879
68887,0.5839310181481434
68888,0.14842824819677614
68889,0.12108626619705959
68890,0.13180879111196805
68891,0.13129616939480096
68892,0.09574928349332071
68893,0.12013444926900352
68894,0.13286871525958371
68895,0.12041646208531771
68896,0.1213926666313492
68897,0.10202670202143027
68898,0.12312853763800521
68899,0.11844928233225298
68900,0.12290782933242786
68901,0.10935130156764564
68902,0.09590028415306219
68903,0.06998814971601053
68904,0.11867116690966927
68905,0.13290914108615617
68906,0.11030473907173802
68907,0.11025290282755618
68908,0.11113816300193742
68909,0.12833520388214625
68910,0.13343182255426508
68911,0.13607127525581983
68912,0.1350492023355957
68913,0.12269476981889253
68914,0.14275434595048525
68915,0.4487471711399514
68916,0.13168032441024838
68917,0.12521808874824303
68918,0.10454130478667235
68919,0.11962064530112457
68920,0.12452073346150491
68921,0.1886093755246484
68922,0.10538961686489574
68923,0.15619794378470156
68924,0.14011552859112847
68925,0.07017506547299332
68926,0.1304821302962734
68927,0.1377252036618724
68928,0.12430439007309063
68929,0.12477224355737214
68930,0.11803822628803425
68931,0.07163292142891482
68932,0.16114086659800933
68933,0.11546391598197353
68934,0.13608872234840666
68935,0.13728588028958016
68936,0.12090644393637
68937,0.08533468866056851
68938,0.08064072629796609
68939,0.1233979324589616
68940,0.13480469355962968
68941,0.09063990880376986
68942,0.11396241897273678
68943,0.11993051370639142
68944,0.37100781496157015
68945,0.1561296017636221
68946,0.10208359377911286
68947,0.08411978262577083
68948,0.12391821535832169
68949,0.1315533413786367
68950,0.13431575215501404
68951,0.10875631932403358
68952,0.13534492809061233
68953,0.14493528847041032
68954,0.13831983444486318
68955,0.12640187029140812
68956,0.07878752635571283
68957,0.12801829824228061
68958,0.14233487639353107
68959,0.13051827415663847
68960,0.1298610266420297
68961,0.06788041093599195
68962,0.11640436767672728
68963,0.12768686555409878
68964,0.12189937158227933
68965,0.10537379003486104
68966,0.14417412005113844
68967,0.11546607570992325
68968,0.11179624857373284
68969,0.13419470400580702
68970,0.12664778693961
68971,0.14240785384057925
68972,0.12399873283111536
68973,0.1121287409000324
68974,0.40457804077329756
68975,0.11435495739028204
68976,0.12125125469315542
68977,0.10782713468118693
68978,0.11700322546143162
68979,0.10145563599882268
68980,0.11323688960504172
68981,0.1250862949772438
68982,0.11640692855374983
68983,0.12752459978268196
68984,0.12709221353517686
68985,0.1361957172143752
68986,0.13892142380959868
68987,0.11726845865718787
68988,0.05053070304032253
68989,0.1277780220095427
68990,0.1654841417608047
68991,0.12468183777002428
68992,0.313356751200069
68993,0.11903928459722275
68994,0.07441834525232384
68995,0.1103979752456456
68996,0.16722508151643017
68997,0.08439437899904803
68998,0.1213516307383292
68999,0.1272858933167473
69000,0.12220890840141045
69001,0.10797761894190666
69002,0.11618461773214528
69003,0.15432585812851018
69004,0.13426225797848762
69005,0.12816360987151926
69006,0.13613467425714365
69007,0.2981030862916492
69008,0.12448190978861283
69009,0.11868722320718171
69010,0.1305877244963729
69011,0.07798130297575606
69012,0.1331157655142165
69013,0.060419714546306194
69014,0.13242453767916193
69015,0.1305884102783008
69016,0.09833400472365313
69017,0.11855535470846508
69018,0.14308668479779113
69019,0.15040473053947148
69020,0.10597102951734454
69021,0.13197825003236682
69022,0.13335132011385173
69023,0.12480312276585415
69024,0.11634255731923308
69025,0.1280093641051607
69026,0.11086427781044556
69027,0.11930257977060435
69028,0.1317543940999775
69029,0.12945950710447696
69030,0.10697785239818472
69031,0.1302035441675741
69032,0.3524626816057591
69033,0.14176272435430345
69034,0.10698033546006681
69035,0.10779914790130332
69036,0.10176486432111662
69037,0.10516542871744551
69038,0.11234968830702942
69039,0.11305511550486351
69040,0.12119198051383502
69041,0.1401596772544558
69042,0.1146655199639904
69043,0.127440972953389
69044,0.1278618063548835
69045,0.049058744622133915
69046,0.14406814336223753
69047,0.10901693539838699
69048,0.12819248976701825
69049,0.11847501336354326
69050,0.12403128690032705
69051,0.11261084111897464
69052,0.12702374372169686
69053,0.11712223866530454
69054,0.11741679367561109
69055,0.12059652177705654
69056,0.11758655939117371
69057,0.1178535097085962
69058,0.1299868685953688
69059,0.11135778565858484
69060,0.17619376930509478
69061,0.07515923071981262
69062,0.07430923252375304
69063,0.1186651542243831
69064,0.13394559565741235
69065,0.12864511655749467
69066,0.12526315905044594
69067,0.08810651332941037
69068,0.12449119463053372
69069,0.11302088500815616
69070,0.12753849215270094
69071,0.12441442580766895
69072,0.10230785145519786
69073,0.12506548380441104
69074,0.12312434510723495
69075,0.12904510248457648
69076,0.11334990572618397
69077,0.0772000968795982
69078,0.11578096488698053
69079,0.0699026625057019
69080,0.12675600615586013
69081,0.10469331488019727
69082,0.15939640378271192
69083,0.13605746431142274
69084,0.0794381947574616
69085,0.06811342328089753
69086,0.1336491666007166
69087,0.0728660143193943
69088,0.12220132409632614
69089,0.1223449439030638
69090,0.11075275878887875
69091,0.12775419289046472
69092,0.09553334092952971
69093,0.12381174260219588
69094,0.1099504808538525
69095,0.11652804575932509
69096,0.08359222172421316
69097,0.15135925491771626
69098,0.1326351962294046
69099,0.1336457952380216
69100,0.12182131184246407
69101,0.1407222857666307
69102,0.13235619481394859
69103,0.11762669510253183
69104,0.10480892397124288
69105,0.127752338007608
69106,0.12741713719368233
69107,0.10850677136402462
69108,0.11310546754653837
69109,0.1081270627679856
69110,0.12140402676467757
69111,0.16056137895943767
69112,0.14137893090991774
69113,0.13131897201530446
69114,0.07890656389577233
69115,0.1308509728183427
69116,0.12660891845505054
69117,0.16138073987037008
69118,0.44628121123259235
69119,0.07492670127448103
69120,0.08689028782368112
69121,0.1922627184257123
69122,0.12069386757394784
69123,0.07243352311129028
69124,0.1344168122255574
69125,0.11844079387002505
69126,0.12245918977847993
69127,0.12648072117332515
69128,0.11887737699156663
69129,0.11789848786544813
69130,0.1356886282138328
69131,0.12152492815166753
69132,0.06612821677085269
69133,0.0987196154464621
69134,0.12689312862534186
69135,0.09091828667293961
69136,0.11422789800133058
69137,0.09786172440273551
69138,0.07454532616984871
69139,0.1347849563073781
69140,0.1090661613976255
69141,0.13060505693427388
69142,0.12080596018514411
69143,0.1523058604367485
69144,0.11453150775156642
69145,0.12442953339315505
69146,0.14149488476058159
69147,0.11621392717597819
69148,0.15099068426693388
69149,0.12580861404334956
69150,0.13183323009363007
69151,0.08605883893792397
69152,0.11975054673150896
69153,0.12347737207936164
69154,0.1310856095828467
69155,0.11484659284146743
69156,0.13477537045283997
69157,0.07077614491602181
69158,0.12305713963528032
69159,0.12544667636926493
69160,0.44275473883463684
69161,0.11572886836968826
69162,0.11805177163588963
69163,0.1281914277015983
69164,0.10076996647982676
69165,0.08882339125541122
69166,0.10593307793106103
69167,0.15323624075179007
69168,0.1254939137185138
69169,0.13955517112416405
69170,0.12120932812897457
69171,0.03439899524969502
69172,0.05197162202720905
69173,0.12615458064577656
69174,0.1365879974790093
69175,0.44496689057645755
69176,0.12056025499413932
69177,0.1341896554246268
69178,0.13157999087350297
69179,0.12303833815057
69180,0.12632266368671444
69181,0.12071903356546422
69182,0.10570062598585342
69183,0.13409573682889328
69184,0.11972196447682468
69185,0.11578759082302316
69186,0.1352908224314117
69187,0.16208640585616604
69188,0.11159007409408601
69189,0.07336278907441683
69190,0.1066905030938643
69191,0.11105032782818179
69192,0.2956818152929861
69193,0.1354513237542739
69194,0.1415271747461601
69195,0.11160160657872248
69196,0.14603098621838106
69197,0.08107847922423368
69198,0.12140512324230214
69199,0.118961571685842
69200,0.13347938476933546
69201,0.12843164106015387
69202,0.1308295643811929
69203,0.15953984951708522
69204,0.13146704380537347
69205,0.14526002972170404
69206,0.10669111052210407
69207,0.14182092849702443
69208,0.12035715356872277
69209,0.12979567021354085
69210,0.3116601551985045
69211,0.12783647917419594
69212,0.11954345404820882
69213,0.0388350418649312
69214,0.34539405076307345
69215,0.14649799297518912
69216,0.11867740244586426
69217,0.15240105407682228
69218,0.1390859337130057
69219,0.11929486531975968
69220,0.13053731760511136
69221,0.12398687899980962
69222,0.12908937960358333
69223,0.12507462918936602
69224,0.06936349171532316
69225,0.09647206119960494
69226,0.12395112029476467
69227,0.11358254926143892
69228,0.1200712092705325
69229,0.12027138524977092
69230,0.11680920242934002
69231,0.4737072580753173
69232,0.10013833578732068
69233,0.13644704545690972
69234,0.12677449494372747
69235,0.12305352330883815
69236,0.08785247197075646
69237,0.13345494225944488
69238,0.06391464336024469
69239,0.12479664733523914
69240,0.11558430928579679
69241,0.12457157245290575
69242,0.11971810856253708
69243,0.12212404527252058
69244,0.12225316492767681
69245,0.11749789312621726
69246,0.10162310513483919
69247,0.12558885741043574
69248,0.06924797155765992
69249,0.13364611681274463
69250,0.13851522260684332
69251,0.11461668745336945
69252,0.0878387138797418
69253,0.12587225081465914
69254,0.12816285066075833
69255,0.11693118993702471
69256,0.11733661409410581
69257,0.11307085600396576
69258,0.12216237943772738
69259,0.1208381496437323
69260,0.12287431440637457
69261,0.1329205780134114
69262,0.08165322330075407
69263,0.11187859162983078
69264,0.044124562538266056
69265,0.10222916791796179
69266,0.1463060482946847
69267,0.13221142158281748
69268,0.08360628717653756
69269,0.12130563568678611
69270,0.10739000852686488
69271,0.09664898369428128
69272,0.05261752476588567
69273,0.1172059453251587
69274,0.12068496642534393
69275,0.10769542909116032
69276,0.12813159216198283
69277,0.12386591982812237
69278,0.6049744369635063
69279,0.12279937393999434
69280,0.09862297929212667
69281,0.12965346020603502
69282,0.08956634911394015
69283,0.2019568132428919
69284,0.12520392374777678
69285,0.13966309601767724
69286,0.12440193776978425
69287,0.0888141718154201
69288,0.12619420003938264
69289,0.126452371754492
69290,0.11122259416572307
69291,0.1303824457651711
69292,0.26904235005894495
69293,0.11758763247332332
69294,0.12429230992336632
69295,0.10296147483438473
69296,0.08438943121958546
69297,0.11762569902624401
69298,0.1370418948337039
69299,0.08831173542413649
69300,0.1263325122220714
69301,0.1321294095508817
69302,0.13010288800462966
69303,0.1339196469011904
69304,0.12210424986978732
69305,0.10883710514515657
69306,0.07382469401670476
69307,0.10531470314310908
69308,0.10025493509073766
69309,0.1285162697581781
69310,0.10733975728471785
69311,0.128867816714507
69312,0.11314853038530197
69313,0.14164615912374035
69314,0.1208769518953351
69315,0.09841351396325862
69316,0.11011008020841928
69317,0.12776409346275527
69318,0.12257602217942161
69319,0.12829176290974764
69320,0.12790597076381663
69321,0.10812146981973346
69322,0.12299230813943189
69323,0.11059831231684346
69324,0.10673399436521837
69325,0.11277345074940491
69326,0.12174666760493555
69327,0.12196168667541198
69328,0.13891444669638411
69329,0.12099830925861414
69330,0.12955456521355033
69331,0.0904816923203942
69332,0.24623539531018712
69333,0.12398346790106926
69334,0.15693559830770462
69335,0.12685761561191602
69336,0.12916125164796693
69337,0.10886471374954332
69338,0.12996025311812237
69339,0.12598560419060187
69340,0.12251282338551898
69341,0.11846254478989984
69342,0.1155732067530466
69343,0.12637483228995547
69344,0.11289734264354727
69345,0.1249453023842462
69346,0.12796913458390907
69347,0.1175448089032512
69348,0.132946174226523
69349,0.10414531783615127
69350,0.12189634906513332
69351,0.11771548748243096
69352,0.13048720095584193
69353,0.11814880744281848
69354,0.13164167915576017
69355,0.10889959714498354
69356,0.13360011013100304
69357,0.12217276509944103
69358,0.13593798067911017
69359,0.1363833853315928
69360,0.06166586456826985
69361,0.11473195767390142
69362,0.13409658085292975
69363,0.12229423659014861
69364,0.13688379321855024
69365,0.11528942901316216
69366,0.10141131395474116
69367,0.11727375419836679
69368,0.12656005235314685
69369,0.09688083254737946
69370,0.13959094576234596
69371,0.11199648372391975
69372,0.13229316738592006
69373,0.10510383540134607
69374,0.12959141169578708
69375,0.12705539243635167
69376,0.12756307768464845
69377,0.12532117482306424
69378,0.1013807043487265
69379,0.1312093089021447
69380,0.1229067499058338
69381,0.1201033054727802
69382,0.13105760586570717
69383,0.1385826498315461
69384,0.11909319713861076
69385,0.12410841416878132
69386,0.12195847630245399
69387,0.11352147029208462
69388,0.12579280031095122
69389,0.11353333028269726
69390,0.12370310836964142
69391,0.14221962640152358
69392,0.12768558647050654
69393,0.09714710422531438
69394,0.11875604047314457
69395,0.12286781420699472
69396,0.12091957422630488
69397,0.184926074309099
69398,0.12469432311981656
69399,0.11960225915626331
69400,0.1731961131287983
69401,0.12593443249504274
69402,0.23732802513300677
69403,0.11893200419018297
69404,0.12323586225892243
69405,0.10091728449038433
69406,0.12385644275194972
69407,0.12784582550886286
69408,0.1366157379966638
69409,0.12680887289404866
69410,0.1490561229799357
69411,0.1195188120350164
69412,0.126514805141861
69413,0.1335082297855522
69414,0.03864200999063342
69415,0.14002234174226394
69416,0.07406041332138288
69417,0.13925529540625126
69418,0.10947076126107315
69419,0.13202358137972736
69420,0.12423765054582595
69421,0.12141498121277716
69422,0.12950460055125765
69423,0.12733608012725958
69424,0.1304518058406415
69425,0.0983416757503484
69426,0.12466340837288836
69427,0.15192575612730266
69428,0.07216152235473573
69429,0.11946395516026385
69430,0.12254157060455896
69431,0.08452931274182862
69432,0.13183867760285237
69433,0.13868612706874237
69434,0.11609554437666786
69435,0.12862825956449056
69436,0.1296257433122389
69437,0.07294429236174241
69438,0.1186730099823161
69439,0.13486919158733232
69440,0.1344058236233519
69441,0.07808970109437256
69442,0.12914754413523452
69443,0.12984444854463587
69444,0.11414930250089811
69445,0.08404919031764319
69446,0.11119334891396053
69447,0.11330807434072165
69448,0.1511233295901264
69449,0.1304329303728262
69450,0.1281091331839385
69451,0.12857025960941404
69452,0.1148387684972875
69453,0.08569634781316046
69454,0.12863501578286274
69455,0.10265849641701648
69456,0.14184276066068002
69457,0.1299925282748844
69458,0.12010067969840288
69459,0.11264673428151038
69460,0.11613908997014805
69461,0.11875334343099173
69462,0.11434913744774906
69463,0.4901509479633711
69464,0.13053364491890523
69465,0.10936226541656736
69466,0.14392007094244405
69467,0.11838701667302763
69468,0.13091442917316484
69469,0.05743894563311776
69470,0.11525581941734617
69471,0.10410098922680835
69472,0.12349829869764206
69473,0.10141678596387754
69474,0.5638038188725121
69475,0.09935667569152398
69476,0.1286770615949525
69477,0.12561856482203007
69478,0.08135778233753653
69479,0.12960178855487453
69480,0.10907201544840063
69481,0.1231133013190459
69482,0.1264789668506103
69483,0.15431171426331242
69484,0.10730073707640284
69485,0.18951021240764962
69486,0.08201083697849074
69487,0.14640585223874097
69488,0.08674547428535224
69489,0.1210203294756411
69490,0.12983702886274348
69491,0.12394406662626274
69492,0.08172484672808422
69493,0.14297952952977233
69494,0.13805528058574212
69495,0.12381868617178035
69496,0.15803329887996323
69497,0.1383867902258092
69498,0.10268132575189355
69499,0.11988492680469971
69500,0.11008486099058364
69501,0.11591864344097799
69502,0.12650449397800428
69503,0.13118701930940804
69504,0.12546731050624832
69505,0.11315991922255249
69506,0.3097706501537476
69507,0.13081861702014308
69508,0.12312495816195268
69509,0.12397160866489522
69510,0.1402141031590655
69511,0.12479151518852877
69512,0.13215139641665416
69513,0.11245075674270069
69514,0.10041737404125535
69515,0.09992635485750964
69516,0.1096444395397946
69517,0.11283220869866861
69518,0.1305140767607234
69519,0.11254164043718576
69520,0.08202344237326914
69521,0.12264143417301301
69522,0.13300427425035288
69523,0.15726721335280874
69524,0.13372971537522194
69525,0.131256494053651
69526,0.1440034013079944
69527,0.12745587760137936
69528,0.09958652738451758
69529,0.122972630131485
69530,0.06742787200253557
69531,0.126607038672481
69532,0.12806436710035637
69533,0.14472031022350335
69534,0.1073989959993783
69535,0.11482972750636537
69536,0.11129238882531627
69537,0.11750328828049854
69538,0.11755262710993511
69539,0.11936893168454918
69540,0.1113878798589358
69541,0.11938950210997937
69542,0.11183804329868807
69543,0.11916219144328982
69544,0.1402129534859278
69545,0.11997674281691749
69546,0.119492199691502
69547,0.13484074875648286
69548,0.07679416112906248
69549,0.1245615005532978
69550,0.11692445863973894
69551,0.11973281420629446
69552,0.1372209358801224
69553,0.13054728070977534
69554,0.11433081438087607
69555,0.1498254705333025
69556,0.12558748023224744
69557,0.1349187186302686
69558,0.133754615968227
69559,0.15637226772004983
69560,0.12823098096479058
69561,0.1344925592012197
69562,0.1115176964487625
69563,0.09607787829469003
69564,0.10080718321549265
69565,0.11488448583443554
69566,0.1260913203026806
69567,0.13276422414125008
69568,0.14356083849221307
69569,0.13587901814739298
69570,0.13294359760828264
69571,0.10430601595132394
69572,0.12055146018956
69573,0.11979427763796534
69574,0.12610671927061393
69575,0.11456345093960052
69576,0.11883004164072059
69577,0.1358258136063069
69578,0.12021681171981853
69579,0.11377319212309092
69580,0.0636271234466284
69581,0.13469698823497808
69582,0.09668868515090565
69583,0.12043270057780948
69584,0.1315739522041025
69585,0.1530703131288469
69586,0.06742144168625609
69587,0.12108443734799529
69588,0.11352459089068558
69589,0.12485542620065493
69590,0.09973134435271605
69591,0.12152861217699226
69592,0.1327434428910433
69593,0.13667544937076387
69594,0.05631579484430474
69595,0.20701494844623985
69596,0.13040107642375012
69597,0.1169214952301931
69598,0.1322455742121359
69599,0.1128879001046739
69600,0.11063369715283701
69601,0.09904895001382495
69602,0.14756071962307743
69603,0.48060986687668666
69604,0.12998164812998858
69605,0.15182731665410903
69606,0.12463347013850594
69607,0.11318926318898215
69608,0.10430887956780606
69609,0.10848861732128773
69610,0.1138044371306715
69611,0.10522396520440591
69612,0.07807724169937261
69613,0.05319697963782667
69614,0.11471535809430256
69615,0.14770109914327703
69616,0.11467965050815178
69617,0.1511708524977991
69618,0.09115637490916666
69619,0.11547320646807774
69620,0.08225565615504075
69621,0.12974984981312623
69622,0.1154419087433962
69623,0.11309486455819188
69624,0.12170389082182823
69625,0.16322700698756196
69626,0.07563641505862008
69627,0.08904917407268088
69628,0.1324874584156566
69629,0.09503050585811866
69630,0.16942861297135364
69631,0.12088648650813807
69632,0.11654350214253824
69633,0.13285938600407413
69634,0.11549266509790201
69635,0.12310815250658198
69636,0.1326577453723806
69637,0.14537999734993595
69638,0.116584222316422
69639,0.12459511778187146
69640,0.09273098591113468
69641,0.37008400650145684
69642,0.12612719250404664
69643,0.14674771870456155
69644,0.14668662892689463
69645,0.13204830253029154
69646,0.12453857228703376
69647,0.28733647474171287
69648,0.12148325623174881
69649,0.12369067214070444
69650,0.1412181729454063
69651,0.05726549653761503
69652,0.1312313966504213
69653,0.12012650812517033
69654,0.10173556117668416
69655,0.10770183825557239
69656,0.10311397761222106
69657,0.1292597911817075
69658,0.12929398974148149
69659,0.0997374730817646
69660,0.12517259391142882
69661,0.07127167239234847
69662,0.11767486123242546
69663,0.14268526231345147
69664,0.12359776913464414
69665,0.12809745073623144
69666,0.11298012201940921
69667,0.09536923960609797
69668,0.1313105472481485
69669,0.13945312023284953
69670,0.12644972146911834
69671,0.12247592466676872
69672,0.10711237435725537
69673,0.09240632607173939
69674,0.08587835694045179
69675,0.12420040337799211
69676,0.11630622504333057
69677,0.1262393213893613
69678,0.1293755038193021
69679,0.1336710944873906
69680,0.0776579430496518
69681,0.11475196997072891
69682,0.12489988606036269
69683,0.1280838571340367
69684,0.11424436902220625
69685,0.13476100275403297
69686,0.12785148145527703
69687,0.12813349268478771
69688,0.12208831155017676
69689,0.12237293260585158
69690,0.1567244437761167
69691,0.11291247689275043
69692,0.13999907837698716
69693,0.14354214188297448
69694,0.10828645735577268
69695,0.11856520424349049
69696,0.13467645223325395
69697,0.1203778660967903
69698,0.14350239032984394
69699,0.11346488192342483
69700,0.12006468964405241
69701,0.12855768247847746
69702,0.10433884839443718
69703,0.10772840324004723
69704,0.12105528382334625
69705,0.12249227841979148
69706,0.1255491299578994
69707,0.11538011965009136
69708,0.05924621028190855
69709,0.10828235331809187
69710,0.08713377180187923
69711,0.10384905987526724
69712,0.12808892494202676
69713,0.06489809369947626
69714,0.09271466074594585
69715,0.09971072538337387
69716,0.12177436671573343
69717,0.1010914606738893
69718,0.12242401976253983
69719,0.13079192595604566
69720,0.11119233561297957
69721,0.1417168962036958
69722,0.09240634435336242
69723,0.12706925030576827
69724,0.06714676683584765
69725,0.11821784934686827
69726,0.11554458069416637
69727,0.10126825582029877
69728,0.464002352892897
69729,0.11415936210665029
69730,0.14270848746393686
69731,0.12429058007818893
69732,0.0904522850072047
69733,0.10936442298302171
69734,0.1132414847052556
69735,0.15176260068413233
69736,0.10704731466109911
69737,0.3811978156473717
69738,0.12445944179940865
69739,0.13603012665154082
69740,0.1137958708811526
69741,0.2991492980802488
69742,0.12140322617411584
69743,0.09887386081874693
69744,0.11272903403748158
69745,0.12215937697717613
69746,0.12850848660158112
69747,0.1260119906909785
69748,0.08068285610815845
69749,0.09890821454785914
69750,0.1171357930417189
69751,0.12546952636308165
69752,0.11276652825802415
69753,0.12515298774656444
69754,0.07514552962696903
69755,0.07421440224099293
69756,0.07867319185914359
69757,0.06481755807634569
69758,0.11711523748745852
69759,0.1122017346643021
69760,0.11697965303168718
69761,0.11454753217996141
69762,0.13623483420215338
69763,0.11573544194948458
69764,0.08275244151067765
69765,0.1254903263941426
69766,0.08155555554754303
69767,0.14095681014450237
69768,0.12031688295026086
69769,0.10758680976559439
69770,0.11648635559385057
69771,0.11444816081283114
69772,0.07984414796140565
69773,0.06737734286652455
69774,0.11668596311132176
69775,0.08199200774185077
69776,0.11583624210422143
69777,0.11011182008542837
69778,0.11463807078175703
69779,0.13071666583384145
69780,0.13845445175430574
69781,0.11189463115378434
69782,0.12186378400120398
69783,0.13216602863529225
69784,0.09927350537721859
69785,0.14823515205033105
69786,0.1250028443555255
69787,0.12421676084491351
69788,0.11668887605340228
69789,0.1244491549809641
69790,0.12741043541167413
69791,0.12991182719712144
69792,0.09268184698501206
69793,0.12915691814364524
69794,0.12854126133908508
69795,0.12412519774613508
69796,0.12749601309218286
69797,0.0821451497293335
69798,0.12264128080638803
69799,0.1114538193748107
69800,0.145472518375379
69801,0.1270385548485161
69802,0.12243470858584903
69803,0.1279332829146179
69804,0.11934997341829323
69805,0.10300583855111936
69806,0.10611936918091129
69807,0.13705434183751686
69808,0.12134567691520656
69809,0.1257714656625419
69810,0.13100774556418152
69811,0.11957213662393608
69812,0.08607028333839827
69813,0.12120976734665467
69814,0.127356687164464
69815,0.12184499385327655
69816,0.12037488961798912
69817,0.12287499827353113
69818,0.10083690654289668
69819,0.14695931956327207
69820,0.12763597195310786
69821,0.09356797600211322
69822,0.15685974010969797
69823,0.4499553621754397
69824,0.07868725626003305
69825,0.13307618079854971
69826,0.11643563544483441
69827,0.11268955194959406
69828,0.1230854143348584
69829,0.13262042550519967
69830,0.1296241671255379
69831,0.12155840219276563
69832,0.11984007491129929
69833,0.07551343673946492
69834,0.12276272091890017
69835,0.12508077998853986
69836,0.1185349595201836
69837,0.11672065296157563
69838,0.11008120976381087
69839,0.13166620230897552
69840,0.12413649362702299
69841,0.06740330814343627
69842,0.11741060213236451
69843,0.14047320244523534
69844,0.12633308913230945
69845,0.15800186437543876
69846,0.14794043407120872
69847,0.12665963114210288
69848,0.11038405587366698
69849,0.11979178827413471
69850,0.1263727940384376
69851,0.06648498854979115
69852,0.11707700204129583
69853,0.13466993007483125
69854,0.1224495198594343
69855,0.12107356058745176
69856,0.11361966721907937
69857,0.13494213464319876
69858,0.12405005341045505
69859,0.07335839228245848
69860,0.1355337420148099
69861,0.13820786557064613
69862,0.12036743595620766
69863,0.10040017938022686
69864,0.10361915372265877
69865,0.1333136869133659
69866,0.1209718336603607
69867,0.12971688031500647
69868,0.060651531298602755
69869,0.1004832795890415
69870,0.10815746075739874
69871,0.15338502493543127
69872,0.12788109477048173
69873,0.12819889964787584
69874,0.10546075035384682
69875,0.11875247820341431
69876,0.13129305279759917
69877,0.1129565547043817
69878,0.11004467901038378
69879,0.13917625338292633
69880,0.0994246048056209
69881,0.09200543350538302
69882,0.12674017526888645
69883,0.11271414684158595
69884,0.10894399881458464
69885,0.11642225566084244
69886,0.0745024987423006
69887,0.09913124707473714
69888,0.11988706808588385
69889,0.12994164155202442
69890,0.10450497731188486
69891,0.13153367849472902
69892,0.1327630217100105
69893,0.06263406043038286
69894,0.11209185182744558
69895,0.1058821098742789
69896,0.14174670379790022
69897,0.04537686114145094
69898,0.077267598444439
69899,0.12356103181905927
69900,0.1790696471438708
69901,0.07740118443463924
69902,0.11661512608335506
69903,0.1275872382193491
69904,0.1258321874731114
69905,0.11557435313099423
69906,0.4826019450831278
69907,0.11961073651342485
69908,0.1064022978371304
69909,0.08601234391961422
69910,0.12385946505715043
69911,0.12465204495967186
69912,0.12342406767378208
69913,0.12097428902658029
69914,0.11951311368411617
69915,0.12890136805644636
69916,0.12092981875567203
69917,0.12620270336677805
69918,0.10591225608006843
69919,0.14743400662605288
69920,0.09432901502605429
69921,0.10940060268780132
69922,0.11441012243981825
69923,0.12685011167197224
69924,0.0817042615076036
69925,0.055546119968622104
69926,0.12719446258898223
69927,0.11107272164575849
69928,0.14701110640164566
69929,0.08808547804794312
69930,0.10679807125055563
69931,0.12078310273534376
69932,0.13873979737273465
69933,0.13408956922475224
69934,0.06848223897563434
69935,0.1594052832399818
69936,0.1262689356332052
69937,0.1223206510717656
69938,0.10394231671893811
69939,0.11204654326157773
69940,0.11839171519767874
69941,0.11126117878627213
69942,0.12261311862133914
69943,0.13753384465915974
69944,0.12763825725746203
69945,0.12177123887713742
69946,0.11920512092637456
69947,0.12475284159640217
69948,0.47940380102736124
69949,0.11459372281176204
69950,0.17694113112802354
69951,0.12953276735648572
69952,0.11020477124467992
69953,0.09918671654788035
69954,0.06373051681954284
69955,0.1109555081478272
69956,0.1189813592715567
69957,0.08035562672661203
69958,0.11576372312302201
69959,0.11173544929940925
69960,0.1173333868653868
69961,0.12271231686667716
69962,0.1394870594651676
69963,0.12462964806837994
69964,0.10185629471434525
69965,0.12954011551210168
69966,0.16044757967824813
69967,0.12427451259803284
69968,0.1251802578364901
69969,0.13746452632427192
69970,0.11458628602498638
69971,0.12683563728972785
69972,0.1207714558256044
69973,0.1226856218179614
69974,0.11318268810859898
69975,0.11308824378582356
69976,0.08713790031811686
69977,0.06981717756162277
69978,0.1186765770199142
69979,0.12115185641727355
69980,0.1468785928336868
69981,0.1280755182807454
69982,0.06295823310343186
69983,0.1255178922982024
69984,0.1033507430892713
69985,0.13480659733095637
69986,0.1164433697635858
69987,0.12302645158336198
69988,0.12405006015079272
69989,0.11612422402054406
69990,0.1214061702972151
69991,0.12837845153292834
69992,0.3737883643476715
69993,0.1251606993877334
69994,0.1342572955750667
69995,0.12878616423914
69996,0.11197233380901976
69997,0.11802954868268604
69998,0.12281816565976637
69999,0.11824845440541322
70000,0.1273020785836947
70001,0.5381427311259402
70002,0.13375632234587784
70003,0.06410953589068237
70004,0.10922416745747603
70005,0.12107288907193563
70006,0.10996163743492259
70007,0.09312783123326801
70008,0.13162229398858624
70009,0.4738600740224973
70010,0.5142640094096994
70011,0.12288836373148598
70012,0.13431789279145312
70013,0.1117902366369643
70014,0.12766990526386093
70015,0.13820004292053603
70016,0.12056787121324279
70017,0.12997882503207023
70018,0.12743176134597342
70019,0.12078917673455501
70020,0.07619551251804818
70021,0.0793388618579364
70022,0.11319421934320506
70023,0.1186650772455221
70024,0.10295602121446908
70025,0.1259736551758467
70026,0.12250797843060815
70027,0.04693891360700326
70028,0.09591069887766585
70029,0.0889764545237089
70030,0.11645747938995434
70031,0.10683591574587914
70032,0.10400695596386211
70033,0.12609547457886602
70034,0.1425859181007668
70035,0.12281402250494634
70036,0.13119067339631477
70037,0.10621858009984118
70038,0.1359477000948588
70039,0.11308611733503705
70040,0.11961625186574609
70041,0.12163186740553164
70042,0.10785505702999926
70043,0.15556408994449863
70044,0.11339629046208835
70045,0.12366663530686414
70046,0.17162654875138666
70047,0.1340131152471763
70048,0.10958434461920151
70049,0.11850658402323216
70050,0.09256533024593372
70051,0.13029609902699538
70052,0.12346623853754751
70053,0.13443370360393775
70054,0.11256611752808175
70055,0.1279417639619394
70056,0.1235643625472387
70057,0.10704942480356938
70058,0.12414216720393026
70059,0.15099943863522028
70060,0.11511664623539763
70061,0.1438573369466137
70062,0.17251576194850038
70063,0.11188401696129363
70064,0.11193285883448886
70065,0.11869992862432427
70066,0.11352416491630034
70067,0.10817939974953124
70068,0.1230182249168661
70069,0.12618813999346207
70070,0.06163773766024107
70071,0.1310212818151643
70072,0.12320123050252181
70073,0.1379221699220403
70074,0.11765511249065276
70075,0.12811390711538048
70076,0.11298441408634033
70077,0.122817621817689
70078,0.10781432112312558
70079,0.12092055732663355
70080,0.1427056824399347
70081,0.09668747824329381
70082,0.11290767277962335
70083,0.39302571627589045
70084,0.1247145465433333
70085,0.12121590650531024
70086,0.1306227609980089
70087,0.12093562816103992
70088,0.15686880846143256
70089,0.1348460015457602
70090,0.12945564121141698
70091,0.12404312461829513
70092,0.0732587019815889
70093,0.14319077476883688
70094,0.06944228727942611
70095,0.11697002751521197
70096,0.10957858769167722
70097,0.1259168635504347
70098,0.15949181196069076
70099,0.12504093062707805
70100,0.1238552325077318
70101,0.11436800825931806
70102,0.10298463874889915
70103,0.07664923508511769
70104,0.11992517262153299
70105,0.13004479778768116
70106,0.1346201182380637
70107,0.1324007223663587
70108,0.12093393289165959
70109,0.1045172133086175
70110,0.12669683942400672
70111,0.12178032181488924
70112,0.08677888761202449
70113,0.12075739335712854
70114,0.12300479042949347
70115,0.14939734505070862
70116,0.1196083047141614
70117,0.1362609464888193
70118,0.14687526846715934
70119,0.14330685569473428
70120,0.11878164899315528
70121,0.13056363789405817
70122,0.1325840882450515
70123,0.12467521459642421
70124,0.14510677615012457
70125,0.14810223583766977
70126,0.12996132921944092
70127,0.13643014362860165
70128,0.13679100316253642
70129,0.12474088884740729
70130,0.11283739101379596
70131,0.1396364026237923
70132,0.10103839425009632
70133,0.13139153673212892
70134,0.11388984255627635
70135,0.13260680314386636
70136,0.12212281190842258
70137,0.11198770035264624
70138,0.09061490860098088
70139,0.11608959714667386
70140,0.11109372813459781
70141,0.11833197864580594
70142,0.11506392022662369
70143,0.13683036456537087
70144,0.12351376567666046
70145,0.12562904257509505
70146,0.11863219617337817
70147,0.11589829750168251
70148,0.11962318153739515
70149,0.13243008114762342
70150,0.10066238966392323
70151,0.10963359465755877
70152,0.13291777687731923
70153,0.08740798130056991
70154,0.09942527780850309
70155,0.09819329754048176
70156,0.12842496732253939
70157,0.11168145566961078
70158,0.11989850073649151
70159,0.1462862656209801
70160,0.37883025400916753
70161,0.12301421822331278
70162,0.084819408513312
70163,0.11450898487624324
70164,0.12407271985736705
70165,0.29270742531663296
70166,0.31733533321730467
70167,0.1046495216887268
70168,0.13574917801927522
70169,0.12311186639038567
70170,0.1199380830056057
70171,0.16793011944540664
70172,0.11850083099797638
70173,0.12043075325127901
70174,0.10007815982057135
70175,0.14992381305524716
70176,0.10294963966618155
70177,0.11470951174558712
70178,0.10464339579579474
70179,0.0668249731466552
70180,0.13827739361757765
70181,0.11164881608466017
70182,0.10893072815617914
70183,0.11872660849684859
70184,0.11993136567493985
70185,0.1187671207100403
70186,0.09546117813744723
70187,0.12189138963372032
70188,0.12745437606656854
70189,0.11464818413148073
70190,0.11663480447845367
70191,0.14061138339548587
70192,0.13398061509561218
70193,0.4062337125207494
70194,0.11899961266178788
70195,0.1440968468837934
70196,0.12540822621073894
70197,0.07249387897905436
70198,0.1471117198556395
70199,0.15393850770835477
70200,0.06815599025356092
70201,0.13569402311765535
70202,0.11256294849668472
70203,0.12716754220035112
70204,0.11828312821188189
70205,0.12828975941356288
70206,0.1259661263409417
70207,0.148911776471321
70208,0.14080304665396487
70209,0.12425801240093648
70210,0.1333942806113803
70211,0.11310521830467228
70212,0.11246300908543194
70213,0.10782607007046893
70214,0.13804829083606968
70215,0.05525893914347915
70216,0.09639867032758538
70217,0.11404285027719195
70218,0.13235573092780828
70219,0.12493183043746273
70220,0.35996314544771246
70221,0.1405608796842215
70222,0.11452595264520718
70223,0.1415915638322611
70224,0.1512596717841418
70225,0.12017604279183824
70226,0.11415172239981027
70227,0.14101628303689784
70228,0.4122711251104602
70229,0.11821063951637505
70230,0.12078964509989895
70231,0.08466139246491579
70232,0.14859626633906095
70233,0.07324866717801753
70234,0.13015116425975412
70235,0.08117011742468398
70236,0.11739935457717089
70237,0.08293270889890841
70238,0.12044420339851196
70239,0.11944060546223048
70240,0.1417861089702586
70241,0.12781414951180176
70242,0.1149511102784385
70243,0.09958603337402856
70244,0.13596153579154793
70245,0.09753194315318514
70246,0.12073547785478346
70247,0.12576258487692973
70248,0.1067329209850388
70249,0.11756564446042643
70250,0.11910864629885269
70251,0.10092309384954251
70252,0.13029474203173338
70253,0.14851256162169368
70254,0.12325253562023689
70255,0.07951371915604098
70256,0.11795940130729882
70257,0.1294544871272373
70258,0.12469799011787851
70259,0.16133139047544837
70260,0.1264996047900806
70261,0.13118170242688712
70262,0.1265807075467294
70263,0.11380738432263345
70264,0.1436099158454824
70265,0.13976937089440492
70266,0.12827454755293044
70267,0.13444233351173787
70268,0.12811516006197787
70269,0.12983908819483161
70270,0.09110312883994573
70271,0.11339233820795845
70272,0.08532500383883541
70273,0.13682322693113716
70274,0.1027741570078937
70275,0.13373595926635332
70276,0.12801002476446652
70277,0.13045906433939547
70278,0.14222970532274481
70279,0.13218501067021057
70280,0.06488723084068887
70281,0.12224453491320332
70282,0.14449368193104514
70283,0.11783444428648361
70284,0.1380801588422805
70285,0.12454854931390494
70286,0.12720589714811498
70287,0.05866304807036684
70288,0.07300785015341404
70289,0.1305309240802771
70290,0.1429294260885585
70291,0.12705489208685083
70292,0.12551206885368207
70293,0.12814968758742545
70294,0.12878611086173913
70295,0.11821114436836479
70296,0.10969329630347685
70297,0.11118566398029663
70298,0.11875458946179794
70299,0.5742399919026939
70300,0.16017123345969023
70301,0.08103594904869701
70302,0.3701610325896927
70303,0.1186373923811467
70304,0.0852924334470126
70305,0.10259929569857855
70306,0.12967322374211684
70307,0.13217641041111142
70308,0.13179580502791924
70309,0.10496249883915988
70310,0.09564923138058018
70311,0.14090489296263303
70312,0.13010401311019656
70313,0.14693375064100447
70314,0.13799940185344478
70315,0.11637173655785442
70316,0.1289556618655274
70317,0.11910401323276087
70318,0.09808275595274887
70319,0.128624729228681
70320,0.11669704290468493
70321,0.1318990277999002
70322,0.12884350396414593
70323,0.12631624638458214
70324,0.06433056083356714
70325,0.07383541832585888
70326,0.09079099226916022
70327,0.12655374342155132
70328,0.1325056427302199
70329,0.132399227163947
70330,0.10681652395461887
70331,0.12852260132904425
70332,0.1009426172025116
70333,0.12703007913753075
70334,0.12389700940354453
70335,0.11634516525539429
70336,0.11614487832820498
70337,0.11741447784871377
70338,0.12840710088620827
70339,0.12427514953735837
70340,0.10975226204896418
70341,0.11892527009932101
70342,0.1610872339756098
70343,0.291801471329039
70344,0.12637085137891593
70345,0.0938748256487041
70346,0.08314978344486892
70347,0.21562399165307408
70348,0.14060336760241404
70349,0.06753880026815054
70350,0.13113299680416418
70351,0.12223577399597625
70352,0.11487002577251322
70353,0.1145858474717502
70354,0.12735630878577064
70355,0.14180082922954088
70356,0.0826363582549631
70357,0.12541390767832938
70358,0.12772813439910738
70359,0.12345069011436158
70360,0.0986886971166499
70361,0.1362753765303758
70362,0.13231748240369087
70363,0.1388641507002226
70364,0.11660636542338727
70365,0.12336895973307498
70366,0.11159795170223656
70367,0.12406141615771321
70368,0.13332451524042807
70369,0.1348971464568741
70370,0.07985902492075544
70371,0.10909226482957395
70372,0.12956399852621708
70373,0.12827233016945286
70374,0.11843518307522115
70375,0.14338819681529508
70376,0.13166386063978697
70377,0.14132834763331112
70378,0.123255192676119
70379,0.11228257273351229
70380,0.11747201081126618
70381,0.11354200391688604
70382,0.14009700020877572
70383,0.09719635391077702
70384,0.10939021487308682
70385,0.12256044152583725
70386,0.11456862741895199
70387,0.073678353475375
70388,0.11165696060116746
70389,0.12441243526436382
70390,0.13218490805514418
70391,0.279167134137535
70392,0.12776689336449815
70393,0.12062709704198157
70394,0.12402204549391349
70395,0.13208658754004288
70396,0.1207277639189525
70397,0.11522450032274457
70398,0.13099528529711585
70399,0.10685963316747345
70400,0.11767531646405864
70401,0.1334133480072524
70402,0.14062799902728942
70403,0.24762216755987776
70404,0.1453342287918232
70405,0.11410869377947061
70406,0.09778961159580844
70407,0.14882615234018892
70408,0.11162573425548547
70409,0.10995160352451827
70410,0.09744219121011663
70411,0.10299899138176133
70412,0.10268164596255491
70413,0.11423318471433035
70414,0.109365401948812
70415,0.10817291732310416
70416,0.11223675474497351
70417,0.11300291904980692
70418,0.12679594495440066
70419,0.13469609896042287
70420,0.12152613042428008
70421,0.1286597937494937
70422,0.10660013829516826
70423,0.11554705572600323
70424,0.12966498164185913
70425,0.11056903429650952
70426,0.12769686958087598
70427,0.11708966150441158
70428,0.10536026989351169
70429,0.12053578552578831
70430,0.12940143502838922
70431,0.12456796829613563
70432,0.13435809947953017
70433,0.12170513526299426
70434,0.08683222767113467
70435,0.13010363882146342
70436,0.13136035826225725
70437,0.14275895874409716
70438,0.12809780646504887
70439,0.1258491541691264
70440,0.10467764590465758
70441,0.13302662671141097
70442,0.13249255967995077
70443,0.1160178422451908
70444,0.10269783801577832
70445,0.13806064495079184
70446,0.11982882086794017
70447,0.15365058408518528
70448,0.1545177897397702
70449,0.1247972481242458
70450,0.14275713389338174
70451,0.11754620703353588
70452,0.11686650975905613
70453,0.08912642844803152
70454,0.12566848703704614
70455,0.11976540991017057
70456,0.09761556091724874
70457,0.04400433473701768
70458,0.1403508249765071
70459,0.13586579639588012
70460,0.1169696720435842
70461,0.12103957933079162
70462,0.12886449738720182
70463,0.10492198460484005
70464,0.11681030232280493
70465,0.11289903477610075
70466,0.13444239678365724
70467,0.1466059115249475
70468,0.09269595031727512
70469,0.12071920740614923
70470,0.12358375341888235
70471,0.11758149621472709
70472,0.05789519915750975
70473,0.13206720021526147
70474,0.12619718320026374
70475,0.14520320046970375
70476,0.1374705472717498
70477,0.10591175610633477
70478,0.12838175915029362
70479,0.07848545577331437
70480,0.11874230247896847
70481,0.12441415889502226
70482,0.09940006890912444
70483,0.13094083860950964
70484,0.13165041180314224
70485,0.12058130669491736
70486,0.08739071492136101
70487,0.12416321277728787
70488,0.09829907205904533
70489,0.11393413213277824
70490,0.10926488607418551
70491,0.14746986338484885
70492,0.12344960983663539
70493,0.12224811744510436
70494,0.12434800099260439
70495,0.10800970578126111
70496,0.10944452869650215
70497,0.12592185473269926
70498,0.11518499879484682
70499,0.09301288099003133
70500,0.374553757846235
70501,0.2658712008278954
70502,0.14475352391239063
70503,0.10973856504597532
70504,0.12427408512726157
70505,0.1343906901645916
70506,0.10413636818899479
70507,0.15296612421699424
70508,0.11464153219229642
70509,0.11376017659547927
70510,0.13411467939156643
70511,0.12602569500282393
70512,0.0669602110742118
70513,0.13806536370838254
70514,0.10624031354732297
70515,0.12191793486315249
70516,0.11959764826325807
70517,0.1277647323215108
70518,0.13883005963876513
70519,0.10606443712801938
70520,0.1282525674888215
70521,0.10660663954461547
70522,0.1317685483837565
70523,0.1582620502559723
70524,0.12251500227304
70525,0.12400498409466872
70526,0.11928457293757722
70527,0.12470430166841069
70528,0.11290894892785433
70529,0.11120909810182225
70530,0.09445935871261381
70531,0.1559994925742412
70532,0.11333868173013908
70533,0.0860354831526429
70534,0.128721787430369
70535,0.14245846296733602
70536,0.27252650975788445
70537,0.13623225303605419
70538,0.43621481388357725
70539,0.1050782729915527
70540,0.09905752795594512
70541,0.1279469733909756
70542,0.13478656867650288
70543,0.12767078767057885
70544,0.4945813804108789
70545,0.08271112803578268
70546,0.1150745559124457
70547,0.13198509759517524
70548,0.10657055868216114
70549,0.10692248974932218
70550,0.11853870324488085
70551,0.12890868527775892
70552,0.10812226423041094
70553,0.053165921230695655
70554,0.07841857152810967
70555,0.16324021005011435
70556,0.10677368564358805
70557,0.5874532452953253
70558,0.1170632219019184
70559,0.10713307742836035
70560,0.08412583685147984
70561,0.14466037647264632
70562,0.13224701901413924
70563,0.15189083899837688
70564,0.11196461498402989
70565,0.13097436199563253
70566,0.12512752102099137
70567,0.10887318106887281
70568,0.12100821383818237
70569,0.49631576250749376
70570,0.10247413144286786
70571,0.13042946196659597
70572,0.12061278168598116
70573,0.13843466572884672
70574,0.1298683879442285
70575,0.1198450411734817
70576,0.06970101677737962
70577,0.10209081788019574
70578,0.1197224134803016
70579,0.11876125582007105
70580,0.07161850646610181
70581,0.12490114022609912
70582,0.11414658726244509
70583,0.09578192032076129
70584,0.1275359492648279
70585,0.13524235421398673
70586,0.1297783724957304
70587,0.1265059403734608
70588,0.4045168441850134
70589,0.10812666431319823
70590,0.07501419601046753
70591,0.11415063052626402
70592,0.12259391052299771
70593,0.0865104141078922
70594,0.11386283184168441
70595,0.12333816533387533
70596,0.15344909290695255
70597,0.12024166908237419
70598,0.13357376386264308
70599,0.13355018380629144
70600,0.10672028934590112
70601,0.14155672825693133
70602,0.11474101587918668
70603,0.13264125000938576
70604,0.11275241445169157
70605,0.07664504771870376
70606,0.11295201564371939
70607,0.1317707579672329
70608,0.13502927485897595
70609,0.11948702080390829
70610,0.14577983861556923
70611,0.1194641203101581
70612,0.17255575613321567
70613,0.11745593779588162
70614,0.10475903641272732
70615,0.1300432962512333
70616,0.10452853519705167
70617,0.1343268688125056
70618,0.12698457841069904
70619,0.07339559846121387
70620,0.12134751078447582
70621,0.12218396381112533
70622,0.12490062164582126
70623,0.06480335167288369
70624,0.13094606754183055
70625,0.12443977835157771
70626,0.14463253730366216
70627,0.11896646508254656
70628,0.1561553608995595
70629,0.11213662319561994
70630,0.12717464838421913
70631,0.12425431234624124
70632,0.1205273568765176
70633,0.12199075976157142
70634,0.12267100698687163
70635,0.11903678750571772
70636,0.1290110001006248
70637,0.11754869459002967
70638,0.10937561294853661
70639,0.1324600031944687
70640,0.09180648112094701
70641,0.1166805288402834
70642,0.12157817753361774
70643,0.14280195183498082
70644,0.13837590201640135
70645,0.12653885697483852
70646,0.1653583531017642
70647,0.11941665123475008
70648,0.13400997599374107
70649,0.11318598526959323
70650,0.07023381827924254
70651,0.13143650978446747
70652,0.06479839088172998
70653,0.13035916049933613
70654,0.143260680531187
70655,0.06847220608494274
70656,0.12234074378818534
70657,0.12634608185596394
70658,0.11563747696820735
70659,0.1342093565908043
70660,0.11892571059347327
70661,0.13025575509414375
70662,0.1150971932145193
70663,0.1345819058449958
70664,0.11227090988956488
70665,0.11155210478284663
70666,0.09360073459559744
70667,0.14142855880542465
70668,0.1310276150649259
70669,0.132787968663778
70670,0.13206757420415643
70671,0.1278332932813537
70672,0.12796596286842424
70673,0.1253091657716296
70674,0.27996213631296685
70675,0.09945327839891697
70676,0.20256596787720732
70677,0.10917342331012747
70678,0.14622077917784945
70679,0.12394366696287822
70680,0.10906218295683814
70681,0.2230133156514278
70682,0.12086817147377164
70683,0.26355268464131393
70684,0.12177914303269742
70685,0.12720669311060825
70686,0.1129589781946786
70687,0.06893071831308031
70688,0.13166248764454463
70689,0.11176101247869707
70690,0.1316337949322606
70691,0.11876895285377566
70692,0.1000847604524832
70693,0.12641815396550085
70694,0.1247718739782704
70695,0.3257623414589717
70696,0.12075173838747734
70697,0.07171572710253508
70698,0.10633537315765224
70699,0.12234326350399573
70700,0.08456256732841361
70701,0.14629905170039154
70702,0.1250953989896889
70703,0.10668959313859534
70704,0.09826329655652415
70705,0.07640949123982728
70706,0.14204178658322036
70707,0.12710345513441185
70708,0.11879203175566017
70709,0.11633518646790174
70710,0.1285049464659262
70711,0.0637981193874888
70712,0.1269048727402239
70713,0.1238038849959243
70714,0.11150367172279074
70715,0.1108108047374746
70716,0.1276117427576103
70717,0.12155806727238257
70718,0.11731517352695885
70719,0.1434147876665188
70720,0.1205848391174409
70721,0.10644159752064906
70722,0.15111736372576892
70723,0.1066835073268922
70724,0.13527232548165055
70725,0.12692607090766492
70726,0.13324732700561018
70727,0.12367758256119572
70728,0.12634397870837222
70729,0.11590245051278122
70730,0.10303523512351344
70731,0.06075467032798964
70732,0.1544139724866452
70733,0.1303268861017566
70734,0.12159824707606125
70735,0.15270641577516653
70736,0.11538702225060841
70737,0.34120286417335655
70738,0.11793484381351746
70739,0.11634448902998416
70740,0.12117411111812484
70741,0.13822046110562897
70742,0.08147583774990313
70743,0.14733481550323477
70744,0.12755909915084712
70745,0.12198348417671141
70746,0.12788038015918388
70747,0.11488079108709914
70748,0.07192996180332524
70749,0.11676552654974355
70750,0.13283088719780764
70751,0.12538926608508683
70752,0.07561068756838518
70753,0.12927763428108527
70754,0.15947058375634468
70755,0.11694736853253973
70756,0.12169601200021411
70757,0.1190695890486043
70758,0.12312627778983948
70759,0.07843662165959028
70760,0.12026315494075258
70761,0.14310061284917644
70762,0.14560539977285156
70763,0.054292446165961815
70764,0.12645712965714032
70765,0.12149712795946958
70766,0.10732963065757198
70767,0.15310235178340006
70768,0.12612391980270488
70769,0.12022212646905506
70770,0.11886082245912477
70771,0.10366314989271116
70772,0.12854190198371898
70773,0.12430935697500241
70774,0.07668931531020458
70775,0.1287389130601709
70776,0.13388238647238057
70777,0.11407155842467519
70778,0.13091283132464862
70779,0.12169712193761645
70780,0.13424002565161736
70781,0.3122422831714435
70782,0.1388215775626056
70783,0.12991805995276676
70784,0.11997560031010061
70785,0.1279564708571146
70786,0.15053986893326557
70787,0.1117745321248789
70788,0.1290513670784813
70789,0.036709790049245246
70790,0.06717071179902587
70791,0.123458085832
70792,0.1000147134452533
70793,0.13665224337204226
70794,0.12790218877630363
70795,0.12760008188052605
70796,0.1223271292196159
70797,0.11347510067342312
70798,0.0782555452187449
70799,0.11201113271793448
70800,0.12319140910785002
70801,0.1210977141089922
70802,0.1367564508038608
70803,0.45240878729572237
70804,0.10304486680408044
70805,0.12144391212792502
70806,0.12178625816811713
70807,0.11764296206310501
70808,0.11131308205779658
70809,0.1087593945375496
70810,0.11959487235124916
70811,0.2484205924001907
70812,0.10498364680237106
70813,0.12191443860926415
70814,0.12729556085115803
70815,0.10125826918882884
70816,0.12239150069664602
70817,0.08842353022825362
70818,0.09859986294901757
70819,0.13867713979606439
70820,0.0905988430859696
70821,0.126190100270556
70822,0.1571577424673913
70823,0.12367556663462406
70824,0.09502440462162765
70825,0.17260973826300177
70826,0.169570835161914
70827,0.10648904487669826
70828,0.12731750144344356
70829,0.10598697750929294
70830,0.13111996378344798
70831,0.10937036769593164
70832,0.1302407688526951
70833,0.11626443665752637
70834,0.07432094316488626
70835,0.10539960527094121
70836,0.12912064312842808
70837,0.11844597173274492
70838,0.1192507690764079
70839,0.12385957134923005
70840,0.11955664409920566
70841,0.06652990351070821
70842,0.13156155434186095
70843,0.1307458876784406
70844,0.07698617483826604
70845,0.12383414147793985
70846,0.1246574566983292
70847,0.11569892353216586
70848,0.12326803227017173
70849,0.12317221555457619
70850,0.15119668315493506
70851,0.13758202745090947
70852,0.15656260953853726
70853,0.13281021865377204
70854,0.12995002253685387
70855,0.13108061520097739
70856,0.11058236856625828
70857,0.3296180695398839
70858,0.12396398186090805
70859,0.10365977849922385
70860,0.13163166616028252
70861,0.05977687959778251
70862,0.11741994757621153
70863,0.07952191529384954
70864,0.1162486204819576
70865,0.11597673945622484
70866,0.1330067271903372
70867,0.11481428515263392
70868,0.12596813732013223
70869,0.10773316628869739
70870,0.11598289169779805
70871,0.12484706646147188
70872,0.07944092459098302
70873,0.1426124465333192
70874,0.10617667092967471
70875,0.15099222684348032
70876,0.12292965666320108
70877,0.09516564939742113
70878,0.14814254889600156
70879,0.13737841346748697
70880,0.1318288115613242
70881,0.13373595999817983
70882,0.07958988862110344
70883,0.14040847645352186
70884,0.06288899665614409
70885,0.13094944443227816
70886,0.10558974868501285
70887,0.14990138583908091
70888,0.12333647102077767
70889,0.09797113308082818
70890,0.123200497198516
70891,0.12197641058039538
70892,0.076540919153421
70893,0.1532399331293863
70894,0.1168782821613818
70895,0.15629451336739683
70896,0.1308623357000095
70897,0.10973745931343638
70898,0.11599830496918197
70899,0.122000693011077
70900,0.12115425503500624
70901,0.13558384788008163
70902,0.12934955337263004
70903,0.390114006314744
70904,0.12374873394847298
70905,0.11264358472808327
70906,0.11319039374255006
70907,0.06794172864002535
70908,0.12493845496126141
70909,0.1395323460499182
70910,0.14213009668988377
70911,0.19950874468205404
70912,0.07569260133293741
70913,0.10599680654233971
70914,0.10913568308977109
70915,0.1209867684568145
70916,0.09125682414002372
70917,0.12162559431622572
70918,0.11758972685218766
70919,0.12181478191071105
70920,0.060006528018757596
70921,0.11556381688021361
70922,0.09282305548289957
70923,0.16271148258457113
70924,0.12809703819415225
70925,0.12307631120736853
70926,0.10294925222039518
70927,0.1109367170392907
70928,0.1234561327197676
70929,0.11380349403173418
70930,0.11187792594965985
70931,0.1385775773104994
70932,0.1237958064504186
70933,0.1181635422125715
70934,0.12416598612919656
70935,0.08864104893254306
70936,0.1277964246325958
70937,0.12136465676438703
70938,0.12319221375762908
70939,0.11492685393054833
70940,0.11097168911401656
70941,0.10785851155225099
70942,0.12548751979724432
70943,0.08179432376175892
70944,0.041959928648089166
70945,0.13072874051537775
70946,0.14420231663446012
70947,0.126595761392376
70948,0.12912474382602013
70949,0.10394003403995121
70950,0.1438900898798251
70951,0.13773503894346723
70952,0.12226580619942168
70953,0.10218662063096676
70954,0.1095638133682857
70955,0.11864655753225715
70956,0.1275438021951389
70957,0.12754004782225345
70958,0.12425937590749137
70959,0.13657006129081173
70960,0.12742079098664508
70961,0.13539137282861308
70962,0.12041755518060619
70963,0.11764885585787486
70964,0.12510748216877915
70965,0.07550645076509027
70966,0.12640801897667642
70967,0.12893120789365775
70968,0.08359130197057138
70969,0.1467522137809258
70970,0.11204900304487891
70971,0.12614870860575683
70972,0.1537416047097687
70973,0.10819574255395095
70974,0.1438544779121524
70975,0.11870003436963432
70976,0.10947850575281295
70977,0.1300340636270335
70978,0.15733389861891
70979,0.11555355332153022
70980,0.10345044786116193
70981,0.12806936834491103
70982,0.09465534947706426
70983,0.13017697910086234
70984,0.11703609393150603
70985,0.1375940584366086
70986,0.1290011019376516
70987,0.12687991613884453
70988,0.11288746577336385
70989,0.15984660072167473
70990,0.1278526024049724
70991,0.1222486773075013
70992,0.1174540159106195
70993,0.12400891453673211
70994,0.12485535846245346
70995,0.12554054217129784
70996,0.13409188042805623
70997,0.12178640831262035
70998,0.11027857179645859
70999,0.13261412642233616
71000,0.12266187172332933
71001,0.1513653968813701
71002,0.12864287780861972
71003,0.13463616677533866
71004,0.11016295086405244
71005,0.12796939538114646
71006,0.11313075496599406
71007,0.11340632333045911
71008,0.11622851251815898
71009,0.12485993355171196
71010,0.11506671478678665
71011,0.12054027295876596
71012,0.12476105030485103
71013,0.13562431969881658
71014,0.13025809183852818
71015,0.12908953689796845
71016,0.12235033632638871
71017,0.1391456885115966
71018,0.044095378416404464
71019,0.13225183527098433
71020,0.1259215627661694
71021,0.1303338070645007
71022,0.128102799136063
71023,0.0981868050190801
71024,0.11838399100652743
71025,0.1347997029204354
71026,0.1302568564224364
71027,0.12943873697605188
71028,0.08933166523580069
71029,0.11543612677661623
71030,0.11054607610068076
71031,0.3941264545793147
71032,0.14470443640865652
71033,0.08073593283122812
71034,0.07306315975594706
71035,0.26180971689526294
71036,0.09066914405190879
71037,0.11901138123139769
71038,0.1346693148456496
71039,0.11809150009253902
71040,0.13911420078287326
71041,0.13901072012241866
71042,0.1060762005740802
71043,0.20623349383915476
71044,0.13273536590240215
71045,0.13935042663434746
71046,0.11121325078248925
71047,0.07118577767606311
71048,0.14240054738578717
71049,0.07686988205256093
71050,0.12512336060710486
71051,0.13142890200903629
71052,0.08278980776895409
71053,0.12458695151255819
71054,0.13608520723289247
71055,0.10810001472536518
71056,0.14242155430070472
71057,0.12815948645951752
71058,0.12529297160712224
71059,0.11860805680834456
71060,0.13798087673658563
71061,0.48254431744400805
71062,0.12214997233378234
71063,0.10211668395727726
71064,0.13120190128217107
71065,0.06080766840501117
71066,0.11184679367920378
71067,0.12527363432606978
71068,0.0890185417236381
71069,0.1611244683591443
71070,0.079632149895551
71071,0.1238979146647553
71072,0.1259959967881488
71073,0.1346867846628554
71074,0.15378875566174965
71075,0.12642576559621793
71076,0.12910873917918547
71077,0.13670715884462825
71078,0.1165330518124551
71079,0.11522933910074236
71080,0.11196262759875297
71081,0.11554602575401053
71082,0.10880861901002124
71083,0.11846545136407995
71084,0.10862213705386838
71085,0.10529936031971669
71086,0.085403023096551
71087,0.06568478828698864
71088,0.10876646959278635
71089,0.13491696222744845
71090,0.10266165075772114
71091,0.08160357988338729
71092,0.11393672983238536
71093,0.12870670593829137
71094,0.3447715243895759
71095,0.11450945190900433
71096,0.12124257964888116
71097,0.12049301289541013
71098,0.1059771568565494
71099,0.11370736017160032
71100,0.11979656540715569
71101,0.11050992677819226
71102,0.12993408328686953
71103,0.12953832146616306
71104,0.413594161285503
71105,0.1028267752261026
71106,0.12934395743432525
71107,0.1252046982137596
71108,0.10504431558260738
71109,0.154235374865801
71110,0.12551890388296374
71111,0.14600119283334098
71112,0.056895060568359655
71113,0.12839987470049039
71114,0.10797256767101457
71115,0.12385697516165783
71116,0.11089343770343103
71117,0.06024210347768205
71118,0.10350588549095818
71119,0.11362365862089661
71120,0.12193241845394301
71121,0.13828715197718797
71122,0.5992864185956739
71123,0.13032741938969097
71124,0.13329905693605307
71125,0.13603704504320216
71126,0.13227798783043881
71127,0.08075954518778385
71128,0.12656605092249082
71129,0.10943676036181364
71130,0.1461308543738303
71131,0.1147742535952938
71132,0.10336837965347868
71133,0.12013649462527905
71134,0.1312098576342079
71135,0.14794872021052985
71136,0.12194227054171597
71137,0.10641370348384718
71138,0.09568688197270316
71139,0.10969080528426603
71140,0.1841691490374894
71141,0.1243020234727944
71142,0.08926934464785187
71143,0.1519068646443815
71144,0.12537431391990558
71145,0.11008070123120076
71146,0.12685272285613045
71147,0.07289277828289575
71148,0.12738132176005892
71149,0.13301256269702327
71150,0.1433671450272407
71151,0.1250194496045132
71152,0.095907440691402
71153,0.11137014716456459
71154,0.1311982601898074
71155,0.12562984405402156
71156,0.12052919581690251
71157,0.4441455468429594
71158,0.06632127196155642
71159,0.14705645926440306
71160,0.14440961862747018
71161,0.21427193830829497
71162,0.14982297175267364
71163,0.14499024850316733
71164,0.11886179987841242
71165,0.1198238232979802
71166,0.11901205764290639
71167,0.11384170900567363
71168,0.14536453715983214
71169,0.11255113030859726
71170,0.1393420894092833
71171,0.12183952536355204
71172,0.13293726154285782
71173,0.13356100747204352
71174,0.11880305388905417
71175,0.13415561981650584
71176,0.109570425599343
71177,0.1257328383236318
71178,0.35530189650995203
71179,0.1148897160683834
71180,0.126882708212488
71181,0.05487255383300502
71182,0.12598172010176045
71183,0.13023526542657882
71184,0.12984777901397546
71185,0.13732468463917796
71186,0.09827942243810746
71187,0.07813794085274993
71188,0.14799278333884092
71189,0.120984294771863
71190,0.11913074122832512
71191,0.12453277593586261
71192,0.13809328386249317
71193,0.13135541141982532
71194,0.056832764011433765
71195,0.1638321529733877
71196,0.12247216947397185
71197,0.13072523409621503
71198,0.12748959358674167
71199,0.12442882092613416
71200,0.10784015644233239
71201,0.12969244641570127
71202,0.13093160291059738
71203,0.09431194727462792
71204,0.12187651989122167
71205,0.10859307837721321
71206,0.11922932508663527
71207,0.09691176892828371
71208,0.1259294027870122
71209,0.11942083401365629
71210,0.10562115562445355
71211,0.11243997208042142
71212,0.14272352812032785
71213,0.1454228876423014
71214,0.11756348773838649
71215,0.1263596517587247
71216,0.03813405799990078
71217,0.06546018668229807
71218,0.06431785581209443
71219,0.12299307811410277
71220,0.07726710077413405
71221,0.12115800445976427
71222,0.08153254924852278
71223,0.12648823972579126
71224,0.36883488632112355
71225,0.08205616125526516
71226,0.06438389296881934
71227,0.10860469144425032
71228,0.057297596183170714
71229,0.09495345173947058
71230,0.0394093808458101
71231,0.1302331505184488
71232,0.12831763925644374
71233,0.10815952754279701
71234,0.14896302102709139
71235,0.07787124296322354
71236,0.4904396587103064
71237,0.37342243152632754
71238,0.12981109955901213
71239,0.12820696660267575
71240,0.12306529442803726
71241,0.1268159510070717
71242,0.10504342470214546
71243,0.12969927442764145
71244,0.062314241968227116
71245,0.13721588367886062
71246,0.07174303848439192
71247,0.06914427383126572
71248,0.12466940028312908
71249,0.05455253058513834
71250,0.5293327527880624
71251,0.13223592745764529
71252,0.07168545034038694
71253,0.12690040412850964
71254,0.1275117403035925
71255,0.11301294628793664
71256,0.1114815255838163
71257,0.10057209759031716
71258,0.1312553267884364
71259,0.14036311061069817
71260,0.08356553826680693
71261,0.11989236203204383
71262,0.12351025017534208
71263,0.0846529698303298
71264,0.12711557567908444
71265,0.07895980913333733
71266,0.16750532135692195
71267,0.046173618987437035
71268,0.11278015951272177
71269,0.12958479807939643
71270,0.13335626136448023
71271,0.10880300522191827
71272,0.12547148559845647
71273,0.0706052728647041
71274,0.11448766588515666
71275,0.0726133825249151
71276,0.1289632300502531
71277,0.12431605074143046
71278,0.03896428329907734
71279,0.07796005219947381
71280,0.07439785000897924
71281,0.09291882875084449
71282,0.0520872324991447
71283,0.15321379723589507
71284,0.11612026631637754
71285,0.12309934242669293
71286,0.1294970659365206
71287,0.11578017080994615
71288,0.06286904056313984
71289,0.1358647863292218
71290,0.1125019930944938
71291,0.12871858869160252
71292,0.07717278889686596
71293,0.3884975913141554
71294,0.056653030695709296
71295,0.06389072477955338
71296,0.07946990114120697
71297,0.13625329613669457
71298,0.14381106051694034
71299,0.13626992246867106
71300,0.07545792657882457
71301,0.043851669134083344
71302,0.03702557765385484
71303,0.03649769204078452
71304,0.1015353478270418
71305,0.0805184508828876
71306,0.12082005721650388
71307,0.10188634550279517
71308,0.08903742299476045
71309,0.1237099826731026
71310,0.12555481789743392
71311,0.13004652432212888
71312,0.12450161234053347
71313,0.09495435183199333
71314,0.13154583226894004
71315,0.07165807590293018
71316,0.0653934771939693
71317,0.07927045001972512
71318,0.13932014041958143
71319,0.12471848838763128
71320,0.12278318163782712
71321,0.12451120973811959
71322,0.08098996070619456
71323,0.13647629776808043
71324,0.06809402428280387
71325,0.14203784087108598
71326,0.06831146910166425
71327,0.14523198419480837
71328,0.11930101778714054
71329,0.12122179744400265
71330,0.08033301127151024
71331,0.12020440455238379
71332,0.126022877658512
71333,0.12622049645997704
71334,0.12946738974264924
71335,0.12025727098935647
71336,0.12275187202282066
71337,0.09451823922356088
71338,0.3674292988880561
71339,0.12306261410088493
71340,0.1278657943774686
71341,0.06391247569007309
71342,0.23819639955524963
71343,0.0704496038301974
71344,0.3131027864998878
71345,0.14727135851592157
71346,0.10994244344707681
71347,0.11568626852946194
71348,0.1261562928872794
71349,0.13383621673832238
71350,0.10280095783058411
71351,0.055363784054603744
71352,0.12069393395505532
71353,0.1278505374046657
71354,0.14328488053162103
71355,0.1275189593843672
71356,0.10270056313047976
71357,0.11216470224367354
71358,0.1223293250415812
71359,0.0674624614737376
71360,0.08927094302427338
71361,0.12829858447456569
71362,0.125869017531664
71363,0.4476939498194265
71364,0.09111955048132742
71365,0.1193670280363699
71366,0.09376779607673014
71367,0.15618649149174565
71368,0.10859821110708626
71369,0.07101452481876644
71370,0.08612581267212607
71371,0.1309069012151516
71372,0.1328220258790316
71373,0.03495876972667094
71374,0.12773591989181032
71375,0.1180710161590706
71376,0.08958417309000191
71377,0.06865209286726745
71378,0.042322121515275146
71379,0.041368028429570915
71380,0.15556445094955118
71381,0.08155406242808873
71382,0.12785052578647804
71383,0.0612824408196419
71384,0.12671504440628473
71385,0.11438781647244506
71386,0.13801033377388253
71387,0.124612131360933
71388,0.10901652244865734
71389,0.19100051979071794
71390,0.12691193264039904
71391,0.07053615331409852
71392,0.11962639769092268
71393,0.12492845603282983
71394,0.09588595930615025
71395,0.059486198566534455
71396,0.118453978560981
71397,0.11498857139598125
71398,0.08827680685952102
71399,0.12616076232412995
71400,0.07074524577374217
71401,0.14934910800316137
71402,0.07625049602009186
71403,0.12587301185582833
71404,0.07435625830571467
71405,0.13037546325894644
71406,0.1269564866231124
71407,0.05687892349487898
71408,0.05181153544288286
71409,0.1253342888216139
71410,0.06483543607369983
71411,0.06764800217084936
71412,0.12329923919784046
71413,0.1260505379906616
71414,0.1153775851127905
71415,0.03942386501830523
71416,0.12776408160593197
71417,0.11475838316855919
71418,0.13547394463295845
71419,0.1316224845477931
71420,0.12655999590108716
71421,0.03235847794826365
71422,0.12989589220650125
71423,0.12987300107431843
71424,0.12171610253689909
71425,0.09713457048197106
71426,0.12947290387155325
71427,0.07681352175124087
71428,0.12731576512868667
71429,0.10975044861150224
71430,0.13158506720485877
71431,0.13376334341273693
71432,0.13744282102395508
71433,0.12370834550936254
71434,0.12117882340758938
71435,0.14890213474790207
71436,0.11546212691929511
71437,0.1295169180605375
71438,0.1374886109390172
71439,0.11748503730401395
71440,0.11544553584021922
71441,0.09401665823820456
71442,0.06753940942893719
71443,0.12670341855915992
71444,0.11586907421766486
71445,0.13401408881309046
71446,0.12997333855822266
71447,0.12655104940489711
71448,0.11723489553594449
71449,0.14546809199337335
71450,0.10027477390433504
71451,0.2053576200887718
71452,0.12119483748386983
71453,0.1224512933433003
71454,0.12006279114414674
71455,0.13774210804673864
71456,0.07771985157992786
71457,0.11243672531239397
71458,0.12831006911751353
71459,0.13403065142063736
71460,0.12227217153283321
71461,0.1258286365975801
71462,0.07838450899295464
71463,0.13376533336331212
71464,0.11414958607040011
71465,0.12677374800407296
71466,0.1251289797996557
71467,0.13569837523051836
71468,0.0620237062395987
71469,0.12074744392053609
71470,0.13031401605554818
71471,0.11751597792045836
71472,0.1244540889377187
71473,0.12122512638340036
71474,0.10183958556782466
71475,0.12190736025054504
71476,0.13215298185168584
71477,0.15117169803188404
71478,0.12719319213060673
71479,0.1309574157651123
71480,0.07163561032080347
71481,0.0767555566277448
71482,0.12054395516823684
71483,0.07065671273024905
71484,0.12273915594139993
71485,0.12589077998356604
71486,0.13438622934618935
71487,0.06816143333114102
71488,0.13127738629957733
71489,0.05793204546731051
71490,0.13133502822576432
71491,0.13207537572828984
71492,0.1326145060941044
71493,0.12369585655546683
71494,0.07418451169765354
71495,0.11989923138831524
71496,0.1322036431637538
71497,0.13232346494887476
71498,0.09656516015420208
71499,0.12722671019604803
71500,0.12226226284724052
71501,0.1357880513108017
71502,0.21900644818463263
71503,0.0756529587178885
71504,0.1180231304369731
71505,0.12397344536088645
71506,0.12488767527085459
71507,0.12874730027471662
71508,0.13462468919744494
71509,0.0792757786871345
71510,0.07451739522679902
71511,0.11278073768568926
71512,0.1315412078556329
71513,0.07574448233627311
71514,0.07159917668886226
71515,0.07968822886472696
71516,0.12236014086528668
71517,0.13706713501400078
71518,0.13082514000774792
71519,0.11886333659713674
71520,0.05800812083141063
71521,0.11360453434895822
71522,0.04062709066069769
71523,0.1299134857418474
71524,0.03382259473050502
71525,0.13814662952728113
71526,0.056183543878219756
71527,0.12346343099496501
71528,0.13467950742687318
71529,0.12302468294782902
71530,0.12428412080170384
71531,0.12933797438495093
71532,0.1296992652562237
71533,0.09713298765018949
71534,0.15874047806298083
71535,0.1274875543012944
71536,0.10341105118252013
71537,0.12469961651681258
71538,0.12857131644091954
71539,0.06922696398007837
71540,0.11566176053977532
71541,0.04716315810091721
71542,0.06402422764931691
71543,0.078518786403697
71544,0.13295248536276622
71545,0.06784813782438949
71546,0.1338470843640366
71547,0.11441406442088999
71548,0.06911873471001108
71549,0.061944769947317166
71550,0.14489490289262752
71551,0.12783662057790854
71552,0.09883581241003142
71553,0.14262535231603185
71554,0.2314959890606015
71555,0.13730461533849736
71556,0.08381305953614533
71557,0.13822602308748042
71558,0.07698939300664694
71559,0.07647766548670357
71560,0.06592393065579834
71561,0.13448977183497404
71562,0.14628637328133204
71563,0.1323005160453168
71564,0.0663822243319754
71565,0.14110895813263583
71566,0.11397455886363643
71567,0.14424552657428671
71568,0.11774389949203881
71569,0.04612330362878927
71570,0.11415412552568906
71571,0.06981976362366263
71572,0.12582621559727758
71573,0.06817785853984278
71574,0.12447539682296946
71575,0.13366209461792847
71576,0.11901690422327
71577,0.1277748142008237
71578,0.13572074008815987
71579,0.06791650538082676
71580,0.12768358542892078
71581,0.04651070590381807
71582,0.12047190852882116
71583,0.14736550821512429
71584,0.11696567017689168
71585,0.08880323444736231
71586,0.11708179722224471
71587,0.3151580988666087
71588,0.1189198512160957
71589,0.07018833235240295
71590,0.12483981257923416
71591,0.12747760857013438
71592,0.12490434289153657
71593,0.13182747069281345
71594,0.0909954307515735
71595,0.14824665256617522
71596,0.07406154948048577
71597,0.12521182156050487
71598,0.11338376971457008
71599,0.12916808785658976
71600,0.11047895257283272
71601,0.14464943830655935
71602,0.11526905872657202
71603,0.040942135586662244
71604,0.08565877509485542
71605,0.12100114631896586
71606,0.136629483658077
71607,0.10160375126891164
71608,0.44070177755783274
71609,0.0730822820014004
71610,0.42457464871777184
71611,0.12526332707608154
71612,0.15079308855021503
71613,0.0820003616939941
71614,0.12729246616592907
71615,0.13115700441152775
71616,0.1307177964803257
71617,0.12765035909389955
71618,0.1323942569847641
71619,0.04863110620565011
71620,0.07734582324860595
71621,0.06423226569440124
71622,0.10966447034732983
71623,0.1301611257175831
71624,0.13199117444198485
71625,0.13576130971869588
71626,0.12905695314333665
71627,0.06291017587168075
71628,0.12166176211396801
71629,0.13669694915368702
71630,0.0806549215710881
71631,0.11939717124434909
71632,0.12735196379719507
71633,0.1340751583442603
71634,0.1307643110092234
71635,0.12351895508711194
71636,0.07402592977178095
71637,0.1121008943405288
71638,0.1268945121878456
71639,0.07082625551162679
71640,0.1405687914065725
71641,0.12141647857658605
71642,0.06773277445223144
71643,0.090873777049387
71644,0.11908499105866255
71645,0.11481027103671188
71646,0.19394196063408095
71647,0.1290869550790889
71648,0.12729271974828865
71649,0.12008509365919881
71650,0.13090706194915638
71651,0.04552135857631309
71652,0.12125545249138112
71653,0.14396153194788355
71654,0.1206105293437828
71655,0.1074168069652481
71656,0.13428706217024255
71657,0.1265330689387123
71658,0.12747404862809142
71659,0.0760455731742724
71660,0.12145671994906843
71661,0.12413137857874776
71662,0.12561451696970344
71663,0.0873097609901909
71664,0.07265700401583608
71665,0.1292113503754457
71666,0.04224180054383791
71667,0.04227046741512812
71668,0.15454524427847025
71669,0.12909757758556592
71670,0.11518741466768863
71671,0.1322805183249912
71672,0.13342085652363903
71673,0.1405275620556195
71674,0.12005405160511794
71675,0.06629636416069914
71676,0.1163047269356233
71677,0.16250599577674246
71678,0.15406171572543342
71679,0.04593322286000964
71680,0.12462281206504378
71681,0.13688732536848036
71682,0.12753951708408925
71683,0.12419566061109878
71684,0.19167762777947858
71685,0.1414522253747872
71686,0.12734503726141805
71687,0.11419265520010806
71688,0.12976932028869423
71689,0.12039188050452329
71690,0.11902972860566555
71691,0.14678210465844163
71692,0.13151647149211435
71693,0.03587067223754621
71694,0.10032874985759335
71695,0.04511031260751819
71696,0.12126921525155146
71697,0.13260760747584724
71698,0.12709602546186852
71699,0.12276417462880071
71700,0.12302615554435649
71701,0.13127147285082003
71702,0.13427254180183387
71703,0.14648740977962044
71704,0.13310142256173288
71705,0.11573497241925464
71706,0.13386691816954888
71707,0.10707393379713889
71708,0.3991231936871409
71709,0.07369392215417918
71710,0.07337008372773497
71711,0.1079042851692209
71712,0.1104279510154511
71713,0.0673040780501628
71714,0.14341816268952265
71715,0.07290852664783423
71716,0.1513564979826279
71717,0.1524514160887527
71718,0.13520930799416206
71719,0.1210107253293922
71720,0.07786641286759374
71721,0.1311980802045327
71722,0.08775372701720532
71723,0.09077688240000147
71724,0.03065407184726545
71725,0.139861033286342
71726,0.13242320661228305
71727,0.12245580794969019
71728,0.07299869091562645
71729,0.07573097944445768
71730,0.11665263439298805
71731,0.0634153174433505
71732,0.12926034245203652
71733,0.12472817702373058
71734,0.06546280623174913
71735,0.11370789607630548
71736,0.1331524600226089
71737,0.13682258806377706
71738,0.11749156111456445
71739,0.12861000826505609
71740,0.12294271508159427
71741,0.1522316296869852
71742,0.1131673977854378
71743,0.12360235569077752
71744,0.3921642359687657
71745,0.1438973630513554
71746,0.1412725673345437
71747,0.11031763724286207
71748,0.12073652860525336
71749,0.14914561489080272
71750,0.11388480533351683
71751,0.12795132954797997
71752,0.07664848068034197
71753,0.07074235485465423
71754,0.09595761782388916
71755,0.1208947296858497
71756,0.2281803072855195
71757,0.061750813205755144
71758,0.11568318642347751
71759,0.0561957852513747
71760,0.11619117453283857
71761,0.13489689503551983
71762,0.135651566622733
71763,0.11149038758160629
71764,0.050441451310310054
71765,0.12024382935439253
71766,0.07036793814953908
71767,0.12776270342875123
71768,0.11989544887699322
71769,0.12025364202683593
71770,0.08692489892209322
71771,0.13402855463358962
71772,0.09064443489235406
71773,0.1199745342289003
71774,0.1305666334822658
71775,0.07777594794014
71776,0.13260075752797182
71777,0.11066025104380231
71778,0.13110890392567148
71779,0.12295980215570168
71780,0.06843481425482643
71781,0.16030437712243176
71782,0.0781774629203897
71783,0.11878289459432669
71784,0.4247736104616746
71785,0.12046911654213564
71786,0.07055435565137
71787,0.12610934726884163
71788,0.12245828292746327
71789,0.11980226792078195
71790,0.07064381699258483
71791,0.06614220797225125
71792,0.11163358339900954
71793,0.12746829517393565
71794,0.12201945421097854
71795,0.13324851765652354
71796,0.14571002988500534
71797,0.13971292015726866
71798,0.11859219559985482
71799,0.07186384191148679
71800,0.08132524294973614
71801,0.13387805624874766
71802,0.1020551750492057
71803,0.06354908064848094
71804,0.16530080583512544
71805,0.0647134237575401
71806,0.07750625872629448
71807,0.11611909221049596
71808,0.34059502484055326
71809,0.07190729218190257
71810,0.07819864383442653
71811,0.12472471552294885
71812,0.06914270404052947
71813,0.15237488552957343
71814,0.07957187348003239
71815,0.11787943406553389
71816,0.11411139773565315
71817,0.12704990890735135
71818,0.06981963784743496
71819,0.1109092994448875
71820,0.1185823905980448
71821,0.143332762772099
71822,0.042832938972444355
71823,0.02741002344856575
71824,0.1144394839106677
71825,0.12408075256593055
71826,0.14340496645827794
71827,0.15474198897367347
71828,0.12190611063953265
71829,0.10181230365265648
71830,0.08343056020638569
71831,0.04073161253822334
71832,0.05999909941284708
71833,0.11758120214728061
71834,0.06639260852987527
71835,0.10771747749467886
71836,0.11914498044091817
71837,0.08088437120980302
71838,0.13314624914994688
71839,0.12518944120568662
71840,0.06631772252413254
71841,0.13596153399780533
71842,0.1194827997786823
71843,0.18369333317530548
71844,0.12568154250237884
71845,0.11843502431364555
71846,0.09518225748282323
71847,0.1400021319088467
71848,0.18690200154032188
71849,0.13468987208473768
71850,0.1261958708482968
71851,0.07146722966286098
71852,0.12692719758710233
71853,0.0857929499817646
71854,0.1356505087930872
71855,0.06560631458057509
71856,0.12535746074813753
71857,0.12472375934676745
71858,0.1213647588957422
71859,0.12532155603911682
71860,0.14027780980208465
71861,0.11234525213287298
71862,0.124620348759228
71863,0.11129204222563203
71864,0.2911825246989441
71865,0.13266769317756238
71866,0.322029745081298
71867,0.1439019104594205
71868,0.13143937900052496
71869,0.1300440277910436
71870,0.06966277464808865
71871,0.14429660381415205
71872,0.12215974935495603
71873,0.06678511314773022
71874,0.49942126085770794
71875,0.1165454615441367
71876,0.08577372308363838
71877,0.13133767307119942
71878,0.11639603054591431
71879,0.1057373458306928
71880,0.1224115444016035
71881,0.06685915616198848
71882,0.08301870767870849
71883,0.2465210799808907
71884,0.05946657949840639
71885,0.11909878231676942
71886,0.11907636213486568
71887,0.11499640816452827
71888,0.13354168340942466
71889,0.1278260575632306
71890,0.126549525219211
71891,0.0739568971496553
71892,0.14768281864940025
71893,0.04173419647767017
71894,0.11004174227070576
71895,0.1174469469467335
71896,0.06988594823209135
71897,0.12587022232245004
71898,0.08409811459186221
71899,0.06495028218533265
71900,0.07781723351391871
71901,0.05644230226683905
71902,0.11341812862512239
71903,0.06278828799157181
71904,0.09871120969134879
71905,0.12293743556665657
71906,0.1323413791560972
71907,0.08886706198344922
71908,0.12721421636913946
71909,0.07633869817251948
71910,0.1300638638579165
71911,0.13314310080860453
71912,0.072694082257826
71913,0.12650354191428956
71914,0.07996047075800161
71915,0.1263502629856822
71916,0.132948936957001
71917,0.05025089112098022
71918,0.07111283544180207
71919,0.07922811438275301
71920,0.13523935502992585
71921,0.120713041733542
71922,0.07749226846504349
71923,0.1058374568007548
71924,0.04531212169649084
71925,0.08653371426517754
71926,0.11608316247068759
71927,0.11011421587545087
71928,0.08169438333649338
71929,0.11579715875270635
71930,0.07796201383195037
71931,0.05161297182744244
71932,0.13267721724172218
71933,0.06536574474218183
71934,0.07209819254947802
71935,0.15233895764973457
71936,0.12172232693405013
71937,0.1383553754240849
71938,0.07126150885900265
71939,0.05376930924063867
71940,0.12793595701070826
71941,0.0659357165965907
71942,0.12667801572178414
71943,0.1469418883816483
71944,0.1140118994416761
71945,0.12134747107579759
71946,0.12148540350973344
71947,0.11981983346748752
71948,0.0625653387057821
71949,0.12191887816482526
71950,0.06999650325252911
71951,0.1341402473987376
71952,0.05930878322865636
71953,0.07270689112515048
71954,0.059750495958484355
71955,0.08303077936011216
71956,0.0891479204306716
71957,0.04349479920575986
71958,0.0721445808635917
71959,0.06578857738305335
71960,0.14772522161415558
71961,0.07921575742274821
71962,0.11570756493415567
71963,0.06743264564503791
71964,0.07745770888413563
71965,0.07884454376647786
71966,0.11163943218325703
71967,0.13909020824510623
71968,0.0792690102864352
71969,0.12494449665037491
71970,0.11521911888293042
71971,0.08714459774519313
71972,0.1167421417149444
71973,0.11125883036215381
71974,0.08742830488439314
71975,0.1319617122788401
71976,0.06380810551954566
71977,0.03947237298170262
71978,0.12050927937990208
71979,0.13206172846494782
71980,0.1009433056735985
71981,0.1251348404369895
71982,0.13322344016288146
71983,0.0915490561906328
71984,0.0695835622550477
71985,0.1317435069323778
71986,0.12040105923196466
71987,0.12128983056987216
71988,0.081865855957438
71989,0.0908077079790905
71990,0.11372059771815361
71991,0.12171580220230925
71992,0.07107000033326581
71993,0.07127266478861417
71994,0.1274289790204899
71995,0.06595371167678997
71996,0.12377713048354459
71997,0.11759467273716433
71998,0.12381586666911923
71999,0.12036874547901581
72000,0.11261442471312286
72001,0.1282949516824552
72002,0.1285025676270305
72003,0.1584588711296542
72004,0.0679329827117458
72005,0.059039346140658366
72006,0.12847409162229864
72007,0.1137717524466145
72008,0.11220678618335958
72009,0.13014149668661426
72010,0.11266159721659233
72011,0.06766725776554866
72012,0.10819404574548624
72013,0.06328236974396655
72014,0.15025233389936826
72015,0.1439135427248766
72016,0.06574797469969675
72017,0.1293381283191899
72018,0.13648852325119393
72019,0.14144222763842784
72020,0.0669517477667465
72021,0.12093545403699306
72022,0.12151193888511073
72023,0.07084329568015367
72024,0.079584549736199
72025,0.11058711973325917
72026,0.1185615721160561
72027,0.11872805994638323
72028,0.05623116982228179
72029,0.08976320924689915
72030,0.11201652763010381
72031,0.12155932591898896
72032,0.13172344346060044
72033,0.11793484318798948
72034,0.13408754377677312
72035,0.08204797882570258
72036,0.12126905714233831
72037,0.1292642234845328
72038,0.1152294812666361
72039,0.1203495940656805
72040,0.12138366212422937
72041,0.07113956619934932
72042,0.35952205902035334
72043,0.1252617739173337
72044,0.09555293113345269
72045,0.13307558701335448
72046,0.12291146487808678
72047,0.12299240551440473
72048,0.12668994799176472
72049,0.1326827220996288
72050,0.12652911960142305
72051,0.14065999948578378
72052,0.11452421386638571
72053,0.12327324457921121
72054,0.07026757735461044
72055,0.11700665222818368
72056,0.12050653046660165
72057,0.13889291199498402
72058,0.07500247026925363
72059,0.1465422615690044
72060,0.12833888202511032
72061,0.08268409242789372
72062,0.13597997239188647
72063,0.0657489845072262
72064,0.12355571834352859
72065,0.12906213927938823
72066,0.19491483590476347
72067,0.13713592051987455
72068,0.13267723011761018
72069,0.13120773978962924
72070,0.09762730124150695
72071,0.1367785557230828
72072,0.12739791346159332
72073,0.12805457792206482
72074,0.14575350657703914
72075,0.07288083611053892
72076,0.13659205754177953
72077,0.15191489496681815
72078,0.11854762208825342
72079,0.10387762910714243
72080,0.12696887202204613
72081,0.14331081718698252
72082,0.12082031441834128
72083,0.12280461660731593
72084,0.31078795017260347
72085,0.09649996546652043
72086,0.12899303338002352
72087,0.08495912838918956
72088,0.14130927830777992
72089,0.11933313178285794
72090,0.08538919669279185
72091,0.1313942460957255
72092,0.13043740444115015
72093,0.12963344786329897
72094,0.10625460649847886
72095,0.11297818522787036
72096,0.11601363768984098
72097,0.13351547413008294
72098,0.12642761854354528
72099,0.06586425679976834
72100,0.07759589192670396
72101,0.07825303458630883
72102,0.13163853933401407
72103,0.08858271575878554
72104,0.118694068406618
72105,0.11052040113352458
72106,0.1361168860725882
72107,0.12805180828117768
72108,0.11935385513230728
72109,0.3811911254216249
72110,0.130263178781257
72111,0.12854372973046002
72112,0.06939430296561655
72113,0.07812569241857746
72114,0.13027756326426182
72115,0.14951427626474065
72116,0.11737573850534626
72117,0.12617753903146783
72118,0.13039493545179995
72119,0.0733784856437417
72120,0.13362844202087693
72121,0.1163630822572644
72122,0.11075637145746568
72123,0.13082733140187675
72124,0.13448841517215238
72125,0.14662383311846525
72126,0.07436128223782414
72127,0.06297072953711076
72128,0.0821472348112623
72129,0.06681073544265301
72130,0.08102788112171322
72131,0.1371115404767891
72132,0.1287699750205136
72133,0.08043511938716366
72134,0.12400738521638935
72135,0.08820800936747197
72136,0.14576637275309243
72137,0.12835957057211056
72138,0.12238463226476427
72139,0.12526571481501964
72140,0.12192909258260695
72141,0.14212505657533397
72142,0.12036394207737004
72143,0.13083682783073494
72144,0.10429948956501847
72145,0.12996852304791656
72146,0.13045062753668835
72147,0.07363266150810889
72148,0.15023146831220593
72149,0.11818089084229466
72150,0.11785562002265604
72151,0.1369745077182859
72152,0.10671384521994715
72153,0.38691938888189625
72154,0.13405617793798125
72155,0.126436988081735
72156,0.10950715558972253
72157,0.061899963231941905
72158,0.12221189865484744
72159,0.13391096424538132
72160,0.05797149740944521
72161,0.14543382288936402
72162,0.13100555051574095
72163,0.11807541071298305
72164,0.19243718283168082
72165,0.08411565919005473
72166,0.08506027230908332
72167,0.06461145811516256
72168,0.12084934776587186
72169,0.09851223024040853
72170,0.12055633888226455
72171,0.10367501945828282
72172,0.09608183853698067
72173,0.07113352480170503
72174,0.11564763523769189
72175,0.12083355351161813
72176,0.12505476371350233
72177,0.12307089279382007
72178,0.08208892168312897
72179,0.11502838368615693
72180,0.12162628652435109
72181,0.09364801900765322
72182,0.11491811711216336
72183,0.07168342044030769
72184,0.06382758348122404
72185,0.1221429475283793
72186,0.12576816728102355
72187,0.11675020813716024
72188,0.12815991451997508
72189,0.0963770900665104
72190,0.07451295367524657
72191,0.06201625434910246
72192,0.1246610125179099
72193,0.1149682340865593
72194,0.052798388649574896
72195,0.11217210904188686
72196,0.12634418482857093
72197,0.1324778728673825
72198,0.15611128671557722
72199,0.06304778891645155
72200,0.06676051856608672
72201,0.07086118519435054
72202,0.13246421066328382
72203,0.13154337741558148
72204,0.1608775727991672
72205,0.14285901085635228
72206,0.4746866216242005
72207,0.14881780982152568
72208,0.14308425013659282
72209,0.073046449000015
72210,0.06460035448112465
72211,0.4869610665074755
72212,0.08961289658565821
72213,0.11419839087857156
72214,0.12396087806830015
72215,0.12458462858723822
72216,0.12146126220751093
72217,0.13777156349586694
72218,0.10178840827779166
72219,0.1347384335290044
72220,0.2277422556886349
72221,0.08005161501561757
72222,0.09059707670102778
72223,0.1507697892577776
72224,0.12753476012476067
72225,0.1391490580060124
72226,0.11219302335350177
72227,0.07706617519046709
72228,0.1294347646676383
72229,0.13264054612506138
72230,0.13210130731241357
72231,0.11240797986183626
72232,0.09186514759480612
72233,0.07494690586669904
72234,0.07323236182277179
72235,0.06455882880247922
72236,0.1016515904701716
72237,0.12132320749273405
72238,0.13550742317199058
72239,0.0789107627479019
72240,0.06680885371682757
72241,0.3682929050860596
72242,0.13750182867820498
72243,0.1269141207436754
72244,0.13667299256452872
72245,0.12157959802753984
72246,0.13445070812608434
72247,0.15771579448253562
72248,0.12133184844339723
72249,0.06588953658315048
72250,0.12560720043163534
72251,0.12713424886948746
72252,0.12818996681884368
72253,0.12541318008245667
72254,0.124745114728097
72255,0.13230342801301076
72256,0.1327042810031124
72257,0.21313422050732203
72258,0.1308693893747822
72259,0.1197118768565211
72260,0.13654734905560487
72261,0.1238156271160488
72262,0.1310479477423449
72263,0.13604974614491322
72264,0.11907765813912496
72265,0.12811305455432942
72266,0.13085000879709735
72267,0.11669400467551777
72268,0.13111541009357525
72269,0.12179574683916478
72270,0.07309271731236756
72271,0.13103675747136942
72272,0.1206689301614793
72273,0.10115621063737368
72274,0.06714963239088777
72275,0.13483496920607535
72276,0.06701232614727702
72277,0.12171886804688462
72278,0.14619778076721585
72279,0.1061887691399111
72280,0.11225507364914268
72281,0.0690985048671741
72282,0.12293159297665372
72283,0.12476302305658334
72284,0.16796435826567016
72285,0.132379971532983
72286,0.12654657040416825
72287,0.13395131830503326
72288,0.12200475418508291
72289,0.060115005991312115
72290,0.13859251659567426
72291,0.14731674592539423
72292,0.10969034872902937
72293,0.11476416605153994
72294,0.13685225540511267
72295,0.11379252136017087
72296,0.13371203821932126
72297,0.06265939521589095
72298,0.08496618745247775
72299,0.12064834541182629
72300,0.12657497939414353
72301,0.13260753595281613
72302,0.11821205803631231
72303,0.11162568948214707
72304,0.13540612583444384
72305,0.06735956000265171
72306,0.12769283168918436
72307,0.4345807532364162
72308,0.14061787890303673
72309,0.10266690146134796
72310,0.12529824150600993
72311,0.11753180362651934
72312,0.116086694646237
72313,0.13691866252537574
72314,0.08330043971689598
72315,0.11740262984333424
72316,0.10593187803415648
72317,0.11579681527248263
72318,0.062400283730018984
72319,0.1140064088210612
72320,0.1353295290531651
72321,0.08135014744130258
72322,0.1421430509174336
72323,0.12512916723281636
72324,0.12293786197726424
72325,0.14147386557748173
72326,0.04818134810897962
72327,0.06747963016304408
72328,0.13633925036956096
72329,0.10320369751120832
72330,0.0746958298020665
72331,0.11432098487470271
72332,0.13142223934716263
72333,0.0960662482560087
72334,0.10893696078197042
72335,0.13095151554854517
72336,0.07330985291021087
72337,0.15875936377086464
72338,0.11478974011245038
72339,0.1256348962088824
72340,0.08513105769567443
72341,0.05443929786055159
72342,0.13728396627180262
72343,0.37703766461781507
72344,0.12379995635782894
72345,0.13018551925387373
72346,0.10363442587663226
72347,0.15167042034129613
72348,0.09362077887940125
72349,0.1289148895726036
72350,0.12562923951621882
72351,0.13188425797176126
72352,0.12879783467310327
72353,0.09084265877210722
72354,0.09116864046612634
72355,0.06529772812302993
72356,0.13908673903735336
72357,0.15400182640155494
72358,0.14777322092334397
72359,0.12971387901308964
72360,0.1255925775824173
72361,0.11224378719054437
72362,0.09761465397354518
72363,0.11983835624428835
72364,0.12663601163285446
72365,0.15153918437402053
72366,0.06974717074174554
72367,0.1284802064283026
72368,0.11697330809544298
72369,0.1285912517682265
72370,0.3809190187637324
72371,0.06003926038213633
72372,0.13052020564883565
72373,0.13443316273228045
72374,0.1288147228774358
72375,0.030876433507538978
72376,0.1230083596714336
72377,0.0615719403318372
72378,0.14159743167354694
72379,0.04516273822219109
72380,0.08088469680529413
72381,0.13361300219907812
72382,0.07671607140900935
72383,0.07610573289137554
72384,0.07548864546531897
72385,0.10066603466625466
72386,0.10977640783271633
72387,0.09224830341281386
72388,0.1237083755322178
72389,0.12701774382727057
72390,0.12832979076562273
72391,0.13356789949667655
72392,0.04918453091449758
72393,0.13157065463571554
72394,0.08738966644971297
72395,0.11226297407885893
72396,0.0626304235582112
72397,0.11546693212609016
72398,0.13194794701071755
72399,0.07846500312245148
72400,0.1154717670312634
72401,0.12702269521987972
72402,0.12266543308542333
72403,0.1268339551002582
72404,0.12614088135721635
72405,0.12153727440235233
72406,0.08016793187540668
72407,0.13259587825262079
72408,0.11983716129148045
72409,0.12629541339581077
72410,0.12101323282066287
72411,0.12148283729717571
72412,0.0690111897583297
72413,0.1230095793210904
72414,0.09874599857129152
72415,0.11920710484280048
72416,0.12286188046569148
72417,0.1314267932934462
72418,0.14016626678260827
72419,0.12065714792882927
72420,0.12387628959189748
72421,0.06444656258220008
72422,0.09393980162227698
72423,0.328536795506211
72424,0.15071278545283623
72425,0.12817384498124007
72426,0.11592139299997214
72427,0.11407649907025377
72428,0.10044988504011423
72429,0.1638476221195895
72430,0.07802461427392962
72431,0.1342378375507487
72432,0.12554481805712092
72433,0.13343322522889958
72434,0.1421962209357155
72435,0.12964717968917708
72436,0.07134348594506167
72437,0.07093549857561017
72438,0.06185535210970166
72439,0.07011616829367867
72440,0.060141193798038374
72441,0.12651768136717081
72442,0.07059465843767525
72443,0.025025294716893815
72444,0.12398213521664854
72445,0.06824916060777349
72446,0.0952468592190293
72447,0.12176905794172622
72448,0.12782398479422918
72449,0.07946302076501924
72450,0.07042676763664495
72451,0.075765828895407
72452,0.06156315341364556
72453,0.13432230275542623
72454,0.1539656013098923
72455,0.06026411732481636
72456,0.12401411797813336
72457,0.11124968509344269
72458,0.07088144749513162
72459,0.07544255630632143
72460,0.06354820010733145
72461,0.05589956053164973
72462,0.06759025818017272
72463,0.12700535609146552
72464,0.15072267399057648
72465,0.12060960694361295
72466,0.11280512368345233
72467,0.12463551904809696
72468,0.09047897058839115
72469,0.12302556271047685
72470,0.1242693218581194
72471,0.10404327481943547
72472,0.07190336193164838
72473,0.13226972665374898
72474,0.08511983152487014
72475,0.07574480445022534
72476,0.12776013486519147
72477,0.10966891012700593
72478,0.12602285457280965
72479,0.06747657595993008
72480,0.11634268027313435
72481,0.15397285470738076
72482,0.1314575903059492
72483,0.14126651299975215
72484,0.15268082355205345
72485,0.12531077153857767
72486,0.07099311380159898
72487,0.1227867623389505
72488,0.13678110678746994
72489,0.14850068344915077
72490,0.11707919505738862
72491,0.12267849701897698
72492,0.03976165193522723
72493,0.08340409512931622
72494,0.13512834014551153
72495,0.07424529177658547
72496,0.12607461997412575
72497,0.13774315641962576
72498,0.14136079817605945
72499,0.11254157467111894
72500,0.07006434165800797
72501,0.12390183013209471
72502,0.043860211885780584
72503,0.113067201019285
72504,0.12875175291981747
72505,0.08484737231362134
72506,0.14733502326428302
72507,0.13452767636588162
72508,0.1338348494848647
72509,0.05152155770128092
72510,0.06821070200188628
72511,0.11444347845372367
72512,0.06580198943605471
72513,0.13525075128748268
72514,0.09239338450673633
72515,0.111487203957778
72516,0.10696279211962353
72517,0.12301700709065055
72518,0.10807813640019216
72519,0.1221925935685587
72520,0.3355214749112574
72521,0.03946998382065114
72522,0.11651799900784066
72523,0.13172894087167913
72524,0.209253523536291
72525,0.12943872934844228
72526,0.11942169157152698
72527,0.13842041999289376
72528,0.07142557758512753
72529,0.0742472006726503
72530,0.1306328554714464
72531,0.104321764999054
72532,0.12431620315757493
72533,0.06600097918071662
72534,0.06696713271456405
72535,0.12269030748451257
72536,0.12544094450328463
72537,0.06644089584182392
72538,0.13840839440740788
72539,0.12273869078154882
72540,0.28439391188602525
72541,0.07258061209791905
72542,0.06643329977825777
72543,0.11458594420101305
72544,0.10130525898587515
72545,0.12468660732503335
72546,0.12735029462714978
72547,0.07367520385984208
72548,0.07871614849442381
72549,0.13213706049761967
72550,0.12581691921970234
72551,0.12682805060350122
72552,0.11514090165772267
72553,0.046207600730398535
72554,0.12439755627877681
72555,0.13370756120839558
72556,0.11054622523792858
72557,0.11302047132175258
72558,0.07093573480922997
72559,0.3683142118520474
72560,0.5025875805792559
72561,0.12883852803824383
72562,0.047926618442019626
72563,0.12635189489317283
72564,0.11966179975571942
72565,0.11424087828990219
72566,0.0457774747740813
72567,0.08154439885935094
72568,0.0946905902542835
72569,0.11051119045213766
72570,0.025625545360743365
72571,0.1116284055918453
72572,0.12728550544813175
72573,0.10534001026258835
72574,0.11691419332905509
72575,0.1283307505758603
72576,0.17901629873584957
72577,0.12115529305429726
72578,0.12368975533245949
72579,0.12185554970839826
72580,0.06588005892684598
72581,0.11714818958896314
72582,0.09760843690425165
72583,0.13387139580452143
72584,0.13080028610542238
72585,0.07679696451116531
72586,0.07766743594015593
72587,0.14093865496667757
72588,0.045892796583684274
72589,0.12472185857387331
72590,0.07685624093771666
72591,0.04135839377646068
72592,0.14733487562316025
72593,0.08275572032324824
72594,0.047767017995035646
72595,0.03344545837507946
72596,0.10998170044050422
72597,0.13590090308353575
72598,0.10534240390575786
72599,0.06839332706577562
72600,0.12412184190311287
72601,0.11986082942465712
72602,0.13123802547960672
72603,0.12481109397177725
72604,0.33726601622540303
72605,0.09950377986740233
72606,0.4287935239102678
72607,0.07308397962330303
72608,0.1342683688639927
72609,0.06889782377157129
72610,0.13735008157498135
72611,0.12801931899047916
72612,0.14209891210800082
72613,0.08111262607230554
72614,0.12361460379307841
72615,0.12747187075478872
72616,0.13320489843500308
72617,0.11987086281990908
72618,0.11340710908422139
72619,0.13145723007598048
72620,0.07686006730046617
72621,0.11973593743848003
72622,0.12683491557281348
72623,0.12538114031691597
72624,0.15576813117637098
72625,0.11383822577308891
72626,0.12931850517465615
72627,0.0789670748040507
72628,0.128729207664535
72629,0.05138092658340876
72630,0.12401698232856749
72631,0.1444650221918658
72632,0.11500812130334469
72633,0.07503090230724066
72634,0.12285332805746943
72635,0.10909441363451308
72636,0.11789206177408071
72637,0.1527633101551777
72638,0.0650218963405899
72639,0.12300756730971574
72640,0.11135570814998483
72641,0.16205773146159896
72642,0.12376870140948053
72643,0.13172979579395797
72644,0.1515251712647117
72645,0.15073948328081696
72646,0.067244712341053
72647,0.14998519491192377
72648,0.1269132297560439
72649,0.10264351653375635
72650,0.07819697529083457
72651,0.13720711222326387
72652,0.12710842578277826
72653,0.12735967587244829
72654,0.12315290094788114
72655,0.12554228906327491
72656,0.10672904900914866
72657,0.12659276083567633
72658,0.08070374101341675
72659,0.13057795669555589
72660,0.14199439245636378
72661,0.1269976555734399
72662,0.15720110505188176
72663,0.1231822799506265
72664,0.12023028493669047
72665,0.0656147263678933
72666,0.12838758552644322
72667,0.12079765568368477
72668,0.06488529650004296
72669,0.12813784716377988
72670,0.130042583810057
72671,0.0824353589324124
72672,0.03608429793699154
72673,0.12840892607039991
72674,0.1073661804757624
72675,0.061967956797139394
72676,0.11871000127287941
72677,0.13882179166637743
72678,0.07850163462078451
72679,0.12015108796798346
72680,0.15784026992973346
72681,0.15591094502303135
72682,0.07917874748496706
72683,0.05946766799239476
72684,0.12637506842049478
72685,0.10825007213911086
72686,0.08883544360817508
72687,0.12211257810413642
72688,0.11121872666611995
72689,0.12475119614192051
72690,0.13706108155846317
72691,0.14643216707751328
72692,0.08891729518394369
72693,0.12330190486583781
72694,0.23937949557177662
72695,0.11923704158825563
72696,0.12118470704772265
72697,0.10516961733865691
72698,0.1278157346204606
72699,0.07986485243196415
72700,0.12333018996510228
72701,0.11699985715423931
72702,0.12741380522256462
72703,0.1403167657912574
72704,0.07296532129999096
72705,0.08909783086333546
72706,0.12454776075407811
72707,0.057182803568456064
72708,0.12443562338284472
72709,0.13860314294928264
72710,0.06526362897222325
72711,0.11926927958069002
72712,0.1411254488255764
72713,0.11405650008796958
72714,0.1274053684532306
72715,0.07722953575318432
72716,0.11654781242679284
72717,0.07216701808957295
72718,0.1253144141622329
72719,0.07983564599981853
72720,0.08912113277690241
72721,0.12345600988222956
72722,0.07619669252835161
72723,0.04781973749745403
72724,0.1199077380436593
72725,0.13337314912549117
72726,0.12119734963379822
72727,0.13570152424886867
72728,0.0708626747845279
72729,0.034860738271916804
72730,0.1226306939123177
72731,0.07240485512629462
72732,0.1321436027677304
72733,0.06571158806306317
72734,0.14472156088306054
72735,0.11433227216382598
72736,0.1253425033650109
72737,0.12098461006672893
72738,0.11938778609204224
72739,0.11806276882169253
72740,0.06155563092155019
72741,0.1278276093676689
72742,0.08089065794174684
72743,0.16523928121841244
72744,0.3742777257577961
72745,0.12462529421752531
72746,0.09745632578843484
72747,0.14793941612980466
72748,0.12351907312326296
72749,0.13424110264978792
72750,0.10115705011017634
72751,0.17147126507616933
72752,0.13176645339415716
72753,0.10424501704649065
72754,0.10780326291893542
72755,0.07069306979520978
72756,0.060048199050066565
72757,0.06878355402338919
72758,0.11445648130093737
72759,0.119512895167452
72760,0.08504358147935197
72761,0.12047116076237144
72762,0.0683303603464824
72763,0.07281884439257671
72764,0.12070496216656312
72765,0.13082989155397018
72766,0.0954895295616899
72767,0.10211596350828968
72768,0.13094030306569276
72769,0.12549231709872102
72770,0.13192163000941506
72771,0.13494528673772074
72772,0.11492993130421343
72773,0.15025146077315307
72774,0.12251913989496988
72775,0.13024780359111524
72776,0.12740519709820608
72777,0.12520398570067734
72778,0.10876743313764883
72779,0.15587039559005014
72780,0.11757468638823147
72781,0.12815800566127775
72782,0.04178422230370495
72783,0.07327832181190737
72784,0.12046385233334074
72785,0.5018131597077583
72786,0.13374833252841417
72787,0.1353453597323657
72788,0.11951670798074777
72789,0.07566398271509497
72790,0.12714252338044504
72791,0.14490894395340914
72792,0.08227980181792761
72793,0.1158414621817342
72794,0.1224493029156306
72795,0.13163760419108925
72796,0.09347702704819794
72797,0.13037897411504842
72798,0.11604491773685058
72799,0.09494475935091078
72800,0.1182624154288041
72801,0.11428901127089112
72802,0.12925672160191085
72803,0.10273107816740872
72804,0.09159617644811605
72805,0.12548130452881487
72806,0.10996165830920283
72807,0.126886243642587
72808,0.12538683126756062
72809,0.11641300131464483
72810,0.14490681769909286
72811,0.14432850025014268
72812,0.06177013766655982
72813,0.11260115824749027
72814,0.12305165558817895
72815,0.1270229920162522
72816,0.1158459996151648
72817,0.08241590737223962
72818,0.0625315141873465
72819,0.5675469452762817
72820,0.12139636251658084
72821,0.028425661980182506
72822,0.12645063365342707
72823,0.12802022188045858
72824,0.08601740895859221
72825,0.034515549532307135
72826,0.10147606475237822
72827,0.12572685451177779
72828,0.13376405627612717
72829,0.14548797118554377
72830,0.11976582207714516
72831,0.07445860487890561
72832,0.0674099630114715
72833,0.10845289097677238
72834,0.11362535891050066
72835,0.07582815364503304
72836,0.10390542746065135
72837,0.12352820944640407
72838,0.0691630462422308
72839,0.06977708996993354
72840,0.14423712268431982
72841,0.10654579079015447
72842,0.11333735528200395
72843,0.07477004430643781
72844,0.148357376182137
72845,0.11538745899730135
72846,0.13160151591410393
72847,0.13040316390176662
72848,0.1268524584078514
72849,0.12344260979690931
72850,0.10936430171817205
72851,0.13717674090832951
72852,0.11734668563374397
72853,0.05422186925416071
72854,0.06749086652392426
72855,0.13318945421759948
72856,0.120408283857159
72857,0.06214254583383147
72858,0.06309044496292997
72859,0.08606536513995004
72860,0.12259332036344535
72861,0.09915540762642518
72862,0.06791100834134545
72863,0.1479565486321665
72864,0.31822315000109475
72865,0.0641872980421721
72866,0.11885977103900747
72867,0.11982306562804182
72868,0.04939578719647949
72869,0.05609357798778379
72870,0.07472200383321365
72871,0.1357818676518865
72872,0.14209454529619817
72873,0.13381297539573545
72874,0.36518537578493176
72875,0.07301113687569755
72876,0.13031165401808023
72877,0.060378240845004726
72878,0.1224796679824579
72879,0.11000239005434216
72880,0.13219315983670274
72881,0.1151368694037531
72882,0.12761334810237368
72883,0.03642106757912167
72884,0.08530660366361781
72885,0.12275174350036126
72886,0.1408052611063757
72887,0.14875163164015154
72888,0.11912478527924537
72889,0.12857720148124896
72890,0.13631362646369352
72891,0.06899837528802115
72892,0.09051723261743685
72893,0.12888814624250283
72894,0.12005750925647285
72895,0.12569170668788168
72896,0.11501145575881434
72897,0.12796503642014806
72898,0.10066823254477054
72899,0.09382592114971748
72900,0.1352965294154723
72901,0.07970978099092423
72902,0.13142830058901286
72903,0.10969044621747658
72904,0.07952697459935418
72905,0.1331385944674913
72906,0.12009000639441116
72907,0.1321512327622442
72908,0.06918354268239432
72909,0.13556061237773823
72910,0.15593050754477192
72911,0.4879183221108703
72912,0.11995539300577748
72913,0.12478575075274283
72914,0.10492310007258376
72915,0.1362792534801513
72916,0.1287864371369778
72917,0.10962439172592654
72918,0.14146159744017164
72919,0.0819474703279347
72920,0.12032025903206928
72921,0.11024246322417476
72922,0.11934682074350732
72923,0.02960900694444534
72924,0.07689882815951718
72925,0.1485582285716458
72926,0.07867208027080307
72927,0.07567867958711025
72928,0.12718534792291866
72929,0.08703388817751241
72930,0.1274794065029701
72931,0.12467640014218806
72932,0.07372215467373414
72933,0.1292949798061352
72934,0.12821861907468776
72935,0.11789088286593737
72936,0.1353239588050598
72937,0.11301458939989541
72938,0.11901128607263453
72939,0.11730750483397145
72940,0.13121813011403916
72941,0.1272862816749906
72942,0.11976676155912538
72943,0.11036194111908139
72944,0.07187442202861727
72945,0.07372304863550738
72946,0.13416779191265016
72947,0.1317109557542762
72948,0.03436040032340349
72949,0.1242922432646832
72950,0.1224056445275555
72951,0.06067060469055216
72952,0.08303833892403321
72953,0.10180558209489902
72954,0.048595486504307166
72955,0.08027038127018227
72956,0.05687853764765902
72957,0.12585093381098858
72958,0.0512677627656134
72959,0.12551311605149926
72960,0.11863006905897493
72961,0.11229029557227166
72962,0.1366670080118246
72963,0.06975882669415906
72964,0.12218667893036934
72965,0.057737416190580024
72966,0.13674115389296282
72967,0.0679318557515475
72968,0.45082179055652744
72969,0.12296958756571669
72970,0.10085101526371447
72971,0.1372102027895026
72972,0.12332555921214713
72973,0.12536133390850018
72974,0.1340086664506671
72975,0.12284837242140026
72976,0.07620986929831347
72977,0.06043997183595173
72978,0.05627675683967673
72979,0.12848672545685627
72980,0.08710745799122252
72981,0.07072190081856068
72982,0.13736881635607504
72983,0.11974775580456483
72984,0.14099997894272953
72985,0.07469147805156584
72986,0.07690001039143056
72987,0.1473044020874805
72988,0.07349820339174967
72989,0.1285780869951152
72990,0.08346229141967818
72991,0.09723061200085474
72992,0.07475638420495058
72993,0.1214040824821783
72994,0.13266247073575058
72995,0.14387885506949658
72996,0.058967309782821026
72997,0.08236640984235574
72998,0.14464760532226026
72999,0.0983366682699718
73000,0.13332450248490876
73001,0.20020658550332907
73002,0.122226787872144
73003,0.11821463147588167
73004,0.12792261401935656
73005,0.11719331297034015
73006,0.060673640562674415
73007,0.08353233087684522
73008,0.1183963639608026
73009,0.12879611243188868
73010,0.08217491036444874
73011,0.10908715461367044
73012,0.14680660510520172
73013,0.09603362902075956
73014,0.12896667089741007
73015,0.06341806125330457
73016,0.1244469992138854
73017,0.13026553386893813
73018,0.07924760314617842
73019,0.11184349051212203
73020,0.06870948313757026
73021,0.08646223890567219
73022,0.11582320223259848
73023,0.13984272496643876
73024,0.12067878040067863
73025,0.13149188294025393
73026,0.13064815457778425
73027,0.12323525332946159
73028,0.13445402171171827
73029,0.12324594510964451
73030,0.061831525477100795
73031,0.1123112934946118
73032,0.12165782890491356
73033,0.049249098030942275
73034,0.08457541459681586
73035,0.1887686621112296
73036,0.12994934839252695
73037,0.11165759849148678
73038,0.06508455319359469
73039,0.117144921165496
73040,0.1194267381439719
73041,0.11356791634624827
73042,0.12806450953694523
73043,0.12048801311315721
73044,0.12697116706166528
73045,0.1287937159001834
73046,0.08024591693441596
73047,0.08710881044450067
73048,0.10504944253437265
73049,0.06815964286943073
73050,0.13502397830466176
73051,0.1142504799818095
73052,0.09200797019272353
73053,0.13822300594567855
73054,0.11760444735117065
73055,0.1251268393145541
73056,0.10410302196990823
73057,0.09986794770439528
73058,0.12487895507723751
73059,0.13300614472022326
73060,0.12390493142852119
73061,0.1321768410685594
73062,0.1194172481178915
73063,0.11673589770243878
73064,0.08222491817294197
73065,0.1259498981676753
73066,0.06812544958586096
73067,0.07422582997550403
73068,0.12376925170087162
73069,0.13462371756173694
73070,0.12175192967230043
73071,0.12388121361350084
73072,0.1209883415276129
73073,0.14189211363154441
73074,0.03779982755862069
73075,0.08574672325177632
73076,0.12236466022262144
73077,0.08235158904011171
73078,0.13442661803623399
73079,0.14708256337435557
73080,0.07741183547313045
73081,0.06616285146041405
73082,0.10808186429720569
73083,0.1478443754930609
73084,0.11792490032363744
73085,0.12556554660211608
73086,0.12094134423122277
73087,0.1290511898886373
73088,0.06756078990031238
73089,0.142327333431562
73090,0.12720698767382982
73091,0.1261280385510405
73092,0.12913422627326934
73093,0.07463421144768516
73094,0.11916065828928915
73095,0.12285405441258537
73096,0.1370440467257081
73097,0.11162680944084546
73098,0.07631361893078105
73099,0.1260502745742589
73100,0.06237555683076404
73101,0.11269905987293252
73102,0.12754970408597585
73103,0.13394494715828173
73104,0.14953242405914444
73105,0.13739562238379086
73106,0.12586219909920163
73107,0.2998143207581508
73108,0.12281447462354492
73109,0.07990924543450939
73110,0.11754779083219974
73111,0.07735234878236254
73112,0.12849490764216928
73113,0.12134776748525575
73114,0.12875871925651483
73115,0.1224810040200292
73116,0.12086408776985491
73117,0.12918578510576256
73118,0.05977449222161575
73119,0.15047585830576113
73120,0.08403494371925964
73121,0.1273177713502937
73122,0.30620742850552835
73123,0.04960619953588121
73124,0.12898042949252217
73125,0.06290149183453667
73126,0.07900318063376624
73127,0.07384882755029915
73128,0.07274185871749687
73129,0.15761486452037285
73130,0.06538114703675436
73131,0.12916645436052476
73132,0.11269926536234535
73133,0.06804042891396732
73134,0.1075059049058529
73135,0.12649138880717442
73136,0.07060383785207934
73137,0.07796085590403423
73138,0.12886987916241702
73139,0.12576557918853937
73140,0.12321578026005132
73141,0.13959820134239448
73142,0.11199795312069215
73143,0.1101843082291466
73144,0.12188884957060966
73145,0.11941066104151474
73146,0.06891843461860242
73147,0.11178324869590775
73148,0.1258076761741151
73149,0.1307460293640175
73150,0.08611241657491321
73151,0.1237153414328125
73152,0.36094068462015405
73153,0.11799768894501875
73154,0.1253896034396503
73155,0.11947506472855741
73156,0.061688567408713514
73157,0.12854057020789747
73158,0.07944240352660939
73159,0.15664062207584356
73160,0.14173848677493509
73161,0.11233670769616066
73162,0.06527113386362006
73163,0.11195233653606321
73164,0.12729613341314852
73165,0.12960162873039624
73166,0.11139560486245316
73167,0.12943082721272212
73168,0.06680501637004693
73169,0.11925428054425653
73170,0.14572897669530105
73171,0.10788108168726113
73172,0.08205266951840504
73173,0.12620013955756196
73174,0.11771351817317964
73175,0.15807812316098382
73176,0.14052249740187325
73177,0.11037073277983095
73178,0.1131256868084335
73179,0.15350851898412882
73180,0.11907653799732201
73181,0.20448369286762968
73182,0.0859917597142913
73183,0.12084670497294323
73184,0.06636595070293105
73185,0.06540363546713462
73186,0.14257867476718833
73187,0.0673268366702752
73188,0.12099084097452158
73189,0.12585050029925815
73190,0.10752029838606073
73191,0.14251712198854508
73192,0.07706285034155824
73193,0.09908265505945595
73194,0.12920192319269905
73195,0.11397232746413798
73196,0.07218700671388324
73197,0.08516984207557425
73198,0.11423495095608258
73199,0.12109623452398613
73200,0.07264811252778246
73201,0.11977736637889266
73202,0.041516634216009464
73203,0.13346899723437466
73204,0.07734698331156518
73205,0.06807910139637269
73206,0.11907465100490246
73207,0.30905652154742985
73208,0.12780204480215637
73209,0.12350123795847517
73210,0.04922658105438641
73211,0.12606548142861745
73212,0.07359256384587691
73213,0.07814792560446075
73214,0.12297788101461092
73215,0.09669282650566513
73216,0.12356112107536081
73217,0.1482807717642059
73218,0.07566162129502402
73219,0.1318034050257154
73220,0.11214737671853424
73221,0.1278899456479576
73222,0.14320736981674237
73223,0.11466455218751805
73224,0.11455673745416997
73225,0.09038948767058325
73226,0.11359002523583168
73227,0.1438805374648679
73228,0.05043224907750467
73229,0.15453435232875037
73230,0.15670288842661595
73231,0.14133342054602863
73232,0.13423989622937801
73233,0.12858400326041836
73234,0.08374691739741695
73235,0.1271866948091546
73236,0.06486139733209526
73237,0.07026453130071192
73238,0.05459686761653033
73239,0.0663295068448657
73240,0.12388129660940982
73241,0.11278841179776737
73242,0.12047008845166696
73243,0.12671458288998008
73244,0.09725176747953186
73245,0.06968908897272182
73246,0.06310227580949704
73247,0.070964806810459
73248,0.14536943690824813
73249,0.1439199474169614
73250,0.12415408746825914
73251,0.06847026755140384
73252,0.09799131715897155
73253,0.13168145290660507
73254,0.04693914542373601
73255,0.06821944354531638
73256,0.1251644829864904
73257,0.0632187415166358
73258,0.46682636772089364
73259,0.1315015955654301
73260,0.13191537309481755
73261,0.3115986571334392
73262,0.06795633161893586
73263,0.145467793635023
73264,0.1381550486577825
73265,0.11480231472986924
73266,0.11634246257323748
73267,0.07921194967800063
73268,0.09614318076629133
73269,0.0838817984067691
73270,0.11937044619106148
73271,0.11583794784441073
73272,0.1115485705894541
73273,0.1459981429454552
73274,0.07023777235489928
73275,0.06137701236754587
73276,0.06012768557969966
73277,0.08671461180453809
73278,0.1376887856095696
73279,0.11272244367532272
73280,0.07680736366036785
73281,0.11944003149300435
73282,0.15422345978256688
73283,0.09822684174378182
73284,0.12984656281910165
73285,0.08510854392434208
73286,0.1169281010295566
73287,0.07267468448571199
73288,0.08422711939552643
73289,0.08220441464825796
73290,0.12695218699284078
73291,0.07780417277315863
73292,0.0976371332618067
73293,0.13797983651497575
73294,0.12726870400928314
73295,0.12477653626135217
73296,0.08653743364634661
73297,0.08536025441832251
73298,0.10780952778347729
73299,0.13291954691815724
73300,0.06082456778975834
73301,0.15313812357340859
73302,0.10576783167946902
73303,0.12635130358666039
73304,0.11592988940147887
73305,0.1309043816336565
73306,0.062063347367222584
73307,0.1439895353183366
73308,0.1144886737254961
73309,0.08135467387546322
73310,0.07555825829956649
73311,0.12635464266444763
73312,0.11270299356971072
73313,0.11675245920221614
73314,0.13550686681595353
73315,0.1263902018922709
73316,0.15296407463256495
73317,0.12634769734259463
73318,0.13905808056799296
73319,0.13246595417530319
73320,0.12535637302833383
73321,0.13167995563411086
73322,0.13046202854169597
73323,0.10506009990468668
73324,0.09336500058608234
73325,0.115999252086504
73326,0.11947210451139771
73327,0.0796322850869728
73328,0.12629671370779233
73329,0.07194052629747497
73330,0.10692056472713697
73331,0.1190288811850086
73332,0.11696191802809404
73333,0.12486706913403005
73334,0.12699901623572932
73335,0.12777418690981265
73336,0.12021193239419972
73337,0.12702009215456955
73338,0.06103993982096267
73339,0.12039795505950628
73340,0.12832904852922852
73341,0.10717703713098269
73342,0.06358727539512399
73343,0.07033773874526705
73344,0.11701704503174294
73345,0.1440243002689254
73346,0.07590680564967443
73347,0.0986137812062045
73348,0.14237390908690348
73349,0.07340227835593023
73350,0.10808340385890847
73351,0.1264553079813705
73352,0.1358157107220662
73353,0.13173787096126235
73354,0.11070003713428091
73355,0.041660021358997414
73356,0.0668233069500524
73357,0.11085939908767933
73358,0.07635415181899391
73359,0.05944944217682283
73360,0.1229281007202534
73361,0.0721748041618253
73362,0.12319970260968638
73363,0.11125530249591449
73364,0.11176082659847668
73365,0.05971922818138138
73366,0.07690347265786575
73367,0.09532784086630161
73368,0.1315863416476195
73369,0.12871546657476493
73370,0.12192275908745946
73371,0.12860353416121637
73372,0.05293317026886887
73373,0.10844481378063082
73374,0.13261772724307555
73375,0.11798058159922484
73376,0.14922017790788153
73377,0.0702086766879861
73378,0.07463662920890278
73379,0.11487004459825974
73380,0.05009448812999948
73381,0.12698543335729573
73382,0.06805907670426545
73383,0.05645812306548335
73384,0.10585638567629423
73385,0.12244291795459615
73386,0.06190544114664744
73387,0.08854805616624989
73388,0.12470475587037409
73389,0.12507998074822385
73390,0.12806337978873306
73391,0.062147381481009886
73392,0.12726648851966998
73393,0.12877107396999457
73394,0.12209126551511738
73395,0.13779685188647994
73396,0.05792253402421557
73397,0.14463732193522033
73398,0.1252783142330819
73399,0.1273758469384343
73400,0.12890475606555443
73401,0.1435802708122277
73402,0.11507132907902404
73403,0.0771525961076681
73404,0.12097467790730712
73405,0.13394458626047925
73406,0.10654070855824042
73407,0.12266177713267425
73408,0.11358493257298119
73409,0.08246354011348532
73410,0.11862201238036126
73411,0.12160743908635845
73412,0.12892319533847707
73413,0.12844116624482357
73414,0.10422369130386684
73415,0.11994608866830389
73416,0.12363811108636835
73417,0.06225171344046274
73418,0.11018893166631862
73419,0.12712644793472988
73420,0.10615708948310096
73421,0.0859129814293741
73422,0.1165168694433419
73423,0.15246172877995665
73424,0.07324991648898255
73425,0.054348083861566275
73426,0.10875196492180546
73427,0.09991467591767
73428,0.1262137225908974
73429,0.11947144965525053
73430,0.12414910162928727
73431,0.12544898686747535
73432,0.12310870226447172
73433,0.12358733493227286
73434,0.12318741033346073
73435,0.06330015717458831
73436,0.15783148185223925
73437,0.06250820573510632
73438,0.12456334621092092
73439,0.04171700405543138
73440,0.11894189185694827
73441,0.12940153494721737
73442,0.06756077646194547
73443,0.10257837907892561
73444,0.12124883686316883
73445,0.1149006067335717
73446,0.12281594106381181
73447,0.14702235693389423
73448,0.1529313761610474
73449,0.13253000568631262
73450,0.13466660301718697
73451,0.13171769112112497
73452,0.060834525864696176
73453,0.07931811629001638
73454,0.07304794442215573
73455,0.12138718608981848
73456,0.07912392825583862
73457,0.12548688550663048
73458,0.1277384098316525
73459,0.08207785514917836
73460,0.11770114264950488
73461,0.1117460808915499
73462,0.1197023375801135
73463,0.1654554800905614
73464,0.1387043989268585
73465,0.10706071728676629
73466,0.13452023893562784
73467,0.11835442779701849
73468,0.12299204945600813
73469,0.12856468002976656
73470,0.12113166255887896
73471,0.08453232124197373
73472,0.12629238248467975
73473,0.08444858734979546
73474,0.12460323692453819
73475,0.28376235072362316
73476,0.12013714669959258
73477,0.13449779704189424
73478,0.13219767469426763
73479,0.10803557092476872
73480,0.04828318426512682
73481,0.11442900230203286
73482,0.10912570569149072
73483,0.1300799580772202
73484,0.14077642168523272
73485,0.12027573885936992
73486,0.13027939464538418
73487,0.12229577766992782
73488,0.12857989140424975
73489,0.10834022810682344
73490,0.07865876112423616
73491,0.06319461496977216
73492,0.088341295647406
73493,0.038221077801367374
73494,0.09993489116817092
73495,0.1168120641482105
73496,0.12009393083422013
73497,0.12052281774758217
73498,0.12284354402450631
73499,0.11820976244199569
73500,0.07281721953972534
73501,0.11976674888301038
73502,0.1470813125303927
73503,0.5445963377360651
73504,0.08197385609257087
73505,0.1314120925517435
73506,0.04742699673081253
73507,0.06390364313933336
73508,0.11854166463898931
73509,0.07273808233371444
73510,0.1187296406410825
73511,0.06918274320229696
73512,0.12327266710192364
73513,0.12864608169656191
73514,0.11937170243929762
73515,0.11170089397937744
73516,0.06859196898610549
73517,0.08021337965915853
73518,0.07108451539492744
73519,0.1311365403208968
73520,0.07537016473602093
73521,0.11291292596405143
73522,0.0821434896780706
73523,0.14196117809426012
73524,0.07444087920892528
73525,0.09482965420279488
73526,0.11921951281141765
73527,0.37183366384403915
73528,0.14269938099322987
73529,0.13520739491294737
73530,0.07047751094405867
73531,0.1331785605455983
73532,0.12828541317456424
73533,0.13920046278559942
