id,default_prob
53480,0.4219035357907376
53481,0.21561047703931785
53482,0.35633338814511284
53483,0.5823952208118747
53484,0.31709301909626464
53485,0.4391163877239791
53486,0.5283044278477699
53487,0.7055449683301568
53488,0.5906650502525768
53489,0.36964283292065303
53490,0.31285156975835327
53491,0.6907201826077127
53492,0.6106803769138396
53493,0.626396864052239
53494,0.7593720090149805
53495,0.6481113262949376
53496,0.4984010714357891
53497,0.8245307233010997
53498,0.5888065856801843
53499,0.6826489810097536
53500,0.47831042486232994
53501,0.24317698712939984
53502,0.5942890298954714
53503,0.6451234364345749
53504,0.4537734098716842
53505,0.5219697941249718
53506,0.4008245911534348
53507,0.39611974298377695
53508,0.4379299242660923
53509,0.62720529481705
53510,0.17901754868133174
53511,0.5940342014420776
53512,0.3922714287348371
53513,0.4202527527600648
53514,0.41851213826222367
53515,0.3116104947033642
53516,0.45192452170390796
53517,0.5410096527151773
53518,0.5770062017323286
53519,0.5162144579042743
53520,0.5921269323155323
53521,0.5028981952319118
53522,0.33209821658220234
53523,0.5984520534155537
53524,0.7613521779119836
53525,0.6449427841555947
53526,0.525981589652249
53527,0.5329346486181542
53528,0.6986502843424107
53529,0.7112420073975279
53530,0.6462629669416384
53531,0.2506383011469179
53532,0.37767141080307554
53533,0.14341083059742402
53534,0.6910074828751256
53535,0.6224885113642223
53536,0.5697177944449688
53537,0.10160126600543092
53538,0.4124014972783747
53539,0.5991354953745595
53540,0.7596988999836871
53541,0.1371925462453431
53542,0.82046062529115
53543,0.43679304037413935
53544,0.695191685752086
53545,0.741254827879487
53546,0.5097835755849546
53547,0.6665191458117956
53548,0.5767482655313649
53549,0.3810932003722989
53550,0.41656547172141384
53551,0.3689697613904267
53552,0.4051740780006732
53553,0.24328908309826391
53554,0.29660793742657143
53555,0.5567126619292441
53556,0.5297262222730634
53557,0.6550465637490877
53558,0.6929160126270769
53559,0.5707501704425093
53560,0.337983891784369
53561,0.404763580115322
53562,0.39926423450864956
53563,0.5673015255942239
53564,0.3047861267631645
53565,0.6292887345779669
53566,0.20625020713855832
53567,0.44262542678578576
53568,0.7053768074230148
53569,0.5126041821239609
53570,0.45480307033015877
53571,0.5155024452933027
53572,0.5169395631844669
53573,0.5961138508910085
53574,0.5821404607945757
53575,0.7495867625696304
53576,0.7157567707070528
53577,0.23362360435510315
53578,0.8016694876958483
53579,0.2753647630982684
53580,0.45286886690903927
53581,0.4668133297350613
53582,0.40265649966393396
53583,0.3379464519172309
53584,0.5036853406586845
53585,0.22926785384003928
53586,0.407328942834643
53587,0.5908489209032871
53588,0.6281575605178913
53589,0.17504729624690146
53590,0.6615698168485342
53591,0.7034869013478948
53592,0.21806888981464967
53593,0.4628156156885819
53594,0.5345717728908762
53595,0.29860409988333125
53596,0.6351086780825245
53597,0.6801321868601704
53598,0.15024032794510248
53599,0.571731406717797
53600,0.8042896074090865
53601,0.6626239755649557
53602,0.485814522998089
53603,0.5353483084249555
53604,0.7994972725687999
53605,0.6737154120827551
53606,0.7539697358080055
53607,0.49795501668659287
53608,0.17252255551869317
53609,0.431025139269383
53610,0.2169828678666647
53611,0.3590556110637477
53612,0.40568550095601963
53613,0.4089095660623374
53614,0.2087597050234692
53615,0.6588287859018997
53616,0.6306465260385264
53617,0.38465153455953566
53618,0.20504993762173096
53619,0.6213691523284883
53620,0.6230736924729047
53621,0.3705415838416314
53622,0.5753983668326741
53623,0.7401434190006669
53624,0.7196376762451722
53625,0.6945633149489209
53626,0.6566188754255107
53627,0.5270318133018264
53628,0.682353316807596
53629,0.474558772100542
53630,0.3431828888144375
53631,0.2502241075117008
53632,0.5057946479857944
53633,0.27067306308914285
53634,0.5133045141094271
53635,0.35954548922467755
53636,0.6334027772621456
53637,0.5397738416693902
53638,0.45995291942676464
53639,0.4648785612980425
53640,0.6420904395671803
53641,0.5000143298047637
53642,0.741940669782382
53643,0.32728982616326563
53644,0.6109261121737396
53645,0.7118405084437265
53646,0.5130726389769512
53647,0.15480028788745842
53648,0.4437889107985549
53649,0.4890497527550084
53650,0.450286666673678
53651,0.5700034663221717
53652,0.4212684620100161
53653,0.39249968050583184
53654,0.7267587807629263
53655,0.6613753745441558
53656,0.6148008557909317
53657,0.19604483421366448
53658,0.7612002491888934
53659,0.5983892067659321
53660,0.511210171991247
53661,0.7216299265914514
53662,0.47309915032087146
53663,0.5237838275009556
53664,0.3196417210549231
53665,0.6547205359298849
53666,0.6943187536472665
53667,0.6198888687627745
53668,0.1463796863251451
53669,0.4285260637755619
53670,0.19211210914105004
53671,0.16485467365297835
53672,0.31824016286877466
53673,0.4054657269881127
53674,0.33435412047253654
53675,0.727380146728628
53676,0.7196411067825933
53677,0.295841296112924
53678,0.8371638854501852
53679,0.5310537614305344
53680,0.6158956993032871
53681,0.3951591703850842
53682,0.3674996210577326
53683,0.6183580218243274
53684,0.29460112805454275
53685,0.4155487918555184
53686,0.6518367743135478
53687,0.3855995392958088
53688,0.5456726493787588
53689,0.20467685503148403
53690,0.43170360043390593
53691,0.6395090090279585
53692,0.2590749418540708
53693,0.13502225017542618
53694,0.5441808211516638
53695,0.5223425365511903
53696,0.5614379500234775
53697,0.7047588611690125
53698,0.5046955995035827
53699,0.5649367907640102
53700,0.8137092165473812
53701,0.47349980509655654
53702,0.3928578649295773
53703,0.804984196180093
53704,0.48138536211292055
53705,0.2975687431408535
53706,0.48085095963113894
53707,0.4812873082428035
53708,0.6270925966350657
53709,0.5446729016919098
53710,0.4718457981116077
53711,0.5766851346593792
53712,0.4863078397706776
53713,0.6988058296379556
53714,0.6584336943099629
53715,0.5507157458758474
53716,0.5462239553157837
53717,0.779314625663004
53718,0.5230027567706862
53719,0.5488541689174986
53720,0.24246197089232943
53721,0.7549850768012389
53722,0.6539191427742204
53723,0.5169268026748954
53724,0.49003199703697436
53725,0.23530504406386904
53726,0.5406681210909353
53727,0.23017643855292996
53728,0.2751637733179697
53729,0.7415963604910314
53730,0.7558221040098078
53731,0.44203304303597785
53732,0.6835873183754535
53733,0.40306967770955593
53734,0.4792163278671853
53735,0.6102367990495867
53736,0.21364849645538472
53737,0.6220877058305526
53738,0.35836814326392763
53739,0.2166288967055676
53740,0.4576433330168624
53741,0.21225817182612955
53742,0.6350376017210033
53743,0.5910150014738605
53744,0.6674770447093527
53745,0.5191046826788639
53746,0.42114251809113457
53747,0.7236185424245587
53748,0.2196667476663799
53749,0.698755502246825
53750,0.772488297347372
53751,0.599054528739501
53752,0.5241572824217154
53753,0.4485900139799536
53754,0.4744757334252506
53755,0.5030133861922654
53756,0.4997042383376423
53757,0.3842335482317171
53758,0.5676105444183772
53759,0.6178399181387443
53760,0.4297871324519621
53761,0.7076532808502685
53762,0.288104884558903
53763,0.6455563214154098
53764,0.7662463612278505
53765,0.6687324627420077
53766,0.5145503718897393
53767,0.7506077297201781
53768,0.5885537349218042
53769,0.777975533114867
53770,0.3830385642338602
53771,0.4848864114399749
53772,0.3678724353282605
53773,0.5616700891172158
53774,0.7200671950830668
53775,0.607661555871718
53776,0.6485807959284141
53777,0.19527040127598633
53778,0.7166783222116357
53779,0.28084363254548483
53780,0.5161100117339779
53781,0.3327065011964186
53782,0.41052379077373
53783,0.6612731267239621
53784,0.4989142044189362
53785,0.4850036038044003
53786,0.6836712321228975
53787,0.6277762271505329
53788,0.5509091135093113
53789,0.6786528398560314
53790,0.5573064300012491
53791,0.5576694942925955
53792,0.514986476033577
53793,0.5702319344744413
53794,0.329730073604494
53795,0.23830578673622582
53796,0.6682605804235591
53797,0.5472407594869895
53798,0.3180391845383433
53799,0.4455570620559782
53800,0.20869265091077005
53801,0.5666520549558949
53802,0.45187983831195344
53803,0.14339743293913088
53804,0.8033287817000491
53805,0.23010087809457647
53806,0.5409915915885646
53807,0.46876015153394696
53808,0.3005682071112966
53809,0.5026656429896652
53810,0.5028399047763951
53811,0.6241272737830653
53812,0.3607189168882246
53813,0.5431496467207234
53814,0.2839312996796204
53815,0.31564414951973246
53816,0.13260601776154202
53817,0.6411936082938073
53818,0.3144622070215047
53819,0.6094066663572295
53820,0.7059391845968673
53821,0.6108842029000732
53822,0.5207128703416304
53823,0.1876992598481143
53824,0.5999689217578164
53825,0.17407941555298223
53826,0.5547767437948103
53827,0.5497828862269012
53828,0.5266464034188677
53829,0.5207570665327055
53830,0.49742542094148334
53831,0.6483259740190608
53832,0.45071430348728225
53833,0.3104088065688213
53834,0.29817086182619695
53835,0.39586560023121153
53836,0.6713537360271897
53837,0.7050815382073174
53838,0.5697371703945306
53839,0.579232027544076
53840,0.6880492315340743
53841,0.8113654046619627
53842,0.17707678015363393
53843,0.6960406018075451
53844,0.18672603846239488
53845,0.5669812239120802
53846,0.46457731700936244
53847,0.4473272617712439
53848,0.6637246877824391
53849,0.4260999740877335
53850,0.38006936897237575
53851,0.3718506803304741
53852,0.3148362356830157
53853,0.6506855047183311
53854,0.5004985443908172
53855,0.7004189220708271
53856,0.3323414214515311
53857,0.6589373905088557
53858,0.3171706527525022
53859,0.28420295477715923
53860,0.4717486258895127
53861,0.6944880874021448
53862,0.5590848112083158
53863,0.5307220533788655
53864,0.7989975361541373
53865,0.5101035075869674
53866,0.4655864768655224
53867,0.344983906227711
53868,0.557179709108003
53869,0.38277610489989894
53870,0.6331754174577975
53871,0.47918583765465833
53872,0.4880663480649271
53873,0.4758096388343681
53874,0.6919621530537976
53875,0.37706232419844304
53876,0.48959705818578614
53877,0.4970779012327636
53878,0.5815674216935686
53879,0.33587453987332133
53880,0.50836324635836
53881,0.7630444709128434
53882,0.7397521031453148
53883,0.4133450861458402
53884,0.19966705546703045
53885,0.781237980057701
53886,0.2156359234915261
53887,0.2970443120833357
53888,0.5966872567989924
53889,0.5568439805867074
53890,0.5979667902585356
53891,0.41487871288108064
53892,0.7581441487120727
53893,0.5440735773925192
53894,0.6326324736439741
53895,0.22664931720033155
53896,0.573496463475111
53897,0.5801855814442755
53898,0.1626760809296559
53899,0.664011998452785
53900,0.43655387784757504
53901,0.3069697390543281
53902,0.5957946233357747
53903,0.478215876255884
53904,0.6185645106142648
53905,0.36502493211528164
53906,0.2673429773258181
53907,0.23508361059120136
53908,0.5105738795553127
53909,0.3867770784268919
53910,0.5632682164972229
53911,0.2987945661720483
53912,0.827659288333255
53913,0.34705682220745915
53914,0.5503113929074354
53915,0.6318054080050435
53916,0.4794966143809342
53917,0.3441634821000626
53918,0.3303095088654009
53919,0.40642197235320693
53920,0.3184972792801252
53921,0.2644621002510276
53922,0.3024156029453695
53923,0.6233230798592913
53924,0.5136450863809577
53925,0.15764359647904114
53926,0.4929641322495006
53927,0.39507065600895697
53928,0.5322393344374781
53929,0.5304137291562419
53930,0.42020689109025794
53931,0.4343406131106152
53932,0.6158803150045882
53933,0.5218479671491865
53934,0.26806671988580943
53935,0.6921608410832291
53936,0.5931389152437014
53937,0.6582005911692348
53938,0.473551937825306
53939,0.48559409173453505
53940,0.7301750584545952
53941,0.7002542030259911
53942,0.5179612809488615
53943,0.5709940902119632
53944,0.22268451869947603
53945,0.7628457851551727
53946,0.38216472368368226
53947,0.4920528725653522
53948,0.4594960367575153
53949,0.5659126122563806
53950,0.5521987453657783
53951,0.5360124491645105
53952,0.41333506926355934
53953,0.35458504840074706
53954,0.5920510678340032
53955,0.4289809778603597
53956,0.5391532027967805
53957,0.26792612501919966
53958,0.4975279976856198
53959,0.6669371176022072
53960,0.6012159672276257
53961,0.42864485409442554
53962,0.29413317711064324
53963,0.6276972440235333
53964,0.1964236540104352
53965,0.6562645556885525
53966,0.23279112997393403
53967,0.2914712270658722
53968,0.6834121836325306
53969,0.22766164073756284
53970,0.2885075261442222
53971,0.48659450982431474
53972,0.6023486857174225
53973,0.3833689827804894
53974,0.4918112672881425
53975,0.441778912752365
53976,0.530968359725633
53977,0.18675072169361925
53978,0.7959912012551912
53979,0.7709405200123995
53980,0.6055626753079435
53981,0.670184030094668
53982,0.42761289083761567
53983,0.536226572220042
53984,0.5375835938938118
53985,0.4248197627881107
53986,0.5040289156191025
53987,0.48732365001065725
53988,0.1873918658048131
53989,0.5062790810922181
53990,0.3865911685397142
53991,0.604153502942722
53992,0.6154622234962457
53993,0.41903497256814304
53994,0.436861605186216
53995,0.6460694602593385
53996,0.6014189744585058
53997,0.35531609968839606
53998,0.41992462024355126
53999,0.6623149807859494
54000,0.4508545208052035
54001,0.19668985842286585
54002,0.1649833727658182
54003,0.6968717019563497
54004,0.750630946690786
54005,0.46859613075368645
54006,0.35787460828899953
54007,0.6057896837761165
54008,0.5894010301893949
54009,0.36195177602908946
54010,0.26253398056153493
54011,0.4946526006967824
54012,0.6658305901086808
54013,0.4299861259880433
54014,0.21437162425008033
54015,0.4356312633072698
54016,0.19462186111743582
54017,0.19279944282561134
54018,0.3791364875164729
54019,0.6066040018943687
54020,0.6109882069847463
54021,0.4736215070279231
54022,0.5375235384522661
54023,0.6228370931611442
54024,0.3523103844923597
54025,0.591224151105446
54026,0.44915381236400753
54027,0.7643751984569955
54028,0.4583602851661357
54029,0.4186691683413199
54030,0.15468492297149955
54031,0.4205210420997244
54032,0.44308534059730253
54033,0.596195377857872
54034,0.7954985410469231
54035,0.5913681816124301
54036,0.15976406175906288
54037,0.7771514606484937
54038,0.5109202522889976
54039,0.2946144385526251
54040,0.43365332712146804
54041,0.10018363060086236
54042,0.3809641823369021
54043,0.5116057165275666
54044,0.6260157232470575
54045,0.5921652439595712
54046,0.4565496098339545
54047,0.6264649362012498
54048,0.21232218919099632
54049,0.7894008598558784
54050,0.4060915195783673
54051,0.19645865901249135
54052,0.6121061720022648
54053,0.25497956683253836
54054,0.24939906028871375
54055,0.22342727957930136
54056,0.4343161423509597
54057,0.5802904306035308
54058,0.49711779561610314
54059,0.2518415727270794
54060,0.7368641206414129
54061,0.46668322190138894
54062,0.5061509546823866
54063,0.45254237104981115
54064,0.265367956973461
54065,0.19457358007674283
54066,0.6608604969668433
54067,0.6355121697801975
54068,0.7227498066770343
54069,0.18448486373398218
54070,0.5666766957537561
54071,0.5480064144914518
54072,0.5204947846525919
54073,0.38088308228210854
54074,0.3736736380243725
54075,0.5886855238196423
54076,0.6094815680627943
54077,0.8041458682787217
54078,0.49447474062853697
54079,0.3843683339031257
54080,0.5336106556644605
54081,0.4091501582493003
54082,0.657649178443809
54083,0.41925251373877637
54084,0.7977169775973547
54085,0.5499177016614161
54086,0.5532476396989239
54087,0.5556809295521753
54088,0.4743784879632659
54089,0.2708193761232209
54090,0.6118014698986398
54091,0.7312817142558339
54092,0.7113863602159368
54093,0.5408833447692073
54094,0.47798157118024337
54095,0.41643467055614797
54096,0.2929604555510848
54097,0.6408242935875278
54098,0.5931621724452162
54099,0.30667604303760665
54100,0.601507657115802
54101,0.3772778076095964
54102,0.4254183192820978
54103,0.5381513135023636
54104,0.26481041896387114
54105,0.47249412497988796
54106,0.5268782989440011
54107,0.5679325147016188
54108,0.5075727311267034
54109,0.4863466219171835
54110,0.5335827729293847
54111,0.551614165321898
54112,0.388223837140933
54113,0.2608192789351218
54114,0.5407345937971385
54115,0.18316476330926793
54116,0.508722006570194
54117,0.40923168232976714
54118,0.6130847290490308
54119,0.4654692297991974
54120,0.397322953130651
54121,0.5313358407057365
54122,0.22037597534827305
54123,0.23458937324277235
54124,0.6524454127320516
54125,0.509023696067379
54126,0.4634084247614033
54127,0.5085128697136719
54128,0.6214191470220947
54129,0.5875881463227496
54130,0.34588836603075074
54131,0.559627318696582
54132,0.6608026053527016
54133,0.20175154493188538
54134,0.44928897658386546
54135,0.6363011543167975
54136,0.3153390682837621
54137,0.31759579245312
54138,0.5041351486479987
54139,0.5597325654842792
54140,0.576832533026212
54141,0.5824795482355226
54142,0.7932857968866868
54143,0.716114754280176
54144,0.5918635687270418
54145,0.640553197234975
54146,0.48006206546020463
54147,0.47418055889436667
54148,0.6257627924103405
54149,0.3441705037196324
54150,0.3045995418882543
54151,0.2005366243866373
54152,0.5383197823942489
54153,0.18755781016910317
54154,0.4008992907419249
54155,0.3230833867491939
54156,0.4810578584642174
54157,0.5143677924878772
54158,0.5539422029600233
54159,0.7475184407625521
54160,0.5423883233757132
54161,0.8326901657918482
54162,0.7706767670975847
54163,0.6767953263859423
54164,0.39917094128598085
54165,0.37034271811744995
54166,0.18882702345095786
54167,0.5040755782455109
54168,0.34525546125546336
54169,0.3275927788065296
54170,0.5471578896760786
54171,0.4837296928437197
54172,0.608953213982626
54173,0.45661155582394997
54174,0.5528637203024769
54175,0.5817879830549597
54176,0.3303440595347512
54177,0.5985109681411501
54178,0.7173445816915962
54179,0.733279469588335
54180,0.5781764972319499
54181,0.23683893891917956
54182,0.5717511548891301
54183,0.4453858084308257
54184,0.6273071143592391
54185,0.7564069420748645
54186,0.7059035129261446
54187,0.4515234096690113
54188,0.6195088118872292
54189,0.46200523750706046
54190,0.5135672662462051
54191,0.3405788428907648
54192,0.5639405945763681
54193,0.24485678824884022
54194,0.22690729432128467
54195,0.47211432590454927
54196,0.7548296950646874
54197,0.15680774241979012
54198,0.5947194737007234
54199,0.17471080315936485
54200,0.63553900784039
54201,0.6473515610829461
54202,0.27344924706744067
54203,0.4160424612972042
54204,0.753361381584502
54205,0.5070723184492327
54206,0.4155866223558448
54207,0.5963807307675273
54208,0.4308088107633823
54209,0.5362087907988389
54210,0.33619449319100625
54211,0.1943748594928325
54212,0.314653332866776
54213,0.22820341267573116
54214,0.756207085042805
54215,0.4045964865552135
54216,0.4645020151074527
54217,0.5695590804314121
54218,0.4059552701912885
54219,0.5119954063873204
54220,0.3025162702779772
54221,0.5232357818838111
54222,0.451478321208232
54223,0.18226609220343104
54224,0.36449492318740345
54225,0.23120524657924418
54226,0.508013528799707
54227,0.17499005923197036
54228,0.6376141612870285
54229,0.5649131784105945
54230,0.7058832355461762
54231,0.30628509704327816
54232,0.5636989266533449
54233,0.5206844788513795
54234,0.25532324427676645
54235,0.4406093885444839
54236,0.4036399331817633
54237,0.23124268380019455
54238,0.20118491267902028
54239,0.17064308289101504
54240,0.5337211178804875
54241,0.4426508157021115
54242,0.26169277000015384
54243,0.4359768743547278
54244,0.40884998961062413
54245,0.21996155784224386
54246,0.5821704248824777
54247,0.5442657825731507
54248,0.38038612977599384
54249,0.4220661171976002
54250,0.2720023203683337
54251,0.41167781484980037
54252,0.3449180074040731
54253,0.503662186108341
54254,0.5830759912351348
54255,0.23664401443974686
54256,0.3857776236894581
54257,0.6904365731232855
54258,0.3759231775265145
54259,0.17514963859482666
54260,0.30339473962218766
54261,0.16630504865806967
54262,0.438730273902723
54263,0.6865794668405517
54264,0.5756222406112665
54265,0.5025349531214819
54266,0.21067412695380874
54267,0.20532487114417797
54268,0.21877528959711667
54269,0.5216495904860986
54270,0.5796219720490646
54271,0.3652914768080765
54272,0.5715274420571707
54273,0.23615323063258795
54274,0.29453126338980795
54275,0.480170208872898
54276,0.366584095394851
54277,0.31518998118633296
54278,0.4441932870457316
54279,0.4484000814877367
54280,0.25176172922216244
54281,0.2529723399889658
54282,0.3482299105621217
54283,0.5239882163680913
54284,0.752768518396612
54285,0.8832298472400628
54286,0.6855527044969548
54287,0.6693922513491597
54288,0.652316112287705
54289,0.31026836372727373
54290,0.21907156732441815
54291,0.6001497728437485
54292,0.4740867618654607
54293,0.2802284686954763
54294,0.4827021057269971
54295,0.5818121544266277
54296,0.5492050582846826
54297,0.7786917104278914
54298,0.6995375261288198
54299,0.5127549144262911
54300,0.4281220546951602
54301,0.7940779357622059
54302,0.27676974387132147
54303,0.41175587936445485
54304,0.5226413729954962
54305,0.5189827155994938
54306,0.5127490573416854
54307,0.4728557455690144
54308,0.5662316696190087
54309,0.468323656754301
54310,0.2509431974005754
54311,0.6632781405312785
54312,0.33440853759664557
54313,0.600183331984924
54314,0.5726755755544153
54315,0.5725735769732101
54316,0.7320452650992346
54317,0.5204199675490216
54318,0.4869219366109465
54319,0.4987133324977797
54320,0.36242314321053126
54321,0.6470584197404272
54322,0.2581377228429493
54323,0.558746256972078
54324,0.6229326566100631
54325,0.436269900633679
54326,0.6924388903011258
54327,0.3028867782448602
54328,0.7187108818065262
54329,0.6260502097008401
54330,0.2145438586357007
54331,0.36933765405276187
54332,0.5531086867488122
54333,0.5790011511851282
54334,0.7211719667560202
54335,0.5194663448202846
54336,0.6514557446669895
54337,0.5111564316371338
54338,0.4019385756892302
54339,0.6294718332619739
54340,0.5968368812150892
54341,0.1714569431023261
54342,0.7252079720383393
54343,0.4503275883311312
54344,0.2309932724946567
54345,0.40549108770063
54346,0.44087720169787425
54347,0.4560182807535087
54348,0.16984108234142445
54349,0.37358892659978854
54350,0.5375855177087031
54351,0.43472679890649296
54352,0.4909592256820226
54353,0.27229587227826724
54354,0.36935832495312326
54355,0.14463917109474334
54356,0.5126388695384498
54357,0.5699335183634961
54358,0.4252807897298454
54359,0.6193959259046361
54360,0.6436538180785452
54361,0.716179822775088
54362,0.3673102146682023
54363,0.12721835258042727
54364,0.5971701025268727
54365,0.6486700202601442
54366,0.1658464829220589
54367,0.11571145967543181
54368,0.7085747600144232
54369,0.6182813149406984
54370,0.584617739052083
54371,0.3655489125400335
54372,0.17684581627797985
54373,0.7061931241466232
54374,0.3046175231187749
54375,0.5246998480008978
54376,0.5947993836700742
54377,0.45500124989906054
54378,0.649732975492425
54379,0.4221234544391295
54380,0.3609954362238487
54381,0.6248495495546093
54382,0.7251001094794917
54383,0.6469103960350772
54384,0.23343136851121188
54385,0.7078510373889102
54386,0.7066863362399143
54387,0.5165341245691583
54388,0.5828380724316584
54389,0.5390472600357538
54390,0.5091078857535258
54391,0.5982815142735608
54392,0.28572960736982994
54393,0.33288684448704914
54394,0.27249941053294596
54395,0.5923189531130757
54396,0.6236369187630735
54397,0.7797491310015178
54398,0.36532958464283605
54399,0.5465303817421188
54400,0.8475866273236532
54401,0.5421350772828257
54402,0.20203503983731702
54403,0.6981547798463752
54404,0.7568500064639523
54405,0.6941026944165154
54406,0.3610852661728874
54407,0.5994601955544292
54408,0.6532386237225853
54409,0.7619133229922933
54410,0.3805033628509771
54411,0.6317334520998623
54412,0.2586611093185048
54413,0.31023717803381656
54414,0.3676895441343189
54415,0.6975141952182988
54416,0.6883968457390672
54417,0.6433360775877035
54418,0.3856507415598892
54419,0.5570861924640359
54420,0.7424290591933832
54421,0.4551036294329418
54422,0.595583033064883
54423,0.287555537000709
54424,0.6951271365403544
54425,0.4569366515582836
54426,0.16762338551398825
54427,0.26149910259285347
54428,0.5812507653246756
54429,0.3484823866920772
54430,0.6037847056455572
54431,0.5317397965262536
54432,0.5525707856000518
54433,0.17452485053555283
54434,0.6077348680743876
54435,0.3892369298259229
54436,0.42607735669935554
54437,0.23710983657464013
54438,0.5213803951662183
54439,0.4514471862657675
54440,0.30905380415779166
54441,0.5573475521743733
54442,0.47013139612656624
54443,0.7038927180137348
54444,0.6573893841563576
54445,0.4328740155790226
54446,0.4730143462885192
54447,0.5956363973191215
54448,0.37769354805222943
54449,0.40540536514961584
54450,0.3413465884099353
54451,0.5605834133106147
54452,0.6322156456909078
54453,0.44931936258127625
54454,0.44973131873962313
54455,0.6181236951880319
54456,0.5558752479896212
54457,0.8130065855111835
54458,0.6745497566855405
54459,0.6975907354377718
54460,0.3835507781000511
54461,0.5816492476198929
54462,0.48725302234768103
54463,0.4407355788424212
54464,0.5914196753690513
54465,0.3007197354356213
54466,0.5905287807142436
54467,0.5373128732009707
54468,0.14763527117214556
54469,0.46401233354975024
54470,0.5399115447184439
54471,0.1693439800878501
54472,0.6744816678319012
54473,0.29205374723871474
54474,0.25863335710470675
54475,0.5778180639578525
54476,0.4214514758250175
54477,0.5523779167516955
54478,0.4861472342373191
54479,0.37306038920861334
54480,0.2671067332382248
54481,0.6650212447388383
54482,0.4201023679554683
54483,0.49856262496740034
54484,0.47076968992786095
54485,0.5487837734001058
54486,0.2656284795075112
54487,0.4831797866576128
54488,0.5382826814765183
54489,0.4248683443230769
54490,0.425722504671985
54491,0.5830327268170694
54492,0.7503305319890359
54493,0.6828133840522924
54494,0.41490121297426674
54495,0.6436387395234928
54496,0.3476898930319341
54497,0.3129278776783707
54498,0.7322364177102962
54499,0.4435914323592847
54500,0.3179769575047391
54501,0.5064718120935432
54502,0.7528101618991421
54503,0.20175100651974237
54504,0.45555485547700714
54505,0.39027105412413077
54506,0.47157468661212026
54507,0.10125301566718814
54508,0.2632702743362351
54509,0.5403984580624943
54510,0.3391288196232728
54511,0.22631166178392192
54512,0.5750758880884729
54513,0.5137926738532843
54514,0.3808692278941761
54515,0.5921363260533483
54516,0.23014124123845175
54517,0.662163482120663
54518,0.5736733669614698
54519,0.6225959874657441
54520,0.3572352745626306
54521,0.15611517534954597
54522,0.16818334257915477
54523,0.46393117699767034
54524,0.5365277189084929
54525,0.48484742317691054
54526,0.6527194062943392
54527,0.6008352717281015
54528,0.4186860442459373
54529,0.22176058943038268
54530,0.15711888280279585
54531,0.22104674682213218
54532,0.6080192703154226
54533,0.18164275708767896
54534,0.5338037878136117
54535,0.28670473823753
54536,0.41107020856876897
54537,0.2752444385180695
54538,0.13539509781843634
54539,0.6958042891074082
54540,0.5180901514687927
54541,0.530200852964234
54542,0.27537722316928603
54543,0.37063538002857266
54544,0.496299068634259
54545,0.6318358897066148
54546,0.36341905018363674
54547,0.46393544090398486
54548,0.756810227027692
54549,0.6131598779969033
54550,0.5984728582449819
54551,0.41108704801588114
54552,0.4177075641574036
54553,0.2661982815940178
54554,0.41333446953208897
54555,0.2482172632933246
54556,0.5415362221271754
54557,0.48893756630674295
54558,0.4848298773876657
54559,0.331219832945102
54560,0.596215015375534
54561,0.22147778955101355
54562,0.5285783401339154
54563,0.6857392379451407
54564,0.4018807862379502
54565,0.227138491789116
54566,0.6026657234574412
54567,0.24151368715027746
54568,0.6167460515202335
54569,0.5775185579316611
54570,0.15648674161905884
54571,0.2605162326396297
54572,0.43342751970836924
54573,0.20253003605418074
54574,0.6461706736640944
54575,0.2948348258048133
54576,0.5652035865204009
54577,0.20644951438667056
54578,0.6189596861747227
54579,0.3920932623789983
54580,0.6829062211326113
54581,0.18581746947593408
54582,0.4898068849320098
54583,0.5020404915527308
54584,0.5292335009418262
54585,0.3396726858952387
54586,0.6595719478870166
54587,0.6079739559253956
54588,0.5054165493294291
54589,0.41120699241537273
54590,0.4992048521800815
54591,0.16187595003365507
54592,0.385594512836018
54593,0.5110225190807853
54594,0.5437563508904313
54595,0.6518255390748786
54596,0.42314089255908305
54597,0.3591773432971093
54598,0.48597295864963364
54599,0.4709921077067467
54600,0.39189294847593714
54601,0.4764100389397913
54602,0.538110483910151
54603,0.5758237966209835
54604,0.5358606478925778
54605,0.5317852293834616
54606,0.7900071743089745
54607,0.5338214167145259
54608,0.3775557992454528
54609,0.2175360488285823
54610,0.4509252691539227
54611,0.631618672610474
54612,0.2429019771958719
54613,0.5323238243555932
54614,0.712770521895209
54615,0.20892580577320752
54616,0.2995341984468266
54617,0.4907240119875259
54618,0.27951980972135554
54619,0.6672884803969017
54620,0.39922371866564615
54621,0.46937832865160634
54622,0.26983806486348283
54623,0.22586355076759673
54624,0.18202978376190773
54625,0.39591839016059643
54626,0.6044705288181896
54627,0.4159573910566817
54628,0.28495624918526796
54629,0.5352191336889894
54630,0.5590575210870773
54631,0.4169047972205525
54632,0.3922823523348027
54633,0.1532168044358373
54634,0.42689863086213253
54635,0.36314281021133843
54636,0.6557007608579641
54637,0.6547020592061388
54638,0.5987040516621167
54639,0.5175304872391941
54640,0.20257993891457507
54641,0.26898033074262145
54642,0.5353735791835601
54643,0.34537418165640954
54644,0.17932832768177182
54645,0.6545400841450133
54646,0.2972242798541726
54647,0.5337517702550552
54648,0.4946709188736234
54649,0.09215837661738585
54650,0.26487590921839144
54651,0.7625511600045766
54652,0.4206570377229205
54653,0.5492129566112336
54654,0.31601923412340266
54655,0.20198639990465095
54656,0.21365607549296012
54657,0.6965005880887252
54658,0.5647398671038552
54659,0.45567277663366573
54660,0.5927984494276552
54661,0.543040598934653
54662,0.2818274217627526
54663,0.6494838163914064
54664,0.5746072596168318
54665,0.6432485536888064
54666,0.3609445803704442
54667,0.30273489102940165
54668,0.2703446390406365
54669,0.5169305416951239
54670,0.5290785469737792
54671,0.4786292694189511
54672,0.620468282210922
54673,0.6468163429994901
54674,0.3806995617513273
54675,0.3072504170125996
54676,0.19811779299567334
54677,0.4124317627365468
54678,0.32356653513120814
54679,0.21568004903335491
54680,0.4130556850908237
54681,0.4228112294189711
54682,0.5307639935367287
54683,0.5268721157418554
54684,0.28095224205380237
54685,0.22292928887492436
54686,0.8163883086480038
54687,0.5270993951893388
54688,0.3432391261207942
54689,0.8222608746118769
54690,0.7108970066639899
54691,0.5657517324971338
54692,0.7780746834112817
54693,0.12384803876160944
54694,0.5366168962082642
54695,0.803431256161584
54696,0.7669131601001022
54697,0.46346575200961654
54698,0.5375021197715356
54699,0.39925806940540565
54700,0.16378012049904414
54701,0.5435140747962655
54702,0.25948061990363996
54703,0.2033772032109305
54704,0.8725571370750449
54705,0.4647273576315836
54706,0.6746535646549575
54707,0.5906182603565797
54708,0.5532892929651708
54709,0.39905337708329336
54710,0.20261126488500944
54711,0.45239940309877763
54712,0.3428049291564108
54713,0.6747131212510317
54714,0.3871084126123625
54715,0.6585463534737799
54716,0.4092797117915117
54717,0.7262107363620849
54718,0.6471058936247392
54719,0.28694762901415555
54720,0.5545022886592854
54721,0.44671121892778776
54722,0.46828371236710353
54723,0.3426967476829453
54724,0.1578618076588646
54725,0.7002173030092543
54726,0.5536793239328628
54727,0.512903785620835
54728,0.4773472695762381
54729,0.16955014401500593
54730,0.4719100527854011
54731,0.6487058532997526
54732,0.6572663591294903
54733,0.6778705524030855
54734,0.4393961495485699
54735,0.6280621634903375
54736,0.7890839403059267
54737,0.31896137777011874
54738,0.4033128140936851
54739,0.5298251989060245
54740,0.6447222435260803
54741,0.512483067530059
54742,0.4132350132668321
54743,0.45270120103399875
54744,0.4646996776546197
54745,0.6514126262667124
54746,0.7107944743932954
54747,0.48049161683180674
54748,0.6126954179619233
54749,0.5134289072724659
54750,0.5081975546563754
54751,0.6331845035703593
54752,0.5517627498168268
54753,0.16633672840689373
54754,0.2827455780362595
54755,0.6280580189973195
54756,0.42936122047260605
54757,0.19783186109141043
54758,0.2136796301592393
54759,0.48036676411023393
54760,0.5220990578880966
54761,0.3414955405491874
54762,0.6019998104692854
54763,0.5300451464869093
54764,0.20322536970094462
54765,0.2291260800982034
54766,0.7175616697162406
54767,0.48927070466479194
54768,0.6524831010417651
54769,0.3126682068086421
54770,0.4613601573947811
54771,0.1873980796782278
54772,0.5130582129132605
54773,0.5295317332948069
54774,0.19580977852401119
54775,0.24481124006830823
54776,0.3859568846580159
54777,0.6125453411705741
54778,0.45194809586133045
54779,0.5495819123299084
54780,0.2934050051099162
54781,0.29488303735554167
54782,0.8054508105284353
54783,0.6921520233202918
54784,0.5727226201986396
54785,0.6488441969567461
54786,0.6183889432742724
54787,0.36837645622645676
54788,0.5882869049766554
54789,0.32609559814845046
54790,0.501442255375038
54791,0.23893270078545475
54792,0.6408683806418665
54793,0.18340729741677725
54794,0.2288085235018476
54795,0.21942274959983005
54796,0.4359760669109699
54797,0.7535778838720331
54798,0.20023089598338384
54799,0.7616474417943833
54800,0.6641855015414502
54801,0.43975760833161126
54802,0.5518917641081049
54803,0.23177184711400345
54804,0.571867983518443
54805,0.5531693317629479
54806,0.4451722484284079
54807,0.39588442532530743
54808,0.5021497704950184
54809,0.5399387548348138
54810,0.12129121931996234
54811,0.7290672881430211
54812,0.6037306791413316
54813,0.6832819533613415
54814,0.6418214303210734
54815,0.18580907867463942
54816,0.2431363821091218
54817,0.4344086397615742
54818,0.7836321956764569
54819,0.66002670938754
54820,0.5478569668799507
54821,0.4223993951069155
54822,0.3303859875766654
54823,0.500726645884185
54824,0.6297002659963754
54825,0.5351726890894856
54826,0.3197904318823457
54827,0.6310849410948236
54828,0.14092367896860475
54829,0.239965241034998
54830,0.7530670722425786
54831,0.4764828936682308
54832,0.6538837465492309
54833,0.276397184422818
54834,0.17327512064341813
54835,0.7537394758149565
54836,0.1838064893158151
54837,0.6621069064571412
54838,0.19538678361554646
54839,0.21451129089489152
54840,0.21480285700932616
54841,0.8511963368945559
54842,0.6159082247964214
54843,0.6438790720334051
54844,0.3489079273122377
54845,0.18534738172441287
54846,0.5903454337561311
54847,0.33518161493553944
54848,0.5152707643715816
54849,0.4920180479505877
54850,0.5321166264829871
54851,0.6226419531270233
54852,0.3499908695252396
54853,0.26905697647331034
54854,0.660826792132795
54855,0.6286234642209372
54856,0.5717957744376898
54857,0.5190756289522703
54858,0.19700438858267744
54859,0.1450250165164374
54860,0.29156713269382994
54861,0.5449662064694416
54862,0.0889605422605141
54863,0.4042117120781179
54864,0.5605595977742261
54865,0.7110876844383981
54866,0.2684521735880379
54867,0.199513025148226
54868,0.4415228418136779
54869,0.22565048128955795
54870,0.5784562906700641
54871,0.4696961945091556
54872,0.34443909983824306
54873,0.6153595402030803
54874,0.6384868717299664
54875,0.4383761400904766
54876,0.30926681955266005
54877,0.2381365790848916
54878,0.5566706354663712
54879,0.23770403887874098
54880,0.49100540017764044
54881,0.6024958583835323
54882,0.20566603503457603
54883,0.5938253126204299
54884,0.40374517781692026
54885,0.5964859208592878
54886,0.6319080444415837
54887,0.2692166350171129
54888,0.3121096099259797
54889,0.7200896837992719
54890,0.4703258735263769
54891,0.43623771547015233
54892,0.38959305548877843
54893,0.8076391726301171
54894,0.7410147167266667
54895,0.2977305810707908
54896,0.36489375865188556
54897,0.39974367216760104
54898,0.7802314066594829
54899,0.34402951784533986
54900,0.7035697065473618
54901,0.3881340857824973
54902,0.6490780089968802
54903,0.34032110097862667
54904,0.41192918115840127
54905,0.2919472589331747
54906,0.6481423832478936
54907,0.3443684291903665
54908,0.3379963420129426
54909,0.5080701266073295
54910,0.27725845509954117
54911,0.4123869374384941
54912,0.5069131155766207
54913,0.4792675289160423
54914,0.7360446446427928
54915,0.3235554571407331
54916,0.17890060862572885
54917,0.24810351768767547
54918,0.2574328530483212
54919,0.31460517973605223
54920,0.5729562851962406
54921,0.4652025217580857
54922,0.4556105677040145
54923,0.5453136121031289
54924,0.17058507632073572
54925,0.5918998647487854
54926,0.4967067797423376
54927,0.43111919628340845
54928,0.5375910854360149
54929,0.28780668792957326
54930,0.4761590318800203
54931,0.5254365855203414
54932,0.3916520197837888
54933,0.2244274160859447
54934,0.29835685036183646
54935,0.44752029746513466
54936,0.17069185399852024
54937,0.535186790149387
54938,0.43889661926015866
54939,0.6476249078869496
54940,0.452026458043087
54941,0.5042123010331845
54942,0.6120509111307337
54943,0.20657922150122462
54944,0.5812227754042603
54945,0.48859438655334875
54946,0.17668215573230123
54947,0.6963215335465944
54948,0.4042356867803754
54949,0.5041501315874398
54950,0.42078620625966723
54951,0.17164509605530343
54952,0.45899674634829046
54953,0.6664219616593687
54954,0.6798952672696188
54955,0.4349963141335428
54956,0.24460777822265628
54957,0.3429491176349285
54958,0.3154232802884103
54959,0.44062572466369765
54960,0.3055469914075012
54961,0.5422117415515729
54962,0.4690014521430027
54963,0.4891587141271651
54964,0.44015716415608075
54965,0.39576785623785227
54966,0.39897152031814787
54967,0.722579278629081
54968,0.6185150468022812
54969,0.6569618307262428
54970,0.6333318271654661
54971,0.2693458886947491
54972,0.40123011530373176
54973,0.3405970963124458
54974,0.33317157249636975
54975,0.476261106242171
54976,0.6108704345074558
54977,0.6371769153692572
54978,0.4786213073119243
54979,0.68003270720854
54980,0.5129497893331211
54981,0.5811242439546936
54982,0.4184745529081766
54983,0.5459954729593416
54984,0.65051694472459
54985,0.5358747515062471
54986,0.5352856829331085
54987,0.6438172424592579
54988,0.5085228176393176
54989,0.7046067042116504
54990,0.49626872151820045
54991,0.4856575678424456
54992,0.533198838499988
54993,0.6461066685071095
54994,0.4403388527709731
54995,0.16938202070356057
54996,0.35760460303157504
54997,0.6321576799769988
54998,0.5217549026028436
54999,0.5892422781015529
55000,0.4252397793444273
55001,0.37919272744298316
55002,0.45998916643312693
55003,0.5141904998512496
55004,0.2975622714030326
55005,0.5892704245586494
55006,0.2740137035420381
55007,0.3093037715838504
55008,0.3127356710704269
55009,0.13132440337838072
55010,0.4719564967646115
55011,0.5159960263128651
55012,0.21085632207182087
55013,0.6255713213192147
55014,0.3318590127082243
55015,0.30329901485904204
55016,0.663211595806456
55017,0.4782043987470157
55018,0.5592445782134225
55019,0.17800349893844297
55020,0.35545755956715125
55021,0.8198563189855855
55022,0.307539934657522
55023,0.49967336853113004
55024,0.4915145614614802
55025,0.3153510143804921
55026,0.5475633716438046
55027,0.1587670661786573
55028,0.5744579456906769
55029,0.4842398338552566
55030,0.5044873758203519
55031,0.45505679729838017
55032,0.5162087231861364
55033,0.44409940322997526
55034,0.6761049086275818
55035,0.6236366490337047
55036,0.14964375253368117
55037,0.5179028946141356
55038,0.5469730118166469
55039,0.1738953064728717
55040,0.6207783700958106
55041,0.5118898526527114
55042,0.6372394739619464
55043,0.3610956483329076
55044,0.34703256844501257
55045,0.48681602881682806
55046,0.49838962133363895
55047,0.4390670270498156
55048,0.30542229474929183
55049,0.16238288734184247
55050,0.18524602696063755
55051,0.3543742530210644
55052,0.18184631357302
55053,0.6745708902439265
55054,0.5020078211522685
55055,0.24035571688302385
55056,0.4721260331149643
55057,0.366573715361099
55058,0.6124584293535422
55059,0.08410099315424589
55060,0.6487601186026806
55061,0.36457563901757595
55062,0.44127735002238094
55063,0.16969371878155443
55064,0.5217291119178471
55065,0.3025863884015132
55066,0.3565033473354098
55067,0.16040220062689461
55068,0.26256335997584457
55069,0.3930082636824218
55070,0.17829081107826739
55071,0.392905930992743
55072,0.48731692467469556
55073,0.6522875994239095
55074,0.4941067747815723
55075,0.18379500922248698
55076,0.6812634102772377
55077,0.3556265537486501
55078,0.4084293963444445
55079,0.6424376125098161
55080,0.5122066194132046
55081,0.5156153043232323
55082,0.46872247746072376
55083,0.6521526463350374
55084,0.6168530921935653
55085,0.3085216893891839
55086,0.7237708078286944
55087,0.13067218196184685
55088,0.5010260871729699
55089,0.4421662560381574
55090,0.7935453419862679
55091,0.5937425473894163
55092,0.5793139284953102
55093,0.4694675457727484
55094,0.5221615469251777
55095,0.21232381549753962
55096,0.5270850740892216
55097,0.5405870132520524
55098,0.34702331885832094
55099,0.24640093911158611
55100,0.41036827036837537
55101,0.4732223380929169
55102,0.6169415589411746
55103,0.4497606943161964
55104,0.46774280281382397
55105,0.4651048965644685
55106,0.1944381726655187
55107,0.2475774362952142
55108,0.36561103340008283
55109,0.5538108637468331
55110,0.16756858413663533
55111,0.7047387797732501
55112,0.5954947300619373
55113,0.5156707716354054
55114,0.573851536975113
55115,0.3058098703202945
55116,0.8390164187642201
55117,0.1329363080542713
55118,0.3921496513510411
55119,0.44930029204155025
55120,0.26971442092191134
55121,0.6209651918821896
55122,0.4826109660381544
55123,0.28680415057428454
55124,0.13955573752928443
55125,0.6146091432027064
55126,0.5741827527815085
55127,0.4215939864020066
55128,0.20338001880776851
55129,0.49531711826372765
55130,0.7052812266260384
55131,0.7133456758197186
55132,0.24130035309700013
55133,0.33566241246675993
55134,0.49912690273901617
55135,0.3297052543417621
55136,0.48423840442586197
55137,0.3115070018622431
55138,0.3520707005543424
55139,0.7336592248390728
55140,0.48145731935575564
55141,0.5542415435270674
55142,0.24740484604183505
55143,0.5286846057052282
55144,0.7207572832545174
55145,0.31784797989225544
55146,0.3541902756859098
55147,0.43692048265580213
55148,0.2215088348739484
55149,0.41772578409976835
55150,0.47261890295298575
55151,0.32927562314735165
55152,0.6229401376558827
55153,0.5555672128212721
55154,0.6728977864717555
55155,0.19495430999483626
55156,0.341540079008367
55157,0.6346963073667533
55158,0.33517446527252615
55159,0.47740349687816486
55160,0.6268939831623638
55161,0.48543426069237333
55162,0.17756668716485585
55163,0.5338278064184191
55164,0.36261194234701466
55165,0.4861172615728643
55166,0.5649337891397873
55167,0.571272174614966
55168,0.7499233405116223
55169,0.3867669874599218
55170,0.22738402766016863
55171,0.40358509063549597
55172,0.390255867101696
55173,0.3884842986076727
55174,0.7473137793059466
55175,0.46246635140707565
55176,0.3185369919731949
55177,0.7923777237680003
55178,0.5117122426277216
55179,0.5591890385958908
55180,0.6845187063886338
55181,0.3831610230599869
55182,0.5073697892933898
55183,0.48735981635855863
55184,0.5437071379960065
55185,0.3599392428404625
55186,0.40917842628887036
55187,0.5056149933948618
55188,0.457918471127428
55189,0.19615403158186673
55190,0.14271026458434427
55191,0.6252214775045092
55192,0.19603776790363217
55193,0.5488864783694324
55194,0.1988361972289071
55195,0.21326003697370496
55196,0.4287783806809269
55197,0.5297534988828875
55198,0.47446698759565287
55199,0.4856227290902747
55200,0.15597971311297334
55201,0.5175567427203984
55202,0.6966742119325158
55203,0.21172123011992008
55204,0.22655446999547085
55205,0.28364373216238875
55206,0.6270724192047872
55207,0.6866818029142943
55208,0.2297884373205359
55209,0.25660141654972923
55210,0.788959202662247
55211,0.669942076612448
55212,0.41107062702051855
55213,0.44620381181674484
55214,0.20265790456264252
55215,0.2386073087850383
55216,0.7019953848571749
55217,0.23565098765509784
55218,0.6494938305891582
55219,0.7747228345048589
55220,0.6280580570817478
55221,0.3141622068638936
55222,0.5297848917463794
55223,0.4515660291002564
55224,0.46742525609333146
55225,0.7345088494452534
55226,0.3938728453354613
55227,0.3510030605640863
55228,0.3045778508797998
55229,0.3876743835433589
55230,0.3909650371106556
55231,0.5433771582153771
55232,0.28228987345715073
55233,0.5307722484013168
55234,0.33009637700219696
55235,0.47408429585390954
55236,0.4939259676792437
55237,0.428369149629106
55238,0.2278296991357691
55239,0.245692327494863
55240,0.6903530485027685
55241,0.5545006368785778
55242,0.2753434203824221
55243,0.5580770063648276
55244,0.1864375932022179
55245,0.5502514074409983
55246,0.15128882345075967
55247,0.5282692268357424
55248,0.5002616636622618
55249,0.4511350594259203
55250,0.41189039148467343
55251,0.7568637350431217
55252,0.5672078617066451
55253,0.27425394640787276
55254,0.6016189938622043
55255,0.31763848400774847
55256,0.5869197837649371
55257,0.34539592042810996
55258,0.3628572928091968
55259,0.33916042119319284
55260,0.2502229355407724
55261,0.43412697701948877
55262,0.29640153838101707
55263,0.7319772650011516
55264,0.40673495956110395
55265,0.5885132375687251
55266,0.47829621420387936
55267,0.2370665326121717
55268,0.41081392699412855
55269,0.17215009306410578
55270,0.6856225768905013
55271,0.562681019612026
55272,0.5251749396410312
55273,0.7351424203683454
55274,0.5855600197966304
55275,0.7452198031696888
55276,0.38424160964716925
55277,0.46026925351357034
55278,0.5420034187482901
55279,0.22008556567088072
55280,0.5375481678852048
55281,0.6526696751646072
55282,0.19248631425458204
55283,0.431169521246467
55284,0.15672889176761573
55285,0.40257803382994944
55286,0.6348455367942087
55287,0.3035157446470631
55288,0.3404565883837854
55289,0.2723958322678146
55290,0.15778148972460496
55291,0.474750201001295
55292,0.6549936539627247
55293,0.6107382738054836
55294,0.26541951923804574
55295,0.6181105525318746
55296,0.6269961679999183
55297,0.3828391088659906
55298,0.5780404605564771
55299,0.23002802648824114
55300,0.27556911568587145
55301,0.5853683292851227
55302,0.5484819690353226
55303,0.1609613569645384
55304,0.5953512332442811
55305,0.40426787469412917
55306,0.5126897122282766
55307,0.6356710808966184
55308,0.6673032076909786
55309,0.26659876328261756
55310,0.7628111281927425
55311,0.5230264809389771
55312,0.16755589357045228
55313,0.6073225120257588
55314,0.5458298778677144
55315,0.5700163608483796
55316,0.6516164146896541
55317,0.20302218158031973
55318,0.16721920723097666
55319,0.4155185080752517
55320,0.5968608351802651
55321,0.400059774370601
55322,0.7017112626220154
55323,0.556999864634131
55324,0.25256421452371414
55325,0.5809152990988675
55326,0.6685773967494066
55327,0.4235759900371299
55328,0.6021443767160378
55329,0.3044925769365853
55330,0.48420203057212
55331,0.234578835593654
55332,0.14286686160891773
55333,0.538613542557086
55334,0.4046618968310827
55335,0.5501523375153599
55336,0.7337580224837238
55337,0.24579784094661972
55338,0.6440053206237775
55339,0.3809051962535041
55340,0.4828297504615172
55341,0.4963150705349294
55342,0.5921061074864038
55343,0.36174289350672195
55344,0.13351341795213637
55345,0.15817544667643643
55346,0.56199032696658
55347,0.15407331702275817
55348,0.34128538298533734
55349,0.5599869952499505
55350,0.6972492717392903
55351,0.21513183236947264
55352,0.6102396746466464
55353,0.4262067520776207
55354,0.48170753106794184
55355,0.22418183373830386
55356,0.25894437571233336
55357,0.7740056585794534
55358,0.21589279115585636
55359,0.457393147506941
55360,0.49522304785122395
55361,0.5099940291941751
55362,0.8040710127718903
55363,0.3603381225952724
55364,0.406094469068464
55365,0.18484660070766623
55366,0.7370263863600262
55367,0.8100686836297096
55368,0.4046120493959058
55369,0.30983133002113444
55370,0.6956800694969941
55371,0.6545199212609805
55372,0.4300441541459096
55373,0.6586772555588953
55374,0.3552429880623986
55375,0.6112821201916558
55376,0.45508729370150464
55377,0.5854898791945082
55378,0.28757232318254994
55379,0.4168390668492804
55380,0.2700898199290628
55381,0.2023369515928869
55382,0.825056237231074
55383,0.714970953335545
55384,0.6774328725358089
55385,0.6346932310461134
55386,0.4578123662530933
55387,0.5991505027793274
55388,0.32526630574653276
55389,0.7648308441234363
55390,0.13515336913137374
55391,0.4844066828723778
55392,0.2611113911609122
55393,0.2937015817767572
55394,0.6638407325413433
55395,0.6216837394728334
55396,0.561048607252684
55397,0.7886170677832895
55398,0.5488222120357122
55399,0.5087586884635762
55400,0.43982876368051094
55401,0.499244306889584
55402,0.3244173539910897
55403,0.5833128412009237
55404,0.4654304378336807
55405,0.47549268109288745
55406,0.26531501346478653
55407,0.5487330555291029
55408,0.42324103603436736
55409,0.43971238126260714
55410,0.7329264002133489
55411,0.5970870718538209
55412,0.651152577656886
55413,0.4192905253804663
55414,0.4411490385415945
55415,0.5245631849786736
55416,0.2645503484468775
55417,0.49783588891291825
55418,0.5607555844993201
55419,0.4177322240000296
55420,0.44062382279006523
55421,0.3434811755077375
55422,0.23125863910347869
55423,0.5061066791290263
55424,0.27147116803725124
55425,0.6602287958743644
55426,0.4942570779086361
55427,0.6193412655494714
55428,0.4242154659452943
55429,0.6408841774343543
55430,0.16812460998846612
55431,0.37255578017010776
55432,0.6757801295593646
55433,0.4789063299601429
55434,0.5131195697781715
55435,0.4237998938348153
55436,0.6682415911224115
55437,0.2573504741133799
55438,0.31093314441214814
55439,0.49425700354556146
55440,0.49225720856918564
55441,0.5327297969694673
55442,0.6396136555697501
55443,0.12495332222965262
55444,0.5660314267271758
55445,0.37023488424632567
55446,0.4292996664287146
55447,0.5339555765052982
55448,0.44168087019272834
55449,0.16268424452717067
55450,0.29982309074842783
55451,0.5747710024096478
55452,0.5199257381353927
55453,0.5365084280474699
55454,0.4054554818356838
55455,0.5230707483770177
55456,0.7791938408056847
55457,0.1229515617588797
55458,0.29094835213334624
55459,0.1621082880760819
55460,0.6703326545066547
55461,0.47992862274224846
55462,0.6634107969255729
55463,0.25042505252046837
55464,0.40702786201494773
55465,0.4278860759036467
55466,0.7201676386275702
55467,0.22778314274049385
55468,0.3700497723947176
55469,0.161431581804492
55470,0.4431884811997959
55471,0.5676913259659456
55472,0.5045927354740674
55473,0.526564676937553
55474,0.5043114181051299
55475,0.23210028773532598
55476,0.36102677128512334
55477,0.6823332945275297
55478,0.33590044069488373
55479,0.4005871371929197
55480,0.5700502648005938
55481,0.5993655368408829
55482,0.3993802604259841
55483,0.142278844459198
55484,0.5530998971056093
55485,0.4396563928685437
55486,0.5980165184731457
55487,0.28408610324077416
55488,0.4590813795927137
55489,0.3506334070831352
55490,0.4482576382477495
55491,0.2050378067324326
55492,0.58439616418877
55493,0.6039423218909136
55494,0.8084362218941062
55495,0.5805391630372607
55496,0.2912176127891004
55497,0.25643367740184836
55498,0.5345514275138914
55499,0.5768708225753039
55500,0.7566683793899142
55501,0.5097476193214517
55502,0.7438307644300768
55503,0.40222779927195007
55504,0.5615298302281533
55505,0.7294091253948234
55506,0.592947794521505
55507,0.4688384780581148
55508,0.6444220924767485
55509,0.6007156812635446
55510,0.696822781402648
55511,0.4187828257505331
55512,0.40218715133508615
55513,0.24635664173880525
55514,0.6144418593093466
55515,0.2546093767056147
55516,0.4259588975127929
55517,0.619913657956077
55518,0.1731938970709696
55519,0.7029146570054265
55520,0.354195199875478
55521,0.3181058321696102
55522,0.5670576905730814
55523,0.4752249013064333
55524,0.19663408855312367
55525,0.6752684948135927
55526,0.6293834777781259
55527,0.46055437327007126
55528,0.2807274440217646
55529,0.5502380556770464
55530,0.30018333501376016
55531,0.5067456571449123
55532,0.5349832760003611
55533,0.41657750789644044
55534,0.1674266693674458
55535,0.6439793148969345
55536,0.646435527530981
55537,0.29125951974070596
55538,0.35094546597772314
55539,0.6770311202180721
55540,0.3048195534082838
55541,0.650978228030708
55542,0.27514075300571533
55543,0.3276884111625613
55544,0.59556184295156
55545,0.21215177468388877
55546,0.23222190952655214
55547,0.20639389502233735
55548,0.4775888631492883
55549,0.47108858174668133
55550,0.6584579884534996
55551,0.553691437723563
55552,0.6643467276249031
55553,0.3344119849402272
55554,0.418417182420096
55555,0.17200532416315742
55556,0.5251385474775081
55557,0.4534028154448901
55558,0.4592428448133013
55559,0.7137406222619705
55560,0.7174299879788126
55561,0.7628670332270943
55562,0.18297403061339312
55563,0.5703431093429245
55564,0.7185133950697419
55565,0.28167812319757285
55566,0.5168095128473466
55567,0.4888029333314232
55568,0.5820358612255511
55569,0.4666216693271853
55570,0.42613084800640066
55571,0.7128884014724323
55572,0.3633646665989693
55573,0.41148302069207005
55574,0.32346472972451945
55575,0.4658001348848343
55576,0.5180903570136061
55577,0.4390543717339324
55578,0.7118468888834727
55579,0.4676840680192886
55580,0.46013229776486836
55581,0.21222755552270592
55582,0.26809805722609703
55583,0.66137288706636
55584,0.5267591827871917
55585,0.384945266283205
55586,0.4638204979772682
55587,0.4961184713496195
55588,0.5708891256275491
55589,0.8256159134418691
55590,0.43407851913195716
55591,0.6072896964153287
55592,0.549356010489189
55593,0.33072514416102183
55594,0.5878499261899974
55595,0.46404982890363267
55596,0.7771102092648129
55597,0.2682018060098707
55598,0.25955796411797744
55599,0.7182776481588052
55600,0.2007307382810964
55601,0.5641683922093985
55602,0.39845271782620606
55603,0.6855340369848617
55604,0.4536954325112074
55605,0.8222486832878342
55606,0.5843801836146217
55607,0.4758530570704587
55608,0.17472391237894414
55609,0.3695873916119503
55610,0.4189337624566929
55611,0.5352158779097869
55612,0.5489314295049662
55613,0.5952577609387611
55614,0.44369202573434163
55615,0.6208297248148675
55616,0.683889832726112
55617,0.14671192583811712
55618,0.4402641183863708
55619,0.20796883582716089
55620,0.33446303529051424
55621,0.14809541667335557
55622,0.5153134186242869
55623,0.7195395315126631
55624,0.5359794436070522
55625,0.5973967307455669
55626,0.6721921854706858
55627,0.4527802861155457
55628,0.6142541131036271
55629,0.4332211723376952
55630,0.434571784702496
55631,0.5908072486609093
55632,0.2669453967117718
55633,0.5103666003344375
55634,0.41133754548477525
55635,0.48467387581737364
55636,0.2013659031666292
55637,0.6648321583206459
55638,0.4815017102728636
55639,0.1873936095325712
55640,0.5540586171925836
55641,0.46040346269166854
55642,0.12140328425690734
55643,0.8137903606720305
55644,0.5492695870555575
55645,0.7627756923849731
55646,0.1668996491386264
55647,0.618172541472404
55648,0.5185715365756394
55649,0.5297066752302843
55650,0.18486271026835016
55651,0.2138280516430497
55652,0.40294319022605407
55653,0.8122791807706353
55654,0.14145911230957003
55655,0.5739215900746752
55656,0.5205299163684156
55657,0.3397355485769994
55658,0.6835008661003519
55659,0.4362227014987756
55660,0.5881266080541794
55661,0.20296852210514563
55662,0.13354345212213228
55663,0.520567570921765
55664,0.8414226520054606
55665,0.1419989960898167
55666,0.565779060260729
55667,0.6513177678377395
55668,0.44708296017201266
55669,0.33951939974280476
55670,0.46937211146729585
55671,0.4471652387195666
55672,0.8235497502746999
55673,0.473826601350289
55674,0.29499702947376727
55675,0.5530842782025874
55676,0.5153760420526182
55677,0.6920460375234885
55678,0.27329594560634946
55679,0.2706386336693639
55680,0.5852517267175813
55681,0.2700778495239439
55682,0.1679273056229058
55683,0.21735371370535983
55684,0.1362144415118374
55685,0.7461029494385849
55686,0.3783138465138819
55687,0.23710083681472172
55688,0.35196429771737536
55689,0.5380634154412408
55690,0.43563656826487585
55691,0.5206310198866009
55692,0.5399017453800506
55693,0.47151328029297335
55694,0.7891263978943428
55695,0.6418267378789173
55696,0.5286762205702533
55697,0.730978509675573
55698,0.37849704917883986
55699,0.8157429199855986
55700,0.6998790717257659
55701,0.24816692764910508
55702,0.5556396201683099
55703,0.31361394001954845
55704,0.8097479742018878
55705,0.7489407422971087
55706,0.1681719165809986
55707,0.3665116536458709
55708,0.48753050092184713
55709,0.5865457887135481
55710,0.7649391770720859
55711,0.6466310082134489
55712,0.5252955910260451
55713,0.6435975100604912
55714,0.26658891159121645
55715,0.451930667746103
55716,0.5208443943881428
55717,0.351215900350728
55718,0.6149613400949835
55719,0.38719164315450794
55720,0.4090355609904236
55721,0.27222485584431444
55722,0.3621392032168963
55723,0.31436641374868135
55724,0.8090959855070965
55725,0.13471583004225665
55726,0.5583007365927378
55727,0.22231442540925117
55728,0.32543784788650326
55729,0.24764995917003735
55730,0.42925975949760875
55731,0.48876425179186206
55732,0.7202296589287418
55733,0.45037583133658676
55734,0.32395738162427884
55735,0.2348110170294101
55736,0.6572932211151548
55737,0.837300676551504
55738,0.5436942627578214
55739,0.31980822274885273
55740,0.757840264864481
55741,0.8068730178932404
55742,0.6953820346278511
55743,0.2755723913128193
55744,0.16470936630336197
55745,0.7869372599172882
55746,0.635904329128604
55747,0.4996153966543223
55748,0.5632391172878657
55749,0.6487337865929852
55750,0.5119923066767771
55751,0.7656389507333073
55752,0.7903151671097206
55753,0.4343537508521032
55754,0.464794861289497
55755,0.20990432626972405
55756,0.27425335424229386
55757,0.3050126202802461
55758,0.1968681887314604
55759,0.7101893466152502
55760,0.40198587710181827
55761,0.5472683028139579
55762,0.4630709955992137
55763,0.6055631106647736
55764,0.7587648186696518
55765,0.6850134493417478
55766,0.3470952071907028
55767,0.6977652232280351
55768,0.7628440574006703
55769,0.5226557119456922
55770,0.5773032951418967
55771,0.4260495581776583
55772,0.637495130636557
55773,0.2201158528794277
55774,0.3741499540425953
55775,0.2089921021229567
55776,0.45812483321184455
55777,0.20126814010228422
55778,0.1954979536365471
55779,0.6991172619624049
55780,0.7245422498885772
55781,0.34624882148134795
55782,0.5532207326801977
55783,0.517084087366668
55784,0.6387692762663537
55785,0.37404432808117877
55786,0.5715804467621668
55787,0.6363713983738298
55788,0.3237942985775504
55789,0.7527450643145619
55790,0.24120651390691808
55791,0.7147642139502434
55792,0.6899205971021198
55793,0.8362653590386877
55794,0.5571292193650098
55795,0.4127158351473945
55796,0.5913007718338066
55797,0.5126392333747655
55798,0.5703900139181689
55799,0.5756525904100549
55800,0.5810422969965562
55801,0.16668612972007651
55802,0.4399617845054495
55803,0.31305479975623307
55804,0.6309013131189514
55805,0.1960198098990254
55806,0.7505828316066625
55807,0.24288973514301734
55808,0.6002855082893032
55809,0.5923089240524556
55810,0.5226678063957158
55811,0.5539675948920019
55812,0.23529755214588624
55813,0.2861772613347722
55814,0.16988956342958017
55815,0.4872961809788989
55816,0.5185504591393999
55817,0.3877751406265105
55818,0.5226013789333475
55819,0.40009145443969374
55820,0.8600677328731889
55821,0.1835853647988924
55822,0.2557749360046781
55823,0.6983610619523921
55824,0.26617039683709776
55825,0.4216737061695865
55826,0.4854224627942467
55827,0.7789926965151457
55828,0.5427716822926044
55829,0.6576569102756258
55830,0.2717259075933459
55831,0.1493724139385105
55832,0.36085215482080246
55833,0.3930697751999315
55834,0.3336797356009616
55835,0.2121887827549228
55836,0.16797955687129823
55837,0.6076803661874306
55838,0.32406819223965866
55839,0.6560858266287022
55840,0.32988142396017966
55841,0.6050101465469201
55842,0.19534151558811952
55843,0.4914463357254318
55844,0.6858685636055115
55845,0.4313392614948694
55846,0.6585184558105246
55847,0.19881688179686965
55848,0.6033210842994825
55849,0.17929053951037044
55850,0.46919456526538833
55851,0.6051049701991771
55852,0.5732135886525247
55853,0.24369720933082012
55854,0.5214067100282904
55855,0.5918485919047154
55856,0.2626835469918134
55857,0.7534789525051073
55858,0.3439434421796019
55859,0.15157566077127996
55860,0.5695899092188887
55861,0.3899968975415984
55862,0.27977466588382904
55863,0.3835656176248795
55864,0.7348257025845698
55865,0.31523408264324926
55866,0.8532943691969448
55867,0.36586981235217925
55868,0.4403046680787891
55869,0.2496478002899718
55870,0.5967880542958923
55871,0.5660764354449219
55872,0.6025184381051669
55873,0.21941384776840972
55874,0.5141388616788496
55875,0.6640336352243827
55876,0.14531906353775614
55877,0.4650214838583856
55878,0.280918793152507
55879,0.5391990513828901
55880,0.5223653749089795
55881,0.5318775214018572
55882,0.6485784806537492
55883,0.5586143425560922
55884,0.6106047832596229
55885,0.3331936146208906
55886,0.5376910460813287
55887,0.6571385856716796
55888,0.5324236599081488
55889,0.4038830209448236
55890,0.47358421314425353
55891,0.4434275836500604
55892,0.43955349341601435
55893,0.36395218153923437
55894,0.6499550056261056
55895,0.5246165587127203
55896,0.30846467056184185
55897,0.40643474384548217
55898,0.47065416510348845
55899,0.30309418469087474
55900,0.5492379004448372
55901,0.6162900402598099
55902,0.16368261073652743
55903,0.6148822215377852
55904,0.2912017748218709
55905,0.1678749974884576
55906,0.31934543924117165
55907,0.1633466510458223
55908,0.3473359056588048
55909,0.5044142449587876
55910,0.450120868085098
55911,0.3592568415550906
55912,0.6264621390828983
55913,0.5639608018702675
55914,0.4524707880169535
55915,0.6151056574234848
55916,0.5911187439928817
55917,0.4199700733136071
55918,0.6164117508874748
55919,0.4770590400137272
55920,0.2705887835736989
55921,0.37583987371096045
55922,0.7985028549753512
55923,0.6975945695452938
55924,0.5083488596590251
55925,0.5594044608156207
55926,0.3387500036583192
55927,0.1846331669496585
55928,0.4905104856061193
55929,0.4631298878449731
55930,0.28533209028902434
55931,0.6130714321932682
55932,0.46039287990667904
55933,0.40082526441555155
55934,0.4126212358370469
55935,0.5834927732463104
55936,0.274540252152382
55937,0.25979373791310045
55938,0.581439850284464
55939,0.5491024212215594
55940,0.5870712501998436
55941,0.3755537172461963
55942,0.5333081416826382
55943,0.4880056003255804
55944,0.6201798943234518
55945,0.1779093930921956
55946,0.3975841964564353
55947,0.756589960207415
55948,0.5055646430849822
55949,0.23227533392894364
55950,0.28483743678102313
55951,0.47467937104410707
55952,0.5103234435974905
55953,0.6539387778145618
55954,0.663865335188935
55955,0.24406980610332124
55956,0.1391350896105833
55957,0.8276997067515213
55958,0.3982957884911147
55959,0.3758793888227333
55960,0.5256044726944523
55961,0.4733611756633788
55962,0.6538698608205425
55963,0.6790276651666746
55964,0.2937015241709875
55965,0.33234974016378943
55966,0.5354583567419036
55967,0.2589434280878942
55968,0.4511621045550527
55969,0.44926618158309295
55970,0.5361150442164766
55971,0.4816103358073733
55972,0.11363474631095559
55973,0.6848600928994282
55974,0.336163408319563
55975,0.5362629371611091
55976,0.4263358227599288
55977,0.3406420481077098
55978,0.6189749915532784
55979,0.5270441376999919
55980,0.21114927210702433
55981,0.21504983516818132
55982,0.2867928209636469
55983,0.6488095082412739
55984,0.7661411880693723
55985,0.30786595057571614
55986,0.4424276228087399
55987,0.5727605269277712
55988,0.6633120355859461
55989,0.18808939798426788
55990,0.5412945585873841
55991,0.6872935001332378
55992,0.3327479922786075
55993,0.5530430481974093
55994,0.49820560866418084
55995,0.49082501516018995
55996,0.7777458612508383
55997,0.7725784695404464
55998,0.6733084031710009
55999,0.6279727501955956
56000,0.37068006427973965
56001,0.5412415446877322
56002,0.27654763239873287
56003,0.821483807659716
56004,0.46138895234640764
56005,0.3365577840387872
56006,0.31753246585367856
56007,0.2581022113267027
56008,0.3577918407125419
56009,0.42800598561813896
56010,0.6704244137789772
56011,0.4882215710579293
56012,0.4705023705521595
56013,0.11139544971795572
56014,0.590871795961372
56015,0.40032150710373593
56016,0.6667029911278284
56017,0.21359752883272431
56018,0.2061806254417859
56019,0.7559277780326101
56020,0.42978501204956276
56021,0.28209033291959934
56022,0.40375269515207013
56023,0.22058847931994402
56024,0.2740512212517321
56025,0.5701629519181378
56026,0.6773413127753171
56027,0.7518779660297502
56028,0.23521033480000392
56029,0.4972388943299809
56030,0.7087216868774012
56031,0.4052748308300704
56032,0.7048358579707503
56033,0.4633791092481755
56034,0.6156274339574188
56035,0.6962014290319324
56036,0.5647292546368539
56037,0.33211942718641135
56038,0.47182234106699217
56039,0.6749528183244167
56040,0.4527394201055277
56041,0.5639219455023935
56042,0.7207161579463854
56043,0.23534803535177934
56044,0.5830709395084716
56045,0.6591203005796268
56046,0.3079913042081833
56047,0.3860124258343559
56048,0.5183965511872614
56049,0.6296797362901663
56050,0.6485147114234793
56051,0.270257036570776
56052,0.7151504261894197
56053,0.25321880741682823
56054,0.2595880425584745
56055,0.1850485361600756
56056,0.3890616501194476
56057,0.32888573083058525
56058,0.462039151389965
56059,0.48931869821098933
56060,0.5091175142328401
56061,0.2674593806653959
56062,0.43263234591390914
56063,0.45331600292010626
56064,0.45542998304486065
56065,0.540797216307809
56066,0.46562887058946656
56067,0.2772288062092465
56068,0.34352194736197444
56069,0.17985036510940722
56070,0.5992864799494291
56071,0.42466876427648376
56072,0.6124143808824928
56073,0.5917717756799435
56074,0.08454187743151956
56075,0.5802493868136486
56076,0.644349937816153
56077,0.6609139370710395
56078,0.5957371358152337
56079,0.20915743883112664
56080,0.2406770190835091
56081,0.5094464202892847
56082,0.5722508324629305
56083,0.47438159082784664
56084,0.5734182622321263
56085,0.2287414626047993
56086,0.8047059077411756
56087,0.4456072750588822
56088,0.586514007325698
56089,0.8031127041516747
56090,0.1663075730010237
56091,0.33084099320822363
56092,0.26499438126652725
56093,0.49074947198146
56094,0.3061660150384964
56095,0.3157171388020784
56096,0.3711923491806154
56097,0.2528001970095458
56098,0.7560464770930992
56099,0.3526089278785578
56100,0.21551964958351413
56101,0.32183958326021705
56102,0.3049207394610652
56103,0.5786522850028017
56104,0.429424765562309
56105,0.6830245013169347
56106,0.23053965029353796
56107,0.602220150085869
56108,0.7622241725895174
56109,0.5137801886355098
56110,0.741080448361132
56111,0.6717942225266036
56112,0.5272694185184568
56113,0.3394113337274794
56114,0.5114956790010748
56115,0.5610984472140871
56116,0.2073466243295016
56117,0.5199777101005335
56118,0.7201341863408159
56119,0.4188884277874783
56120,0.5772916366133743
56121,0.6761980958369985
56122,0.5186719657892415
56123,0.5613856078415422
56124,0.25936035818612824
56125,0.4190158853103014
56126,0.6798766061079653
56127,0.5540494986203452
56128,0.7005207864251276
56129,0.5028007869134523
56130,0.6328270723972714
56131,0.3879972875886484
56132,0.36695198471777013
56133,0.5076558933262205
56134,0.25113028610785365
56135,0.3938255144673149
56136,0.5942820029011519
56137,0.5138623242777389
56138,0.42765909159695814
56139,0.3958689060594161
56140,0.19829701666662697
56141,0.6239094615467292
56142,0.33421074209434193
56143,0.20720215034211031
56144,0.700690612372361
56145,0.7113962253505628
56146,0.43044006626253895
56147,0.19393741871141118
56148,0.25051888750728096
56149,0.504790562457962
56150,0.702955448695456
56151,0.5654783635962568
56152,0.6331777461417046
56153,0.6512742982935958
56154,0.5932767670695249
56155,0.7415257208623973
56156,0.4694707401381649
56157,0.3892166305613025
56158,0.2797783645428129
56159,0.4642556070035006
56160,0.30353695670521785
56161,0.6069992047503221
56162,0.27437697693820906
56163,0.6363806284239112
56164,0.1955653060301698
56165,0.2673055330053128
56166,0.16522553637185192
56167,0.6165202563158363
56168,0.5703188064228227
56169,0.7331274356647448
56170,0.4443125075003064
56171,0.6820840017899608
56172,0.4826334968577869
56173,0.4932207235035665
56174,0.46965567711080725
56175,0.27288658109332836
56176,0.6299443919210383
56177,0.22580358631719366
56178,0.19350517135053705
56179,0.3475377701878869
56180,0.504979908058526
56181,0.20254533889872195
56182,0.32917149327057504
56183,0.5568109553683744
56184,0.31095470219172205
56185,0.377416732803329
56186,0.39864532291797106
56187,0.3059384547358094
56188,0.490124838348224
56189,0.3611636586794865
56190,0.637541005246443
56191,0.20437994471349247
56192,0.3746990375139502
56193,0.5828845532669712
56194,0.15956918850240787
56195,0.6296571206053783
56196,0.6168127751608902
56197,0.18900872506769856
56198,0.4878785503928378
56199,0.5973043760602725
56200,0.5512301090096492
56201,0.6216248859284355
56202,0.7527141399658964
56203,0.6495749660841691
56204,0.5843293664305136
56205,0.6647983116035271
56206,0.3600984903537654
56207,0.5914020303891113
56208,0.543732187145334
56209,0.2802864714243991
56210,0.24796518229340805
56211,0.45897248008172753
56212,0.6020683532015113
56213,0.46596922251800293
56214,0.5736111146497325
56215,0.3178806749002344
56216,0.30301945003282915
56217,0.28665484266440794
56218,0.5964119524922687
56219,0.547577512458925
56220,0.14988778937655842
56221,0.7582395876395451
56222,0.7013635301286136
56223,0.596252408902364
56224,0.6463854358672436
56225,0.2838243380675849
56226,0.2948248057162243
56227,0.219564217225029
56228,0.26545555205917865
56229,0.8154460201777859
56230,0.6929434183555611
56231,0.4643851702920597
56232,0.6227310476518091
56233,0.528018372763457
56234,0.6624052031002707
56235,0.39888922768982216
56236,0.4588316032537869
56237,0.17778105263584
56238,0.42736491662510023
56239,0.6220220801774948
56240,0.3217979779705812
56241,0.2711680258089964
56242,0.40798026792978437
56243,0.19399746886832336
56244,0.5966431669515897
56245,0.5416011520997455
56246,0.14776212855324178
56247,0.19502475141535275
56248,0.5127449532356803
56249,0.5985719972943011
56250,0.21826136887407266
56251,0.5957426811766215
56252,0.49330775099532675
56253,0.6831515137152353
56254,0.22944555138951594
56255,0.2438930079145191
56256,0.5978456211547478
56257,0.3942100979982917
56258,0.7105559985296294
56259,0.7450412288734676
56260,0.5804997666999817
56261,0.4828676805197534
56262,0.47326024031947966
56263,0.2786035770093826
56264,0.5646491433640569
56265,0.3690063224766114
56266,0.7802593186581274
56267,0.8193435557627511
56268,0.6018063747022189
56269,0.7421726829160775
56270,0.6923788593300952
56271,0.197198569010407
56272,0.21097918490704323
56273,0.5838896267490973
56274,0.3187004721683373
56275,0.7044023460883472
56276,0.15763632207114364
56277,0.3081901721314916
56278,0.6485123865281985
56279,0.7519464708027637
56280,0.6097365948735273
56281,0.5969614356702582
56282,0.3539597574155867
56283,0.3878977140687824
56284,0.5489837820317309
56285,0.5388738548585054
56286,0.28559649978074914
56287,0.5629184131936137
56288,0.24162651362725956
56289,0.6561286786857231
56290,0.28419749715694576
56291,0.2967216971368827
56292,0.625594026959422
56293,0.7112988371910549
56294,0.6340824868903834
56295,0.6443915662309851
56296,0.4644120214468507
56297,0.574223209173371
56298,0.2209467378741054
56299,0.16324562488982855
56300,0.5444661558110342
56301,0.3944479536990712
56302,0.4907949551322057
56303,0.4454030298371276
56304,0.71873445415855
56305,0.631311365009983
56306,0.5377002387805718
56307,0.35744858946231584
56308,0.46406965937621825
56309,0.5766248147065706
56310,0.23160404473512763
56311,0.31826475836849505
56312,0.6679327135548614
56313,0.6295246193817583
56314,0.28068041358252543
56315,0.43481908601199204
56316,0.46711285261199487
56317,0.5825634322542836
56318,0.7670434985819686
56319,0.5865244566403994
56320,0.16134151711333744
56321,0.5466258235792039
56322,0.476095771849138
56323,0.32202896001540726
56324,0.4842637513251703
56325,0.679055228860684
56326,0.3727675755179402
56327,0.34992443052792616
56328,0.5307626335861803
56329,0.6054794301715944
56330,0.39804604048368886
56331,0.5357190270120299
56332,0.22924874364415815
56333,0.5118016586270466
56334,0.6023959723900643
56335,0.1423407617737772
56336,0.3685190310504267
56337,0.14307456828459808
56338,0.6432845396056661
56339,0.3943087909243297
56340,0.22366234023745696
56341,0.7026170425185213
56342,0.7109661759901844
56343,0.5539937619459824
56344,0.3117509736374884
56345,0.5102934732176516
56346,0.6131261506105752
56347,0.4119107830321209
56348,0.31060561223570504
56349,0.4788536085824631
56350,0.16149153900705937
56351,0.5891923503995363
56352,0.5089232085191924
56353,0.39816021660075096
56354,0.6232496507891488
56355,0.45632818843624684
56356,0.3465562254962912
56357,0.2723299692568753
56358,0.7397516826325663
56359,0.6401039117184057
56360,0.40136906916689885
56361,0.6296625370411456
56362,0.7021313941370322
56363,0.5375043317365737
56364,0.6161169726861124
56365,0.6386520603452177
56366,0.626917586755468
56367,0.5627414093663414
56368,0.27206836979784177
56369,0.2938384248431982
56370,0.7108187465085556
56371,0.36236981974626253
56372,0.6433136628206654
56373,0.49596271911527806
56374,0.5701470916632394
56375,0.6090116699872354
56376,0.5810727688649584
56377,0.3129090358988417
56378,0.6463261579941775
56379,0.6027558252372516
56380,0.35296498271314036
56381,0.5442407585703176
56382,0.1861185892621498
56383,0.5422977238114204
56384,0.23121313565073384
56385,0.29664384602560767
56386,0.2918410151160421
56387,0.37069662070917414
56388,0.37813004248569443
56389,0.3918597691131024
56390,0.45802388751008094
56391,0.5216783211974515
56392,0.2510735908524572
56393,0.3789733660901303
56394,0.6159028927481122
56395,0.542784293099693
56396,0.665726218360557
56397,0.5111298011343929
56398,0.20367564547913417
56399,0.42071706273173415
56400,0.5928796328576533
56401,0.4260848691647985
56402,0.29162946280944607
56403,0.5813959407033665
56404,0.5317281190073727
56405,0.5239897753656539
56406,0.30385741403554445
56407,0.6914153687562221
56408,0.5991182616238685
56409,0.2838594366694862
56410,0.20514110328372392
56411,0.5109159999514148
56412,0.29298060198847864
56413,0.19327305874836873
56414,0.38711828888854405
56415,0.6523958277952131
56416,0.6324010590373976
56417,0.2069099300730341
56418,0.8175583830832162
56419,0.7694627272599365
56420,0.6116319326350719
56421,0.5222435138566706
56422,0.6240220739355704
56423,0.6152183442320693
56424,0.14889167391548308
56425,0.5019141466380687
56426,0.41102452773599724
56427,0.256082183712282
56428,0.760403069742076
56429,0.5859399938207639
56430,0.4393734840470337
56431,0.23041073349098712
56432,0.22092026566016032
56433,0.22794738458102304
56434,0.5526650069251464
56435,0.19333427245703472
56436,0.1988398925440824
56437,0.7447440029743927
56438,0.6392429810426807
56439,0.5935931090327978
56440,0.18907142924983006
56441,0.7969121901595444
56442,0.4426189567358795
56443,0.2812870410471735
56444,0.3308057186001391
56445,0.5504578386160532
56446,0.5259481287954985
56447,0.6104927445868515
56448,0.7353678001554861
56449,0.3351217699841004
56450,0.5345179719515463
56451,0.7749036262919383
56452,0.396838444691066
56453,0.6316200386567619
56454,0.6749919842126354
56455,0.6705894268627174
56456,0.5350598628305767
56457,0.5792846580685233
56458,0.31476876962770345
56459,0.15339374414315574
56460,0.5659835543171957
56461,0.7247780139135955
56462,0.3366749357589327
56463,0.260737989485904
56464,0.39344411247114514
56465,0.32965817230102823
56466,0.5138691080288853
56467,0.29156091017647273
56468,0.3251239774203691
56469,0.1483257087505588
56470,0.49939742027445816
56471,0.7023683304082475
56472,0.44601558328173896
56473,0.6644373298085978
56474,0.5837216502008855
56475,0.5088136598381983
56476,0.3714415261100785
56477,0.801650684630889
56478,0.4772691914653968
56479,0.6582353345078891
56480,0.4105334645470016
56481,0.4083345917008683
56482,0.425534275371103
56483,0.3403451927710605
56484,0.32426080808322466
56485,0.5472384954507381
56486,0.5570091168631744
56487,0.6571853528535141
56488,0.7103755820304529
56489,0.598875561638798
56490,0.6486436650353093
56491,0.2320562189422571
56492,0.6549031229386737
56493,0.19086827121181815
56494,0.18440858918339403
56495,0.6778173408009193
56496,0.507176494074461
56497,0.18720210665455575
56498,0.7609667117583091
56499,0.2308810120254861
56500,0.4581086401211998
56501,0.7392588221404593
56502,0.7030933052125738
56503,0.7730622766168975
56504,0.49821199409139244
56505,0.5276400441671515
56506,0.7010235156208177
56507,0.22617648883231717
56508,0.16225960338078838
56509,0.40834325709078434
56510,0.5837990289977738
56511,0.4048859723570283
56512,0.6431458634433305
56513,0.6615272070271239
56514,0.5087465539991027
56515,0.4755770830629503
56516,0.4689080151852752
56517,0.6679019556559885
56518,0.2632081740314015
56519,0.78447858848753
56520,0.49859892331001704
56521,0.3376111666375492
56522,0.5475796703532986
56523,0.5405252553657363
56524,0.36629011194349415
56525,0.763907413635624
56526,0.5591035558622435
56527,0.38466739664764205
56528,0.32609931650206997
56529,0.21142031867267538
56530,0.5544271829324471
56531,0.47805788782854114
56532,0.5066140808225486
56533,0.21753460834219476
56534,0.6041412183693522
56535,0.5673298633306707
56536,0.6421074423592819
56537,0.5825266009064635
56538,0.4538692908319754
56539,0.6386063412494356
56540,0.35477660806972083
56541,0.1942676422223072
56542,0.2680260528685433
56543,0.48696174599742525
56544,0.38214993876017855
56545,0.24312759998459801
56546,0.2862859060699519
56547,0.6516327792192209
56548,0.5127557532110367
56549,0.4406773684293867
56550,0.7386171683369012
56551,0.19662517713997626
56552,0.24092350513697172
56553,0.23712814992197742
56554,0.48169735343474857
56555,0.550740358234975
56556,0.5019632677052035
56557,0.5996853032063474
56558,0.29646993877862415
56559,0.2254541955809382
56560,0.3461256967573436
56561,0.535250126632284
56562,0.1825699929058541
56563,0.416485335606187
56564,0.5657386652693912
56565,0.4449185257036087
56566,0.6408473366919943
56567,0.6718068631086277
56568,0.19700189327589623
56569,0.13550831763058463
56570,0.5400290683714235
56571,0.4899673069160071
56572,0.6491353860098177
56573,0.4302639861713862
56574,0.7891407977116842
56575,0.34130607995886375
56576,0.5554827543800045
56577,0.5645659034152088
56578,0.5835114137693354
56579,0.16289804517450357
56580,0.2995553329451336
56581,0.2288341782189336
56582,0.23006031975103072
56583,0.335692400679938
56584,0.5941390074832483
56585,0.5270111958971937
56586,0.49144681535733814
56587,0.5068900487910608
56588,0.5954318318625904
56589,0.5807220441403159
56590,0.4968684418023983
56591,0.7262825433651439
56592,0.7466799025780058
56593,0.8230907613305687
56594,0.3131902885625985
56595,0.421195289961485
56596,0.30041689378356345
56597,0.752609108004632
56598,0.6525631727226823
56599,0.5728645157517391
56600,0.4635139365858649
56601,0.28721848013761153
56602,0.6152892087979662
56603,0.3089874054254308
56604,0.35329551218811517
56605,0.17708961467519546
56606,0.46129539350189863
56607,0.6035165658779983
56608,0.6123284803012317
56609,0.5124801052321821
56610,0.29978228972288906
56611,0.3969247562135051
56612,0.6725114001560611
56613,0.6927419045882599
56614,0.6591356137869251
56615,0.4756614806574057
56616,0.4240319535217122
56617,0.5270362929019812
56618,0.5147141103135605
56619,0.4267728129223476
56620,0.4812768541183904
56621,0.30555582397466496
56622,0.5144522833574888
56623,0.5611638156437686
56624,0.6943471593824646
56625,0.7069743217888904
56626,0.3852136873658963
56627,0.5972598117632049
56628,0.45944054072798857
56629,0.15521321522789372
56630,0.2488299151431742
56631,0.3516640758993822
56632,0.4676972945666201
56633,0.48421389306417173
56634,0.6944619869261341
56635,0.602121852391295
56636,0.2611589700122325
56637,0.5533514086178598
56638,0.2518743578462795
56639,0.4834962389621596
56640,0.5541881265737365
56641,0.5117590750482827
56642,0.5362582464536804
56643,0.35715610670651565
56644,0.27755854179252587
56645,0.7495687424752009
56646,0.24517329545547872
56647,0.18471183835147756
56648,0.5165043114567279
56649,0.5636981746233544
56650,0.3891304037600781
56651,0.3532626379241567
56652,0.5629539532833184
56653,0.6994198662587688
56654,0.558144580415472
56655,0.36314844352434084
56656,0.3426182897069261
56657,0.6536511585634248
56658,0.38100798827438637
56659,0.6300969886373999
56660,0.4093378041293651
56661,0.5611846057494351
56662,0.15395196431490654
56663,0.7547885880647531
56664,0.6030618162575876
56665,0.4747944728817866
56666,0.7175277669606323
56667,0.798780510868347
56668,0.6419522249814394
56669,0.4730249242687093
56670,0.5893385383163097
56671,0.3450480955525536
56672,0.5090325320321294
56673,0.3928895170267457
56674,0.22883449211181528
56675,0.37019818713644276
56676,0.356538380989079
56677,0.39174684357309897
56678,0.5763001310968461
56679,0.561567179268442
56680,0.853428248262001
56681,0.5695508203316672
56682,0.28002265824811984
56683,0.4548685509024779
56684,0.47624129429883577
56685,0.5878838584934627
56686,0.6812301609339783
56687,0.36314653092142546
56688,0.3136216786901471
56689,0.6541918450889526
56690,0.23781030604374698
56691,0.5079039113923697
56692,0.7072699996401867
56693,0.25210358433834523
56694,0.547283354894664
56695,0.34501592940639025
56696,0.6568748351764719
56697,0.45563418090314195
56698,0.43951452167422356
56699,0.3253819641710295
56700,0.25425610170438934
56701,0.5837691047147586
56702,0.44822108517036763
56703,0.27112550840153493
56704,0.1657727035152301
56705,0.7881133383902738
56706,0.5985016059333115
56707,0.325927019778458
56708,0.4847522454207394
56709,0.32439583655797144
56710,0.6790362746344402
56711,0.1675174131696057
56712,0.1704164854715534
56713,0.6435915249853967
56714,0.5652398694083194
56715,0.4437389276921676
56716,0.700176739496834
56717,0.6502303101107144
56718,0.7429164770259284
56719,0.6168955579230662
56720,0.2703417921788912
56721,0.5802593013091909
56722,0.3331856162583139
56723,0.43447144216126504
56724,0.604668646563247
56725,0.4359256232721538
56726,0.45202568465869536
56727,0.2365157876732163
56728,0.4777485272161391
56729,0.6939814444973285
56730,0.3555456170745771
56731,0.2634370946309042
56732,0.34024213511520396
56733,0.4819330494720163
56734,0.3326715711005983
56735,0.2803461128596294
56736,0.8106572696427945
56737,0.24303679964156705
56738,0.23924423049050725
56739,0.6422858038424125
56740,0.46720937501689463
56741,0.40266006353154427
56742,0.7127131764206518
56743,0.5897578093160184
56744,0.3265980469141222
56745,0.5703967869225923
56746,0.4921744498643702
56747,0.5962740857180319
56748,0.27140353000212214
56749,0.4797340589182985
56750,0.29852980152280756
56751,0.7054395229052517
56752,0.2755912566307457
56753,0.49263139308685455
56754,0.6080878253710569
56755,0.4286638345347137
56756,0.34851923759507564
56757,0.6985625108712793
56758,0.7459401687538714
56759,0.621127786459484
56760,0.2387036069828279
56761,0.5446582194083633
56762,0.5872048129992844
56763,0.2255398291539284
56764,0.5862411152800299
56765,0.5114079935831899
56766,0.27656592632464655
56767,0.6067808752226287
56768,0.2784463502954851
56769,0.44341054995312684
56770,0.42501629607546
56771,0.4383035808037212
56772,0.3987311464114529
56773,0.22078520575532978
56774,0.33573183742561163
56775,0.18202132695838755
56776,0.7772805211818636
56777,0.4268113622173061
56778,0.4038408659940217
56779,0.8052688036211796
56780,0.458755702761265
56781,0.33794860521799563
56782,0.4273127153987279
56783,0.39277221787235517
56784,0.4212274731832846
56785,0.5873782106359914
56786,0.3197843878573142
56787,0.314433132191304
56788,0.2931970407527379
56789,0.29447584048408637
56790,0.8011429682728081
56791,0.46366032282885844
56792,0.2407848140177109
56793,0.45470252675193656
56794,0.4451372317048413
56795,0.24420210915991752
56796,0.22302768146822313
56797,0.43816120983557394
56798,0.32033319821336226
56799,0.48431954171731967
56800,0.6821461558613651
56801,0.2836529959435933
56802,0.4010735292675323
56803,0.3889377534946743
56804,0.25872405280307176
56805,0.5123842789530918
56806,0.23400529598130476
56807,0.38068019273018133
56808,0.4941534609449114
56809,0.22172108329167994
56810,0.4601158258231881
56811,0.40643507594755596
56812,0.17260579552386635
56813,0.49636927034284756
56814,0.6408879314880331
56815,0.39457095221159755
56816,0.6118067648935217
56817,0.24000910962954855
56818,0.1804464165246977
56819,0.4545451244612161
56820,0.5276760951747389
56821,0.5748975455918021
56822,0.5976601101240386
56823,0.6673416023637365
56824,0.4923354619537259
56825,0.5681170038628552
56826,0.5567045264465208
56827,0.7577495956510669
56828,0.510129427989806
56829,0.4749758369435802
56830,0.15257289821265585
56831,0.37156750044248243
56832,0.32172093506972377
56833,0.6630566706456771
56834,0.5607447539573488
56835,0.49498731014205904
56836,0.47140082901758096
56837,0.5062797830520886
56838,0.3296819201545269
56839,0.3579125206689547
56840,0.741699905099942
56841,0.3519496721811475
56842,0.16686635490873747
56843,0.632026236495832
56844,0.58891845787224
56845,0.3727822455558403
56846,0.2862666304252206
56847,0.4377278197568182
56848,0.29421526312386526
56849,0.26086925128478117
56850,0.594936115097411
56851,0.6657816452134685
56852,0.22463162014607974
56853,0.7733350981055147
56854,0.5847428407791804
56855,0.38974613801128966
56856,0.4727793043173043
56857,0.34557287762476896
56858,0.43239801735554784
56859,0.295940752383454
56860,0.49093062117283304
56861,0.34811353142268275
56862,0.2654222614507935
56863,0.44016398759557285
56864,0.16233478190078682
56865,0.1769129623995933
56866,0.5667745749591591
56867,0.5934989806344498
56868,0.5488428549370659
56869,0.46744226931765503
56870,0.5445335872079554
56871,0.5735916128358609
56872,0.2978471137886188
56873,0.483738286186424
56874,0.8055806285218271
56875,0.2915035138827968
56876,0.3462557973054414
56877,0.6085995445864095
56878,0.6033850945373128
56879,0.6417789605021599
56880,0.16170772556103605
56881,0.5769312843987321
56882,0.47876588813543663
56883,0.5971867828643909
56884,0.5119599887708232
56885,0.627595079334935
56886,0.45515046633355
56887,0.43991508036678323
56888,0.43371307602838394
56889,0.26036066299518806
56890,0.6243505937478594
56891,0.7000977889026092
56892,0.5089886399122976
56893,0.4684755923050363
56894,0.5514330970535417
56895,0.6887056098625398
56896,0.508280012082433
56897,0.388330750237988
56898,0.426106560986309
56899,0.5621413996458686
56900,0.650388989278058
56901,0.2372585572708142
56902,0.6177732035410569
56903,0.6327869854685169
56904,0.40709438190793856
56905,0.5276515221589372
56906,0.15110471854625185
56907,0.4244615001222063
56908,0.3834006748456473
56909,0.6907939651693558
56910,0.24099058850196026
56911,0.4869923897060045
56912,0.24231801903753103
56913,0.17129184969986494
56914,0.6174879010303987
56915,0.5013365605319866
56916,0.4963300694995928
56917,0.4819295981599712
56918,0.42564856494777364
56919,0.35022145466868615
56920,0.27696988609922524
56921,0.5932529872141831
56922,0.7712898772437506
56923,0.35171177830769296
56924,0.35883557285201917
56925,0.6058872189500704
56926,0.45833422267724083
56927,0.4289186077458929
56928,0.29659568737484787
56929,0.23997342740265437
56930,0.5983563549623226
56931,0.2693153720717244
56932,0.21326169104702317
56933,0.4444545973967535
56934,0.6412639675735242
56935,0.514828029068282
56936,0.3338215062328014
56937,0.48269527378554444
56938,0.5874409090423555
56939,0.49430695447152434
56940,0.4671541119943252
56941,0.830737335433379
56942,0.17429650606799274
56943,0.3581922437446405
56944,0.46860277425683217
56945,0.5150083817377765
56946,0.3205171995155255
56947,0.5738811232014738
56948,0.7171802866175376
56949,0.5073503118944002
56950,0.40907269337434404
56951,0.41301559401881927
56952,0.5710462196947901
56953,0.29684977745580776
56954,0.2359660269310922
56955,0.671749704517355
56956,0.6209574232760099
56957,0.652298132029435
56958,0.5610882097432442
56959,0.20260921602572912
56960,0.20554386431729962
56961,0.5560874660404347
56962,0.6948781209740706
56963,0.6575194580771101
56964,0.6097818003600931
56965,0.7632054582879051
56966,0.30274163429771406
56967,0.8046997168927033
56968,0.7099743804488206
56969,0.25776971277183625
56970,0.5619312685504262
56971,0.27275805481660376
56972,0.6750152390410086
56973,0.48621855253006097
56974,0.6505297285956833
56975,0.4510160953664042
56976,0.6640570300745802
56977,0.16487459432839474
56978,0.764142962236052
56979,0.23711121544997343
56980,0.2376847245865992
56981,0.6573954878954396
56982,0.6197842204949952
56983,0.29461495961979706
56984,0.555696883916038
56985,0.7178808084890949
56986,0.8247725761571401
56987,0.31249028454170014
56988,0.4803779680629976
56989,0.39308794208327985
56990,0.15205743565352112
56991,0.38465208930560923
56992,0.24952136524691587
56993,0.53548121912288
56994,0.34790341213977993
56995,0.4315286257300207
56996,0.6673673190047344
56997,0.3174131619670906
56998,0.7278965941162214
56999,0.23557348979485326
57000,0.284557842573859
57001,0.5111418961459671
57002,0.6293614974943388
57003,0.44376057575778094
57004,0.39953771630888096
57005,0.342400261891293
57006,0.5563949340715808
57007,0.49327571045760865
57008,0.6230104022181722
57009,0.2885518100211204
57010,0.27779675587666225
57011,0.4497254604067642
57012,0.6544482042254687
57013,0.48603660766652457
57014,0.43128472215640884
57015,0.44220899859916096
57016,0.14033792474978204
57017,0.383132662327738
57018,0.4421187437781333
57019,0.429600409966618
57020,0.3144710453471025
57021,0.6246732961290924
57022,0.5044799592110074
57023,0.5635917166889919
57024,0.41249621120223423
57025,0.401133871071779
57026,0.6511449400335223
57027,0.5599144406274538
57028,0.5530952825466745
57029,0.5221967139716024
57030,0.6338110980204752
57031,0.7944471203111871
57032,0.23427691690748081
57033,0.3825899391532538
57034,0.4955235763578013
57035,0.35469785159018563
57036,0.8411604611532874
57037,0.37976029728160976
57038,0.4451026982832562
57039,0.6140424747403334
57040,0.1500779484017054
57041,0.6808035034989932
57042,0.18878169098100261
57043,0.47936575899218226
57044,0.6191509903163487
57045,0.7790057140410176
57046,0.6820066308093948
57047,0.4548892571255895
57048,0.5276101261846388
57049,0.5655685084420944
57050,0.7762818628807489
57051,0.4287197341317198
57052,0.7149577306371458
57053,0.6332248764656747
57054,0.6851420087972657
57055,0.6286100648243921
57056,0.7620083289455484
57057,0.5770559269854856
57058,0.782806666842867
57059,0.1898609933833398
57060,0.38657798746869443
57061,0.46371948132648627
57062,0.6112657808138869
57063,0.5234448520919733
57064,0.2873542165496069
57065,0.2740147514769361
57066,0.17216614179324366
57067,0.2800466897919317
57068,0.6621479952603102
57069,0.46772982701106547
57070,0.37961655785537884
57071,0.4659394126324108
57072,0.26910784913063196
57073,0.2953124519763093
57074,0.3704681497583615
57075,0.602353535372532
57076,0.3747796114486753
57077,0.22457066669454973
57078,0.6976489612453639
57079,0.4533403278549698
57080,0.20680408099662673
57081,0.15904154369590384
57082,0.2706750969639133
57083,0.47503368821544734
57084,0.39424589188731324
57085,0.19878660293212536
57086,0.15960990079495316
57087,0.28175561873703286
57088,0.22545428878941023
57089,0.6296205502406719
57090,0.702829978626482
57091,0.7489917276993923
57092,0.5370791044592323
57093,0.2028991218801216
57094,0.2826089739112697
57095,0.46149061185559137
57096,0.6267271246852808
57097,0.23073044350367916
57098,0.5503460025606814
57099,0.6559144240412751
57100,0.2797989714168979
57101,0.6296197606127305
57102,0.506214682787091
57103,0.6268229807657147
57104,0.4507039618453674
57105,0.42027215283223
57106,0.6814478389746205
57107,0.4985672824155884
57108,0.5277203935943179
57109,0.6790879777817099
57110,0.36776120175159815
57111,0.3386459990284302
57112,0.3399238740446053
57113,0.6371046912659284
57114,0.5437102273875251
57115,0.4659304291298678
57116,0.3679613379452883
57117,0.4264524131423694
57118,0.5062418849065111
57119,0.485415261005798
57120,0.3506012519345011
57121,0.3889402392100939
57122,0.7972044685738578
57123,0.6197110980986518
57124,0.6323038659256688
57125,0.613173932005304
57126,0.35043755889664396
57127,0.46659851753900816
57128,0.5602966877067129
57129,0.6379538941083411
57130,0.6748331644094272
57131,0.17794948549513034
57132,0.3797611125490131
57133,0.4703179174474828
57134,0.13156313383991625
57135,0.23981919042794347
57136,0.451577562052321
57137,0.5001889569455813
57138,0.4440289706802248
57139,0.24273293330305845
57140,0.6866499899550895
57141,0.6415773785564118
57142,0.5296526796665726
57143,0.1853296427172413
57144,0.13854284677643489
57145,0.571338658807864
57146,0.554818304488169
57147,0.3279467134988625
57148,0.6282907681355365
57149,0.41369522102852196
57150,0.19861501540059817
57151,0.6258974802999984
57152,0.19387940143952279
57153,0.6202119061717016
57154,0.3887198217683624
57155,0.22793031778900663
57156,0.39283640597761993
57157,0.4913454517201201
57158,0.47239808648198434
57159,0.24269623777505425
57160,0.5155588130590096
57161,0.2017682639037175
57162,0.2981565047719487
57163,0.16350941162240112
57164,0.24186683843567816
57165,0.7130863196682716
57166,0.724546888400827
57167,0.4850461316549314
57168,0.3605856823608863
57169,0.14752920784054596
57170,0.4635108920165574
57171,0.5896448568104469
57172,0.5550397751216365
57173,0.24289343041223208
57174,0.596010573382973
57175,0.43510269876123087
57176,0.49438432842442354
57177,0.4983175753264591
57178,0.5326912815859135
57179,0.40482747760337245
57180,0.5346354380480212
57181,0.17349885976767282
57182,0.7242469331981066
57183,0.39795713097983143
57184,0.6792476516053677
57185,0.45479407325600607
57186,0.7105443549503694
57187,0.20128044652007637
57188,0.7272385503417385
57189,0.5435108036070292
57190,0.2668943505289734
57191,0.5395554280835861
57192,0.4588882230632555
57193,0.7349814699179184
57194,0.14307491185146534
57195,0.4024516126668658
57196,0.3200021519296718
57197,0.11453838505821334
57198,0.26838091536006203
57199,0.6415373987665918
57200,0.26999265210799517
57201,0.6466964451387958
57202,0.1792428012155695
57203,0.4039714813560162
57204,0.6876227214808888
57205,0.18625025831617592
57206,0.6507663221115466
57207,0.5407808296121811
57208,0.2437523168355416
57209,0.15100506519266446
57210,0.10686629187208503
57211,0.6982396661745395
57212,0.4210930667236329
57213,0.405254984937425
57214,0.6079094192235049
57215,0.695821132285245
57216,0.4967794203749354
57217,0.5787300306691898
57218,0.2203667145168502
57219,0.13659868179444828
57220,0.42249194150189495
57221,0.5429581071528586
57222,0.21159656209963779
57223,0.2311367670711088
57224,0.7600858506685884
57225,0.26415659698546134
57226,0.47670345468415476
57227,0.524869754443947
57228,0.47168021388470943
57229,0.46044804599784994
57230,0.3869694248796244
57231,0.36718690577142565
57232,0.5253284075643104
57233,0.5433182582125086
57234,0.42436390985077316
57235,0.5175828404290238
57236,0.7613754941287141
57237,0.4528223678559366
57238,0.28752505119413296
57239,0.5799906849757811
57240,0.1919999731369028
57241,0.582410671530047
57242,0.39733079245415437
57243,0.24599277428217087
57244,0.48367966964131737
57245,0.6147724056799053
57246,0.22048276019862076
57247,0.3438336284715823
57248,0.2768243061945165
57249,0.404525282405289
57250,0.20368015276983076
57251,0.5747870893883532
57252,0.5400484914319992
57253,0.7715522260207061
57254,0.4201490594161308
57255,0.5575192042709319
57256,0.7837552135001639
57257,0.4329304435803199
57258,0.7962299280731834
57259,0.35962721263441316
57260,0.7693170287192994
57261,0.32203480807702767
57262,0.6491201094594452
57263,0.4854862440906448
57264,0.3918214377758737
57265,0.4533325468011626
57266,0.41032577276401483
57267,0.5590221389208887
57268,0.23860441129976795
57269,0.5024901992294112
57270,0.5731024434651572
57271,0.3944827142501276
57272,0.4374091400789233
57273,0.6021576502584487
57274,0.3837148861554482
57275,0.7220377768884624
57276,0.5436122862031832
57277,0.5536331303659876
57278,0.8116251093250573
57279,0.5990693031624722
57280,0.17408637034850924
57281,0.36942766721969406
57282,0.597860564000441
57283,0.10207953527209399
57284,0.6242451784548373
57285,0.28866016189931876
57286,0.7174360394689459
57287,0.3608220225184048
57288,0.5762035303198638
57289,0.529994588443433
57290,0.3379703195258932
57291,0.6402265559268436
57292,0.24808959862803046
57293,0.24577315554338952
57294,0.42736661518863084
57295,0.5886929973476851
57296,0.2519467360573476
57297,0.5284961996123513
57298,0.6328036363466163
57299,0.320215163000724
57300,0.16643615010665191
57301,0.731785368476791
57302,0.49319529354893044
57303,0.2553952544856118
57304,0.19583461621357004
57305,0.597744836086535
57306,0.6644027044805967
57307,0.2879673243605635
57308,0.6923149168365809
57309,0.4164545117338024
57310,0.38145969596488416
57311,0.5577958165059296
57312,0.5115146383232865
57313,0.24502421597815097
57314,0.5683886549775949
57315,0.5734713616639767
57316,0.5408104572110504
57317,0.2633631801923903
57318,0.5656132298167758
57319,0.18596526919283662
57320,0.5043790645756474
57321,0.5039462181629953
57322,0.5433170008201469
57323,0.16129627810814934
57324,0.5423095435636773
57325,0.20922158916460565
57326,0.21933306983431322
57327,0.3503176552833932
57328,0.23845053171810046
57329,0.2624466773018119
57330,0.1621146075244782
57331,0.2242693440907398
57332,0.28954485254322215
57333,0.5658992083469085
57334,0.38076735920031574
57335,0.21816211445539774
57336,0.5070271386457287
57337,0.1624858076928632
57338,0.6319833207303751
57339,0.5312111248504938
57340,0.2756085545786816
57341,0.413358698561072
57342,0.6128987073581467
57343,0.7168865009250478
57344,0.6388685935841684
57345,0.48880303792149443
57346,0.6110119821451574
57347,0.5370498488090182
57348,0.2492793267967183
57349,0.49090437301430323
57350,0.15592091425878954
57351,0.410330885418813
57352,0.4839897654659573
57353,0.2040897554382195
57354,0.46624496827962586
57355,0.7130609583837
57356,0.7012959802154339
57357,0.5067964893283052
57358,0.777634092217996
57359,0.2430335740171846
57360,0.661611740564678
57361,0.22987104468024736
57362,0.43664523052678617
57363,0.15049020308504546
57364,0.22191942831869566
57365,0.5361883607771377
57366,0.4152732431307533
57367,0.519865228793214
57368,0.6265020772522971
57369,0.19090748453938092
57370,0.26925079396833435
57371,0.5951393606639346
57372,0.7810930916840626
57373,0.6393017807353841
57374,0.1720042101257469
57375,0.604892125447735
57376,0.4203393794779391
57377,0.7146942777897969
57378,0.5030947256584625
57379,0.6352255574568177
57380,0.5706021690477752
57381,0.6486514283658117
57382,0.45574032990854507
57383,0.3942256071315686
57384,0.5732234744073588
57385,0.4559635138808588
57386,0.6370864051802481
57387,0.1780990773119199
57388,0.5886790656886917
57389,0.5662819089773246
57390,0.16574921459992387
57391,0.3439506220611794
57392,0.3205111871395629
57393,0.407667332648465
57394,0.5927991417379944
57395,0.6985597686828106
57396,0.1851505801510539
57397,0.6734372895034031
57398,0.37997465372247896
57399,0.5711999694185504
57400,0.5293882388317277
57401,0.12040255699111639
57402,0.2865350216815207
57403,0.7484303052829042
57404,0.6892792348717396
57405,0.8357872879417518
57406,0.5021951093665722
57407,0.6762954582720606
57408,0.8588115402658612
57409,0.15055008091480157
57410,0.4603625320429057
57411,0.30354535388533455
57412,0.7417722318212201
57413,0.5709564704215122
57414,0.3827710986660783
57415,0.5141339536467385
57416,0.6380925914913486
57417,0.5125447217847414
57418,0.28554577104595685
57419,0.45041230589214654
57420,0.6145422586059766
57421,0.5493400600402061
57422,0.5132267687257992
57423,0.4248622273710423
57424,0.6448824488884621
57425,0.5087035358883348
57426,0.5796224015231697
57427,0.44977901330176273
57428,0.7560436123643528
57429,0.4986874717138136
57430,0.6998065102547935
57431,0.4696403245001547
57432,0.5894889620144764
57433,0.4586073353542459
57434,0.4635488812169309
57435,0.47196415558123694
57436,0.6463807566068996
57437,0.18083423098081153
57438,0.1624082771556175
57439,0.26832630745724023
57440,0.17659462842364182
57441,0.20524394837668483
57442,0.2229920926650809
57443,0.6253533872145987
57444,0.351385337711399
57445,0.24367845780126307
57446,0.44223285423283376
57447,0.3398483457136752
57448,0.28708918773125425
57449,0.27158211356498213
57450,0.7776231081071336
57451,0.6067115407551473
57452,0.4571564337378144
57453,0.25437666699232336
57454,0.5468907272972123
57455,0.2157700736317656
57456,0.4382410875951786
57457,0.4212633819675566
57458,0.18116127841727162
57459,0.7109976253897019
57460,0.567862755594087
57461,0.46761131501333886
57462,0.2182259991465942
57463,0.6471838729235343
57464,0.5522339018202124
57465,0.7076616777219098
57466,0.2664882173937575
57467,0.40272737441755524
57468,0.7304273485753973
57469,0.2990623916919393
57470,0.35864457237664377
57471,0.18506376659556065
57472,0.44233560612458533
57473,0.5870409413753044
57474,0.5575373443271048
57475,0.7513397782381279
57476,0.6514674317082052
57477,0.41624036185909263
57478,0.5357510588940465
57479,0.47991942144821675
57480,0.4136109139434344
57481,0.5814259917436159
57482,0.31291127853958645
57483,0.48503295232691596
57484,0.19082938089130438
57485,0.5718586060982076
57486,0.4392013786958492
57487,0.2635513650100149
57488,0.6349906227012185
57489,0.6312245745819822
57490,0.5727304433827037
57491,0.3743432260436723
57492,0.6011370908964367
57493,0.4391877913459846
57494,0.5932313436710014
57495,0.5288674018625817
57496,0.35252527576237513
57497,0.3307746847922571
57498,0.6709443479028623
57499,0.6763287479911912
57500,0.23508106364706263
57501,0.30611678478979254
57502,0.6419550253016956
57503,0.33126318131445076
57504,0.3498724460101854
57505,0.5237160266135055
57506,0.26305152928188286
57507,0.5857007480167932
57508,0.24131729207185965
57509,0.7675407538715626
57510,0.6429346317830651
57511,0.4656342391230358
57512,0.3838076440831858
57513,0.3766818116689734
57514,0.2976384646714177
57515,0.3795104140033306
57516,0.4472514551405641
57517,0.6410130586007682
57518,0.35841841570488003
57519,0.32685675291606164
57520,0.3461669851821005
57521,0.8483315207173312
57522,0.49268639842887596
57523,0.6162282851252946
57524,0.8413089340962911
57525,0.5224079758904366
57526,0.19429650798946435
57527,0.4846903643675479
57528,0.22670684193226026
57529,0.6953751526397784
57530,0.3923902042972044
57531,0.6863885619708399
57532,0.6258792188626788
57533,0.41864445376973647
57534,0.77112952283587
57535,0.43283113721826116
57536,0.5454302301654358
57537,0.26715006831071586
57538,0.4541191745233185
57539,0.35719789661104423
57540,0.6266174941143952
57541,0.34892458365904566
57542,0.6519385656795578
57543,0.4330267300153293
57544,0.6286015766869849
57545,0.37550951317390424
57546,0.3775835720845191
57547,0.5130097733304091
57548,0.7589157727712526
57549,0.4424120748988488
57550,0.4904380767608296
57551,0.6292754538335017
57552,0.5989159773652679
57553,0.1973034258928488
57554,0.7204413549473396
57555,0.2466191669968579
57556,0.5369649863511999
57557,0.3366145378998387
57558,0.627857957844703
57559,0.31741008361972667
57560,0.2129096913612385
57561,0.5845909210235078
57562,0.7307911750521111
57563,0.40715163043952396
57564,0.5356852178027585
57565,0.7010874162235666
57566,0.4687987158115936
57567,0.6656937863951572
57568,0.36957476309208465
57569,0.6299227970903746
57570,0.17198991348580014
57571,0.6618402415733992
57572,0.7082337268478242
57573,0.27443033514972653
57574,0.6877626025691854
57575,0.4866891327773467
57576,0.5026752956239314
57577,0.462555351883137
57578,0.4992363319023593
57579,0.7248627968563808
57580,0.48058334279720666
57581,0.3256343669659019
57582,0.22894968876546212
57583,0.5454950066576829
57584,0.3003446109667451
57585,0.5714378924355143
57586,0.47183055961830644
57587,0.6557743827659306
57588,0.5516819868144817
57589,0.6323992600070313
57590,0.7328201080174161
57591,0.6707547847898757
57592,0.7144160716984636
57593,0.6793752754391844
57594,0.6231298979463314
57595,0.5102659735456152
57596,0.456711259474951
57597,0.48657304465177276
57598,0.25489008775052174
57599,0.15281569201944536
57600,0.4778585136776504
57601,0.39251426085717694
57602,0.41824432974243
57603,0.6947626676647296
57604,0.2419452101382217
57605,0.7611387796645395
57606,0.2583681606596615
57607,0.621472538275886
57608,0.41396998863262
57609,0.5055331592575977
57610,0.16040034114708404
57611,0.44506034907272857
57612,0.5345799634567707
57613,0.3472160868411905
57614,0.3507448688207966
57615,0.3846705390721024
57616,0.7044651116575054
57617,0.4503518842895771
57618,0.49955162213614696
57619,0.7489983247746913
57620,0.520118145894143
57621,0.4130281277328605
57622,0.6240940919780211
57623,0.2776304158538735
57624,0.5647440063966139
57625,0.5950241022512812
57626,0.31422564959636
57627,0.44553103674165206
57628,0.5710261182771931
57629,0.6848430840870489
57630,0.4660111012723949
57631,0.6480328401130913
57632,0.48008228826876315
57633,0.4357753855478375
57634,0.3310350563437323
57635,0.3475034534188316
57636,0.43171478902829596
57637,0.5230328855557
57638,0.7011946178580774
57639,0.517911349862735
57640,0.6748722443804969
57641,0.2726525806581845
57642,0.5149708111136377
57643,0.2696545816841114
57644,0.25381776291075075
57645,0.30505279828155085
57646,0.5310483453658938
57647,0.15676400722444164
57648,0.5479344710026832
57649,0.4750972552058138
57650,0.6205104497054551
57651,0.29764532461712173
57652,0.6895865594760022
57653,0.7151579640543124
57654,0.4040148953436443
57655,0.42309873717326246
57656,0.44526249781037364
57657,0.5097962804940694
57658,0.26091006499843183
57659,0.449023476613026
57660,0.43148701651523247
57661,0.5844320505015
57662,0.32830883252384024
57663,0.7669064007836919
57664,0.6804100382773711
57665,0.5218520054470908
57666,0.35144392768986465
57667,0.6897920135640274
57668,0.6740854029400281
57669,0.571816864487692
57670,0.3895277330630608
57671,0.5009462991505902
57672,0.33377064761023767
57673,0.6919609971427148
57674,0.6406681370448707
57675,0.6302005223824041
57676,0.5627806253599116
57677,0.5158061964419713
57678,0.32497088336102364
57679,0.6021447097585125
57680,0.7629604103134529
57681,0.5736510690446118
57682,0.6272616989796967
57683,0.6550397465692074
57684,0.5726929566568506
57685,0.4808456897806004
57686,0.48485624815417605
57687,0.26356952267056577
57688,0.45294651330235336
57689,0.1369191693574708
57690,0.6599390578185821
57691,0.5463480758864229
57692,0.3830055113805978
57693,0.3311397727977733
57694,0.5196191947321618
57695,0.5854360817769488
57696,0.6252312696022971
57697,0.3681439425117189
57698,0.6876848809248741
57699,0.5746616271661695
57700,0.6521885771193243
57701,0.5315822512304815
57702,0.41929043711912206
57703,0.7343181570798575
57704,0.5853192262346483
57705,0.4959332275333685
57706,0.7421934579775629
57707,0.5371810213726038
57708,0.6272606274613649
57709,0.4982950581928036
57710,0.4981873271291478
57711,0.2529904356289867
57712,0.7839106659480263
57713,0.1451992920265826
57714,0.2854850172350405
57715,0.4801544299019057
57716,0.6020584334439666
57717,0.21745139964257854
57718,0.23324141606281054
57719,0.1774599700023209
57720,0.31026542203733154
57721,0.523243514422551
57722,0.6096570150477725
57723,0.4597459945696659
57724,0.4311012351675129
57725,0.7241725021424189
57726,0.3448196663510193
57727,0.19525434370637978
57728,0.30675378131215225
57729,0.37419949181657836
57730,0.6507428659568593
57731,0.5053130490523355
57732,0.45087253323249477
57733,0.5686002110829765
57734,0.3508823349547331
57735,0.3197629294950835
57736,0.5726394351945131
57737,0.242141918871824
57738,0.7709810634020597
57739,0.6471221995057443
57740,0.733709996476358
57741,0.42421242654052904
57742,0.6510884627980058
57743,0.5550143622456393
57744,0.49507662489941495
57745,0.7861062206209202
57746,0.6305350580790663
57747,0.5394424410812462
57748,0.4269953776509345
57749,0.5810187477709972
57750,0.7343481342334361
57751,0.5082993526660579
57752,0.6885150245697702
57753,0.7019061523161377
57754,0.550504795230503
57755,0.48938339300312866
57756,0.44198022384036406
57757,0.5990500165882295
57758,0.7402835525508344
57759,0.45791776545287166
57760,0.4656380440545973
57761,0.3644615438003693
57762,0.5963982567417454
57763,0.5965782455646
57764,0.3005414750039028
57765,0.4364387290760182
57766,0.5155384215363142
57767,0.1909699409822013
57768,0.5493106825474882
57769,0.5473255880171589
57770,0.3293262396825415
57771,0.6304540523521514
57772,0.6709315374507839
57773,0.30150984171908796
57774,0.1710784276429887
57775,0.5984628755547963
57776,0.660072796955984
57777,0.1307618525147844
57778,0.48827394167803995
57779,0.4493026052826963
57780,0.3213762134004669
57781,0.22509979604826816
57782,0.24739212038138306
57783,0.369315310131252
57784,0.5246390120914057
57785,0.337549309123289
57786,0.6021018168868757
57787,0.2802379669671157
57788,0.27223370475449726
57789,0.23473632706102748
57790,0.41556031714048236
57791,0.3500633977597326
57792,0.6027460722836029
57793,0.6556650027106903
57794,0.42385450272969416
57795,0.3020555309143276
57796,0.21648283688123848
57797,0.5560219438301672
57798,0.545970384456276
57799,0.5254254939118982
57800,0.5162677251802663
57801,0.7604279621631372
57802,0.47247509478486843
57803,0.3238544579798832
57804,0.13956536498112299
57805,0.4876271292938049
57806,0.4237529316048434
57807,0.3556444830130967
57808,0.5693680288439512
57809,0.3738273919619465
57810,0.4764525219755707
57811,0.5444141357737837
57812,0.18297537316934376
57813,0.5086877198383244
57814,0.4296212336191336
57815,0.6913959769650407
57816,0.5191619868908891
57817,0.19190952197314312
57818,0.5443391569161395
57819,0.4698326101631257
57820,0.7356780777980355
57821,0.4646430209360837
57822,0.4849540861132098
57823,0.7269590605540226
57824,0.1756143689792186
57825,0.35955641053221715
57826,0.5076235309824502
57827,0.19520371939823988
57828,0.5062272783287091
57829,0.3986151110781456
57830,0.2186890165173635
57831,0.6325564076728443
57832,0.5896394452996369
57833,0.7564151632786611
57834,0.5954488438029276
57835,0.46079622989367497
57836,0.4464693110783564
57837,0.6691548586990025
57838,0.5689018612998031
57839,0.47822633364662936
57840,0.5725865705742839
57841,0.5739538304193844
57842,0.2663580404293077
57843,0.6583108787935527
57844,0.38072100050235913
57845,0.5705284069447182
57846,0.38496646871933904
57847,0.35867061703925684
57848,0.4070356669493791
57849,0.4168903833588657
57850,0.44690581179491595
57851,0.6483171904418262
57852,0.5471934029956672
57853,0.19396335762646766
57854,0.3820174378721166
57855,0.564649394014459
57856,0.6263060061152741
57857,0.16591070062219043
57858,0.649519908337175
57859,0.8086012865675076
57860,0.5765417017433315
57861,0.47389758337375754
57862,0.15086497086942233
57863,0.12077427099673695
57864,0.4615925867187606
57865,0.7578496351609856
57866,0.2662926362038692
57867,0.2958508420953904
57868,0.5982432067203669
57869,0.20765182200646232
57870,0.2146845870560591
57871,0.5851994360009263
57872,0.18955125758766664
57873,0.8435489399890448
57874,0.52192965699838
57875,0.18997072463061476
57876,0.4236374184748879
57877,0.624770083595938
57878,0.41832741300264875
57879,0.588467375349441
57880,0.28731757247389367
57881,0.5919807438713195
57882,0.2588559851109883
57883,0.5380954975510249
57884,0.5996489708013617
57885,0.22652973183268132
57886,0.5068423705131445
57887,0.7517781294274948
57888,0.5416069668173331
57889,0.8102514228502213
57890,0.5215059899769736
57891,0.5268113862362237
57892,0.43865215313944894
57893,0.299016725442937
57894,0.813788083191992
57895,0.49473337856017824
57896,0.584306301780321
57897,0.6327911476749812
57898,0.16999070159981547
57899,0.5636984015590376
57900,0.612015984303855
57901,0.28342743907608237
57902,0.614230075053499
57903,0.7066051911626301
57904,0.5780146708948078
57905,0.22768035254680366
57906,0.6776394345633387
57907,0.7879866729534585
57908,0.5618242860544522
57909,0.4386912153553044
57910,0.5418678005221274
57911,0.5720563198790715
57912,0.49913410517504014
57913,0.5334952119871019
57914,0.2678395800494944
57915,0.5702432084740238
57916,0.25154869866657686
57917,0.6778083064064249
57918,0.394539897744854
57919,0.1645155641053992
57920,0.6865912062059502
57921,0.7683599191270833
57922,0.7629332372010651
57923,0.7118425000574538
57924,0.6875030139075736
57925,0.55402985773586
57926,0.22216788683804173
57927,0.5351167677692861
57928,0.304703266922161
57929,0.6837941320761005
57930,0.3961116807874152
57931,0.4563940509187536
57932,0.27026498284802314
57933,0.5374720687334233
57934,0.2610725435556583
57935,0.7582009209187589
57936,0.19238002188040884
57937,0.25916366363481214
57938,0.41255170362476445
57939,0.3930397744498073
57940,0.15276301724432786
57941,0.5832943661360406
57942,0.38395353580839364
57943,0.2651833900748638
57944,0.37785509937983464
57945,0.6005105861672921
57946,0.40811013840454624
57947,0.5351684906403413
57948,0.6694220139620806
57949,0.3921982750007347
57950,0.42951608261679664
57951,0.4177811417644832
57952,0.46320600233020814
57953,0.47027850976431407
57954,0.21111570700965016
57955,0.6595443163427568
57956,0.7583734411938935
57957,0.45255979630548215
57958,0.2892883638704937
57959,0.695674376514281
57960,0.21340120276093855
57961,0.7574875298364308
57962,0.5111058801692331
57963,0.3931365996244513
57964,0.3631847835636842
57965,0.6329582164356644
57966,0.4296580430305314
57967,0.46281976066278463
57968,0.45305166553177556
57969,0.35626369503539435
57970,0.36059329494698417
57971,0.13514847602676366
57972,0.439253302893198
57973,0.20196687314478817
57974,0.319857595152389
57975,0.5536818488219684
57976,0.3045797637730829
57977,0.49476082861990134
57978,0.26781514552682056
57979,0.6357299373154797
57980,0.8204947070014201
57981,0.5342107891530082
57982,0.625037482752109
57983,0.4293047164914641
57984,0.4782507554168892
57985,0.5996875502398537
57986,0.6210643883923984
57987,0.4732641032951521
57988,0.4926000364862926
57989,0.26075284113996183
57990,0.6904716991846538
57991,0.32148352500659727
57992,0.6333706811482127
57993,0.6375679157996416
57994,0.4201211012014247
57995,0.5644389942782788
57996,0.5957358995415718
57997,0.4335785154307408
57998,0.5903784862037361
57999,0.20208123621085383
58000,0.4168690092163989
58001,0.6344926500732702
58002,0.17490185336959446
58003,0.15697326160610536
58004,0.20270882478782296
58005,0.16741938530699202
58006,0.8084428405577987
58007,0.5776824741095008
58008,0.6286164391922862
58009,0.37576764883035146
58010,0.408655639998713
58011,0.47150604139071106
58012,0.617362440531257
58013,0.5551703818353827
58014,0.20217094038097766
58015,0.5474907237551062
58016,0.20308158816808092
58017,0.46030422718487196
58018,0.7153821785158087
58019,0.7146927639131068
58020,0.20457229110769143
58021,0.749065662791771
58022,0.14135715609690902
58023,0.435408908367954
58024,0.34823231706993923
58025,0.19777123985009953
58026,0.7188296856860983
58027,0.3463840394867326
58028,0.23728765137813235
58029,0.6643603035301688
58030,0.5657140711074099
58031,0.5266256389317306
58032,0.42055559193579906
58033,0.3834473714850595
58034,0.6028258743154943
58035,0.4033900396181346
58036,0.5931090441623281
58037,0.4137400536408747
58038,0.7796849937121069
58039,0.5502702466355855
58040,0.4232919591953187
58041,0.4718165137862165
58042,0.5177900298021598
58043,0.2272287310863324
58044,0.2885821955585101
58045,0.5606557481948977
58046,0.5959609644104101
58047,0.35313404417884864
58048,0.6812959736522978
58049,0.18823785767651569
58050,0.40722364486219814
58051,0.5080514658806087
58052,0.2728622811505436
58053,0.1914200491139159
58054,0.4865258907078185
58055,0.22688536187685893
58056,0.28779116377227687
58057,0.415241114123591
58058,0.3549165556857954
58059,0.4154868502481397
58060,0.14167301426618564
58061,0.16262633374579266
58062,0.1596233230343806
58063,0.13134291811316087
58064,0.4962213095041215
58065,0.26848876834341745
58066,0.5169616680000015
58067,0.702574535918336
58068,0.4459032042976957
58069,0.2671819039263491
58070,0.4425444275654319
58071,0.6643694188359116
58072,0.36022951592483343
58073,0.4570805807544981
58074,0.7540523502266862
58075,0.7436419940745418
58076,0.4018356032962852
58077,0.41817615975710076
58078,0.35697552804136057
58079,0.4741891975185648
58080,0.5237656114183826
58081,0.22763469094976857
58082,0.6531504149216002
58083,0.6004247352811511
58084,0.5371516556236331
58085,0.32401750630025566
58086,0.6327509687767245
58087,0.3473962882710711
58088,0.4870890885263661
58089,0.7407562413661986
58090,0.23687394193151418
58091,0.34216943166126856
58092,0.7575938272112459
58093,0.7218666766074682
58094,0.21299690231597534
58095,0.5397483220305149
58096,0.3927071770144195
58097,0.5229535478343316
58098,0.5129450489129743
58099,0.5041778777693263
58100,0.5891791974056692
58101,0.4844862173271043
58102,0.2995994995685711
58103,0.1950512843621139
58104,0.4224048231715013
58105,0.16633473992903824
58106,0.2871636576201494
58107,0.20388919383273812
58108,0.560260142771429
58109,0.5095708664844497
58110,0.24518630597051905
58111,0.38072006071149544
58112,0.34474671151664693
58113,0.6447274804319578
58114,0.2955634019795717
58115,0.3124743598971771
58116,0.47745356957503443
58117,0.8000493221791825
58118,0.7270627426883465
58119,0.6294748622332673
58120,0.33302298826439236
58121,0.4999748509452312
58122,0.840047586500181
58123,0.2052372322628714
58124,0.24339892718624034
58125,0.35479381917175745
58126,0.41050112629483315
58127,0.43162360880757766
58128,0.4513986814201321
58129,0.630770776243872
58130,0.7221664931223815
58131,0.6666502213033862
58132,0.281857654610001
58133,0.5874104145090864
58134,0.42271059500693964
58135,0.50465643013927
58136,0.78907072329005
58137,0.7216400692116716
58138,0.7182206414888546
58139,0.2410671455162557
58140,0.20707335681891192
58141,0.43961870926634383
58142,0.4524587246580397
58143,0.6488333460818441
58144,0.611259262837931
58145,0.5199781853138487
58146,0.4564785549502649
58147,0.6498189214149115
58148,0.3408872575565902
58149,0.8572191502404465
58150,0.409320210110239
58151,0.6629458931722175
58152,0.7563855572057743
58153,0.6257609940573541
58154,0.27307662791890075
58155,0.6772614217409625
58156,0.18703052243677126
58157,0.34432762040747134
58158,0.3209200120255378
58159,0.11584468742312533
58160,0.3344445854720643
58161,0.20575626836872085
58162,0.5991173051303474
58163,0.28542501735684594
58164,0.2652285956841239
58165,0.6561870875703422
58166,0.7146864185221637
58167,0.15358717577004793
58168,0.4594391601429365
58169,0.3581940392117165
58170,0.6032497583954739
58171,0.1507800945137096
58172,0.5238383911564455
58173,0.34193399121456447
58174,0.7164878900669249
58175,0.6450702356586412
58176,0.4688982233230995
58177,0.5475241724020441
58178,0.6919855531975738
58179,0.7961969239677508
58180,0.452403171060636
58181,0.4071542964271731
58182,0.4315852133188704
58183,0.21809651584525108
58184,0.2537503952751614
58185,0.25572875104193993
58186,0.38481036884887565
58187,0.47047343327920466
58188,0.6161249974405918
58189,0.34064587469753504
58190,0.1629876251833522
58191,0.2580711328544899
58192,0.5377398150180291
58193,0.5304753348335023
58194,0.23283754850453364
58195,0.1464095960989944
58196,0.48574957806635166
58197,0.2072493260984814
58198,0.6509728792786551
58199,0.4910095757428668
58200,0.6193061189419263
58201,0.5155466458346852
58202,0.565195999023867
58203,0.5676316073300773
58204,0.546455484941025
58205,0.5440960972698712
58206,0.710387343041791
58207,0.5750421500904646
58208,0.18393239341698678
58209,0.22486728312809745
58210,0.4302771371661261
58211,0.36549700637514826
58212,0.18976660525386793
58213,0.8398977965203851
58214,0.44060913793427187
58215,0.43038287792587593
58216,0.20851561890012307
58217,0.5866835146584002
58218,0.10989907448663411
58219,0.6339086997426994
58220,0.2453638569860962
58221,0.46110049183968294
58222,0.57153127895292
58223,0.5230078646003589
58224,0.5896110175369081
58225,0.4522855457249574
58226,0.45188071404575647
58227,0.37202381191233
58228,0.2141356686127783
58229,0.5243977647106668
58230,0.2775678578779745
58231,0.5250590137118639
58232,0.2845960897102359
58233,0.4938116106735432
58234,0.532869325040445
58235,0.601204642436387
58236,0.6100442079540669
58237,0.6940569463688611
58238,0.38649744464966906
58239,0.5722464060646428
58240,0.25624080328362964
58241,0.6443630568934855
58242,0.4864324742229383
58243,0.22742173592147502
58244,0.7947459941873778
58245,0.5165145689495343
58246,0.6114331816485848
58247,0.32404258131824315
58248,0.3164278247195197
58249,0.19320826948578762
58250,0.4178269579160112
58251,0.2620771059226715
58252,0.7320311469999491
58253,0.5193938968564916
58254,0.14286920261905878
58255,0.15971714063359344
58256,0.39941418693699426
58257,0.22858725572448396
58258,0.5512888965550176
58259,0.2956009382567933
58260,0.6619729802923162
58261,0.15176378646283253
58262,0.15963959606163663
58263,0.34193791073725155
58264,0.7614406652330769
58265,0.18972206011903747
58266,0.29422380506366763
58267,0.5191339022731235
58268,0.33362039849913405
58269,0.19459090334099238
58270,0.4396957288717434
58271,0.6905110263562424
58272,0.8103922399602018
58273,0.6483964696880886
58274,0.22576815640093367
58275,0.5651345114199727
58276,0.26466608608641584
58277,0.6274351382582163
58278,0.48366650513801396
58279,0.266642238320432
58280,0.6724487661729399
58281,0.6219373891745289
58282,0.7690117402209771
58283,0.4007960346970285
58284,0.25801676561110254
58285,0.5479486001146687
58286,0.5353367947109129
58287,0.5553507043907915
58288,0.36252919211159607
58289,0.6836633297942094
58290,0.5930660325668284
58291,0.6713617838274389
58292,0.21588898896807718
58293,0.5788454942420196
58294,0.4249625745822142
58295,0.2739427360904391
58296,0.5379027102106001
58297,0.5896329638304569
58298,0.746465843621922
58299,0.46993292982994667
58300,0.3956307285475113
58301,0.49510271868365874
58302,0.22108755894838084
58303,0.4191254895510629
58304,0.6984142058906
58305,0.299957968037589
58306,0.2919918589251499
58307,0.5906663740823866
58308,0.7793659725221648
58309,0.5997107157478121
58310,0.42364089844590824
58311,0.30750831641499415
58312,0.8045671564858985
58313,0.19625980429161713
58314,0.27846366939017597
58315,0.34469292443382454
58316,0.5571460784317415
58317,0.6057280278871727
58318,0.20354465641730957
58319,0.38067722827924305
58320,0.5050646816512473
58321,0.7488687572205459
58322,0.24267863657114025
58323,0.537998693110493
58324,0.19992565212910818
58325,0.07042143528067622
58326,0.375467723000348
58327,0.22698263253122658
58328,0.16251853956847534
58329,0.5685863808137008
58330,0.17984725788669823
58331,0.575613286775559
58332,0.5114832119503898
58333,0.6965903024822374
58334,0.6332662387299474
58335,0.5767138862375615
58336,0.4527420782818473
58337,0.6972862951555823
58338,0.4177569734187796
58339,0.46691702329818296
58340,0.6051550363958943
58341,0.2637808849918979
58342,0.3565077194442532
58343,0.7475146342581309
58344,0.24540006578955065
58345,0.5434462607718845
58346,0.42087176853801433
58347,0.38875650502962045
58348,0.41527125420210836
58349,0.7355643230837869
58350,0.7378267497689835
58351,0.15600130411712854
58352,0.7484415856717651
58353,0.23130611172300525
58354,0.5819332685730827
58355,0.5964521859115524
58356,0.6144757633204366
58357,0.5289291057214707
58358,0.15996700378488804
58359,0.5915126755047393
58360,0.31083478234474854
58361,0.3188972890960435
58362,0.21956324911637726
58363,0.3146445323859539
58364,0.23004237873678418
58365,0.5063579116658204
58366,0.39198751541790644
58367,0.44738881166755823
58368,0.5447465570104794
58369,0.2995146791850226
58370,0.7181772268697821
58371,0.26233417514624685
58372,0.39746752355043563
58373,0.5451668233412804
58374,0.22919548887770327
58375,0.38752406612714213
58376,0.627812097714008
58377,0.42347481826640215
58378,0.2123153625912683
58379,0.5699514183397505
58380,0.5368896805625184
58381,0.5986946348809713
58382,0.4330013379218186
58383,0.4596211503594899
58384,0.16073638421433945
58385,0.3501930954846904
58386,0.30562107681275746
58387,0.6421053942126371
58388,0.7050663914744348
58389,0.6336433131167749
58390,0.7346447051331374
58391,0.4253423988652092
58392,0.7923607042127574
58393,0.2628239082312045
58394,0.6313679154286043
58395,0.3435473502208031
58396,0.4686847182304602
58397,0.3858900066620678
58398,0.3420532569122315
58399,0.1699694016354512
58400,0.6867438001564535
58401,0.7229556765196922
58402,0.5549033364599065
58403,0.1286284762334324
58404,0.6813795278180487
58405,0.48444394024691473
58406,0.629748067105713
58407,0.2002333184810527
58408,0.5584404336728721
58409,0.1844082970671956
58410,0.38101855805582935
58411,0.7185776196492799
58412,0.27543554418158406
58413,0.8261857488551362
58414,0.5785120874785925
58415,0.14685719147873183
58416,0.21719938461360566
58417,0.6093383323028998
58418,0.31746256783725074
58419,0.7201134404657497
58420,0.4885449992906067
58421,0.6617508784572432
58422,0.6114052508975552
58423,0.5252207072040409
58424,0.21470711125794745
58425,0.21231164209007522
58426,0.284953414774143
58427,0.16707781322202292
58428,0.503202394183584
58429,0.7866670525722365
58430,0.789924587562172
58431,0.3579028971625579
58432,0.23071148602216662
58433,0.17948954719959098
58434,0.27952579158630736
58435,0.5064575273645615
58436,0.5824377827238348
58437,0.5762912889687591
58438,0.1609821362259619
58439,0.30926975240719823
58440,0.26852291238397547
58441,0.24816948322665788
58442,0.3487090754501735
58443,0.6876888027928756
58444,0.19961508832835964
58445,0.7180828622789064
58446,0.6935272445443331
58447,0.8229358472523387
58448,0.3942811041904444
58449,0.5246179138272482
58450,0.7427734130339703
58451,0.5484636766598548
58452,0.5071617051592205
58453,0.5998846808661804
58454,0.20908148473871757
58455,0.696143408044532
58456,0.6851970579007984
58457,0.584417676695598
58458,0.6250039191811815
58459,0.6431730102687618
58460,0.22348789130928198
58461,0.18843635483365934
58462,0.5307419901612088
58463,0.745738993150346
58464,0.46398826853526753
58465,0.5308965865707224
58466,0.6223944324057277
58467,0.5652380460293408
58468,0.6015890599499576
58469,0.7180887241659091
58470,0.4143175635983314
58471,0.5968035678295126
58472,0.602576896649631
58473,0.42135615376946645
58474,0.4871182322376232
58475,0.38815004281905907
58476,0.49835499527291083
58477,0.5941034398145191
58478,0.24911449319595627
58479,0.5867787954548211
58480,0.4553324258302345
58481,0.15743767055978183
58482,0.42242361957678687
58483,0.18963910701620665
58484,0.7089430770416791
58485,0.251913296907184
58486,0.43422423206077443
58487,0.44474244873147095
58488,0.7964752662823631
58489,0.2593490044477193
58490,0.4877687941411082
58491,0.29157034057984776
58492,0.3784819293803256
58493,0.6192339779408859
58494,0.7721533014425903
58495,0.6203026643873464
58496,0.20597549401988247
58497,0.5016893385972943
58498,0.20352929610336495
58499,0.4587112196724109
58500,0.6178237360274186
58501,0.5604414426279882
58502,0.24252238934391912
58503,0.1085854302427469
58504,0.585635780107306
58505,0.6538286161741463
58506,0.4728518023586751
58507,0.24782275868347797
58508,0.22264750818693746
58509,0.6083587731080213
58510,0.3894813698209703
58511,0.5701027049758918
58512,0.23916256947085426
58513,0.5916417860106841
58514,0.27695647094154396
58515,0.2531936250050524
58516,0.4499456157001745
58517,0.25328358464359035
58518,0.29079318727219877
58519,0.40664931762868295
58520,0.28755976272326955
58521,0.5062534823896226
58522,0.5419026816484086
58523,0.5545515040571459
58524,0.18140738915138244
58525,0.17785507213654744
58526,0.7764111674631956
58527,0.2810823178991766
58528,0.49063097582752
58529,0.5282321822032443
58530,0.7524760017215292
58531,0.49190001335751615
58532,0.47865674472960884
58533,0.587777098249073
58534,0.7293155777180762
58535,0.47182886310740113
58536,0.5537269829525299
58537,0.43117089013787147
58538,0.47926589200576597
58539,0.8305822255362088
58540,0.24254132919518281
58541,0.41181936206808856
58542,0.41771761255077733
58543,0.6255948349679895
58544,0.590408669556968
58545,0.5412498967745526
58546,0.5243066892605641
58547,0.5428143945915352
58548,0.592113983257906
58549,0.5288043941631471
58550,0.4975544781024485
58551,0.6544101907668265
58552,0.15019825854076255
58553,0.19976931718648785
58554,0.5882769682621717
58555,0.5241232653937985
58556,0.6915678573774349
58557,0.5671774514501837
58558,0.3815600696508977
58559,0.20860687564772679
58560,0.46647498090999345
58561,0.5776831961542184
58562,0.5634892564132776
58563,0.2604641059547125
58564,0.647642277679567
58565,0.46499466620685725
58566,0.7220216161615683
58567,0.3681496946598909
58568,0.5002181037207493
58569,0.28333900053891403
58570,0.3700470797023845
58571,0.5960032313341505
58572,0.5433859086197742
58573,0.4267114568462448
58574,0.17406518110560948
58575,0.4795218653036129
58576,0.6053967186038519
58577,0.6837970392323788
58578,0.5215702372666919
58579,0.5689232776747403
58580,0.520912006642654
58581,0.327276853721005
58582,0.5505942778719091
58583,0.5346429646733692
58584,0.5371134221885144
58585,0.46652677538596093
58586,0.4788478252197075
58587,0.5157895496123459
58588,0.3674452406452193
58589,0.5183886989603751
58590,0.3403526146421026
58591,0.14445846898531944
58592,0.17866776437236914
58593,0.6357540833322042
58594,0.7398342709063735
58595,0.33052566646395753
58596,0.5764421149837431
58597,0.7641816334195828
58598,0.44767293744326864
58599,0.5641792168388543
58600,0.5039561524995051
58601,0.5843624344671546
58602,0.5607869935068986
58603,0.6781958688259409
58604,0.4871289402427151
58605,0.3459215117367853
58606,0.5977690265011332
58607,0.6046643350172551
58608,0.7140681133320335
58609,0.2803096759242629
58610,0.5426626168054913
58611,0.5779396756075085
58612,0.5791643734807869
58613,0.3996117613084204
58614,0.35140005527153884
58615,0.6069157632067328
58616,0.6200547946675112
58617,0.4510509172285868
58618,0.6141110110160068
58619,0.18325186660036963
58620,0.4278785475255168
58621,0.40772171264847534
58622,0.12996140689108313
58623,0.6555136243024775
58624,0.5967678784883396
58625,0.7338081506311246
58626,0.4495582603830104
58627,0.6904493807623862
58628,0.6378470984857818
58629,0.4216787635437571
58630,0.6377396897312424
58631,0.5423221665681579
58632,0.23043047917101125
58633,0.18933618681893943
58634,0.5356997328661045
58635,0.32128527905270016
58636,0.2784254086200809
58637,0.29010835449237693
58638,0.6066802322516709
58639,0.1834350448782486
58640,0.6859510672552382
58641,0.29978029252575866
58642,0.31733029179146943
58643,0.4160268957949469
58644,0.586155859323061
58645,0.2029191769564802
58646,0.49197499308690634
58647,0.10258130430931583
58648,0.6128163491202281
58649,0.3806964992198546
58650,0.3009018369707678
58651,0.5514057772629106
58652,0.5806615354276384
58653,0.657790425741493
58654,0.6936064286260548
58655,0.2428615969886998
58656,0.512100822417423
58657,0.5450935328510451
58658,0.631340154389983
58659,0.31301068904940477
58660,0.47337642766631377
58661,0.5040839313154674
58662,0.6685897796771463
58663,0.7282488075119469
58664,0.4263790079789377
58665,0.7816108542172411
58666,0.41692948147078335
58667,0.5286094363997474
58668,0.4676852726394207
58669,0.7481036811853159
58670,0.6510257803199362
58671,0.6554083775516135
58672,0.33441446070063896
58673,0.29997688150891944
58674,0.6988670490824702
58675,0.2357675564189255
58676,0.42574971203600864
58677,0.2540139452905613
58678,0.4410263010622507
58679,0.2386621404473213
58680,0.5729929371600844
58681,0.19677911491354222
58682,0.8435859853121352
58683,0.3113480119522109
58684,0.6625770955071829
58685,0.19279242220761406
58686,0.5428155617669118
58687,0.637697271283141
58688,0.537884856280158
58689,0.6196955707846279
58690,0.3340526094465942
58691,0.41775543825456496
58692,0.4441176811940787
58693,0.3995663161668328
58694,0.257146862392299
58695,0.5310455941095303
58696,0.6441301787273757
58697,0.6534139722403676
58698,0.3833499570306731
58699,0.4192730359299074
58700,0.7234350956418947
58701,0.2529404298083633
58702,0.5627805744684389
58703,0.4097532266820597
58704,0.3997331722027187
58705,0.39307519083715475
58706,0.3072654624182566
58707,0.550571484667146
58708,0.3985880235442021
58709,0.45612808516886033
58710,0.25632837834672717
58711,0.49914100865081634
58712,0.4094815218109482
58713,0.5794094316731611
58714,0.183510487513816
58715,0.2868073658997842
58716,0.42205702063455774
58717,0.21241782908961834
58718,0.4943279039252695
58719,0.3440268390392528
58720,0.5749177451705999
58721,0.37171627762351145
58722,0.3985181412223324
58723,0.32900817533899124
58724,0.12531502683198104
58725,0.6471767698244772
58726,0.5273953222656035
58727,0.7375218661824897
58728,0.7582699399455152
58729,0.22004756846875367
58730,0.3439880213513467
58731,0.6230983276735808
58732,0.2864214846856509
58733,0.6226399400833521
58734,0.40060291034058015
58735,0.5667653667554574
58736,0.4507930995173206
58737,0.47486943619321226
58738,0.22235292708782448
58739,0.6779822712867105
58740,0.15011320833161973
58741,0.5221039527717394
58742,0.1837606623451593
58743,0.2606671077821167
58744,0.4874377529725128
58745,0.6573630258503569
58746,0.5007065832213604
58747,0.2537509610889711
58748,0.2964510883052946
58749,0.6120759187068605
58750,0.41937966877470056
58751,0.3266006642622836
58752,0.4632603146631857
58753,0.6324587969418831
58754,0.7380135447096549
58755,0.39663276295868904
58756,0.29109455894731084
58757,0.5629349162678423
58758,0.36706840016381925
58759,0.3892861226353317
58760,0.5936059472654944
58761,0.4998760506686196
58762,0.7825530176360562
58763,0.32267121909117086
58764,0.7064076044337111
58765,0.4494319908439722
58766,0.4663967411980128
58767,0.5099515279207528
58768,0.7831823811439953
58769,0.7845100330682084
58770,0.26305386324379126
58771,0.3985372825126531
58772,0.5875671967756564
58773,0.5254576635685806
58774,0.5733422968155233
58775,0.6042406841718282
58776,0.648574371133437
58777,0.601877223415212
58778,0.41569484354210456
58779,0.6097722083794339
58780,0.24083875593639673
58781,0.6766900652975214
58782,0.685810108463409
58783,0.4348168013676981
58784,0.40648417383490076
58785,0.6658002525034438
58786,0.7611068225133963
58787,0.7125776486837199
58788,0.5548475599612881
58789,0.7137784795095408
58790,0.61165443869125
58791,0.5709148499601407
58792,0.7256056720160189
58793,0.44308875007382026
58794,0.14293973167412655
58795,0.5336401209711535
58796,0.49096937162297216
58797,0.6593031582039078
58798,0.4000770660284553
58799,0.42676673888705163
58800,0.6170912368297766
58801,0.17378442623920007
58802,0.6636387344750939
58803,0.29657780784178406
58804,0.7733520835082296
58805,0.8414370326202418
58806,0.20208668178870243
58807,0.22727487781711114
58808,0.7696704576797859
58809,0.6657817077112779
58810,0.33555844033340865
58811,0.41702268527468234
58812,0.44343035849937357
58813,0.14542887645900518
58814,0.5905843013694732
58815,0.5898598799814616
58816,0.6488133571517
58817,0.4663481633276132
58818,0.484412939565499
58819,0.3035474338189017
58820,0.783738259348802
58821,0.2773596915246767
58822,0.529762952985559
58823,0.499486165355293
58824,0.3925883964127945
58825,0.21286936027793876
58826,0.4866852786976389
58827,0.5789823103664827
58828,0.6203733936128881
58829,0.15380302217235953
58830,0.44156736669725916
58831,0.5996809718402971
58832,0.7052879843313302
58833,0.5590686593295215
58834,0.638602258372411
58835,0.49839715708707105
58836,0.29667126161712554
58837,0.6155667858164242
58838,0.28225922925275393
58839,0.5213259284996967
58840,0.48961403748401744
58841,0.14462744860568438
58842,0.48604733270023753
58843,0.7018223462852011
58844,0.26056150037158654
58845,0.3987380041351566
58846,0.34847448741536546
58847,0.650050840226743
58848,0.5906738769796672
58849,0.6127944103027669
58850,0.8044253274909282
58851,0.4853466186988821
58852,0.5405492505384083
58853,0.26526390563788504
58854,0.3977959731917672
58855,0.5138413021563061
58856,0.6001999996498082
58857,0.1939795479930289
58858,0.3898790826142401
58859,0.581950026629089
58860,0.6321020339947904
58861,0.6172366847076369
58862,0.5764230398505156
58863,0.23019225640780797
58864,0.677059099535695
58865,0.3081257592115686
58866,0.7742796196172196
58867,0.5480375620092439
58868,0.4210139273402144
58869,0.6331753482902074
58870,0.34922609375127134
58871,0.5843266895394987
58872,0.7445139789697712
58873,0.5516805487579993
58874,0.3437112784966966
58875,0.10022666895515055
58876,0.22569074311110499
58877,0.11724481695136499
58878,0.3706885873930634
58879,0.40031306209999296
58880,0.6331557635304023
58881,0.42457521461598335
58882,0.643018913797669
58883,0.4567525783058737
58884,0.5747186884487709
58885,0.45619923925585115
58886,0.48386933559700707
58887,0.689912102783744
58888,0.4476886726201078
58889,0.5194471608551332
58890,0.4084954180520406
58891,0.49581754163414105
58892,0.44148784565983873
58893,0.49177353549946445
58894,0.18682410620674839
58895,0.3030445808991676
58896,0.4553209924143128
58897,0.16117027186971078
58898,0.34809223370313225
58899,0.3874894539563163
58900,0.5037567570967645
58901,0.7596280974280132
58902,0.4934357425730842
58903,0.660768017573056
58904,0.2387963999787004
58905,0.517002004590556
58906,0.34497265721721054
58907,0.3039160055593942
58908,0.5160244679397878
58909,0.5997350959201341
58910,0.407011035988031
58911,0.7895132142609467
58912,0.5183966728444958
58913,0.6431320474803603
58914,0.48695288484046284
58915,0.6988312035541067
58916,0.4338823318702436
58917,0.4412744339051719
58918,0.5294401197904631
58919,0.5439278589910823
58920,0.2605377932072302
58921,0.5370475109853726
58922,0.5108346268503957
58923,0.2655162331483536
58924,0.644818060967044
58925,0.6030082110798329
58926,0.4763471567887605
58927,0.1915036259691907
58928,0.37744608808773844
58929,0.3220564939897055
58930,0.6090558300376252
58931,0.18695229804237118
58932,0.4042622116771534
58933,0.6684973902369519
58934,0.6009272025013863
58935,0.19842628811908142
58936,0.5240448958293307
58937,0.6964110504079116
58938,0.6043343927193241
58939,0.140100803167237
58940,0.4197427920016128
58941,0.5938660800341594
58942,0.7579570832378552
58943,0.6710876173690608
58944,0.5688602236952616
58945,0.6725517782236986
58946,0.3952986166619499
58947,0.3455444491690013
58948,0.3906704934744897
58949,0.22070363904125245
58950,0.8096678244355926
58951,0.1702625570397308
58952,0.3322788007219729
58953,0.5916932046770395
58954,0.77970908134485
58955,0.6174914068189848
58956,0.6612754410034681
58957,0.5710582197284295
58958,0.6514534333748396
58959,0.708560918236333
58960,0.5392247383970682
58961,0.8178050511433108
58962,0.3920860166130352
58963,0.36338260207879014
58964,0.337165300448669
58965,0.5616864478754677
58966,0.28823209721477894
58967,0.6243136449577029
58968,0.4587713213371256
58969,0.5340505439734323
58970,0.5014007963019906
58971,0.5474511777706453
58972,0.09114998588688311
58973,0.4766267276827852
58974,0.6542850380406944
58975,0.6818577895697095
58976,0.6049224787067276
58977,0.4452294353121049
58978,0.39654644612964784
58979,0.6043092750202972
58980,0.6336682095337105
58981,0.5890000789654336
58982,0.5872601509829741
58983,0.34847205400372805
58984,0.26662124990215397
58985,0.3801404746822613
58986,0.3648865447466969
58987,0.6158281007069978
58988,0.29173263351201073
58989,0.7958881488368074
58990,0.6097501692958429
58991,0.21873413602672973
58992,0.6868895608010236
58993,0.7216744881355115
58994,0.233887887539913
58995,0.1716608322713209
58996,0.3563311033328055
58997,0.38642346727136573
58998,0.6995644154513057
58999,0.5216787393265786
59000,0.6211705552745722
59001,0.7087887036913407
59002,0.3901355895226967
59003,0.48139937826559687
59004,0.29891817507877055
59005,0.605386227666791
59006,0.32063231321673374
59007,0.6836767932940485
59008,0.759991490972012
59009,0.4845679739333539
59010,0.43688776896709325
59011,0.5370002678210505
59012,0.2902557847285
59013,0.6765282172653619
59014,0.5519837181029633
59015,0.7081387098893812
59016,0.6196195184885867
59017,0.5652829257655858
59018,0.81806222137564
59019,0.6607823414982142
59020,0.6137462256954518
59021,0.40934764943110213
59022,0.5642428299246153
59023,0.5489148098170116
59024,0.2938732734689182
59025,0.7152756765279764
59026,0.5038166227348911
59027,0.3787062789652058
59028,0.19090267995725466
59029,0.37267382295663926
59030,0.2612872344633655
59031,0.32909422968176116
59032,0.36355767176040477
59033,0.44786595430515574
59034,0.6341398851563528
59035,0.6355083451768064
59036,0.2445484093193354
59037,0.3452639696317439
59038,0.6708885579170066
59039,0.4535570177370763
59040,0.4062715126376206
59041,0.17336242472697777
59042,0.3594085440107883
59043,0.5631826680153914
59044,0.34249109906818886
59045,0.567080156378129
59046,0.5579113423523234
59047,0.7151742646700066
59048,0.23417852734114905
59049,0.17172447451896444
59050,0.5864547234973014
59051,0.49688340764086325
59052,0.5405226848716803
59053,0.36820224471739804
59054,0.4506320413155964
59055,0.29303563297030566
59056,0.7474862144583523
59057,0.18255572631406972
59058,0.5681543361276167
59059,0.29359804751722696
59060,0.1765567885014872
59061,0.6120053781675645
59062,0.6596907008755705
59063,0.6286333877914044
59064,0.4465575913797591
59065,0.6976342410676919
59066,0.3753327207389895
59067,0.5977783853445647
59068,0.6756729726392294
59069,0.6847755910544916
59070,0.6231145000525404
59071,0.6511890366611441
59072,0.4702310667878554
59073,0.5902211958531809
59074,0.22397691744616133
59075,0.42980890720445264
59076,0.22529515502133002
59077,0.5446012440417052
59078,0.548119536236643
59079,0.4497514269011541
59080,0.13825257840766364
59081,0.4156213078723919
59082,0.5588547971351062
59083,0.36156113077740404
59084,0.6947768037834113
59085,0.2105451700749938
59086,0.41085189218282153
59087,0.27335953623975257
59088,0.38328265416949214
59089,0.5338756044959655
59090,0.5554414213792968
59091,0.4856532496527799
59092,0.23278309381549672
59093,0.16855364314550397
59094,0.4510116535382005
59095,0.47899974066081275
59096,0.8150841181917421
59097,0.2423299118592989
59098,0.5908449720751767
59099,0.1357443828111474
59100,0.17934170428508056
59101,0.17637701360549052
59102,0.4960364490409685
59103,0.28736454213034657
59104,0.5501996454007054
59105,0.7056364699371754
59106,0.41694077388676204
59107,0.6436577215567776
59108,0.7150008154806593
59109,0.4312335497574188
59110,0.7517330240553162
59111,0.15572268227736538
59112,0.3924802472268265
59113,0.6110610707254993
59114,0.26791559119765324
59115,0.6178470951505965
59116,0.4307545082355272
59117,0.3520559684652486
59118,0.4329938544768311
59119,0.6658731410247214
59120,0.4095191180171669
59121,0.3865502376118228
59122,0.3091240416771327
59123,0.6462564177571744
59124,0.3683908472479289
59125,0.5198818164934254
59126,0.5146497418080811
59127,0.7611402761116519
59128,0.3477600263490397
59129,0.3367716643042292
59130,0.2838047506936397
59131,0.4839746551194203
59132,0.3851604909910776
59133,0.18990803444548887
59134,0.39670187433749804
59135,0.6313831720850114
59136,0.20815965639266482
59137,0.7180099167742883
59138,0.5767794827269653
59139,0.23830967689467325
59140,0.5281672060296941
59141,0.42014081369904277
59142,0.8142466107967935
59143,0.5816983091714976
59144,0.3358065116334612
59145,0.8345601218437113
59146,0.30794950639524143
59147,0.19589929583657206
59148,0.3857122140667963
59149,0.4454419584108792
59150,0.49096875943347024
59151,0.39322115130450763
59152,0.8363638220937164
59153,0.35820381630590514
59154,0.35063198578418164
59155,0.6268818846200026
59156,0.31654858555792875
59157,0.4197799821285555
59158,0.1882872736720926
59159,0.4680344676318555
59160,0.552676471803633
59161,0.31642150049654105
59162,0.5585907108685793
59163,0.6685004361280943
59164,0.46108127821610895
59165,0.424991374417258
59166,0.6357924893726539
59167,0.7008045689139419
59168,0.6044035737380908
59169,0.4511089755099635
59170,0.34208371567049656
59171,0.7433338840483759
59172,0.561135509291869
59173,0.4840263056948685
59174,0.37668464794731116
59175,0.5905333696671871
59176,0.34356528664185276
59177,0.41443723930878623
59178,0.6807647628032754
59179,0.29677236447389
59180,0.28821976774198654
59181,0.595810141991186
59182,0.3311530133083973
59183,0.6967258893629021
59184,0.39277392386877497
59185,0.13568487708246296
59186,0.3777617568938876
59187,0.7798090318817106
59188,0.2585658657822927
59189,0.43752736609560194
59190,0.6790587611750645
59191,0.592383273496559
59192,0.17788019605893288
59193,0.5547729801228591
59194,0.5803021012598677
59195,0.5006749519473194
59196,0.5065554544347116
59197,0.7574370216581756
59198,0.16444375029326952
59199,0.7872725362612805
59200,0.7163462255695844
59201,0.32519612174077706
59202,0.5438782404073659
59203,0.1884131962663361
59204,0.5171835794772148
59205,0.362683200149522
59206,0.21030145943702777
59207,0.6807508979156712
59208,0.2699886143382032
59209,0.31901643337022734
59210,0.4041088136606149
59211,0.7099105754588183
59212,0.6037513990827915
59213,0.4855326359043186
59214,0.4956023245201992
59215,0.6436989702257186
59216,0.4638221195628418
59217,0.5854604770619087
59218,0.5793693489297101
59219,0.18322985831633748
59220,0.21903721538239784
59221,0.14584251248584235
59222,0.4953964929509021
59223,0.6601712853853076
59224,0.6894031879208617
59225,0.2138064054771424
59226,0.1933636767746444
59227,0.7277054523715473
59228,0.4256101949170888
59229,0.5567342276754889
59230,0.4154320728422209
59231,0.582403005571965
59232,0.26485497035576844
59233,0.21761675911030995
59234,0.3633472470972868
59235,0.37485489935282257
59236,0.15967458551076225
59237,0.6050512515046775
59238,0.3197357370523599
59239,0.26021399039434256
59240,0.17493072948479807
59241,0.3186661476941248
59242,0.5793026847753228
59243,0.5686732655263909
59244,0.21215451015366898
59245,0.18595156601767138
59246,0.5401961502870658
59247,0.20440085082399811
59248,0.44485853166727574
59249,0.15827909500588616
59250,0.2888150237338576
59251,0.21162360212753484
59252,0.45203190440450486
59253,0.22889251581084424
59254,0.6258808117955129
59255,0.8477476212195965
59256,0.5866844104697325
59257,0.6300570909629796
59258,0.531527736802447
59259,0.463095216494805
59260,0.6538215919024386
59261,0.5428760315359991
59262,0.4598347353016208
59263,0.5321409336550144
59264,0.5269121172777028
59265,0.40580692695643605
59266,0.46146602581456647
59267,0.35891031422984443
59268,0.31683652617477215
59269,0.13063061834814363
59270,0.39219216763088904
59271,0.5118874290181683
59272,0.515335542245902
59273,0.3942256622905568
59274,0.6305512532725952
59275,0.5655848613871108
59276,0.23256494046521373
59277,0.6430471717119259
59278,0.5680908956809911
59279,0.4918590192598348
59280,0.6259715082008265
59281,0.5472552352564928
59282,0.2698451948954063
59283,0.6466744672379358
59284,0.627191570177443
59285,0.6460247654107809
59286,0.5819964404588904
59287,0.34243865864271233
59288,0.751121125824601
59289,0.20567376007319915
59290,0.5411497127696885
59291,0.714633405704204
59292,0.4031947374335889
59293,0.24630067671037265
59294,0.2673287196670897
59295,0.6062631708631145
59296,0.18723651783108766
59297,0.5313512371989149
59298,0.22977817105808324
59299,0.3374520677288681
59300,0.49584575785016577
59301,0.6040266707861447
59302,0.25143794842818995
59303,0.610187703845754
59304,0.39834670267149663
59305,0.60442507195709
59306,0.25026163153752884
59307,0.7451232823600178
59308,0.6849817681890412
59309,0.16025155971952723
59310,0.7959975930966178
59311,0.5147243479063001
59312,0.4485604770164527
59313,0.3636613527154557
59314,0.5130001394988966
59315,0.5992249926826303
59316,0.5789377736522513
59317,0.3186353819700176
59318,0.6161501404669142
59319,0.5055181676239002
59320,0.4049072997653306
59321,0.5768855162703072
59322,0.7723948709429801
59323,0.5872970147408361
59324,0.2199918973328098
59325,0.32595638032411295
59326,0.662846646168927
59327,0.6195231818070864
59328,0.591689674652515
59329,0.746082343816949
59330,0.8358739183578573
59331,0.3764641134055405
59332,0.33632328958345814
59333,0.21290173127656953
59334,0.32435115090719385
59335,0.26798437657213053
59336,0.1657753657258415
59337,0.494598645065365
59338,0.3928123745200791
59339,0.45109742009213727
59340,0.4890428745672805
59341,0.5550366511298916
59342,0.44501737162008026
59343,0.6071141414930799
59344,0.6427085290467283
59345,0.637751738573614
59346,0.5174732495343397
59347,0.5831788093286842
59348,0.2277775686773192
59349,0.3838282240494975
59350,0.43398008869037363
59351,0.24985004775635486
59352,0.28627797990405685
59353,0.5551906665393689
59354,0.5659063393218992
59355,0.3442017164663759
59356,0.5145567416170274
59357,0.5810739558902895
59358,0.5371818374328035
59359,0.6438251904195275
59360,0.6702366636980658
59361,0.5720839421842018
59362,0.69490613032419
59363,0.5213412993685509
59364,0.23379280668543811
59365,0.5665450419650351
59366,0.7058135700207858
59367,0.33920227390156255
59368,0.38513844968913635
59369,0.6954178701698197
59370,0.6998220826769764
59371,0.17829936637722452
59372,0.3495875579932888
59373,0.5694610221457441
59374,0.47406632450712305
59375,0.6547475144269279
59376,0.7137867224242996
59377,0.2937862536052924
59378,0.16375752730123475
59379,0.4371184970772171
59380,0.345805436308038
59381,0.3977830086619331
59382,0.6161925965195647
59383,0.22201405153958548
59384,0.7035695900565113
59385,0.6379169836115932
59386,0.3499191602727961
59387,0.25455793549375294
59388,0.3320064894928112
59389,0.41589718086292976
59390,0.2569295542422082
59391,0.6742840956944854
59392,0.2004275782815827
59393,0.27806214024038656
59394,0.17226218883786348
59395,0.6538938322091215
59396,0.3955555437239592
59397,0.4999295114962501
59398,0.38960346738660356
59399,0.18909164061359743
59400,0.5019287366030396
59401,0.4268813581943527
59402,0.6126843771899395
59403,0.24996675466206442
59404,0.7365237249295544
59405,0.31127828203531804
59406,0.29493961547713654
59407,0.4596465342294313
59408,0.5122852238818651
59409,0.5349246522042954
59410,0.33464883706012594
59411,0.43187795816374197
59412,0.47265726170203454
59413,0.5531877109642611
59414,0.33001038207943156
59415,0.6756346866198512
59416,0.6960795783285403
59417,0.1200185572045969
59418,0.25404359463259146
59419,0.4221990639970531
59420,0.3205568415028754
59421,0.1479358735852647
59422,0.4052410918884909
59423,0.6401165142735328
59424,0.8157205275668304
59425,0.6873713551505662
59426,0.2429515527612919
59427,0.2213920643366691
59428,0.42107406421381416
59429,0.4994387040339324
59430,0.4859118557165656
59431,0.42776179392118874
59432,0.6344209500708259
59433,0.6661106988969264
59434,0.7202999364665127
59435,0.2016817867131211
59436,0.6145845295223007
59437,0.46545087743743446
59438,0.7722181193914013
59439,0.1622380157766777
59440,0.47812539692462097
59441,0.4768359340419891
59442,0.5572175657741045
59443,0.5838130684681914
59444,0.7580197581057456
59445,0.1759458545204973
59446,0.5915705549835545
59447,0.5337247817486049
59448,0.2427240498271992
59449,0.25776274279443145
59450,0.3148907972319384
59451,0.4492136050031074
59452,0.5489113579124582
59453,0.6840369579132525
59454,0.43653418895361357
59455,0.5486814823257117
59456,0.2424079173596308
59457,0.6703301727583023
59458,0.602937555598871
59459,0.678057974376648
59460,0.7045686627962194
59461,0.386788461511239
59462,0.15654050053766666
59463,0.29978838207528696
59464,0.7471923200918638
59465,0.41393184862033805
59466,0.3932195366214777
59467,0.6278270681973593
59468,0.260929053745865
59469,0.8301798984013288
59470,0.23412821505154596
59471,0.19718637337259615
59472,0.38073834992414946
59473,0.625307852375053
59474,0.7293615061955125
59475,0.4404017073760054
59476,0.2939807629037154
59477,0.5560821154431983
59478,0.452568670507059
59479,0.6540036299607709
59480,0.6717809866609238
59481,0.5481675184922554
59482,0.6017394745381053
59483,0.5496887448898238
59484,0.48627038554034774
59485,0.48445192446180385
59486,0.26827562676750394
59487,0.6112025493537858
59488,0.5873589893491529
59489,0.43321913480210483
59490,0.37801484164696697
59491,0.6138455452099679
59492,0.4179220215940479
59493,0.509786530187995
59494,0.48157187343717034
59495,0.5388221195119323
59496,0.5447959016534266
59497,0.39557278987264355
59498,0.30516540572687456
59499,0.7957044263769801
59500,0.4876319096084187
59501,0.43167261040090743
59502,0.6059105046262488
59503,0.5770479216572906
59504,0.6374848295483487
59505,0.6016369564156218
59506,0.5240876286117911
59507,0.3580589731793726
59508,0.7293712415277274
59509,0.1570488697945014
59510,0.23366118469442648
59511,0.32429520956148195
59512,0.3447615487759754
59513,0.6452841061976127
59514,0.6200572827776625
59515,0.6576011379364739
59516,0.2248339659960859
59517,0.7326815287833193
59518,0.2923378584434752
59519,0.17404622135931513
59520,0.20046545262055468
59521,0.5038416001826794
59522,0.22258076535440377
59523,0.44168072858695384
59524,0.19930652472184396
59525,0.52190750967962
59526,0.7204563818461109
59527,0.6149513921030669
59528,0.6331476615393008
59529,0.4352746182892848
59530,0.6356576986243965
59531,0.3408194238661211
59532,0.6619933452710323
59533,0.18685038149298555
59534,0.4538242950803909
59535,0.606905206405165
59536,0.5614738059510742
59537,0.38281656144842935
59538,0.40494680007245526
59539,0.24111114457723581
59540,0.5755501828090762
59541,0.7599159706463806
59542,0.40159167417414154
59543,0.26595567233087797
59544,0.8315304193658711
59545,0.6325702576039809
59546,0.6877205471596217
59547,0.7440316454789425
59548,0.6315346860863837
59549,0.792993709049934
59550,0.3314564829244358
59551,0.3626798345835446
59552,0.5225175852438155
59553,0.65042431321665
59554,0.18691769244037523
59555,0.6602998348179346
59556,0.41689335971260694
59557,0.6297554143535514
59558,0.37926230629199004
59559,0.6915749291647645
59560,0.40907077352451726
59561,0.6817263776665246
59562,0.15385400763331478
59563,0.4671347294237791
59564,0.7534850794167938
59565,0.5598084165065902
59566,0.18625150171555543
59567,0.6622707717544308
59568,0.4233092493237649
59569,0.6930862831220725
59570,0.5177205563044934
59571,0.4617107382592587
59572,0.51058022651702
59573,0.40815926271843983
59574,0.6936805353886154
59575,0.6410414699151329
59576,0.36741753048389464
59577,0.6341881680152159
59578,0.4495912124369834
59579,0.5945581794938677
59580,0.20678712112186545
59581,0.2632123223756243
59582,0.42378611898375224
59583,0.14773673866064596
59584,0.1226147723302102
59585,0.34829158250620806
59586,0.5476095249406333
59587,0.5113337864422487
59588,0.44346840579375546
59589,0.7257800108860968
59590,0.6141910204304513
59591,0.5243209021256439
59592,0.23345034522350602
59593,0.425302911258481
59594,0.2597554436254828
59595,0.5532596815627969
59596,0.4843767404389193
59597,0.34191090610950386
59598,0.17075609611174364
59599,0.44004945503394916
59600,0.7586401669403612
59601,0.4661623741993386
59602,0.3090101073957403
59603,0.5452040626289056
59604,0.3931852205399554
59605,0.5758022056127303
59606,0.689912693585762
59607,0.6935780085433724
59608,0.5921887408319138
59609,0.503325323465322
59610,0.3617662199272815
59611,0.37540016916607666
59612,0.49382790031852297
59613,0.7420890879738757
59614,0.4493437739540661
59615,0.3065584545982113
59616,0.19436080776926826
59617,0.5969398928947621
59618,0.6916074732532487
59619,0.3098322975670313
59620,0.5876657173205664
59621,0.5084325847757687
59622,0.3735353349981452
59623,0.8203788036405733
59624,0.27168565626324126
59625,0.17310995213844454
59626,0.4937396400887927
59627,0.6056396628259553
59628,0.32788192538149197
59629,0.5042139587171303
59630,0.3909702223943814
59631,0.20988819654930327
59632,0.6274953366689859
59633,0.4142400318670043
59634,0.22960502502945757
59635,0.23124379673927337
59636,0.3954768744301521
59637,0.5421564645128325
59638,0.6677713227321473
59639,0.25165690930811124
59640,0.1842746883951527
59641,0.3193543189564745
59642,0.5044335249726771
59643,0.659507254064589
59644,0.5833338509188951
59645,0.5537935236905975
59646,0.23154633994852591
59647,0.6776009164710883
59648,0.7192590841679932
59649,0.454665127071309
59650,0.56632075856381
59651,0.5011603877995777
59652,0.5276906679707323
59653,0.4449468790025257
59654,0.6753881881597472
59655,0.738997989166194
59656,0.4974177588625054
59657,0.7268183737278548
59658,0.21245992551118617
59659,0.3440878413431371
59660,0.2504926242664631
59661,0.6845252613399679
59662,0.44590903440650165
59663,0.5387027667070935
59664,0.2879732632378417
59665,0.4275108639783118
59666,0.4362416354126632
59667,0.3895540495453298
59668,0.3641299892609439
59669,0.42898761366638
59670,0.7792367043748318
59671,0.2260042322057118
59672,0.33092306541747846
59673,0.5222118491707036
59674,0.2692736112785557
59675,0.23743829452000142
59676,0.6120594316086443
59677,0.5868049114315045
59678,0.7674507859977471
59679,0.4294299892090478
59680,0.3783560026373424
59681,0.15117943676874496
59682,0.5147526748563291
59683,0.6669531140298479
59684,0.42315523544420364
59685,0.6100073033145693
59686,0.48165470088151974
59687,0.3557823747654817
59688,0.2588486702905858
59689,0.29042312325985875
59690,0.6144112348818209
59691,0.40593960084882263
59692,0.19961867609797795
59693,0.669742451123448
59694,0.6079768113387398
59695,0.5430325274127159
59696,0.7642803300437322
59697,0.610181395089815
59698,0.41073909703086164
59699,0.5967736840463438
59700,0.675003059464496
59701,0.16256960391371483
59702,0.3638838031154255
59703,0.3944593826558168
59704,0.4794062696636814
59705,0.224480943730492
59706,0.6301213153351689
59707,0.7738049322618612
59708,0.4486336860571637
59709,0.6756725841503115
59710,0.48519451510442246
59711,0.4183490857479091
59712,0.5641585150028801
59713,0.3363311352610061
59714,0.15053784047104124
59715,0.6318103382087247
59716,0.30786731477424045
59717,0.4774051645145026
59718,0.23386848402060495
59719,0.12564675166927491
59720,0.6267684065143282
59721,0.28939795477040725
59722,0.4471794107051221
59723,0.15001402146850817
59724,0.5879470567487968
59725,0.3802951142577301
59726,0.3016911529094157
59727,0.844869602896979
59728,0.8570530482615826
59729,0.790035972748347
59730,0.5637386844031624
59731,0.7307061421380897
59732,0.23632992684534804
59733,0.1634137510521334
59734,0.7061557559434873
59735,0.2802333557531853
59736,0.6624800853183225
59737,0.3409991878276212
59738,0.6624752722214898
59739,0.6478026605312907
59740,0.24189301578323796
59741,0.49060032735466325
59742,0.6496242937387189
59743,0.2847799776998106
59744,0.12132015781364182
59745,0.7099971882008287
59746,0.6005980834039739
59747,0.7588975388195037
59748,0.7109442804197805
59749,0.530524989887505
59750,0.6452739031562857
59751,0.5181989039309347
59752,0.35195589765642993
59753,0.6113905354201061
59754,0.2649067230195841
59755,0.5017735986619682
59756,0.18087771296928393
59757,0.7658983279848778
59758,0.6220841916533728
59759,0.49149494602693694
59760,0.37311724064275215
59761,0.3113140865724305
59762,0.635959703760048
59763,0.5961339787534429
59764,0.5240687187381943
59765,0.5827355270829094
59766,0.5949200325316278
59767,0.22070975068883084
59768,0.65492050088952
59769,0.3827121274825324
59770,0.565684860234952
59771,0.5978149235029343
59772,0.27058460394766287
59773,0.4732867739499514
59774,0.5937536055092738
59775,0.35789309041496775
59776,0.3763522973942442
59777,0.09622890538118464
59778,0.5510399989107615
59779,0.3784865591069843
59780,0.41320730446589804
59781,0.26261746775115885
59782,0.19618167746571424
59783,0.24325991823881163
59784,0.574405191836805
59785,0.7183833618770821
59786,0.42035525665636364
59787,0.5148634161638186
59788,0.1743071267767279
59789,0.20477932434854423
59790,0.17167572412855803
59791,0.5075956847023113
59792,0.5179093519481516
59793,0.7406319174438765
59794,0.7337292426369961
59795,0.6755688821915758
59796,0.3348739577566103
59797,0.46916003080924873
59798,0.30372435420779553
59799,0.24116057357437493
59800,0.6239085863289568
59801,0.3378365035128062
59802,0.7733016183896568
59803,0.6155041107528331
59804,0.41423286517774405
59805,0.6896864324098757
59806,0.6536043696730834
59807,0.34925344049354506
59808,0.6449887482394407
59809,0.6952335604451514
59810,0.48500084450586023
59811,0.28594530334942847
59812,0.5107138521674834
59813,0.5113616184628634
59814,0.17230250750728454
59815,0.3854604332230281
59816,0.7371149032669582
59817,0.2058269684122406
59818,0.3086798988469657
59819,0.3233706039025881
59820,0.8072046968667356
59821,0.6222533297921409
59822,0.8671927754862488
59823,0.7456863996142209
59824,0.5728249954200579
59825,0.6186662102245788
59826,0.7252845316416319
59827,0.5905006713557479
59828,0.6746540369369236
59829,0.19708946242390465
59830,0.44220865923348956
59831,0.6192195032508877
59832,0.7618880083781079
59833,0.5943057951010794
59834,0.3855492252637517
59835,0.4403202922431354
59836,0.6911872648384876
59837,0.6999261663159848
59838,0.6379437067661998
59839,0.41658693055580087
59840,0.6949327977814982
59841,0.2983138579446331
59842,0.21625379218809204
59843,0.1378854786402833
59844,0.4351157781277313
59845,0.16856431157363425
59846,0.3823500920390124
59847,0.6473620764100095
59848,0.6319682989713329
59849,0.7472575620035369
59850,0.46252068687101267
59851,0.6173399806417101
59852,0.5467655459796823
59853,0.3631005650988535
59854,0.6040288897017327
59855,0.7588552373986869
59856,0.7616475492230467
59857,0.43136488785447297
59858,0.4570622277878655
59859,0.6639289870026016
59860,0.21382965641752177
59861,0.20957319937343594
59862,0.5371327045384614
59863,0.09862995495041943
59864,0.56665062834367
59865,0.372674479162193
59866,0.8129285467225147
59867,0.7349385979676515
59868,0.34644404361120995
59869,0.6864834905165293
59870,0.5094875266767075
59871,0.3859517652799606
59872,0.32089180801943457
59873,0.37103944217569873
59874,0.4754256263168484
59875,0.6109835363766535
59876,0.2081264408433896
59877,0.372192433891128
59878,0.18473645351473617
59879,0.11493696916527585
59880,0.5591271307911733
59881,0.48684499339785986
59882,0.7648457844468836
59883,0.7567808166621139
59884,0.27566508735175355
59885,0.8115271621440048
59886,0.4882783090656012
59887,0.35205534847647624
59888,0.4553611338726726
59889,0.5276183424347506
59890,0.33333872172306545
59891,0.22560912987481566
59892,0.41369510838429
59893,0.15861218749971764
59894,0.394572213083324
59895,0.3120323086493699
59896,0.466576189306891
59897,0.6838874187460895
59898,0.14121891657953878
59899,0.5137618363391214
59900,0.6126948113671818
59901,0.6202467327069006
59902,0.23748620009051152
59903,0.5979370725878843
59904,0.18940200483190406
59905,0.22070273252606643
59906,0.6394012324498521
59907,0.7288829193068718
59908,0.4796786587992622
59909,0.28080644088515794
59910,0.1751168592852817
59911,0.5939556980566335
59912,0.4881241015547763
59913,0.3139323386998481
59914,0.30016630269594324
59915,0.6678788830260962
59916,0.24261810495696012
59917,0.4105538448177514
59918,0.4814887647271274
59919,0.5477032391790433
59920,0.4300950080111307
59921,0.46076775297353073
59922,0.7119796926961566
59923,0.540699609379065
59924,0.3394502176340103
59925,0.1570982386883805
59926,0.5336257135676011
59927,0.5331015790675778
59928,0.30372377395622047
59929,0.32123317677637125
59930,0.6478259126247914
59931,0.5911568655385763
59932,0.40778044960776183
59933,0.5478226194298299
59934,0.32601042782953
59935,0.7397024209351174
59936,0.4341354225756471
59937,0.5076239276682949
59938,0.16711651453917362
59939,0.34675125695568326
59940,0.7618378882675385
59941,0.36333552917525247
59942,0.7596504662010819
59943,0.37551873769480265
59944,0.3087017053870633
59945,0.36078023042567725
59946,0.4715386147966316
59947,0.49341787505834406
59948,0.3721726215054576
59949,0.5015685292628821
59950,0.337480989342858
59951,0.32974569314795155
59952,0.14451497262429774
59953,0.34994772803847396
59954,0.2718627448074829
59955,0.3244975274755833
59956,0.2986277818351361
59957,0.44056919008496076
59958,0.7023267305050275
59959,0.659947060769919
59960,0.4113697215773788
59961,0.376335385097158
59962,0.3994181716026595
59963,0.6077935876725281
59964,0.3355815787114703
59965,0.24473401007967632
59966,0.8217048266674261
59967,0.2552472794486809
59968,0.37848340605464076
59969,0.3351234577737711
59970,0.5858330993228967
59971,0.5118369887584214
59972,0.4714749132280027
59973,0.6992683371081511
59974,0.40165755237209744
59975,0.6978060439250225
59976,0.3534602458440062
59977,0.30890505436508003
59978,0.2969066964028243
59979,0.47951297849576924
59980,0.17219286354940758
59981,0.43623360011568146
59982,0.373455381275668
59983,0.3282743136729284
59984,0.23047388680457617
59985,0.6901635712429235
59986,0.6743420810758227
59987,0.5585471181579587
59988,0.36859355995128784
59989,0.3764427870312134
59990,0.18827941936696344
59991,0.17588549295119366
59992,0.3243404704965108
59993,0.31957931992281086
59994,0.22058864870171732
59995,0.6293302846076607
59996,0.35124557175311416
59997,0.4167862919746269
59998,0.7447690775452238
59999,0.2748806791925595
60000,0.2728518070209808
60001,0.39769934707437715
60002,0.4064219910384561
60003,0.6144703490396827
60004,0.09842551247221376
60005,0.571435801135033
60006,0.19650034152912693
60007,0.655648245810045
60008,0.3832625948502625
60009,0.5086366051334376
60010,0.3903609403682399
60011,0.6985128632739608
60012,0.401778401485816
60013,0.48207770808519945
60014,0.44622193464823007
60015,0.5204588298854735
60016,0.5795954993437074
60017,0.31809547773507785
60018,0.3103958255965434
60019,0.33910626930219034
60020,0.29646106174402087
60021,0.5327818044217656
60022,0.6067742440235087
60023,0.611703531372069
60024,0.39567670303793046
60025,0.18010838653503586
60026,0.25157118388367145
60027,0.48934743117517604
60028,0.40311315754203225
60029,0.26169549661917796
60030,0.8052868686191843
60031,0.14595435582167396
60032,0.689514444114802
60033,0.2808843066779968
60034,0.2804592036987172
60035,0.47724383398591586
60036,0.3486220322146013
60037,0.20792997108999403
60038,0.47438078559048047
60039,0.4760321015509936
60040,0.2655859329685173
60041,0.34543812585495726
60042,0.21477318991131783
60043,0.5011667752274248
60044,0.27598798163960037
60045,0.4313057848971208
60046,0.28074490975341165
60047,0.5697539435095428
60048,0.7110303716917041
60049,0.6122529634069998
60050,0.5218213519316584
60051,0.5660449469876767
60052,0.5086160645831502
60053,0.4787703281438611
60054,0.5148138888581164
60055,0.3827206729129017
60056,0.4680820407040099
60057,0.41360453079506637
60058,0.1851930403277373
60059,0.5332367780693179
60060,0.6094516587946746
60061,0.267926250028419
60062,0.8145935485037188
60063,0.49201486953634044
60064,0.6892144401746709
60065,0.44271191929326226
60066,0.45742050858552824
60067,0.1522505708011269
60068,0.737995824667629
60069,0.24608796610891126
60070,0.3187954483920987
60071,0.7297055693440044
60072,0.3785488858992835
60073,0.46770395467082204
60074,0.6192644994084606
60075,0.2159162641694953
60076,0.17543077205282986
60077,0.14506082199556153
60078,0.6744699144480126
60079,0.5691224455515077
60080,0.47647752585370606
60081,0.4737520165790867
60082,0.6375254707091481
60083,0.6249899806460325
60084,0.5546742647381725
60085,0.22042415220050768
60086,0.768575262533658
60087,0.6302025353097984
60088,0.5238828612363112
60089,0.48964863059559405
60090,0.6155412310985724
60091,0.22130100150061022
60092,0.505092444822578
60093,0.5998018354430521
60094,0.6943126728999968
60095,0.18876108226807814
60096,0.851822654450871
60097,0.25624165255872416
60098,0.30222815079211063
60099,0.5432052707001053
60100,0.5089256950585197
60101,0.5292523237856999
60102,0.6464358520183783
60103,0.49885120950675466
60104,0.5904095099430902
60105,0.6828517544154113
60106,0.5773339945000195
60107,0.648153606807411
60108,0.40477047565020086
60109,0.26178150300838676
60110,0.260795925317171
60111,0.5187802969417533
60112,0.4557991000073536
60113,0.37504568842303715
60114,0.5068292613922565
60115,0.549137941217522
60116,0.5693339247326756
60117,0.17441807080874616
60118,0.39320975047966894
60119,0.6180024542913234
60120,0.7919529330830188
60121,0.34773582150636495
60122,0.41468381278328476
60123,0.5383151916336197
60124,0.48109394438553804
60125,0.6145099457866772
60126,0.5522570199662832
60127,0.30744516118032994
60128,0.24842019309177565
60129,0.15281010063247413
60130,0.531807655536091
60131,0.4175515996688617
60132,0.744213135624064
60133,0.4281751895705449
60134,0.18241279455303028
60135,0.49512290764505107
60136,0.28389229285803325
60137,0.26602516462687864
60138,0.5677570725783823
60139,0.669092157791646
60140,0.2873714372182927
60141,0.6034895514564703
60142,0.5944376476353016
60143,0.5197749890469072
60144,0.5810309788766352
60145,0.4647016980168952
60146,0.2250295493098401
60147,0.49760705641017705
60148,0.26037695707259895
60149,0.20634454067963773
60150,0.2589437704239611
60151,0.5630212380106253
60152,0.5022550697148934
60153,0.21816410396833769
60154,0.6190715281705077
60155,0.47544998132031707
60156,0.721346828232451
60157,0.35399416502399117
60158,0.4177089879691057
60159,0.14619239991245794
60160,0.19052313603993715
60161,0.2682677419861948
60162,0.644879564489719
60163,0.5091743392292477
60164,0.4132556449215053
60165,0.18458979402391848
60166,0.6187025873747184
60167,0.5919459280353822
60168,0.4870151262015659
60169,0.5957972555953804
60170,0.547486764077704
60171,0.5441058685000122
60172,0.4608253335389215
60173,0.6765471403150245
60174,0.46225605110829737
60175,0.6493523548295477
60176,0.5540950758101947
60177,0.609132541807965
60178,0.2970324504815708
60179,0.5202322302052974
60180,0.31490558575783917
60181,0.39271595038411816
60182,0.20809124854051908
60183,0.3533238169042866
60184,0.18807061992824198
60185,0.650081471404831
60186,0.27488173988497405
60187,0.36900406011707443
60188,0.5203845918145709
60189,0.6277152402615943
60190,0.6240009843404191
60191,0.44310425251152574
60192,0.264827384835356
60193,0.20593712265920663
60194,0.5116252966972399
60195,0.3626085197620111
60196,0.47675471594935137
60197,0.487634619190968
60198,0.3722126921398861
60199,0.8200409365572761
60200,0.4399833615285854
60201,0.4548014164188494
60202,0.42962265640987274
60203,0.4980267824057337
60204,0.4688703181170228
60205,0.6228373271234522
60206,0.350576724840852
60207,0.20648494230904593
60208,0.44171641015099417
60209,0.5981933759812958
60210,0.27872515023307215
60211,0.6433729450333511
60212,0.4025599592424241
60213,0.3960369481720858
60214,0.6489923708382244
60215,0.27102025330194174
60216,0.7491639258857559
60217,0.4790818518663257
60218,0.44785528904033944
60219,0.49729656019401514
60220,0.6946766322748846
60221,0.5391849973556747
60222,0.6485726905329302
60223,0.7424745758408805
60224,0.5438798970220768
60225,0.6507516053313727
60226,0.7164418918923525
60227,0.6509871148356646
60228,0.6862714252844495
60229,0.15542583818912803
60230,0.32040915296517664
60231,0.5271651478298713
60232,0.5400435214851614
60233,0.5561880387414743
60234,0.5169452597498482
60235,0.24561750817665706
60236,0.4948062916782102
60237,0.6456959964983164
60238,0.5509228628712306
60239,0.36736216367697405
60240,0.5906330091235859
60241,0.4899353293554637
60242,0.6124062544458625
60243,0.7558590443179725
60244,0.5049083844182192
60245,0.5822083515136497
60246,0.4755187768398408
60247,0.4193749080173594
60248,0.5206459880656222
60249,0.20341746966342958
60250,0.6759983300597492
60251,0.2167209079148646
60252,0.2682178408121128
60253,0.7230985527538957
60254,0.45088235308179003
60255,0.5674004558034972
60256,0.6253941872665995
60257,0.5707651666520129
60258,0.4151983549848275
60259,0.5543569627061672
60260,0.2833080080815589
60261,0.5474712908911438
60262,0.45044996742782156
60263,0.26976984744661275
60264,0.5762901112731136
60265,0.5465117816657086
60266,0.40759111941582177
60267,0.6447948560397622
60268,0.5150180476226869
60269,0.46550169869090186
60270,0.4677637625511202
60271,0.7715801872818326
60272,0.24430500159459906
60273,0.6845175374283035
60274,0.5070297940319037
60275,0.2778168526202331
60276,0.20440351571122492
60277,0.24557610247251693
60278,0.36941723249388525
60279,0.6451110044261512
60280,0.7207801008503053
60281,0.6007039810950147
60282,0.1561367195794045
60283,0.389168641595692
60284,0.37763503390535086
60285,0.2547719114570706
60286,0.17568862650804196
60287,0.524142059257978
60288,0.3116741780231276
60289,0.2199673761736464
60290,0.7129231140657684
60291,0.7402975804968219
60292,0.5651648141897776
60293,0.5081951791373749
60294,0.40756176800186916
60295,0.2936077519484562
60296,0.16170242050911104
60297,0.29965400320553504
60298,0.21178550418537445
60299,0.37599127405349114
60300,0.5284951869534085
60301,0.42576754258483407
60302,0.411153993285723
60303,0.5524072508023761
60304,0.4502502223957234
60305,0.64215002370201
60306,0.66540350472301
60307,0.0958586121657836
60308,0.27762250901912855
60309,0.20692816338409886
60310,0.4834201677268766
60311,0.5994625702287574
60312,0.3515110388621695
60313,0.47595014517392586
60314,0.7117139240166809
60315,0.7426554011834381
60316,0.7221308253844687
60317,0.3788304306801228
60318,0.4907173696946293
60319,0.21033891582641806
60320,0.4961627114973456
60321,0.437829125038507
60322,0.14539180070602048
60323,0.6625182805833612
60324,0.6017297250394879
60325,0.11119235798023358
60326,0.5318007722978451
60327,0.28586637920768265
60328,0.6277569474562639
60329,0.5882521700828006
60330,0.5941223337624085
60331,0.445937099147079
60332,0.23130697123096308
60333,0.5974862687594923
60334,0.3336554059893819
60335,0.2640233743064755
60336,0.36173936681679486
60337,0.603356590931367
60338,0.5301041727897599
60339,0.44686490748851027
60340,0.5189589786903294
60341,0.7044873781258387
60342,0.3983322580149812
60343,0.8596577928895802
60344,0.43473013760892615
60345,0.3098261636199023
60346,0.8155411302309787
60347,0.1599967036157933
60348,0.5819910585565591
60349,0.6594924487517171
60350,0.42727311959543623
60351,0.22749370550432405
60352,0.5243272364713583
60353,0.3249742487489137
60354,0.5267054308420765
60355,0.5807050764678523
60356,0.3867109199098979
60357,0.7496869029339319
60358,0.7620784689345199
60359,0.4601810005745381
60360,0.4863512069119674
60361,0.5645327532350132
60362,0.6128352845345975
60363,0.1427877457138823
60364,0.19972394183027836
60365,0.6053305714492614
60366,0.15422736698921882
60367,0.2734969242393745
60368,0.5372193770641627
60369,0.345653671260356
60370,0.15071692991915045
60371,0.37180933868172916
60372,0.6498910058579555
60373,0.6919523231901087
60374,0.7955111588031349
60375,0.3959702856948687
60376,0.6092156655324804
60377,0.6891458166425107
60378,0.5018262160977855
60379,0.5549056070357696
60380,0.8770884903998836
60381,0.6814705081917934
60382,0.24214725863208708
60383,0.2123163108643141
60384,0.45465976034459965
60385,0.6883033911248457
60386,0.497810453174923
60387,0.41891047607127707
60388,0.25966711959443667
60389,0.1768273095983056
60390,0.510583928423221
60391,0.6458808191738804
60392,0.6741845949120511
60393,0.4987544571313842
60394,0.4670842575825141
60395,0.5575236029374554
60396,0.34869846987681374
60397,0.4323818882142663
60398,0.6223345726867914
60399,0.588845346198649
60400,0.33967975458504185
60401,0.5975483554138694
60402,0.29722543866099455
60403,0.29948255225766646
60404,0.2352387085196276
60405,0.6691290987473592
60406,0.5854166390990159
60407,0.1873908383807078
60408,0.23223352432095956
60409,0.17910711390455936
60410,0.32125155520437504
60411,0.40811634354835735
60412,0.26255526223551434
60413,0.493000832572288
60414,0.42201812218366985
60415,0.5380213180623926
60416,0.3165083017284236
60417,0.6508641841461682
60418,0.4277375863806149
60419,0.6789310206818414
60420,0.4626520047009878
60421,0.5501192797579509
60422,0.3859525012672763
60423,0.4781355107822622
60424,0.7729197518379072
60425,0.523305468067583
60426,0.5748430761056239
60427,0.5371370056143803
60428,0.5822142878258707
60429,0.27588977662151615
60430,0.6442414767395115
60431,0.23935422415099655
60432,0.5377380814107999
60433,0.46956075551118415
60434,0.5632258485201742
60435,0.4248097407629988
60436,0.42991493698886235
60437,0.3451233743112414
60438,0.21366184205635544
60439,0.21491375765253082
60440,0.2152637453649734
60441,0.5459504458980712
60442,0.5912578840932684
60443,0.7465182799401343
60444,0.33415358825472097
60445,0.40353747974429366
60446,0.23583721240351097
60447,0.40491527872387006
60448,0.6280034475552133
60449,0.27582459121856073
60450,0.6059610597902416
60451,0.3111484426730199
60452,0.5533005103103629
60453,0.507603744110884
60454,0.492185477157572
60455,0.21751919271923442
60456,0.42423917666057365
60457,0.5945870145539021
60458,0.6104905813251525
60459,0.4280919955232032
60460,0.4038385904819411
60461,0.5944583957972229
60462,0.4017007743370835
60463,0.6047774798931185
60464,0.5428197754820796
60465,0.1520431634371116
60466,0.6374238618029806
60467,0.6564416029949617
60468,0.1904849576312673
60469,0.18742991312681687
60470,0.220218526043093
60471,0.305920796335402
60472,0.42099029646453096
60473,0.5674400009513686
60474,0.5329034097337079
60475,0.4746636069744874
60476,0.44846529214350983
60477,0.6924228777447055
60478,0.41815482626741474
60479,0.22858839129121672
60480,0.1962844005382243
60481,0.2779556139756876
60482,0.2834111226871826
60483,0.602067180926231
60484,0.3293908937965635
60485,0.254471268163875
60486,0.7678700254254653
60487,0.6131988248704804
60488,0.3121220247903783
60489,0.4590775189610404
60490,0.43077477675266734
60491,0.2761728037837245
60492,0.4526734558675686
60493,0.17826315678805277
60494,0.5021977403827866
60495,0.5190333416003179
60496,0.48495068458377366
60497,0.6168841061550263
60498,0.5381016648332129
60499,0.5830004591606186
60500,0.4425226160467445
60501,0.37790236992777815
60502,0.6184624009501293
60503,0.5796721252345227
60504,0.32075361153721016
60505,0.6379554429497789
60506,0.6817588440654478
60507,0.25427914677011354
60508,0.6219786897741894
60509,0.8330358864918539
60510,0.6494904453469192
60511,0.6239497432533765
60512,0.14217536057105334
60513,0.41705374903309106
60514,0.4703262795996635
60515,0.30018291155142224
60516,0.27031179238500225
60517,0.6508666966494023
60518,0.36477543040114535
60519,0.5280180514453706
60520,0.3922915942203461
60521,0.40587349670234185
60522,0.24269787808412188
60523,0.41266256614841534
60524,0.7958859271283745
60525,0.3876395356160817
60526,0.23723819630886445
60527,0.5537204636232007
60528,0.6831218091146661
60529,0.4884600732875868
60530,0.5879293734863786
60531,0.2667203593990764
60532,0.6222140909091939
60533,0.631504943934623
60534,0.46977087436658305
60535,0.38186473514772423
60536,0.8630220057779794
60537,0.4665653814629883
60538,0.4165674359913042
60539,0.6293503087072577
60540,0.4260218597569849
60541,0.47406920613249426
60542,0.2375119791131327
60543,0.5649175601351034
60544,0.4118755054817359
60545,0.35900434372758794
60546,0.7601042374416915
60547,0.5219437223866142
60548,0.6454304207743023
60549,0.6519075987151322
60550,0.49974560972226356
60551,0.5020893795054495
60552,0.7747918559148927
60553,0.7627040976570718
60554,0.443185309865666
60555,0.5687762941292676
60556,0.399816234979024
60557,0.5761229227361346
60558,0.6463884381859644
60559,0.7200728392222018
60560,0.21149480128715664
60561,0.5966551568359084
60562,0.1997803688886527
60563,0.26620394496291755
60564,0.2532679371029928
60565,0.8208584614703743
60566,0.3409347396538472
60567,0.6247392737372236
60568,0.6658735186268925
60569,0.21502348823837614
60570,0.5120402211401694
60571,0.4993746401731428
60572,0.23935277740395383
60573,0.23387996329649227
60574,0.31766061273660884
60575,0.3456832115809928
60576,0.6305097827379565
60577,0.4342147041585867
60578,0.7660834307255255
60579,0.5999738124297769
60580,0.5002052741577294
60581,0.4315651145424575
60582,0.23391944832848643
60583,0.7648716026006706
60584,0.6495369209752555
60585,0.4911085898300007
60586,0.1803753405801618
60587,0.33236584661600144
60588,0.5667956165375232
60589,0.7005885563370873
60590,0.5763941308800195
60591,0.552248550024087
60592,0.5287431537473956
60593,0.6709289162924861
60594,0.20629422043516996
60595,0.4889584572216899
60596,0.2467577607547806
60597,0.5762571317329019
60598,0.34613447847324563
60599,0.6552445348352601
60600,0.47902860013301785
60601,0.23669276093105804
60602,0.6709354926020433
60603,0.48663271024344756
60604,0.45592854863915727
60605,0.20629185016100135
60606,0.5601103217574055
60607,0.4396310963496867
60608,0.801671468279683
60609,0.26009787355037434
60610,0.7414652415042708
60611,0.8292553471554518
60612,0.2532454802561613
60613,0.24162690606959164
60614,0.53182059071192
60615,0.6788952677692921
60616,0.46833258398901667
60617,0.534080126553132
60618,0.3322628562494368
60619,0.4838320005603073
60620,0.7054817782980003
60621,0.4626373918360357
60622,0.39239256594361943
60623,0.4534410545558263
60624,0.7484501573128164
60625,0.13157133089924392
60626,0.6828675934543431
60627,0.5461863931359403
60628,0.6921254985551735
60629,0.659507607445472
60630,0.21650255058374018
60631,0.5670974096719915
60632,0.33772004871479
60633,0.24505573917545642
60634,0.7895149374828194
60635,0.43752458817585926
60636,0.5933665792046003
60637,0.6450237370765424
60638,0.3273470371337974
60639,0.4290497044108844
60640,0.5316419779816532
60641,0.14668669210457347
60642,0.4685658716018347
60643,0.6103940334486773
60644,0.7129479874279505
60645,0.5767690432613428
60646,0.5532313750516853
60647,0.4745727157969583
60648,0.22993045532281126
60649,0.44644938114336113
60650,0.4836262503117936
60651,0.7697441151754127
60652,0.7233588105912764
60653,0.16750379438182628
60654,0.42733834679259786
60655,0.2457881565347466
60656,0.5992485955843194
60657,0.4170940884330293
60658,0.5681693591818705
60659,0.32029929678815106
60660,0.5249499537067532
60661,0.4828233871008455
60662,0.19789164681033705
60663,0.469044990131669
60664,0.21201311130414102
60665,0.649697148506924
60666,0.7782057685512576
60667,0.21393134629601676
60668,0.5174352614505473
60669,0.704874514084587
60670,0.6276508452373971
60671,0.5858697727303628
60672,0.5836696821306029
60673,0.43925220733385506
60674,0.5540601084591943
60675,0.5556338224344131
60676,0.11197471759046783
60677,0.15868984143261267
60678,0.8208643354615117
60679,0.6090167398350677
60680,0.5307498967781668
60681,0.32163264501659955
60682,0.193137180711935
60683,0.25582799857524174
60684,0.6083377678899511
60685,0.28837156609655523
60686,0.3756809696771915
60687,0.1865362203955141
60688,0.30360861498432884
60689,0.6173765128301724
60690,0.4242110503934964
60691,0.4119425906087417
60692,0.5342126847207972
60693,0.7379344875236578
60694,0.6339721900921572
60695,0.4557331855859268
60696,0.6055472422087627
60697,0.32789273410303643
60698,0.6318159904802241
60699,0.5680865790976506
60700,0.8148326100952477
60701,0.3588248586015409
60702,0.6955284993064763
60703,0.5430358007417834
60704,0.44924993752260084
60705,0.609204363302273
60706,0.34905383537084067
60707,0.2753234404172927
60708,0.3036876766279588
60709,0.6828194851116094
60710,0.3739432499648078
60711,0.729632782233578
60712,0.5185059702645688
60713,0.40538562553527613
60714,0.4721162192231115
60715,0.5040825746311218
60716,0.2871190458552939
60717,0.1757240523583306
60718,0.1258196971977202
60719,0.5937248537143438
60720,0.49715090731736605
60721,0.44400509101952845
60722,0.6059510178053674
60723,0.35070605543010575
60724,0.4372060068670556
60725,0.5760130900650277
60726,0.28108897317814857
60727,0.44903600089576173
60728,0.5427973107343881
60729,0.2794969531889301
60730,0.4965729177791742
60731,0.6599320082193629
60732,0.5647519016141579
60733,0.6823960578528914
60734,0.45206078702320784
60735,0.5938361691937201
60736,0.5651755879184102
60737,0.5575210912665406
60738,0.3611709505985966
60739,0.3509839953829189
60740,0.48284923374339844
60741,0.5004873052887291
60742,0.3553665384926667
60743,0.5238864947834625
60744,0.6688181437129325
60745,0.4686669241592391
60746,0.24688951851417765
60747,0.5992920795574072
60748,0.6133555299047884
60749,0.7367882525672254
60750,0.45769975988794576
60751,0.5254016769745313
60752,0.19008873199744583
60753,0.6361864682488694
60754,0.3567950314137936
60755,0.5501469049062446
60756,0.3018490485068516
60757,0.610280983582786
60758,0.7241883776465148
60759,0.4343743669741016
60760,0.4405096141101526
60761,0.6899114841022516
60762,0.7111634962654196
60763,0.35620037398571647
60764,0.6606737198140773
60765,0.5116439695261893
60766,0.6147896724420501
60767,0.4957533793248815
60768,0.3571058661884644
60769,0.4885177110231642
60770,0.46933343299191466
60771,0.16009866432137268
60772,0.1958632491119527
60773,0.17756223886179992
60774,0.768402911559136
60775,0.19321215708899195
60776,0.6749810650904359
60777,0.41568195729310997
60778,0.4966540881955603
60779,0.6673792652955628
60780,0.5757122764865552
60781,0.22458993194973453
60782,0.3613164290198393
60783,0.6632972463474278
60784,0.47372394767642545
60785,0.6054740231781014
60786,0.673983588612003
60787,0.6845017559913622
60788,0.2747561205926974
60789,0.20880211001412513
60790,0.5648592761311262
60791,0.7151183265228376
60792,0.5599685932896922
60793,0.6203446174790059
60794,0.21807800790913612
60795,0.3026524925499142
60796,0.1622201443300439
60797,0.7883402042009084
60798,0.6395087706889391
60799,0.5763162231858282
60800,0.3577074634825159
60801,0.42178777934836076
60802,0.1572966596719184
60803,0.45840867871906277
60804,0.49079290733224284
60805,0.0886008220418355
60806,0.7601872546859012
60807,0.7093781155235285
60808,0.6929256084568971
60809,0.5069204312309451
60810,0.5983879983510225
60811,0.5225211329077032
60812,0.6210691520106497
60813,0.4160174031242909
60814,0.2097849752412938
60815,0.732298335347568
60816,0.8353230813677506
60817,0.25994468216034305
60818,0.15341559884605765
60819,0.44800775777003715
60820,0.17971745265049197
60821,0.40019812244586567
60822,0.764933954195159
60823,0.2904899790561798
60824,0.48923750189972615
60825,0.4005775045131066
60826,0.8410675771078455
60827,0.20698861434567556
60828,0.29501610637411513
60829,0.4835375385248009
60830,0.7606284150143898
60831,0.20883374265398053
60832,0.6392513495913783
60833,0.4985337881084286
60834,0.49175880460544574
60835,0.41479196571428323
60836,0.5455265401005462
60837,0.4622530648753337
60838,0.42897565219380523
60839,0.6777929915874084
60840,0.7326010386381976
60841,0.49068680086895927
60842,0.7410735255634515
60843,0.2598382198568912
60844,0.7505716239627672
60845,0.4158160600672072
60846,0.37219859103669156
60847,0.5111868057904857
60848,0.5317500311089153
60849,0.2012489515958829
60850,0.6446070080753474
60851,0.6742234733007223
60852,0.571435130137294
60853,0.23265955738468713
60854,0.5796265108552597
60855,0.4516023244732185
60856,0.5618580693549062
60857,0.7135859159994005
60858,0.5409370237898581
60859,0.3754952824929343
60860,0.3423177753944529
60861,0.4471568090283305
60862,0.45850389678900916
60863,0.32672277077244183
60864,0.7012829833332164
60865,0.24439605422918903
60866,0.7161432664675734
60867,0.3880605718700998
60868,0.7421922179946494
60869,0.16332844665497204
60870,0.6160348340349887
60871,0.5827000945032441
60872,0.33592380469162786
60873,0.7154636139696493
60874,0.6226179203752951
60875,0.5827268117037022
60876,0.5357225264566069
60877,0.3791014024474767
60878,0.8031461107559907
60879,0.6547899565714468
60880,0.600852150316799
60881,0.631322839447119
60882,0.8373237357863825
60883,0.5501721637764586
60884,0.44452010724400126
60885,0.5571825230443489
60886,0.6061520573991745
60887,0.42687671120535997
60888,0.5372306253462832
60889,0.3891484207048669
60890,0.6829165631351509
60891,0.555261311701912
60892,0.5264989632182924
60893,0.5388242757021255
60894,0.48034432790503545
60895,0.6591767700949119
60896,0.6433148222452828
60897,0.24779821382786485
60898,0.6138024645825516
60899,0.6159347633706183
60900,0.6931751758212615
60901,0.19815539417179184
60902,0.45342255196484715
60903,0.3878333320343248
60904,0.3946001791399083
60905,0.4112396115092087
60906,0.458626193683928
60907,0.5572593644065876
60908,0.686683654312706
60909,0.7988504648011734
60910,0.4421869903374641
60911,0.7000610826802763
60912,0.2880390526590044
60913,0.44959313777178667
60914,0.5288251530506356
60915,0.17414183342518913
60916,0.4333842807638906
60917,0.25100161154092654
60918,0.6242852604930376
60919,0.7241592375279908
60920,0.1616327693165825
60921,0.6489240336567099
60922,0.5113132251649903
60923,0.33605600652818873
60924,0.2052653400628942
60925,0.24055088579596
60926,0.7837639355660506
60927,0.5491849912719087
60928,0.6119819226601139
60929,0.6294006543592481
60930,0.40011711045872034
60931,0.5366566130726468
60932,0.6486526247806053
60933,0.32709482032377396
60934,0.24239837180075874
60935,0.4733825694081031
60936,0.4706493693277885
60937,0.4401790475171389
60938,0.6785225756305763
60939,0.422875388752906
60940,0.7086535850805102
60941,0.6236368732394126
60942,0.7341485907192037
60943,0.43259667816693925
60944,0.5143094159439474
60945,0.5245609919750296
60946,0.3839981142319157
60947,0.212480181390381
60948,0.18416999369346354
60949,0.3506449164741722
60950,0.7289380452725099
60951,0.5123653849615157
60952,0.4536584038571194
60953,0.38368038736579957
60954,0.4499838587882158
60955,0.15963767454445293
60956,0.17914852326822622
60957,0.4643152104574566
60958,0.4842446188898577
60959,0.40126175816081655
60960,0.600081062068442
60961,0.408003487639285
60962,0.22395757386983878
60963,0.6185545094960159
60964,0.47387759141353625
60965,0.49201987774259726
60966,0.43011999637766585
60967,0.6167681900845687
60968,0.1549304348999142
60969,0.7367682481131557
60970,0.5005193629635906
60971,0.5730379377293089
60972,0.7872410040040492
60973,0.21996960627960419
60974,0.14971385901978723
60975,0.5232583002956142
60976,0.5791801477290789
60977,0.6206142625207955
60978,0.1749732206016928
60979,0.38149149175382574
60980,0.4976559776942435
60981,0.4136112354389095
60982,0.5627517627258815
60983,0.6501691404137856
60984,0.5363787603075146
60985,0.46087142774060863
60986,0.6084398319746116
60987,0.7969997137000349
60988,0.6488252972341396
60989,0.7902204964017192
60990,0.7975997037976692
60991,0.34632862994841873
60992,0.34370746323197565
60993,0.1999229276709977
60994,0.5691106674461426
60995,0.23394565350311028
60996,0.5601393755983274
60997,0.26307585773859526
60998,0.5054087686711375
60999,0.47582828696043844
61000,0.284878583101144
61001,0.47449819101993773
61002,0.5023938990123037
61003,0.36149209166490937
61004,0.583548413439307
61005,0.5281437516204486
61006,0.4133480282731476
61007,0.5871457634306166
61008,0.2880427165508858
61009,0.8519656553385354
61010,0.7850196030080983
61011,0.4971752839814666
61012,0.2538836290212217
61013,0.26172392942905404
61014,0.43686713533531485
61015,0.6600022866627671
61016,0.18478518781366693
61017,0.6104465100150858
61018,0.13806096694102094
61019,0.2571864873135365
61020,0.2951117222665919
61021,0.62529454124619
61022,0.25360865222027085
61023,0.2134315226638087
61024,0.7368860752522896
61025,0.534419878955935
61026,0.6180185671864861
61027,0.6275148997409825
61028,0.487102122971365
61029,0.19963382937928995
61030,0.7957774054192719
61031,0.38949918693201446
61032,0.5514377601308488
61033,0.712560873825862
61034,0.46771007101587564
61035,0.19318937255914193
61036,0.5555804909074968
61037,0.623664555507166
61038,0.4473422842147768
61039,0.588151584703601
61040,0.2942776601564566
61041,0.5172604956166824
61042,0.3474291708900389
61043,0.7570512232884441
61044,0.682865708455139
61045,0.7444844845346285
61046,0.2513076918888407
61047,0.2882336583324883
61048,0.41630138459669513
61049,0.44995915708147816
61050,0.6081567418984422
61051,0.5842548277282564
61052,0.44842737357966095
61053,0.43139229190623735
61054,0.43424462144212905
61055,0.6955646043056467
61056,0.8038150912145605
61057,0.5305626382795527
61058,0.38470046944741926
61059,0.47554542730076604
61060,0.5904988503258001
61061,0.2691749356213934
61062,0.7948006154614391
61063,0.2726619927144627
61064,0.6151948026873778
61065,0.4565475588388625
61066,0.5307552287328499
61067,0.437286212463014
61068,0.8153352174171102
61069,0.5448654963981506
61070,0.30311325993337085
61071,0.09268531699852917
61072,0.4732302969623473
61073,0.2848937825968495
61074,0.4127367732704895
61075,0.4137951611163866
61076,0.45167146656550394
61077,0.5047974510909057
61078,0.5633371673248699
61079,0.24710284851256528
61080,0.37488031857773974
61081,0.7659679694308474
61082,0.4159434565109021
61083,0.2180801748640093
61084,0.40903610491569087
61085,0.3926965700002034
61086,0.541216554132114
61087,0.4782350377637895
61088,0.39187284065074207
61089,0.5100033381880388
61090,0.7775255601451365
61091,0.8277489076296406
61092,0.20589171360969005
61093,0.4989533334010686
61094,0.363542902004404
61095,0.7988364066778466
61096,0.4398637845532776
61097,0.5289248096873163
61098,0.532960961703872
61099,0.7641630038698047
61100,0.19049928538622646
61101,0.7504640892066214
61102,0.5433645003187626
61103,0.12774948898085958
61104,0.6494041246682366
61105,0.5074953263354451
61106,0.539917088823649
61107,0.5939946424341834
61108,0.5707796880388315
61109,0.799661714816262
61110,0.23778432191758136
61111,0.1445617267652638
61112,0.6859651567444044
61113,0.588043029750811
61114,0.4723780917627324
61115,0.32398969758076435
61116,0.4370401449970629
61117,0.5266256134161988
61118,0.28033339128184076
61119,0.5613413301411733
61120,0.39625082715167903
61121,0.442283758772891
61122,0.5216167454280515
61123,0.5085566042645786
61124,0.6048547390812247
61125,0.19373226104378716
61126,0.6345833393999031
61127,0.5116021048812102
61128,0.7064697006669742
61129,0.33882789011032705
61130,0.429794646998557
61131,0.6205069119613702
61132,0.5839779874585782
61133,0.561080099939914
61134,0.42596224748181855
61135,0.785497507386874
61136,0.6014802498744857
61137,0.4822707599161614
61138,0.44765761353157274
61139,0.1771978963664237
61140,0.6641067136687476
61141,0.4773698152614742
61142,0.3300506544855978
61143,0.4295793764515088
61144,0.7459628985823348
61145,0.7554661193610066
61146,0.5191279067255239
61147,0.6778576895500629
61148,0.502838012560358
61149,0.6495910218496193
61150,0.5509053091773836
61151,0.36857419224212695
61152,0.27208706042214154
61153,0.2908981370303692
61154,0.7769210165648032
61155,0.4681695254649981
61156,0.5647330482508313
61157,0.718572711930638
61158,0.6698704513204286
61159,0.538114275971165
61160,0.5452947939925237
61161,0.21439263258716582
61162,0.292156092016499
61163,0.3784767425633225
61164,0.24802555151448782
61165,0.6873990907987184
61166,0.2418628528336113
61167,0.7430800632716273
61168,0.7214025876834684
61169,0.47788467739543705
61170,0.3609255718131725
61171,0.5346709497644304
61172,0.6188587901267849
61173,0.420161406322743
61174,0.5815838894138339
61175,0.5329676946412687
61176,0.2808329876987692
61177,0.5592853942208624
61178,0.33955434691550956
61179,0.3933755125601528
61180,0.6769544133053848
61181,0.608815747516367
61182,0.5162402048789376
61183,0.10026680002909422
61184,0.589223860434518
61185,0.5619509261964456
61186,0.39701029726132175
61187,0.5457039551054942
61188,0.20296657093741566
61189,0.35709085257225665
61190,0.7907913746756663
61191,0.6633221396409376
61192,0.46783580486051035
61193,0.557153454299043
61194,0.5194087932385633
61195,0.5413873652266664
61196,0.8239546744156323
61197,0.35419291432304556
61198,0.2871237639390158
61199,0.5379029202928317
61200,0.7892320168617
61201,0.4485560038311223
61202,0.5738568701824516
61203,0.39148039786013233
61204,0.5657410188305213
61205,0.46059055400409343
61206,0.5627683809101955
61207,0.7402627511152717
61208,0.3017517560909723
61209,0.5116776540281374
61210,0.6930684296782625
61211,0.494707176627727
61212,0.5489816010082924
61213,0.3216152064798704
61214,0.4913644526758981
61215,0.66330428387579
61216,0.3071267468351716
61217,0.35273377505499404
61218,0.4117033842129751
61219,0.7063194722900432
61220,0.35258260474923664
61221,0.8275992772141747
61222,0.4400064113244332
61223,0.5107912218777506
61224,0.19455016744190293
61225,0.2883493739571338
61226,0.7279547553818762
61227,0.6154562405525353
61228,0.4683199063468559
61229,0.3715103617832175
61230,0.31383817180085116
61231,0.5289132283647152
61232,0.40052490527684126
61233,0.5223453608048588
61234,0.3062016981109357
61235,0.350877355265842
61236,0.6224827541968934
61237,0.6280740353013124
61238,0.32312763818492773
61239,0.17557902682278986
61240,0.3064569514843413
61241,0.5925897096688179
61242,0.43356010025996516
61243,0.6944818430490951
61244,0.42088773989697625
61245,0.5126723511679118
61246,0.22662867114478685
61247,0.3957370373623578
61248,0.7490185535454019
61249,0.4754102501826837
61250,0.6910905369033842
61251,0.23593240000954221
61252,0.7293315151653861
61253,0.27006519887958597
61254,0.4261752051559728
61255,0.6082323116138597
61256,0.23229335452201927
61257,0.5641806015311632
61258,0.6114520359336427
61259,0.27179955181140825
61260,0.2819447722784821
61261,0.5064546255381548
61262,0.512617042238082
61263,0.6252681888984479
61264,0.3350583248166256
61265,0.43097370937537294
61266,0.7216265150028149
61267,0.3334656957266972
61268,0.6855698667323468
61269,0.42056086883508476
61270,0.3149821858447698
61271,0.5724343023329497
61272,0.630911395807365
61273,0.5427564127623211
61274,0.5506070306884608
61275,0.6802025382333693
61276,0.5356747599775955
61277,0.20109869246012857
61278,0.20177779698367293
61279,0.4666545720199352
61280,0.4370032577919899
61281,0.664474011354986
61282,0.5946774668697676
61283,0.23330965214864302
61284,0.4139392367587151
61285,0.2253664914304696
61286,0.6342652681337405
61287,0.6201953201705672
61288,0.5515891368608214
61289,0.5052224690941965
61290,0.24630409937611394
61291,0.45522575944568294
61292,0.4952489265350003
61293,0.22656542596216034
61294,0.7546506777919502
61295,0.27337326390376354
61296,0.3261426244761837
61297,0.3247602655520939
61298,0.363900641741426
61299,0.6411539225682918
61300,0.7476927519307116
61301,0.7200017509238699
61302,0.3344664977643209
61303,0.4827940558355152
61304,0.39527390473640456
61305,0.1862038506796534
61306,0.34301719100327055
61307,0.5771986415968703
61308,0.5519382027795277
61309,0.5998697627738617
61310,0.8189873399690826
61311,0.2810231405349813
61312,0.4201347237390367
61313,0.16515025569132993
61314,0.41996224544348126
61315,0.3029128299206986
61316,0.6102972964227078
61317,0.6159729371782802
61318,0.4067546656303815
61319,0.6510518033906612
61320,0.7689200941701367
61321,0.6283251405246265
61322,0.13606849889571454
61323,0.10725538286696495
61324,0.3261133203752338
61325,0.6939517157370656
61326,0.17801316430079647
61327,0.38492908767206957
61328,0.4385767196207283
61329,0.4727794615656482
61330,0.6152307071434655
61331,0.5396357131713134
61332,0.5222593942564034
61333,0.5223541877533296
61334,0.37059948499437206
61335,0.41569398458802215
61336,0.5340044347229391
61337,0.4149921148835639
61338,0.6691083473003976
61339,0.6494371634179358
61340,0.5903880520055684
61341,0.7014059162205695
61342,0.5148089909513496
61343,0.7391695434408794
61344,0.542808095227002
61345,0.6058494924982736
61346,0.6381696943667792
61347,0.5310164818382691
61348,0.35128141235115884
61349,0.7319306229713517
61350,0.42733328611637716
61351,0.7327067932791926
61352,0.428183948366879
61353,0.3691664847663787
61354,0.4750743700887574
61355,0.6314097865791605
61356,0.5287816910243941
61357,0.3666319063606497
61358,0.42371156743330873
61359,0.5545631489034043
61360,0.5224555015255052
61361,0.5677472262414283
61362,0.5200784431348654
61363,0.5954412905806387
61364,0.26773947056944813
61365,0.5593991650540335
61366,0.47237698865950817
61367,0.6393627241308357
61368,0.3118052769218038
61369,0.4024457889550841
61370,0.5699974391339112
61371,0.3604713974954339
61372,0.25484098687974244
61373,0.7789260751409723
61374,0.7166145334557146
61375,0.34421934502404705
61376,0.5974997420623755
61377,0.46926374337614923
61378,0.7409950475993239
61379,0.556483330341312
61380,0.5316444374036753
61381,0.6462231582482239
61382,0.5005767395563938
61383,0.591873991857822
61384,0.4713244308273927
61385,0.2515361958055067
61386,0.5932551319573898
61387,0.22381393457094997
61388,0.20780717065864232
61389,0.5205714069542312
61390,0.3789246545696723
61391,0.20803170910182792
61392,0.8305862987425969
61393,0.29344990614978944
61394,0.6650229943222459
61395,0.6759831788412722
61396,0.4575283101676825
61397,0.5105105781049685
61398,0.6337894822671699
61399,0.22801576756957492
61400,0.2576565067150334
61401,0.6194652237624878
61402,0.19336196595342217
61403,0.5152040363838322
61404,0.38769776082296536
61405,0.7271516170275797
61406,0.5164624004553631
61407,0.25509331531388846
61408,0.6976846941037609
61409,0.574437971632336
61410,0.5210175752581403
61411,0.3336295008958628
61412,0.15460731183406382
61413,0.7582286912281444
61414,0.6175312307690186
61415,0.6700301563964236
61416,0.6192997085211691
61417,0.5274900610501199
61418,0.5454509612750714
61419,0.34521151185063914
61420,0.2311106383115914
61421,0.6582473363574526
61422,0.4050772030020038
61423,0.21990030083262618
61424,0.5730444531178778
61425,0.23367591776046776
61426,0.3756692943025154
61427,0.46399977542926807
61428,0.303357618014365
61429,0.6538747401070231
61430,0.19787068138709663
61431,0.33439828128392857
61432,0.3893641083007379
61433,0.42438533064700534
61434,0.3701949052673201
61435,0.4149662293165231
61436,0.6082737898954147
61437,0.4166786440422516
61438,0.6687190676139287
61439,0.31960838216686716
61440,0.2770528043056661
61441,0.4260764661077806
61442,0.5900368095197202
61443,0.35802112073794196
61444,0.7713028684004306
61445,0.1595653990469974
61446,0.6784961731464023
61447,0.5369480137787326
61448,0.6822165236964517
61449,0.7315145064304098
61450,0.42754987326236277
61451,0.5734033119454793
61452,0.22914840070470097
61453,0.3914159521728993
61454,0.3505520201730831
61455,0.2374910431656188
61456,0.5909844452295162
61457,0.4303071754542326
61458,0.4298135105951648
61459,0.6672357041295369
61460,0.5712096705844729
61461,0.289553288334326
61462,0.6420315576837468
61463,0.22732250056389622
61464,0.5997203993593988
61465,0.6340440677763031
61466,0.44122743830174777
61467,0.6947179739120343
61468,0.23994909728921127
61469,0.3383158380956381
61470,0.7301561704832522
61471,0.2033237046463777
61472,0.24302630516483686
61473,0.27894469263015315
61474,0.3186334839559499
61475,0.5859418804847085
61476,0.6861091289279256
61477,0.5650065389425787
61478,0.475015588839875
61479,0.5475263555394888
61480,0.3234246503915886
61481,0.2872655290358043
61482,0.21473582031773106
61483,0.4341827151716222
61484,0.48175055221359353
61485,0.43084896932617733
61486,0.4767547317392119
61487,0.5148080018911652
61488,0.6571813767661226
61489,0.48695578830216474
61490,0.15832136758696536
61491,0.21250286536115648
61492,0.42044798351234
61493,0.5949187577790287
61494,0.4465996328236895
61495,0.525610393889969
61496,0.4052962121114879
61497,0.1834174066932533
61498,0.2441884571423527
61499,0.43821179592328763
61500,0.5014728636032292
61501,0.4862761406311625
61502,0.6666333474928355
61503,0.46684237256794814
61504,0.7463780679520673
61505,0.5118134688629884
61506,0.5271767205675774
61507,0.5887425896277636
61508,0.3283583979328516
61509,0.28559548063662005
61510,0.4790416298050835
61511,0.1500308420839854
61512,0.2082871660636267
61513,0.3479242679752811
61514,0.4324237362711978
61515,0.5623956930022923
61516,0.5902829192614465
61517,0.6907258767359559
61518,0.5432544525547526
61519,0.6799817120122083
61520,0.30847326868012065
61521,0.4817792293652834
61522,0.3912943284676501
61523,0.3590820203539777
61524,0.5963957869578762
61525,0.2986762065126609
61526,0.42140592755430684
61527,0.5864326925359811
61528,0.45243253493377583
61529,0.5080723128210856
61530,0.41168829798817225
61531,0.19076952024791977
61532,0.40844847603725365
61533,0.3435305649332272
61534,0.3497975573441774
61535,0.2453800096549134
61536,0.2569461821101267
61537,0.1877411580777089
61538,0.2204636182883691
61539,0.6187828956717605
61540,0.5191502554206006
61541,0.12572179225460556
61542,0.4489153889681187
61543,0.8279052372918166
61544,0.8025969566363796
61545,0.4976949698243379
61546,0.7342391991735515
61547,0.39106991447593675
61548,0.21022932815318945
61549,0.523260606978459
61550,0.5202762783791094
61551,0.7420720757182853
61552,0.5459984886264032
61553,0.6716462482475823
61554,0.28481422666423084
61555,0.3485858507015708
61556,0.6979193230600695
61557,0.5909030528366573
61558,0.61502217570745
61559,0.7511177597389411
61560,0.4635476734929952
61561,0.5953571409428893
61562,0.5295763810165547
61563,0.7441338370535949
61564,0.282930297340837
61565,0.5298969256368984
61566,0.7582142771698057
61567,0.5355230220747178
61568,0.6275083324804519
61569,0.3058228832840252
61570,0.37822967291726617
61571,0.2712912419499815
61572,0.6611475647544756
61573,0.7956727543672324
61574,0.45332244612953737
61575,0.2363655773966416
61576,0.5907079239382396
61577,0.496386726709063
61578,0.7032593013905664
61579,0.3844074160960095
61580,0.5376044373153948
61581,0.16268561910818752
61582,0.6831544319642868
61583,0.44289689216561556
61584,0.772041750342007
61585,0.5925293675999275
61586,0.7017974348101736
61587,0.6828365921900649
61588,0.5491601616403388
61589,0.4408216448896693
61590,0.6330345251859292
61591,0.48915066006862606
61592,0.3134462581363661
61593,0.744867104954861
61594,0.6622323129297463
61595,0.5648245145144766
61596,0.15368974249880113
61597,0.37690029988984974
61598,0.6200316807571912
61599,0.6788401609886805
61600,0.6207906739076036
61601,0.48078519490275606
61602,0.5621778523802924
61603,0.6928686398639757
61604,0.29863754781133767
61605,0.4964072809826551
61606,0.520829969736211
61607,0.6864702244785948
61608,0.6703369009683743
61609,0.3809884138555825
61610,0.3800710954457923
61611,0.17208849106057422
61612,0.8163370072184254
61613,0.30751370477022755
61614,0.22077046569674136
61615,0.3976556663873073
61616,0.24394458478984032
61617,0.44923884791276536
61618,0.6557889265279911
61619,0.6192047317691302
61620,0.32813743274474705
61621,0.7995987871159735
61622,0.6632340364071789
61623,0.38726864673382844
61624,0.6248897560928142
61625,0.5133172261016993
61626,0.3567520551614516
61627,0.24711853439824621
61628,0.2759989670360148
61629,0.30359212985037354
61630,0.18209527335254294
61631,0.8337233449855721
61632,0.16622201382905213
61633,0.462907062326455
61634,0.6289677624313035
61635,0.2039292020707701
61636,0.4934355362906281
61637,0.6990634069338277
61638,0.6599606247463964
61639,0.6016406772186877
61640,0.5698798974983009
61641,0.39189878669225164
61642,0.4081553721994895
61643,0.5279745855101322
61644,0.6891312566193369
61645,0.3612344826279761
61646,0.7363887425552195
61647,0.2976459458981894
61648,0.7576903024225674
61649,0.7481667629870092
61650,0.5955552931018797
61651,0.2630382494192449
61652,0.21745741078870873
61653,0.3168706237088976
61654,0.2693074119003348
61655,0.4775877597625152
61656,0.7848862944058916
61657,0.5852334698396514
61658,0.420621567473605
61659,0.7874468664368784
61660,0.7803616387188801
61661,0.48087107128825957
61662,0.535329137565507
61663,0.44582769308864945
61664,0.2682078726066098
61665,0.16954284052041285
61666,0.31438226751534654
61667,0.5015763552457528
61668,0.44437663545787226
61669,0.5856641419658157
61670,0.7454474131631219
61671,0.15972316084980182
61672,0.5551489441716962
61673,0.3727847718647844
61674,0.45945320919615373
61675,0.38018843715898076
61676,0.40530740026399936
61677,0.4301180372174328
61678,0.42440707643779496
61679,0.45173880503801894
61680,0.524722161564658
61681,0.655540705479787
61682,0.41113149212367317
61683,0.6027517625060397
61684,0.538678915363243
61685,0.4719876832233501
61686,0.28406288411554637
61687,0.5855760031654242
61688,0.25648685625731804
61689,0.39340986556476726
61690,0.38145335518912904
61691,0.1461013527613627
61692,0.44615615797621905
61693,0.18544377809569265
61694,0.48251089610627357
61695,0.1660137311539664
61696,0.754473132439603
61697,0.37540022544748375
61698,0.14342397783313335
61699,0.7095113296244734
61700,0.24201068345555352
61701,0.509307315301524
61702,0.1272901876854215
61703,0.5917992205321019
61704,0.2581642748828313
61705,0.1616884976770207
61706,0.5026331829750014
61707,0.4831808860068567
61708,0.822598892166799
61709,0.6142292137962279
61710,0.2753708897107472
61711,0.6009271127585959
61712,0.41242193782452463
61713,0.7535066691084711
61714,0.34376224631720126
61715,0.4234512546165473
61716,0.6252605821051123
61717,0.6241799713007683
61718,0.49150506104933656
61719,0.5104296482479164
61720,0.5851611136200662
61721,0.605833480845482
61722,0.5178206975653566
61723,0.25314247284077646
61724,0.24554712265809195
61725,0.6483705016474827
61726,0.7064168280187281
61727,0.31686213490345716
61728,0.5944136811120987
61729,0.8676647449958977
61730,0.5064761803556076
61731,0.7268499044430944
61732,0.49797888926039247
61733,0.5508787174384415
61734,0.6717710512106883
61735,0.6260682398693725
61736,0.4544350443372991
61737,0.6984561352033405
61738,0.5350902252995176
61739,0.614020011591581
61740,0.5026462383632262
61741,0.5481498676408549
61742,0.6791176121053254
61743,0.5938304461607343
61744,0.7450549983593131
61745,0.6045828235166192
61746,0.4213950118368177
61747,0.5213540294622439
61748,0.5811524791178265
61749,0.6013917078830595
61750,0.19407607644780805
61751,0.5011837597203073
61752,0.3398465528880913
61753,0.2780692678663027
61754,0.20784469352908733
61755,0.5985104595629547
61756,0.2578277545290118
61757,0.10635303358656964
61758,0.27277310176435465
61759,0.20268877685762138
61760,0.2695861274055354
61761,0.3517465552042899
61762,0.18197552709579584
61763,0.8024395964053024
61764,0.3791242228951144
61765,0.4041362023873014
61766,0.21944227681768033
61767,0.6825858533148376
61768,0.276061433656134
61769,0.48099735290400103
61770,0.5943950759815964
61771,0.2639572611973655
61772,0.34241269457467144
61773,0.1745208594898902
61774,0.6717674906251445
61775,0.653151467485797
61776,0.5893540811460217
61777,0.5575595715594863
61778,0.6765766162032911
61779,0.6426414139490884
61780,0.702699701734798
61781,0.803132209020677
61782,0.5501970038801466
61783,0.4408500996875187
61784,0.7982494051985489
61785,0.5764816628935746
61786,0.33402036323135187
61787,0.6863102090564576
61788,0.5825833228278103
61789,0.8080106403421962
61790,0.5611983251746462
61791,0.7414272840983286
61792,0.7165423704914506
61793,0.2795296393526199
61794,0.2700272298379383
61795,0.6483847940611929
61796,0.631717361145386
61797,0.46246008466230926
61798,0.5942265298202594
61799,0.469025171001662
61800,0.5220975523921668
61801,0.3950204623546354
61802,0.15568730189474625
61803,0.21626545485435097
61804,0.5910771022699625
61805,0.22430723218173226
61806,0.510179577014058
61807,0.2985610302530436
61808,0.6379698190973099
61809,0.8078916603881585
61810,0.34179523310901216
61811,0.7173590636437096
61812,0.421461649372909
61813,0.6173734181351662
61814,0.541159064202477
61815,0.5748769610681452
61816,0.48207838504322065
61817,0.25845400509408606
61818,0.2937672597008253
61819,0.7502043362658419
61820,0.7213311136655898
61821,0.4919032174296518
61822,0.475847458650474
61823,0.5058738729973837
61824,0.146858310916167
61825,0.543081006021841
61826,0.6711147489405043
61827,0.7860532951011537
61828,0.5946601789283812
61829,0.4744905864734405
61830,0.3253885377926363
61831,0.47992522655097297
61832,0.4283528833626835
61833,0.2601083755127417
61834,0.23950295393656484
61835,0.4605673423633938
61836,0.22961091453403898
61837,0.3367644715843548
61838,0.45048461873071033
61839,0.5047965888828257
61840,0.5602815034830039
61841,0.30284836912474355
61842,0.2795775742010395
61843,0.449995708799078
61844,0.2811032739781351
61845,0.3468528992547409
61846,0.37396128802196554
61847,0.29616145012010964
61848,0.36579908536709427
61849,0.6181790634980759
61850,0.5894573709495369
61851,0.47862982382774777
61852,0.2820213688333342
61853,0.4639114155955063
61854,0.4391516035313924
61855,0.5937020704102837
61856,0.5462652525811764
61857,0.6064055674222807
61858,0.38104178773585184
61859,0.31331483388632253
61860,0.40766479963692753
61861,0.6293959516959775
61862,0.7122309617653215
61863,0.21455690358231352
61864,0.6488788098411268
61865,0.2810413430426594
61866,0.6561300759491725
61867,0.5135772335301215
61868,0.36120007256132614
61869,0.8159254684232118
61870,0.6276860352645413
61871,0.44985303070256555
61872,0.5765608476675464
61873,0.4428238913463022
61874,0.7603330851208072
61875,0.44438720021321393
61876,0.5092495975820417
61877,0.7912905274327369
61878,0.09660431526140863
61879,0.48451749412558265
61880,0.5514592426319577
61881,0.6064637041369804
61882,0.41363649572827954
61883,0.3362337413953126
61884,0.5309617725973481
61885,0.5169842026392496
61886,0.4276388699521043
61887,0.2629406030304542
61888,0.5558045937306527
61889,0.35274996106245393
61890,0.7671638417674675
61891,0.4942869626755942
61892,0.6544476108560958
61893,0.6110092600923993
61894,0.5239875903209953
61895,0.23803179860195972
61896,0.5300701025597228
61897,0.36316732186472966
61898,0.6998719583200694
61899,0.4212126868193423
61900,0.6342627639039059
61901,0.15367545070108907
61902,0.27579783690000415
61903,0.14822539754011305
61904,0.4120858705169216
61905,0.5299450013550892
61906,0.39036272050622745
61907,0.5933122328517907
61908,0.5521094460675088
61909,0.5666717402728259
61910,0.5237205159219902
61911,0.4471546764572001
61912,0.7095629429795521
61913,0.42224745792956153
61914,0.5123068354947767
61915,0.4324717947350092
61916,0.5967212426993183
61917,0.36481201033662725
61918,0.7816151361034992
61919,0.8299821276825772
61920,0.54834677440758
61921,0.5937271668572366
61922,0.4871524454631693
61923,0.7795759393037813
61924,0.24527041792754894
61925,0.7574030190519634
61926,0.6690102574416309
61927,0.24115973593269874
61928,0.7639340483090075
61929,0.5675550622839667
61930,0.42473680025707106
61931,0.5766054820985592
61932,0.16482277505183085
61933,0.47857540089204076
61934,0.4842429821851537
61935,0.6676178705896518
61936,0.09277937683703667
61937,0.5901459590163558
61938,0.26001587645028157
61939,0.5362896698580987
61940,0.6576583873827673
61941,0.5856155239993835
61942,0.671525405911082
61943,0.2777959593613445
61944,0.17028569744383648
61945,0.4050338724330168
61946,0.4340646140661306
61947,0.4814554594894008
61948,0.4168838764722385
61949,0.42732318705977174
61950,0.7119837269917844
61951,0.458322394246255
61952,0.5492703834857667
61953,0.15838878498358597
61954,0.6046045890822198
61955,0.2996631595410799
61956,0.4680328820712979
61957,0.7534715597062244
61958,0.4408183767752608
61959,0.24793768584821807
61960,0.13697322893649685
61961,0.5970382368965912
61962,0.5020468140222927
61963,0.21582774209075695
61964,0.21996772543568244
61965,0.7735078044131052
61966,0.3176920721432628
61967,0.8632582782529105
61968,0.6696926840482049
61969,0.1980080201728851
61970,0.5974686343964297
61971,0.33515450185868256
61972,0.6507714440810208
61973,0.23623257512903237
61974,0.578848966518245
61975,0.6693060827419016
61976,0.484929249955473
61977,0.4279018035434723
61978,0.5801717338089124
61979,0.46410394905481106
61980,0.5080460974708018
61981,0.1825036017376317
61982,0.49846660758816785
61983,0.4498162066279155
61984,0.5560454187679919
61985,0.17468737198284262
61986,0.17909880761851743
61987,0.5419180203090453
61988,0.20761756662956746
61989,0.462448433831009
61990,0.48848091893345336
61991,0.2616227676303418
61992,0.44207808740581356
61993,0.3881278268984711
61994,0.7647730676298291
61995,0.5284631000681125
61996,0.6844677818203032
61997,0.4960295255430113
61998,0.17445603219883093
61999,0.40919665856031506
62000,0.21895769569265838
62001,0.4140006634634889
62002,0.49274578150827
62003,0.6267811682564595
62004,0.5675720953292256
62005,0.39499806135775745
62006,0.6273680541764094
62007,0.4378377709826712
62008,0.2403555016682371
62009,0.5492080056477777
62010,0.31071136077728867
62011,0.13364175831164674
62012,0.5798008168593267
62013,0.7494624468455453
62014,0.2902699558293516
62015,0.5000817632658195
62016,0.4522522090557678
62017,0.2751252420020694
62018,0.43428650518679274
62019,0.2138202741890495
62020,0.42007649976172373
62021,0.44556929496389586
62022,0.2774482260743531
62023,0.31127492999086825
62024,0.3068642475154709
62025,0.3218068717736703
62026,0.22826474437454214
62027,0.45251207616142386
62028,0.39795458598233496
62029,0.4085103381293923
62030,0.49031556432286794
62031,0.5877526663049147
62032,0.43908745876323085
62033,0.40405618567933943
62034,0.5276388797626201
62035,0.5620155498461191
62036,0.5404252148871497
62037,0.2831111805113824
62038,0.5442975244522834
62039,0.3893124519834693
62040,0.36449896503495666
62041,0.4108121934643733
62042,0.4725246395984148
62043,0.15148650243487752
62044,0.6614525546964304
62045,0.17460010729579753
62046,0.3328991037632309
62047,0.46715293069739394
62048,0.581302926023177
62049,0.5169933116191803
62050,0.339101459177601
62051,0.6339950363309397
62052,0.7285178987194092
62053,0.6007590147088386
62054,0.5608456515830849
62055,0.6622529700575659
62056,0.5210442953084593
62057,0.3374311761945312
62058,0.22545440406236422
62059,0.5031823927382094
62060,0.6612333540178963
62061,0.19183635011805608
62062,0.14345596340446534
62063,0.2561607160602922
62064,0.4237154502056546
62065,0.5048735795175893
62066,0.6750659171392773
62067,0.4793125537991644
62068,0.48674146250854844
62069,0.5635660228141466
62070,0.6248462772568161
62071,0.17077048706797857
62072,0.6902594631434873
62073,0.18662062028395432
62074,0.4940784483581169
62075,0.7336245436364001
62076,0.4411786657154789
62077,0.7264689541791522
62078,0.5197648609795699
62079,0.567053734787319
62080,0.7538041142217925
62081,0.17474591879112933
62082,0.7131927492674857
62083,0.7777858823000794
62084,0.47532376689865685
62085,0.5462493420267618
62086,0.16852594040320934
62087,0.6158639005909711
62088,0.3981400332647013
62089,0.5073039441177223
62090,0.4648078264314125
62091,0.5709280675876998
62092,0.5674940370667332
62093,0.7627954623610091
62094,0.630448356001462
62095,0.4461602463735857
62096,0.4572728021624629
62097,0.15986562935089393
62098,0.28607310381602563
62099,0.32677928616323304
62100,0.13919603938346184
62101,0.22116000791957835
62102,0.7027787512661026
62103,0.14826725111325414
62104,0.38879077261823286
62105,0.48003827798158083
62106,0.33904912998923986
62107,0.25400074717223764
62108,0.48820899154107983
62109,0.45751904322972686
62110,0.7910106361353932
62111,0.4229223627490786
62112,0.6200973984604143
62113,0.24830724577964985
62114,0.2825043851561843
62115,0.5187448995340951
62116,0.3684367610675503
62117,0.215005996026403
62118,0.2355921672005929
62119,0.5461043770541177
62120,0.3213297127345679
62121,0.5814384606185525
62122,0.7854889403426385
62123,0.4827451515748254
62124,0.4266494080358772
62125,0.5435155160439978
62126,0.28624974721216623
62127,0.7399582235384258
62128,0.4850330109627312
62129,0.2964026466536925
62130,0.4805851042170026
62131,0.39617450380109825
62132,0.63810694260901
62133,0.6190671973506208
62134,0.24105567431952435
62135,0.5230445564439723
62136,0.17790677128587518
62137,0.6726368172526843
62138,0.4000388994272325
62139,0.6326376240845198
62140,0.5289235624461912
62141,0.6110416229340289
62142,0.36489529902487794
62143,0.6709629695642914
62144,0.5893174569670773
62145,0.537016632795736
62146,0.4401227918423762
62147,0.7698086317893418
62148,0.5793675856500837
62149,0.6856281914984449
62150,0.5003827113561203
62151,0.4376297697534307
62152,0.5666147978909992
62153,0.4966892479336792
62154,0.5322326287652216
62155,0.16847580183246114
62156,0.5653232122765708
62157,0.2926835961148516
62158,0.4107352620121931
62159,0.4651835750896021
62160,0.1967485084885574
62161,0.4257417543551236
62162,0.28041180654210685
62163,0.43867943371386436
62164,0.6200561156450124
62165,0.5386456810147584
62166,0.4773385264258569
62167,0.21746993507770998
62168,0.2743589468978332
62169,0.4050008084093518
62170,0.3747658601191013
62171,0.3077691188644001
62172,0.5104701762428882
62173,0.32787678465260356
62174,0.31266150345099253
62175,0.1698744414636
62176,0.5951210085049522
62177,0.5373014218494032
62178,0.139762434694715
62179,0.38343000197290883
62180,0.36653490415470796
62181,0.6326654341351723
62182,0.1786181309991164
62183,0.8037385790670507
62184,0.57806484887719
62185,0.6019687383777768
62186,0.6095714142115272
62187,0.568019493705603
62188,0.7899433925458414
62189,0.48492369278476505
62190,0.4482895295271248
62191,0.22142212938798797
62192,0.27352625578441075
62193,0.7138232560619917
62194,0.4255041461654988
62195,0.3441971672569217
62196,0.37479615060370525
62197,0.36292695335758923
62198,0.18025482928950745
62199,0.7548835203547216
62200,0.780146353398542
62201,0.6258105598131554
62202,0.408376075476814
62203,0.47094734760407636
62204,0.4833775466762898
62205,0.33884948250924674
62206,0.39658259546736396
62207,0.7136822131474088
62208,0.7671576154031701
62209,0.16517589132599556
62210,0.45562094161054223
62211,0.5671540469237727
62212,0.4020444019333295
62213,0.6451367091628795
62214,0.4311689344708115
62215,0.5141710251324346
62216,0.4079625433572892
62217,0.5409801419048685
62218,0.5443864426021744
62219,0.4291079752650522
62220,0.7113701082484771
62221,0.7104592746426304
62222,0.5609969392853039
62223,0.7291136829466746
62224,0.583759022775551
62225,0.5053148049160154
62226,0.5147979935096999
62227,0.6830706897823251
62228,0.5644121654366316
62229,0.5536923325771413
62230,0.6124215216576059
62231,0.729052838304612
62232,0.7976177206585973
62233,0.6186511953578584
62234,0.6635109145139457
62235,0.5991484698885501
62236,0.5782018256300062
62237,0.7090127009147189
62238,0.26337834136784594
62239,0.49075593980269505
62240,0.2961542063781851
62241,0.6191503263699917
62242,0.27975868960129446
62243,0.8232697522152719
62244,0.5074475032396997
62245,0.5552170459320486
62246,0.4895293728831084
62247,0.1890877415065805
62248,0.8201901856708802
62249,0.6976403518758498
62250,0.35350680462612183
62251,0.665172368011998
62252,0.5503733987386396
62253,0.6228907412928628
62254,0.28517701720340827
62255,0.40979627170396304
62256,0.5664024374642853
62257,0.3740628200709899
62258,0.6058131339485594
62259,0.5800478391954179
62260,0.19059932372974764
62261,0.4125414001686325
62262,0.5757694020359314
62263,0.48484398513197213
62264,0.5106215109491152
62265,0.3878915971094734
62266,0.5314085439228953
62267,0.6567397229408577
62268,0.5083193279058399
62269,0.48058574032123486
62270,0.6567649650887873
62271,0.1757948417264565
62272,0.5542915742011378
62273,0.40996489430050564
62274,0.26888070650831675
62275,0.5498759385556923
62276,0.6904728204075615
62277,0.3098234141604999
62278,0.3983342182453189
62279,0.49183771636498724
62280,0.3275135089013227
62281,0.574878194248464
62282,0.3658961553650746
62283,0.3308436431257317
62284,0.2498511991639698
62285,0.40010130942492617
62286,0.43701729437622283
62287,0.20873423251932255
62288,0.17464743973808983
62289,0.6614272258442796
62290,0.20574326102528467
62291,0.30556766814483766
62292,0.512260309732872
62293,0.737234614903642
62294,0.12643351995689947
62295,0.594944450360189
62296,0.519610887934278
62297,0.7835211856885088
62298,0.8045760446343183
62299,0.47518249331812656
62300,0.22949584348814311
62301,0.6532124650852307
62302,0.5826958677278132
62303,0.6039271750885895
62304,0.6751231207435151
62305,0.4529016855439081
62306,0.50879791150954
62307,0.2994709790773607
62308,0.19896687789626066
62309,0.18900161584977562
62310,0.6648355475551619
62311,0.8078891548707632
62312,0.5342433766557027
62313,0.5885028797426687
62314,0.2483855851282359
62315,0.5430729653120598
62316,0.44820391007619187
62317,0.7132833099187817
62318,0.6615787483424177
62319,0.1738581777941719
62320,0.44914256264359276
62321,0.46896164840060994
62322,0.6710251095318512
62323,0.5601894394764747
62324,0.5963119943452899
62325,0.19006989779158018
62326,0.3986106670651136
62327,0.2733248260076392
62328,0.49054280569631203
62329,0.6420366021260416
62330,0.3335762065179537
62331,0.43715311803580853
62332,0.5484355587107729
62333,0.6504968137309641
62334,0.17251336605259332
62335,0.4768320889763198
62336,0.4049603909914412
62337,0.576795175062054
62338,0.2871090798879082
62339,0.6625507155793453
62340,0.5659651184964489
62341,0.34232612675339974
62342,0.4485064943589883
62343,0.2342474156498074
62344,0.3490339748153711
62345,0.5280181641416941
62346,0.5446813338837526
62347,0.6590132528987297
62348,0.527873841138517
62349,0.18604041247158637
62350,0.3484037553804472
62351,0.6201455940687818
62352,0.5423760240820672
62353,0.6053596771622753
62354,0.49604330459350915
62355,0.2843428600606396
62356,0.5538859240308511
62357,0.4023024915140232
62358,0.501430962656447
62359,0.28398696488255537
62360,0.6080973646340571
62361,0.5300560919830337
62362,0.5455256344584102
62363,0.23483636276145012
62364,0.20393493621738912
62365,0.3633870561926201
62366,0.3542233362555522
62367,0.4581650222372621
62368,0.332775972365051
62369,0.5526507782202126
62370,0.6736429842324967
62371,0.17333762459671617
62372,0.38309904692235996
62373,0.6446346969755201
62374,0.4492786903837651
62375,0.45039510171016217
62376,0.4125499258795069
62377,0.43244665063364307
62378,0.2273304104762684
62379,0.2988912114017944
62380,0.7124977729277655
62381,0.6098802244610898
62382,0.40046163472823826
62383,0.3665958407003437
62384,0.6155080828388428
62385,0.6327934110646041
62386,0.6095926579578864
62387,0.716119447556356
62388,0.6237939555005168
62389,0.6187172762443941
62390,0.44018450934841247
62391,0.40288715040043166
62392,0.6543600677009732
62393,0.6864138957455113
62394,0.5730080340836656
62395,0.4665223485937111
62396,0.683937360919261
62397,0.5307117923862128
62398,0.3786998002012738
62399,0.817239910274321
62400,0.5115355932370064
62401,0.42370672096696266
62402,0.6587512421180545
62403,0.6736711416722663
62404,0.18548082095980256
62405,0.16920468915430034
62406,0.6182200880941375
62407,0.236689563994771
62408,0.46332437980641444
62409,0.5145002228923988
62410,0.5910580189889658
62411,0.8123475359932545
62412,0.8034887259855943
62413,0.43367667454010284
62414,0.6225017932961403
62415,0.4395194599593156
62416,0.3527287648041199
62417,0.8510437096133899
62418,0.5678887179383949
62419,0.6388486478143061
62420,0.45063196039931197
62421,0.395227480032013
62422,0.5093618453810561
62423,0.62732667540569
62424,0.3308803815037337
62425,0.41599801347398746
62426,0.4062263185343337
62427,0.6142851412963459
62428,0.38917704459409774
62429,0.4644646986892309
62430,0.17370098116857313
62431,0.4421127692310026
62432,0.22341278637239598
62433,0.5069922564644445
62434,0.29590458495731936
62435,0.18230716188688464
62436,0.28180057782344037
62437,0.5626337766455352
62438,0.5427091276819865
62439,0.4840921735195244
62440,0.23579862150518713
62441,0.6069004652790202
62442,0.6272446889577254
62443,0.26146553120849836
62444,0.4368916399076247
62445,0.31583528969590785
62446,0.3880052797350294
62447,0.7878953632115675
62448,0.32622900285768147
62449,0.21285650230816272
62450,0.34038889935667416
62451,0.1576200839697433
62452,0.40747784785176727
62453,0.5616358145590558
62454,0.742874766777815
62455,0.44204649854224976
62456,0.2128507707256555
62457,0.6532776708604007
62458,0.28734953203635194
62459,0.5802912924215164
62460,0.5192126313424785
62461,0.42176554222402185
62462,0.4455915149574051
62463,0.5405369273378159
62464,0.4251302285097316
62465,0.5290611398157177
62466,0.5288671827672005
62467,0.42769917820845454
62468,0.26130433406058834
62469,0.5180972306111996
62470,0.3114980899727092
62471,0.6072186264996717
62472,0.5084085981916128
62473,0.44679808540602617
62474,0.47458824876572053
62475,0.1544744187596655
62476,0.5393354146979713
62477,0.3105467871728222
62478,0.6491245911815592
62479,0.7601591191827191
62480,0.1765152636822641
62481,0.21795942280924901
62482,0.8227461533795377
62483,0.684541369876859
62484,0.3055742183258311
62485,0.17467520630240568
62486,0.3977173688601273
62487,0.6595221468342236
62488,0.39298395967996014
62489,0.4373808181218182
62490,0.6448991810586158
62491,0.309465049222457
62492,0.23300089311561778
62493,0.5624042390472732
62494,0.49424461976588
62495,0.12339064854660914
62496,0.15884949710385515
62497,0.3947857886033491
62498,0.3313687453559033
62499,0.6083861792202636
62500,0.41203027075643134
62501,0.4983612362286366
62502,0.6623524076663831
62503,0.5911321604636095
62504,0.3375751739927495
62505,0.5023380733187014
62506,0.21159883091055193
62507,0.5485234231838076
62508,0.3312796795278168
62509,0.22941391780314957
62510,0.16138045198996248
62511,0.60798745752017
62512,0.5440508762323365
62513,0.18950192842939606
62514,0.22976406117878023
62515,0.29531820106044454
62516,0.1901372024942729
62517,0.28931828815514926
62518,0.7178480537874943
62519,0.23035099323268865
62520,0.24507179787850145
62521,0.7653275327351563
62522,0.5751876004326497
62523,0.5896578051344937
62524,0.42403379103509015
62525,0.5831968674235486
62526,0.254441805793708
62527,0.47246856908094104
62528,0.2513900283461797
62529,0.13303607737794698
62530,0.20450758511499334
62531,0.6046537965281986
62532,0.6928900062067253
62533,0.3768956811037914
62534,0.4127045764551417
62535,0.510256894811424
62536,0.33251020394449293
62537,0.3461133837897434
62538,0.771153715102014
62539,0.5793823360281349
62540,0.4986547422686659
62541,0.39354761663278814
62542,0.6343279149895903
62543,0.4701350142272731
62544,0.6946279948365857
62545,0.2035718370804161
62546,0.21616873969991035
62547,0.5819366299036011
62548,0.522682301065804
62549,0.747693940768577
62550,0.7818225621291939
62551,0.5685737238153089
62552,0.5017461921617113
62553,0.5639208079499295
62554,0.6535976587087322
62555,0.6638773858271603
62556,0.688004536000483
62557,0.3199003847713133
62558,0.5835140010726658
62559,0.2084356040566821
62560,0.6312130429045247
62561,0.6396947939253999
62562,0.5051134675694998
62563,0.6148632649714995
62564,0.5561778685912728
62565,0.6261964991661638
62566,0.46739535913634445
62567,0.6090643291355538
62568,0.5903671023082362
62569,0.505056919898295
62570,0.5903097682763897
62571,0.5350732266468238
62572,0.764473433319603
62573,0.522151176931629
62574,0.5169936251178808
62575,0.20548462679415813
62576,0.654643000610971
62577,0.4938080469289705
62578,0.5556186767406348
62579,0.3233301769555237
62580,0.43823956729101105
62581,0.7034848789479919
62582,0.7423310590509136
62583,0.46703567863793993
62584,0.636312056330036
62585,0.5813970895363353
62586,0.45931886010752765
62587,0.32112934033755375
62588,0.30483489699399685
62589,0.6194813867792421
62590,0.6967551714489268
62591,0.6358176809966272
62592,0.35493030730588837
62593,0.4917752371829903
62594,0.35314090268600956
62595,0.15299857527426838
62596,0.49824253678191177
62597,0.33206986045199316
62598,0.16382955456413165
62599,0.7628602150692196
62600,0.5355506605414136
62601,0.2533428711996745
62602,0.40617411689925387
62603,0.39067144404289267
62604,0.3400772383670489
62605,0.6913646194412941
62606,0.15487211928211977
62607,0.37468655652104343
62608,0.7803620039746193
62609,0.394013065966006
62610,0.516572439957367
62611,0.3756476792703721
62612,0.5122587525957941
62613,0.4476959534749294
62614,0.16156802252483116
62615,0.3705421871186392
62616,0.3912085893345465
62617,0.14642673924479463
62618,0.35647433216727903
62619,0.1946300124944681
62620,0.5093521691235441
62621,0.5616621466892658
62622,0.39265168303761566
62623,0.5561695476677724
62624,0.3669626061774929
62625,0.2726511091191956
62626,0.4890507153276673
62627,0.6514303399500271
62628,0.3014045983929863
62629,0.4377224337186769
62630,0.18416650333779955
62631,0.38313621811940834
62632,0.40355266139626467
62633,0.6263800586603894
62634,0.5769145057670607
62635,0.21724284066356436
62636,0.8478539264712163
62637,0.650936120374318
62638,0.6134031561677304
62639,0.3003759867657938
62640,0.7418674658731412
62641,0.4905314084245945
62642,0.6293315389968439
62643,0.3525165155541891
62644,0.5938973581311571
62645,0.10900856216038925
62646,0.16336735367135927
62647,0.4023919642940414
62648,0.12070892730592453
62649,0.19657802170184968
62650,0.3502901324552101
62651,0.6117155556883445
62652,0.565131006589772
62653,0.27700390113102136
62654,0.3977230444766381
62655,0.6039235545310281
62656,0.6856585405153718
62657,0.693378367253327
62658,0.35046029252427097
62659,0.5664365969785695
62660,0.40614997485201515
62661,0.8491543304177476
62662,0.5648282144893307
62663,0.2613693012571882
62664,0.6969904870344612
62665,0.45040930199299894
62666,0.5569230399779262
62667,0.6590715406300818
62668,0.26969299116280004
62669,0.5784571038330407
62670,0.2443628054684117
62671,0.47544338647446416
62672,0.5261630661306084
62673,0.4794557796368867
62674,0.7272258430865849
62675,0.4107517246565936
62676,0.6036137236918435
62677,0.23159586471278903
62678,0.6360537790425763
62679,0.5958050588330804
62680,0.21929986583837302
62681,0.36986965679801187
62682,0.2516959498433348
62683,0.3967199960489713
62684,0.6910443060186355
62685,0.4244454551477679
62686,0.2565450538763799
62687,0.5455112930109167
62688,0.6671001210540788
62689,0.5687157672387385
62690,0.23391169581170002
62691,0.5304695108460867
62692,0.5566586659277445
62693,0.4942262984166482
62694,0.7631405332844503
62695,0.45753074379475683
62696,0.6488915201096536
62697,0.6555209545458323
62698,0.5668798004324556
62699,0.7427752885851723
62700,0.1070224582077905
62701,0.609800934723095
62702,0.5330743599137591
62703,0.714685274265199
62704,0.6592744146774528
62705,0.48847697920784566
62706,0.3868504990297212
62707,0.6834156970681987
62708,0.8153261740496249
62709,0.5125809164429368
62710,0.6502253348127651
62711,0.5317339680003546
62712,0.6930370156353701
62713,0.349519477570056
62714,0.479061207297624
62715,0.4061740870904714
62716,0.16845758131150332
62717,0.5534415267243789
62718,0.6099663175512564
62719,0.415300001531975
62720,0.7847196851893766
62721,0.5260198493341541
62722,0.30289976580211686
62723,0.6095096126991156
62724,0.5100618068861255
62725,0.383786226772567
62726,0.18758291359344006
62727,0.29962177640078363
62728,0.6488997776363252
62729,0.38099727577901144
62730,0.21760718058496814
62731,0.557190959086193
62732,0.3785380406665702
62733,0.3033151209152076
62734,0.7339566410577907
62735,0.5786049976279067
62736,0.21702845793260256
62737,0.8112595792502482
62738,0.507751459967003
62739,0.5417165275302395
62740,0.5777091400107809
62741,0.5263555413364853
62742,0.7975321315568338
62743,0.21750429493147655
62744,0.7852904920771732
62745,0.6635153842410872
62746,0.6669253254735545
62747,0.33269456230762784
62748,0.13398118416208055
62749,0.7438450106368372
62750,0.3404913457078551
62751,0.5521253738785074
62752,0.25209139137644465
62753,0.4976838745013814
62754,0.5200883172845739
62755,0.6433878485225273
62756,0.4437966095585407
62757,0.1379979623878375
62758,0.6192320714275503
62759,0.5522405318208766
62760,0.673755711019105
62761,0.7755817401700319
62762,0.561832858976953
62763,0.808500172285701
62764,0.5827547799222812
62765,0.26534770358622456
62766,0.42057931754548916
62767,0.5219277395830686
62768,0.5475592938437053
62769,0.4117977757534679
62770,0.4409324618733946
62771,0.3006492245002913
62772,0.2609853273243469
62773,0.3855806897943824
62774,0.34883049013237893
62775,0.6531077140184123
62776,0.6967498345707276
62777,0.6322646676970427
62778,0.19829633257352344
62779,0.6229938584146928
62780,0.16340625082449797
62781,0.6075037192225007
62782,0.5036362438793469
62783,0.13341097183589762
62784,0.7420946740200323
62785,0.6069710751939842
62786,0.6514172326406705
62787,0.5766569457445075
62788,0.4271855199393899
62789,0.35401425130090897
62790,0.4304526315816558
62791,0.389545873610574
62792,0.5185298962872162
62793,0.4300748131179095
62794,0.636410708823221
62795,0.20526510279570614
62796,0.5986270339149329
62797,0.24936070613161843
62798,0.43838834345742084
62799,0.2527393151068946
62800,0.530513348350475
62801,0.628546234995065
62802,0.6195156941592406
62803,0.40174540950613474
62804,0.2429968880088086
62805,0.14845993856535294
62806,0.40385189007270994
62807,0.44526404662541685
62808,0.6981282857233211
62809,0.4843417945860741
62810,0.5825883720441343
62811,0.5964284844240997
62812,0.6581156397030162
62813,0.5247015171292023
62814,0.4629218801856644
62815,0.29641310590222986
62816,0.36440967583913053
62817,0.6200885800069519
62818,0.4224065063807921
62819,0.4965401093345854
62820,0.5619571892370212
62821,0.15243673763167181
62822,0.594704434135841
62823,0.512421641476358
62824,0.3537243542593789
62825,0.7357919606822365
62826,0.46102618097989007
62827,0.4956462054835752
62828,0.5563501644347105
62829,0.40707126725516873
62830,0.543865631319845
62831,0.35229979666578043
62832,0.7652730461650159
62833,0.2564523354446283
62834,0.632674968245257
62835,0.7577704917933679
62836,0.5834219976163725
62837,0.5133321816814085
62838,0.12256666303838867
62839,0.500976833159515
62840,0.2170034648366041
62841,0.19545801151225048
62842,0.30970225796045253
62843,0.5244753452611558
62844,0.38150078436840595
62845,0.59608037858569
62846,0.2917586576007782
62847,0.5883179089539922
62848,0.5072373581422153
62849,0.26728978659607067
62850,0.32317775818274813
62851,0.5558280923671959
62852,0.46099961216248597
62853,0.5611776354026918
62854,0.5008584529315124
62855,0.5343786341208475
62856,0.460514671641158
62857,0.605304218320911
62858,0.7565666610577866
62859,0.6094006343049461
62860,0.5705101084370858
62861,0.4511559266512349
62862,0.4513581826027281
62863,0.5628918205206181
62864,0.6919636054301883
62865,0.6163516017680676
62866,0.6089713916909132
62867,0.2731295358076241
62868,0.32165693703506426
62869,0.39099326065651574
62870,0.549796479387835
62871,0.377688934604794
62872,0.2849209785019741
62873,0.6483696907996452
62874,0.210782355099083
62875,0.6135460117298288
62876,0.46605263420906967
62877,0.17123737738099143
62878,0.1459411176113835
62879,0.539657263967517
62880,0.6939778119480415
62881,0.5587284043739591
62882,0.5392432581130903
62883,0.6135779367358305
62884,0.40071628478150817
62885,0.34143761505305514
62886,0.5792433404215688
62887,0.5116029400609753
62888,0.23531326009291426
62889,0.25009903829245894
62890,0.193209957193485
62891,0.11634080796464052
62892,0.18518353339993252
62893,0.5134647900490444
62894,0.5288448576285085
62895,0.21536491744143688
62896,0.3288482524168662
62897,0.3459862053490316
62898,0.721009811456728
62899,0.5322135002924988
62900,0.7179080008910681
62901,0.7518996178509052
62902,0.43590220030132915
62903,0.7828568891688772
62904,0.42486843965937093
62905,0.4218605614495235
62906,0.3074535069783425
62907,0.6708727059717657
62908,0.7380264717501133
62909,0.1990044336484567
62910,0.2562543328710638
62911,0.19836817789274447
62912,0.6852817582943045
62913,0.5662134910887987
62914,0.5925420440259607
62915,0.4743230682135101
62916,0.5873362468413162
62917,0.2357201370493003
62918,0.23821831103840277
62919,0.5357815481273531
62920,0.17839337511669218
62921,0.4963289635206337
62922,0.43167984107464896
62923,0.5086053559820076
62924,0.7048769579881253
62925,0.6767975234395727
62926,0.59605232343895
62927,0.3787472867046897
62928,0.6447363264510292
62929,0.40942453022683417
62930,0.17693893865477472
62931,0.2747038928135256
62932,0.6172259303047701
62933,0.5818835830213712
62934,0.6660427663974866
62935,0.6655326920264575
62936,0.7322181190431372
62937,0.5144282327944798
62938,0.6125476651883135
62939,0.3895616599579468
62940,0.634100271337108
62941,0.5754781185798511
62942,0.668316167788757
62943,0.20621014775898927
62944,0.372239766441823
62945,0.681558386540309
62946,0.29102539314315357
62947,0.7314720677394783
62948,0.4324031895380498
62949,0.41589169880715793
62950,0.5408751411078271
62951,0.7241586397075515
62952,0.5184329100273175
62953,0.37505945456261736
62954,0.3545418731401949
62955,0.4915446674583418
62956,0.7071833993149197
62957,0.562394040504421
62958,0.304288317915018
62959,0.31606750272359485
62960,0.21090534160776198
62961,0.6274015456547499
62962,0.5780965075375332
62963,0.7237257112020441
62964,0.22859810056401073
62965,0.3820007755233431
62966,0.43153000088304716
62967,0.7710457072706935
62968,0.4923640928813937
62969,0.3291677719685389
62970,0.5506123362482597
62971,0.45760186562313404
62972,0.5756367091663844
62973,0.3937458118682454
62974,0.150021397075797
62975,0.4738882564880209
62976,0.2904475847309769
62977,0.5708416625093367
62978,0.773066397764131
62979,0.15226039611592226
62980,0.5131058576594868
62981,0.5466822498865058
62982,0.7964117860519531
62983,0.6114652542193647
62984,0.43143453497206263
62985,0.37176942406675456
62986,0.6541640189275348
62987,0.7473271470636786
62988,0.5844920134285657
62989,0.5319837493038159
62990,0.6193917361045986
62991,0.28327001750555825
62992,0.2903702936091518
62993,0.23208863572485045
62994,0.4275117889373677
62995,0.436777491302145
62996,0.15325140771664447
62997,0.646973707155589
62998,0.40623224188014817
62999,0.6181146518555295
63000,0.33237897729350113
63001,0.5943766179010814
63002,0.46813324956823615
63003,0.5688982432104344
63004,0.5490689740050209
63005,0.15390116944017815
63006,0.24135049630107186
63007,0.2967336823347268
63008,0.5796194695557755
63009,0.7373795060738134
63010,0.4541130924835194
63011,0.3244015159212637
63012,0.6022514541911784
63013,0.5111509064852418
63014,0.40527259803803495
63015,0.34847602893130314
63016,0.39058253188550685
63017,0.18699531795174795
63018,0.6429990430371176
63019,0.7909431578908865
63020,0.5274084948217512
63021,0.39132336364706255
63022,0.5012706805791979
63023,0.6206352325306427
63024,0.610771699243144
63025,0.21450610520520996
63026,0.2206250686053004
63027,0.6088621819374265
63028,0.40112484716283925
63029,0.6841464389234184
63030,0.3977703672872215
63031,0.2168061337455229
63032,0.5973598477966505
63033,0.6587034728796992
63034,0.7733007564503884
63035,0.4631175139423328
63036,0.3453258457513492
63037,0.3687612375220042
63038,0.2357058718991607
63039,0.6743794479595294
63040,0.43330856469591805
63041,0.7160999037693387
63042,0.21180061710573095
63043,0.3282279845376226
63044,0.4985225782689075
63045,0.5737781907395179
63046,0.36978572862034254
63047,0.6037455726538106
63048,0.7765720895185597
63049,0.6576740666758524
63050,0.43860519387348396
63051,0.25988722662312924
63052,0.44904762537854637
63053,0.5015775857324973
63054,0.17082797065249986
63055,0.40240622834957
63056,0.7779159609171593
63057,0.5131541100180194
63058,0.5938474970783202
63059,0.5813487185708663
63060,0.33980382354074484
63061,0.7289491431337435
63062,0.5313573563313486
63063,0.2841830193776025
63064,0.5791294342795716
63065,0.5094838247578588
63066,0.5571857823430385
63067,0.7662969294529708
63068,0.5271718191703371
63069,0.5533129061976992
63070,0.6552893166683885
63071,0.1508445392249841
63072,0.2285995697064776
63073,0.12963945704826432
63074,0.22662796144184888
63075,0.719682991205755
63076,0.7587450249716233
63077,0.7272375839218203
63078,0.22892245929429642
63079,0.3925257869139654
63080,0.48075149463069383
63081,0.5755067740601593
63082,0.7293356551414
63083,0.36385760895655656
63084,0.6340844571972343
63085,0.7301820652324956
63086,0.5577419471118379
63087,0.22352488027826434
63088,0.647505008085282
63089,0.7227314849957152
63090,0.08787839204812471
63091,0.5019203811295722
63092,0.3310729225037626
63093,0.5566641104139318
63094,0.37082386548085605
63095,0.29200689573465555
63096,0.4732844319349773
63097,0.3966714064005141
63098,0.44313903703433716
63099,0.4844838790511803
63100,0.5715923255827812
63101,0.7404476827296076
63102,0.1342487871441602
63103,0.14654010883324117
63104,0.17074459673715253
63105,0.7236139580053838
63106,0.6161375061214136
63107,0.34544397783668085
63108,0.17674131505195567
63109,0.533201544279144
63110,0.6118988848066298
63111,0.5584241960137748
63112,0.3804402793248287
63113,0.6160099276743898
63114,0.6747440199062709
63115,0.7575316327452726
63116,0.6364669442978628
63117,0.28124483995337485
63118,0.6947221126982039
63119,0.7336937382577884
63120,0.30989156168020343
63121,0.32577829347857523
63122,0.6264499595423811
63123,0.5168838002881955
63124,0.4543766893992017
63125,0.2168678507782267
63126,0.5263192417290622
63127,0.17325908999251655
63128,0.5831785727061253
63129,0.22403441161080903
63130,0.6336388323701144
63131,0.43609738094708883
63132,0.4155576920564657
63133,0.5626042048197213
63134,0.33319395402755864
63135,0.5305825971738963
63136,0.5110894025873844
63137,0.6054702433979618
63138,0.6242711135048471
63139,0.575846516965336
63140,0.5261121170557619
63141,0.2990788141792704
63142,0.3249497913977416
63143,0.2374125255121855
63144,0.30028239110568955
63145,0.7267045211084108
63146,0.26667917941573355
63147,0.5233105122913757
63148,0.6817720219808334
63149,0.49082349209338616
63150,0.4835500439936077
63151,0.4991453937587459
63152,0.47506707040180873
63153,0.47185519176906787
63154,0.4994573514271947
63155,0.48342758395670093
63156,0.3628462332465596
63157,0.3766352944312805
63158,0.46602774507454864
63159,0.502309679643956
63160,0.48842842714328916
63161,0.5004157257245773
63162,0.46144848538384625
63163,0.4586515994742929
63164,0.4738997447715515
63165,0.49609943542321244
63166,0.48818837092756384
63167,0.5011613120820997
63168,0.4743289470562278
63169,0.4798666365935333
63170,0.5065676538785963
63171,0.45062614181721855
63172,0.45522038543997434
63173,0.4688832375214327
63174,0.4523396362484596
63175,0.47838169643151585
63176,0.5384724846094472
63177,0.476661977705393
63178,0.500115152151333
63179,0.6391672282948141
63180,0.5184118311562212
63181,0.4588680052983837
63182,0.4896039267772831
63183,0.3948224277144397
63184,0.4686864317460339
63185,0.4672735735661893
63186,0.49734789857432743
63187,0.47707986167490724
63188,0.4897941062576241
63189,0.48077927029673173
63190,0.45523643734853925
63191,0.48231619102550305
63192,0.47605769779790286
63193,0.4520628099832996
63194,0.4787917630801196
63195,0.4577861676833693
63196,0.7804009989840938
63197,0.4960740730685573
63198,0.49990932695527895
63199,0.4788791694689879
63200,0.4716096859485568
63201,0.5052341003774783
63202,0.47412914527716277
63203,0.4805154080850158
63204,0.5939647647094247
63205,0.48873449242256556
63206,0.5055521464070786
63207,0.49300753410080034
63208,0.5001403809350415
63209,0.4966012522451281
63210,0.5134565465401922
63211,0.4633007990735671
63212,0.4367885294700966
63213,0.4913168164203724
63214,0.49261697943390714
63215,0.4970967249923669
63216,0.3863880884209655
63217,0.4617148462372086
63218,0.47676009667577723
63219,0.4513179309572333
63220,0.4793521627480986
63221,0.4960512742810458
63222,0.44644746064216
63223,0.48304590548941206
63224,0.4514724323568585
63225,0.5199708775882463
63226,0.48333867735915587
63227,0.504516929433278
63228,0.436125103672651
63229,0.48971564372518206
63230,0.519131727891772
63231,0.43927976451817247
63232,0.4988163462460635
63233,0.4828008327256039
63234,0.48411194656829626
63235,0.46487150859237225
63236,0.4765508214804487
63237,0.4447803631941191
63238,0.5076764848507632
63239,0.5377896754749211
63240,0.5958376136003296
63241,0.577174285395398
63242,0.520248396193635
63243,0.46190858997674455
63244,0.4486116895427348
63245,0.4669385136158886
63246,0.4583179734230855
63247,0.4348018768766568
63248,0.49009883239191077
63249,0.4611050320917429
63250,0.5011965613120852
63251,0.4643954899934304
63252,0.4481797196677242
63253,0.4853302867645426
63254,0.7974212661957629
63255,0.44654551021533495
63256,0.4930588089852262
63257,0.28802556889266523
63258,0.46275910320365793
63259,0.7291554235564125
63260,0.5149941876851605
63261,0.7312884840574831
63262,0.4892525756047818
63263,0.47100295531141145
63264,0.4884166400539658
63265,0.4620836852434573
63266,0.4948594680428243
63267,0.43578399084406194
63268,0.49949865998220533
63269,0.4831119147692787
63270,0.4671183627444503
63271,0.4965604282284261
63272,0.47484596120809497
63273,0.5076587603211709
63274,0.501227911662929
63275,0.3318551439912143
63276,0.5102080349363928
63277,0.4993567621402868
63278,0.4429522792227338
63279,0.5001288506569618
63280,0.45849043957160673
63281,0.47184457094747634
63282,0.4525214563867449
63283,0.27658641436410936
63284,0.47804532175419234
63285,0.496413991143789
63286,0.45402191802539993
63287,0.503940988695118
63288,0.47524269971096034
63289,0.5073119389311657
63290,0.5024220285906527
63291,0.4704862617006706
63292,0.4811237124518701
63293,0.46902776587921924
63294,0.4745607039458355
63295,0.4746715037515994
63296,0.3035042499864483
63297,0.448545615121605
63298,0.35878467106281203
63299,0.46394045897841857
63300,0.46687012303122916
63301,0.46245747792832415
63302,0.5051039467105167
63303,0.5103799879683575
63304,0.4334455288894687
63305,0.4863574500458405
63306,0.44052555544537697
63307,0.46422800842713563
63308,0.4876097374363271
63309,0.4762350724886988
63310,0.49730860483604045
63311,0.4478610697345089
63312,0.4668456500229036
63313,0.46833984701079995
63314,0.4826969355574903
63315,0.47516663539347326
63316,0.47776393731653954
63317,0.4376987286433453
63318,0.46126067441219126
63319,0.3760509968854185
63320,0.4559082697282901
63321,0.705240837284596
63322,0.5236815692825664
63323,0.4559029751888903
63324,0.4666633018338976
63325,0.457186757863907
63326,0.347373285797767
63327,0.4788579427337797
63328,0.4728636095074269
63329,0.4393082052128606
63330,0.4762490909547568
63331,0.47023884363824375
63332,0.4917367965124922
63333,0.4757976363589961
63334,0.48827946067806055
63335,0.4739210474890687
63336,0.48962653841309967
63337,0.49519432761326615
63338,0.4862580907710802
63339,0.20178836559726018
63340,0.4859994740158514
63341,0.4721226958693607
63342,0.5123615174114311
63343,0.4880454444805524
63344,0.48896744816908755
63345,0.47093467231295305
63346,0.4865846249581395
63347,0.5013720734144929
63348,0.46659253751787577
63349,0.4590613640929125
63350,0.36939845807492405
63351,0.4209208239440985
63352,0.44780151593082734
63353,0.45940298752878195
63354,0.44193841477465484
63355,0.8020312810403046
63356,0.5058318390661641
63357,0.4693604580646491
63358,0.47977082774348595
63359,0.5109056598533781
63360,0.48429021044124726
63361,0.3376056050422024
63362,0.5635287991466512
63363,0.4432296072816104
63364,0.48993379554139205
63365,0.48953311646998476
63366,0.4807942013129872
63367,0.4905429991284761
63368,0.3596341335908434
63369,0.5001095381761411
63370,0.5154701778755965
63371,0.48688567304827324
63372,0.4435313592829627
63373,0.4945206842669345
63374,0.4839503745686181
63375,0.45571745911392436
63376,0.46465858462897164
63377,0.4593562716261793
63378,0.4799542395940605
63379,0.46211099969482766
63380,0.45558959727496234
63381,0.49388769627587137
63382,0.5141693095322296
63383,0.35208389453196315
63384,0.5228133556756069
63385,0.36382333762550473
63386,0.4597310659597772
63387,0.4293725559337802
63388,0.4673374106157618
63389,0.4763300654096366
63390,0.48301559073837996
63391,0.5134833364407245
63392,0.5065671543346864
63393,0.4910037256152572
63394,0.4894442115180412
63395,0.4711355499937904
63396,0.467526999359417
63397,0.47628466595292895
63398,0.48895407825726567
63399,0.5181140131611873
63400,0.5088215757217782
63401,0.4881291946640738
63402,0.467938487792248
63403,0.46685483044764453
63404,0.49389176486835484
63405,0.47237672656793483
63406,0.4841040441995374
63407,0.44823492638193674
63408,0.4854442116595744
63409,0.5106846380941338
63410,0.5149054603663237
63411,0.4052325096382945
63412,0.5247486247276929
63413,0.473164182526711
63414,0.511763892832205
63415,0.49451895895571774
63416,0.435576740615557
63417,0.46886842495339176
63418,0.35399813551276993
63419,0.48816605657788115
63420,0.5206977122755032
63421,0.48375045669531164
63422,0.4415341187820373
63423,0.45145566850637037
63424,0.47142349783967363
63425,0.5165668793276611
63426,0.46202575717232736
63427,0.5081004472586946
63428,0.4880941700300699
63429,0.4810263933329203
63430,0.42952856413732476
63431,0.4826093741443803
63432,0.46456483358048395
63433,0.49463512388512954
63434,0.45842928609758826
63435,0.4640214816646969
63436,0.4826132923933583
63437,0.5095588376304756
63438,0.4791759711884891
63439,0.49620389875718207
63440,0.4645780083323395
63441,0.4778918545440238
63442,0.46096162301158927
63443,0.48504581930163887
63444,0.5072955944514663
63445,0.5649633625687532
63446,0.48727207803739275
63447,0.5370239050911376
63448,0.4595381645373729
63449,0.49134987978134026
63450,0.48231853358176335
63451,0.4901051009180913
63452,0.7849194179410421
63453,0.8082291457746779
63454,0.4859921320405284
63455,0.45165541035222556
63456,0.4323070580506969
63457,0.537561817186302
63458,0.5014368185712665
63459,0.5289000210868446
63460,0.4900302508833829
63461,0.49384460835335753
63462,0.522194612996038
63463,0.45922943544503114
63464,0.4911469579253988
63465,0.48688832075046506
63466,0.4598358176256916
63467,0.7673864509288983
63468,0.47352176497977816
63469,0.49576441229691065
63470,0.4747610736671192
63471,0.4752829650925551
63472,0.48423683312402716
63473,0.5102925396804827
63474,0.2149901069263179
63475,0.4555166959265555
63476,0.4676820376198553
63477,0.43195228672176983
63478,0.4889387778443041
63479,0.4852236031364282
63480,0.3815152854133863
63481,0.4694482837092455
63482,0.4848693410272849
63483,0.4504183425982895
63484,0.48719216721460523
63485,0.46748039425020327
63486,0.48883698021388206
63487,0.49074695545907715
63488,0.5616574044977704
63489,0.4874178936098944
63490,0.49024979115837325
63491,0.48950966012061536
63492,0.49434428109772505
63493,0.4871902221776945
63494,0.48907775353005506
63495,0.5106814236590669
63496,0.4938678744681174
63497,0.5022374988183715
63498,0.37339940967498947
63499,0.4915499279354348
63500,0.5029606924039038
63501,0.7811291378517136
63502,0.4998792427781188
63503,0.46744985803417427
63504,0.4704666202651944
63505,0.4836301859161709
63506,0.4990619164017931
63507,0.4967754742838134
63508,0.5047467625321659
63509,0.47778100506294585
63510,0.49831735102406394
63511,0.488992178963001
63512,0.4592362942981125
63513,0.4253261044196864
63514,0.46509020676991053
63515,0.49840369093590536
63516,0.4765078835807256
63517,0.4791512521405945
63518,0.5022502626281157
63519,0.44975032130221837
63520,0.46886534696329907
63521,0.4852507407733525
63522,0.47531215153320483
63523,0.4866845504229421
63524,0.4936180860981227
63525,0.4950668397363368
63526,0.4442927367741376
63527,0.4733665248602433
63528,0.44010993437111
63529,0.5107198895055887
63530,0.7963257517473172
63531,0.4913766698498086
63532,0.4487559343068553
63533,0.4872271495951786
63534,0.48296394008131677
63535,0.5123227283113737
63536,0.35579728443378716
63537,0.48031386276674604
63538,0.4787658384220185
63539,0.48311968597358435
63540,0.49468563436369456
63541,0.49140315937298956
63542,0.4584701791019467
63543,0.47165416491583123
63544,0.5379680511578244
63545,0.5008202705253874
63546,0.6261230190617852
63547,0.47952171995669757
63548,0.4836871172268483
63549,0.481552519765609
63550,0.4590980845135699
63551,0.518226295668025
63552,0.4901121151491629
63553,0.4797794560950023
63554,0.3440925904475336
63555,0.5017294176228891
63556,0.47909061371211337
63557,0.47862392906604245
63558,0.49838849210162395
63559,0.7684902061104899
63560,0.41308477443621694
63561,0.45760774806267646
63562,0.49540559173612486
63563,0.4644132101012174
63564,0.346215067028635
63565,0.49293524274297956
63566,0.5214256541361143
63567,0.49408849005093625
63568,0.4885949939658414
63569,0.5097101328766043
63570,0.4910985112940643
63571,0.47326003093844676
63572,0.4813949030434045
63573,0.40520802140292084
63574,0.8003323696479868
63575,0.48425734537072446
63576,0.47150389956859007
63577,0.48650307827078054
63578,0.49418823800244427
63579,0.4499341962244575
63580,0.46779828240585547
63581,0.48298095722204654
63582,0.3969849437930959
63583,0.4996528850106403
63584,0.4679955031081341
63585,0.3468095580415742
63586,0.4576235306910658
63587,0.505526442112735
63588,0.49552295278463115
63589,0.3302291766838308
63590,0.48466211287741645
63591,0.49404505380491043
63592,0.4758388639195072
63593,0.8110543329057236
63594,0.47209135010125036
63595,0.5217779988579535
63596,0.47318298765286404
63597,0.42987388370525853
63598,0.49481435834348314
63599,0.49229213108038344
63600,0.47968040171435533
63601,0.517916877895568
63602,0.45436718857587155
63603,0.46320820041937344
63604,0.4784074921746756
63605,0.35079012184388475
63606,0.47690528151122585
63607,0.4614541899038883
63608,0.4659192872245116
63609,0.5067918582658151
63610,0.4903373195169841
63611,0.4657251210525708
63612,0.32007619150120664
63613,0.8069041847995924
63614,0.5109559398272414
63615,0.3108814092727474
63616,0.5171809588452473
63617,0.495730228137819
63618,0.3667401063538944
63619,0.47538434271290136
63620,0.46340995753714775
63621,0.5130839321500517
63622,0.44285299145138
63623,0.48188333501976877
63624,0.4958704868535531
63625,0.4970111898724533
63626,0.5086877354055743
63627,0.49502256550253937
63628,0.4831636403544719
63629,0.5059330642904255
63630,0.23373812268615587
63631,0.4747308901141407
63632,0.4348151374726537
63633,0.4956969962786746
63634,0.45707384843907806
63635,0.47475408214023884
63636,0.3910427983653538
63637,0.5009446996283607
63638,0.3316916013354902
63639,0.48234231760068325
63640,0.47787057554513557
63641,0.5024285273342443
63642,0.30742805633465287
63643,0.3660454437640759
63644,0.46616554645823505
63645,0.4676276656351873
63646,0.442614537232788
63647,0.5049449577129368
63648,0.4783915427183529
63649,0.49540712655592123
63650,0.4785384872924325
63651,0.47987054613715097
63652,0.49818688578263937
63653,0.4930140328264534
63654,0.5023153161121138
63655,0.46660880857103804
63656,0.521945031890212
63657,0.49442117710665046
63658,0.48435399369682774
63659,0.5012406488853869
63660,0.5109929485574498
63661,0.44148629343520696
63662,0.44934632688922493
63663,0.4865554492207932
63664,0.33468465986135787
63665,0.36026900457740946
63666,0.4437529238752966
63667,0.4691737159591607
63668,0.5031037664882048
63669,0.48772706208447963
63670,0.5064238456754337
63671,0.5326030407750251
63672,0.43974923571196456
63673,0.4586712243438914
63674,0.4713934719752983
63675,0.34430558529112004
63676,0.4767333514619059
63677,0.4693757319105506
63678,0.4750711851174417
63679,0.47925737554252773
63680,0.34738014140197626
63681,0.49965705745245637
63682,0.6456714544180862
63683,0.4994772741960088
63684,0.33064556755512575
63685,0.49226867262638174
63686,0.45028896776399746
63687,0.4665919649608315
63688,0.4834495252856138
63689,0.4950224630100549
63690,0.47832540548726443
63691,0.4770066387197069
63692,0.48724226815313565
63693,0.4854930209189156
63694,0.37042839344533207
63695,0.513844333227195
63696,0.5504141446369232
63697,0.46227797300384055
63698,0.48300593353679827
63699,0.4770213997382149
63700,0.4763597336509179
63701,0.4848252985284177
63702,0.5086598053398209
63703,0.4438311787477842
63704,0.485048355883253
63705,0.3007877022062142
63706,0.47452506874101213
63707,0.4842008699495734
63708,0.3925988553335419
63709,0.5082332140884269
63710,0.5390227016861202
63711,0.45875623116228387
63712,0.5024806965782131
63713,0.4641517360726255
63714,0.4774568467652582
63715,0.5115391767481255
63716,0.49487921310227456
63717,0.49249322194047085
63718,0.3509536197591484
63719,0.31468613366229825
63720,0.5001585699894762
63721,0.45984818971114344
63722,0.5317601972062427
63723,0.5031832233773096
63724,0.4852256708381745
63725,0.4644338673545204
63726,0.4809960174436938
63727,0.47976875657545404
63728,0.49744362066698544
63729,0.4715784667291138
63730,0.4630427977720406
63731,0.4808628466627517
63732,0.4928982364333241
63733,0.48102488448882946
63734,0.47914273073512004
63735,0.4995518924367201
63736,0.4623436810396293
63737,0.4604283173527846
63738,0.493300636778618
63739,0.50348079951176
63740,0.7520299060614408
63741,0.44263546569058876
63742,0.462384926294808
63743,0.4674376428994774
63744,0.3990447973398495
63745,0.4547877242853793
63746,0.4135201569953696
63747,0.3663388574984013
63748,0.47144191368058314
63749,0.48067011835134943
63750,0.48660056868316226
63751,0.47783140235572086
63752,0.505572992526424
63753,0.47603975775728635
63754,0.4282613350376195
63755,0.4879511982446554
63756,0.5094517820762684
63757,0.43370360892500565
63758,0.3306857153458992
63759,0.5001304762694461
63760,0.5858733527556733
63761,0.45246610660581094
63762,0.4770727394537119
63763,0.4799770830524278
63764,0.34164376039623534
63765,0.48062235750450727
63766,0.4906547932589024
63767,0.3505979068724161
63768,0.47788740410688096
63769,0.4765463724656059
63770,0.46309256415759714
63771,0.4793223070974001
63772,0.5061762717329134
63773,0.491538497543076
63774,0.4329074275209172
63775,0.3603205796654253
63776,0.5008066179133893
63777,0.4626525781587466
63778,0.5119118456537423
63779,0.525780845569381
63780,0.503216788696333
63781,0.48278410752205053
63782,0.481619786796114
63783,0.47295418847127
63784,0.4862562372565373
63785,0.49690881938384157
63786,0.48026386871173127
63787,0.44337064210736465
63788,0.48231814061595657
63789,0.5492111077633193
63790,0.4706469157720704
63791,0.48150597985755117
63792,0.7832467338214316
63793,0.47661269026326764
63794,0.8199278626149512
63795,0.4551445532112286
63796,0.43778971236057357
63797,0.482129523033066
63798,0.4919589142734385
63799,0.49935778106779205
63800,0.48668562823759354
63801,0.46603585663798264
63802,0.50055466570095
63803,0.49912221388506595
63804,0.4678781776084032
63805,0.47754617144073097
63806,0.7444500024223117
63807,0.4872122165065319
63808,0.5084383522288808
63809,0.4727345935047518
63810,0.5366208126224505
63811,0.5122648137624308
63812,0.31556260144347204
63813,0.38336724916075543
63814,0.4842808388317952
63815,0.475954879591321
63816,0.48494432785610486
63817,0.48845558407181144
63818,0.44929404430922454
63819,0.48458982518796545
63820,0.4776583852407509
63821,0.47403931948306705
63822,0.4685838437996007
63823,0.5168558245997147
63824,0.5014107658209952
63825,0.385988164989688
63826,0.5229230123691739
63827,0.4797863510430843
63828,0.4383550352611044
63829,0.4519698392616601
63830,0.4550662974931502
63831,0.45331499294249916
63832,0.5176330630062886
63833,0.49822860180518524
63834,0.48943064110405543
63835,0.49944607448298095
63836,0.3247336336413188
63837,0.8126686901024966
63838,0.4684811449331664
63839,0.46535240550794266
63840,0.524565745690015
63841,0.45405704084035664
63842,0.41422280094218905
63843,0.45908785555932025
63844,0.4629707486772066
63845,0.4875756345529476
63846,0.759887205073739
63847,0.4961432752070707
63848,0.3495337511040786
63849,0.43627730788862
63850,0.5128029191988778
63851,0.4684756650029461
63852,0.486374880669419
63853,0.4756167334704764
63854,0.4931987873711268
63855,0.4843298048461788
63856,0.4801601982588111
63857,0.40792186626750404
63858,0.49698741089852516
63859,0.4767717139625708
63860,0.509044477333971
63861,0.4032767744388865
63862,0.3908096180401718
63863,0.49710865254823783
63864,0.3148791623156972
63865,0.48424644421020674
63866,0.44394424674201155
63867,0.4806680664164511
63868,0.47243316893555376
63869,0.5035034958019491
63870,0.496515575924811
63871,0.4768746460538625
63872,0.462146068104856
63873,0.5177130529307321
63874,0.5314885806398302
63875,0.4788979051728057
63876,0.4696675933345372
63877,0.5016810703025113
63878,0.4942243988630859
63879,0.45780017038346776
63880,0.49449056457171264
63881,0.4577304461127172
63882,0.4654994023016083
63883,0.47367669119830874
63884,0.4576173241474068
63885,0.4609855149239238
63886,0.5020163646391176
63887,0.47348565906370976
63888,0.4833229978496779
63889,0.47622257884576435
63890,0.5003867068725673
63891,0.31871422073645694
63892,0.49030170801326267
63893,0.32675961752031796
63894,0.37591088422810987
63895,0.47417785117640643
63896,0.3457773784345424
63897,0.49232402108732864
63898,0.4943240347184507
63899,0.47319317560247165
63900,0.5010541116580636
63901,0.47400890931893525
63902,0.43668531917477826
63903,0.47902567801067364
63904,0.49032779724074327
63905,0.32845644810583163
63906,0.4892316705944951
63907,0.5242945741798698
63908,0.48709907967958305
63909,0.4637645582336324
63910,0.48003886854726685
63911,0.5051881246086576
63912,0.4698281360689239
63913,0.7658540641346583
63914,0.5181768125645294
63915,0.47759124585470913
63916,0.46258770806458793
63917,0.4661810698564869
63918,0.5093786788246736
63919,0.5246727268228765
63920,0.43991066462090184
63921,0.4891735718204337
63922,0.7661718261270105
63923,0.4888777216329036
63924,0.6832548440932698
63925,0.501326741786475
63926,0.49874403389400335
63927,0.4845650526581755
63928,0.4900086262870661
63929,0.4872345811793245
63930,0.43467430152239983
63931,0.4939733659279425
63932,0.4962104748432061
63933,0.49848639506074277
63934,0.46009005705640227
63935,0.5330083928031826
63936,0.5176314715530493
63937,0.5228236643960603
63938,0.5012729795590405
63939,0.4362645920930993
63940,0.728682436012422
63941,0.5143693500094699
63942,0.2889154454890258
63943,0.48163918421701
63944,0.4963545584033014
63945,0.4896979672002803
63946,0.43787327935603987
63947,0.4832635070708631
63948,0.5039464099660498
63949,0.46166925221198507
63950,0.48461261730813965
63951,0.48305585297146303
63952,0.4630414946057391
63953,0.4454096610488606
63954,0.4681467522971816
63955,0.48523825347211175
63956,0.48342714599707304
63957,0.4836767436422389
63958,0.48494253443102564
63959,0.4670119373409707
63960,0.4816036717355573
63961,0.5214144523778351
63962,0.47374222378182695
63963,0.47711661731727495
63964,0.5164709740033347
63965,0.523449150695866
63966,0.490847928566244
63967,0.3470751489950311
63968,0.48790245145122957
63969,0.4318509790999997
63970,0.4939518913008222
63971,0.5028178792532236
63972,0.5111406277374008
63973,0.5005360746890128
63974,0.46123218024872975
63975,0.49172920051222363
63976,0.4696254565081106
63977,0.483466185077136
63978,0.4990711585256948
63979,0.45052656483728626
63980,0.3575456462092975
63981,0.49371850503353587
63982,0.438010443213473
63983,0.46720526533382534
63984,0.5188182211900874
63985,0.4887053151616475
63986,0.50446310019945
63987,0.49986813811715813
63988,0.479957539160881
63989,0.4394183157176454
63990,0.4662994626813543
63991,0.7589314935384586
63992,0.46650736768056184
63993,0.4522516952995079
63994,0.4954853012119321
63995,0.504362387251666
63996,0.45564390203054583
63997,0.4712103996093078
63998,0.43101224895574447
63999,0.49926385121430494
64000,0.4951963708996582
64001,0.5148172902356192
64002,0.45584866160439713
64003,0.4931204681209659
64004,0.4952178171566629
64005,0.4960721550553834
64006,0.21008134437715378
64007,0.4950478753910816
64008,0.45756770405298997
64009,0.4898618946146571
64010,0.45961743708985336
64011,0.4743942086691951
64012,0.5030231943914882
64013,0.47049778833772155
64014,0.38917371888871805
64015,0.49645977439435646
64016,0.4409788475885129
64017,0.48787028028954205
64018,0.4894358694545964
64019,0.4827807878545498
64020,0.47889422764846923
64021,0.48274960284557433
64022,0.4840625608428465
64023,0.4972395408141437
64024,0.44821216475871334
64025,0.38586706481043515
64026,0.4556635250993747
64027,0.43083392385527847
64028,0.8251391794081995
64029,0.48432384547949225
64030,0.522274779736535
64031,0.5045294076595835
64032,0.4923583351062616
64033,0.48956669724750224
64034,0.42262477142070193
64035,0.47652704809046353
64036,0.444113211904278
64037,0.45309252003078815
64038,0.49291523402469084
64039,0.4972976060581439
64040,0.4488274717307452
64041,0.4428444234923411
64042,0.3007491256368042
64043,0.49312840367195215
64044,0.48105816512254096
64045,0.5006274056564086
64046,0.4962048389705452
64047,0.47661064965759425
64048,0.48138096288833865
64049,0.5171736583495803
64050,0.48298009516889406
64051,0.46129692176211556
64052,0.5130061093395627
64053,0.4764034081527112
64054,0.4708986362303526
64055,0.635793006513748
64056,0.4942563815693811
64057,0.4913074160596901
64058,0.4964826065884533
64059,0.4743421499940967
64060,0.7466891966554141
64061,0.4901612117196526
64062,0.40827223610266
64063,0.4609407287351337
64064,0.48496862999786355
64065,0.4529039032690201
64066,0.4929549456297635
64067,0.5002481090262159
64068,0.4937571947301318
64069,0.5105165103461481
64070,0.48723699737552295
64071,0.38985256815155783
64072,0.468671162697341
64073,0.4915448897204976
64074,0.47369319993101155
64075,0.7848356358991694
64076,0.4130105114916377
64077,0.48072613902755357
64078,0.48949762955921544
64079,0.47272680913358817
64080,0.4679805105789345
64081,0.14055698756348478
64082,0.4793853717851987
64083,0.4964901216541027
64084,0.48384690337823233
64085,0.493693083264788
64086,0.454524223083572
64087,0.4759733368309951
64088,0.3612289373171538
64089,0.5154683083775417
64090,0.560945868741703
64091,0.49731283143646066
64092,0.478325281182449
64093,0.517330759882592
64094,0.4718601089827579
64095,0.43260510749175635
64096,0.46996163521190676
64097,0.4523787913312553
64098,0.46867295909656126
64099,0.4874822352367704
64100,0.4914837884144668
64101,0.46141650261934136
64102,0.50032388843522
64103,0.6753115447330436
64104,0.4887343415318163
64105,0.44801895567391015
64106,0.4868294955516057
64107,0.480371396431117
64108,0.45101627570223923
64109,0.5015964826317935
64110,0.4764662605273432
64111,0.48620467149436414
64112,0.4667613102864579
64113,0.47538141248094784
64114,0.8048885071865819
64115,0.475288546444843
64116,0.5244393268748233
64117,0.48894784012876413
64118,0.506146851789239
64119,0.4731038045700401
64120,0.7807449589026685
64121,0.4912610530049384
64122,0.4675257722412828
64123,0.48708275520712985
64124,0.4626411772216376
64125,0.49895602533940175
64126,0.5273685333256406
64127,0.42775830783727187
64128,0.4978177880276701
64129,0.48787042280612675
64130,0.45590416062151656
64131,0.49569125161098315
64132,0.49937063653807795
64133,0.4491953953276724
64134,0.47625412202729517
64135,0.4852450998379485
64136,0.45884636283089475
64137,0.4582707052526781
64138,0.5043059537816501
64139,0.4439086966810676
64140,0.5145842312491922
64141,0.5136803597138145
64142,0.4947174153935285
64143,0.49979773769278457
64144,0.476942223259961
64145,0.5122172866662039
64146,0.4822594062873433
64147,0.44633893967971167
64148,0.5090751526659826
64149,0.4616345131191989
64150,0.5044868607399071
64151,0.4931544131315696
64152,0.47147663042911236
64153,0.3707378739673747
64154,0.45663142073684093
64155,0.32236904381530757
64156,0.49221944777391313
64157,0.5089032153406056
64158,0.49930970558667354
64159,0.32176569739882105
64160,0.442661139787626
64161,0.5272335900137533
64162,0.474570539645605
64163,0.47052643247237536
64164,0.4949557537600313
64165,0.3517036287814733
64166,0.45113249769846914
64167,0.42966733339572916
64168,0.47440715141722567
64169,0.4714979235661194
64170,0.46517498351736997
64171,0.3086402855743444
64172,0.5063413407295161
64173,0.46477357474027237
64174,0.46732983442858694
64175,0.48523257933784836
64176,0.49894509024804007
64177,0.49293754843406956
64178,0.45548445664227155
64179,0.38341469341731693
64180,0.48436154293597095
64181,0.4075265197237856
64182,0.4584543116866545
64183,0.4661688046778743
64184,0.5142524574633357
64185,0.46783727160411714
64186,0.513724449937421
64187,0.3148394105712228
64188,0.4659514302793687
64189,0.4561183189934439
64190,0.4920777222039768
64191,0.45054710807676784
64192,0.4744445075094236
64193,0.5391761528176033
64194,0.6487901079301155
64195,0.5074311533677834
64196,0.46544315510921075
64197,0.4938183335624797
64198,0.494069002733598
64199,0.7251199513392146
64200,0.48308483768808486
64201,0.49735242120872525
64202,0.48726472455462033
64203,0.476531010187663
64204,0.4692879602588934
64205,0.4584332101563135
64206,0.4524069839846804
64207,0.5239515309496738
64208,0.435158216420653
64209,0.47150611812915827
64210,0.34156951493041054
64211,0.4760468037507417
64212,0.43351240963543036
64213,0.45764470904598636
64214,0.4712857278020025
64215,0.48207095968472735
64216,0.46534987551775386
64217,0.480556131456978
64218,0.44195179161817894
64219,0.4828616413478809
64220,0.4920634584514957
64221,0.48770335714668345
64222,0.45447988700732617
64223,0.46495122785217063
64224,0.46953827487898314
64225,0.49575117417107506
64226,0.46294142577104314
64227,0.48529281550565984
64228,0.46245089910779524
64229,0.48627117267478354
64230,0.484031007283539
64231,0.46071587629158706
64232,0.5285847668165023
64233,0.4864063467314945
64234,0.4658710068731332
64235,0.477596574273864
64236,0.47803130291701634
64237,0.4711462861327199
64238,0.516329731094776
64239,0.4959230229406376
64240,0.4911053699424605
64241,0.46215682672007957
64242,0.45298000085928475
64243,0.5596834509105222
64244,0.44669596438424525
64245,0.5178940365054503
64246,0.7880328840178055
64247,0.5016670753466548
64248,0.47047624923357473
64249,0.4857510491672183
64250,0.20198010355896667
64251,0.5248503674053484
64252,0.491638020594045
64253,0.4547683960925127
64254,0.35036031754277747
64255,0.23374484136682344
64256,0.4894393093798529
64257,0.45705178386685696
64258,0.49814853572972817
64259,0.4663220614592365
64260,0.5110728501937084
64261,0.4586320022390633
64262,0.34512619874391887
64263,0.7992780409194811
64264,0.3997754519943356
64265,0.4937488895794063
64266,0.4754269149444355
64267,0.4820239771044581
64268,0.4672561005247179
64269,0.4965895890680018
64270,0.49659272841004076
64271,0.5012511999509894
64272,0.4841189910285617
64273,0.47132298951268425
64274,0.18833368368056674
64275,0.4575856755107124
64276,0.5190909994924987
64277,0.355246098186642
64278,0.46430777216617014
64279,0.4796806911666296
64280,0.46868673384037335
64281,0.4903486259450335
64282,0.46194904602842934
64283,0.4897595810066413
64284,0.49901805318612213
64285,0.4707477575856374
64286,0.5078822327981671
64287,0.4890819081507469
64288,0.46884808970826497
64289,0.46572499908465664
64290,0.47046021389052617
64291,0.46483855632405635
64292,0.49873556045871115
64293,0.47305313713656094
64294,0.49776603731060826
64295,0.5133990354715648
64296,0.4390270031459318
64297,0.508135008470644
64298,0.46951631476262307
64299,0.4833500425076761
64300,0.440536825994339
64301,0.48417395990886103
64302,0.5069901920341705
64303,0.4542895107206441
64304,0.4984063618769725
64305,0.5138068398845295
64306,0.506208761135344
64307,0.4613799629801602
64308,0.39411958562001914
64309,0.3919450470696985
64310,0.4568631253223803
64311,0.47620575052141123
64312,0.4950316661413021
64313,0.4870348690662575
64314,0.47206890964396175
64315,0.4776125458543236
64316,0.5978761536172631
64317,0.788549753323304
64318,0.4630629054512553
64319,0.4379121937618293
64320,0.4685428907642407
64321,0.34906242860126496
64322,0.47663326634782754
64323,0.4805388425019516
64324,0.48082133245731884
64325,0.3927625809005081
64326,0.4566650526160517
64327,0.490525399658417
64328,0.492005400525165
64329,0.4930651867321649
64330,0.47673494437980657
64331,0.47124132505613264
64332,0.32241877633552496
64333,0.4493595862830425
64334,0.47535769954157014
64335,0.49477579461109544
64336,0.7843773884363718
64337,0.2762606270805744
64338,0.33712227694853547
64339,0.44671899623689937
64340,0.4625024043032976
64341,0.4097994881854296
64342,0.45592753376464057
64343,0.634414284251625
64344,0.4785304783047767
64345,0.4508721566244352
64346,0.4770944869706265
64347,0.5692265868908292
64348,0.47997525009336256
64349,0.4711937486541635
64350,0.4710476120738693
64351,0.46607487735670705
64352,0.39042866369049734
64353,0.5028053289943097
64354,0.4900288059903876
64355,0.37211981379941783
64356,0.4617416914995997
64357,0.3346924924105596
64358,0.47650755039894793
64359,0.5247966286824655
64360,0.4807512757842628
64361,0.45528006611545946
64362,0.443910143531282
64363,0.4876017864048939
64364,0.4775979795051287
64365,0.5085967293138225
64366,0.49921364372026905
64367,0.45090596262742866
64368,0.3822424779364909
64369,0.4778802583290692
64370,0.3429840800481543
64371,0.4844393268744903
64372,0.48564436661100546
64373,0.5100231525171569
64374,0.5159527884030114
64375,0.4918551180014436
64376,0.44828865245861227
64377,0.49204280920320775
64378,0.48490544685769865
64379,0.4624374150980621
64380,0.4415011249443843
64381,0.48414678076419826
64382,0.48664506809007235
64383,0.4786040584767277
64384,0.49673958920885525
64385,0.3974206819353374
64386,0.20724349320561164
64387,0.4713283381327018
64388,0.5134243835359048
64389,0.4476914614699366
64390,0.4846528542806696
64391,0.48162286556375195
64392,0.7988192309481996
64393,0.8261217676299304
64394,0.4947387924377376
64395,0.4727579796641708
64396,0.4955493307921044
64397,0.4685324771475534
64398,0.5133043017714556
64399,0.4836709859568008
64400,0.48879432887695745
64401,0.4700899257768009
64402,0.4833577799333662
64403,0.48298104178111556
64404,0.4264627642723775
64405,0.49503008133786247
64406,0.48795640380104277
64407,0.4798982868805918
64408,0.48520690198411404
64409,0.4949552307257348
64410,0.43921690905160204
64411,0.48531943203507605
64412,0.4952894814002782
64413,0.43323347039572835
64414,0.4564505318170645
64415,0.47957791509904796
64416,0.492971647710644
64417,0.5013503431168778
64418,0.4912466194007596
64419,0.4657358235938206
64420,0.4929825243974283
64421,0.5073908228400772
64422,0.4895653105645351
64423,0.5108011466603835
64424,0.48185243318704796
64425,0.4905872457100736
64426,0.4697004476835783
64427,0.47155109308200005
64428,0.49924842404268965
64429,0.4920828998435258
64430,0.2713328716988693
64431,0.4706165466744412
64432,0.4860866894108492
64433,0.3670855219803299
64434,0.35230783667802146
64435,0.5016902160879425
64436,0.47130474095080965
64437,0.4546445035176937
64438,0.45806593659233363
64439,0.48410834056561747
64440,0.4811109443258548
64441,0.5192690616367303
64442,0.4770250694316046
64443,0.4629154738104778
64444,0.4839887983158411
64445,0.49195342612471904
64446,0.5046930353166644
64447,0.4955613124607644
64448,0.3349625969049232
64449,0.46709837291792583
64450,0.5158829967670273
64451,0.47647646747502065
64452,0.4791340823287906
64453,0.5097590110574962
64454,0.4875729540282455
64455,0.4692212603114032
64456,0.4732235157554311
64457,0.4550961229453757
64458,0.5235315681205979
64459,0.4696828100433242
64460,0.5046435833486236
64461,0.4835814008172791
64462,0.4586077217836194
64463,0.33730423755434624
64464,0.484455479640131
64465,0.4831087727231749
64466,0.48390743704706163
64467,0.46131791484713
64468,0.4930248451991634
64469,0.4710618185040356
64470,0.44931603513995294
64471,0.49594630316644345
64472,0.4662016790523178
64473,0.4668884606686649
64474,0.4770469187946495
64475,0.45151160398548523
64476,0.3935085529783058
64477,0.8103357965697985
64478,0.46831997127950015
64479,0.4758687373126886
64480,0.49962733286779065
64481,0.4883317163629734
64482,0.47280010244149523
64483,0.44940533968401986
64484,0.46754446140588707
64485,0.37363813657003997
64486,0.4737204445359743
64487,0.37094177484407165
64488,0.6640632062282071
64489,0.46961966179009307
64490,0.445532876066933
64491,0.524810186843994
64492,0.45166007533164576
64493,0.49334369348563556
64494,0.4664398751667623
64495,0.7555445265202982
64496,0.4737017481439033
64497,0.4643129441678338
64498,0.484801330811006
64499,0.46371246605262173
64500,0.49695399881071234
64501,0.35174381362030427
64502,0.47763673967616926
64503,0.49627925098851233
64504,0.5010111042575219
64505,0.46124500982347727
64506,0.5203766748931289
64507,0.4965693659584728
64508,0.528195532353678
64509,0.47049377098381434
64510,0.4970043962742844
64511,0.3356111782677754
64512,0.4854913325129481
64513,0.4616866694100753
64514,0.46189263299239813
64515,0.5069986408479703
64516,0.4651749823091481
64517,0.47400733674889584
64518,0.46082011361107345
64519,0.4963459438342466
64520,0.3537801142558785
64521,0.4543864495700022
64522,0.6619772054795028
64523,0.4920645313172461
64524,0.49714288848608457
64525,0.5368481319517058
64526,0.48127579188146463
64527,0.31701901846864344
64528,0.4533940429049722
64529,0.5427576441360371
64530,0.4998496279447056
64531,0.4874679451856352
64532,0.5127994919862622
64533,0.4560907813657826
64534,0.5038265028268691
64535,0.40125720793898384
64536,0.5011854259311237
64537,0.4854943644219123
64538,0.40962033625792316
64539,0.48060847311028077
64540,0.46658460625773984
64541,0.5179541207700797
64542,0.4960243815722954
64543,0.32966207324169894
64544,0.477670197278351
64545,0.4813761777980122
64546,0.4250502977301037
64547,0.45879568394430714
64548,0.4742216965501685
64549,0.4599388914063343
64550,0.4879281424840264
64551,0.4523587063137237
64552,0.4881582915386588
64553,0.46595877404954633
64554,0.33046995323684064
64555,0.48561171173689577
64556,0.474362819390488
64557,0.45099357898391784
64558,0.44933950954269986
64559,0.7737512726173865
64560,0.4778055088432528
64561,0.4331513082476982
64562,0.43760356830618197
64563,0.5163423154044422
64564,0.7386585683873689
64565,0.7169586340114458
64566,0.4748273147177613
64567,0.8225721456158346
64568,0.4947638725385473
64569,0.4691327481675197
64570,0.4819896226953157
64571,0.5209063980636501
64572,0.7030654788362443
64573,0.41848517261436186
64574,0.5050729118764095
64575,0.5186984309461586
64576,0.34780599271244644
64577,0.48281782737215956
64578,0.42836360408740665
64579,0.49533507783141506
64580,0.49583640724615385
64581,0.4847964017918874
64582,0.46766474855310436
64583,0.4564374729481244
64584,0.5072886116509198
64585,0.41335054685507444
64586,0.489983030156706
64587,0.48458858553522055
64588,0.48483915268221167
64589,0.5008293049910673
64590,0.46807601041468005
64591,0.7986004858526711
64592,0.3687870376333484
64593,0.4764907053494288
64594,0.494350666567636
64595,0.8190519756615555
64596,0.4529158732023888
64597,0.5071472890776932
64598,0.4488480032437938
64599,0.33641910907573513
64600,0.4650708621438206
64601,0.4633305167395491
64602,0.46996384966476923
64603,0.4633055791970489
64604,0.4724186246113723
64605,0.5091423320978246
64606,0.5158559470011473
64607,0.49497357585028035
64608,0.502665039366986
64609,0.5021721567875543
64610,0.43934353522147856
64611,0.4266803378494185
64612,0.37237085797812375
64613,0.5122414869052656
64614,0.7804861351901353
64615,0.5026783875899682
64616,0.44101774908648417
64617,0.4674860056015395
64618,0.45328808968422246
64619,0.5175175427256823
64620,0.48710721270423873
64621,0.36139795024272525
64622,0.45056468868894595
64623,0.6442507566525758
64624,0.4807170950706998
64625,0.49477152866211316
64626,0.46358887791762254
64627,0.48696407928893604
64628,0.49560342417265857
64629,0.4825754329119395
64630,0.45260006593017704
64631,0.4709741186133216
64632,0.48733290124991613
64633,0.4498048895805151
64634,0.47939777384660787
64635,0.47859200483239794
64636,0.5077461956672648
64637,0.47941759417591434
64638,0.33660108889323015
64639,0.5033807349706175
64640,0.7700357797860651
64641,0.4624308755050437
64642,0.4425399617104491
64643,0.4614918327640292
64644,0.49417328047486386
64645,0.7736585390406046
64646,0.4635837235791862
64647,0.4783152204937867
64648,0.456393732495047
64649,0.48681113599226555
64650,0.49951606226264855
64651,0.49022537287603873
64652,0.4633984862180427
64653,0.49565601926375674
64654,0.5075594076946128
64655,0.4971490111959527
64656,0.4699891736018803
64657,0.48776831479284466
64658,0.49602472129160613
64659,0.21756373686131394
64660,0.5000913577956722
64661,0.4994391151301857
64662,0.5471278554128306
64663,0.46188574271886773
64664,0.308329858555295
64665,0.48464738238293753
64666,0.437204992165497
64667,0.4693504032534753
64668,0.4624520250443963
64669,0.475120537034761
64670,0.48889562019237015
64671,0.5206079533754009
64672,0.5047156389054277
64673,0.48751556308970095
64674,0.46155369445392314
64675,0.46085009361689266
64676,0.4733758887326358
64677,0.46515048567909184
64678,0.47874449927771257
64679,0.4496779878487077
64680,0.47862625959894034
64681,0.5024916204377265
64682,0.4912830774654152
64683,0.45454056263189574
64684,0.45794039761644423
64685,0.47709397112975893
64686,0.46179175586000365
64687,0.48474755225159294
64688,0.45238627187778746
64689,0.448651862881447
64690,0.46694719712300725
64691,0.4291464674920905
64692,0.4701435503105438
64693,0.8128547471409809
64694,0.4820115786624189
64695,0.47507481867283674
64696,0.47620494462122304
64697,0.5302577876723924
64698,0.4420839508259322
64699,0.4590008769704598
64700,0.48224784964912315
64701,0.49363634452644334
64702,0.35589450382634946
64703,0.47777044920781575
64704,0.5257515304311408
64705,0.43872914177097555
64706,0.4818472113213481
64707,0.4858755199340793
64708,0.46623232816945476
64709,0.47794284244405705
64710,0.4746118581305266
64711,0.42416600231748813
64712,0.5337992020204638
64713,0.4990420222184343
64714,0.511105442741401
64715,0.7338573103599042
64716,0.44125071699348106
64717,0.5281012107635259
64718,0.34250496620861326
64719,0.4215091187946238
64720,0.49725101485492745
64721,0.4660596581331241
64722,0.46665745091437555
64723,0.47806013559669386
64724,0.48730748096877385
64725,0.48943003459861706
64726,0.4758088829481756
64727,0.4778845813435483
64728,0.47019504455853117
64729,0.5072352403446043
64730,0.49465103451793513
64731,0.48759557496503114
64732,0.5357576696908308
64733,0.47444904253780684
64734,0.4735309108140719
64735,0.4468544270989032
64736,0.49511389739961187
64737,0.45988560353419045
64738,0.4977731115630913
64739,0.3193295815725319
64740,0.4785890289332708
64741,0.4796578177699726
64742,0.46373036965693004
64743,0.46959993348946427
64744,0.48783147269967964
64745,0.5015326281413214
64746,0.5048131910157301
64747,0.5070118115521869
64748,0.7015893988261299
64749,0.49981963956723685
64750,0.4602566913797919
64751,0.49678052057324734
64752,0.5008630906447155
64753,0.44239782036491476
64754,0.7805054265421402
64755,0.4918701705621293
64756,0.480468327315258
64757,0.36080032662382994
64758,0.50963294009036
64759,0.4559039456089316
64760,0.4634777587592289
64761,0.5075250522250085
64762,0.495238863956062
64763,0.4865721968193182
64764,0.5073166697102217
64765,0.4805153587529609
64766,0.476589087239766
64767,0.49905299179477436
64768,0.49021873967523505
64769,0.4851403210187028
64770,0.4912534402954748
64771,0.48841989655014095
64772,0.48873282534645535
64773,0.35253907654892824
64774,0.742601175086842
64775,0.46867102684251294
64776,0.33201278116577737
64777,0.49562863489904035
64778,0.4848565644337045
64779,0.5008134261216166
64780,0.7725055505648049
64781,0.4793137759818789
64782,0.4975042507524434
64783,0.40346132393023104
64784,0.5075706951374416
64785,0.49110998355746305
64786,0.48452833314538646
64787,0.4753178076011819
64788,0.4475489592306056
64789,0.49697738778647393
64790,0.49704065266390396
64791,0.45879902901779324
64792,0.3266582376128526
64793,0.48265310792148064
64794,0.44266869767768485
64795,0.47360280952609235
64796,0.36129760668985184
64797,0.48610968942847155
64798,0.4934530815144721
64799,0.5077196994679984
64800,0.40045658410134793
64801,0.7953858345113498
64802,0.45414286672386983
64803,0.5113093251972499
64804,0.4821429288999618
64805,0.4472730445186406
64806,0.4785308264105935
64807,0.4731623005829546
64808,0.4532182278523748
64809,0.4623911367236909
64810,0.4329828305979317
64811,0.4571791593482617
64812,0.4386789916318981
64813,0.4800587752977804
64814,0.47327603341780755
64815,0.45570626509658024
64816,0.4638933565288773
64817,0.8038816683987632
64818,0.5410773087606174
64819,0.4516324545323065
64820,0.48764036131646604
64821,0.48235802968029945
64822,0.38112269403470334
64823,0.5914727113823666
64824,0.5040429095330572
64825,0.4530263684489696
64826,0.437117996580784
64827,0.4773470686841757
64828,0.4822154614099769
64829,0.4734018189314284
64830,0.4603062302509613
64831,0.4758911880500306
64832,0.5205060292603667
64833,0.49839117922782894
64834,0.49694834489024864
64835,0.4862612294380225
64836,0.5139629613238927
64837,0.4824594121682382
64838,0.39979128642266926
64839,0.47918732351725984
64840,0.48546370834633623
64841,0.48583593108310685
64842,0.822308580682069
64843,0.4550833351656691
64844,0.4622566089847828
64845,0.47850764437473153
64846,0.4956382116180985
64847,0.49010558780287694
64848,0.43981969611468663
64849,0.4576095167354121
64850,0.4987893720817264
64851,0.49303717115981693
64852,0.5328909941865779
64853,0.4791657053185199
64854,0.5254936492519924
64855,0.4573651526480957
64856,0.47883359946060644
64857,0.4579613560940665
64858,0.43413408748450216
64859,0.4634179730515381
64860,0.48399445226854065
64861,0.4898394010511774
64862,0.49821926669610056
64863,0.45594328286494845
64864,0.46832486133612594
64865,0.3363285307120692
64866,0.437613480726588
64867,0.48025177658337254
64868,0.447386040718353
64869,0.45993910249588976
64870,0.49139343711459954
64871,0.45882447595004794
64872,0.47777532440928205
64873,0.4810849877771013
64874,0.46451624488631754
64875,0.5090703366490794
64876,0.4773593435735337
64877,0.496509579845692
64878,0.4478609926090325
64879,0.5118338376529581
64880,0.4738375052996253
64881,0.5096029710212869
64882,0.5144135107516528
64883,0.486334557505362
64884,0.5201292655278454
64885,0.49076495604180753
64886,0.44304100778424166
64887,0.48422343919989663
64888,0.49297752788415566
64889,0.5094044554903282
64890,0.4947162733493674
64891,0.7171785283047134
64892,0.4853747109939933
64893,0.4389528350190366
64894,0.45038799869378643
64895,0.5248469608869055
64896,0.4630903102547642
64897,0.20309188223171556
64898,0.37549261935348455
64899,0.31183994951586375
64900,0.484405473761145
64901,0.4849523805961029
64902,0.4094404263382061
64903,0.7032353142055885
64904,0.5033993803504623
64905,0.5151237930923875
64906,0.5045448913384005
64907,0.4875848683506452
64908,0.501813267805951
64909,0.4922964264630235
64910,0.4796482892640964
64911,0.3986521903570835
64912,0.4734449547025396
64913,0.4925892264695775
64914,0.4868297669236593
64915,0.48426524089832806
64916,0.5149967083129702
64917,0.4517435707843043
64918,0.4852095543241648
64919,0.4830382472095972
64920,0.45440941050967176
64921,0.4881523076840726
64922,0.4689933968593364
64923,0.8142809620330171
64924,0.456529150456521
64925,0.48268380844280423
64926,0.2109537501353435
64927,0.44635956822548184
64928,0.4589411224464266
64929,0.4964226777870083
64930,0.5027254535456959
64931,0.47382372788155486
64932,0.45364160817533195
64933,0.44935465965550436
64934,0.4901600722050905
64935,0.4896176389474598
64936,0.5067015264756862
64937,0.4810614979943456
64938,0.46287771598638133
64939,0.4922615443845536
64940,0.49903111454527505
64941,0.3175996261089477
64942,0.48159373857789634
64943,0.39371705381194966
64944,0.3600973542860142
64945,0.496626618461354
64946,0.581264132870483
64947,0.5118933768151493
64948,0.43218864768790966
64949,0.48365641197420534
64950,0.7275321847295557
64951,0.5069604723554674
64952,0.5225141376407199
64953,0.7642227946342176
64954,0.5083328956468401
64955,0.5187548725502082
64956,0.6101857213343556
64957,0.45402520742961183
64958,0.8083059708533404
64959,0.4972182671760519
64960,0.4743799995644346
64961,0.5175651197725386
64962,0.4573882526918257
64963,0.45455366493913096
64964,0.5154937413808868
64965,0.4118441214154891
64966,0.5053652237981534
64967,0.7905868394777267
64968,0.4655083507385209
64969,0.5026613654578158
64970,0.49022110546485687
64971,0.4600801098106601
64972,0.49002934456831576
64973,0.4735560824686494
64974,0.5116296560024143
64975,0.4928921755159654
64976,0.4620549368744171
64977,0.4801698537199117
64978,0.44536377563327073
64979,0.7218599677602238
64980,0.5118799324926702
64981,0.48066029872674676
64982,0.4816098468451111
64983,0.49334117285521817
64984,0.44274715211918
64985,0.3648902452453288
64986,0.517512875625779
64987,0.4568030023939261
64988,0.48178095953219424
64989,0.5061704742442806
64990,0.48292124141751075
64991,0.504357169717384
64992,0.4839047819515162
64993,0.4832901056169469
64994,0.49863689328728145
64995,0.39675268107339934
64996,0.4640203471476011
64997,0.4842565385717196
64998,0.4767827263655632
64999,0.4659458098913687
65000,0.4724333175891685
65001,0.48321029002990995
65002,0.5678203863116135
65003,0.5020814217259862
65004,0.508466406471363
65005,0.4685772517025929
65006,0.4761755093264954
65007,0.5207992119176248
65008,0.39019945332035627
65009,0.4857658364313642
65010,0.4749146230814195
65011,0.5180459139707452
65012,0.4781429576573362
65013,0.4671974023689941
65014,0.4685269330444635
65015,0.6785638348148026
65016,0.48176383736187284
65017,0.48277271788401144
65018,0.46533373258831345
65019,0.4726868935809294
65020,0.49295686677787154
65021,0.43744007694721887
65022,0.5549060111955968
65023,0.5014896677937494
65024,0.5032429961176265
65025,0.5160363579542122
65026,0.49711193248581165
65027,0.5014562306449649
65028,0.48979875520722593
65029,0.4503469382779943
65030,0.3936898488615487
65031,0.47393771144557983
65032,0.49614023507463395
65033,0.48304253814773934
65034,0.47658368331210765
65035,0.4664023468037506
65036,0.48388565106692605
65037,0.4571125041332773
65038,0.49166402859446423
65039,0.4907941266278113
65040,0.4793047514090972
65041,0.4746250246075393
65042,0.5039664564714728
65043,0.5096310624256333
65044,0.46922455048223355
65045,0.4981379746096629
65046,0.492718283541724
65047,0.46764612072135636
65048,0.4948564675834686
65049,0.48284205871701247
65050,0.7612201987507821
65051,0.47838454819025755
65052,0.5116923026553453
65053,0.3360853297616282
65054,0.42044836332634233
65055,0.46274031753952966
65056,0.4419223855902856
65057,0.4930687578130627
65058,0.4752179797831353
65059,0.464057716618924
65060,0.47034309409597574
65061,0.4731508001152358
65062,0.46690103817739315
65063,0.4952149770440072
65064,0.5122333278438016
65065,0.49998374238208393
65066,0.46492086999757637
65067,0.48316414526828133
65068,0.3170233929630599
65069,0.48079242387078747
65070,0.47444279393999544
65071,0.44649104938928863
65072,0.4950001761211693
65073,0.44916554343599696
65074,0.7427118627966979
65075,0.47924424126509935
65076,0.5193738650225532
65077,0.4779825407662449
65078,0.5186153037383825
65079,0.46887635536444994
65080,0.5011724491226082
65081,0.452502599418495
65082,0.4505124651548851
65083,0.4323874452576764
65084,0.36514691222218565
65085,0.4743875775457913
65086,0.47019904851786537
65087,0.48399942929434564
65088,0.459081688009583
65089,0.47038749077720515
65090,0.49870435784265854
65091,0.4972825491762689
65092,0.44356519894504487
65093,0.5123984765926247
65094,0.4909232867146197
65095,0.48477655682590254
65096,0.30054983384053663
65097,0.7949727564236484
65098,0.46544790885942455
65099,0.7603623874463137
65100,0.48355482583862824
65101,0.5102043933902687
65102,0.3629667359816359
65103,0.34306225802775836
65104,0.4884466710187515
65105,0.1517447912472511
65106,0.46742593986295755
65107,0.44389336505394317
65108,0.47305907208113684
65109,0.5273561255975745
65110,0.4909583618085245
65111,0.47956178866582394
65112,0.5075183832032468
65113,0.252819469809392
65114,0.476158670794082
65115,0.49698128409028147
65116,0.4618217947468839
65117,0.5073831219204988
65118,0.3126693991672047
65119,0.49581661369167584
65120,0.4707723826891718
65121,0.47780758751138364
65122,0.4720290258304712
65123,0.46175778010900076
65124,0.4738797621307177
65125,0.48506499579275897
65126,0.46166382452650356
65127,0.463162595741104
65128,0.4904702994227278
65129,0.4805841736531358
65130,0.46122242056212953
65131,0.34518264657774933
65132,0.4003049115860008
65133,0.4526105344444203
65134,0.49618861885627685
65135,0.47586552618296074
65136,0.37761496679989437
65137,0.4558767985319623
65138,0.4729062182803274
65139,0.41709482899366723
65140,0.46906891610731327
65141,0.5022775962430883
65142,0.4966340942346742
65143,0.3550662957564369
65144,0.4845275177246978
65145,0.462400613380274
65146,0.4770034603527268
65147,0.46763632285307793
65148,0.49783497033526536
65149,0.46020433362545454
65150,0.46458534418314923
65151,0.4961611778218402
65152,0.43274876933172657
65153,0.5112595137822765
65154,0.4750812503151083
65155,0.42274486721221155
65156,0.5227628527629041
65157,0.508188804327875
65158,0.4859465041488693
65159,0.4508556674473634
65160,0.4712159860834808
65161,0.48633513347214274
65162,0.4759050305454899
65163,0.3540098526425595
65164,0.43945747009726194
65165,0.46196430890036266
65166,0.4805907355475071
65167,0.4741981552094364
65168,0.49802004127237154
65169,0.4688196103505224
65170,0.49603799403900917
65171,0.48274266127192045
65172,0.44444564795424446
65173,0.487803228661461
65174,0.6326111015925131
65175,0.474248063208365
65176,0.46152170844882434
65177,0.4787921435360421
65178,0.5481559969599655
65179,0.4968512323222764
65180,0.47141356215644503
65181,0.41063327073198974
65182,0.4567667401682022
65183,0.4797357217322128
65184,0.4804572875538092
65185,0.49665527151610767
65186,0.47394244760597465
65187,0.36254608676681505
65188,0.4862694729360636
65189,0.30394021859383624
65190,0.2594133775918475
65191,0.46043833746096546
65192,0.4923822310491799
65193,0.4895600353486593
65194,0.4768736211804213
65195,0.4807460006443724
65196,0.47764857137640204
65197,0.24867807486793572
65198,0.4877006974109567
65199,0.48762878941863896
65200,0.45863265439353457
65201,0.5038108280551646
65202,0.5079888783476778
65203,0.47317791710563883
65204,0.5106407356621337
65205,0.4651852126803824
65206,0.4813577759412437
65207,0.48272384622380116
65208,0.46581835539829014
65209,0.4948641832252493
65210,0.3429076933990742
65211,0.47159601913167004
65212,0.4855365276302806
65213,0.46210523502008694
65214,0.45003235619454574
65215,0.48626031154277743
65216,0.5084885304761004
65217,0.4928796419747222
65218,0.45893321287295963
65219,0.5172736159222303
65220,0.45189742065819116
65221,0.4959432512685662
65222,0.4649855730134284
65223,0.4916774826145436
65224,0.4583866791939417
65225,0.5160401420769889
65226,0.49372081813174845
65227,0.5084329776346953
65228,0.4842319821140753
65229,0.40565097653267534
65230,0.19372528809859144
65231,0.4735357440428589
65232,0.510077777718946
65233,0.5008773116023435
65234,0.49967963678929306
65235,0.40704967806168135
65236,0.4822189472023597
65237,0.4886314558675446
65238,0.4871785878883874
65239,0.48900746109381005
65240,0.4880913155900936
65241,0.4984585556047236
65242,0.4490111179739806
65243,0.5308120346098275
65244,0.49459154259037535
65245,0.4621772075587186
65246,0.48171768153115313
65247,0.47800237283503
65248,0.4894516110389834
65249,0.4972210439812062
65250,0.49281735586142383
65251,0.4787869786886474
65252,0.4901749661454369
65253,0.5009019036643909
65254,0.4769779123754551
65255,0.42150460187324645
65256,0.4883903213094598
65257,0.46373610858663195
65258,0.5052322522491065
65259,0.4578447579192565
65260,0.478590760206319
65261,0.46335432363878404
65262,0.4823509039525471
65263,0.3694864288177392
65264,0.4504280115876768
65265,0.3264071185802905
65266,0.4723926484815939
65267,0.46671469722439446
65268,0.5834755826380408
65269,0.4264468453577706
65270,0.34205534909531665
65271,0.4812050816974555
65272,0.49775118083290065
65273,0.47195706185138075
65274,0.4988533224467532
65275,0.49501641707863503
65276,0.4277926378770836
65277,0.35990286083199907
65278,0.5026530960134848
65279,0.5020376882958673
65280,0.47915523467102666
65281,0.52075991187851
65282,0.46097783868301756
65283,0.44294298074941313
65284,0.4823823073639667
65285,0.42318931766855106
65286,0.4564892439040743
65287,0.49013184957201306
65288,0.5039993707475389
65289,0.46940553619678654
65290,0.49709228642584524
65291,0.4940210938759645
65292,0.4819772532189405
65293,0.49734981918551235
65294,0.4186350128600763
65295,0.5094571551448626
65296,0.5016456561494328
65297,0.47493199521617635
65298,0.43133573532377084
65299,0.4966832679946175
65300,0.4726897034132452
65301,0.4834951502638658
65302,0.5144276384870939
65303,0.4686081877593882
65304,0.4234110483261656
65305,0.5147980883212491
65306,0.4979319264004972
65307,0.8114596185335929
65308,0.5090237234868181
65309,0.46215418432260663
65310,0.46891402248179664
65311,0.4905567899451597
65312,0.4415771456710324
65313,0.4832326059929908
65314,0.38927831876062435
65315,0.48501431578126036
65316,0.43129405315683855
65317,0.46406136547318283
65318,0.4753358377835579
65319,0.5014457006108194
65320,0.37709531993027395
65321,0.4525302590183379
65322,0.47275899546575295
65323,0.4666148738864669
65324,0.48668009904479353
65325,0.4741191302996256
65326,0.3869726523273319
65327,0.5052738442124564
65328,0.48604630545732735
65329,0.5016487268769658
65330,0.4894644946919711
65331,0.47657053803768057
65332,0.3619022371249859
65333,0.3593316041971829
65334,0.49623249145160264
65335,0.45619212686561933
65336,0.509180114453087
65337,0.4668939505112349
65338,0.8068412290715947
65339,0.5016115529856656
65340,0.5134428026351652
65341,0.46540848324402717
65342,0.4365392277499699
65343,0.5089992807293441
65344,0.48018911449672463
65345,0.4725728607461897
65346,0.48851206337128006
65347,0.4444351296936774
65348,0.4754569087380599
65349,0.47383623064932223
65350,0.2998814347244608
65351,0.4488646838710381
65352,0.4675980919090753
65353,0.49999502355470193
65354,0.3476170012220106
65355,0.47364686342506623
65356,0.46669651272773294
65357,0.5036449844375891
65358,0.4787117117805193
65359,0.4988347553609159
65360,0.4281330477549406
65361,0.5319093600272181
65362,0.4445089647436562
65363,0.4869360592497699
65364,0.5060222511448712
65365,0.4766718488910818
65366,0.5018647190720704
65367,0.4706920630861952
65368,0.4858711045842117
65369,0.46138408100950057
65370,0.4589705942950584
65371,0.48124841783205125
65372,0.49710512471928037
65373,0.4887257611571205
65374,0.7772897335939388
65375,0.46984040415187567
65376,0.4953362031624456
65377,0.4765316812192231
65378,0.48169538530845774
65379,0.48644542189433065
65380,0.4769738314489068
65381,0.5124988816467307
65382,0.46100502407106503
65383,0.21244122784866118
65384,0.45308509970626987
65385,0.3767528326499714
65386,0.4815019893379069
65387,0.46527879398647654
65388,0.4895579621914016
65389,0.49332962360557564
65390,0.3193527269172981
65391,0.477717899550943
65392,0.3165304544421984
65393,0.34295818845769
65394,0.517376483426779
65395,0.49199013240595935
65396,0.46711414707341703
65397,0.5166899694649072
65398,0.47799194928383393
65399,0.49387138518292817
65400,0.47973817781715156
65401,0.46395660471415356
65402,0.45111771863737604
65403,0.48183509446067463
65404,0.49642349630614413
65405,0.46613898077684524
65406,0.45562785073103845
65407,0.6115077581786137
65408,0.42121290142128653
65409,0.5022241980087102
65410,0.4915857671007553
65411,0.505560637088996
65412,0.48783061209276085
65413,0.5163438896104728
65414,0.5202378456838048
65415,0.47996817837838374
65416,0.47456800478417016
65417,0.4688266723184273
65418,0.47307871496603815
65419,0.37681838603960743
65420,0.4901362908953262
65421,0.48942626875219486
65422,0.4579334370184211
65423,0.5384880196883318
65424,0.35420167813053827
65425,0.4778755286024938
65426,0.4434313050687774
65427,0.6905680980242253
65428,0.4672002581115896
65429,0.5118545162489109
65430,0.37644913541101055
65431,0.464329693652045
65432,0.48178583116998785
65433,0.49187300204703965
65434,0.4523647407416719
65435,0.43951340521385573
65436,0.4835166450095171
65437,0.49762496198113026
65438,0.5029379831047631
65439,0.45543529769768654
65440,0.4793977121501084
65441,0.5045342752870831
65442,0.477836360391655
65443,0.4855529810842442
65444,0.4733119245201889
65445,0.47128612455792546
65446,0.47980655603837863
65447,0.49184798828377035
65448,0.48648071185318076
65449,0.7389313514258017
65450,0.49423602248439336
65451,0.5029428076246559
65452,0.42595001926958836
65453,0.5023707356188807
65454,0.4164312208615566
65455,0.4858723502426477
65456,0.48679942148478683
65457,0.3288178695751668
65458,0.5075984242214956
65459,0.44375848257200584
65460,0.46919647777610557
65461,0.4850980438868694
65462,0.3595652864957509
65463,0.4786579737604243
65464,0.4818587115451938
65465,0.48168564988180684
65466,0.45016961992729726
65467,0.5109293010937375
65468,0.476419217472412
65469,0.4766757425898901
65470,0.4584001940976737
65471,0.46832042063292045
65472,0.46479101362615316
65473,0.482324040969517
65474,0.48999901630583653
65475,0.5051205836591541
65476,0.48084761597039305
65477,0.29310666834517574
65478,0.42494479254807
65479,0.49653284870811365
65480,0.44098958213729655
65481,0.4837480736632067
65482,0.3740816500431431
65483,0.5200595917098338
65484,0.46089590261771973
65485,0.8286177055422264
65486,0.5096921432785944
65487,0.47994529236310385
65488,0.46831717702308734
65489,0.42780451683958687
65490,0.46518618660255784
65491,0.47066786981370456
65492,0.31249203729438324
65493,0.318262399815623
65494,0.48421644281625703
65495,0.4791459449783198
65496,0.4866449263610275
65497,0.41517365229095216
65498,0.4615147343358794
65499,0.493253507431093
65500,0.48894006402045515
65501,0.4933266174206015
65502,0.4838121660285507
65503,0.490261791663279
65504,0.4823376231758856
65505,0.5121411109122971
65506,0.45759496458901017
65507,0.5255673021417925
65508,0.44658487873088776
65509,0.5028559684940319
65510,0.5031083009404685
65511,0.4652479947454771
65512,0.31681982005009823
65513,0.48388777849906395
65514,0.5263323701959322
65515,0.47958578817037
65516,0.4904124901996084
65517,0.45128484081551484
65518,0.4854491334115011
65519,0.4698566168133273
65520,0.4591541708768965
65521,0.5003014108739002
65522,0.8393115657314643
65523,0.4818875744288805
65524,0.5091490770393833
65525,0.43382873440861336
65526,0.48325134481867926
65527,0.4539607121262621
65528,0.49169441192340224
65529,0.7489201381175976
65530,0.4925276833148261
65531,0.4395568279018658
65532,0.4781131623088375
65533,0.4692767219650489
65534,0.49353163757281376
65535,0.45488463288527514
65536,0.4659321645831994
65537,0.45639717907948324
65538,0.4705334329413004
65539,0.49690805645295316
65540,0.4606366589770472
65541,0.3657843772988606
65542,0.4752781397220085
65543,0.46285220214499506
65544,0.492510921194644
65545,0.472879951116243
65546,0.522812330625041
65547,0.4694962019122385
65548,0.4977205856857565
65549,0.2585561809344993
65550,0.48299424435258076
65551,0.488772118982604
65552,0.4873373743049756
65553,0.4926221238162271
65554,0.3554619596330093
65555,0.3468833434213713
65556,0.46574347218155
65557,0.46977046552161317
65558,0.45017948165262617
65559,0.4879032707146743
65560,0.46666492739811216
65561,0.4054316319454151
65562,0.4736704239789248
65563,0.3810360891450257
65564,0.468888175078212
65565,0.45542816328956687
65566,0.4831138701172144
65567,0.48362885328614136
65568,0.47063252464411726
65569,0.46173695586882757
65570,0.4595765548897534
65571,0.47944081363593893
65572,0.5071611596224914
65573,0.4591653094898296
65574,0.4908350639780518
65575,0.4499563699035597
65576,0.7959383347009361
65577,0.4903610732219836
65578,0.49362375868058117
65579,0.49197093845543577
65580,0.5122906018257197
65581,0.4911504792456484
65582,0.4734008163475948
65583,0.4888746148113336
65584,0.3614422033069593
65585,0.4611129775550007
65586,0.4824694522506975
65587,0.47257221055111404
65588,0.4631337902800631
65589,0.48731564746566386
65590,0.4657560571639435
65591,0.4792521042917457
65592,0.36459098960225883
65593,0.33576396233797
65594,0.4250505030222475
65595,0.2946435257666232
65596,0.47835981288890694
65597,0.4638387307202133
65598,0.5111569502090934
65599,0.49486857010202145
65600,0.46999232760535997
65601,0.5030514837782332
65602,0.47201172775059985
65603,0.4810345459253353
65604,0.47279063416029815
65605,0.49005421627527435
65606,0.4798929946534867
65607,0.4596370984639032
65608,0.49569170450144334
65609,0.5154683730103972
65610,0.4927775907434341
65611,0.784482814346776
65612,0.4521025032557274
65613,0.49223112805873903
65614,0.763111693008025
65615,0.48704349158132293
65616,0.47096796838774596
65617,0.50383996730498
65618,0.49734676596918065
65619,0.5040121402656105
65620,0.5012659449420128
65621,0.4970674343867989
65622,0.47190047337791224
65623,0.5044922809019026
65624,0.44097366141948496
65625,0.4664318024418859
65626,0.4979765213499292
65627,0.4602983422255248
65628,0.45289194642971514
65629,0.3310030377489756
65630,0.5191188306116595
65631,0.48703804992687216
65632,0.49673273319839717
65633,0.4573021539459441
65634,0.4589702901080902
65635,0.45903759105404984
65636,0.4302828646613616
65637,0.4581547744011932
65638,0.487458202494012
65639,0.12984258646676666
65640,0.4499421193519786
65641,0.4884792587690267
65642,0.49552393602704814
65643,0.4923347384546459
65644,0.46030111436267107
65645,0.5014480518530138
65646,0.4994506856120972
65647,0.532621118293051
65648,0.49846135653297097
65649,0.46854926329586477
65650,0.4955999320741059
65651,0.4953658268659576
65652,0.5085187835785552
65653,0.4844759633136249
65654,0.4766200921911972
65655,0.3822427732811236
65656,0.4665347010030183
65657,0.5029331820538089
65658,0.48231804282757473
65659,0.5254158025648159
65660,0.48481395759083534
65661,0.48266503929744475
65662,0.39895388701079965
65663,0.48126199160471717
65664,0.48501212098186974
65665,0.48411098133360986
65666,0.47097446431866075
65667,0.45552603855580776
65668,0.48000687906355066
65669,0.4709580732080936
65670,0.46608438917905337
65671,0.46644193026226144
65672,0.4752377822381098
65673,0.4334356211487618
65674,0.5495078754021618
65675,0.4969411510045954
65676,0.8038884001738253
65677,0.5068419140597779
65678,0.47626746344524584
65679,0.29939846092890177
65680,0.515886485177064
65681,0.4612800151243562
65682,0.5008718327075933
65683,0.465002514946628
65684,0.4690743470492187
65685,0.31205061450569266
65686,0.8136587887524458
65687,0.487955259102733
65688,0.4788835046629866
65689,0.5404113825575458
65690,0.5031268104368839
65691,0.4936382693814025
65692,0.49122529506148704
65693,0.7664473142897784
65694,0.49524638815130584
65695,0.4884603932370218
65696,0.45124472192631426
65697,0.5174181520986125
65698,0.47293183894152835
65699,0.5164429664752502
65700,0.3388702959227209
65701,0.4648788190841612
65702,0.49850944297312394
65703,0.45263075114661494
65704,0.5584234793688952
65705,0.49673912958834743
65706,0.5053592957762564
65707,0.3627083269862182
65708,0.5191723345952768
65709,0.524297724677729
65710,0.4922554728264542
65711,0.45832430519697936
65712,0.4647125808137999
65713,0.4474500344819142
65714,0.4636934179765726
65715,0.5036910869268373
65716,0.45660684884913944
65717,0.497964110195177
65718,0.5385693279554706
65719,0.4961512907478304
65720,0.4779562134785559
65721,0.46927487991948397
65722,0.46774705701245184
65723,0.4515573892264887
65724,0.5037001182169301
65725,0.3856344047396274
65726,0.46554913706908535
65727,0.5303549334074812
65728,0.4713433400874403
65729,0.3880361453485476
65730,0.4345598011352506
65731,0.4606351182470204
65732,0.4759721861347271
65733,0.4898197581667194
65734,0.4772074875122602
65735,0.5102369263811283
65736,0.3939859636239071
65737,0.3217075233155483
65738,0.4938203785047083
65739,0.5242457532000291
65740,0.36882368736984517
65741,0.49721984414947806
65742,0.517786250990843
65743,0.49401345650544837
65744,0.4687623738778226
65745,0.45189910843010184
65746,0.44618451122749975
65747,0.8314264546511435
65748,0.4679496246406172
65749,0.5057667266230405
65750,0.36554384517240573
65751,0.5100448417282469
65752,0.45571908026745367
65753,0.5102739212124456
65754,0.3166950950170825
65755,0.47829574718034873
65756,0.5266335134008315
65757,0.46021760051290195
65758,0.4735352794037045
65759,0.503513097613791
65760,0.4909271638662691
65761,0.4971420559968348
65762,0.4411212562668622
65763,0.49100622814656114
65764,0.4848093493152319
65765,0.47873134039513615
65766,0.5380876018191623
65767,0.4807403589650132
65768,0.781167019545026
65769,0.48019825168582964
65770,0.4607161883125792
65771,0.47771011082040016
65772,0.45804908912664277
65773,0.5211124205652864
65774,0.5110006036632402
65775,0.49561575806139574
65776,0.48219200128785394
65777,0.4902197030920946
65778,0.48145332955350145
65779,0.4622302635258092
65780,0.45401721540777507
65781,0.4832506893334422
65782,0.35116662822111233
65783,0.48580339268533823
65784,0.4472636799884936
65785,0.48532482919784087
65786,0.44908717790899755
65787,0.5199872966641926
65788,0.4176857950562984
65789,0.4687530495125608
65790,0.5104906209330564
65791,0.8160972194819707
65792,0.48203330096760233
65793,0.4771489941135277
65794,0.341624854194224
65795,0.5122824985156333
65796,0.5036774094311782
65797,0.4556331059172405
65798,0.4722726715967571
65799,0.5083465528220891
65800,0.4726649595090231
65801,0.48318286045627556
65802,0.46289714645101043
65803,0.48661622042948993
65804,0.4757066742982042
65805,0.3639361520756305
65806,0.4694121157092708
65807,0.4551161005924347
65808,0.521636672625413
65809,0.46913410740291456
65810,0.5024513994115526
65811,0.4783300713391674
65812,0.4962157287942228
65813,0.5271337935749777
65814,0.4971935966472317
65815,0.40560805874481
65816,0.30529792322896143
65817,0.49667573818651145
65818,0.49828644732919164
65819,0.47928345575803344
65820,0.4165187349769336
65821,0.7223994199597623
65822,0.5164962159855773
65823,0.6550796548523895
65824,0.5035964193442795
65825,0.393396501788842
65826,0.3155354130442869
65827,0.47896638917321266
65828,0.49449291517934446
65829,0.49492106407929104
65830,0.5326838497609891
65831,0.7975757797442264
65832,0.19228975725000574
65833,0.7587507554682698
65834,0.3431927197904122
65835,0.4798803991550884
65836,0.4599930882914812
65837,0.4595879463381164
65838,0.516982519344375
65839,0.5044598210291851
65840,0.48382632263452985
65841,0.4824779210600815
65842,0.49508749165128474
65843,0.48128906807103855
65844,0.4811819464804703
65845,0.49478514001351537
65846,0.4649258139270529
65847,0.354097668020465
65848,0.48224454831514363
65849,0.4713606377767305
65850,0.4852234107924136
65851,0.48345045494515343
65852,0.5003021211593641
65853,0.45149017573281447
65854,0.4730686938995384
65855,0.4781765721414659
65856,0.5047085697388246
65857,0.4600148095566687
65858,0.48286410685251707
65859,0.4973543200048086
65860,0.5040129072327862
65861,0.4647034486898489
65862,0.5396672025140039
65863,0.46923680969106296
65864,0.4813291791062494
65865,0.3640167619061318
65866,0.49589844740948896
65867,0.4914394702631753
65868,0.4921824278575122
65869,0.4632410555469219
65870,0.4487928980522002
65871,0.49335046328692966
65872,0.4759045767434297
65873,0.484425153289066
65874,0.5073584045070181
65875,0.46421564397611537
65876,0.4630976427797109
65877,0.49737240046677
65878,0.49719165196628506
65879,0.4909536764981533
65880,0.4973744428980848
65881,0.4389870542478347
65882,0.4815232724111659
65883,0.4175480363370042
65884,0.4876217006421155
65885,0.4712667902900679
65886,0.48366268455955685
65887,0.5041219657360237
65888,0.3761407658112821
65889,0.48427291337722483
65890,0.5314003466765594
65891,0.4745575805674096
65892,0.4812168440051005
65893,0.4732988565131583
65894,0.5166926218238872
65895,0.2093061005723982
65896,0.47964808721326424
65897,0.5072282272378399
65898,0.4963969436444041
65899,0.4839418222108921
65900,0.6299943338507389
65901,0.4668603690372415
65902,0.5014713143691787
65903,0.4771082309059675
65904,0.4990236353387102
65905,0.33631258659690694
65906,0.5316396599585277
65907,0.5013752475235552
65908,0.46274149411004495
65909,0.4634581829894666
65910,0.3726384275654871
65911,0.5001899404133953
65912,0.5114563186955755
65913,0.48330179160871195
65914,0.49568106756759056
65915,0.6091936104135252
65916,0.49873510238409424
65917,0.4791260823947011
65918,0.7546836519586395
65919,0.507169741029968
65920,0.47932747687477967
65921,0.48451665239801867
65922,0.6056849004942106
65923,0.4905996847653232
65924,0.4582357584531437
65925,0.5972352035202982
65926,0.4720077743710983
65927,0.5193910194045667
65928,0.4913298817977832
65929,0.46877774481167733
65930,0.4208161310713957
65931,0.489245873600111
65932,0.4775513512359757
65933,0.5056537540532915
65934,0.4648140764616151
65935,0.4760417022496303
65936,0.46253956162952437
65937,0.45526711224402366
65938,0.4808677393994236
65939,0.4796323483145329
65940,0.46085383885085673
65941,0.46205122333660537
65942,0.20642470546567587
65943,0.4785986597761738
65944,0.5099831289215284
65945,0.47863859249265894
65946,0.48852505527118356
65947,0.4836498713250661
65948,0.4666184423507937
65949,0.4771393668948205
65950,0.46245326101346645
65951,0.5103754198026311
65952,0.49033596530843315
65953,0.4513100878053241
65954,0.4426396414190654
65955,0.48525933647809116
65956,0.4578788984286559
65957,0.41328022972340817
65958,0.5704600210277655
65959,0.47321618359085105
65960,0.4539008118095989
65961,0.4917848015968249
65962,0.44463903016433093
65963,0.2889315435170776
65964,0.5949716776416692
65965,0.4281081796277565
65966,0.4724853085702693
65967,0.5059602076413147
65968,0.4993249462189613
65969,0.453123808675614
65970,0.47415205905535973
65971,0.49082431467561277
65972,0.4729982260017681
65973,0.482864301607122
65974,0.5008258294573914
65975,0.5409899604192929
65976,0.4357411668516814
65977,0.4792772715329528
65978,0.7957557477277031
65979,0.4410023016748744
65980,0.494466332970558
65981,0.4655556503522172
65982,0.5031895493107574
65983,0.49730820727149744
65984,0.4676079551924077
65985,0.4783583308956772
65986,0.5077608999410075
65987,0.4884590221957761
65988,0.48017405856424455
65989,0.4790705984031648
65990,0.4683847302711127
65991,0.5144975567771993
65992,0.5154819406648572
65993,0.49516530286744753
65994,0.3627325445985462
65995,0.3416731623748633
65996,0.41978042879312694
65997,0.38455931399257254
65998,0.5364727954061944
65999,0.46539442674278286
66000,0.5132778613726219
66001,0.49721742372335365
66002,0.4859635971294915
66003,0.4628467927130455
66004,0.479721311113402
66005,0.4673548389095482
66006,0.5255439405695278
66007,0.3339434153595165
66008,0.48668680912887563
66009,0.5492949719325473
66010,0.49205086316863594
66011,0.4926663779222259
66012,0.49508202229202836
66013,0.4535843193623606
66014,0.4861605449267333
66015,0.47926781000054186
66016,0.48853813902078597
66017,0.4712602475656667
66018,0.50109685140587
66019,0.47414264072769174
66020,0.46395160374981415
66021,0.5091018663123158
66022,0.4257410694576419
66023,0.460298848082215
66024,0.4596627302327604
66025,0.6524614280684233
66026,0.45916708638133324
66027,0.37277984160795646
66028,0.5101560316681122
66029,0.4773718912997627
66030,0.4524696199967485
66031,0.48132485599811736
66032,0.46868313562889996
66033,0.4528183969290693
66034,0.4485282974226924
66035,0.46083627409773414
66036,0.4757721182413115
66037,0.484658472749005
66038,0.5079746685255916
66039,0.4822214820444252
66040,0.4684653183288693
66041,0.46848555568155625
66042,0.4537013606078528
66043,0.48321843489269767
66044,0.45653030748533097
66045,0.46088695006213065
66046,0.49155462197083993
66047,0.5058894166159805
66048,0.48350593114443197
66049,0.4886914606798534
66050,0.4661078900938508
66051,0.40436358632596386
66052,0.46218575841848436
66053,0.5075978472994349
66054,0.3417597164888112
66055,0.4799566463073027
66056,0.4829107037525644
66057,0.3564066675848503
66058,0.5224046024616424
66059,0.5260543055490269
66060,0.5467931180444643
66061,0.3248601382285666
66062,0.3744538442496895
66063,0.7895872913928829
66064,0.4548970808798544
66065,0.5406827852046843
66066,0.4493583340188204
66067,0.3396169024743725
66068,0.4684772007424529
66069,0.46424480414443503
66070,0.46778943747959684
66071,0.41529499218640553
66072,0.47819395842306955
66073,0.49609849587419597
66074,0.4127548272886052
66075,0.4711816528611153
66076,0.4755166630376072
66077,0.4944274061875401
66078,0.466585854933547
66079,0.49542935041977987
66080,0.4880488353845609
66081,0.47795894413560297
66082,0.48673148209007466
66083,0.5009706769373308
66084,0.4894918557809677
66085,0.5188320416660067
66086,0.7829551426042156
66087,0.46340590616314803
66088,0.4860256911015996
66089,0.46999463384211937
66090,0.47589740060406005
66091,0.4988582131460508
66092,0.4515389208078666
66093,0.4314816066099216
66094,0.48014491215881583
66095,0.4694118079427347
66096,0.4252173425373094
66097,0.47048079774414175
66098,0.48085617609441805
66099,0.47556102783893395
66100,0.44735963028254844
66101,0.4928125324612536
66102,0.33663102765643244
66103,0.402746518806075
66104,0.47136646264939297
66105,0.48199792443563005
66106,0.48411225799466745
66107,0.5060402780842603
66108,0.4784396652170072
66109,0.4917810918382377
66110,0.4895308664221203
66111,0.46992963532633236
66112,0.4549934280002012
66113,0.4897754236953722
66114,0.48023853148560003
66115,0.47698924965049405
66116,0.6696245094025468
66117,0.4881634129378021
66118,0.47255721982990473
66119,0.7675014436901644
66120,0.45520981999424426
66121,0.49088321502005916
66122,0.3768528189467287
66123,0.520970496857618
66124,0.49666973924842533
66125,0.5029279594433945
66126,0.45995579762493366
66127,0.46738851329583503
66128,0.4527425859630481
66129,0.4833173569953522
66130,0.4606961500476401
66131,0.5626705369891671
66132,0.4934187575083011
66133,0.5137101879452741
66134,0.4894323595071854
66135,0.49861850452129036
66136,0.7894275009185864
66137,0.510117352543271
66138,0.48191680812236193
66139,0.451927347696796
66140,0.44648178948514533
66141,0.4702470221528733
66142,0.5063593598112665
66143,0.47492881493122363
66144,0.44283328839460784
66145,0.49444999769482334
66146,0.3707678465583765
66147,0.5099142526810416
66148,0.4467634584203184
66149,0.32495624649718413
66150,0.4936006938486885
66151,0.46867530645698535
66152,0.4705679473964714
66153,0.4405190530124867
66154,0.5347567707336183
66155,0.4866198668131707
66156,0.47581647665337945
66157,0.46530694783010595
66158,0.4705601383347933
66159,0.49471279240569316
66160,0.408936218424174
66161,0.46522928939524766
66162,0.48891420813179376
66163,0.46755506821853354
66164,0.3007770227886508
66165,0.441954752732414
66166,0.5040516198212316
66167,0.44602154934822325
66168,0.48844283464203264
66169,0.4838265968238281
66170,0.500786338414573
66171,0.47020379890922953
66172,0.4759902451823359
66173,0.4623457689616205
66174,0.8004067819292647
66175,0.4556386471657089
66176,0.7468751830894989
66177,0.5049158314503217
66178,0.4481648804491657
66179,0.5066833717435514
66180,0.43999099274203607
66181,0.29469580631729675
66182,0.4494857201902085
66183,0.4983212147426116
66184,0.44496557556405547
66185,0.4685590819024382
66186,0.47303401057553474
66187,0.8055281222173516
66188,0.37773892017796673
66189,0.5048513479799572
66190,0.3132089026471838
66191,0.5129078354161942
66192,0.5007545381950014
66193,0.5143435554942766
66194,0.4795201679433639
66195,0.5005165878069847
66196,0.6160670825362458
66197,0.43075948332802844
66198,0.4675766835860662
66199,0.4744677731988326
66200,0.5040409743378254
66201,0.4994514289533026
66202,0.4597576530137721
66203,0.44158972371327193
66204,0.47806918843265667
66205,0.5025068230851358
66206,0.49917391989062937
66207,0.45288746547898767
66208,0.5187957883869042
66209,0.48192628613974337
66210,0.4923434177721329
66211,0.46900018365507556
66212,0.44897960001450443
66213,0.4871708090006861
66214,0.4150319001107786
66215,0.49354926633777685
66216,0.4714924791063967
66217,0.46866349253644196
66218,0.4630572954734208
66219,0.49197409821849813
66220,0.3361761242737031
66221,0.4595519765533328
66222,0.49249839540192897
66223,0.4746370396994768
66224,0.48443624461206836
66225,0.5075409191558022
66226,0.47573058571348986
66227,0.5105109301425407
66228,0.4531309996849263
66229,0.4608585756085585
66230,0.40764000698143155
66231,0.47086904225681414
66232,0.4867068959969198
66233,0.4890935505452597
66234,0.46874003959194577
66235,0.4815247458419104
66236,0.4815113478975562
66237,0.4879160085556911
66238,0.49247022353198444
66239,0.4612507891979073
66240,0.4314736751201571
66241,0.4678359124661856
66242,0.4997131256337818
66243,0.3369831239681984
66244,0.33260732337325477
66245,0.6275417709366784
66246,0.49901667533418737
66247,0.48347251796062013
66248,0.5012765546155131
66249,0.502804743206986
66250,0.47544903970969626
66251,0.5156341553262642
66252,0.36214861678967825
66253,0.473751635385564
66254,0.4742664482873934
66255,0.4769355599751367
66256,0.4578319035891148
66257,0.3678112174243806
66258,0.47246618009011443
66259,0.543590912572605
66260,0.3667320366851624
66261,0.4903752436798149
66262,0.48077132419540214
66263,0.5098326879217847
66264,0.42684562341957877
66265,0.5110146089271275
66266,0.4862071901130668
66267,0.5187015779385058
66268,0.5214700197032897
66269,0.5112676746691855
66270,0.45523959224455296
66271,0.4857279305347578
66272,0.4784642434092073
66273,0.42110968680647887
66274,0.47321814899746556
66275,0.5290675042424223
66276,0.4611327584749818
66277,0.46158445174896
66278,0.3845388361191108
66279,0.34619275523453064
66280,0.4713801242048317
66281,0.4794858570948226
66282,0.49303600531062475
66283,0.5030121365935402
66284,0.36409244060804624
66285,0.48141411077287755
66286,0.48688618829032704
66287,0.5236416548645444
66288,0.39872820096102235
66289,0.5211718715852022
66290,0.32971683343609365
66291,0.4932691530069605
66292,0.4635581466455633
66293,0.44977915271157715
66294,0.43208225875024914
66295,0.5404532706593356
66296,0.4882452050822885
66297,0.49150260331587187
66298,0.7793244725294592
66299,0.4898586019589345
66300,0.500325173332416
66301,0.8241446210341189
66302,0.42611385761852033
66303,0.5084460423222451
66304,0.4823235448273726
66305,0.4896591470047914
66306,0.4689770961638914
66307,0.5025632433336666
66308,0.4954453527223688
66309,0.5296276560872032
66310,0.569714769075551
66311,0.5206444710066925
66312,0.4794954315853989
66313,0.47698499399031385
66314,0.4935061908882823
66315,0.5020415766608984
66316,0.4776800683492128
66317,0.4771365005088609
66318,0.4848308302095146
66319,0.5099209025611311
66320,0.4928243467105861
66321,0.47917195501636295
66322,0.4897006250272552
66323,0.47699887527805684
66324,0.5041200089489342
66325,0.5020249733201747
66326,0.4815763302059636
66327,0.551340557212483
66328,0.4838050453359146
66329,0.4526876826986348
66330,0.48076595655066745
66331,0.4335671675548818
66332,0.5226294106277443
66333,0.5345077116821617
66334,0.4946181686425804
66335,0.49637365117881416
66336,0.4902246317133949
66337,0.48447128369072556
66338,0.4694628044100248
66339,0.48693966592135807
66340,0.4835326100920635
66341,0.4632042345088735
66342,0.4446547432745871
66343,0.47075133225740895
66344,0.46018377710839165
66345,0.47510975609709205
66346,0.5238080529127048
66347,0.46851089318483535
66348,0.464633120534393
66349,0.5042381683498066
66350,0.45973280345367434
66351,0.49887199459074283
66352,0.5077926156368278
66353,0.4730669600213372
66354,0.17764404353867586
66355,0.49196058052297653
66356,0.4755941412353045
66357,0.5214900092162724
66358,0.3813835303596912
66359,0.4239888858307895
66360,0.5304505054275672
66361,0.4819117897098324
66362,0.506820096350859
66363,0.3883201841966002
66364,0.445734880304406
66365,0.5190219743468328
66366,0.4738840985600702
66367,0.5272268701398036
66368,0.5004805816358102
66369,0.5151873555270853
66370,0.48063718618488405
66371,0.46942972899764274
66372,0.4569211592586054
66373,0.4532589798316593
66374,0.4746685615996159
66375,0.5065736672504499
66376,0.48469977228207084
66377,0.7874241104346082
66378,0.4771566430168242
66379,0.3102739678024168
66380,0.47731513560604877
66381,0.7835283587172518
66382,0.37279367471881064
66383,0.5016804357991742
66384,0.457638498593581
66385,0.494235146577544
66386,0.4017551878050856
66387,0.49061695660534765
66388,0.46658806246121054
66389,0.4782317542447272
66390,0.48517730601678255
66391,0.45772868197672123
66392,0.40964031733899314
66393,0.4678722013036304
66394,0.4633267989102653
66395,0.46378417768149793
66396,0.45674519450010975
66397,0.46864176762696974
66398,0.45574756046942194
66399,0.44970909594462555
66400,0.499590428106984
66401,0.4686250111407432
66402,0.4274205812370805
66403,0.3981083365929371
66404,0.49988152253014784
66405,0.4954748907782365
66406,0.46822108106812516
66407,0.4780308238119979
66408,0.44722277593294346
66409,0.4787477606782185
66410,0.5261507672776229
66411,0.5377635518828628
66412,0.4795767357018482
66413,0.757184749145108
66414,0.469429811219387
66415,0.40376070478832615
66416,0.49215326421526373
66417,0.49063389382294775
66418,0.48222241599059934
66419,0.4851512157586241
66420,0.4338354811637326
66421,0.4779729357568583
66422,0.464406733517171
66423,0.7390282532464967
66424,0.5224853530798047
66425,0.4698080607990032
66426,0.4994988204592747
66427,0.33263161099543637
66428,0.51988411769913
66429,0.4937392122839219
66430,0.4971269339391345
66431,0.42050896839104135
66432,0.5143753181522964
66433,0.48856387200021767
66434,0.4965962105411467
66435,0.45674163269473694
66436,0.49574785314918013
66437,0.48741598180418627
66438,0.4573712182781236
66439,0.47523584642116584
66440,0.7887780500402994
66441,0.4691687376285976
66442,0.3600767537670013
66443,0.47557894671266154
66444,0.5038330995013189
66445,0.4854821743558435
66446,0.5426296619101645
66447,0.49179278840245816
66448,0.2904627158333534
66449,0.4572005732886282
66450,0.49379154729860597
66451,0.476696256703739
66452,0.4250682291354065
66453,0.5007435576218793
66454,0.4708245762070166
66455,0.47288289475756246
66456,0.48871898142123354
66457,0.5077447723534021
66458,0.36606822968940467
66459,0.5083729246026867
66460,0.513194681526813
66461,0.4458646127681326
66462,0.7967464852892454
66463,0.45562468597199124
66464,0.7670874943168526
66465,0.511025056453126
66466,0.7933766279201948
66467,0.4916090756608037
66468,0.475685397892837
66469,0.49930248768654917
66470,0.8101447504663901
66471,0.48943038830563157
66472,0.5022186281568027
66473,0.3809131184777397
66474,0.47627555257582527
66475,0.49812980148889935
66476,0.5016219401490152
66477,0.4933460021499189
66478,0.44961390137581064
66479,0.3433947190762473
66480,0.43889289722792324
66481,0.5123510587963037
66482,0.46241549653879255
66483,0.4734476317608588
66484,0.4938789683609137
66485,0.4917864363762614
66486,0.4977200761533148
66487,0.4701816033644874
66488,0.4839308370915823
66489,0.48969046526232496
66490,0.4609900854972405
66491,0.49926336528303694
66492,0.47705347222646216
66493,0.4924587528668492
66494,0.4450288126392624
66495,0.5043870605506109
66496,0.7927245069315991
66497,0.43896071233439254
66498,0.5141098586474634
66499,0.4931334820678277
66500,0.5250687505126974
66501,0.49095906936044315
66502,0.4547941934753367
66503,0.4611700593360337
66504,0.3180504331335371
66505,0.46333142396696514
66506,0.47847777467881025
66507,0.4471515610117665
66508,0.4562279934029597
66509,0.4641915950423041
66510,0.5243227959128478
66511,0.4868822108143408
66512,0.5055421237311093
66513,0.5293281871178216
66514,0.4792964906203144
66515,0.4814440640549231
66516,0.6613230182621875
66517,0.477653600733545
66518,0.4712572116026241
66519,0.4541695541342762
66520,0.49538663417201856
66521,0.44677909127897775
66522,0.4773570860083537
66523,0.4862250511713031
66524,0.47949940432235316
66525,0.37372563963784866
66526,0.4739319877766103
66527,0.48899385710064935
66528,0.479283066377889
66529,0.46152076264462294
66530,0.48850118910411555
66531,0.5095867590190818
66532,0.4963162424381947
66533,0.5012131512766016
66534,0.3207665295334919
66535,0.48921957549445044
66536,0.4748245813537593
66537,0.5137138946878675
66538,0.45360154155806787
66539,0.46298041921002264
66540,0.4762436995367617
66541,0.49518768724667095
66542,0.4287117581796175
66543,0.4143939640143244
66544,0.4713224905994101
66545,0.5041457613664384
66546,0.4696336051413483
66547,0.492465617680278
66548,0.49651037610803317
66549,0.45586737599810906
66550,0.41261782793360813
66551,0.4595102703512417
66552,0.4747974234026957
66553,0.45598108003455984
66554,0.490923349787461
66555,0.45005149694190627
66556,0.4743814482083719
66557,0.4921979328014343
66558,0.46036078438721856
66559,0.5049774624345094
66560,0.4579545541564212
66561,0.49427216111686434
66562,0.503007027706354
66563,0.43113469270435345
66564,0.5198700394082487
66565,0.45445655984687133
66566,0.5092037124877863
66567,0.3788247498782017
66568,0.467147782436615
66569,0.47111273525011094
66570,0.5117591933775292
66571,0.47005467899877135
66572,0.49916012224202966
66573,0.8224937519541397
66574,0.48978633587131026
66575,0.3081197790676174
66576,0.473035025584324
66577,0.4794456734348561
66578,0.41454290277325817
66579,0.5157783483540522
66580,0.39330099434691423
66581,0.4731580003671348
66582,0.4699617669932498
66583,0.47063917464310334
66584,0.703274003555288
66585,0.39868728625024097
66586,0.509324516262226
66587,0.4559905851420947
66588,0.4559017626843812
66589,0.3586665944775373
66590,0.4532584523404158
66591,0.4863988791856698
66592,0.5282596084497867
66593,0.8263218483611541
66594,0.4610233281066751
66595,0.42034631218864227
66596,0.4748552564848256
66597,0.485815253408728
66598,0.43126053335491815
66599,0.3888767737022061
66600,0.41345171488467924
66601,0.49378892143460346
66602,0.45340446942383694
66603,0.4760420500512439
66604,0.40780871083356435
66605,0.45507811921247365
66606,0.43001111291197014
66607,0.49223631610855995
66608,0.5090879866124972
66609,0.47963560140926176
66610,0.4594617975150312
66611,0.7639066638324743
66612,0.4753550011091127
66613,0.7925763551903905
66614,0.4699152534496497
66615,0.49925914437587027
66616,0.5202045629922372
66617,0.49296984527417126
66618,0.5006708411373851
66619,0.46912994638273353
66620,0.48350664933575416
66621,0.4741297620128647
66622,0.5166595929695478
66623,0.505523281715501
66624,0.4864586599930484
66625,0.5375520783567864
66626,0.5006540365820211
66627,0.5027627689537766
66628,0.46785107569553774
66629,0.48882698071839564
66630,0.5106549153252561
66631,0.4842650207495738
66632,0.477307700330713
66633,0.4676176189158835
66634,0.6675742466263704
66635,0.45369845434081835
66636,0.46863907376380315
66637,0.47473780584132247
66638,0.4854221136916611
66639,0.3553496329473927
66640,0.44507432325480356
66641,0.36397897104070487
66642,0.4893008019014179
66643,0.7927959552978472
66644,0.48239610936016086
66645,0.5809142302348524
66646,0.48599501561049535
66647,0.36040456235429885
66648,0.4764585974868334
66649,0.35370403429469205
66650,0.45755753751618855
66651,0.4424098240536563
66652,0.49138740430165734
66653,0.4730855168304823
66654,0.498325464750214
66655,0.4808278448807428
66656,0.5379171457372616
66657,0.4605236042081429
66658,0.4808505716967661
66659,0.4968137536164561
66660,0.4943495401814389
66661,0.47997417133506737
66662,0.49652836533210615
66663,0.4707475065142478
66664,0.48366820833494784
66665,0.346085687185713
66666,0.47197946665991275
66667,0.47505741133207513
66668,0.48331044445144533
66669,0.4634612758119161
66670,0.474061673744477
66671,0.46525710503590756
66672,0.42414468662514576
66673,0.46579368786484465
66674,0.4785916642117121
66675,0.4533376358680387
66676,0.48002163982343926
66677,0.5039524617812207
66678,0.48916594539701697
66679,0.5002790677552259
66680,0.5004963780486038
66681,0.48628850039286886
66682,0.5094967631973079
66683,0.4547976775414131
66684,0.5231417339902239
66685,0.48904830426596035
66686,0.5311717725380112
66687,0.4906966715043074
66688,0.44575701418931823
66689,0.45003312687347863
66690,0.5155408607281087
66691,0.4826928550002837
66692,0.4999644543901106
66693,0.5175862097654241
66694,0.47698424199330136
66695,0.46625880680072973
66696,0.462743434614812
66697,0.47008651744455077
66698,0.4801874131477647
66699,0.5637892347251202
66700,0.4792455169185492
66701,0.3351215514266481
66702,0.5110039396294148
66703,0.48949125039621555
66704,0.49842757851391956
66705,0.4871213374373032
66706,0.46386825950051663
66707,0.4293354643465676
66708,0.5235841868169042
66709,0.45734215688092245
66710,0.49540687011416706
66711,0.6495494354614766
66712,0.46953583731772375
66713,0.5090019490183083
66714,0.4607790607601628
66715,0.5100684448877387
66716,0.4870473806486573
66717,0.42322144109935644
66718,0.3299073122069426
66719,0.4968101282533697
66720,0.4604237471631726
66721,0.48596093969558696
66722,0.38532124424548503
66723,0.4491107379321049
66724,0.4836366098941256
66725,0.8034916476035768
66726,0.4426179416606669
66727,0.5118863111048975
66728,0.5172318960968296
66729,0.4758474825298219
66730,0.5067314838942437
66731,0.44786697832383116
66732,0.4918139556653821
66733,0.42371928303831247
66734,0.47378386767745
66735,0.47653191793593613
66736,0.5056410443702459
66737,0.4769588461588099
66738,0.49689369472685296
66739,0.48732703151151713
66740,0.47807821736088263
66741,0.4877026948513312
66742,0.4726006120102912
66743,0.4863266189843346
66744,0.4012992324661414
66745,0.4908177231876524
66746,0.4652672348693278
66747,0.46742160535733435
66748,0.5631081600247091
66749,0.44109946494816044
66750,0.3145693328490524
66751,0.4760628252617114
66752,0.4860744480157111
66753,0.5143091350305444
66754,0.3409714770941511
66755,0.34138201303410287
66756,0.4883680851805884
66757,0.4472768404586121
66758,0.48988739928152
66759,0.4675839272344748
66760,0.5008022272695103
66761,0.5022064498680243
66762,0.45217049092312167
66763,0.49484807182721224
66764,0.7597127281702951
66765,0.6973191644957799
66766,0.5078562277264647
66767,0.477235314982838
66768,0.47215833040625776
66769,0.4971241559648502
66770,0.43270678327567674
66771,0.4825336647487323
66772,0.47501310624641035
66773,0.48622684140499695
66774,0.35308204877439126
66775,0.49155370914316376
66776,0.5056297010294466
66777,0.47570623957842856
66778,0.47830084681609364
66779,0.48942030349578325
66780,0.4700991079559971
66781,0.4601130663062269
66782,0.45616184856362424
66783,0.4514361423410048
66784,0.46752919337896015
66785,0.48189288358724885
66786,0.4807799662039019
66787,0.4942380064224396
66788,0.4801514084528883
66789,0.508599536236978
66790,0.37717296357957764
66791,0.34378587585826137
66792,0.4554895841212924
66793,0.45683649850651953
66794,0.4953667727325981
66795,0.4880813324886222
66796,0.4710636451863158
66797,0.7497043140128081
66798,0.4054739441465949
66799,0.48963182200903643
66800,0.48097341708051006
66801,0.5257854339302442
66802,0.4868943194647346
66803,0.42801525994122064
66804,0.5002425554552025
66805,0.494713269205556
66806,0.3735595606135836
66807,0.3346348290391693
66808,0.4995784222533858
66809,0.4662807250800325
66810,0.3986003084084583
66811,0.4649601594881362
66812,0.47990822318257054
66813,0.46659004781471825
66814,0.41503748299417265
66815,0.7502279854663101
66816,0.35586484360652515
66817,0.4735225154499899
66818,0.49271416272919877
66819,0.4705454350625884
66820,0.4563305744585887
66821,0.48300547946741335
66822,0.46071349493526204
66823,0.4929927318064733
66824,0.47572331149135083
66825,0.4588944948306739
66826,0.46916062931298896
66827,0.48060683900078244
66828,0.5018124632550934
66829,0.47821567063581416
66830,0.34560413267447443
66831,0.36944899669408093
66832,0.4908117261741272
66833,0.5108539629189093
66834,0.47721048722064785
66835,0.5080817259501645
66836,0.3376025492980327
66837,0.4687028320633808
66838,0.4803487427435473
66839,0.4690138194091851
66840,0.36690055455202075
66841,0.3904879957752728
66842,0.4863377369658186
66843,0.32226262258517846
66844,0.5043611752801118
66845,0.49118857605165867
66846,0.19384271689496557
66847,0.5009619402894586
66848,0.5012197911679266
66849,0.45701169611277126
66850,0.4682216229158601
66851,0.4668350629156488
66852,0.5138118224832322
66853,0.8210316849648145
66854,0.46049972138346007
66855,0.47569926660215694
66856,0.47521175191561094
66857,0.4741265455292981
66858,0.47222129524991086
66859,0.4689399385052415
66860,0.515762254031245
66861,0.47079026206304414
66862,0.17975270419673656
66863,0.48973850714875605
66864,0.46464199739581413
66865,0.49846908560017844
66866,0.4771283821862713
66867,0.46370721334862575
66868,0.4662413709801086
66869,0.43719636847579135
66870,0.45046618741069777
66871,0.4862568357217795
66872,0.45700739454998035
66873,0.4941775313388168
66874,0.4818947408986859
66875,0.46057607687573143
66876,0.5081426278893905
66877,0.4783870757327502
66878,0.48387544517029674
66879,0.49715425671001334
66880,0.449372417796087
66881,0.5106935138868389
66882,0.4701920184840723
66883,0.756331790526706
66884,0.4857601409892639
66885,0.4726678244624335
66886,0.4975620317758632
66887,0.4584757339118816
66888,0.7545380039195839
66889,0.5405321262386051
66890,0.5026105466434168
66891,0.5083175609809266
66892,0.4820754812948757
66893,0.4915045988524662
66894,0.5152486710788563
66895,0.4878683007410997
66896,0.46385807628511305
66897,0.4681559215933844
66898,0.3447358800927187
66899,0.46894182583252264
66900,0.7742351000612544
66901,0.48852712513871355
66902,0.3398713812548585
66903,0.5106382573535078
66904,0.45918567480306505
66905,0.37567594445084684
66906,0.4815928848328689
66907,0.5154648074746253
66908,0.32630554555308544
66909,0.475841186996239
66910,0.4738080287592114
66911,0.33468307557401883
66912,0.33891405102177197
66913,0.5057892831267108
66914,0.47005756475825683
66915,0.47374533556384485
66916,0.4625451900769281
66917,0.46730534790601314
66918,0.4634444461474508
66919,0.47240787409104934
66920,0.45641398307058906
66921,0.4662609609116286
66922,0.4732491302493305
66923,0.4512939844852379
66924,0.47530926750318164
66925,0.4486136279070726
66926,0.48366492264994765
66927,0.4691647539883107
66928,0.4626460903910562
66929,0.4758984503654634
66930,0.47664727849058486
66931,0.5127409553003944
66932,0.38193990304148884
66933,0.4836498447426899
66934,0.44580923011269236
66935,0.44585657817299973
66936,0.4710636586010098
66937,0.5166580806941375
66938,0.49800922483570254
66939,0.45113820605040245
66940,0.5199256845418032
66941,0.5097206765754536
66942,0.6569761803826698
66943,0.46894198471370074
66944,0.48932160362079774
66945,0.47951388615057194
66946,0.47052396715179134
66947,0.4910637702984555
66948,0.2427280358809384
66949,0.5247738668766602
66950,0.48330002382344106
66951,0.4739773947364151
66952,0.38753173223652
66953,0.48615714532780835
66954,0.4310738813672629
66955,0.4750248419426175
66956,0.46543220661867873
66957,0.44388215710776385
66958,0.4719510041489823
66959,0.4795009382289984
66960,0.4367158626902996
66961,0.5224311970557205
66962,0.4335877940441151
66963,0.5066654952090357
66964,0.49140875478645685
66965,0.4662359867422207
66966,0.46338781981241794
66967,0.4801753303915003
66968,0.5156676949630777
66969,0.4915696390659514
66970,0.5292622518325706
66971,0.32027687325828097
66972,0.48460852981884606
66973,0.3702924614299927
66974,0.46799646444558746
66975,0.570776847043682
66976,0.4543150954395737
66977,0.4825658494121512
66978,0.4695682250223888
66979,0.4750563767317097
66980,0.4765591407416437
66981,0.48441878796909554
66982,0.4884553932475624
66983,0.4599121802638113
66984,0.46030210036549346
66985,0.3468023870486354
66986,0.40994444690105747
66987,0.511060629389416
66988,0.49085970210267915
66989,0.3244708738991608
66990,0.4698243860800483
66991,0.4754232500270438
66992,0.3668030203234094
66993,0.49710916681139505
66994,0.45200363444337815
66995,0.7655719254389364
66996,0.47743824689153713
66997,0.4688120428547804
66998,0.4681394426399321
66999,0.46324145639057135
67000,0.5586824304849458
67001,0.49334356843573124
67002,0.5002472351083531
67003,0.44766647428134254
67004,0.45472497817977553
67005,0.4771756145948348
67006,0.7450979900593209
67007,0.8090150462376116
67008,0.4923362989692698
67009,0.48141114825629405
67010,0.3877898784277609
67011,0.4661993451579211
67012,0.4527477359970622
67013,0.4912822954572813
67014,0.4952104887604464
67015,0.5002438097783948
67016,0.5030605755180574
67017,0.48529603994590365
67018,0.8088650873150471
67019,0.4712257097546323
67020,0.5724496362651651
67021,0.4705544801551255
67022,0.5246269985939739
67023,0.5139488966604846
67024,0.44614577248370724
67025,0.33193004217039995
67026,0.35049664392194557
67027,0.4847608580734867
67028,0.4495786083958657
67029,0.48739510785010964
67030,0.49897211666392927
67031,0.44811565557257726
67032,0.45630524798763916
67033,0.7837012525444045
67034,0.491166189268756
67035,0.5086780534022756
67036,0.4802247935415747
67037,0.47304287966968295
67038,0.48083357632144386
67039,0.46597771170513413
67040,0.4942221356032757
67041,0.48622828223043657
67042,0.4879791301576734
67043,0.464796200386211
67044,0.46724863987239673
67045,0.2298533777128658
67046,0.4823892671025378
67047,0.49373329833273305
67048,0.5089641058295955
67049,0.4918352031090996
67050,0.4742086427206419
67051,0.4762931685835257
67052,0.48008337280265134
67053,0.48601061961833075
67054,0.47424593988205577
67055,0.4788925466754921
67056,0.47918630080108887
67057,0.4633173289872129
67058,0.485095681438672
67059,0.513828756964579
67060,0.38628184763393997
67061,0.4105213406410092
67062,0.5012837621346444
67063,0.7028030639333286
67064,0.7598152493827639
67065,0.48966642675166827
67066,0.5265175377097042
67067,0.477545506970966
67068,0.4974251404023505
67069,0.47994925203047517
67070,0.48975628507179414
67071,0.47698623771779003
67072,0.4801920956182992
67073,0.4906848757387406
67074,0.45511005834024193
67075,0.49254532708519616
67076,0.44978976386867375
67077,0.47579170856893493
67078,0.47856748575000296
67079,0.4482393111407968
67080,0.45769410908817104
67081,0.4705492628310648
67082,0.4886230682407872
67083,0.4769623174621427
67084,0.4339539601410781
67085,0.46745869112776617
67086,0.44991269812586626
67087,0.4916101584274293
67088,0.47450245653157236
67089,0.4794055867080107
67090,0.48636298374721443
67091,0.4672160032054117
67092,0.4399897628515051
67093,0.47757421625439356
67094,0.4349336975820896
67095,0.1649903722713831
67096,0.39703848376593714
67097,0.4734570630758856
67098,0.47469907301096215
67099,0.49226916662143266
67100,0.49312542518677405
67101,0.4600514898465159
67102,0.48107105761170293
67103,0.5105251824330571
67104,0.4872052282207154
67105,0.48362473346001217
67106,0.4895309200200842
67107,0.48342653597849106
67108,0.4825264334071883
67109,0.349869161002777
67110,0.36717634900123464
67111,0.5067875336791909
67112,0.241321302615491
67113,0.48917771964122425
67114,0.46362784246145683
67115,0.44349808826832954
67116,0.48638547343023414
67117,0.4423013798495332
67118,0.4776870992167524
67119,0.45325668314279066
67120,0.46688739125875767
67121,0.44191080988082365
67122,0.46588648421005796
67123,0.46833422000004266
67124,0.4622680210122985
67125,0.43338237473535357
67126,0.5149818608666326
67127,0.48813503213456955
67128,0.38418626435553105
67129,0.5016910982241144
67130,0.48212277738143117
67131,0.482905363737728
67132,0.4942265222046115
67133,0.4175753802669532
67134,0.44204346444422304
67135,0.4928303232088299
67136,0.5093540442263202
67137,0.6402760280287562
67138,0.4841406072392552
67139,0.4372556306453639
67140,0.5111160882443597
67141,0.4826954991065432
67142,0.44297519724546824
67143,0.4740921475392477
67144,0.487574616272609
67145,0.5036342760547847
67146,0.3588132112803344
67147,0.49846634013098917
67148,0.5008028057787329
67149,0.4556993441507519
67150,0.48050910233193606
67151,0.4898595121855382
67152,0.49426522824663055
67153,0.5056403629145861
67154,0.47598434318282723
67155,0.30719937238053974
67156,0.4812634385540604
67157,0.45001054161748816
67158,0.3410511481815156
67159,0.506268247155831
67160,0.4733341204282688
67161,0.4334486649383524
67162,0.47698567432588745
67163,0.46829740843018425
67164,0.7386292946569868
67165,0.49380353790850084
67166,0.48298951532157997
67167,0.481296312484347
67168,0.4782950394139917
67169,0.4832825892396884
67170,0.37727265813267585
67171,0.4231804413643082
67172,0.47805489452068634
67173,0.48851511334687464
67174,0.4737028629634788
67175,0.512972500087191
67176,0.4707763615229684
67177,0.5078666415607759
67178,0.48221836497906434
67179,0.322386792414111
67180,0.46220268593125147
67181,0.44265822883491923
67182,0.5051838785066506
67183,0.4641810841057651
67184,0.4762385297768854
67185,0.6257245996179096
67186,0.4219191550616045
67187,0.48007417067462127
67188,0.46406470238064645
67189,0.480828606070385
67190,0.4830420877954007
67191,0.4139030850571483
67192,0.48170364424829437
67193,0.4942178359772516
67194,0.4359837068763511
67195,0.4770316514509617
67196,0.48111363462451107
67197,0.4900644489062904
67198,0.35115481163252876
67199,0.5635871684082379
67200,0.48805065247979734
67201,0.4759770293204447
67202,0.47130734479236547
67203,0.4855985562916164
67204,0.47715061966256705
67205,0.47623823370981366
67206,0.5587730209720176
67207,0.48349798343853156
67208,0.7769258206503526
67209,0.45704357565386
67210,0.4985530475801863
67211,0.48467108277351206
67212,0.48761803355624
67213,0.5239839827569536
67214,0.4909693380112767
67215,0.5007754539012159
67216,0.5167788831850769
67217,0.48094567710408287
67218,0.46641052740518496
67219,0.48205490384133665
67220,0.4932074571500311
67221,0.48853007515097197
67222,0.44953282131347305
67223,0.5066486154044896
67224,0.4789032538382235
67225,0.504854454105141
67226,0.4590721920307592
67227,0.5122869415959512
67228,0.4698594698193517
67229,0.512529911238528
67230,0.4885938998334711
67231,0.5165963178895963
67232,0.491747906563789
67233,0.4825784683802284
67234,0.4806562951313934
67235,0.4531159486760507
67236,0.5144885080907646
67237,0.5141890361856916
67238,0.502253865913159
67239,0.48376683620201133
67240,0.48828590117557036
67241,0.39125150754113297
67242,0.44748821993140797
67243,0.45750838174636715
67244,0.4789331588034125
67245,0.48942391884635006
67246,0.23214446150429505
67247,0.5022451279643461
67248,0.4856305735501204
67249,0.44093473544127315
67250,0.46605260767580897
67251,0.4782166752816997
67252,0.479727236183389
67253,0.4611390937708035
67254,0.47490607311540606
67255,0.5092011423753295
67256,0.47894348699525013
67257,0.45164114305928876
67258,0.471563007248166
67259,0.4756654554149838
67260,0.4700193250882368
67261,0.4709115055067574
67262,0.443046942977927
67263,0.3605792362707479
67264,0.4942964331577868
67265,0.5237327903658974
67266,0.5041696904087942
67267,0.39038147877479434
67268,0.49475888305644017
67269,0.46430747384495213
67270,0.40695902279322743
67271,0.4828738654917874
67272,0.3455178488862801
67273,0.37779387658771324
67274,0.4725550676209906
67275,0.5195975547451168
67276,0.4854472867057575
67277,0.4762056382003427
67278,0.49003475398167323
67279,0.45829932018232045
67280,0.2757896024036769
67281,0.4579297709289647
67282,0.4677243713284561
67283,0.466470351610576
67284,0.5188769993809352
67285,0.477537782070958
67286,0.41134664091090434
67287,0.5207842199396585
67288,0.46252377144418405
67289,0.5275999213494303
67290,0.5414440021185812
67291,0.4721386039448693
67292,0.458826447471465
67293,0.4834773529229226
67294,0.48977343388231326
67295,0.4992674238231699
67296,0.4845734005952016
67297,0.4602628987562116
67298,0.5271600790093547
67299,0.4557819698806441
67300,0.4886465577392983
67301,0.4844583541568942
67302,0.48049460341387834
67303,0.4559220722085574
67304,0.4274893426212621
67305,0.4920677647621208
67306,0.5204526579634351
67307,0.3912216139362983
67308,0.48695851311155913
67309,0.4962289763119293
67310,0.46966933973291847
67311,0.4845649937963352
67312,0.47398248002673354
67313,0.5003284145585247
67314,0.3972431787718693
67315,0.4739740400367648
67316,0.39515574065653836
67317,0.4369110464368942
67318,0.5602287077082743
67319,0.49114973945633594
67320,0.4488465756154555
67321,0.47207094257437054
67322,0.4852845936705802
67323,0.4849848945312418
67324,0.46342545160193316
67325,0.4250013324303898
67326,0.46463949209163247
67327,0.4949176519991205
67328,0.37280046589613064
67329,0.42485811045037036
67330,0.43584102340555086
67331,0.5022937854451858
67332,0.4706665892198947
67333,0.4086546942042184
67334,0.46361649138642774
67335,0.49112250303673216
67336,0.587545992957697
67337,0.4959239377066067
67338,0.34144365102249363
67339,0.444268820326582
67340,0.30269569550300723
67341,0.4915160227345634
67342,0.49772839307119854
67343,0.4816583173699648
67344,0.4781831357096803
67345,0.4624762127612308
67346,0.4401737853669365
67347,0.48265310314636534
67348,0.4825522743433454
67349,0.4810935383639551
67350,0.4758017622038084
67351,0.37974799212910604
67352,0.4544497260544832
67353,0.4778119389596736
67354,0.4684806017410414
67355,0.5076388932776965
67356,0.4508672505665892
67357,0.43363069511058183
67358,0.5073156353786483
67359,0.48614675515267003
67360,0.4313549281025353
67361,0.4814410230249368
67362,0.48600591245304803
67363,0.4925843394211241
67364,0.48167843096687607
67365,0.4858713990997702
67366,0.5326326759373856
67367,0.8219891625925022
67368,0.4798661258067821
67369,0.4840409823873114
67370,0.4914375669236435
67371,0.49129088494451967
67372,0.47669983021359197
67373,0.45630964852443007
67374,0.49186343644430286
67375,0.4965069209216344
67376,0.4688648037984012
67377,0.48745327924374066
67378,0.44636048651097016
67379,0.45048353104660216
67380,0.49016920469028646
67381,0.46277999832798034
67382,0.43704692931251315
67383,0.5053302088822124
67384,0.524130792920291
67385,0.6389112545104294
67386,0.3047567190068814
67387,0.46651972910941086
67388,0.5563750432636654
67389,0.4870432794781909
67390,0.4826579265549018
67391,0.47699095962364446
67392,0.5241988971877345
67393,0.4880041224636139
67394,0.5074109876112257
67395,0.5172295077760353
67396,0.48459573067637773
67397,0.4775555973794704
67398,0.5249729629000193
67399,0.5057764630002936
67400,0.45444110055214004
67401,0.48452811548906927
67402,0.49071930305793465
67403,0.43733243470920247
67404,0.455884396714475
67405,0.48584434064359866
67406,0.4826684544881289
67407,0.48129625425664346
67408,0.48471500125519545
67409,0.4909464714379224
67410,0.4954193258763204
67411,0.3956994147453152
67412,0.5001308175212992
67413,0.4589505478266479
67414,0.4574229626381742
67415,0.25250272001369417
67416,0.3518569226278443
67417,0.4736709455843276
67418,0.46129702886236246
67419,0.44737263578752795
67420,0.4901134382593626
67421,0.47728110475748686
67422,0.49241571976675064
67423,0.49825249831355845
67424,0.7971761833009814
67425,0.5198002608385852
67426,0.46834904181108417
67427,0.4819913049715467
67428,0.47257303757453195
67429,0.5074959153354283
67430,0.49627735913225324
67431,0.4568981520159877
67432,0.48930725533863995
67433,0.4569045191896698
67434,0.4648098019678935
67435,0.4837951282632491
67436,0.40106144569813296
67437,0.46379217362229525
67438,0.5101555929268544
67439,0.31192770441696394
67440,0.4708264710722705
67441,0.4926659844284627
67442,0.46589829174226777
67443,0.4670155695212942
67444,0.49575714673243165
67445,0.4736416029964287
67446,0.4815236988295073
67447,0.4989628422453212
67448,0.47317226584275196
67449,0.4821688678440296
67450,0.46593734783573104
67451,0.45543565044226353
67452,0.49994688883292615
67453,0.4560922553364959
67454,0.3861668475272937
67455,0.5020340020854839
67456,0.36831817900699765
67457,0.5089697440385448
67458,0.4826937589495446
67459,0.47118519093023903
67460,0.47520037920435904
67461,0.4818513034706855
67462,0.8083181121041909
67463,0.4919155168876146
67464,0.46840208457343824
67465,0.366063710312642
67466,0.4695308490253336
67467,0.48896051301106336
67468,0.4332914127987016
67469,0.5054709009325188
67470,0.3964083862266779
67471,0.4857418310346925
67472,0.45680123613071516
67473,0.507440233655528
67474,0.4700169596308632
67475,0.7705675196715613
67476,0.46827181141007174
67477,0.47238251198534836
67478,0.4699736135669105
67479,0.4752739925357292
67480,0.4975859150659794
67481,0.5034213324071573
67482,0.5091349124586786
67483,0.36188182697955346
67484,0.4883727319182035
67485,0.4800583198300261
67486,0.4570377613714685
67487,0.4721307499816646
67488,0.464933657730414
67489,0.4926866103261551
67490,0.4470264929331117
67491,0.501208827076606
67492,0.4978535935571379
67493,0.495494926617185
67494,0.4783068621830826
67495,0.4983379283936523
67496,0.34908752185901704
67497,0.46356781691483523
67498,0.5097588939603338
67499,0.5112261067238225
67500,0.5149481479345829
67501,0.4707680147876025
67502,0.46508911450580437
67503,0.4520915430937275
67504,0.4872810456925061
67505,0.49854467261270285
67506,0.44884682599116177
67507,0.38650691038017204
67508,0.40704070865587366
67509,0.49760332523016154
67510,0.5025995945898364
67511,0.3485130664017766
67512,0.48082769687958643
67513,0.48398391955098913
67514,0.7747445764043932
67515,0.6931872342975954
67516,0.5059629027559743
67517,0.4892472766517577
67518,0.4562707515208789
67519,0.3338412567675216
67520,0.49111910571895456
67521,0.4444949365659031
67522,0.47694761591076285
67523,0.4770641611321725
67524,0.5172558671228782
67525,0.4999235056399506
67526,0.4624455643458537
67527,0.4779148593350538
67528,0.43140283936981383
67529,0.43359560157472543
67530,0.48689626408528774
67531,0.36791011093868453
67532,0.4818333881555154
67533,0.46780142486574594
67534,0.4592316734275274
67535,0.48017330561810767
67536,0.7861532191093978
67537,0.4881265079052402
67538,0.4837927252173959
67539,0.4746888028185151
67540,0.3890939109625812
67541,0.4760021449820507
67542,0.48816250615898926
67543,0.5087141526148791
67544,0.5129656654881034
67545,0.42168596244348067
67546,0.48085837403991116
67547,0.48137251840633655
67548,0.43561373709492635
67549,0.5027252415553503
67550,0.5004639896209793
67551,0.47812429072649204
67552,0.4103669685963479
67553,0.47566460076055805
67554,0.35458486143731455
67555,0.5107140090913349
67556,0.4990595181040883
67557,0.7601897221679192
67558,0.46647803422483414
67559,0.48288229451192555
67560,0.498590291276905
67561,0.31504389892956575
67562,0.5169489426674986
67563,0.414227077514274
67564,0.4833368252646012
67565,0.354238708914079
67566,0.4704477733767772
67567,0.4411568083942532
67568,0.19901166353109506
67569,0.4589594396414137
67570,0.47876754392809495
67571,0.5242541095977492
67572,0.47137369693823195
67573,0.7135609409547544
67574,0.5346590402338096
67575,0.811453404812909
67576,0.474057979677749
67577,0.5068203722888882
67578,0.4781813457337677
67579,0.521739240814996
67580,0.5041345857742214
67581,0.44334370772820947
67582,0.5117084017483423
67583,0.4921752461266081
67584,0.5137305234624796
67585,0.46132740640262543
67586,0.4710023181042094
67587,0.47505434341034464
67588,0.3110736239855013
67589,0.4390883730707829
67590,0.5048553618298264
67591,0.4598842020037467
67592,0.3361299764685888
67593,0.5141067458227964
67594,0.49654792354363714
67595,0.47304366553565813
67596,0.49209329070507524
67597,0.4445025824493551
67598,0.47613126292377206
67599,0.49656401464670663
67600,0.47448971041426163
67601,0.4870725521600098
67602,0.4761520488030895
67603,0.4806495363502161
67604,0.4948113813129952
67605,0.7971055828550183
67606,0.48375587255904945
67607,0.45850316384239126
67608,0.5106859889123355
67609,0.4561614169872056
67610,0.48798406313237375
67611,0.48246102510909517
67612,0.5089754767022441
67613,0.4965268162725358
67614,0.5098190014495309
67615,0.4678967153707614
67616,0.4835107192111687
67617,0.4901714352946849
67618,0.48291696232358017
67619,0.47826936186870034
67620,0.46949393676867246
67621,0.4640066500303851
67622,0.36467777277513314
67623,0.5042615728982833
67624,0.47814527201344037
67625,0.4702694992934149
67626,0.7381978865111469
67627,0.49981189415461663
67628,0.5076696824748468
67629,0.4890983461287468
67630,0.4951367489982682
67631,0.8120236580084239
67632,0.8140246754767329
67633,0.7921267302133803
67634,0.4725278898405471
67635,0.4519505999391023
67636,0.49429750424455393
67637,0.3982533176130855
67638,0.4849593712997605
67639,0.4619388008176453
67640,0.38394453861953515
67641,0.499995682579574
67642,0.4920806343989127
67643,0.7647058678660403
67644,0.44395429504902983
67645,0.5034471179164645
67646,0.4769301561097994
67647,0.5033488406223501
67648,0.4608553828302809
67649,0.47719826584920766
67650,0.48103552187885845
67651,0.48846657805266214
67652,0.4691408914110462
67653,0.43443706253820363
67654,0.4647681810588828
67655,0.4868077639582304
67656,0.7555196126181731
67657,0.48516584299319654
67658,0.4504665220901893
67659,0.4819537966364287
67660,0.46426874769618803
67661,0.49352686066777907
67662,0.6158107397934904
67663,0.44712992917600825
67664,0.5099855095346101
67665,0.4874417860403776
67666,0.5122314686664118
67667,0.5069422888735622
67668,0.47723575352478576
67669,0.4891319234575883
67670,0.4892547213436377
67671,0.48949444213933335
67672,0.42140223103364294
67673,0.4649906412632376
67674,0.5182836617369402
67675,0.4562330435731604
67676,0.4724951030201506
67677,0.6786169977481693
67678,0.4872284524634184
67679,0.555053485897597
67680,0.4865730216962785
67681,0.49315861469153877
67682,0.4890007521144123
67683,0.2877099028346503
67684,0.48739290587868606
67685,0.509168682233592
67686,0.4690549614245916
67687,0.4968786739250924
67688,0.4934260410173573
67689,0.47869157574113114
67690,0.4889930358260731
67691,0.35667625178363205
67692,0.4387648437169611
67693,0.5130750424181854
67694,0.4977969159339421
67695,0.45934475980474765
67696,0.4747191738557025
67697,0.5178215945149623
67698,0.5020281617605873
67699,0.47915306557089765
67700,0.44435261759913297
67701,0.3579653298538514
67702,0.49504694715445274
67703,0.46996281356096525
67704,0.34990274988637055
67705,0.7881825325868812
67706,0.45846927607577304
67707,0.45669803452338625
67708,0.5042738664480748
67709,0.4450243025745126
67710,0.48041373781542585
67711,0.4467415724908688
67712,0.6397491614715578
67713,0.4763289666709674
67714,0.46485076580448303
67715,0.4874472724716521
67716,0.32463070776432523
67717,0.46505664644306177
67718,0.4823034416984
67719,0.4643817400873273
67720,0.5858351051702536
67721,0.5049219377182728
67722,0.4999077384565066
67723,0.521939139226849
67724,0.45664782762943823
67725,0.3629700077731511
67726,0.44714714502438385
67727,0.5019445496786844
67728,0.4538500768269591
67729,0.49090669637111206
67730,0.49047160893679276
67731,0.3974493030700682
67732,0.45253485489815226
67733,0.409840202000638
67734,0.49765808817832025
67735,0.36649446090252547
67736,0.4633420334123822
67737,0.4889876402033586
67738,0.26860675155406244
67739,0.341267461313317
67740,0.4626518350025427
67741,0.497170379183575
67742,0.4575626446737683
67743,0.47872735466355576
67744,0.45222263358690684
67745,0.2882129160079745
67746,0.47535861804112395
67747,0.4887996584918853
67748,0.4952779126848781
67749,0.4661753639767828
67750,0.3254154290689699
67751,0.5173946120089001
67752,0.49422950196253734
67753,0.5946960767822732
67754,0.4090100228204952
67755,0.5023918515747984
67756,0.4821498395853932
67757,0.4768664038545181
67758,0.4965916891084154
67759,0.4915333672046248
67760,0.5180270119038137
67761,0.5254947510317135
67762,0.4866950677353154
67763,0.46894622188496643
67764,0.49808927013469934
67765,0.4512286659477041
67766,0.5203088168634826
67767,0.4523074142966844
67768,0.29936021862905393
67769,0.4824512839263556
67770,0.45033353878768867
67771,0.4780200107734129
67772,0.5374802048860935
67773,0.3253440668293751
67774,0.4797731058149447
67775,0.4986561953750212
67776,0.4964224157773204
67777,0.509456568098117
67778,0.49268480693751526
67779,0.49618345579870415
67780,0.4542271521568742
67781,0.4716147583723761
67782,0.46614954122220364
67783,0.24015969178601715
67784,0.32603290424254644
67785,0.5023219824170678
67786,0.47453287767684477
67787,0.4745007294705005
67788,0.49289575556253407
67789,0.43971524129906525
67790,0.5280852044458234
67791,0.47410297110922023
67792,0.5069102816842608
67793,0.337776098171459
67794,0.5025150055742889
67795,0.5223484383549652
67796,0.4583782666107099
67797,0.34293757332622266
67798,0.4946529272491912
67799,0.4516305226680916
67800,0.4834065793707533
67801,0.502388509143652
67802,0.8051859510643419
67803,0.45585924340342726
67804,0.43973314896046944
67805,0.4659633313175784
67806,0.4838243060544068
67807,0.5009217830417358
67808,0.47322317371052536
67809,0.470227939947954
67810,0.4968258845728115
67811,0.5019945222407656
67812,0.5369241626442068
67813,0.47989533870566403
67814,0.46048934755773474
67815,0.4608152370772307
67816,0.49283064342713023
67817,0.4794828454098789
67818,0.4850370942774218
67819,0.4862892141989804
67820,0.49186272828786193
67821,0.4732458050474365
67822,0.45928854758921206
67823,0.8332906852772306
67824,0.5116895743128232
67825,0.504499883138047
67826,0.3520164353374755
67827,0.48338846986962614
67828,0.47700918939841896
67829,0.47737263987628653
67830,0.5342803175691706
67831,0.48924644008504886
67832,0.5010649388116353
67833,0.7388059317344602
67834,0.49717113264947943
67835,0.47258657933255543
67836,0.4278630024131218
67837,0.5044168288682058
67838,0.47153758062719264
67839,0.4871174918194339
67840,0.5700191645666433
67841,0.5160149408353554
67842,0.47407713515467836
67843,0.4335987412618134
67844,0.474812283184953
67845,0.4969941875167104
67846,0.8130099195771173
67847,0.4544270057187648
67848,0.4786842216838625
67849,0.49709753222159164
67850,0.46082503223629895
67851,0.4455930910579522
67852,0.4860701745872223
67853,0.5058773250574046
67854,0.4615144192590358
67855,0.4741641865053975
67856,0.4888012221421487
67857,0.49905631136179657
67858,0.4652803095748967
67859,0.48616747416182005
67860,0.46229790018602135
67861,0.5026873154249807
67862,0.46523370834784367
67863,0.35588929851946755
67864,0.45996179706986673
67865,0.4758641417672109
67866,0.44340195519112474
67867,0.47537796816679384
67868,0.4725273273217929
67869,0.4496260764073358
67870,0.45033472658796714
67871,0.6503457508145841
67872,0.4891634104316021
67873,0.43403150083841935
67874,0.4713564977456888
67875,0.4302682250440644
67876,0.45655856567753006
67877,0.4699277040699179
67878,0.4955675552614835
67879,0.41775067757059614
67880,0.45695364193676075
67881,0.47071727385445383
67882,0.4637805492502084
67883,0.4866946755622787
67884,0.5642685379559982
67885,0.4702903143101569
67886,0.48382444411711567
67887,0.47932882071588484
67888,0.5354379499064451
67889,0.4496185775970923
67890,0.4719849151989747
67891,0.4718720051009372
67892,0.3413126814278169
67893,0.4605313981650595
67894,0.4563282372121682
67895,0.5462828440151378
67896,0.3460229407454317
67897,0.5021453371122079
67898,0.48011865431887646
67899,0.3557584184989614
67900,0.42869500335556476
67901,0.4769726443853699
67902,0.4956354157792453
67903,0.45099318620253764
67904,0.482883459128519
67905,0.48451909249775726
67906,0.47989632240650115
67907,0.3480998112021182
67908,0.4852200486679445
67909,0.45655867201299055
67910,0.5263975306295643
67911,0.4912293888451412
67912,0.47785862249358724
67913,0.454237947711501
67914,0.4814343947816292
67915,0.8201420135608088
67916,0.4632673114542455
67917,0.4907500437251956
67918,0.4641908401271875
67919,0.4275988646180733
67920,0.46941638142849546
67921,0.3366124555849501
67922,0.3581021912876463
67923,0.5051079469785021
67924,0.5038048557732989
67925,0.46463933475775065
67926,0.4474965277586144
67927,0.5060401762239103
67928,0.4706205780360784
67929,0.46832671627940337
67930,0.46396334951667517
67931,0.3279635138907584
67932,0.48842137513217787
67933,0.4423685831573474
67934,0.47569102950531117
67935,0.45463292829775215
67936,0.407184395212844
67937,0.4967017283398112
67938,0.42600297344721016
67939,0.48327023183643303
67940,0.45701117988524814
67941,0.435639307056118
67942,0.7000537507651463
67943,0.49055430648492326
67944,0.46360371606394735
67945,0.4673211796515729
67946,0.4752021081214899
67947,0.4716564735002765
67948,0.49931831768711227
67949,0.5107872818296405
67950,0.5922518281746738
67951,0.45933836293152114
67952,0.4488970292674365
67953,0.46973081451680393
67954,0.8015236441836642
67955,0.4700845006001629
67956,0.5164624553068957
67957,0.49350067179317303
67958,0.5053036633738951
67959,0.4962850269364818
67960,0.5115407443579654
67961,0.5112006862517531
67962,0.47457822726286647
67963,0.507061798835468
67964,0.4935291684990744
67965,0.46427629262045833
67966,0.5006705425737462
67967,0.4860773888541309
67968,0.5697940753301554
67969,0.4383020400428764
67970,0.511732604856372
67971,0.46290072467439985
67972,0.45918927586511715
67973,0.493155255410623
67974,0.4788021565331629
67975,0.4520869152814905
67976,0.5160429104818351
67977,0.44299256804016274
67978,0.48353858588494547
67979,0.4425156407412222
67980,0.48465255239483174
67981,0.44217044546359374
67982,0.47479179363222634
67983,0.3680088099424506
67984,0.44735398356211736
67985,0.47690790615911366
67986,0.4910341201875792
67987,0.5112930779485019
67988,0.4924189927636559
67989,0.45374617359114633
67990,0.4533912443712309
67991,0.3462963501946749
67992,0.43145341763520173
67993,0.48727814871009606
67994,0.6851652499544255
67995,0.36769461051818036
67996,0.5028061731450894
67997,0.48632253389120905
67998,0.48925375376374974
67999,0.5185136277325229
68000,0.4799738511465935
68001,0.46665187309037526
68002,0.47013631959208024
68003,0.5287034478051916
68004,0.5020536744442559
68005,0.471106260349296
68006,0.4760653312705001
68007,0.5010201918619753
68008,0.4918473371772978
68009,0.2580380296651912
68010,0.4801424628423585
68011,0.4735898397190553
68012,0.4431152982001029
68013,0.49429262436669796
68014,0.5088008264751436
68015,0.47639584292235126
68016,0.3143309593865063
68017,0.4817233513232018
68018,0.48473950095414475
68019,0.4541425966555504
68020,0.4280745319441608
68021,0.4735966364243267
68022,0.49740183768066576
68023,0.512609942236467
68024,0.4832303161477627
68025,0.4730096215551403
68026,0.46824730560225203
68027,0.486313647279042
68028,0.5029227976376139
68029,0.46248892748315973
68030,0.4746879716461525
68031,0.5002341683170014
68032,0.48220770563367754
68033,0.46056573742999046
68034,0.48129454446340203
68035,0.4412440009355817
68036,0.48060950582171613
68037,0.4677016335617278
68038,0.5149385078981664
68039,0.47433796732836603
68040,0.38425951013515736
68041,0.4846130298352075
68042,0.48988700463078316
68043,0.3288382937091888
68044,0.4659117509828321
68045,0.4654723435333935
68046,0.47272474511420015
68047,0.7034795945153504
68048,0.33029415176374943
68049,0.4893328127654351
68050,0.5097708955257161
68051,0.48592280848368163
68052,0.3187140951205096
68053,0.49485940516644267
68054,0.48351053969347013
68055,0.26776802906923236
68056,0.4949276203879345
68057,0.47784440943193546
68058,0.47887139908904064
68059,0.3467958415523687
68060,0.49333420189434846
68061,0.4887899426089841
68062,0.4887384695011999
68063,0.4839996285496058
68064,0.517927795451316
68065,0.5104414261871715
68066,0.5205400267256041
68067,0.46741431594590604
68068,0.48862870501996647
68069,0.4374082026562259
68070,0.4412524176068251
68071,0.5133138167755926
68072,0.39655828713383945
68073,0.47306103918188247
68074,0.386191954262146
68075,0.500961922019126
68076,0.4160731029136745
68077,0.47217656138297887
68078,0.4897215906897195
68079,0.47896183511333257
68080,0.5022549838520343
68081,0.45759111340715863
68082,0.4793047070898541
68083,0.4659835061223572
68084,0.46234963034955645
68085,0.5220834790845986
68086,0.48424382080413836
68087,0.34864164709961554
68088,0.48268719738797594
68089,0.4638551075764642
68090,0.29115422955488585
68091,0.5561487188081393
68092,0.46533434849110145
68093,0.48839382365226214
68094,0.47408851065626273
68095,0.48239387852806515
68096,0.4703800606599131
68097,0.4785980537631589
68098,0.45607192623964043
68099,0.440389148865152
68100,0.4990860278622864
68101,0.5045045275396636
68102,0.49548211099234285
68103,0.5032677961577244
68104,0.4787384183307091
68105,0.4483237354841726
68106,0.44447621068554694
68107,0.48844046245120143
68108,0.47466111837961666
68109,0.4612984905237008
68110,0.4927049616994525
68111,0.45338657118866144
68112,0.47694803185472784
68113,0.4809255070989059
68114,0.4918154928697062
68115,0.513170173581569
68116,0.4802171576804027
68117,0.4804415884575085
68118,0.4523162662377212
68119,0.4720152632710187
68120,0.4755288192813001
68121,0.5025851689588936
68122,0.31406627158366435
68123,0.5320633301321191
68124,0.6948522866963447
68125,0.4746431814874248
68126,0.4474008052653903
68127,0.49255782713784024
68128,0.4998830816237225
68129,0.7953644499776804
68130,0.49261154451601524
68131,0.48219977323366314
68132,0.48632327548760523
68133,0.46310609080196213
68134,0.4843282964778204
68135,0.42170316369319616
68136,0.49341264565906073
68137,0.4627232219668462
68138,0.47331061990031403
68139,0.5120779506174687
68140,0.4928941759554152
68141,0.509857343262724
68142,0.4482507024703124
68143,0.4982248143848812
68144,0.4651869651776879
68145,0.41519446066314614
68146,0.4865772563979891
68147,0.4877668733532488
68148,0.50649047461412
68149,0.5135350490311617
68150,0.45739844917333006
68151,0.340426316100494
68152,0.4632961086592688
68153,0.32210113810559293
68154,0.4709908896865669
68155,0.4712509400282806
68156,0.49361927562374214
68157,0.48436316429767234
68158,0.45461023260604383
68159,0.43575028819784095
68160,0.46831860010984205
68161,0.6199508009179994
68162,0.46981753298926654
68163,0.49970370519663043
68164,0.6693887526587757
68165,0.5060857998277851
68166,0.49812423400835404
68167,0.46081324401802226
68168,0.5083320878093807
68169,0.49671667709169626
68170,0.47081284636030457
68171,0.48657768458418615
68172,0.46635602583935726
68173,0.48015259024834633
68174,0.4700978562898728
68175,0.462045115659235
68176,0.4770341464876716
68177,0.4721311726523232
68178,0.44255599148880576
68179,0.48890659672389386
68180,0.49414645495980203
68181,0.47815186181782376
68182,0.3432892354192747
68183,0.4388538223294402
68184,0.49402107128972045
68185,0.48017758096349494
68186,0.5014290741433539
68187,0.4816797314677915
68188,0.4983870070129828
68189,0.47344669692232266
68190,0.4639268228737702
68191,0.45360567250114414
68192,0.4550615957099315
68193,0.42726547792258585
68194,0.44790959300977046
68195,0.4697295514807265
68196,0.5130491742665372
68197,0.7818186001036493
68198,0.483278627850797
68199,0.46784796374012383
68200,0.60158313479029
68201,0.47078293614523503
68202,0.534873093390305
68203,0.44738742228971984
68204,0.468699233782579
68205,0.49631670956339335
68206,0.4716345376564458
68207,0.4388881648537414
68208,0.4654540434849461
68209,0.4564436445757665
68210,0.4551459285187116
68211,0.7785767142280873
68212,0.4883340657834253
68213,0.42277799053568416
68214,0.47586476794887733
68215,0.49318060032527045
68216,0.5005650203172332
68217,0.4999835853451571
68218,0.5078905311138794
68219,0.4690695269037852
68220,0.5055564950665234
68221,0.49818636896626733
68222,0.48310796229174047
68223,0.42526837111885774
68224,0.4816801057594159
68225,0.4611337840430073
68226,0.43547066912166943
68227,0.4836497889432934
68228,0.4978056607159196
68229,0.4740417320235732
68230,0.47698331694147966
68231,0.4675825227453077
68232,0.47878648423649256
68233,0.5019309064536551
68234,0.47723941716407947
68235,0.45766311365853724
68236,0.4989330175090741
68237,0.47651050405684126
68238,0.44824830288051176
68239,0.511786638579218
68240,0.4162333100573219
68241,0.4974991722749982
68242,0.5196176275838198
68243,0.47242666853245185
68244,0.448226080547647
68245,0.49046250651503304
68246,0.684073167258887
68247,0.49896712571209867
68248,0.42508259640654855
68249,0.4903671711170209
68250,0.48491684628892084
68251,0.4685648315037194
68252,0.4999991771857246
68253,0.4926947856021176
68254,0.5020368533444632
68255,0.4862655456940139
68256,0.3247066816653622
68257,0.4561747078087621
68258,0.4851517668605014
68259,0.4848717878146421
68260,0.4374965140438719
68261,0.4992277121652508
68262,0.4854057082850657
68263,0.4855061847071651
68264,0.5129633665740528
68265,0.4916668681019589
68266,0.4627446128142834
68267,0.4876669798054638
68268,0.5031974100343749
68269,0.493920621796564
68270,0.4997021975671869
68271,0.49465251648917
68272,0.39915611136869117
68273,0.49661107258346926
68274,0.4968116059797748
68275,0.48500159423459904
68276,0.5143731673584899
68277,0.47832604902522946
68278,0.46736407503962984
68279,0.8072653266024767
68280,0.47208836980926083
68281,0.329109274356022
68282,0.4136427025002341
68283,0.4946591996474239
68284,0.5053009373603302
68285,0.46012483178634744
68286,0.4585044464435023
68287,0.43068017069020736
68288,0.49348294001630494
68289,0.48241372721757314
68290,0.4020123265677378
68291,0.4554435009739155
68292,0.4300989509437881
68293,0.5018073745001342
68294,0.4715436754724973
68295,0.40247448145705556
68296,0.4932720924977089
68297,0.5249402621401364
68298,0.5223708997803476
68299,0.46854934866857323
68300,0.47470095151962033
68301,0.44140690340201816
68302,0.4679063198610237
68303,0.4772170053593429
68304,0.462766245604066
68305,0.4664863075742137
68306,0.4546573651200543
68307,0.4882495813929848
68308,0.4894417603013841
68309,0.4866790236913743
68310,0.4498488668512888
68311,0.4540626377431731
68312,0.4876747383625454
68313,0.44608321871050577
68314,0.5536500851786871
68315,0.4664552655671419
68316,0.47395843245977975
68317,0.45851112119764764
68318,0.4732090123298967
68319,0.4963600133856096
68320,0.4837361890126186
68321,0.511615202625488
68322,0.49857318853856314
68323,0.47735265077166433
68324,0.5177389138701982
68325,0.4824546414989734
68326,0.4721541623769772
68327,0.5099962434082121
68328,0.35807837567072054
68329,0.5054797519170086
68330,0.44222441198205453
68331,0.48918885963242886
68332,0.4573320802269988
68333,0.3295829115825651
68334,0.3821349533830094
68335,0.4895440676365479
68336,0.4813015106057088
68337,0.5203071028548402
68338,0.43652960835768007
68339,0.4914252988266781
68340,0.4943914152944862
68341,0.47641879371506424
68342,0.48216598941092126
68343,0.4360626804430901
68344,0.3006257209046941
68345,0.4994064429009376
68346,0.48800459949143654
68347,0.5306495015554605
68348,0.49161301113053507
68349,0.5025901535208281
68350,0.47220318329703703
68351,0.489502416875786
68352,0.4242853489380454
68353,0.4741887740584624
68354,0.474139891434435
68355,0.482493379880118
68356,0.4392552747424639
68357,0.48375375301437784
68358,0.38845289304402597
68359,0.4380897159123083
68360,0.4709882852265237
68361,0.34820692165869965
68362,0.5095581961662576
68363,0.47183983092846626
68364,0.44581794761068866
68365,0.5929462165763913
68366,0.47606311339034246
68367,0.42632009177537084
68368,0.33092296782265923
68369,0.48321997157119145
68370,0.4996732785200164
68371,0.45571161863294346
68372,0.46353921612249505
68373,0.49295677702180574
68374,0.4610644671503705
68375,0.5069276197533356
68376,0.36471658009962077
68377,0.48842634184335454
68378,0.4988632647768093
68379,0.5102506521424104
68380,0.5439589066666798
68381,0.489255728342027
68382,0.7592477519173544
68383,0.5140664695338303
68384,0.4732836691682457
68385,0.46423529531864055
68386,0.49092137400640196
68387,0.5277300551473922
68388,0.47968843628309044
68389,0.4949109516303529
68390,0.4652900118628256
68391,0.47922156334631255
68392,0.4854282027576436
68393,0.5017836682879958
68394,0.799834525107807
68395,0.4860051911274037
68396,0.455829774325071
68397,0.5059303442760646
68398,0.5758388368036965
68399,0.47795771994670755
68400,0.4970348491016664
68401,0.47921845842898214
68402,0.8150476923722151
68403,0.47627713005603256
68404,0.4911833106919138
68405,0.48977947865467414
68406,0.44204418385432004
68407,0.47533584798747636
68408,0.4994367760188756
68409,0.5060977301996674
68410,0.4589774083026206
68411,0.48463796952302163
68412,0.4782389819487035
68413,0.5021455836995554
68414,0.8131178819118476
68415,0.4666342106941695
68416,0.48867899283619143
68417,0.4824355946497908
68418,0.5033499380891024
68419,0.4902432410824947
68420,0.4539368934391047
68421,0.5071818261977276
68422,0.47744739651082346
68423,0.4671398385445227
68424,0.3984326458944326
68425,0.519561126878378
68426,0.486730557672447
68427,0.5108331783191395
68428,0.45127763846552116
68429,0.4802950046622897
68430,0.48841627049210035
68431,0.49221291744125506
68432,0.4833734932709975
68433,0.4809483918181841
68434,0.48894100254455153
68435,0.4637011161380143
68436,0.4828131997065764
68437,0.5104214775077385
68438,0.43305176434042914
68439,0.4879838750065128
68440,0.4651128841777734
68441,0.4664654306670145
68442,0.44706067230271385
68443,0.5182337325870234
68444,0.4669519332412777
68445,0.3656642271101721
68446,0.4904276194662104
68447,0.4911795498118612
68448,0.47205224406590124
68449,0.4682865193845487
68450,0.5099187552533747
68451,0.4830514893181769
68452,0.508243685808728
68453,0.514607508665521
68454,0.8080654692481799
68455,0.455772952014045
68456,0.4817206096651755
68457,0.444549586821595
68458,0.4642007843850265
68459,0.34131976345581316
68460,0.47280277276852267
68461,0.7532215465331642
68462,0.3178469643057103
68463,0.48856926939098955
68464,0.4152821818995992
68465,0.42262267473693227
68466,0.5292219357085075
68467,0.4796332629634078
68468,0.4892910413538422
68469,0.46027678384440124
68470,0.36158991259556905
68471,0.44994966172869205
68472,0.4430101570717766
68473,0.4754776729425055
68474,0.48452306696053543
68475,0.43964879562397113
68476,0.46709345921767675
68477,0.501546052420325
68478,0.4536765211536184
68479,0.4653121936947459
68480,0.5019262140640888
68481,0.4741225598194764
68482,0.46587136770449944
68483,0.3550573883043944
68484,0.47297201706854464
68485,0.48533761707361955
68486,0.47213692987722394
68487,0.4866802453970219
68488,0.4732752763631902
68489,0.48891156032209965
68490,0.4911614499826221
68491,0.39499899271122435
68492,0.44437204359432614
68493,0.3350913012820944
68494,0.4838810585279311
68495,0.4481204003343331
68496,0.4728690745113058
68497,0.5152358111616554
68498,0.4734204526115202
68499,0.477217461850834
68500,0.44063148896054977
68501,0.4872753762510763
68502,0.5674654006665167
68503,0.49937776063469286
68504,0.5316760084105212
68505,0.48261301040605953
68506,0.48269340840971076
68507,0.45042318193033726
68508,0.4685862512061832
68509,0.44834779799072966
68510,0.4009746393090282
68511,0.4955307373552074
68512,0.4792870862406575
68513,0.505119606146717
68514,0.5131881349864683
68515,0.477097082762138
68516,0.48639666974131646
68517,0.4752978714914939
68518,0.47065022019384056
68519,0.4530410920849318
68520,0.47327418735946214
68521,0.4760949341767208
68522,0.46019129160268635
68523,0.4543997585268065
68524,0.44979816275393925
68525,0.46362610983299885
68526,0.5217352783179465
68527,0.4758742150985209
68528,0.5051120329881924
68529,0.484084684835422
68530,0.44625106995757047
68531,0.46410881655646574
68532,0.4752470217059763
68533,0.5010123425143239
68534,0.42083223113544954
68535,0.3997825527006484
68536,0.716151985066843
68537,0.503823336752628
68538,0.5002678524766223
68539,0.48048164501769175
68540,0.45530600305428914
68541,0.4276096291175979
68542,0.5031126064007453
68543,0.4764552013229659
68544,0.4815339444003033
68545,0.483712889695913
68546,0.4907291159800745
68547,0.4740511625258552
68548,0.4983957276860553
68549,0.5164881754972264
68550,0.45978619912967317
68551,0.46687796076886157
68552,0.5112465837473196
68553,0.4594659919434466
68554,0.4770174190968467
68555,0.36039428494831005
68556,0.48478667418071675
68557,0.46716133695126
68558,0.45134446030243325
68559,0.5099161778986446
68560,0.5163208765302927
68561,0.49243309233764043
68562,0.4235522764038394
68563,0.5014727304805356
68564,0.4846316711652482
68565,0.47694416532870737
68566,0.34002477592862534
68567,0.47007124390038607
68568,0.4623277549688327
68569,0.4384076847268749
68570,0.7822341826774712
68571,0.465044788792752
68572,0.4750297036422929
68573,0.4762200470648322
68574,0.4627440854042667
68575,0.5016221583135491
68576,0.47647684392616096
68577,0.4702945615695522
68578,0.47031446814273536
68579,0.5324971011407537
68580,0.492287887103103
68581,0.4893659369907797
68582,0.46697190733788113
68583,0.4522228671075335
68584,0.4886367013842318
68585,0.48640496228783053
68586,0.5208494831253698
68587,0.5078801548551533
68588,0.4948043333914071
68589,0.4939381750503561
68590,0.45392830293513353
68591,0.3949124656104356
68592,0.4276590104912733
68593,0.4810822656479705
68594,0.31075204518577376
68595,0.4915368759815467
68596,0.5210481202245909
68597,0.37424146867329594
68598,0.4731833597468038
68599,0.4916991534775916
68600,0.4665462143257654
68601,0.46729193604646757
68602,0.49142093939748477
68603,0.49450344137485014
68604,0.48568852735340007
68605,0.44404990044464376
68606,0.49675503927874715
68607,0.48960445765429855
68608,0.4514778620999719
68609,0.47411893666121296
68610,0.4511920035378698
68611,0.45510172085994915
68612,0.49197103429720573
68613,0.5091232518441915
68614,0.46635609732315253
68615,0.3576151141393248
68616,0.454615633289698
68617,0.46282568984217703
68618,0.4618174422922625
68619,0.49599561851647456
68620,0.448947619270489
68621,0.45717121869192956
68622,0.47040417813252655
68623,0.41831989893307364
68624,0.49294435298982137
68625,0.47353762047352804
68626,0.316503214893858
68627,0.4113914948233884
68628,0.410642376726553
68629,0.46134223544491126
68630,0.4973150343011534
68631,0.75189565262645
68632,0.5092057888334359
68633,0.45828597936462634
68634,0.47906944748999125
68635,0.4093728182589655
68636,0.3791100412893674
68637,0.4871062937657741
68638,0.46220628479312886
68639,0.45868165655979726
68640,0.4846511001035548
68641,0.4867394824963541
68642,0.469819025288261
68643,0.5051250603745788
68644,0.5126917301395197
68645,0.46700155623040185
68646,0.47646947020442715
68647,0.4812096500007038
68648,0.4394701248158366
68649,0.7840882814219616
68650,0.4855291560823147
68651,0.49623040826224235
68652,0.4904128135779223
68653,0.3849338616350103
68654,0.3977716881664835
68655,0.5101632412960576
68656,0.4949280200349792
68657,0.48913745615518756
68658,0.47026074750834607
68659,0.4474404906475463
68660,0.4991235917933519
68661,0.4776196311639066
68662,0.4885755289834236
68663,0.4934469818627722
68664,0.47440244776001916
68665,0.48664015490473506
68666,0.48963235047546777
68667,0.4710125372508942
68668,0.4632680213829259
68669,0.4887580593627851
68670,0.470505242828213
68671,0.48093483537215875
68672,0.3012984961882884
68673,0.4467626141173303
68674,0.49332435520601753
68675,0.5260654670174939
68676,0.35073079069951263
68677,0.33661621108770107
68678,0.45752888921726054
68679,0.4939266198640555
68680,0.43402848377408887
68681,0.4929580154874046
68682,0.4807805460478896
68683,0.4647231512139694
68684,0.4600973348213662
68685,0.5028120263298889
68686,0.43989090060089425
68687,0.4954687936136427
68688,0.48173115205607203
68689,0.4610349652531158
68690,0.40572296173295613
68691,0.471865801728273
68692,0.44570781452445574
68693,0.4761231645755054
68694,0.4812397945695913
68695,0.4757313506425077
68696,0.5022622879585036
68697,0.4493019560765601
68698,0.47537692967752027
68699,0.4808611739581601
68700,0.487582677349332
68701,0.391850353536886
68702,0.4929838571057055
68703,0.48209132778125946
68704,0.5052146585742578
68705,0.5002936676303709
68706,0.7919026851407596
68707,0.46268210052950054
68708,0.5407322612778633
68709,0.4919479890149424
68710,0.4924093489402681
68711,0.5136609419062964
68712,0.5048270725067262
68713,0.4818788520454075
68714,0.32635134719304504
68715,0.5365727671413747
68716,0.48797175766506223
68717,0.4497274054508751
68718,0.45341798468849837
68719,0.4646405423894078
68720,0.45720035603920517
68721,0.4828422817942234
68722,0.4525198747704931
68723,0.3409261949610383
68724,0.45886345266808554
68725,0.4656757281536436
68726,0.5046337142726613
68727,0.5104538609503483
68728,0.4692164645375525
68729,0.4468736268864113
68730,0.4697181386876226
68731,0.4964608735424832
68732,0.22410768876566003
68733,0.5020948299064995
68734,0.4982079990075153
68735,0.45122815421692397
68736,0.49473288033872154
68737,0.5316109520370773
68738,0.45596212455175567
68739,0.4770651751734959
68740,0.36816112469814377
68741,0.49591702150672234
68742,0.4777627059877835
68743,0.4390796175692553
68744,0.47407259352203845
68745,0.47301499134023006
68746,0.7381763220938184
68747,0.4767436642316238
68748,0.4597957374414636
68749,0.4171160985886203
68750,0.8195702987940637
68751,0.4347253201879209
68752,0.5074030472784987
68753,0.4997865601553708
68754,0.5199466242897005
68755,0.18386972999146084
68756,0.47394317204893577
68757,0.4870497583535103
68758,0.5057306359416149
68759,0.47147453761168967
68760,0.46409547587004807
68761,0.4870765559244349
68762,0.49998186700797104
68763,0.49655497352409206
68764,0.3500589506083305
68765,0.46190226399677703
68766,0.4133426491279719
68767,0.4320424859891949
68768,0.7821707660134087
68769,0.46600362774895077
68770,0.48208532165327894
68771,0.4858313924888527
68772,0.46368445116247337
68773,0.45462415295528125
68774,0.43911327890309854
68775,0.4811528502611434
68776,0.5298108684320673
68777,0.44555745679374587
68778,0.4755914029614776
68779,0.48808945044161206
68780,0.4825060053013641
68781,0.4726934154244261
68782,0.5145971528368022
68783,0.47045316967910855
68784,0.512537922083365
68785,0.49752866422403197
68786,0.4594014599879567
68787,0.4279901023037276
68788,0.45965628523964996
68789,0.4671548535062126
68790,0.48209428975528046
68791,0.48219884643769556
68792,0.5031157143532551
68793,0.46052162736913105
68794,0.4848368921611844
68795,0.4807920014178428
68796,0.4801424775857507
68797,0.6553983377840491
68798,0.46198152219529265
68799,0.5275148961581091
68800,0.46171479024562045
68801,0.36461634890342115
68802,0.44606138734588796
68803,0.48420282143734805
68804,0.478093933689984
68805,0.5004642716621558
68806,0.47171808997843456
68807,0.4638921954373238
68808,0.4291180639660519
68809,0.46368059500637127
68810,0.48017863707622177
68811,0.532577893283417
68812,0.4805946464009142
68813,0.4423936391830547
68814,0.5031455095652351
68815,0.47042162559900347
68816,0.44505855486631524
68817,0.7527433154669376
68818,0.5002949190413023
68819,0.4603919011736268
68820,0.4427309202569648
68821,0.5037440154116913
68822,0.48805549987083396
68823,0.45484069845908137
68824,0.3132221885362637
68825,0.5078361964575677
68826,0.5003626486458007
68827,0.5033359485508837
68828,0.5005749158746287
68829,0.4840901093451218
68830,0.47975577197870933
68831,0.3513817120201912
68832,0.47481232829210385
68833,0.511592239765178
68834,0.5019170453990638
68835,0.49852960027889454
68836,0.44587046443548345
68837,0.4837979090320886
68838,0.4680112695964308
68839,0.4861419133983206
68840,0.8101736895918359
68841,0.4512322026388968
68842,0.47104108834742175
68843,0.4722069380296652
68844,0.4907562683273913
68845,0.5246532586188319
68846,0.48504176424036943
68847,0.4753610289506425
68848,0.3985587824468246
68849,0.4893474101927725
68850,0.4699969229536822
68851,0.49407942994871584
68852,0.8212764443759759
68853,0.49273559930461835
68854,0.45468713458395293
68855,0.4463479624197348
68856,0.44991086218920406
68857,0.4483687838071798
68858,0.4741953698257026
68859,0.3620265522921402
68860,0.4541172968018124
68861,0.43399491779058086
68862,0.4733092962505615
68863,0.13597590703923185
68864,0.45438260737894126
68865,0.4921354774957313
68866,0.46063389403823396
68867,0.3123638292295692
68868,0.48927531476784797
68869,0.48754244402110564
68870,0.3770449123200986
68871,0.4928379634836013
68872,0.4931563937675972
68873,0.44332676219005096
68874,0.5194714921989093
68875,0.5047495594405162
68876,0.5288006179925238
68877,0.5265304793828106
68878,0.3863802189056934
68879,0.47921745945134686
68880,0.5274286213728834
68881,0.22726672285888366
68882,0.5170700444810926
68883,0.500599610635435
68884,0.5015092026586919
68885,0.4638141092392192
68886,0.4845675724951867
68887,0.8169936104422659
68888,0.5563882034973952
68889,0.47441721707981777
68890,0.4882427950511782
68891,0.4779731482498965
68892,0.46621226610619404
68893,0.48450081309224285
68894,0.4950800822681095
68895,0.45211196036559037
68896,0.478394702837967
68897,0.4521375930950843
68898,0.4713562312111641
68899,0.4862842484694353
68900,0.4946513145876399
68901,0.4694987255567108
68902,0.44766037347342647
68903,0.472429911119584
68904,0.45558142773494065
68905,0.4870172937097914
68906,0.4722247880592646
68907,0.4755801444484818
68908,0.4752562191778977
68909,0.49819761483899205
68910,0.511949937975154
68911,0.48351195568732386
68912,0.46437439297754707
68913,0.4575531686027675
68914,0.4746334510453254
68915,0.8304805289030799
68916,0.4668682192013104
68917,0.4799822750651128
68918,0.538126117298631
68919,0.46636627640708794
68920,0.5072590731337419
68921,0.5138514587270041
68922,0.48508761462545685
68923,0.4753911094887338
68924,0.4849522765943066
68925,0.33296063771750495
68926,0.48920652267173176
68927,0.511113716405874
68928,0.4619920807806129
68929,0.4746458586950351
68930,0.5007727002805058
68931,0.3252656794502726
68932,0.5298857126897483
68933,0.41763186049834
68934,0.48811868287425486
68935,0.5006364846153646
68936,0.477535097027007
68937,0.3987856084118736
68938,0.3392024804314736
68939,0.4787911734407081
68940,0.4725918754355715
68941,0.40033604048062305
68942,0.47498261217324156
68943,0.4705576318018023
68944,0.7823105185521555
68945,0.4749524794722985
68946,0.45278811450897777
68947,0.3772115776337726
68948,0.48999197058323285
68949,0.503569274384687
68950,0.4814777925424435
68951,0.4408896367050663
68952,0.5113947860439281
68953,0.4819248938628775
68954,0.5123959638118225
68955,0.4785543765923864
68956,0.3849349961700799
68957,0.47467038899325137
68958,0.496460934131894
68959,0.5093888509715475
68960,0.4937561884794423
68961,0.33530548597169263
68962,0.48351563150480403
68963,0.4787846086036457
68964,0.5058763056416795
68965,0.3468053861360756
68966,0.4963582043361792
68967,0.46031470301073524
68968,0.4975530391132378
68969,0.49955013656313957
68970,0.4961685285393541
68971,0.5091166155366236
68972,0.47792499334417127
68973,0.49361030404719797
68974,0.805931061060595
68975,0.49482317600621495
68976,0.4753678992184146
68977,0.46071410177928707
68978,0.49050738419896156
68979,0.48929124035143207
68980,0.47573762277745174
68981,0.48052779222419334
68982,0.4641965685666446
68983,0.48111220410334166
68984,0.5021404379223114
68985,0.48275441395453933
68986,0.5156115129311105
68987,0.4628430899312994
68988,0.1751949117078076
68989,0.4764250737456911
68990,0.5985845683796807
68991,0.47541395357280636
68992,0.6880769469009728
68993,0.5021487748674862
68994,0.35554332028032065
68995,0.47548532328936133
68996,0.5123838102197102
68997,0.457967110291531
68998,0.4912238565920153
68999,0.5114043594236249
69000,0.4643026223706422
69001,0.4622546237327334
69002,0.4506103517410167
69003,0.4998076648178854
69004,0.4993593280184412
69005,0.4890542694726605
69006,0.5192927217377962
69007,0.7797177579545929
69008,0.47215822661130286
69009,0.46922120551682267
69010,0.4850031297946286
69011,0.3633142490560579
69012,0.4828207852112013
69013,0.31961599459964923
69014,0.5034984650653823
69015,0.4934886648452588
69016,0.46908922741094033
69017,0.5033598058838756
69018,0.4982964142782895
69019,0.4810531521716131
69020,0.4219270301497897
69021,0.4784043890467095
69022,0.48678349664903153
69023,0.4909957030573475
69024,0.47703516639802224
69025,0.5050443964692894
69026,0.4734866645772624
69027,0.4824117070035065
69028,0.4847535489218529
69029,0.507721993306834
69030,0.43586098410850505
69031,0.46605636881565027
69032,0.7888225389285553
69033,0.5041268488530792
69034,0.4478950811571325
69035,0.5028486433582051
69036,0.46260800795304846
69037,0.4549559058061832
69038,0.4672020330490977
69039,0.4862657679266177
69040,0.5000244351970765
69041,0.49622863169464193
69042,0.4777780004892357
69043,0.49048407381581316
69044,0.5240451980121691
69045,0.27272152141495887
69046,0.5046215409925319
69047,0.46520461333948543
69048,0.4522466868591354
69049,0.4742338320622004
69050,0.46358413410982924
69051,0.4910923330712728
69052,0.5446698838622924
69053,0.47639148194754477
69054,0.4711216814526924
69055,0.4656353933583027
69056,0.522702485818792
69057,0.43728656629808804
69058,0.4764328633210514
69059,0.48166399889780454
69060,0.51655464715698
69061,0.28508008735658313
69062,0.3619292992867236
69063,0.440576931256653
69064,0.46526394743822214
69065,0.4410768924468913
69066,0.4876714814539286
69067,0.4409086138063062
69068,0.5052421405134905
69069,0.4692858408251782
69070,0.4954311612045611
69071,0.5129313219346139
69072,0.46534644104622225
69073,0.46811526221036004
69074,0.47949617570067826
69075,0.4873681907880093
69076,0.46880899205300997
69077,0.377169914295671
69078,0.5142027233878589
69079,0.32796247485781993
69080,0.4650903961950186
69081,0.47024848699598076
69082,0.4968357298721409
69083,0.496561604878767
69084,0.366993791955302
69085,0.36533370148895733
69086,0.47859701124469645
69087,0.4028116130638951
69088,0.4613885934575425
69089,0.4886114158102588
69090,0.4586066958913807
69091,0.4536827997119523
69092,0.4918089187087137
69093,0.49905272965171216
69094,0.4769863641658237
69095,0.4626833741362164
69096,0.4996516588295613
69097,0.4807876447704385
69098,0.5038762365496512
69099,0.48668476859760923
69100,0.4170463557967462
69101,0.49920912470173995
69102,0.47997875979867033
69103,0.5006589240221132
69104,0.4768235735902858
69105,0.5066977851588894
69106,0.4935856208179319
69107,0.4616971395501617
69108,0.4971102408891023
69109,0.46198053497595976
69110,0.5004812320852838
69111,0.4666561506943131
69112,0.48575453041066463
69113,0.5138289817720042
69114,0.36059469095136193
69115,0.5110311036151677
69116,0.5172190975551867
69117,0.5227621589876146
69118,0.7926399152456562
69119,0.36460548641838103
69120,0.3356491085638585
69121,0.5161527528224372
69122,0.4765494921707609
69123,0.4031244601241181
69124,0.5022590402363041
69125,0.4748444850938224
69126,0.46900297107644495
69127,0.4919839332611718
69128,0.4848119722328037
69129,0.4957129634314076
69130,0.45148186830475795
69131,0.500713273006937
69132,0.3381855434596373
69133,0.4507676734404139
69134,0.4740681019261262
69135,0.4397255625550842
69136,0.4950232227936002
69137,0.3992005324459059
69138,0.30628555349370074
69139,0.49111175883126046
69140,0.47391338630518276
69141,0.4713683388415052
69142,0.49555824558886163
69143,0.5460882155770265
69144,0.470599258484222
69145,0.4922404877917611
69146,0.5105167125069403
69147,0.4625979226455577
69148,0.5256846492793932
69149,0.5096495935435166
69150,0.49734769701548054
69151,0.33292143054906104
69152,0.4583220183600469
69153,0.5246939940346133
69154,0.47068272756212437
69155,0.48320149823786224
69156,0.4870584634478452
69157,0.342096183343926
69158,0.47223795506564303
69159,0.502787885689772
69160,0.7586320635027491
69161,0.46647897558439155
69162,0.46185608608450335
69163,0.48752365046570545
69164,0.4589729268077142
69165,0.42688625287904836
69166,0.4457865913821393
69167,0.5093469058772597
69168,0.489567925763757
69169,0.46282227133243914
69170,0.49930270300599244
69171,0.17919397350290425
69172,0.1520623059018356
69173,0.5076354231737333
69174,0.518927537490545
69175,0.8221732618533606
69176,0.4806914839070925
69177,0.4786055544946401
69178,0.48832251495158707
69179,0.4728958696898274
69180,0.4848556311043684
69181,0.4626543523180224
69182,0.4692594436173506
69183,0.5036086472073904
69184,0.47217350862386387
69185,0.4756083274422235
69186,0.4700240541768547
69187,0.5301139901605795
69188,0.49330961052732036
69189,0.35945071124767336
69190,0.45968891973796183
69191,0.4583436880487301
69192,0.781430354520114
69193,0.5070869492129684
69194,0.4914867012087092
69195,0.4941000118906452
69196,0.5245344087618921
69197,0.4104663511227403
69198,0.44845769382371914
69199,0.48741397303259704
69200,0.4995409449520413
69201,0.47175104028405485
69202,0.4602248037747266
69203,0.4966230004357435
69204,0.4977619292509297
69205,0.5086676899516409
69206,0.47733226669490714
69207,0.49748336575218693
69208,0.46047965301821014
69209,0.509739042540554
69210,0.808030066816895
69211,0.5046951972898095
69212,0.48605965231710546
69213,0.21780111889115025
69214,0.8006163996046705
69215,0.48416421471903165
69216,0.4807169036996919
69217,0.5612234100026343
69218,0.4705289197710463
69219,0.5040018513201205
69220,0.509221753758997
69221,0.47424129771275314
69222,0.5034500179376128
69223,0.4920648089666593
69224,0.310295725008389
69225,0.32111463021464876
69226,0.5062777310026263
69227,0.46309362237414253
69228,0.448254270647801
69229,0.4596112694361082
69230,0.5023993848651442
69231,0.7757434665308247
69232,0.41994767084085693
69233,0.5031506730322665
69234,0.48594386301364156
69235,0.43836397230515867
69236,0.4414501494909826
69237,0.511630185844283
69238,0.32797435593871405
69239,0.4671715241761916
69240,0.4779243914096949
69241,0.47638344353859235
69242,0.47040790327071313
69243,0.5017045553361094
69244,0.4750851713287317
69245,0.5018148973905655
69246,0.5037035226022125
69247,0.506023217874326
69248,0.30433475983031544
69249,0.4818095952749759
69250,0.49167798142117397
69251,0.49771249689657526
69252,0.42949352007048147
69253,0.47455160550072784
69254,0.49354509551321746
69255,0.47501598831213665
69256,0.49321083344940947
69257,0.45171458729932695
69258,0.48179253433568303
69259,0.4722476764997404
69260,0.5031707361787915
69261,0.4947619616182853
69262,0.45093775533245883
69263,0.45726166181075545
69264,0.1958761447646295
69265,0.45907670209665985
69266,0.519511363492314
69267,0.4886500090391606
69268,0.38808316200128257
69269,0.4922008467262535
69270,0.45233380584681504
69271,0.48177657871116886
69272,0.3165109677990082
69273,0.4793109174910876
69274,0.4756584430067057
69275,0.48899038247296456
69276,0.47806659667179374
69277,0.5177948785370685
69278,0.8162563800807857
69279,0.4779787260804571
69280,0.4697675478290413
69281,0.4773433047049751
69282,0.3066082237409854
69283,0.6498539905925289
69284,0.49796290757779343
69285,0.4924094226745625
69286,0.4827098373060661
69287,0.39901326924116587
69288,0.4706709886349527
69289,0.4856172813044956
69290,0.4740869597509882
69291,0.4901376062470999
69292,0.7069827221733043
69293,0.4696499617500891
69294,0.4777690177466176
69295,0.3663800582040356
69296,0.5158622779250867
69297,0.4673553686838616
69298,0.4795225180160221
69299,0.3852969705716338
69300,0.4653576321750501
69301,0.5378802645120491
69302,0.4976160508244817
69303,0.5085763433782013
69304,0.47168304707866643
69305,0.42837300844604564
69306,0.3778169777003938
69307,0.4781493177687615
69308,0.4546777786348373
69309,0.495919766694973
69310,0.45648274787288284
69311,0.48491647924370646
69312,0.49393811657023634
69313,0.4798427713768588
69314,0.49925522420879703
69315,0.36564703605659366
69316,0.45816973170010905
69317,0.5017341788683704
69318,0.4766522510684209
69319,0.4996354330771789
69320,0.47969977961383925
69321,0.4717036662833085
69322,0.48927850356152547
69323,0.47728270779951
69324,0.4706576282978638
69325,0.48477147656420294
69326,0.5167586551894906
69327,0.490990398394838
69328,0.49777461416587077
69329,0.4695000540803834
69330,0.49139941153772926
69331,0.34070820334921936
69332,0.7490675954089523
69333,0.5275822364807904
69334,0.5335126569417374
69335,0.5147772787396871
69336,0.48971619197319854
69337,0.48601815199795856
69338,0.4957954583527856
69339,0.5017313093391345
69340,0.4940016830351909
69341,0.4929639348615349
69342,0.4826608206040355
69343,0.47292981390643646
69344,0.46108784892048316
69345,0.4973789491777927
69346,0.4264644212074896
69347,0.47581578951439973
69348,0.46849866246659466
69349,0.47763887492727597
69350,0.4865115993610367
69351,0.4589673906525857
69352,0.5105118913621809
69353,0.4626558899147354
69354,0.48329190211823914
69355,0.45815712700107186
69356,0.511432002594338
69357,0.4692541224130214
69358,0.4598172771247487
69359,0.5005086548587723
69360,0.2613948287187175
69361,0.4734011808331642
69362,0.5117549808033
69363,0.43385613925029365
69364,0.4434329426374234
69365,0.43344605410889014
69366,0.6024224134738335
69367,0.49605181503418033
69368,0.5129316337120462
69369,0.3821466217393847
69370,0.4880337649088257
69371,0.4724550506827294
69372,0.506698178150389
69373,0.4793738437041192
69374,0.4904146588408207
69375,0.49592934489857243
69376,0.49251894144311253
69377,0.48717636518758967
69378,0.4350303739557936
69379,0.4936047956107089
69380,0.5035757528900842
69381,0.4771881268112338
69382,0.4928684868635223
69383,0.4776466689829316
69384,0.49763747209564857
69385,0.4850004778384003
69386,0.46454921111450476
69387,0.46964994080381717
69388,0.4687894426576926
69389,0.4668624561469585
69390,0.48769624657036115
69391,0.5048553108178429
69392,0.5188110651178134
69393,0.4355022757823984
69394,0.5046796617741364
69395,0.5051064495001898
69396,0.4803838772675325
69397,0.49273985729985287
69398,0.4909997365034978
69399,0.46503401518114706
69400,0.5296410722242089
69401,0.44895456543107937
69402,0.7269100063603318
69403,0.49725926088696637
69404,0.4895251458027451
69405,0.4706332190866856
69406,0.47893434084942044
69407,0.4743511475709847
69408,0.5026157448433688
69409,0.48585138622401264
69410,0.5165262771642616
69411,0.46665706094465054
69412,0.48833921389839763
69413,0.4892154509422949
69414,0.2588641296455102
69415,0.49927233016992256
69416,0.35736813191179195
69417,0.5208328863746241
69418,0.4698296787666478
69419,0.5103511484637996
69420,0.5032666825066804
69421,0.4600918374342186
69422,0.5054839496180161
69423,0.5560557270102326
69424,0.4766324473558936
69425,0.44089495978358106
69426,0.49019101233434836
69427,0.5067339173870246
69428,0.402847237590776
69429,0.4720167891888997
69430,0.4899602193555477
69431,0.3959145856840305
69432,0.4824721254954224
69433,0.4973053619890879
69434,0.5158486038524404
69435,0.48849376076832973
69436,0.48057083628996056
69437,0.3482875776838916
69438,0.4815903562653569
69439,0.49848901694425873
69440,0.5046466593540502
69441,0.41896052271324796
69442,0.5031819695893796
69443,0.4687731814797329
69444,0.4635276735836381
69445,0.5036503069929863
69446,0.4889718832306498
69447,0.455650988453038
69448,0.4885186333508643
69449,0.5105307419498557
69450,0.5024693439632426
69451,0.4875511039695547
69452,0.4808970756698832
69453,0.35835790380944577
69454,0.45831494111196636
69455,0.43816076908665985
69456,0.5024968298846823
69457,0.5015864641724991
69458,0.485976041916097
69459,0.4524123905860927
69460,0.5116642923490387
69461,0.44113201520917483
69462,0.4750305245807918
69463,0.7285767245640914
69464,0.48667951441533824
69465,0.5887076959521426
69466,0.5123466742545733
69467,0.4596491453897854
69468,0.4861069578547612
69469,0.25978093309158895
69470,0.48790612958071544
69471,0.46891295336253813
69472,0.5220533381644837
69473,0.49107911117339287
69474,0.8045442888035771
69475,0.46670429264152274
69476,0.4471067592881727
69477,0.48648572750057717
69478,0.42624810236724
69479,0.4926838686917273
69480,0.440608772914736
69481,0.48083474021759687
69482,0.4579209397283645
69483,0.5387386579660499
69484,0.4739099694183794
69485,0.6191748539248418
69486,0.49066718845070456
69487,0.474949256805438
69488,0.454345836750502
69489,0.4929405965696876
69490,0.4884573456764299
69491,0.46774854082682377
69492,0.3414994664270937
69493,0.6329505241494312
69494,0.5166455490034554
69495,0.4898227133248676
69496,0.5294956516995882
69497,0.4526445180585408
69498,0.435640748394835
69499,0.48144549658742014
69500,0.4714992887902197
69501,0.46784706631783324
69502,0.4753119633508337
69503,0.48886870366083407
69504,0.47429415739736686
69505,0.48095717972456675
69506,0.7744587493084389
69507,0.4733594963215457
69508,0.527655698135722
69509,0.5019891030264307
69510,0.4973163830555227
69511,0.46012777906054037
69512,0.47712116583808906
69513,0.49773436090485557
69514,0.45512356811086474
69515,0.4181257030451756
69516,0.443832809272907
69517,0.450243720142113
69518,0.49163727009986746
69519,0.4161465337231482
69520,0.37389205091448896
69521,0.46479892135449663
69522,0.48670974697469505
69523,0.5417173921207944
69524,0.48654145742744237
69525,0.48664391041485866
69526,0.5607120646738698
69527,0.5167018766354282
69528,0.3614761133038349
69529,0.4894757406051825
69530,0.3310233635495762
69531,0.4884383387153939
69532,0.5054381216821896
69533,0.49844484904548264
69534,0.48316558262550946
69535,0.4743673217349862
69536,0.44528567001372454
69537,0.49184520606193344
69538,0.4819148328696682
69539,0.46985641654889
69540,0.4598531813414192
69541,0.4989586444702811
69542,0.48326203588309236
69543,0.40669149136981897
69544,0.4948038738949686
69545,0.47609401740271856
69546,0.49533699123997976
69547,0.5106205853940479
69548,0.32826213397873777
69549,0.48040760069161026
69550,0.48029811389916954
69551,0.4781937597255691
69552,0.47696110717255574
69553,0.5026040366366715
69554,0.4737485446511212
69555,0.45637679765185024
69556,0.4844685732017887
69557,0.47138864909751726
69558,0.4797985063221222
69559,0.542358063190325
69560,0.46327411950225095
69561,0.46223665440203876
69562,0.4783944330691535
69563,0.4579136000458309
69564,0.4368712786301038
69565,0.4731108736926123
69566,0.5143236264622095
69567,0.4949898171303242
69568,0.5146366696279286
69569,0.4941339469175785
69570,0.4941042152328248
69571,0.46334525552710926
69572,0.4617425322726325
69573,0.4896853659236778
69574,0.48520608182969405
69575,0.44323061253784996
69576,0.48689047099561605
69577,0.510298586283566
69578,0.47817195074734226
69579,0.519111535283573
69580,0.3757994942795124
69581,0.5160946802769286
69582,0.44650010329630724
69583,0.48695239170668536
69584,0.4773502980415887
69585,0.5022469284843963
69586,0.3457902732439282
69587,0.498037949346289
69588,0.4820868135266141
69589,0.48895309305567836
69590,0.4443203808352167
69591,0.45891770152652744
69592,0.4593391052816386
69593,0.46786464414339796
69594,0.26457595112571536
69595,0.5878489779317786
69596,0.4544680284428867
69597,0.4507847238522059
69598,0.5072127529520182
69599,0.45590265004900365
69600,0.49343179692510897
69601,0.5234833007384792
69602,0.4589473452192232
69603,0.8268431193838063
69604,0.48956652397983147
69605,0.4636808586580231
69606,0.4957487464673168
69607,0.4794727713152602
69608,0.3596876437424346
69609,0.46242758688043567
69610,0.48134238686646735
69611,0.45698442017575036
69612,0.35149378895474975
69613,0.2356780404413601
69614,0.47396309331883024
69615,0.5281969129530472
69616,0.4958558021181023
69617,0.519442832225761
69618,0.4239617454524938
69619,0.49529495111853844
69620,0.41211730276277664
69621,0.5018358628881436
69622,0.4458907263946635
69623,0.45941110758734904
69624,0.5033733349653421
69625,0.5103682552029422
69626,0.35820777819866356
69627,0.39199961827262464
69628,0.46587122279636606
69629,0.49038980399687815
69630,0.4902191333198319
69631,0.49528393106570445
69632,0.47225141971060797
69633,0.501794777240533
69634,0.4998131019466173
69635,0.49773702909073175
69636,0.4523982935863323
69637,0.5067668777840812
69638,0.43088976829922976
69639,0.47738156852829167
69640,0.3891199565699771
69641,0.753483367304483
69642,0.4821214671076526
69643,0.49798075498375827
69644,0.5388171967698707
69645,0.48822888652093704
69646,0.4782173699908926
69647,0.6035730769825802
69648,0.4960628490870524
69649,0.4943684780828016
69650,0.47097938629227976
69651,0.16018974290004498
69652,0.4830996069812439
69653,0.467573036604843
69654,0.4607940590337696
69655,0.46098744782603834
69656,0.4645987744992413
69657,0.4852173282851582
69658,0.49850745434882937
69659,0.42946871617229204
69660,0.48479187645831867
69661,0.4286836642999675
69662,0.47268617339149915
69663,0.4900192717234763
69664,0.4732219551594443
69665,0.5153564976103399
69666,0.4596592126270927
69667,0.532416108893502
69668,0.4960378213955226
69669,0.4751859524271137
69670,0.45822870913394415
69671,0.48547456768857344
69672,0.4495091677151423
69673,0.377217021634222
69674,0.41752915355330356
69675,0.5218357796452415
69676,0.4651683618332222
69677,0.4437874569902917
69678,0.4931157379875966
69679,0.5586926083393959
69680,0.3254992488641547
69681,0.5064685699686928
69682,0.476269938652819
69683,0.5033300952498176
69684,0.47614957961743176
69685,0.4787804689113227
69686,0.49645126389144195
69687,0.47197404385321207
69688,0.49913238057768733
69689,0.48838862300047803
69690,0.5106199980349456
69691,0.4642951846139428
69692,0.4606853761784666
69693,0.4946013526113985
69694,0.4390594903918966
69695,0.49038025488650344
69696,0.48626962986927513
69697,0.48363155572434685
69698,0.4735093154465751
69699,0.46034679345765084
69700,0.4228097632090734
69701,0.48488509010892406
69702,0.43750994390399345
69703,0.4865128326219643
69704,0.48201919258522347
69705,0.4902547373073034
69706,0.4988592381577134
69707,0.4944450951965109
69708,0.34110485761412024
69709,0.477402643623987
69710,0.3957916673852058
69711,0.3983031550530901
69712,0.4789850219367071
69713,0.347301065433891
69714,0.4627013325577219
69715,0.4547026285389685
69716,0.4773739548194701
69717,0.4892264766159477
69718,0.46574828988109274
69719,0.5296000644928147
69720,0.47427432447290907
69721,0.5302615463338158
69722,0.5347645067253891
69723,0.4822019250849369
69724,0.3497493988160867
69725,0.4718298334823121
69726,0.5170380355314776
69727,0.49195017783982975
69728,0.8329433070246588
69729,0.48121674800110886
69730,0.49264137764390503
69731,0.4843747805980167
69732,0.5672569428614209
69733,0.4382077702906078
69734,0.39874129677191605
69735,0.49248338780812395
69736,0.47031473702605686
69737,0.7870579718225558
69738,0.4896235512717259
69739,0.5074417157311718
69740,0.4820165195951728
69741,0.7703589405550928
69742,0.4621402473653861
69743,0.4525753440370772
69744,0.45433895043097206
69745,0.4807873093355548
69746,0.501668499294205
69747,0.5163819320188756
69748,0.32363072918486646
69749,0.4533322349223665
69750,0.49222964841430294
69751,0.5045844120345713
69752,0.4453999747442939
69753,0.5064066978972387
69754,0.33941425768302236
69755,0.35899718373189266
69756,0.33537021896316555
69757,0.4457536098785678
69758,0.47325123613390424
69759,0.4704375221371035
69760,0.4682583025789807
69761,0.46522416482704854
69762,0.5027626067640013
69763,0.4836481556361745
69764,0.36738722786619393
69765,0.5036712965951061
69766,0.3626727301388742
69767,0.503128684736343
69768,0.4848632917752431
69769,0.46599855061727613
69770,0.4693237560712966
69771,0.37462114005005837
69772,0.37647289352338914
69773,0.3902438395019891
69774,0.47418995188382645
69775,0.43576293142623257
69776,0.4708049651173569
69777,0.44262011396767864
69778,0.49813943277594314
69779,0.49877497158155226
69780,0.4421849156296135
69781,0.4756220824969145
69782,0.4882503818203125
69783,0.48973206264744434
69784,0.47851097745911203
69785,0.47543180740847374
69786,0.466034696275318
69787,0.4853024240997096
69788,0.4570220698250128
69789,0.4618183469563806
69790,0.5063854139106692
69791,0.49907591042947996
69792,0.5274612385623981
69793,0.504051964397074
69794,0.49037249190418664
69795,0.47086001802442046
69796,0.4944042195113263
69797,0.38937588446943144
69798,0.48885188409043584
69799,0.5041271793261135
69800,0.5104619659148313
69801,0.5053006140358296
69802,0.4712664096761096
69803,0.49709351090161236
69804,0.4632048798042705
69805,0.4724388361478792
69806,0.46440614279907866
69807,0.4336138436592754
69808,0.4921009780669966
69809,0.49121440719379467
69810,0.47034744212319973
69811,0.4432922340194704
69812,0.46834109043569394
69813,0.4574128417940808
69814,0.4720108127372824
69815,0.503058549897292
69816,0.4886817864910128
69817,0.48036432424151676
69818,0.45001889258121175
69819,0.5022968838306539
69820,0.5030539337650233
69821,0.4637740519328904
69822,0.5044384245540345
69823,0.7844875614215414
69824,0.3662378763786675
69825,0.5153507691948951
69826,0.4981007583939838
69827,0.4769610346443526
69828,0.4775984368564511
69829,0.500007135769276
69830,0.5017074160365628
69831,0.4591969329635347
69832,0.47830003770534146
69833,0.37029050762453936
69834,0.45906954977056935
69835,0.4722428685971891
69836,0.46651292538831024
69837,0.4476189429520343
69838,0.4189845195414965
69839,0.4960613120931829
69840,0.4971368916679428
69841,0.35697409265989555
69842,0.44439366514960743
69843,0.4991339109898285
69844,0.4756482031855227
69845,0.507798574074664
69846,0.5364478829729344
69847,0.48781638524488424
69848,0.49346558578494615
69849,0.49297384623243556
69850,0.4742847538400785
69851,0.34018906398295656
69852,0.4791698930889972
69853,0.4985262593462949
69854,0.47629085110696656
69855,0.4821906804202905
69856,0.49172850194539464
69857,0.4784519245891534
69858,0.49767878592473813
69859,0.331246025049588
69860,0.495345479730938
69861,0.4823678788794792
69862,0.4864123626599104
69863,0.4753639196990249
69864,0.4485848682292285
69865,0.5057477205208906
69866,0.5096654693913134
69867,0.5235358185012539
69868,0.31142803346132597
69869,0.4074977298776822
69870,0.4799322727010385
69871,0.5224751090027777
69872,0.48710367895464207
69873,0.4774228210123649
69874,0.4612325809670914
69875,0.4669251725951649
69876,0.4889287593444054
69877,0.45899592495136954
69878,0.4903927913841273
69879,0.5060550287634626
69880,0.44737136863149085
69881,0.49569231578919204
69882,0.48600465196270504
69883,0.506230542661424
69884,0.4615112581045932
69885,0.48866355033677156
69886,0.37001438312990814
69887,0.43439147123271304
69888,0.45782130188901005
69889,0.48231501357074347
69890,0.45539103220291266
69891,0.4759293720053003
69892,0.4644277283625614
69893,0.307427157813555
69894,0.45640206484798507
69895,0.44671584340652903
69896,0.4722296162515278
69897,0.21065011267991593
69898,0.33751451748037886
69899,0.4848843906044379
69900,0.5728191856588507
69901,0.35106406267254303
69902,0.45972349741519125
69903,0.46298916615042507
69904,0.497493398386639
69905,0.4580421984828203
69906,0.7856972021712978
69907,0.47274260511915234
69908,0.46280142311741634
69909,0.3773041380511247
69910,0.4802524742783457
69911,0.46368841483111856
69912,0.46042690899212313
69913,0.4411392836647828
69914,0.48474509579700253
69915,0.4800417236226374
69916,0.4834973546818474
69917,0.5106479807255465
69918,0.44076452445198605
69919,0.48859943916353676
69920,0.452867343717844
69921,0.43025696880102166
69922,0.4829466505709505
69923,0.47500792219255006
69924,0.3742853663854424
69925,0.30298638614676526
69926,0.5046308448910434
69927,0.44977305159104
69928,0.4824005137343913
69929,0.4126777958000464
69930,0.4553299620862409
69931,0.4614991915992099
69932,0.5104607507432435
69933,0.4958074079367306
69934,0.3491656893206302
69935,0.5122508994874049
69936,0.4898929743085347
69937,0.47637330334370565
69938,0.4005932034068989
69939,0.4694607864089203
69940,0.47068851045654303
69941,0.4680344665492867
69942,0.4737895111196949
69943,0.5198925974730964
69944,0.46873211425922884
69945,0.48002792020936536
69946,0.44558455913868933
69947,0.49736942272579304
69948,0.8099468829015346
69949,0.46250948275274933
69950,0.3894327928392759
69951,0.5076256049663466
69952,0.480542589954068
69953,0.39804021095317776
69954,0.34493581077279645
69955,0.49280555537881243
69956,0.480355101158667
69957,0.3758026930521843
69958,0.4674807495476686
69959,0.4682349954498328
69960,0.47642955516097135
69961,0.46397436592807134
69962,0.49216602921954217
69963,0.4580155429930125
69964,0.43890701080913175
69965,0.4962694277479508
69966,0.5138524774875147
69967,0.5006254438798505
69968,0.4725995872990349
69969,0.4875163578650785
69970,0.49286955320763004
69971,0.46009105265005995
69972,0.4730235462699949
69973,0.4940474854371333
69974,0.4511334732559142
69975,0.45968245932060625
69976,0.3929789686331675
69977,0.33712388096067514
69978,0.4882274539186314
69979,0.4815022549738487
69980,0.5112472577034628
69981,0.4987527211284428
69982,0.3343476059103218
69983,0.49744387106053023
69984,0.43890985095111845
69985,0.4975569135105167
69986,0.4746986614428746
69987,0.4913203744487066
69988,0.49243003719361256
69989,0.48305193639850097
69990,0.4937122948867901
69991,0.47200063988659957
69992,0.8080695099624552
69993,0.47335204748213744
69994,0.49237257742671936
69995,0.4804237287782474
69996,0.4580273119006344
69997,0.43493851356586805
69998,0.5161092722340915
69999,0.4583422016068551
70000,0.5207347299665682
70001,0.8211958809053376
70002,0.4775389789357808
70003,0.32102698404276186
70004,0.3931530490925403
70005,0.49186293238449696
70006,0.49371774188371137
70007,0.35513796512469215
70008,0.48348835504361354
70009,0.8149094066693809
70010,0.7896239560012671
70011,0.5371337542346712
70012,0.3993983464112133
70013,0.4572669059568206
70014,0.48774694037659583
70015,0.4615743606009135
70016,0.46518408563718733
70017,0.5100349452501838
70018,0.4851670174617127
70019,0.4550567289649895
70020,0.43049441410393496
70021,0.3708366072707733
70022,0.4756660689513703
70023,0.5069236589633996
70024,0.4450696703632752
70025,0.4931515069611603
70026,0.5345797518031681
70027,0.19973387548890884
70028,0.4099535253517691
70029,0.36130284451975186
70030,0.46466907986811706
70031,0.4698342898691485
70032,0.43671681942917495
70033,0.4667612526573842
70034,0.49151249854151624
70035,0.46734758848340807
70036,0.5198259689931112
70037,0.4593448026808517
70038,0.4682787121962483
70039,0.542932647886837
70040,0.4739489066826221
70041,0.4593343110515872
70042,0.4707719917854204
70043,0.5115551004805031
70044,0.49692015291264185
70045,0.4900721003860965
70046,0.4848458125853672
70047,0.5504462138439559
70048,0.46267121180900206
70049,0.498926964688015
70050,0.44407224999000716
70051,0.4529305101333678
70052,0.49980083090059657
70053,0.4933288110375419
70054,0.46412313172545966
70055,0.4944651768245963
70056,0.4911369514882359
70057,0.46092343233537736
70058,0.4968199477311929
70059,0.5199713981935655
70060,0.4649851692231074
70061,0.5393016726855202
70062,0.44209207530221883
70063,0.4615704973792773
70064,0.4686565959916654
70065,0.46192209775259374
70066,0.4442620202397819
70067,0.4692875777791786
70068,0.47147500550373883
70069,0.48448818092046325
70070,0.31033771769244345
70071,0.47542017121034685
70072,0.46870786829048106
70073,0.5239533567777863
70074,0.48503634380125743
70075,0.49579576524754687
70076,0.5116048193763881
70077,0.47450050204397887
70078,0.46459353588594143
70079,0.4594679031340397
70080,0.49879087869642663
70081,0.420809553877062
70082,0.4916157421149373
70083,0.8138943888303884
70084,0.48986685229712507
70085,0.47035210499254765
70086,0.4823758336135525
70087,0.4778999190524384
70088,0.49810686280423794
70089,0.46612919540564146
70090,0.4978202173802911
70091,0.4773436841174804
70092,0.366653131228585
70093,0.4906594159612825
70094,0.3521077522312237
70095,0.4956330289614117
70096,0.47480027703096445
70097,0.46787864117300115
70098,0.5180958929146485
70099,0.49660919818085575
70100,0.4701275278501234
70101,0.4597153974019935
70102,0.45714778098462205
70103,0.3718386816872371
70104,0.49119430644673434
70105,0.48227843879201404
70106,0.4773175086188727
70107,0.5098941931973088
70108,0.5019289474291122
70109,0.4075972307123714
70110,0.4747872156454122
70111,0.4629456988709931
70112,0.4140559033263531
70113,0.444602080546445
70114,0.4905462533184317
70115,0.4987133852741557
70116,0.4722100923130357
70117,0.49619627796149235
70118,0.5179092989338918
70119,0.5126945766382527
70120,0.4672845307981729
70121,0.4843021295734208
70122,0.49216226961305587
70123,0.5194230404432669
70124,0.483697280850866
70125,0.5104688958711997
70126,0.4997263325192541
70127,0.5030041600841084
70128,0.4280609484674237
70129,0.49454026949674845
70130,0.4178866578479255
70131,0.4975752835148431
70132,0.5203600998653085
70133,0.5026722517550914
70134,0.48474772000877764
70135,0.4949926372118655
70136,0.4791740494292346
70137,0.47450444567027916
70138,0.4246058212324677
70139,0.46837265866032574
70140,0.48514124169023953
70141,0.48307433038657793
70142,0.48436796890579004
70143,0.507998872088322
70144,0.48750445171574164
70145,0.48728246204518155
70146,0.4784460362841089
70147,0.4682076081043964
70148,0.47205328613670605
70149,0.5142024655791653
70150,0.46612834420653626
70151,0.4536529518474115
70152,0.5155889906078736
70153,0.5654494702438918
70154,0.5411500095694631
70155,0.4393942991250489
70156,0.4931739029962986
70157,0.4349123978365531
70158,0.47348296263506556
70159,0.5202023952761544
70160,0.728064614965322
70161,0.48137549553181486
70162,0.43107782107256043
70163,0.483980069667696
70164,0.5052332289827828
70165,0.7914140147481834
70166,0.7165156117356339
70167,0.47227560717715644
70168,0.5019686518228926
70169,0.4636396574182441
70170,0.48682887507468664
70171,0.5457124010396365
70172,0.49309900809690244
70173,0.4617660182885228
70174,0.4728169174733714
70175,0.4315654321491402
70176,0.4493248922778964
70177,0.48672124838372777
70178,0.46361713380122516
70179,0.3200346675359126
70180,0.4891354812179101
70181,0.48426036829343583
70182,0.44891009067127535
70183,0.4518147582605461
70184,0.5269240174118339
70185,0.4596510981200742
70186,0.36673300156830513
70187,0.4609543772351978
70188,0.4977407655955106
70189,0.4920208113241613
70190,0.4588852856590205
70191,0.5021118395178078
70192,0.4913182482417307
70193,0.7884448714828953
70194,0.5086940558977814
70195,0.5078613268391082
70196,0.48460137877866205
70197,0.36322979031299485
70198,0.48513208289368714
70199,0.5079566903344219
70200,0.33996727336784704
70201,0.5058021212872088
70202,0.47509859126013065
70203,0.4475858475165405
70204,0.47538373262862066
70205,0.5083937569426321
70206,0.48221587188350956
70207,0.5114061458930128
70208,0.4751505030301797
70209,0.48205280522696436
70210,0.4338686274677198
70211,0.43536696072539394
70212,0.48839823554373024
70213,0.4793455103458963
70214,0.4905509295929127
70215,0.33182409355163134
70216,0.4239578941976935
70217,0.46174746332874705
70218,0.5029388134447976
70219,0.48309792753504693
70220,0.7122525214922208
70221,0.5246785930955903
70222,0.454368802180529
70223,0.4933639758914836
70224,0.4997343422468086
70225,0.45680502781675897
70226,0.4981862998119978
70227,0.48926369260838753
70228,0.798271324676074
70229,0.47074960881002714
70230,0.446881291769208
70231,0.3896070033777594
70232,0.5084191846567694
70233,0.3510691607669232
70234,0.510232147532163
70235,0.3705515583593883
70236,0.4683141708819865
70237,0.36448127865966423
70238,0.46563756900188136
70239,0.479513069494526
70240,0.48938097101476674
70241,0.4750252738609108
70242,0.4325342517519178
70243,0.450268271333809
70244,0.48396769373583515
70245,0.4605612573741903
70246,0.48373828621351095
70247,0.5016836703296028
70248,0.4842161240018628
70249,0.48703135033041633
70250,0.47665186080046473
70251,0.46030508146528515
70252,0.5055292767621468
70253,0.5016069164951013
70254,0.5168106032707951
70255,0.3860742563741085
70256,0.5015888215048566
70257,0.5016226373381881
70258,0.5077265748466997
70259,0.6752122438199356
70260,0.4774084511743621
70261,0.4749464178063561
70262,0.45879927190801045
70263,0.46822041158872657
70264,0.4859270196352333
70265,0.48949291995139094
70266,0.49070304492041034
70267,0.500092494073578
70268,0.4723505369878298
70269,0.5380373353299792
70270,0.4822411528093541
70271,0.4395103256530134
70272,0.43551142171095414
70273,0.5011950986257373
70274,0.4535957769429048
70275,0.49538696634156776
70276,0.4962350683165148
70277,0.5153454860126091
70278,0.4699550433375406
70279,0.5025983613088274
70280,0.3494230916679169
70281,0.5320141137173318
70282,0.48559781132968344
70283,0.47144873908231943
70284,0.48810192852973916
70285,0.47525994819842526
70286,0.47302076460867737
70287,0.31742193153663995
70288,0.46293480981943497
70289,0.4673449998730765
70290,0.4935318593331133
70291,0.4686840492733393
70292,0.4818964108977048
70293,0.4998249434198626
70294,0.4877678497394284
70295,0.4972949043101441
70296,0.46981244715493076
70297,0.4963252881752882
70298,0.45855336796015944
70299,0.8188202426807607
70300,0.4865146206571148
70301,0.2644322822180298
70302,0.8022472833261274
70303,0.4714663800512833
70304,0.3842042516980076
70305,0.45598004995585395
70306,0.47696000030449287
70307,0.5180064934945141
70308,0.4728798978856377
70309,0.4612038104970517
70310,0.4607876729605857
70311,0.5026110137150461
70312,0.4716295109759785
70313,0.4902732458586552
70314,0.4603810679646998
70315,0.48110157158126765
70316,0.4790916247262177
70317,0.48718270401454633
70318,0.5895335900834003
70319,0.4789251327813897
70320,0.4610774695703562
70321,0.4874708194621466
70322,0.5123612682190727
70323,0.4808695150320617
70324,0.30425653537056185
70325,0.3984234509398281
70326,0.3803449319477644
70327,0.49983822376218967
70328,0.48145779640166453
70329,0.4829514315134148
70330,0.47927924915917414
70331,0.5100646604058677
70332,0.4503712825073896
70333,0.5156282648656929
70334,0.46938235774931475
70335,0.49736165224410883
70336,0.49907180644611104
70337,0.49341464868924556
70338,0.4796121572258286
70339,0.456682303005257
70340,0.438722192908642
70341,0.4381740431331801
70342,0.45702272946911393
70343,0.6916649322549655
70344,0.5150607888046072
70345,0.4586346429255611
70346,0.3640726721899429
70347,0.4890697720376524
70348,0.4861245309394687
70349,0.3229128919982203
70350,0.47919835703109537
70351,0.4479561248651997
70352,0.48055212421511717
70353,0.46224986153132924
70354,0.4881662814268369
70355,0.5170239003385799
70356,0.3178554719089937
70357,0.49726213369262484
70358,0.4803704518559787
70359,0.46608662082032587
70360,0.5454546615628765
70361,0.51012893566685
70362,0.4789654977658386
70363,0.4776166756420295
70364,0.45992891509395617
70365,0.4810527138655536
70366,0.40603593725627896
70367,0.49915663809759847
70368,0.4405509823135894
70369,0.502765557219219
70370,0.42785561977297965
70371,0.4866968184888547
70372,0.46931193965047513
70373,0.5108291424132038
70374,0.48331552687239143
70375,0.48364413559204167
70376,0.49805824293369855
70377,0.4930444982385461
70378,0.4791745964162947
70379,0.44000556829122994
70380,0.4763768967295099
70381,0.475291793719956
70382,0.4864496038054634
70383,0.4563604262245359
70384,0.45270941112952456
70385,0.4519618998095627
70386,0.48507954779277607
70387,0.3441516779700491
70388,0.4885362493321198
70389,0.4707905467213166
70390,0.5248330689310837
70391,0.7789119752309652
70392,0.5207141615910048
70393,0.44912789558809624
70394,0.46458285236051855
70395,0.4742561597727817
70396,0.47079743259238266
70397,0.43755216678442177
70398,0.4829155037671511
70399,0.4462841499729049
70400,0.48729344254410395
70401,0.46056744899891655
70402,0.4761483565482295
70403,0.6415005073999642
70404,0.49678529499651436
70405,0.46512446290320547
70406,0.46767777624551143
70407,0.4998352179235481
70408,0.4589556890746692
70409,0.46116748636658095
70410,0.3759968453123954
70411,0.44147749709802353
70412,0.4283621742840534
70413,0.4774601552673967
70414,0.4814234079777397
70415,0.441173538982749
70416,0.39778798378766145
70417,0.4672871541330483
70418,0.47398729221453706
70419,0.47052243915228364
70420,0.4507343229119013
70421,0.49310109946134983
70422,0.3979076623676564
70423,0.46532384983211594
70424,0.5116341271316812
70425,0.4806517495326808
70426,0.4807277117728131
70427,0.46183217220363204
70428,0.47400345459913
70429,0.4917580819519715
70430,0.49088936417550855
70431,0.4922560117717224
70432,0.48479885711801857
70433,0.47166938558264865
70434,0.43661415408401594
70435,0.48582803312631884
70436,0.4922737185257561
70437,0.5021949133026985
70438,0.47109366656807594
70439,0.49977641853152716
70440,0.4528471237921706
70441,0.4863472814128621
70442,0.5098888093411288
70443,0.45296528385977686
70444,0.49042169382365225
70445,0.4865947132333188
70446,0.4805904504334079
70447,0.512526702779783
70448,0.47686757545303043
70449,0.48298412942247254
70450,0.5234012999693051
70451,0.46468670271885415
70452,0.49737839483362933
70453,0.36381505736200986
70454,0.4748893112285807
70455,0.4846655358038361
70456,0.47955093764557627
70457,0.24600966082828596
70458,0.5076000564163922
70459,0.4992080785962107
70460,0.4943633680089581
70461,0.4773053861532194
70462,0.5230858579986227
70463,0.4428651707612379
70464,0.47198155708403694
70465,0.44619161892836645
70466,0.4886667089217475
70467,0.4903072314209251
70468,0.45800038062185516
70469,0.45148679544269193
70470,0.45598176928931233
70471,0.4772645339141241
70472,0.29181959105332045
70473,0.4679260800564728
70474,0.4611290863421061
70475,0.508594308712716
70476,0.47820403680821816
70477,0.4804300608267197
70478,0.49750631364125675
70479,0.39406628164088686
70480,0.48137857496570513
70481,0.4968285445974806
70482,0.455079188568499
70483,0.4884121179240356
70484,0.4682022612691503
70485,0.4719141649530433
70486,0.4069937783451128
70487,0.48440963866307934
70488,0.4479226366048919
70489,0.4600637880432033
70490,0.45880172877536646
70491,0.48110568998321196
70492,0.4925843814351176
70493,0.4627841205231485
70494,0.4798474104059695
70495,0.45426403274406923
70496,0.4692462947196685
70497,0.47684478984801326
70498,0.4688244543496299
70499,0.3760549856402215
70500,0.7390410865700876
70501,0.7816571329111517
70502,0.4490114311109162
70503,0.4688792259905439
70504,0.4947579651784953
70505,0.49827047631282967
70506,0.45232051502920223
70507,0.5049172820648132
70508,0.49272405602031955
70509,0.47134998765482017
70510,0.5067049054785444
70511,0.4637123450112152
70512,0.3658801440033802
70513,0.4908588907206818
70514,0.46780028592067224
70515,0.4568743698633096
70516,0.47560574167375835
70517,0.5137028452839368
70518,0.490577738542459
70519,0.43014621520487206
70520,0.48293335011252014
70521,0.45699536020207515
70522,0.4904382992808016
70523,0.4935743101084218
70524,0.47612381951403004
70525,0.4666526632924634
70526,0.4812434498430279
70527,0.5062258913840845
70528,0.46354757336752234
70529,0.4550398500320005
70530,0.4659475387501166
70531,0.5007525144411942
70532,0.49043611751368704
70533,0.3075534717515298
70534,0.48948599789176006
70535,0.5124117757233052
70536,0.7357463654803279
70537,0.49166377720389726
70538,0.81395175854189
70539,0.4587817798889291
70540,0.4565927216425934
70541,0.46741004553866394
70542,0.49086493761219663
70543,0.46109855154005813
70544,0.8022665007181287
70545,0.3652540395587155
70546,0.4844445953323234
70547,0.5219344865448365
70548,0.44546401587148265
70549,0.43573286241099307
70550,0.47033799160597967
70551,0.472416274104388
70552,0.4839314273771348
70553,0.18811715856048222
70554,0.3915789497208978
70555,0.5063189573717018
70556,0.47845887603880627
70557,0.8258880622813376
70558,0.46838051510650563
70559,0.45973727855908236
70560,0.3775581451340112
70561,0.5051664255017955
70562,0.5011314103680901
70563,0.5271688683439919
70564,0.47962266268153375
70565,0.4887423773148229
70566,0.4973401242263445
70567,0.48010181025968424
70568,0.45528508485995467
70569,0.8230333592938817
70570,0.4365295042593381
70571,0.4413410857436644
70572,0.48192206373538665
70573,0.4666984119890281
70574,0.49879026157396816
70575,0.46810179730197526
70576,0.34459009654701156
70577,0.4641502942919904
70578,0.5222435901027546
70579,0.4658427999052509
70580,0.32676289373241435
70581,0.5064873443599381
70582,0.4779494157715377
70583,0.4254185937444986
70584,0.4780151468675589
70585,0.5020800562176063
70586,0.49774584557078494
70587,0.49528536960000175
70588,0.8202392008827197
70589,0.45535317756945476
70590,0.2817088675946567
70591,0.47205554135036076
70592,0.4905589030842995
70593,0.3365091729774158
70594,0.47516103484902195
70595,0.4659470089880772
70596,0.5092164262765131
70597,0.4998458645231846
70598,0.487571092731676
70599,0.5081915098322601
70600,0.4720635938743467
70601,0.5111971258231288
70602,0.4477410358070616
70603,0.46207086390595487
70604,0.5037416504961272
70605,0.37219066642160814
70606,0.4689559811684228
70607,0.5129744400421542
70608,0.456246698520967
70609,0.5783692753004332
70610,0.5168681393732574
70611,0.4855669149830735
70612,0.6015667931737145
70613,0.4782639289138113
70614,0.41682167410286264
70615,0.48394754236215626
70616,0.464861440513665
70617,0.5253583262747005
70618,0.533789353720385
70619,0.3455306472669271
70620,0.47295493541890976
70621,0.5160111080442704
70622,0.5235175750926024
70623,0.4033060186693559
70624,0.4891132127597064
70625,0.45847786593129264
70626,0.4992205480737658
70627,0.4568141474894213
70628,0.5088486546461758
70629,0.4595138866562619
70630,0.5055371559775739
70631,0.39184846714267607
70632,0.4876333501676248
70633,0.4848365090826566
70634,0.5268367669949399
70635,0.4967886679224264
70636,0.5010660376197065
70637,0.479535167579709
70638,0.4850803851515588
70639,0.4856619546883161
70640,0.40643843976183147
70641,0.45870167845914067
70642,0.5057399517004042
70643,0.4983473624924057
70644,0.6061712208661052
70645,0.49987942074441527
70646,0.5377787602504691
70647,0.5271678029359529
70648,0.4834179815278058
70649,0.46542342316867774
70650,0.4284478396260812
70651,0.4809237950175407
70652,0.3271296052161806
70653,0.4743128244077551
70654,0.4847696345087637
70655,0.34069959672394406
70656,0.49559618907448627
70657,0.47343076429226866
70658,0.49600142787773427
70659,0.5070395932485272
70660,0.47253907443491144
70661,0.490036960097629
70662,0.4558128277865512
70663,0.5262021277530341
70664,0.5020892986539107
70665,0.4700158541899418
70666,0.44214092119346887
70667,0.5083051406863508
70668,0.5089652141000776
70669,0.4723332579782279
70670,0.45708548469002974
70671,0.46464978198984846
70672,0.4796572031581937
70673,0.4826069760367297
70674,0.7567471052178769
70675,0.433295374608207
70676,0.5111902459502309
70677,0.47559926647412415
70678,0.5096136502347852
70679,0.5124893771469371
70680,0.48428388820154
70681,0.6916059407482457
70682,0.4745963178296163
70683,0.7845317688599583
70684,0.480716947153918
70685,0.4937856377078817
70686,0.499947875437291
70687,0.33656384725107935
70688,0.49532048423031
70689,0.4824478888721066
70690,0.5189282119071116
70691,0.4572101158545153
70692,0.46788667143889723
70693,0.478723084824969
70694,0.4790119810150538
70695,0.7909692669159148
70696,0.4555219622435487
70697,0.34974274222980817
70698,0.5548798047476556
70699,0.4826669122718703
70700,0.3435366464873262
70701,0.5095726315726602
70702,0.461964945155129
70703,0.44066614452527153
70704,0.4879559352039011
70705,0.22541147976416925
70706,0.48037542202826955
70707,0.5048934179890467
70708,0.4641588837603931
70709,0.486723174084237
70710,0.5097290020552594
70711,0.31029824107957316
70712,0.4608437155229919
70713,0.48479021197708383
70714,0.4560599983942131
70715,0.4530056923324457
70716,0.48658333885263666
70717,0.4982565211582121
70718,0.4870873623111237
70719,0.512499694333664
70720,0.48361920356827215
70721,0.44286002953816234
70722,0.49347503923451735
70723,0.43773777998151303
70724,0.49721208334388844
70725,0.4268458006643857
70726,0.5066119631802923
70727,0.4906851890143633
70728,0.4588103536117511
70729,0.47244059093271085
70730,0.4476291278787049
70731,0.3290483671817631
70732,0.4895233549621737
70733,0.5013729160721558
70734,0.4797955237791227
70735,0.49686188204312604
70736,0.4945587183706696
70737,0.8065273699981903
70738,0.49369415778890074
70739,0.47187343383150887
70740,0.48609873831891903
70741,0.5074788964880254
70742,0.3590892585925227
70743,0.5186225959565366
70744,0.46525903937637536
70745,0.48072042210519733
70746,0.5074789594596427
70747,0.5015372737631892
70748,0.43464831286345973
70749,0.48379291749119846
70750,0.4866771080527663
70751,0.4870724663140005
70752,0.35406810488683876
70753,0.4891648870237456
70754,0.5496688104616353
70755,0.4857296258497369
70756,0.4932158426409663
70757,0.4928461607581514
70758,0.49281995442626114
70759,0.36787545662874255
70760,0.5134880890289072
70761,0.49184154122678814
70762,0.5310031998574155
70763,0.3495146084129406
70764,0.46112298844691885
70765,0.48386780179183053
70766,0.3937371914820865
70767,0.5114922991879527
70768,0.4754022604177176
70769,0.48920878746818613
70770,0.48237607994832327
70771,0.4513206049277281
70772,0.4648922130178653
70773,0.48299797202286765
70774,0.38197707428587446
70775,0.5147228280187741
70776,0.48594496204146587
70777,0.42058939595397327
70778,0.5010804751854185
70779,0.48655109455744894
70780,0.47622514931681414
70781,0.7151404280335905
70782,0.4974158610601253
70783,0.4932718083197688
70784,0.4888723828604232
70785,0.4617442726807879
70786,0.5160443691981488
70787,0.48366368297249235
70788,0.5069334791269824
70789,0.1493680219932553
70790,0.31350301133177594
70791,0.502312078995157
70792,0.44646128859243495
70793,0.5322681518655136
70794,0.49436347681687975
70795,0.5121279622905267
70796,0.48665159098576405
70797,0.4883644171444744
70798,0.3999405226320434
70799,0.5020246510156097
70800,0.4978821646972166
70801,0.49234679452179697
70802,0.5082875084447964
70803,0.8181195005877695
70804,0.47939002004769105
70805,0.49265512534421807
70806,0.46245697335415503
70807,0.47782728237709593
70808,0.44687740728454295
70809,0.4639138144217633
70810,0.48087970930491325
70811,0.6692872186209848
70812,0.4558853476456563
70813,0.4878416794737186
70814,0.4821222610107747
70815,0.6331473985754311
70816,0.4814725251893246
70817,0.4962033224947896
70818,0.46671437946269867
70819,0.4835296283539486
70820,0.3649421742024062
70821,0.4948330773150395
70822,0.5081008979879235
70823,0.5028769326351815
70824,0.44284837562925733
70825,0.49470447388563943
70826,0.4694636227801702
70827,0.474266516180686
70828,0.5196716106531123
70829,0.5590120808649919
70830,0.48172346782798026
70831,0.46277062477078035
70832,0.4720055262918307
70833,0.4747021104908312
70834,0.3241019528826358
70835,0.46569280928626117
70836,0.49821261142843865
70837,0.4803899012192157
70838,0.4781871144562547
70839,0.4807830959136937
70840,0.4855467720611262
70841,0.3798404213487281
70842,0.5261625752331496
70843,0.4646387916203403
70844,0.3431675607346333
70845,0.44696888679951935
70846,0.4989128645203545
70847,0.4397164675367843
70848,0.4963775155906257
70849,0.49992861304201197
70850,0.4983576599942029
70851,0.4643474239480422
70852,0.5027592826742048
70853,0.4949411412730894
70854,0.47528334124555605
70855,0.5155755287857687
70856,0.4905541015793289
70857,0.8133124083494456
70858,0.4952231816697862
70859,0.42358176875807985
70860,0.465331965183918
70861,0.47963751185121484
70862,0.4968354120390101
70863,0.37361653910689585
70864,0.47574372568227297
70865,0.4949208752772872
70866,0.5112314550765608
70867,0.4648190200201914
70868,0.5028027549200389
70869,0.4552096278335246
70870,0.5066080740223703
70871,0.4930956198443842
70872,0.3668911656587853
70873,0.5148087684000553
70874,0.45746353048541744
70875,0.5126444811694211
70876,0.4781742144855708
70877,0.367979953141678
70878,0.49094404754581034
70879,0.5272925957625756
70880,0.49211804559008265
70881,0.47264108329128834
70882,0.36854925699212837
70883,0.49844858613661436
70884,0.32727368237929744
70885,0.5078230800845223
70886,0.4341609824880219
70887,0.4953927596744758
70888,0.4707471071145086
70889,0.5052292275962232
70890,0.4664733813346219
70891,0.4906180939504599
70892,0.4575700381434647
70893,0.5321527985035746
70894,0.523174409108639
70895,0.5799151213487421
70896,0.4781640392518795
70897,0.4739807440778524
70898,0.48980620852833834
70899,0.500387936343758
70900,0.4886327132283795
70901,0.3957684614003673
70902,0.49897967869788445
70903,0.7736741855062139
70904,0.5000278980952104
70905,0.4348750531222008
70906,0.48833945963223335
70907,0.3676516376231209
70908,0.49059306354436816
70909,0.46798026441577956
70910,0.47745150230413813
70911,0.5202723691947871
70912,0.3817028907080485
70913,0.4753783760495949
70914,0.4946135337671146
70915,0.4727779863021184
70916,0.36011858432123006
70917,0.48107908782606656
70918,0.4738269227786834
70919,0.47810858595849093
70920,0.31181138371103967
70921,0.4561766419907004
70922,0.4069009878696435
70923,0.5148052204286553
70924,0.49148216391239435
70925,0.47737712265079657
70926,0.45818909119860657
70927,0.44888268928708047
70928,0.4743971120530599
70929,0.47957501424059656
70930,0.46921040626627597
70931,0.4864039028081701
70932,0.501798686463031
70933,0.4585689368229343
70934,0.47606073174035163
70935,0.44097153615490636
70936,0.47802144808585806
70937,0.49878552714729973
70938,0.4889184801427805
70939,0.45947481643723814
70940,0.4940726775905343
70941,0.4928126401475523
70942,0.47637087804852
70943,0.4564105836371175
70944,0.1943095277355751
70945,0.4771954211728537
70946,0.5114024073130029
70947,0.46778379951373483
70948,0.487164589852739
70949,0.44520021208532257
70950,0.5456530802863306
70951,0.45663994296983856
70952,0.4614847746069398
70953,0.44347659158605884
70954,0.46047501383243106
70955,0.5001224824335362
70956,0.4784092166904112
70957,0.5198217826725441
70958,0.4968104873111242
70959,0.4899296389989367
70960,0.48603839243659663
70961,0.5002699548118958
70962,0.4965392682554634
70963,0.4894087444346321
70964,0.49064852602310594
70965,0.3565401363154278
70966,0.5104028917882332
70967,0.4843186854267111
70968,0.4692652295233174
70969,0.5276101206807289
70970,0.46030389349476364
70971,0.4641866419576118
70972,0.5160542049800949
70973,0.4585629412656268
70974,0.47668107842523355
70975,0.4814518220931204
70976,0.47239545955988105
70977,0.49004286523528984
70978,0.4993299863295991
70979,0.4593836294110338
70980,0.4691263734077821
70981,0.507060770697827
70982,0.4459912388983873
70983,0.4895802387978832
70984,0.49760252462181565
70985,0.5226860320571765
70986,0.4764091451274781
70987,0.5068620877312989
70988,0.4716148937954475
70989,0.6899299073054426
70990,0.4825611911157912
70991,0.4626703987847107
70992,0.462550938724096
70993,0.4861619164172732
70994,0.4857455114513327
70995,0.46569281462880896
70996,0.4936744830989795
70997,0.49420811213926497
70998,0.4842836202808784
70999,0.44981825356623917
71000,0.4782775581856662
71001,0.6322173877170852
71002,0.47980023639490677
71003,0.4691642704083916
71004,0.4575571092580415
71005,0.4729069341121865
71006,0.46918938757967193
71007,0.4594062769613073
71008,0.5016593425914976
71009,0.4893552581012185
71010,0.4535240340048835
71011,0.36446153350586785
71012,0.5076194049922672
71013,0.4904384544016914
71014,0.5059711224795159
71015,0.4781288398136011
71016,0.4914560280818582
71017,0.466018307437232
71018,0.2249225997303206
71019,0.48555667041108913
71020,0.47516389699935246
71021,0.5093114973956194
71022,0.5344153387219532
71023,0.4680773030497686
71024,0.47489967423171875
71025,0.4869763201131707
71026,0.5260160521899624
71027,0.48705671126405736
71028,0.4358431536755484
71029,0.4785516738326849
71030,0.46834667734167257
71031,0.8223583211343852
71032,0.48794836470654024
71033,0.3960194833350174
71034,0.35747397855354457
71035,0.6075413271513129
71036,0.4723420434689051
71037,0.48037331007974265
71038,0.4817502221024195
71039,0.4618847197138382
71040,0.48525150007558626
71041,0.44500488405210825
71042,0.4527760121943204
71043,0.6340531636111227
71044,0.4791607699633592
71045,0.47510549873137564
71046,0.37867944509834184
71047,0.3206986386921545
71048,0.4442081812136763
71049,0.41294767186130155
71050,0.4882154694498902
71051,0.48964174289686374
71052,0.452428207766169
71053,0.4911424622799523
71054,0.48870810543656484
71055,0.4739203439815035
71056,0.4976045471483857
71057,0.48403476520328687
71058,0.4906345881500892
71059,0.46723625462348384
71060,0.4749782242811384
71061,0.8012825715912097
71062,0.4768474793260197
71063,0.34805765662817795
71064,0.47956327383018194
71065,0.30843849586738414
71066,0.46735348113270686
71067,0.481483130835314
71068,0.3715102415679135
71069,0.5135125457229011
71070,0.4047326361130872
71071,0.5638085606242377
71072,0.5076143165634469
71073,0.4872225653205775
71074,0.4947976235404862
71075,0.47601611093224877
71076,0.4862539062070469
71077,0.4650996798064144
71078,0.498291332143716
71079,0.4645627075370765
71080,0.44816038151603144
71081,0.46049396502740625
71082,0.5083161523164978
71083,0.4871015293655521
71084,0.44369811509881574
71085,0.46907491087521247
71086,0.3970950710973574
71087,0.3723475659448238
71088,0.4807443797618303
71089,0.4637083486986203
71090,0.43725183036585064
71091,0.35406137190433734
71092,0.4768627386012133
71093,0.4749090652730432
71094,0.727584550587939
71095,0.49215517005599496
71096,0.4963140265510134
71097,0.5239994165436387
71098,0.45989652851164137
71099,0.4923463635095152
71100,0.49135304589387535
71101,0.4557126020134603
71102,0.47696591350600914
71103,0.45310568014024105
71104,0.7760256934406019
71105,0.45985990253267406
71106,0.46142560817935707
71107,0.4841054955078353
71108,0.43293475078466814
71109,0.5003649550080334
71110,0.4587213915313069
71111,0.4917113414596047
71112,0.29890965717119294
71113,0.48827520101408917
71114,0.4649328250767794
71115,0.46831514031056726
71116,0.439505475030832
71117,0.30423103880386065
71118,0.30383129429041233
71119,0.4410951384863927
71120,0.47536605464928827
71121,0.4982459644528825
71122,0.7883302539313659
71123,0.4827110630240684
71124,0.4944879332708691
71125,0.47528842116221753
71126,0.5075150253315907
71127,0.6429509721334923
71128,0.4628317906540027
71129,0.48126169456977386
71130,0.5160195077830229
71131,0.4847048876246513
71132,0.4202088356612045
71133,0.46958836304886886
71134,0.5112784823354765
71135,0.5011916226857991
71136,0.4910372764839076
71137,0.45444095573140897
71138,0.4110627495282996
71139,0.4802269057820711
71140,0.49051329305180313
71141,0.4640763701240598
71142,0.4586089031752735
71143,0.4863281297464998
71144,0.47478979442365454
71145,0.4682865619640768
71146,0.5065798762107223
71147,0.40304003262321864
71148,0.4925038925791306
71149,0.4883798095212864
71150,0.4882493565753094
71151,0.4812035868678791
71152,0.4732064157301556
71153,0.46719515173872717
71154,0.48973851958951764
71155,0.4832547140363773
71156,0.4821338678193284
71157,0.8224990722689378
71158,0.37067600481201657
71159,0.4786077576533659
71160,0.5066139657680642
71161,0.7006929606520511
71162,0.5248944005944036
71163,0.48971141300503873
71164,0.4845335255615687
71165,0.4619635959481496
71166,0.45901195586737303
71167,0.4757309493967809
71168,0.48164681992797914
71169,0.4657058848295121
71170,0.49744990937884165
71171,0.4875436933856223
71172,0.5209489573284842
71173,0.47322183794026484
71174,0.45304868267369486
71175,0.49448712459107974
71176,0.42413947574562916
71177,0.5111439272183859
71178,0.7789402680053474
71179,0.4676330943072683
71180,0.4519257286731055
71181,0.41754579248518203
71182,0.46726992271757256
71183,0.4910910185562602
71184,0.4835331146224751
71185,0.4826241944035076
71186,0.47839798250112203
71187,0.32017603049343746
71188,0.49165013212137265
71189,0.4607711567646316
71190,0.473543280582789
71191,0.4920739866000011
71192,0.48093168499217304
71193,0.505375249641518
71194,0.3096935989857522
71195,0.5066255720921441
71196,0.4479746107989071
71197,0.471049287212006
71198,0.4972464925705222
71199,0.4825534890982357
71200,0.44968784564492337
71201,0.4687415370661144
71202,0.4922153140130706
71203,0.4655791154231331
71204,0.47161042436637013
71205,0.4675440573976912
71206,0.48324045221146333
71207,0.3862749194270663
71208,0.481957162543999
71209,0.47751209218428475
71210,0.45732969335372453
71211,0.48849152338842566
71212,0.48267792091417716
71213,0.4997116410854093
71214,0.46377642798592544
71215,0.4838937520743919
71216,0.25489485609644796
71217,0.3160945669777341
71218,0.3238607622964709
71219,0.47594750127504815
71220,0.37767397275936365
71221,0.48645430176015103
71222,0.3859467643589607
71223,0.4819357524883951
71224,0.7677106435253724
71225,0.3798724492226647
71226,0.33203598638125553
71227,0.39196821055759673
71228,0.22667418857616875
71229,0.3636874719233331
71230,0.2260536254748526
71231,0.5107636530076265
71232,0.47904928250415696
71233,0.48078374209434305
71234,0.5137222962420018
71235,0.3796052432045624
71236,0.8196933945315825
71237,0.7942279218646182
71238,0.4907548269293438
71239,0.47889595453185624
71240,0.4516663800353543
71241,0.4973960645776623
71242,0.4380513235656149
71243,0.490082871824719
71244,0.31852181279194913
71245,0.48766829494107333
71246,0.3460333701414361
71247,0.3451670495309759
71248,0.4677169248486389
71249,0.2549183725509795
71250,0.8276344288809854
71251,0.4957722632613529
71252,0.34262560413414894
71253,0.49549644271257537
71254,0.4881185248033131
71255,0.4607277252002432
71256,0.48155585033286097
71257,0.6538578854367677
71258,0.5059839989210306
71259,0.4987262392067846
71260,0.36383109928991
71261,0.4788299929592011
71262,0.4820646958471898
71263,0.3335570476294207
71264,0.4800901433319803
71265,0.348633568445872
71266,0.4993832137448784
71267,0.2824852375988523
71268,0.4679504779981031
71269,0.4780686486763466
71270,0.4755762750068819
71271,0.4380165439792172
71272,0.5201868677666097
71273,0.3445585879578538
71274,0.45408967406462597
71275,0.35548406140017985
71276,0.47978258795414913
71277,0.4900308546736574
71278,0.1863478647625827
71279,0.32289255541148565
71280,0.32715507045998504
71281,0.45282053660034194
71282,0.24074101567265657
71283,0.47795173694503357
71284,0.5064676299983413
71285,0.4735268769835139
71286,0.5000261719060688
71287,0.44252670148598705
71288,0.3098384336737857
71289,0.3930586130542025
71290,0.4676308202678847
71291,0.4940074693779736
71292,0.36650104081970647
71293,0.7104756850771629
71294,0.30602843329610274
71295,0.3123475170966076
71296,0.38498359099944673
71297,0.45748958568503995
71298,0.4794727856316487
71299,0.49089707242200364
71300,0.3581297866362628
71301,0.22410560561796472
71302,0.15661777155259354
71303,0.19930009631051449
71304,0.4752087870513126
71305,0.3515823917145853
71306,0.4783237870956015
71307,0.43531724571779185
71308,0.37444413953832223
71309,0.46404405245937247
71310,0.4774088954771598
71311,0.4896066387147159
71312,0.46433091803988674
71313,0.3766635920287048
71314,0.4757442977830912
71315,0.3506455888226896
71316,0.31631283788816666
71317,0.3676078560448927
71318,0.4856531937711838
71319,0.5023963986168323
71320,0.4879716926230454
71321,0.4901214692565922
71322,0.3405282930244041
71323,0.5000140205951485
71324,0.32426753147485865
71325,0.48293299958364755
71326,0.32352118628261384
71327,0.5205021995933159
71328,0.5008828020936644
71329,0.4819748865850061
71330,0.3231219009019357
71331,0.46520062899366876
71332,0.48804831314363256
71333,0.48173872585362076
71334,0.5009079735598276
71335,0.49195917882846474
71336,0.4718636674250921
71337,0.38621224838442675
71338,0.7727658453389482
71339,0.45750253713025646
71340,0.4738557792577335
71341,0.35988656339662095
71342,0.754737750772019
71343,0.31203347983473967
71344,0.7319869376576911
71345,0.4639177558009596
71346,0.46505406419114115
71347,0.4860862598065979
71348,0.49297693677526594
71349,0.49114133017369566
71350,0.462273344737498
71351,0.35988624539044023
71352,0.48916991686613387
71353,0.47969694432248156
71354,0.5027922838264656
71355,0.4691628730049313
71356,0.4781285891643237
71357,0.48944547101295405
71358,0.47517758051165304
71359,0.33876047957945876
71360,0.342578705745208
71361,0.499726715358215
71362,0.48006857194836666
71363,0.8083474800739858
71364,0.373952553902579
71365,0.45902299947526704
71366,0.3744069944137379
71367,0.4966365139987412
71368,0.4730796067204477
71369,0.33515370303637015
71370,0.4358034170664215
71371,0.49256391115750753
71372,0.4877865548065519
71373,0.16991929801631628
71374,0.47638697502601274
71375,0.4623666749270855
71376,0.384157590346028
71377,0.3290498080790713
71378,0.20258876392130898
71379,0.20666050849693887
71380,0.49637421149119576
71381,0.3364859793662457
71382,0.5016551045120089
71383,0.2847035399211541
71384,0.4846150115081702
71385,0.4899166025192428
71386,0.4951561926072411
71387,0.49915641836121194
71388,0.4531299655617976
71389,0.4820521311737357
71390,0.5086851342202401
71391,0.34758247240545803
71392,0.49018320859353076
71393,0.465744235714042
71394,0.37689725555195325
71395,0.32343387232496557
71396,0.4645400465229929
71397,0.48710161314658906
71398,0.36168335683839453
71399,0.49713698573368104
71400,0.34953223733414396
71401,0.5096510629070603
71402,0.3185826090224991
71403,0.5054723474309497
71404,0.3407851892448077
71405,0.5111261487451993
71406,0.4739833222564195
71407,0.21110415577284064
71408,0.24212306658402516
71409,0.4755349026651029
71410,0.33539032341363606
71411,0.32437265015087846
71412,0.4732143291783239
71413,0.4396197799213063
71414,0.46537627755822725
71415,0.18895464190139505
71416,0.4496544422002909
71417,0.46079838848056043
71418,0.49775638219742163
71419,0.5007935897992061
71420,0.49237318495455296
71421,0.17161552658037282
71422,0.4569651324566989
71423,0.5092754913537896
71424,0.4780043790594816
71425,0.38544360360780566
71426,0.5056540010713747
71427,0.3819759942900444
71428,0.49994640683337765
71429,0.4049951973506676
71430,0.5009425925068286
71431,0.49133234964046313
71432,0.49414638982582093
71433,0.4955718007320553
71434,0.46527148760911957
71435,0.5268374013639244
71436,0.4581578678684189
71437,0.48534686586477604
71438,0.49907375842753143
71439,0.4615286104876402
71440,0.48027872382043674
71441,0.4434309254832591
71442,0.3651450420177259
71443,0.5046807454333988
71444,0.48074507912877845
71445,0.5023012953142006
71446,0.487038533698273
71447,0.4688279557631309
71448,0.4700391237898318
71449,0.5701105638178664
71450,0.4371047729562556
71451,0.5824995488987451
71452,0.4932716062528513
71453,0.4811904185650634
71454,0.4858779217527284
71455,0.5331996010000984
71456,0.33440446597784207
71457,0.49268466535546207
71458,0.4711447880723616
71459,0.5048303469143893
71460,0.44440787980360563
71461,0.4766146347529471
71462,0.3438340381495718
71463,0.5002060077373155
71464,0.40749066313895765
71465,0.4922117642784528
71466,0.502262787676157
71467,0.49984076922970866
71468,0.25390447231101204
71469,0.47437571358172764
71470,0.48784355270758906
71471,0.48328003973144396
71472,0.48666887473339915
71473,0.4739746681427578
71474,0.4139943958908697
71475,0.4840155209983622
71476,0.5070628259040106
71477,0.5080100576446649
71478,0.4814165474677642
71479,0.5047190871828414
71480,0.17833534172424692
71481,0.40395573390125195
71482,0.48219201216509
71483,0.3421761064674566
71484,0.48256988752230795
71485,0.47352952195619
71486,0.4894866018492675
71487,0.3330608602379134
71488,0.508008015672959
71489,0.3182917617011891
71490,0.4761680037066859
71491,0.505138711727214
71492,0.48938539338100695
71493,0.4500828777458926
71494,0.354157162470734
71495,0.4616490327460966
71496,0.5062341814605948
71497,0.4977464346695438
71498,0.36339167989899845
71499,0.47686628431848255
71500,0.4913605780365885
71501,0.501280027253596
71502,0.5452983347553714
71503,0.34777826005074813
71504,0.5049464638725919
71505,0.49166667173180423
71506,0.4896895600199585
71507,0.5036679215116507
71508,0.4838894684827087
71509,0.35167965964492387
71510,0.32363146268038506
71511,0.4718322505301771
71512,0.484961652544328
71513,0.35311483287442746
71514,0.369354663415398
71515,0.3767625106449042
71516,0.4383490475380797
71517,0.48374820220678016
71518,0.5080626159967152
71519,0.45177420266970886
71520,0.3116458104627018
71521,0.47781792029372333
71522,0.1766660347144522
71523,0.49248914632810825
71524,0.23180459052261765
71525,0.5231545567456268
71526,0.20486719638665082
71527,0.46550713048382364
71528,0.48226736047832186
71529,0.5033232629326837
71530,0.5061492761035692
71531,0.4928502539897017
71532,0.4836760120058546
71533,0.46076314562415654
71534,0.5213478141164305
71535,0.5033688273008252
71536,0.5332384022029775
71537,0.4599140343472214
71538,0.4812242484180829
71539,0.31477566884692665
71540,0.47569067601331433
71541,0.30629576977844963
71542,0.30118255877200534
71543,0.34465420516903955
71544,0.44852550045475714
71545,0.3032345265556502
71546,0.47326199293994126
71547,0.467990241554748
71548,0.39158700583274975
71549,0.30553380257029994
71550,0.4846705153936868
71551,0.48676024241408444
71552,0.37213404450625487
71553,0.4775306478856254
71554,0.6588749167608703
71555,0.47293756635309236
71556,0.36283228013980706
71557,0.4843671364150398
71558,0.35297485733307976
71559,0.3331446059390238
71560,0.3389815547291142
71561,0.492900044456818
71562,0.5137072140922232
71563,0.5225810395839886
71564,0.331345448963726
71565,0.48314118109581783
71566,0.48160957225757717
71567,0.5104232379743805
71568,0.5091055002988344
71569,0.18396124339773073
71570,0.46738425931317285
71571,0.3260945327971811
71572,0.5333279514753596
71573,0.31573284246943545
71574,0.5004080334333926
71575,0.5072170714867796
71576,0.4606351015980601
71577,0.5074269774447523
71578,0.47667866960224237
71579,0.39068911451432087
71580,0.49252439485625493
71581,0.2028438544610467
71582,0.4543136798775766
71583,0.49762634097199254
71584,0.6430576586349304
71585,0.6039606419735375
71586,0.4818724208852445
71587,0.7942018960964661
71588,0.4586611944467255
71589,0.3960109946223209
71590,0.45788175666106085
71591,0.48338530208256486
71592,0.4689814955780505
71593,0.5023656816509221
71594,0.3626010081761392
71595,0.45492882340342333
71596,0.3525892260626655
71597,0.4846672665399401
71598,0.5390877737838625
71599,0.461649516012309
71600,0.48104981208670095
71601,0.5117527970241138
71602,0.4500242557655081
71603,0.19847056502868896
71604,0.3303472115292171
71605,0.4518078975612406
71606,0.4744089990523178
71607,0.37700259067734393
71608,0.780057476233729
71609,0.318368233021832
71610,0.794778720930271
71611,0.4447362951047309
71612,0.49375516944909675
71613,0.3542042968279247
71614,0.50139987903487
71615,0.48787636790325745
71616,0.5250334135178679
71617,0.4736633835270366
71618,0.48474384643381485
71619,0.18876531122898357
71620,0.4337067428764512
71621,0.312568310515723
71622,0.46951996623474446
71623,0.4956342398099962
71624,0.4973320138269425
71625,0.5050056855609881
71626,0.49909807145823426
71627,0.32496434619282266
71628,0.47816800361575584
71629,0.500714537535641
71630,0.34954467178955967
71631,0.4931209375214189
71632,0.49301467597912096
71633,0.4783346223709976
71634,0.47923243072916344
71635,0.4964909089028042
71636,0.41647564315434926
71637,0.47194254523730356
71638,0.4700581578069991
71639,0.4174907128588023
71640,0.5055539377692007
71641,0.49761696203275696
71642,0.34132853795743207
71643,0.41206855988200325
71644,0.4667437551389769
71645,0.48504653378764784
71646,0.6611328245263243
71647,0.5047883007849386
71648,0.4777472008869429
71649,0.44963724959207346
71650,0.49564361888062436
71651,0.21984131545324814
71652,0.4725218664075262
71653,0.5295857109393443
71654,0.49107384318134933
71655,0.383418898327497
71656,0.49166462389732124
71657,0.4758141532474751
71658,0.512679871971659
71659,0.467571574817488
71660,0.5042606922542213
71661,0.46468146563603296
71662,0.47877442989569724
71663,0.3589142973326578
71664,0.31439390278416257
71665,0.4725562853095485
71666,0.2647752804047724
71667,0.1626917183917278
71668,0.5011256768994402
71669,0.5029233471464615
71670,0.5007827568402978
71671,0.4620152690727629
71672,0.5020346262097041
71673,0.497707676784426
71674,0.48590469590290175
71675,0.35993371558458387
71676,0.46056853179581314
71677,0.5314742976218152
71678,0.49223400557144203
71679,0.2848542401292026
71680,0.47298741278719014
71681,0.5079691947464338
71682,0.4903725013889434
71683,0.44514776541412443
71684,0.4706302903620462
71685,0.5093306605290184
71686,0.453594074179306
71687,0.4251588287536545
71688,0.4789583733500934
71689,0.4729938601656323
71690,0.4859848693515447
71691,0.519236535867413
71692,0.5034535078967093
71693,0.1838210623550519
71694,0.40659515017348913
71695,0.1688645692829973
71696,0.48912916134319845
71697,0.5231751100852954
71698,0.47769964881725463
71699,0.4899267099213397
71700,0.49267353094530186
71701,0.44923025704118036
71702,0.5088439569181216
71703,0.4945002395108533
71704,0.49684460191486024
71705,0.4680690983545745
71706,0.5156549941915978
71707,0.4820536958483987
71708,0.8278352240194425
71709,0.3190336883210893
71710,0.33335186361325275
71711,0.45512809196782517
71712,0.4733463335148691
71713,0.34319344143584934
71714,0.49401984635752294
71715,0.3574030994980417
71716,0.4811848545838003
71717,0.4929551681187814
71718,0.5094465897770645
71719,0.47610608115557296
71720,0.3694952427217875
71721,0.4884339580650965
71722,0.5394615961762865
71723,0.3734116877829573
71724,0.15764156609829633
71725,0.4879060999115282
71726,0.46216345414663923
71727,0.47629226995072416
71728,0.35190995230186595
71729,0.3569890552342159
71730,0.4617266932781578
71731,0.3710869733069249
71732,0.4907504365566024
71733,0.4811799787059985
71734,0.3140690166316896
71735,0.46936398948147573
71736,0.5365975635369646
71737,0.5046361529020672
71738,0.4809204650073339
71739,0.4958826520211855
71740,0.47217822716060787
71741,0.48583741721181634
71742,0.47556212137764625
71743,0.4997634160165362
71744,0.7719284496429216
71745,0.48648366798828724
71746,0.48286834790063704
71747,0.46771449384104674
71748,0.491190682321329
71749,0.5003961230788625
71750,0.4831649876206215
71751,0.45303892943805946
71752,0.36285709472800154
71753,0.3432150964569483
71754,0.3734996284522624
71755,0.49144615703623895
71756,0.6372618321369949
71757,0.2547900399088757
71758,0.4663832491942712
71759,0.31616575273241704
71760,0.4542346749323485
71761,0.4725073465217037
71762,0.4841572840861098
71763,0.48612510506633344
71764,0.2120326660621249
71765,0.44086278590952244
71766,0.35640023818968647
71767,0.5111415944942809
71768,0.48883874159885166
71769,0.46788526841979927
71770,0.3173491631564347
71771,0.5127002195900625
71772,0.39529991178678786
71773,0.4925860145135645
71774,0.5113282556229892
71775,0.3332923013175316
71776,0.5061918736244952
71777,0.48432714500911406
71778,0.5015123376706445
71779,0.48161037659664774
71780,0.30507716121645156
71781,0.472726939094078
71782,0.37837219555612744
71783,0.42419117266236317
71784,0.7954853947343078
71785,0.4917023053253608
71786,0.44629264608613517
71787,0.49930979655655644
71788,0.4660852884489235
71789,0.4841130926999325
71790,0.356832562644103
71791,0.3607864351797985
71792,0.47706381489631416
71793,0.48172281065341527
71794,0.48849440373188835
71795,0.487203401894319
71796,0.49115882198448935
71797,0.4998145351438047
71798,0.4618588394995458
71799,0.3961534758946972
71800,0.44172039520037687
71801,0.5040116465951905
71802,0.600448278922451
71803,0.30827719630955164
71804,0.688736812953466
71805,0.3204174169429247
71806,0.3886493636172173
71807,0.4810693794833131
71808,0.8057321763535163
71809,0.3310373133857662
71810,0.37043855427959593
71811,0.493407040061435
71812,0.3306494120607447
71813,0.5121222824895607
71814,0.3602132975015398
71815,0.4917443369177065
71816,0.47775448437330226
71817,0.4801573466567378
71818,0.3213647417469984
71819,0.4659522337625587
71820,0.46754170011126583
71821,0.5220252739759295
71822,0.1487664758571247
71823,0.16555319729917417
71824,0.4661920549592258
71825,0.48534881177016836
71826,0.4882025793102831
71827,0.5262774959407917
71828,0.4678793777080791
71829,0.3923342156528064
71830,0.39025385958573994
71831,0.20265176881018548
71832,0.27008184519027145
71833,0.4732979777540749
71834,0.32097083572323626
71835,0.45145581465316087
71836,0.4741569841732246
71837,0.3171550550229543
71838,0.4789586947646921
71839,0.5067077678661129
71840,0.3566867566433398
71841,0.5091370657016793
71842,0.46057820191002374
71843,0.5248488659406815
71844,0.4782645273186912
71845,0.5018715460752032
71846,0.46806150669454455
71847,0.5030401918081703
71848,0.5089560568527187
71849,0.49073874719489863
71850,0.483326411622822
71851,0.343787901845587
71852,0.4904910317019355
71853,0.43412939692461516
71854,0.5054996341776573
71855,0.3309331192603755
71856,0.47860001580707184
71857,0.4926311763834894
71858,0.5070677504499644
71859,0.49120621020406463
71860,0.5225474491542608
71861,0.42212362467041786
71862,0.48179979593080224
71863,0.4486740240880046
71864,0.7557130208425844
71865,0.4899525586128682
71866,0.77834039198396
71867,0.49576791536693876
71868,0.52638997575029
71869,0.4713509174348163
71870,0.347188370893847
71871,0.4942895971359096
71872,0.4488109973108466
71873,0.32776316911677716
71874,0.8069438310303132
71875,0.4843817522641667
71876,0.3581439936360009
71877,0.5013183636844649
71878,0.4821043823246819
71879,0.47895490532358515
71880,0.4378702816818258
71881,0.2560769370490299
71882,0.3852469173204419
71883,0.7443035469221229
71884,0.3099177453130936
71885,0.4603471038183661
71886,0.4686195947048114
71887,0.472298925879415
71888,0.5152121871804705
71889,0.48740369783003035
71890,0.43905033420337136
71891,0.3330004981554538
71892,0.4911690061818796
71893,0.22428106373752946
71894,0.45146335444070174
71895,0.49703708789752876
71896,0.33926422976481896
71897,0.4494617510390771
71898,0.34976237578826785
71899,0.30494587214775504
71900,0.3604621905091363
71901,0.30449188194748206
71902,0.47549334847872016
71903,0.3158039275173775
71904,0.416455234808061
71905,0.4621230118999138
71906,0.4790903391821753
71907,0.534581426637523
71908,0.49033208382089166
71909,0.388756598104427
71910,0.5066306965712292
71911,0.4750603437321009
71912,0.34719900720546043
71913,0.478776665232011
71914,0.3497865414968656
71915,0.4953607704113888
71916,0.4846949538613368
71917,0.23777128373796108
71918,0.35901900896149536
71919,0.365851053349851
71920,0.4842628161891914
71921,0.4686210319870181
71922,0.3642479484497298
71923,0.42426478410620344
71924,0.26076250644991505
71925,0.3571683426078004
71926,0.46204309167107627
71927,0.45558354119491173
71928,0.3814136048494166
71929,0.4722711701839057
71930,0.396122288855995
71931,0.21933116551073556
71932,0.4780714497504288
71933,0.29578603804423853
71934,0.33567667737127105
71935,0.5161379414222195
71936,0.4926344487605765
71937,0.47814465332008715
71938,0.34722181973522537
71939,0.23826209719731511
71940,0.49514621627986033
71941,0.349575287402592
71942,0.482398220014907
71943,0.49153902381940295
71944,0.4694417707897145
71945,0.46161475936652346
71946,0.5034393751198127
71947,0.4793660137821524
71948,0.3234479979230492
71949,0.4888083077433933
71950,0.33635978972251457
71951,0.47525586929534547
71952,0.27616469006985933
71953,0.34230156948630547
71954,0.280754757238616
71955,0.35363736849464966
71956,0.5247696804569214
71957,0.15926220393563165
71958,0.3128574811067937
71959,0.33029506090988203
71960,0.47724984582376917
71961,0.3801919009499891
71962,0.4710892168818826
71963,0.33288770002298373
71964,0.3466059904843669
71965,0.31470940066225483
71966,0.48771539976956046
71967,0.48927485840249596
71968,0.38790382531621537
71969,0.5177391255261362
71970,0.44908127902223494
71971,0.34983925676495053
71972,0.48267758490290513
71973,0.4493951560606089
71974,0.38529129894118663
71975,0.46755442286889143
71976,0.3422685687963149
71977,0.18283048391233797
71978,0.4633921110331676
71979,0.47034018508833836
71980,0.38871814117974124
71981,0.5002186845366303
71982,0.5093536179331234
71983,0.4579847474799388
71984,0.3407325236308528
71985,0.4800942666364363
71986,0.4746655285472251
71987,0.48751756043760425
71988,0.3439080165797205
71989,0.35875553104253466
71990,0.3794397158987691
71991,0.4815686467915536
71992,0.3550097774972786
71993,0.35134497710673446
71994,0.4695520234254805
71995,0.31201501108568286
71996,0.4688816980641095
71997,0.4654498050272934
71998,0.4771800561717273
71999,0.48229247387701824
72000,0.4894977884357272
72001,0.48190293734283574
72002,0.513371440716873
72003,0.5229839594716031
72004,0.31938594920881025
72005,0.3164326254956253
72006,0.5008558583557975
72007,0.5104554466102343
72008,0.4661960773220596
72009,0.4824700998764749
72010,0.47917670544328606
72011,0.29483230100455293
72012,0.47589304511922675
72013,0.34516961784867195
72014,0.5313166563492636
72015,0.521623285786688
72016,0.2849575003492302
72017,0.4848698598156992
72018,0.47666307258965335
72019,0.5010039502715703
72020,0.3171938181882907
72021,0.48300427570309634
72022,0.5096675090347532
72023,0.34230436731839914
72024,0.3691109086910951
72025,0.48429593328832493
72026,0.4799392391450869
72027,0.4790156406924987
72028,0.2997011772528089
72029,0.34647625293221657
72030,0.48470597616691846
72031,0.482471530793841
72032,0.5082035379232129
72033,0.4781469744611315
72034,0.4121606596720923
72035,0.31876608658116834
72036,0.4827746387387979
72037,0.47986099417843875
72038,0.47762276793399183
72039,0.49999710635919564
72040,0.5467953625619665
72041,0.3185319777735543
72042,0.7568858810265433
72043,0.47482358362161803
72044,0.46209667351414596
72045,0.4816043682412836
72046,0.48930633440916943
72047,0.47017545063317223
72048,0.43358899079703356
72049,0.43211596039627653
72050,0.4731565311938271
72051,0.490371623525487
72052,0.4917752999637207
72053,0.49800742907486617
72054,0.3533648322873728
72055,0.4736344736365711
72056,0.46060442186750533
72057,0.49899285743367094
72058,0.3614569122399834
72059,0.4998020849044153
72060,0.4714700442610624
72061,0.44063373532293837
72062,0.5040003392455933
72063,0.29856821410603523
72064,0.49952918526159107
72065,0.5350948994682876
72066,0.5051317259015562
72067,0.4956305119741752
72068,0.465424116435607
72069,0.4684227093229611
72070,0.37014060494014567
72071,0.4908613295673836
72072,0.48528760212212485
72073,0.5055183645992656
72074,0.5229746930954748
72075,0.3560983153750934
72076,0.4730428469625905
72077,0.5023475981117037
72078,0.5055229713818964
72079,0.4718830070100448
72080,0.4886482306538358
72081,0.5033816933837815
72082,0.45958044299955175
72083,0.4548402879681846
72084,0.7948408326487498
72085,0.4572653278143105
72086,0.48482943547343726
72087,0.5027563180639559
72088,0.49779294302865434
72089,0.4767765650675996
72090,0.36820607214080514
72091,0.48358226768328777
72092,0.47738449711541653
72093,0.47480065327238385
72094,0.4202542561525726
72095,0.46028935218854455
72096,0.5300736837339107
72097,0.4814672403996822
72098,0.48001363235196237
72099,0.3307974752165938
72100,0.364398847073823
72101,0.36328621979876635
72102,0.4470906282443286
72103,0.4575293821659104
72104,0.4829675138628845
72105,0.46651213957884147
72106,0.46258240970398423
72107,0.5022002888135125
72108,0.4379841480253758
72109,0.747798323749263
72110,0.5051029650326262
72111,0.47666097814854336
72112,0.3502257066316005
72113,0.3596051223933201
72114,0.4766232113717921
72115,0.48384641528239514
72116,0.4779647436229192
72117,0.48395088334400116
72118,0.512479134423806
72119,0.3142328517246796
72120,0.5157092646090642
72121,0.4704316181476584
72122,0.46277114067436076
72123,0.4813692715079628
72124,0.5028193799999092
72125,0.5177685402312484
72126,0.2775744056124509
72127,0.30562783063047977
72128,0.4629148317323127
72129,0.3402231371351424
72130,0.33515841570069005
72131,0.47944713374809544
72132,0.4946311830678404
72133,0.3767458625645824
72134,0.48548019256608077
72135,0.39282208192848933
72136,0.5091076504152096
72137,0.5129208241015791
72138,0.4658733587496378
72139,0.4913147205698196
72140,0.47240985253235634
72141,0.5020025103537832
72142,0.513048025519056
72143,0.5035608250215082
72144,0.383322593558361
72145,0.4885123849878927
72146,0.49798523511283843
72147,0.3389274519010592
72148,0.49385342138401267
72149,0.4283846008430618
72150,0.4290365097417442
72151,0.4773311864129778
72152,0.45558400692118123
72153,0.8303678968365544
72154,0.48630689796779614
72155,0.45144805684781786
72156,0.44677160605496535
72157,0.3137510217645543
72158,0.49849746966587477
72159,0.49456499044865154
72160,0.3130341504259504
72161,0.5101188603745693
72162,0.4766256105344038
72163,0.40800789902347107
72164,0.6766021441685118
72165,0.3627702288285801
72166,0.3463686803300211
72167,0.32220731346758813
72168,0.4596176726659205
72169,0.4885269442183064
72170,0.48233564644239624
72171,0.43510598742749934
72172,0.3886498349758054
72173,0.35429432615797474
72174,0.4660794427043658
72175,0.48127996991478217
72176,0.44297569415667126
72177,0.49537387053335247
72178,0.325663579544354
72179,0.48265436660969324
72180,0.4723714866448625
72181,0.37698294021640205
72182,0.4947253549832814
72183,0.35223033135919735
72184,0.33206185194748944
72185,0.47489587222512536
72186,0.5090872407144676
72187,0.4590601775662205
72188,0.4549188672423809
72189,0.36490789854226796
72190,0.3622555075248284
72191,0.3236737458671155
72192,0.4767854249759841
72193,0.48645123370878285
72194,0.2737535377917286
72195,0.460486538324557
72196,0.47728690152495673
72197,0.36847127133231095
72198,0.5341077303241173
72199,0.296252559775121
72200,0.31476643938245047
72201,0.36332339899938493
72202,0.4906843766739017
72203,0.45235114850038677
72204,0.531262310397119
72205,0.4721215706024969
72206,0.7373416860432481
72207,0.5077351466327606
72208,0.516480445917655
72209,0.39485559454864444
72210,0.32338403204609845
72211,0.816900817680442
72212,0.36972415209622655
72213,0.4846223437122431
72214,0.45868589097466606
72215,0.5067971504063717
72216,0.46211740533015055
72217,0.4923602241139348
72218,0.57224589723085
72219,0.5068038799382523
72220,0.5527677775225855
72221,0.3717324704196079
72222,0.3803621230990019
72223,0.49142033524170714
72224,0.5061164381399726
72225,0.5548195380745634
72226,0.4730677884614823
72227,0.3456602121776281
72228,0.46108116007559674
72229,0.5173641471733148
72230,0.49730653742905495
72231,0.475299153467315
72232,0.3719094517731471
72233,0.40564372202168164
72234,0.30878966913911177
72235,0.320166548184272
72236,0.42531435918704263
72237,0.4851298784953947
72238,0.49561808718414263
72239,0.32863916072065175
72240,0.32053821931085436
72241,0.7783821078537193
72242,0.4892984725053667
72243,0.4922289689610555
72244,0.48571284956957045
72245,0.4310239254864708
72246,0.5168719513626245
72247,0.46367451197318654
72248,0.4889918772214837
72249,0.31120365048475457
72250,0.49310974086024634
72251,0.4879218339110804
72252,0.4822881046311348
72253,0.48950617694327153
72254,0.48692323320389436
72255,0.4883040897069041
72256,0.5064787981525029
72257,0.6282438321383276
72258,0.4869841745221781
72259,0.42744557401334343
72260,0.5190240580905581
72261,0.4601302247998138
72262,0.5301486163175542
72263,0.5297993790798488
72264,0.45045617274035493
72265,0.5152399673515174
72266,0.4916805083508311
72267,0.4493789825152969
72268,0.47405310027311875
72269,0.47649295499209837
72270,0.3607812592023331
72271,0.48444782907339434
72272,0.4723746193926679
72273,0.47636797582501594
72274,0.28526567278374454
72275,0.476599535175127
72276,0.32804501420246435
72277,0.4911211822198789
72278,0.48127893145018663
72279,0.33377567680337067
72280,0.48331541817359647
72281,0.34394742092320985
72282,0.4963645194035282
72283,0.48434417758201775
72284,0.5122200115175601
72285,0.484546247208851
72286,0.45532621400306394
72287,0.49219716300198824
72288,0.4795579321244354
72289,0.29816501385644
72290,0.43369619856050273
72291,0.5149454968579421
72292,0.409305534830845
72293,0.4646288205126756
72294,0.4558848681570218
72295,0.4833819005227954
72296,0.4970598493814968
72297,0.32509479019325405
72298,0.37925541932471807
72299,0.47673999784152377
72300,0.49457212144086865
72301,0.48742334505386664
72302,0.4733650200033446
72303,0.45132415145969057
72304,0.47658970031828096
72305,0.3108245846596366
72306,0.48570606742855826
72307,0.8204319108894382
72308,0.49681850519439363
72309,0.3774920492400354
72310,0.4601278605645861
72311,0.49579199863276935
72312,0.454421458130799
72313,0.4931989575977047
72314,0.3823523194738484
72315,0.4798403855764076
72316,0.42578311781594913
72317,0.45103781897647366
72318,0.320468282836381
72319,0.4672811383751658
72320,0.4777378585272415
72321,0.35001695638199504
72322,0.49854804863760577
72323,0.44857853764306027
72324,0.4696067547010734
72325,0.5257159837370685
72326,0.26729873328183557
72327,0.33709071577567995
72328,0.4853718304231549
72329,0.38562513825708744
72330,0.47808036660076814
72331,0.4318728011069846
72332,0.436115995553195
72333,0.37105474447049247
72334,0.4307630404956106
72335,0.5008883522063269
72336,0.3777818171906892
72337,0.49592240838360235
72338,0.4586629691006723
72339,0.4828612093088832
72340,0.37970902618552427
72341,0.35421664602557223
72342,0.486838303856277
72343,0.7702080551665447
72344,0.487722754361143
72345,0.4851954660084864
72346,0.4439535859860674
72347,0.495552822172156
72348,0.4518271749601005
72349,0.4925626171734522
72350,0.5086416124035614
72351,0.5070938508853389
72352,0.4799480679038258
72353,0.4090670299863292
72354,0.3503484095868364
72355,0.3392469356059407
72356,0.47782894454550706
72357,0.49625069672133826
72358,0.4905344209120235
72359,0.49746892548053157
72360,0.4628957033783913
72361,0.4315502686520122
72362,0.46069340297118233
72363,0.4986205179989841
72364,0.520376058223677
72365,0.513245548577352
72366,0.3189328574150958
72367,0.5100264307840586
72368,0.5204225003764738
72369,0.49081298757105396
72370,0.7939993576244024
72371,0.3048475399162396
72372,0.4965754192951657
72373,0.48516478370191907
72374,0.5041424328063691
72375,0.17043640121128298
72376,0.4894594690222485
72377,0.3422170611726256
72378,0.4869681542223575
72379,0.2305623131899912
72380,0.4087447600559536
72381,0.4940182857328313
72382,0.3507861080267034
72383,0.3778092383685836
72384,0.35068104088209556
72385,0.4456974862279941
72386,0.47111329160941834
72387,0.5720013998807391
72388,0.48536743324964116
72389,0.4816865271956009
72390,0.4819803911253723
72391,0.48722528541485766
72392,0.2541368713059894
72393,0.5102177430145005
72394,0.3661548704595667
72395,0.5053053943841477
72396,0.3056302842205775
72397,0.47444194446521415
72398,0.48104695818951176
72399,0.3649295554502734
72400,0.4663715438355412
72401,0.5053158956667512
72402,0.4657569277590822
72403,0.4962946756774247
72404,0.48394832850027814
72405,0.46876885521618084
72406,0.30862435828929907
72407,0.5036873191243865
72408,0.48294094608439087
72409,0.4955565894954156
72410,0.4694163889512315
72411,0.4805438705365823
72412,0.3485083012715203
72413,0.4644482530596341
72414,0.44893911948840837
72415,0.44685859472546324
72416,0.44376665016834677
72417,0.49058937704031375
72418,0.49581076640594585
72419,0.4939882276617396
72420,0.5078431221593968
72421,0.27459854104052095
72422,0.40673367785081
72423,0.7920862418427302
72424,0.48565151385437655
72425,0.4905689446671432
72426,0.46789596354927676
72427,0.43771246270163705
72428,0.3696078782520885
72429,0.4900137265451728
72430,0.3462093536992534
72431,0.4885076921825393
72432,0.4767772212594843
72433,0.5067581636218664
72434,0.5007260434900992
72435,0.4721902945450914
72436,0.33277395788508224
72437,0.31967619309951867
72438,0.33854856712727943
72439,0.34464296072647554
72440,0.2857340718299833
72441,0.4629328221947013
72442,0.30546718977634973
72443,0.16051941167081651
72444,0.477240156929151
72445,0.33497275373252866
72446,0.3669671184379909
72447,0.48434703325328826
72448,0.48421875507256606
72449,0.35925578919298684
72450,0.320734628306782
72451,0.3356095610432905
72452,0.3125989767911698
72453,0.4935293913072489
72454,0.49932074553564526
72455,0.30336176002552384
72456,0.4610412969834297
72457,0.502174537220587
72458,0.34101635991906
72459,0.37889028372634137
72460,0.3422075322258744
72461,0.19153501127226238
72462,0.4724617376817987
72463,0.4722155155634923
72464,0.5080906337831034
72465,0.47769040419002795
72466,0.4707323271942311
72467,0.4752858694215556
72468,0.3618056870019246
72469,0.47676140867144545
72470,0.4922056708476689
72471,0.43022052524154164
72472,0.3478462108452046
72473,0.47167120926881767
72474,0.33022792839723997
72475,0.3802058523099
72476,0.48486990969387606
72477,0.49464235544264074
72478,0.4861510789139615
72479,0.2906692497057815
72480,0.48670289921483756
72481,0.5222835534124697
72482,0.45788258543421
72483,0.4805955037959234
72484,0.5186047008401251
72485,0.4561585294693852
72486,0.3471991451002055
72487,0.4822857605265278
72488,0.5020161017566553
72489,0.5059445224295795
72490,0.44487059825745345
72491,0.4919218226357966
72492,0.23302687676169412
72493,0.3731882610477449
72494,0.4817616299269809
72495,0.36984689121901804
72496,0.4850264701494547
72497,0.4731417231012709
72498,0.5134201754993819
72499,0.472776505891107
72500,0.3489875995669718
72501,0.44652945957347834
72502,0.18936652406184146
72503,0.4511824396948918
72504,0.47681564980022306
72505,0.40083872516645946
72506,0.5102327590978137
72507,0.48581291506782254
72508,0.506077625319274
72509,0.24806283034380905
72510,0.3315006169234858
72511,0.4822178921806545
72512,0.3235989763512035
72513,0.5052434743665583
72514,0.33904712272147924
72515,0.4824776848988217
72516,0.47354787650773633
72517,0.4961148178613357
72518,0.4538891928674945
72519,0.4796748002606883
72520,0.7915017113361619
72521,0.21392196241046313
72522,0.48074387278712405
72523,0.5064904463883186
72524,0.4406001167033866
72525,0.4805299522177765
72526,0.4678347860963352
72527,0.501445206961057
72528,0.36330824961627944
72529,0.3599867640899223
72530,0.4831299479922435
72531,0.4665098140034929
72532,0.4899527064186446
72533,0.328092347964713
72534,0.3460276973701423
72535,0.4759076512450306
72536,0.4984912329065794
72537,0.3366097875064898
72538,0.44783404143614725
72539,0.48763531848989516
72540,0.7278599339830991
72541,0.3528421946448086
72542,0.3277384412735266
72543,0.4597576838978839
72544,0.3874520298081014
72545,0.48427841584225684
72546,0.4788231987934063
72547,0.30643795974084703
72548,0.4297350440311022
72549,0.501299221998003
72550,0.49930888825847
72551,0.5075135422975858
72552,0.453711879762956
72553,0.20102293646034508
72554,0.5022881805128444
72555,0.5016908577013592
72556,0.4491997255435371
72557,0.4800252982250537
72558,0.3247736669486946
72559,0.7589923005943064
72560,0.8063951722755907
72561,0.4757428810684067
72562,0.19821001419913892
72563,0.4771279310987848
72564,0.4666780748282867
72565,0.4681099187173988
72566,0.25255310315217605
72567,0.3362050723132315
72568,0.37618691520982167
72569,0.46028557876533993
72570,0.17818099381304342
72571,0.47896391769098423
72572,0.44986120534688
72573,0.4736418329732949
72574,0.4880517920033977
72575,0.487839285074956
72576,0.5047238714036353
72577,0.45526208589114886
72578,0.4751064860232632
72579,0.47722108867081475
72580,0.3272679578892546
72581,0.4601883644465741
72582,0.34298450586152185
72583,0.48907436965126994
72584,0.4954601875977663
72585,0.34028330776588733
72586,0.37221208810600903
72587,0.49678623982578807
72588,0.1708380775962643
72589,0.47440555387418415
72590,0.3649740300395222
72591,0.16851207282097136
72592,0.4854647899174563
72593,0.3632741619570161
72594,0.20882427890925764
72595,0.1815332721742694
72596,0.4453132715755383
72597,0.5199425954227528
72598,0.4479892115653339
72599,0.3124948768272725
72600,0.4931130866217739
72601,0.48571738181909707
72602,0.4797733987591839
72603,0.49372375221095005
72604,0.6036807827042638
72605,0.316449719387091
72606,0.7795423587025414
72607,0.43561760439834507
72608,0.4845416837127017
72609,0.34141254008268374
72610,0.5015883187385862
72611,0.4962531016307405
72612,0.48986602096106263
72613,0.34423076114626916
72614,0.4759200198474496
72615,0.47674954664139957
72616,0.5214784518456569
72617,0.47605726984721614
72618,0.44419162205823004
72619,0.48158561472328915
72620,0.3591437217993799
72621,0.47008747563941045
72622,0.48702180051460603
72623,0.47194538096178146
72624,0.5276055248037337
72625,0.47557991735796523
72626,0.4699315196944411
72627,0.39021460400622066
72628,0.4828273506832391
72629,0.2909975531217036
72630,0.46649418353992655
72631,0.45798920337645577
72632,0.470259302089691
72633,0.36219271761281213
72634,0.502630140016463
72635,0.41672215941057045
72636,0.4546727721770264
72637,0.5024852861594511
72638,0.3129955766690178
72639,0.47711030307525915
72640,0.4609705180641953
72641,0.5155991544034282
72642,0.48331566086763955
72643,0.47511475921443097
72644,0.5294227329505176
72645,0.5085578367922997
72646,0.44053637498579246
72647,0.4912781060925516
72648,0.47645148417341276
72649,0.4512494129022403
72650,0.3607645614184293
72651,0.488532063425548
72652,0.4800046646309071
72653,0.4833593581371899
72654,0.49530504747730886
72655,0.4736986237575094
72656,0.4482210838375046
72657,0.5056464941237431
72658,0.3938722304469985
72659,0.470289142360861
72660,0.4464259540395641
72661,0.5260434157914601
72662,0.4720174121393985
72663,0.4408828764806394
72664,0.46751392633566813
72665,0.312600145693108
72666,0.4785307136119493
72667,0.4690162731867731
72668,0.30215635418129283
72669,0.47410845532021423
72670,0.4832407143127786
72671,0.36839889916154483
72672,0.1603523987829901
72673,0.4899013185032758
72674,0.4615786861255544
72675,0.2973960089513526
72676,0.4813992582248292
72677,0.5005001545024709
72678,0.36767892656344375
72679,0.4458861552239796
72680,0.4978774634734774
72681,0.4604662546576956
72682,0.4642013574080059
72683,0.31790751958202573
72684,0.4750454848729714
72685,0.4582365345432987
72686,0.37437307566392375
72687,0.499870152077198
72688,0.4805300312133408
72689,0.4941853553700201
72690,0.48828832405082234
72691,0.5530060039940948
72692,0.4330695863898784
72693,0.5200240384125763
72694,0.7707815821727486
72695,0.4876617950413078
72696,0.47774998380315237
72697,0.4500923894419933
72698,0.4870160094258503
72699,0.4505639789397895
72700,0.4485771111656233
72701,0.4794875900308804
72702,0.4673610675766285
72703,0.5229496256408607
72704,0.3084197284759466
72705,0.34023781911666184
72706,0.4452154858117726
72707,0.3001562955295404
72708,0.4850805769261553
72709,0.4901448079351298
72710,0.33845421511893015
72711,0.48179508829842893
72712,0.4840471509291772
72713,0.4787646407506755
72714,0.5021615119539179
72715,0.3501289955283524
72716,0.479532831908837
72717,0.36441985696161117
72718,0.5104616854596736
72719,0.3601084980724491
72720,0.36104457352251584
72721,0.48625835182788907
72722,0.36634592239234703
72723,0.2713339211691447
72724,0.49820283645708685
72725,0.5079277747347087
72726,0.4849391458899622
72727,0.5541693351194411
72728,0.3403629765709394
72729,0.1671485217632045
72730,0.46752384018731685
72731,0.32242589479907174
72732,0.5033875955475712
72733,0.3268139570129473
72734,0.46338077967158336
72735,0.4437568320224752
72736,0.4500962412939955
72737,0.49625414212779034
72738,0.4514970919564134
72739,0.4607085241089787
72740,0.2803072239484371
72741,0.4710843351001799
72742,0.3989964529958247
72743,0.5116373170394293
72744,0.7606076613373645
72745,0.4697717648986594
72746,0.3840021728960554
72747,0.26981480695689697
72748,0.4978147386669394
72749,0.47106854048767766
72750,0.438366717912967
72751,0.5506748649354987
72752,0.4984662649778888
72753,0.46881062507350757
72754,0.451345175919168
72755,0.2923565523655255
72756,0.31102117625539794
72757,0.3223648344426871
72758,0.4381769699852711
72759,0.4885149375627874
72760,0.36680341774048747
72761,0.47912056740911146
72762,0.3404683828362526
72763,0.3388681859395585
72764,0.49653983699897
72765,0.4932624948956071
72766,0.4845132734681361
72767,0.3408396619790717
72768,0.48710354643322973
72769,0.4757930063755742
72770,0.4939877112240485
72771,0.4877527706023691
72772,0.5211840912118245
72773,0.4989618939897075
72774,0.49614626473141177
72775,0.47464102551646237
72776,0.4778910871510839
72777,0.47080012217288214
72778,0.45209228911692867
72779,0.5067745828407421
72780,0.494673005254659
72781,0.49081081236237417
72782,0.2280568281160224
72783,0.35835843879677276
72784,0.49963958296841393
72785,0.833180472123335
72786,0.47784968840860464
72787,0.46048445901319823
72788,0.4841391018671065
72789,0.3734740605061625
72790,0.5173947035147891
72791,0.4749069033003985
72792,0.35371810604046067
72793,0.503902007797419
72794,0.5397370899632525
72795,0.4672387458947925
72796,0.37044189553566953
72797,0.5071032553750886
72798,0.48328297237974516
72799,0.361693621353476
72800,0.47125481722362983
72801,0.46642701642784956
72802,0.5027655344783919
72803,0.3908453832631518
72804,0.3433260669643913
72805,0.501019905144246
72806,0.4364576955414409
72807,0.47394858071196355
72808,0.47170116707807525
72809,0.4304923744630883
72810,0.49312303062866714
72811,0.4944865689767347
72812,0.261656227849235
72813,0.48590593474104815
72814,0.4914988304333505
72815,0.4440515010758986
72816,0.4831243937665689
72817,0.35912606651466994
72818,0.3039040633308591
72819,0.8162729733979863
72820,0.4931611986169034
72821,0.20435422297921194
72822,0.47230817466497943
72823,0.4934518588771452
72824,0.3540111514027495
72825,0.22505279453881497
72826,0.3897157779368384
72827,0.5021292420013035
72828,0.48220846743837853
72829,0.5077428166577983
72830,0.4830750415827264
72831,0.37734277166597746
72832,0.3275870898032032
72833,0.4105929594827712
72834,0.4547730038143206
72835,0.32669630128644866
72836,0.47933698123307167
72837,0.4621670931605426
72838,0.3289717698378953
72839,0.3528342894306423
72840,0.4932147570511775
72841,0.4776354192306578
72842,0.482906337507864
72843,0.3621882598889633
72844,0.5102476734074063
72845,0.46875157111635346
72846,0.4863704452615887
72847,0.5116946238268408
72848,0.4656249593468322
72849,0.47027310245417
72850,0.46303672946068375
72851,0.4900805519521515
72852,0.4542336820327597
72853,0.28454935853176133
72854,0.3194329890294918
72855,0.48998772252890516
72856,0.48165658857865057
72857,0.30737822872936593
72858,0.3449621062447479
72859,0.4075732310656987
72860,0.4810735190668671
72861,0.40917692607221895
72862,0.3125590515025575
72863,0.5338059112717154
72864,0.7948784832350033
72865,0.31673080039648094
72866,0.43261727352128493
72867,0.48286578633751
72868,0.2624197296748769
72869,0.2733553348619728
72870,0.34836046785989544
72871,0.4767287555807786
72872,0.47242891556819644
72873,0.47469587802728563
72874,0.6739420694477896
72875,0.35749121219341373
72876,0.5263210212009609
72877,0.3293652905149495
72878,0.4825966331659588
72879,0.456402745783704
72880,0.5119218005580457
72881,0.4634798586623401
72882,0.4900613110156459
72883,0.23786184336079666
72884,0.33691231542936206
72885,0.46936250975243854
72886,0.5048499599372248
72887,0.5067087395405423
72888,0.45073029943214665
72889,0.4850669484417016
72890,0.48573820908096155
72891,0.353916545189068
72892,0.3752816232148597
72893,0.4787537058096063
72894,0.4857650064661868
72895,0.4919136429231333
72896,0.4596818354384672
72897,0.5141580937936642
72898,0.41898598538253573
72899,0.3790950113552696
72900,0.4568236059035098
72901,0.35706942063711067
72902,0.4955708831200264
72903,0.47871190826249566
72904,0.3955315822894484
72905,0.48349932742219276
72906,0.49658852632895856
72907,0.5304606593783225
72908,0.32188347383826965
72909,0.4860340265247725
72910,0.5895623835266657
72911,0.8126350038396406
72912,0.4635313829478416
72913,0.4803341717468397
72914,0.45731079854194373
72915,0.5573878522132665
72916,0.5109959076206347
72917,0.4874535252589667
72918,0.48573807561197047
72919,0.35733715258222454
72920,0.5115427699350178
72921,0.4858876163515324
72922,0.48422689306406674
72923,0.16131962796258764
72924,0.38511198340009684
72925,0.48543628017883067
72926,0.360007791633112
72927,0.38337244902966583
72928,0.48214452887501824
72929,0.3768881736086511
72930,0.447589831792299
72931,0.4591370999011768
72932,0.33988816247498177
72933,0.5135917318040171
72934,0.5410341456252193
72935,0.5002900689896279
72936,0.5010538648556377
72937,0.4766337152507071
72938,0.5166861905189565
72939,0.4809414876964787
72940,0.4691438874428395
72941,0.45053236640842365
72942,0.4699820691206983
72943,0.442724003382198
72944,0.35347641580744116
72945,0.42563877333558275
72946,0.4923331600731892
72947,0.48175376258892344
72948,0.14245093414521237
72949,0.49587641567534374
72950,0.4558524313434806
72951,0.3273647598532444
72952,0.3682718545072166
72953,0.47442019399611335
72954,0.21201762234383484
72955,0.3578948730759784
72956,0.26292294168984903
72957,0.4821282376577256
72958,0.2793791098722224
72959,0.477388678818348
72960,0.45340812100954375
72961,0.4786072685377387
72962,0.480350533270315
72963,0.21623691935777192
72964,0.47259283794818474
72965,0.21706699960351392
72966,0.49952863462737773
72967,0.34015790173114546
72968,0.7863072675230404
72969,0.4832688759998349
72970,0.45226102137723967
72971,0.5242232452083687
72972,0.4928159405216292
72973,0.46590303883729367
72974,0.47748330990404964
72975,0.49320015830626224
72976,0.3397987995012567
72977,0.2492460173837626
72978,0.3233781103595035
72979,0.5092365347839302
72980,0.438142049979948
72981,0.3358841435740542
72982,0.5043611219114867
72983,0.47299228478560307
72984,0.5212319179519849
72985,0.3519174668524234
72986,0.3303038972124344
72987,0.49095166340348867
72988,0.38800962589700466
72989,0.5211106428112057
72990,0.4824187425292763
72991,0.49241036586978965
72992,0.3696313402820717
72993,0.4749754178092037
72994,0.47300152805612067
72995,0.49250483606659357
72996,0.24269727778506422
72997,0.32961256991637555
72998,0.49392011710859196
72999,0.3753334293323394
73000,0.5016039048848633
73001,0.6272098109014542
73002,0.45744468332870947
73003,0.48240757151802877
73004,0.4970750958445197
73005,0.46670239292080695
73006,0.29037342989270215
73007,0.373900081080026
73008,0.5013951006778053
73009,0.47239475235890893
73010,0.28418522650038963
73011,0.43747794050878774
73012,0.4912325909683599
73013,0.3930597243126304
73014,0.4779071797768115
73015,0.3041914743982188
73016,0.5005060965750215
73017,0.464998269172947
73018,0.4459345423257293
73019,0.4765700998136403
73020,0.35456553820528885
73021,0.3811540217336108
73022,0.4749633395665832
73023,0.49668488535637456
73024,0.48444590939528664
73025,0.49098340387395834
73026,0.48133836361540616
73027,0.5157603167855751
73028,0.5050664884804832
73029,0.5156026823863672
73030,0.32786623193244746
73031,0.46934409534618327
73032,0.4613855874194871
73033,0.357670877407254
73034,0.38052264600032776
73035,0.5348762519263011
73036,0.4741018751349988
73037,0.4786765143417527
73038,0.33672985160955893
73039,0.4633715006772359
73040,0.47649332922011134
73041,0.4724416825508033
73042,0.47858579458919925
73043,0.48673982395858517
73044,0.490750852794651
73045,0.4819933654945513
73046,0.3209097472432215
73047,0.48517929416754557
73048,0.35271115466198955
73049,0.3638844568042103
73050,0.5104762482504988
73051,0.4930273044092405
73052,0.4554159701069268
73053,0.5070230114611587
73054,0.47584567366119607
73055,0.49799006897713327
73056,0.44582618265193696
73057,0.5468305940998424
73058,0.5255791526833915
73059,0.46791434565453904
73060,0.4903816194943761
73061,0.49796892076749455
73062,0.4756369788858525
73063,0.4836942762952497
73064,0.3797040363667572
73065,0.4869362352702834
73066,0.3435677590612547
73067,0.3797110136992363
73068,0.4664255130492724
73069,0.5126772223082923
73070,0.4999047125333615
73071,0.5498771054137883
73072,0.4661606971973027
73073,0.45734495034334044
73074,0.20048455158603284
73075,0.36641940320021726
73076,0.4964156337014195
73077,0.3886628645705925
73078,0.4825266091501761
73079,0.5210367391795165
73080,0.3604737459031897
73081,0.36400434587506836
73082,0.4560969093211529
73083,0.5155260634108636
73084,0.4899628597824499
73085,0.5022127902160785
73086,0.4779281892687438
73087,0.5019251899028665
73088,0.32788674885015034
73089,0.49997657066304474
73090,0.4557262938083785
73091,0.49524374023916806
73092,0.5330898526019978
73093,0.37543891928941603
73094,0.4743751431505817
73095,0.48081485595489154
73096,0.4793975585922058
73097,0.468418491581018
73098,0.3810132888728879
73099,0.4887161696659068
73100,0.3273962240592034
73101,0.4801982261730235
73102,0.4696003045676651
73103,0.4850452314100227
73104,0.500843220277472
73105,0.47692266363439184
73106,0.4956658245677187
73107,0.7434995892557523
73108,0.47123196338864376
73109,0.3546084817323835
73110,0.46131365749035763
73111,0.33710848384312814
73112,0.48879923946492776
73113,0.49409844060050995
73114,0.46501411856176267
73115,0.4741926693721541
73116,0.5056563938978383
73117,0.4938451985948865
73118,0.3299500530077282
73119,0.6280012871518105
73120,0.339644465592845
73121,0.4920903160348915
73122,0.7906544132918176
73123,0.2833625373896229
73124,0.4703290844924605
73125,0.3145897580978232
73126,0.3680653498425712
73127,0.43261684900209874
73128,0.34214256238234353
73129,0.5221576727476943
73130,0.32125123058538313
73131,0.49392753112720883
73132,0.454970466289066
73133,0.28591161457110864
73134,0.4702941968691786
73135,0.48344148815762483
73136,0.36916783914179596
73137,0.5043929748340972
73138,0.46482861968659284
73139,0.4912185513440431
73140,0.48031056825780155
73141,0.4863607239040132
73142,0.4542516426969848
73143,0.44969056586419576
73144,0.48516773679779546
73145,0.4623346748428107
73146,0.31721601787626397
73147,0.45774818918316346
73148,0.5016647810160634
73149,0.4950399461855595
73150,0.33810733296574025
73151,0.47884622971785484
73152,0.8039124439395482
73153,0.4616115691329594
73154,0.47025779099191956
73155,0.5061263877084177
73156,0.3863698552171302
73157,0.45573645582867706
73158,0.3379542755336278
73159,0.49481071288651113
73160,0.4908230031072125
73161,0.4404940471906723
73162,0.33043323345843434
73163,0.4709983308778085
73164,0.47708680850243135
73165,0.4862128628766651
73166,0.4405518773344409
73167,0.4872098095092859
73168,0.3362308568841276
73169,0.4785182393907927
73170,0.5156950551366889
73171,0.4720033095781504
73172,0.3829823313361705
73173,0.4866547542143877
73174,0.4798609424461641
73175,0.4850279797546164
73176,0.48631934108622576
73177,0.4627322495088536
73178,0.46552333936649415
73179,0.5457800440464251
73180,0.4901651917216029
73181,0.6137019370113319
73182,0.35026265319030114
73183,0.4625519543834569
73184,0.3217019503698269
73185,0.3343622724281295
73186,0.4971639888258883
73187,0.3585495295521596
73188,0.5082177453131792
73189,0.47641269962481714
73190,0.44417806108362723
73191,0.5092389688622018
73192,0.44190279601814675
73193,0.3755460043112785
73194,0.47870235658520166
73195,0.4801583976875048
73196,0.3313214153750273
73197,0.30849682506219606
73198,0.47495153391726785
73199,0.48460022398319136
73200,0.3426808346607252
73201,0.37403035891697156
73202,0.18357723382274022
73203,0.5000108788354944
73204,0.3333546694962316
73205,0.3501905793261115
73206,0.49006796200589753
73207,0.7635994197633544
73208,0.50323080043995
73209,0.48667581772428115
73210,0.20367177043541826
73211,0.49276120826138203
73212,0.33796164325607403
73213,0.3485853508650379
73214,0.47205723752886797
73215,0.35819881821020266
73216,0.4821741001809583
73217,0.6857768658911383
73218,0.26256002228568104
73219,0.4785258243944496
73220,0.403877842895561
73221,0.4842119495585148
73222,0.4525520878354618
73223,0.4723694196081858
73224,0.47704435988953175
73225,0.4225956605998518
73226,0.4578479555134363
73227,0.49980562261781225
73228,0.2242272543153851
73229,0.5112203159986485
73230,0.5045673165120422
73231,0.5251817924539843
73232,0.48686164989912234
73233,0.4818046640115906
73234,0.3734950764542424
73235,0.48549336895433476
73236,0.359221158337795
73237,0.3512930657785151
73238,0.31427081481230595
73239,0.3697071460807677
73240,0.4927936798502114
73241,0.4879590632276302
73242,0.48633755258360906
73243,0.48444907329378684
73244,0.36321194572862664
73245,0.3367876483055692
73246,0.3012009471986115
73247,0.3055273632019709
73248,0.47012918205392534
73249,0.47453262189427886
73250,0.46694644608270763
73251,0.5656813536842845
73252,0.6514936021012718
73253,0.48802807247717694
73254,0.19900632493334658
73255,0.3316149961059984
73256,0.4930848310617886
73257,0.3481093204551377
73258,0.8023031316830636
73259,0.5117358394842529
73260,0.485361542250923
73261,0.7062358448659247
73262,0.3815426248886607
73263,0.5217248153912268
73264,0.48168553730470315
73265,0.4548686457951262
73266,0.4364513952451311
73267,0.4485687076001188
73268,0.5504980003709792
73269,0.33665205511341734
73270,0.485932746297266
73271,0.45978923607041955
73272,0.45041033542786957
73273,0.4696009068173238
73274,0.33542813471539457
73275,0.3151061480362719
73276,0.3288539407203103
73277,0.45913164391679956
73278,0.5054449127977146
73279,0.47106209590559467
73280,0.3665839634380025
73281,0.49062425910566965
73282,0.5639405758686868
73283,0.36513218187377505
73284,0.5002097160554878
73285,0.3305406351665586
73286,0.4917319885434758
73287,0.34456591480241894
73288,0.33767736494159495
73289,0.34677971728901336
73290,0.47870985765241203
73291,0.358006484080058
73292,0.3858976826185613
73293,0.49311089650950124
73294,0.5023373982731317
73295,0.4763035171723281
73296,0.5549719061515771
73297,0.39247890051658635
73298,0.46935032710971675
73299,0.4955269629658532
73300,0.3958792019857844
73301,0.4818836473012229
73302,0.406901487247595
73303,0.4685802399119467
73304,0.49258226769485414
73305,0.4815007697183078
73306,0.3344210225877984
73307,0.5178752342977148
73308,0.48509966540937
73309,0.32505957564237176
73310,0.2995646668075598
73311,0.48267650949381036
73312,0.46841510609040465
73313,0.46944294387434493
73314,0.49015211572721096
73315,0.4800670008737584
73316,0.458087474365835
73317,0.506915309464427
73318,0.5176090217341567
73319,0.49315432634558976
73320,0.4538299092924456
73321,0.4883157749835869
73322,0.47461502020451785
73323,0.3823691878403389
73324,0.3183915045438834
73325,0.4638563790086748
73326,0.48886328097237286
73327,0.393813926431945
73328,0.4489252602988524
73329,0.34370177383777795
73330,0.45215789534096623
73331,0.4769691620268982
73332,0.49913320250450177
73333,0.5101194247595698
73334,0.4640853292247713
73335,0.4926992950254645
73336,0.47222614753642345
73337,0.4661043071576029
73338,0.3292773004281574
73339,0.4784468388917528
73340,0.48086183634665186
73341,0.45079391379203315
73342,0.3079202400506394
73343,0.32526825512303903
73344,0.47698787038031315
73345,0.4888503242960732
73346,0.3050712268903027
73347,0.3859528560341253
73348,0.4712388028830449
73349,0.3414911787003877
73350,0.3907102357340748
73351,0.4770157089074719
73352,0.5025260382404826
73353,0.44240720966518643
73354,0.41068926604323797
73355,0.221205109226928
73356,0.31220214525406015
73357,0.462679224654049
73358,0.3540336411472479
73359,0.3201235109413213
73360,0.4734844777612977
73361,0.35001591933679854
73362,0.4938477775331819
73363,0.5015468996667698
73364,0.48636712289974915
73365,0.306936332824126
73366,0.3740156553437214
73367,0.41327091302329755
73368,0.49621327696765916
73369,0.49548790044331936
73370,0.5051193239854412
73371,0.4857087210477487
73372,0.2906561030754617
73373,0.4954868712723095
73374,0.4940354120886459
73375,0.46339894840964757
73376,0.506240386306932
73377,0.2886164918626903
73378,0.4555616667320932
73379,0.4696996747731178
73380,0.27200889881478507
73381,0.5062728626525307
73382,0.347164547171656
73383,0.24023351981929136
73384,0.44885677646663125
73385,0.48786122158119755
73386,0.318122765900238
73387,0.37495133935543906
73388,0.49223440954147457
73389,0.4690056691631044
73390,0.4769176278542652
73391,0.3311924382492366
73392,0.480154252630317
73393,0.46311056481831436
73394,0.45038542547833493
73395,0.48903055618624425
73396,0.24679802569734072
73397,0.4875524614625174
73398,0.5134793040395093
73399,0.491015107503453
73400,0.5223459361748147
73401,0.4857801767512061
73402,0.49769731085408386
73403,0.3466200351421619
73404,0.47444280668244276
73405,0.46092884338161605
73406,0.4238709232096656
73407,0.4928320887320354
73408,0.46015010265218825
73409,0.4136319244051717
73410,0.4778635824414905
73411,0.5088961073193232
73412,0.4879099262701458
73413,0.48551076144973654
73414,0.45749554129468195
73415,0.48658104388191425
73416,0.4799271454789437
73417,0.29466042303504053
73418,0.4489549119216304
73419,0.47397337074756174
73420,0.4483612130809237
73421,0.3798055764020607
73422,0.45257722106803694
73423,0.46721451059133073
73424,0.33514082617504937
73425,0.2883892873934585
73426,0.46813484174598485
73427,0.3509199367551516
73428,0.4642597632930856
73429,0.462780610560776
73430,0.4969939595987221
73431,0.4533543847417702
73432,0.4772859091251205
73433,0.4710831142796875
73434,0.4884058929694646
73435,0.34946127993753084
73436,0.5842603198411142
73437,0.3259800036376004
73438,0.4991205722897042
73439,0.1637323067820058
73440,0.4622837482377119
73441,0.509522448364256
73442,0.3415246666492152
73443,0.37123493310427635
73444,0.516449160692277
73445,0.4764370777817764
73446,0.4840314530935115
73447,0.4513780182946596
73448,0.49825057133709705
73449,0.49333919698789364
73450,0.48960495956309624
73451,0.5011116748234941
73452,0.2720004789075498
73453,0.36248208121145026
73454,0.3584294335380948
73455,0.4826063410509172
73456,0.3668652502967018
73457,0.4758336577486085
73458,0.49736804524924827
73459,0.46864543678686343
73460,0.46070732624729516
73461,0.4540489477158881
73462,0.4522388120009009
73463,0.5564348228734063
73464,0.493781782181318
73465,0.45503289352160586
73466,0.5023573903707651
73467,0.46609673096241083
73468,0.4881251888747233
73469,0.47800134893431406
73470,0.5132647956178594
73471,0.4035586754040549
73472,0.49247380561113235
73473,0.3753080294894229
73474,0.45445844918694267
73475,0.6259423167239402
73476,0.35967640238522675
73477,0.4744176549005734
73478,0.4702577927844924
73479,0.4346248766388042
73480,0.2238112537208818
73481,0.47078101246469084
73482,0.4729357277941913
73483,0.4976761893205073
73484,0.4861108892320345
73485,0.48695525970350345
73486,0.48989692255571077
73487,0.4653438683248498
73488,0.5116229221738402
73489,0.4827581160140987
73490,0.3135373305488319
73491,0.27289842769352374
73492,0.3370472367344385
73493,0.1928582096430434
73494,0.45325915622551294
73495,0.45569471164534353
73496,0.4853799173644444
73497,0.47368131066520924
73498,0.47686465535439937
73499,0.46993924472449083
73500,0.32835699209734837
73501,0.4695789601604818
73502,0.501273429791109
73503,0.811806876640684
73504,0.44879398272604604
73505,0.49798109181075645
73506,0.2814668306582113
73507,0.32535981708962486
73508,0.4529829022115972
73509,0.294203933762606
73510,0.4907322238695183
73511,0.48995262846521415
73512,0.4625203039768465
73513,0.47949060216752404
73514,0.4801711010623869
73515,0.44199823296366003
73516,0.34552745891658093
73517,0.36688278681144215
73518,0.3467758127347733
73519,0.48381733828976464
73520,0.3484599672712359
73521,0.4730280502012245
73522,0.4294667826671302
73523,0.5076223289143372
73524,0.3665111227264037
73525,0.34104755587600555
73526,0.4705632562831963
73527,0.7967207975813917
73528,0.5160241926872029
73529,0.4819743585948276
73530,0.3646568430538118
73531,0.4815925461820437
73532,0.4816529766128208
73533,0.4838074844742167
