id,default_prob
53480,0.42341651169500993
53481,0.3243882387766488
53482,0.45562209944334253
53483,0.492081420813384
53484,0.37984313153494886
53485,0.43378427900296584
53486,0.4166049358332498
53487,0.542760715343149
53488,0.4941325993548191
53489,0.3668203741897485
53490,0.3627992611443028
53491,0.5347208821354047
53492,0.4904129068804818
53493,0.5226443495034749
53494,0.5753014915341401
53495,0.5024739301948636
53496,0.4608410272810572
53497,0.6172462436958449
53498,0.46541658381957507
53499,0.5118308429852859
53500,0.4185879899609948
53501,0.3689020645146693
53502,0.49676152262665485
53503,0.5347889779152526
53504,0.4282628499725348
53505,0.4397924908617548
53506,0.4148118821610969
53507,0.4649721715387308
53508,0.4576770758049832
53509,0.4942960600678171
53510,0.3677245172270917
53511,0.47239684348501887
53512,0.425387546176214
53513,0.41362520949458254
53514,0.42591588897163946
53515,0.4022524254780644
53516,0.45546477127636875
53517,0.4808352694691489
53518,0.4543334427804375
53519,0.4547200217822489
53520,0.48902801193078604
53521,0.47055023670247575
53522,0.39072752661716786
53523,0.46661467706386384
53524,0.6004105331759357
53525,0.5286246178211998
53526,0.4704032070396777
53527,0.459205124382172
53528,0.5033664685382684
53529,0.5570526817649668
53530,0.5114899367315536
53531,0.3549976705816791
53532,0.4108645960335547
53533,0.3279921593906972
53534,0.5331221763863908
53535,0.5313610736501985
53536,0.4886226961846239
53537,0.33551990324548503
53538,0.41658651136426234
53539,0.5591243373294215
53540,0.6051290619614387
53541,0.33545612037820816
53542,0.6016263655993785
53543,0.3949531947080069
53544,0.5742577034363103
53545,0.5891492112443728
53546,0.43778689770486073
53547,0.5045064061706422
53548,0.48364064281397445
53549,0.44287987206776414
53550,0.46995538412598115
53551,0.376927804543323
53552,0.4424521972995459
53553,0.3185505952309356
53554,0.34266072751539073
53555,0.5068453701969883
53556,0.4631396877835117
53557,0.5330799569038372
53558,0.5599012640326575
53559,0.4413670141499203
53560,0.4191379466851177
53561,0.4594229390226884
53562,0.41536060537378505
53563,0.5025725619481578
53564,0.37772035569375795
53565,0.481983872713033
53566,0.3111018596754848
53567,0.40166049889613986
53568,0.5247900905954997
53569,0.4586549179099777
53570,0.43331708554326953
53571,0.44322318289926627
53572,0.5018964129620634
53573,0.46624843642288066
53574,0.4764362841786355
53575,0.5964895523709808
53576,0.5355609896994615
53577,0.3669480065405516
53578,0.6061016954454935
53579,0.35420147058869667
53580,0.43838809799932554
53581,0.4248953856681068
53582,0.43301301462345576
53583,0.4217538622886699
53584,0.4469118635463006
53585,0.32762801450974893
53586,0.3737973373873301
53587,0.5090198516729787
53588,0.5344712959587377
53589,0.3152865119092059
53590,0.5180802975326917
53591,0.5518313151512926
53592,0.3417828137205298
53593,0.43129203035114794
53594,0.4798470167883395
53595,0.39608696872801763
53596,0.48946585314317453
53597,0.5254045479932415
53598,0.31712030741442376
53599,0.5071779329608431
53600,0.5955385903874464
53601,0.5533738367169756
53602,0.41604280938650606
53603,0.4565837723141918
53604,0.6154296064027159
53605,0.5487689735573603
53606,0.605310390331872
53607,0.4801315632134012
53608,0.3199940587127983
53609,0.4547013919973748
53610,0.3315780339306892
53611,0.40026351048343967
53612,0.40837538081077995
53613,0.4481760533431507
53614,0.3332803955644824
53615,0.5487884552414894
53616,0.5114115433078527
53617,0.4299322299463061
53618,0.3458400898764915
53619,0.49638427862064316
53620,0.5176769989561548
53621,0.4101868986328928
53622,0.5025841382820079
53623,0.5919552486647226
53624,0.5463641618010593
53625,0.5839962864273609
53626,0.5113014378092422
53627,0.4561993370570774
53628,0.5188312865172827
53629,0.4425626496357925
53630,0.4219992528207314
53631,0.40590781302245277
53632,0.46861786385538173
53633,0.3576474492830554
53634,0.5358276847679291
53635,0.41217666254801383
53636,0.5230067433090844
53637,0.5462859977869203
53638,0.4688149438136705
53639,0.41441234788359976
53640,0.5575620170079176
53641,0.4698866825758
53642,0.5707438275996768
53643,0.3936129852155428
53644,0.5075830447560215
53645,0.5880169264375674
53646,0.4949936995006393
53647,0.3233798816187565
53648,0.4417023900349959
53649,0.4425379497378044
53650,0.48602362767314655
53651,0.5598382819666275
53652,0.41574458765010774
53653,0.39626244376928527
53654,0.5684826360143935
53655,0.5212904942620858
53656,0.502852018963907
53657,0.3306485034358768
53658,0.5498543725559687
53659,0.5146164047186926
53660,0.45112965685446615
53661,0.5810828819099781
53662,0.43456683882247366
53663,0.4447774743762593
53664,0.35248708807070345
53665,0.5065749530908115
53666,0.5298290808426921
53667,0.5061476120575581
53668,0.30966810301033154
53669,0.40196544307644827
53670,0.3476620298785735
53671,0.29236590359953085
53672,0.3360654441688531
53673,0.42644801293353735
53674,0.3793700178846493
53675,0.5387245692711904
53676,0.5526788250641208
53677,0.365547213291742
53678,0.6095884825048328
53679,0.48259207746372207
53680,0.5356836694673017
53681,0.4524070640385668
53682,0.3850404734805841
53683,0.5168771638749575
53684,0.3600632377732614
53685,0.40496726008170525
53686,0.5214028438341686
53687,0.3791123623085627
53688,0.5049458863028652
53689,0.33487815741110927
53690,0.3962838976084415
53691,0.5404551240421335
53692,0.32947648653981315
53693,0.33893291460817454
53694,0.5162212671684849
53695,0.46479337207097216
53696,0.5003359218971924
53697,0.5317231678452551
53698,0.4181083402185007
53699,0.5228654713804602
53700,0.6206567230423549
53701,0.4228327439488737
53702,0.3985348096121857
53703,0.5978437506115858
53704,0.45693124533289753
53705,0.3407155653469009
53706,0.415067350894489
53707,0.41519630133837104
53708,0.48922310984261197
53709,0.47877603650832234
53710,0.46947186319385537
53711,0.5257713357789914
53712,0.43986786834970837
53713,0.5188078252227416
53714,0.5597464354323738
53715,0.4853698307738435
53716,0.44149217479543956
53717,0.553665041796418
53718,0.4754681001737483
53719,0.4520724660002525
53720,0.3544116398928898
53721,0.5758243459923988
53722,0.5680644780569364
53723,0.47524004716645607
53724,0.4865568305905083
53725,0.328755636358961
53726,0.4500450932492515
53727,0.32835641871923693
53728,0.3499056896241751
53729,0.5499525474611422
53730,0.5559820693743218
53731,0.45778024877868195
53732,0.5269431476644424
53733,0.4490738342248626
53734,0.4671433531239919
53735,0.4919223689307297
53736,0.3460249767013689
53737,0.5167238437002937
53738,0.4173486291642722
53739,0.3777688047059044
53740,0.4294794724309602
53741,0.4533981037519584
53742,0.5226327117356178
53743,0.49839338821299284
53744,0.533432606118013
53745,0.4460726122199732
53746,0.44256560599289224
53747,0.5569677832514547
53748,0.35044187064154775
53749,0.5142871427821865
53750,0.5893291080429387
53751,0.49281575231249086
53752,0.4558957057831732
53753,0.4117385978733477
53754,0.47724943562757
53755,0.4275633697537856
53756,0.4674715454985027
53757,0.40144195673528243
53758,0.483974005701938
53759,0.53027132303921
53760,0.3746674551162521
53761,0.5250882015020929
53762,0.36056647717496715
53763,0.5190616105758259
53764,0.6057530168792417
53765,0.5649296764647371
53766,0.47013162638672223
53767,0.5949441851423527
53768,0.5125255666650489
53769,0.6247417887464255
53770,0.37617361681334927
53771,0.47277503271193533
53772,0.42065023771882437
53773,0.45090176594683967
53774,0.560779931189831
53775,0.5065046895676687
53776,0.5280744007427642
53777,0.3362465828386177
53778,0.5918728320378812
53779,0.37689894677400326
53780,0.4963752059646901
53781,0.37827230728697203
53782,0.43909938291659856
53783,0.5402030546950709
53784,0.46851755647578375
53785,0.45155017019495325
53786,0.5409031472943205
53787,0.5947754656552477
53788,0.48039270160461317
53789,0.5501746195004396
53790,0.4872196683928564
53791,0.5203391394041893
53792,0.4792702691389117
53793,0.488667694648271
53794,0.3696913813535305
53795,0.3882471294951994
53796,0.5676986776315354
53797,0.4429967057442831
53798,0.371753474057335
53799,0.41120315089254317
53800,0.3485243968072116
53801,0.4597621941647952
53802,0.4617347561254078
53803,0.3363059562543215
53804,0.6120499325139567
53805,0.36049458352374925
53806,0.46073711133550627
53807,0.44135577077606014
53808,0.3864197722677164
53809,0.45733397990075125
53810,0.4381218669795297
53811,0.5179289018879433
53812,0.42541529497977826
53813,0.4655745699652927
53814,0.3723196403093132
53815,0.36422633109268876
53816,0.30376548136873116
53817,0.5233340461300678
53818,0.3992108293143918
53819,0.47396624089566336
53820,0.5797848854089309
53821,0.5198474285525893
53822,0.46192937198985384
53823,0.33773663146851207
53824,0.5096546436246032
53825,0.311753358946173
53826,0.45530696979483487
53827,0.49504036516628663
53828,0.5031386221061604
53829,0.4729509931065399
53830,0.46079015618384445
53831,0.496458885893955
53832,0.5249136028911673
53833,0.3988846512868044
53834,0.38119972322798673
53835,0.4477920412790487
53836,0.5640300141361878
53837,0.5511910160081971
53838,0.47970832677857017
53839,0.5019456841931
53840,0.5672121303000975
53841,0.6139740696225525
53842,0.31071961749324895
53843,0.5481221824865735
53844,0.3367782577484616
53845,0.48799915284582185
53846,0.45900698179666766
53847,0.4443208310605287
53848,0.5073742649003752
53849,0.43824089397930693
53850,0.42515158332211894
53851,0.3869822148960061
53852,0.38577611948871626
53853,0.536446272955535
53854,0.43583423989793557
53855,0.5807991974609451
53856,0.3646011016203933
53857,0.5780642941096925
53858,0.3854594803582222
53859,0.3596083416386488
53860,0.4222731630337665
53861,0.5623637997049936
53862,0.4752370040797438
53863,0.464187295015323
53864,0.5865106469571338
53865,0.43154451967270746
53866,0.42502660100881545
53867,0.3782714921377428
53868,0.5099896349684112
53869,0.37838318366640306
53870,0.5138351367213267
53871,0.4468646618826251
53872,0.4501423718759793
53873,0.4565997558264555
53874,0.528643361418701
53875,0.39550024799183536
53876,0.4673446748706844
53877,0.4183218668652218
53878,0.4806355233486258
53879,0.35164807935358844
53880,0.407721350172357
53881,0.5922441883934264
53882,0.5684817021441952
53883,0.443331166334956
53884,0.38719687237263634
53885,0.5986550875170247
53886,0.34035622845439784
53887,0.41122027508264014
53888,0.5211110488118982
53889,0.4737202011751681
53890,0.49420348687377325
53891,0.416633047091785
53892,0.5781593990860491
53893,0.4452035351934791
53894,0.5072244834859656
53895,0.34634668077851893
53896,0.46803420409263097
53897,0.5025552617457985
53898,0.3519645544283574
53899,0.5073152158228531
53900,0.41943937020449606
53901,0.34315381692173724
53902,0.4868184396743723
53903,0.4568842292056139
53904,0.5276696220803478
53905,0.3933675130480667
53906,0.33928857895183073
53907,0.38854488592648917
53908,0.4352701338289709
53909,0.42397846933278666
53910,0.4578085946349768
53911,0.37639224377267977
53912,0.6232193171732634
53913,0.38697970673025317
53914,0.5042387050976778
53915,0.4789844833120016
53916,0.4640185169830917
53917,0.38284612770096316
53918,0.41490752592270486
53919,0.4033304250543517
53920,0.38684372496367997
53921,0.3334713943776989
53922,0.38771407131516705
53923,0.5383575068440793
53924,0.46697383837826123
53925,0.30979859502483786
53926,0.4495485012503918
53927,0.3989372180694799
53928,0.46635919823114413
53929,0.48024298844155433
53930,0.4029598995642424
53931,0.40387874519380373
53932,0.5061387095528727
53933,0.462645832948256
53934,0.3422586488664504
53935,0.5877548917138362
53936,0.48257065524449405
53937,0.5428334767169412
53938,0.42659362649928023
53939,0.4429181145981417
53940,0.5772295045683082
53941,0.5742893141387638
53942,0.45190337222286014
53943,0.44740241842644646
53944,0.37694598060180906
53945,0.6071673885688572
53946,0.42754442130006204
53947,0.4179377399123461
53948,0.4091808724574437
53949,0.5117196564797531
53950,0.4729320820886199
53951,0.5316986288175792
53952,0.4428175782348345
53953,0.45771311405563575
53954,0.4932469422243384
53955,0.3967351557400111
53956,0.47189391945941084
53957,0.3517873518230807
53958,0.45202318645586836
53959,0.5562784176514711
53960,0.5335650190420084
53961,0.4464929669832219
53962,0.39244134243060225
53963,0.5357867525396302
53964,0.3215807681872194
53965,0.5004257268195854
53966,0.3617657593830899
53967,0.3735904988215923
53968,0.5682963083013591
53969,0.3526974264077722
53970,0.3578368496623417
53971,0.4936897744676608
53972,0.5304762477034273
53973,0.4036566510269075
53974,0.4973700038642369
53975,0.44400601037278714
53976,0.48519188403105806
53977,0.2954064431546684
53978,0.5787827508234291
53979,0.5898935103854359
53980,0.5201981320600113
53981,0.5589814429478237
53982,0.432952406617577
53983,0.494944712691146
53984,0.4810370881067442
53985,0.3960367794306927
53986,0.4946519052468668
53987,0.4272348535098571
53988,0.3488083599116453
53989,0.4516849677616157
53990,0.48264203067215
53991,0.5069273419027505
53992,0.5468559184802243
53993,0.4232768195214784
53994,0.42907312848246365
53995,0.500939239812479
53996,0.498081726195705
53997,0.42741436345641826
53998,0.45300131315419445
53999,0.5345506473947641
54000,0.4267356684307935
54001,0.3285242839037369
54002,0.3144132268800431
54003,0.5679934838730003
54004,0.582921390753186
54005,0.4223683020446485
54006,0.36373157692062946
54007,0.49584971915163967
54008,0.5143220189890778
54009,0.4185970961487919
54010,0.3568970324797422
54011,0.47865924193579423
54012,0.5150802488294844
54013,0.4652500191485107
54014,0.3171152402883473
54015,0.4833473528078989
54016,0.3328998295284363
54017,0.32778115912138356
54018,0.4256323281898114
54019,0.5136484694230506
54020,0.5078695088266209
54021,0.4335544888542061
54022,0.46783696830733557
54023,0.5440895050275778
54024,0.3978148844733723
54025,0.5183389323703856
54026,0.465517696733867
54027,0.6163300123657678
54028,0.42694928014474653
54029,0.41741450353605536
54030,0.3347406438514697
54031,0.44621667380167396
54032,0.4894572858099592
54033,0.49837363988835687
54034,0.6268626873444112
54035,0.46918961390709857
54036,0.3347430739271257
54037,0.5961120367825605
54038,0.4839349462676128
54039,0.3745049060629045
54040,0.3930496551308778
54041,0.3059754202246441
54042,0.3987031994432817
54043,0.45664101627867176
54044,0.4789295086611265
54045,0.4600272303545381
54046,0.43294007246777283
54047,0.5591333365329139
54048,0.3286169066768359
54049,0.5991920082588098
54050,0.39837127197815764
54051,0.3071586449729505
54052,0.5257229649194703
54053,0.35307990549808665
54054,0.3366977350253029
54055,0.3181072423060625
54056,0.5127871830363044
54057,0.5155518625663474
54058,0.43595939934110184
54059,0.3302324987010668
54060,0.5885476579467974
54061,0.42625769877530095
54062,0.4603236142306404
54063,0.47660210336921965
54064,0.39480700553134956
54065,0.3272107825776167
54066,0.5140852669370823
54067,0.4939192178493769
54068,0.5695192277460701
54069,0.3330546047104159
54070,0.4828742393060308
54071,0.4700566166089069
54072,0.5854426882945087
54073,0.43487378083673334
54074,0.4098580937285048
54075,0.5159265786992113
54076,0.49622443736388056
54077,0.5977282696597683
54078,0.4573396590396144
54079,0.406832302417935
54080,0.45038984181447167
54081,0.4002570986760938
54082,0.5086240313674205
54083,0.42304582904563565
54084,0.6030844078590858
54085,0.4608028398914323
54086,0.512562008340062
54087,0.4973595333418819
54088,0.44174051745666887
54089,0.34544835201725915
54090,0.514667724697479
54091,0.5746460172877955
54092,0.5500227275920924
54093,0.48534438720678896
54094,0.4435511155179521
54095,0.3943083156452844
54096,0.3511303556951265
54097,0.5111258399557314
54098,0.4975280073029799
54099,0.36890748543039253
54100,0.5265579093874302
54101,0.41116757522029096
54102,0.4548878021027075
54103,0.4702695066887634
54104,0.3703631463072316
54105,0.46374046747669395
54106,0.46850226617747476
54107,0.4733527605082705
54108,0.4547537508694933
54109,0.4486534358532023
54110,0.43995441103102034
54111,0.5227548204512618
54112,0.41527373993136707
54113,0.37131280915386233
54114,0.45578869381619824
54115,0.3752960406818441
54116,0.4590394389377036
54117,0.4323124745930583
54118,0.5092470323534314
54119,0.479191623255806
54120,0.5428720364218667
54121,0.45350649848561736
54122,0.35810145761199647
54123,0.36154277264574697
54124,0.5618419130272791
54125,0.4723547317690938
54126,0.4287481236179229
54127,0.4365638351987656
54128,0.4813515050636392
54129,0.44871837536382275
54130,0.40995619623963964
54131,0.48786844047767924
54132,0.5104673915584963
54133,0.3821693245301248
54134,0.45844341245552717
54135,0.5531288174064947
54136,0.35508534868877406
54137,0.3915586275727325
54138,0.4539472341873736
54139,0.4891859224811954
54140,0.49095908222923523
54141,0.5067964936275465
54142,0.5953627834746613
54143,0.5654724441186063
54144,0.5192685160773848
54145,0.5414898393565983
54146,0.5124592334020679
54147,0.4542921397391642
54148,0.5088041813467538
54149,0.3768018521087613
54150,0.4125340560015791
54151,0.3280984601534313
54152,0.4911771269035803
54153,0.3258969932266727
54154,0.4171540802302625
54155,0.3915699327401808
54156,0.4758844828766694
54157,0.4371626568900073
54158,0.470594106852544
54159,0.5707124457070526
54160,0.49675560796139845
54161,0.6241086607643507
54162,0.5743313468768421
54163,0.5515452211623394
54164,0.39948071863690504
54165,0.3801703078261804
54166,0.3343536977410997
54167,0.42859113898962037
54168,0.3714434633878323
54169,0.36390291338332176
54170,0.44255428348199477
54171,0.44536113899803986
54172,0.498756375978346
54173,0.43712620696380966
54174,0.4436070240012251
54175,0.49349890066375934
54176,0.41246356843782456
54177,0.49689098720159314
54178,0.524634399743189
54179,0.5274135093574023
54180,0.4732981648172877
54181,0.3277397244876401
54182,0.471272697519763
54183,0.4286325601333227
54184,0.48541153132037623
54185,0.5789846401521389
54186,0.5353326932062701
54187,0.4489936281014306
54188,0.5191497385788868
54189,0.4322492915089031
54190,0.45916446288254875
54191,0.41059376537728953
54192,0.5061217639157274
54193,0.34694565620280404
54194,0.3637040076261554
54195,0.45699992974364395
54196,0.5924208905473529
54197,0.3084019410643165
54198,0.5313281261820871
54199,0.3492497720062159
54200,0.525572032906203
54201,0.5306706629849792
54202,0.36876015167020687
54203,0.435923620194449
54204,0.591833479871782
54205,0.4526076211424966
54206,0.4209953214698964
54207,0.5405096270706173
54208,0.4338210899040091
54209,0.4927343261501297
54210,0.41116970245831785
54211,0.36862513169450906
54212,0.3675861147458006
54213,0.35487531570627695
54214,0.606472171600055
54215,0.38814371680460863
54216,0.46729468923092343
54217,0.44485424536195056
54218,0.41920303228698563
54219,0.42377311254173333
54220,0.34822882424116913
54221,0.49876678447895706
54222,0.42841781055374034
54223,0.3322045796044388
54224,0.3596156804356927
54225,0.3626348416083947
54226,0.4922118292838831
54227,0.3206887919513238
54228,0.4912133529282466
54229,0.464705471644646
54230,0.5548623995160279
54231,0.3666237284370508
54232,0.5095270746141634
54233,0.4326260963858045
54234,0.3956398932944826
54235,0.4356588499634686
54236,0.4624868980975706
54237,0.3459347817966152
54238,0.3175289571513896
54239,0.31054990900918417
54240,0.5192346919283012
54241,0.4195510607081877
54242,0.3674883045708233
54243,0.4585906928285519
54244,0.416306483689061
54245,0.33932692132242953
54246,0.5023480930160342
54247,0.45973133760819274
54248,0.5078353499277504
54249,0.4514193538642569
54250,0.3517846959468287
54251,0.4792742310300132
54252,0.40498889119529924
54253,0.4720993490787526
54254,0.4688887801952678
54255,0.36292055261790485
54256,0.4361064370549007
54257,0.553306775721543
54258,0.413511183998413
54259,0.3194471674484704
54260,0.38189339565277736
54261,0.3155267995694781
54262,0.4219576025239744
54263,0.5043446510853307
54264,0.5005557490282091
54265,0.41243479224406077
54266,0.34474749404681965
54267,0.30314081822026795
54268,0.3583132331501856
54269,0.4697233947971297
54270,0.519237924356336
54271,0.45458515167648145
54272,0.45631819783364125
54273,0.3409994969465998
54274,0.39463334260760935
54275,0.4432514768262188
54276,0.42855554704365234
54277,0.37684140654416376
54278,0.44384901092676576
54279,0.4608981515895221
54280,0.36073789321891075
54281,0.35760413896012794
54282,0.4143158133068129
54283,0.4629417575063829
54284,0.5755884933134153
54285,0.6209786137445479
54286,0.530381974824667
54287,0.5631294395840618
54288,0.4894866435284907
54289,0.32181719055990526
54290,0.3407987021221778
54291,0.5004960642094652
54292,0.4077689578555198
54293,0.3621498112499549
54294,0.4335189983110673
54295,0.4825296143533977
54296,0.4548744236669777
54297,0.582940699288732
54298,0.5023954814709781
54299,0.42053920624391683
54300,0.4209507658485463
54301,0.5944860909591456
54302,0.3293574119997977
54303,0.4251596706923373
54304,0.4683382749228604
54305,0.4598939933844528
54306,0.4600317253593938
54307,0.4869549565651842
54308,0.526329357240523
54309,0.4490579160350795
54310,0.3631262989524255
54311,0.5700439708540093
54312,0.38913587179820597
54313,0.47925651270442515
54314,0.5134252394684208
54315,0.554015726315169
54316,0.5825012670636144
54317,0.48764349482564306
54318,0.45433921778667985
54319,0.4254814014497761
54320,0.3733243366759293
54321,0.5222299193295228
54322,0.34137201411553897
54323,0.4779051412601213
54324,0.4997126126598337
54325,0.4528770686315635
54326,0.5672349728803274
54327,0.38809333954738057
54328,0.5495899773995689
54329,0.5326042264108405
54330,0.3204374116494784
54331,0.3796710070557363
54332,0.4933845627003761
54333,0.48792960473039626
54334,0.5614586603239956
54335,0.4508449227488117
54336,0.5208603876381975
54337,0.4684482020490836
54338,0.3875335845978967
54339,0.5224552905789495
54340,0.4916694385080841
54341,0.3282074197519608
54342,0.5630021687300771
54343,0.48400019809536754
54344,0.3698999140768592
54345,0.4038389218396836
54346,0.4212733483239894
54347,0.429559570407325
54348,0.3096072228622563
54349,0.4186173483619788
54350,0.4923413579854392
54351,0.4583119843087203
54352,0.5101316829065141
54353,0.319358645174583
54354,0.3913441227927251
54355,0.3322234916115158
54356,0.4534572086384598
54357,0.4982044588853204
54358,0.4324436258504487
54359,0.46324374917490785
54360,0.5207488369167853
54361,0.5852798851943981
54362,0.3858262498377336
54363,0.3037504690728379
54364,0.5343768943848886
54365,0.5253527450966682
54366,0.306655997678572
54367,0.30418037719824126
54368,0.5134537119332734
54369,0.47641820005058494
54370,0.5000304722419014
54371,0.35110820224731454
54372,0.30270274097718436
54373,0.544622177779748
54374,0.37553892246733445
54375,0.4665110964711841
54376,0.5069719267394109
54377,0.49040952342726485
54378,0.4982670537983551
54379,0.41481444925272337
54380,0.41873893760528097
54381,0.57557156878334
54382,0.5979231969996128
54383,0.49655227566185944
54384,0.46008330385893703
54385,0.5505477206799987
54386,0.5779217934264029
54387,0.43432172883632225
54388,0.5281692546921045
54389,0.43163912333947385
54390,0.4760252811595931
54391,0.5348085961057513
54392,0.38503432775962715
54393,0.4403749853286647
54394,0.3863814255968282
54395,0.46207335772030067
54396,0.5150318056160776
54397,0.5726920009239451
54398,0.4310011567659191
54399,0.52277293756131
54400,0.6088570948723644
54401,0.45844708403575385
54402,0.319122309714586
54403,0.5509596072373933
54404,0.6024164982266215
54405,0.5593015390506488
54406,0.41185630700941345
54407,0.47439722269698437
54408,0.5148634777487235
54409,0.562276035570062
54410,0.3711596225625721
54411,0.55320329104064
54412,0.35634488682085214
54413,0.3482568940021885
54414,0.41533378817893524
54415,0.5894816942375071
54416,0.5092379675454674
54417,0.5264825194824932
54418,0.39293953887159433
54419,0.4968704240137189
54420,0.5478849256236027
54421,0.4186258464599678
54422,0.49293396690413316
54423,0.33129543984896087
54424,0.5672844334951774
54425,0.4198197629660903
54426,0.3310550281078378
54427,0.37633973984640395
54428,0.4934814078503037
54429,0.39778779901997685
54430,0.507644287811786
54431,0.4696428993749069
54432,0.5003124568777623
54433,0.3089093627361066
54434,0.5024117230439337
54435,0.402733774466809
54436,0.4180198004973851
54437,0.3863585151185149
54438,0.44501976932199594
54439,0.4090283220890462
54440,0.37974656309063937
54441,0.4946980224060193
54442,0.4161224233025836
54443,0.48954478535962714
54444,0.5502698637068191
54445,0.3976334078629664
54446,0.4126233161788732
54447,0.4550893834598471
54448,0.40396093414225714
54449,0.4669087245744169
54450,0.46494043365884646
54451,0.4955151833261968
54452,0.5425681896115582
54453,0.45686475044849995
54454,0.4113620952127598
54455,0.48002951308749997
54456,0.46566309617862844
54457,0.6318522376864855
54458,0.5586748285274203
54459,0.5650957063745733
54460,0.4315529003119415
54461,0.5290475448744754
54462,0.4617693176880326
54463,0.42130132821709754
54464,0.5030324132801804
54465,0.33294394020886553
54466,0.49413714505166856
54467,0.45859688292319756
54468,0.32287575544332575
54469,0.43150292838589005
54470,0.5110239825802649
54471,0.3090163672617302
54472,0.5807813453302214
54473,0.36415702578480047
54474,0.3400349742417268
54475,0.47074750547058386
54476,0.40694569542558984
54477,0.45251536508435114
54478,0.49975354655910387
54479,0.41251015328892476
54480,0.35309157929838825
54481,0.5157907782297352
54482,0.4706016024351348
54483,0.44082698786183994
54484,0.46987144310484596
54485,0.49609249911183223
54486,0.3782158613875594
54487,0.4469344883814913
54488,0.4963121466718767
54489,0.4593797073060693
54490,0.4546372524922653
54491,0.5060503601922945
54492,0.5602631041460124
54493,0.5386466303598157
54494,0.41872027209515184
54495,0.5493946224306568
54496,0.4315878814050508
54497,0.3830593874686885
54498,0.5527694018157288
54499,0.4151475080727045
54500,0.3837719737266501
54501,0.4666324282002903
54502,0.5664117819273475
54503,0.32103732701459814
54504,0.461364318737317
54505,0.43388053444049535
54506,0.43398846315254347
54507,0.3418060856196458
54508,0.33214473444096837
54509,0.49476377372734026
54510,0.37890235174247544
54511,0.32156494644469963
54512,0.4603176242475932
54513,0.4675608709077538
54514,0.4210728357024009
54515,0.5377770656744255
54516,0.34896539521778736
54517,0.47418988333591466
54518,0.4513187563044528
54519,0.539546601547425
54520,0.42308862338242453
54521,0.30188681212083024
54522,0.312691017477044
54523,0.4334133754249183
54524,0.4905700476460915
54525,0.4979727592053573
54526,0.5082496862864055
54527,0.5325535125724882
54528,0.4356313972749024
54529,0.32571809777270766
54530,0.33195697635245747
54531,0.3477731495031557
54532,0.5033907147381875
54533,0.3007528370023201
54534,0.4937772783080557
54535,0.38594678089493345
54536,0.40850947239494895
54537,0.3327588821160345
54538,0.30969581556728093
54539,0.5846967660000468
54540,0.472939853061863
54541,0.43669477953967306
54542,0.368223866076403
54543,0.4194858120950688
54544,0.4446529861691402
54545,0.5338998275696848
54546,0.4549263932653397
54547,0.42957264924348165
54548,0.5909429483689871
54549,0.5232966707965859
54550,0.4908562812424547
54551,0.41617551209831954
54552,0.420398217425671
54553,0.3486358445480088
54554,0.40416605548825046
54555,0.36708731222967306
54556,0.560243508212704
54557,0.463997446133774
54558,0.457927589096321
54559,0.37750021041279747
54560,0.5073680311784567
54561,0.3339870303164665
54562,0.4688440124853249
54563,0.5194384358859248
54564,0.412981222977878
54565,0.3432087612177796
54566,0.5210483527364822
54567,0.32527011420911706
54568,0.4484949833449151
54569,0.47335962557823835
54570,0.3237118489446337
54571,0.3435454616089726
54572,0.46800053296193844
54573,0.3626360883758404
54574,0.5033265050769253
54575,0.35216175199084016
54576,0.44941970373835205
54577,0.333586377246944
54578,0.5146559218249587
54579,0.4345297042385466
54580,0.5670832160557808
54581,0.3153033758638632
54582,0.4425649987738365
54583,0.4597131803651665
54584,0.4898560492594075
54585,0.35950023480162835
54586,0.5448665509931295
54587,0.5270206082435929
54588,0.4446328609786684
54589,0.39337767026587256
54590,0.5228308973402633
54591,0.33850497726889556
54592,0.37590404326926635
54593,0.46665277367455843
54594,0.44359515480017175
54595,0.5161667233122984
54596,0.4343743153273623
54597,0.41808483792079665
54598,0.48553777876353366
54599,0.4627117480188295
54600,0.3916311554814691
54601,0.44845180730898326
54602,0.4379850460561362
54603,0.5023220961300232
54604,0.43332032112590585
54605,0.47968436888861543
54606,0.5766855154161126
54607,0.4709735362557021
54608,0.37751133226864064
54609,0.3723961857660951
54610,0.4452732730107874
54611,0.4591974066275276
54612,0.4596520096335136
54613,0.4477853000036124
54614,0.597478093372862
54615,0.3474761649363343
54616,0.3344660948913476
54617,0.4223337513159079
54618,0.3986063624441645
54619,0.5390581456533301
54620,0.4202570413432196
54621,0.45155719448796433
54622,0.3688196542444561
54623,0.36633456156500693
54624,0.3061505436695549
54625,0.424747941776084
54626,0.4720543852752789
54627,0.39500066797284716
54628,0.36234897638252583
54629,0.46761201651559503
54630,0.49906073250659233
54631,0.42098256446532323
54632,0.379705216422475
54633,0.36467437389239765
54634,0.4471245831418983
54635,0.4040898146494572
54636,0.5415909445105729
54637,0.5424557610332932
54638,0.503863189761986
54639,0.47264658344347177
54640,0.33153856957911093
54641,0.38252921327477296
54642,0.4640976106548258
54643,0.38933480117725494
54644,0.307313997801478
54645,0.56599756459517
54646,0.36188649619767416
54647,0.4531967939409194
54648,0.5020653978091215
54649,0.3339325154733396
54650,0.3579049736304196
54651,0.5964123698087469
54652,0.4082325393163092
54653,0.4914540064558659
54654,0.3715535666455065
54655,0.3324811574165629
54656,0.3332418603110584
54657,0.5938265295322499
54658,0.5284195694821543
54659,0.44661472554652915
54660,0.5281626875984199
54661,0.5191062812763869
54662,0.35276642136094827
54663,0.5561264975861295
54664,0.4950629243446929
54665,0.5520120761422759
54666,0.4185599024343344
54667,0.3277037560069014
54668,0.32531422618130773
54669,0.4781209398951471
54670,0.5007110726534346
54671,0.4645404411534496
54672,0.5261763664967606
54673,0.5060071734510322
54674,0.41022904356989703
54675,0.4355571297187484
54676,0.33396568605706617
54677,0.4254649574680209
54678,0.392059684386138
54679,0.35517425233856215
54680,0.43440736860932627
54681,0.4518818647517505
54682,0.46191834784925434
54683,0.5042110711977664
54684,0.3671014309537436
54685,0.3902740184897144
54686,0.6237649577033607
54687,0.4937529947931844
54688,0.41774118698405127
54689,0.6299935073749844
54690,0.5041334267165818
54691,0.4921298727201108
54692,0.5875284140527699
54693,0.2927496257748753
54694,0.5139330992269086
54695,0.5982209185683065
54696,0.6051273035338185
54697,0.44502970500985956
54698,0.44767414786302884
54699,0.38393770262745963
54700,0.32796428139714817
54701,0.5176796943049033
54702,0.34942592953370016
54703,0.3541928253266607
54704,0.6221951713002263
54705,0.4252691476023346
54706,0.5595567353186057
54707,0.5238517318213859
54708,0.45353361285980115
54709,0.3982868271476706
54710,0.32585277723971595
54711,0.44655833685767493
54712,0.36961660764163845
54713,0.5795956127801002
54714,0.43395581710192155
54715,0.5375004840890732
54716,0.4326979975558098
54717,0.5706192819561017
54718,0.5316809031572585
54719,0.3556418518565209
54720,0.5115456539938674
54721,0.4338219296346398
54722,0.42415863552961186
54723,0.36997893601614174
54724,0.30750447983598905
54725,0.5484294455213578
54726,0.47639799450565934
54727,0.5610854782923902
54728,0.45442425603763037
54729,0.32907752514340766
54730,0.46634397947697004
54731,0.5480848945935369
54732,0.5472636231034526
54733,0.5252244848982098
54734,0.44546424942742235
54735,0.5271225184967533
54736,0.5880623521827181
54737,0.39156474455580714
54738,0.4135684548036556
54739,0.4519510682612691
54740,0.5325463699820913
54741,0.4710734939215075
54742,0.40239919877050767
54743,0.45583232661814066
54744,0.44070818662046507
54745,0.5029554469483998
54746,0.5483935631975985
54747,0.4457225059475701
54748,0.5364079713872643
54749,0.443327046909402
54750,0.47031871514470935
54751,0.5039031084074531
54752,0.4763154966859829
54753,0.31843153002255914
54754,0.41201934315948685
54755,0.5424960481652872
54756,0.40700272339996263
54757,0.3303512141739371
54758,0.38115092100607306
54759,0.42932830315324444
54760,0.4444112080293323
54761,0.39887760662163974
54762,0.5112735357065576
54763,0.5006984244494488
54764,0.36117494148184803
54765,0.38092089523638323
54766,0.5440682641733375
54767,0.47623956463226425
54768,0.5174621341848785
54769,0.36520508606564406
54770,0.47354081189179886
54771,0.3541401888758303
54772,0.447782256165523
54773,0.4785821934007893
54774,0.33058071286330926
54775,0.37651556090341337
54776,0.4365715081057058
54777,0.4863177129442045
54778,0.4443770851298796
54779,0.46043899682165235
54780,0.3645889532521864
54781,0.36735067156533696
54782,0.6011926871119584
54783,0.5352848496761919
54784,0.4913502555214138
54785,0.500050623997269
54786,0.49250292888743674
54787,0.4427896097272651
54788,0.5279825747727566
54789,0.35008422809497075
54790,0.48274212342377226
54791,0.3487746794113164
54792,0.48396416410947696
54793,0.34406978513505054
54794,0.33447820145676843
54795,0.3376691751251834
54796,0.43054995973399135
54797,0.6078206093743774
54798,0.35468975897908095
54799,0.5959808835884177
54800,0.5628765276436786
54801,0.47063638889873105
54802,0.4549420719202587
54803,0.35771647550827684
54804,0.5116961986444831
54805,0.49174141554883966
54806,0.4819537912385076
54807,0.40638175042581
54808,0.4812379773769623
54809,0.44770830706873105
54810,0.3477040312257486
54811,0.5842618680338711
54812,0.5095316837030528
54813,0.5861763422215461
54814,0.5238709737116827
54815,0.3331576278766681
54816,0.3419026374355973
54817,0.4334539699494242
54818,0.5978098625329813
54819,0.5476513335366523
54820,0.44028600990399147
54821,0.43111286923487513
54822,0.4155086769151801
54823,0.44862303815856847
54824,0.5425419065216047
54825,0.48727196103726217
54826,0.3910056195724125
54827,0.5207159152569711
54828,0.3226835585328011
54829,0.3466643191662837
54830,0.572266816262188
54831,0.4397248567307795
54832,0.5120032669884772
54833,0.35105018118589587
54834,0.30884279363210554
54835,0.5350136937810632
54836,0.33966151358429547
54837,0.5245997603373719
54838,0.36243422699929173
54839,0.3204515365544494
54840,0.3172815490748878
54841,0.6217949518915045
54842,0.5373239779248689
54843,0.5095181920437215
54844,0.4064967075473727
54845,0.3139105770393422
54846,0.48322740444223383
54847,0.37717074307963994
54848,0.4963140565118809
54849,0.44712890237891134
54850,0.4548711312890135
54851,0.49290951709878794
54852,0.49474846155052654
54853,0.4153572152449735
54854,0.5292458708863504
54855,0.5387625380494293
54856,0.49827725922473043
54857,0.49460832742432287
54858,0.3175998584259982
54859,0.34015150831111624
54860,0.399471831733346
54861,0.4652426760402528
54862,0.32222627655721386
54863,0.43494576540446994
54864,0.5098115470525676
54865,0.5625075669943542
54866,0.34515858635566593
54867,0.3379422455508081
54868,0.4246664631758621
54869,0.3471742391987934
54870,0.479680137736969
54871,0.43641042711980194
54872,0.3800605024451791
54873,0.5222710360624128
54874,0.5060287349021653
54875,0.45006636630228825
54876,0.3590539301570233
54877,0.3484366838297046
54878,0.49542154170636177
54879,0.35151302012044144
54880,0.4261573348348052
54881,0.5552558987313019
54882,0.33063848361731013
54883,0.4633383476854313
54884,0.41050615891555353
54885,0.522892410125405
54886,0.5443691837986377
54887,0.3638436139831954
54888,0.3743424421977388
54889,0.5932268161080305
54890,0.4144461759160454
54891,0.4492621729972424
54892,0.48260193200605683
54893,0.6128768613374962
54894,0.5702567850244323
54895,0.33561060011409793
54896,0.39602018859641847
54897,0.40554299262718174
54898,0.6116828154167031
54899,0.39832376763178196
54900,0.5229505034894435
54901,0.4597660580566957
54902,0.48560474181309826
54903,0.3861938652634484
54904,0.42250482127986905
54905,0.3414254477325882
54906,0.5253502460077814
54907,0.39729224301453253
54908,0.41394270529749816
54909,0.46640105737789916
54910,0.3520723400676272
54911,0.4166612141700066
54912,0.4793359830126057
54913,0.5037049315985961
54914,0.5659941105878957
54915,0.4332992181684497
54916,0.3314240669249897
54917,0.35479990932907973
54918,0.36340652639131
54919,0.3650330250562498
54920,0.498996760734838
54921,0.45491475297947104
54922,0.42738514131314265
54923,0.4923513208871006
54924,0.32284193151282836
54925,0.4990497663250091
54926,0.4567473037314713
54927,0.4539843660857113
54928,0.48124585005005815
54929,0.3765499082814098
54930,0.46596219316039167
54931,0.4337033869499814
54932,0.44456535693727084
54933,0.3528026123885286
54934,0.34920185802336995
54935,0.4342732287708472
54936,0.3086907025117146
54937,0.4871035539771923
54938,0.4500006311356459
54939,0.5054881798804967
54940,0.43445072324371725
54941,0.4520540699590224
54942,0.4727382136028402
54943,0.36067958657153537
54944,0.49800858589065694
54945,0.4393241516986698
54946,0.3217109794410555
54947,0.5339336293067716
54948,0.42700089537632363
54949,0.4564520961398717
54950,0.4132290487399045
54951,0.3256090967950793
54952,0.4340036529033432
54953,0.5302498657171635
54954,0.554062434137497
54955,0.4316491837938394
54956,0.3326126869892059
54957,0.3801432131490522
54958,0.3978290964106064
54959,0.421241674570258
54960,0.3879733816241106
54961,0.5362966790396336
54962,0.48256578458250843
54963,0.4537299231813453
54964,0.4303980351428291
54965,0.397189299146658
54966,0.3890438793680229
54967,0.5764062526882023
54968,0.5330092622060653
54969,0.5318618828356397
54970,0.45212021850818535
54971,0.3788992258116126
54972,0.4211851957051968
54973,0.37455905842204473
54974,0.4066228745412632
54975,0.4840450739975641
54976,0.4740066294195995
54977,0.49492453530384845
54978,0.4478505417954205
54979,0.5372329076770104
54980,0.4400714214415455
54981,0.4939082791459728
54982,0.3796143572730728
54983,0.4449972850886326
54984,0.5302176816979549
54985,0.47335239850504274
54986,0.4756724686840773
54987,0.5201770827918026
54988,0.4596878640980948
54989,0.5525368198297673
54990,0.4430861487857347
54991,0.4581118003139618
54992,0.45478672078171734
54993,0.5500553646854711
54994,0.41917942782037093
54995,0.3317147539783149
54996,0.42774169641054827
54997,0.4751515343741465
54998,0.45103688639474754
54999,0.48702943433060325
55000,0.44919286003594644
55001,0.3942520526242057
55002,0.4696075199109608
55003,0.4333585731076312
55004,0.4016032012070268
55005,0.4758487932252943
55006,0.3605145346375393
55007,0.3729480684320716
55008,0.4074667286512548
55009,0.31311659332319763
55010,0.4444896049181121
55011,0.5453309259848805
55012,0.3384808290329403
55013,0.5162755663282923
55014,0.3752010302838258
55015,0.3777890261036095
55016,0.5602539582724653
55017,0.45748446010410637
55018,0.4132860635405225
55019,0.3385577430802268
55020,0.3830490381649058
55021,0.6085596646060707
55022,0.387668856170744
55023,0.42933293978648396
55024,0.5011303317698859
55025,0.36939368286401236
55026,0.47132769487436954
55027,0.31639956932883795
55028,0.49657884293201726
55029,0.44154216672225244
55030,0.4536951447805777
55031,0.46391751885330934
55032,0.5160732552121708
55033,0.42238005447019444
55034,0.5583311037807417
55035,0.5001019824205926
55036,0.324893049850574
55037,0.4526855818720744
55038,0.47034697761333055
55039,0.3427896474335408
55040,0.4782521987000491
55041,0.43469267174954956
55042,0.49923483638810323
55043,0.3929396196848016
55044,0.38988932257910447
55045,0.42807231478439756
55046,0.46226924848367007
55047,0.42505675728863224
55048,0.39065667970716744
55049,0.3170972197862898
55050,0.3334237814501708
55051,0.4123233787411221
55052,0.3248057336117755
55053,0.5485557629648175
55054,0.48492258669533905
55055,0.34844084061840347
55056,0.4728643173073457
55057,0.4019167794696714
55058,0.48129044104581176
55059,0.3201389051521605
55060,0.5537993109577257
55061,0.43524662825467003
55062,0.4526787464101617
55063,0.3143630862157801
55064,0.4692705722853047
55065,0.3994826803545821
55066,0.42499980142947497
55067,0.3285866390968077
55068,0.3449304172148529
55069,0.3828676718975519
55070,0.3039289695004487
55071,0.4064696459582194
55072,0.45046149102304106
55073,0.5438870796695413
55074,0.4731910221071035
55075,0.34986718560380226
55076,0.5738262409297183
55077,0.4469410988620035
55078,0.4017883613253672
55079,0.5042258120250731
55080,0.4572224141877831
55081,0.47426009354230825
55082,0.4490088754983974
55083,0.4933338749923477
55084,0.5458361751078021
55085,0.40898394004521155
55086,0.5266397330324091
55087,0.3683606158601353
55088,0.4430292712995237
55089,0.4210093252291953
55090,0.5935435438518978
55091,0.4689953092998384
55092,0.46841998285133135
55093,0.48216975631188314
55094,0.44955197434678434
55095,0.33337815336726095
55096,0.4902450085015131
55097,0.45950458081724843
55098,0.43108288816767093
55099,0.33252849788943545
55100,0.40881907911659754
55101,0.4562016029315622
55102,0.5101934829909923
55103,0.4576041517781221
55104,0.4452018841115967
55105,0.4729290467725391
55106,0.3191214290692735
55107,0.3428929760939706
55108,0.3608132794120603
55109,0.45576828002865444
55110,0.34753983130619936
55111,0.5430093545974956
55112,0.49838438881947256
55113,0.4386251284514399
55114,0.4598946099922162
55115,0.3705557510626997
55116,0.63891516210334
55117,0.31466657318480745
55118,0.4026502382267089
55119,0.4494009574914609
55120,0.3445312226783643
55121,0.5163061648648358
55122,0.47186767081853903
55123,0.35333794496700444
55124,0.3113106218778937
55125,0.4872823852239635
55126,0.4777333924405282
55127,0.48312437965741983
55128,0.321410758768668
55129,0.4655641371737206
55130,0.5681775817523385
55131,0.5602579285003005
55132,0.3585341219238042
55133,0.35518803860615944
55134,0.4262379196166303
55135,0.39879931993958684
55136,0.4234724276056609
55137,0.4004836918852385
55138,0.3792680097029402
55139,0.5531665670082637
55140,0.4663957174992251
55141,0.46771954666242654
55142,0.37424987647170005
55143,0.4433934256700929
55144,0.5519862920158184
55145,0.385910939171534
55146,0.4834347855638855
55147,0.4425009541084254
55148,0.375723189679699
55149,0.4490249826336502
55150,0.457637903945152
55151,0.35889667266589814
55152,0.5242955703219415
55153,0.48754434675398517
55154,0.5533386347002499
55155,0.3330316623470067
55156,0.3572218695534464
55157,0.5282162361643403
55158,0.3860359859801828
55159,0.41593537261371
55160,0.5223406113740041
55161,0.4189364042711589
55162,0.3269185820356467
55163,0.45375395080397074
55164,0.4100369608420602
55165,0.4912911807275439
55166,0.47792076227823593
55167,0.49871267555660764
55168,0.5565017020273473
55169,0.38023599342876413
55170,0.3292921706803445
55171,0.40142366103203364
55172,0.47190575645426736
55173,0.4270650967517343
55174,0.5657349595759387
55175,0.4657210318933881
55176,0.3558539541834798
55177,0.5962174774732496
55178,0.4483045466491064
55179,0.4497750503198148
55180,0.5624706982569398
55181,0.3952544417775665
55182,0.43118328873213096
55183,0.45128815810750234
55184,0.4825484877074482
55185,0.4034734515683694
55186,0.4299211184658097
55187,0.44262288355237644
55188,0.42090099829218475
55189,0.31889192303845526
55190,0.3255114051298148
55191,0.4556743811437243
55192,0.29588461342086647
55193,0.4764715782560479
55194,0.3256320154419289
55195,0.3242014327068273
55196,0.4249807801339486
55197,0.4877348942731242
55198,0.44335708064446044
55199,0.43841269956474155
55200,0.28482720796590705
55201,0.4635788879772135
55202,0.5625876715707123
55203,0.3326942779462368
55204,0.36060225477958285
55205,0.3258366615014639
55206,0.46839637137677126
55207,0.5620589179844049
55208,0.32917959133805746
55209,0.3427459902283194
55210,0.609539230067593
55211,0.5647933676615347
55212,0.4937038726717622
55213,0.4319821963077902
55214,0.352966256189886
55215,0.35906249769345727
55216,0.5131724664141815
55217,0.33916119388179966
55218,0.5433158343907996
55219,0.6076130484434105
55220,0.5334499873292304
55221,0.3719905193980136
55222,0.4731807253047834
55223,0.45299055752093503
55224,0.4749201011600477
55225,0.562663799188071
55226,0.4366237956907535
55227,0.4405707922675483
55228,0.38677179918155474
55229,0.42237248260860133
55230,0.4161160174320788
55231,0.49359945930862387
55232,0.39139974033460534
55233,0.5115804251443199
55234,0.39015193415561916
55235,0.4930915222870632
55236,0.4400809107795916
55237,0.41915688687834457
55238,0.35107417729418416
55239,0.3398813568572091
55240,0.5416785820603602
55241,0.5127681056796923
55242,0.3300535301467367
55243,0.501716107245054
55244,0.3116177826821222
55245,0.4628972848760997
55246,0.32629222441677874
55247,0.46763738470031413
55248,0.44579044559053027
55249,0.4498806267438581
55250,0.4244137383126755
55251,0.5990491643050577
55252,0.5025088844693618
55253,0.3619015677416308
55254,0.5034059250683389
55255,0.3916829180746648
55256,0.5101706996590623
55257,0.42037453726095314
55258,0.3985841707668526
55259,0.3671634232733203
55260,0.3480876725024453
55261,0.4418146900367894
55262,0.41154600974656863
55263,0.564993252858416
55264,0.4056121808620643
55265,0.44406634465589523
55266,0.4822675291304163
55267,0.34410533370348106
55268,0.45744043288679753
55269,0.38559918731588216
55270,0.5703350722460574
55271,0.5069008539211113
55272,0.4620933889483083
55273,0.5493225071742818
55274,0.4589507513425808
55275,0.539374818238062
55276,0.3781603660541884
55277,0.42343946802317833
55278,0.46872381777828176
55279,0.3315606481626083
55280,0.44988653671244716
55281,0.48423138168954694
55282,0.3554049307373981
55283,0.43868999853836466
55284,0.31453753436658655
55285,0.417237167278824
55286,0.5477418004507628
55287,0.378190174528854
55288,0.4232723985522968
55289,0.3908602221309969
55290,0.31114859946330214
55291,0.4552750566645126
55292,0.5270527775088675
55293,0.5224734788145562
55294,0.35628627982022487
55295,0.48287199003189385
55296,0.5188539695118914
55297,0.395677661598959
55298,0.5201849998593813
55299,0.36330626254959897
55300,0.34445678303355526
55301,0.4731170781677181
55302,0.5121579667494462
55303,0.3340273097186334
55304,0.50801137131058
55305,0.37647090277396533
55306,0.4483623927691436
55307,0.5339631077810038
55308,0.5267371153235458
55309,0.3764002846218792
55310,0.621252547932242
55311,0.47231512952772065
55312,0.293662665743743
55313,0.5071233260448346
55314,0.42075172302001523
55315,0.45346231933541165
55316,0.5171317932296791
55317,0.3300323349020974
55318,0.31008890533421246
55319,0.40911078226901343
55320,0.4961237884594221
55321,0.4267908517061288
55322,0.5363991747392052
55323,0.44803381977154333
55324,0.35127570390823026
55325,0.4909902803176978
55326,0.5140189525464046
55327,0.40051531656417705
55328,0.525208321260376
55329,0.36692363357827296
55330,0.4218884702849204
55331,0.3575355526435322
55332,0.34061844803035307
55333,0.47225242308122783
55334,0.43206028683337083
55335,0.4929781895800643
55336,0.584175373847656
55337,0.38421641803565804
55338,0.5197437253345412
55339,0.43852082323550007
55340,0.4177112356703214
55341,0.49403779540544596
55342,0.5004502736659105
55343,0.3592062675888014
55344,0.29287610776476014
55345,0.30759875690490635
55346,0.5263706356691151
55347,0.3315705007921377
55348,0.4068440427560084
55349,0.47651234847124346
55350,0.5652690979021165
55351,0.35580409411937985
55352,0.5145880726915643
55353,0.4803942588850777
55354,0.4459671315633119
55355,0.3318378720072845
55356,0.3968013943819062
55357,0.5951140789156004
55358,0.34632301481764266
55359,0.43619613696455617
55360,0.49269416645888
55361,0.4614004617470022
55362,0.6304848398027416
55363,0.3883574675739138
55364,0.4143659266866717
55365,0.3751275569835387
55366,0.55109156891052
55367,0.6093538746753451
55368,0.4083411456359365
55369,0.35479957467586715
55370,0.5238137309104951
55371,0.6029370094682874
55372,0.4217705173851807
55373,0.5427034743277572
55374,0.4449510887369776
55375,0.5096255943893259
55376,0.42719439591009256
55377,0.5057558206610466
55378,0.3536837986922999
55379,0.44380192007986985
55380,0.33275299409523396
55381,0.36573183352040506
55382,0.6055488611398316
55383,0.5657561754881835
55384,0.5716835554448736
55385,0.5790445134922793
55386,0.48454788946027555
55387,0.5022471591717146
55388,0.4199769629415182
55389,0.5960559997577406
55390,0.33761810202255504
55391,0.4146040368480325
55392,0.35039005595633144
55393,0.39281839412530456
55394,0.5010261676370119
55395,0.5084168906170412
55396,0.4819040963972298
55397,0.6009678030426402
55398,0.4784343776015859
55399,0.4812443730785547
55400,0.42511299162281574
55401,0.5094475508935257
55402,0.38594297690350565
55403,0.4490928948768923
55404,0.42369851741738185
55405,0.4800374727811568
55406,0.3566829139998676
55407,0.4439359994911894
55408,0.4177703718621436
55409,0.44397234348070436
55410,0.5453707577808146
55411,0.4710485777678548
55412,0.5389072895073312
55413,0.454844289907376
55414,0.5017537197552386
55415,0.47795874672920424
55416,0.4055409956145099
55417,0.5034475309569348
55418,0.4788786925339595
55419,0.4581031478514913
55420,0.43485708547080715
55421,0.3632868633858726
55422,0.34423250119711696
55423,0.4416061284412649
55424,0.3807786856924865
55425,0.5516614646433045
55426,0.4274148683634094
55427,0.5014589846277072
55428,0.4413172899385879
55429,0.5448638027154535
55430,0.3182092201463294
55431,0.40074116221047545
55432,0.5118958168130618
55433,0.4358162544624452
55434,0.46915051450834133
55435,0.42590680156101557
55436,0.5372117665682784
55437,0.31318161497368674
55438,0.38468209249811447
55439,0.44573115148335873
55440,0.43784636701713525
55441,0.45424111969381964
55442,0.49244634356917094
55443,0.3007348338651262
55444,0.4858906188251565
55445,0.4283143565004603
55446,0.40022121283322865
55447,0.45072521249246855
55448,0.42036580428798415
55449,0.3190769997456403
55450,0.3731346026642012
55451,0.5112901240837248
55452,0.4794260474582631
55453,0.4537050383772522
55454,0.46415656808931016
55455,0.43798330095706633
55456,0.5938253695925262
55457,0.3070904681793065
55458,0.3934947484200094
55459,0.33605525223431293
55460,0.5518130856026082
55461,0.4356778559713761
55462,0.5706121144699839
55463,0.33121900330556897
55464,0.39436617397003887
55465,0.44847605836253857
55466,0.5596558813460435
55467,0.36464594086259106
55468,0.3872278633890244
55469,0.305263593274179
55470,0.4389399325311651
55471,0.49282143177801163
55472,0.478029299837241
55473,0.4587144595092416
55474,0.44011861792613266
55475,0.3374980692220231
55476,0.4402107265612185
55477,0.5820378566449929
55478,0.3798775795170951
55479,0.43414562971260295
55480,0.4335158334892077
55481,0.5468858829247044
55482,0.365496193317933
55483,0.3048934838990245
55484,0.5049775735188166
55485,0.4595638877885453
55486,0.5044863316773439
55487,0.40437870771967194
55488,0.42707449806595427
55489,0.444860649614729
55490,0.43712057080140765
55491,0.3167141425572381
55492,0.5370499403013248
55493,0.4562717874983716
55494,0.5917846973635719
55495,0.49855133970572524
55496,0.3391992968775453
55497,0.35186360903075964
55498,0.48184186075518265
55499,0.4675488012649286
55500,0.5431107195370244
55501,0.48273075256449577
55502,0.5453110578700128
55503,0.4054518100837503
55504,0.5224612590375325
55505,0.5639689978762789
55506,0.44547436234083676
55507,0.44502443637824124
55508,0.5461446086521866
55509,0.47758185437120093
55510,0.5737951617062316
55511,0.4527512390975012
55512,0.44235452253619556
55513,0.34528724962921375
55514,0.5188443842712755
55515,0.3767847764114877
55516,0.40856135495506196
55517,0.5125032460142098
55518,0.36292817917745757
55519,0.5530520462062074
55520,0.38824524959231527
55521,0.4087981720423207
55522,0.4699604122647685
55523,0.4665568974670535
55524,0.3384909557106965
55525,0.5841692709222808
55526,0.5361871446061557
55527,0.5080655667820871
55528,0.35943534775762437
55529,0.5175535503357506
55530,0.3852164582865024
55531,0.43787358658656383
55532,0.47638976258627064
55533,0.4606689112289714
55534,0.39477201291927755
55535,0.5373480838281807
55536,0.46596916434543184
55537,0.4000987850909639
55538,0.42285166173458943
55539,0.5635992867629698
55540,0.4354203694998623
55541,0.542558522309947
55542,0.4570916151493079
55543,0.3900364818083567
55544,0.5906377560599756
55545,0.3191069277820208
55546,0.33192728540531824
55547,0.33958362093690264
55548,0.4399680535885764
55549,0.5554380927473781
55550,0.49439530397132914
55551,0.46032217613455045
55552,0.5223071321329525
55553,0.4102410515032369
55554,0.4222166367803174
55555,0.32127281880837316
55556,0.44143317702562845
55557,0.42506301515150546
55558,0.4183719716766394
55559,0.5698400662946075
55560,0.5876976989843183
55561,0.6089394721578244
55562,0.3258604924049309
55563,0.4401928563298317
55564,0.5313616842948579
55565,0.3595898089275284
55566,0.4832238726095724
55567,0.42709176864174453
55568,0.49043955756742297
55569,0.46975262982998367
55570,0.48844464600442145
55571,0.533397043690105
55572,0.43016684093148666
55573,0.407463293470915
55574,0.3727490627727322
55575,0.44374219920819624
55576,0.508221634522445
55577,0.43308185623926054
55578,0.58297873094554
55579,0.48680058318334324
55580,0.43450376173794164
55581,0.3527286127975811
55582,0.35520292940702614
55583,0.5613223053874877
55584,0.4926023868841468
55585,0.47797317041740367
55586,0.4672773575131435
55587,0.471901762363612
55588,0.5126863665419576
55589,0.6235863845920442
55590,0.46288348912742433
55591,0.5331412278196717
55592,0.4625915899830443
55593,0.36839627327607427
55594,0.5269047660755481
55595,0.4394558106071469
55596,0.6011015408440266
55597,0.42442497123592404
55598,0.4081352796117148
55599,0.5311547751702618
55600,0.32558993473525955
55601,0.4437614149493225
55602,0.45673883780704194
55603,0.5441270552154301
55604,0.45432590712678506
55605,0.6305764751324165
55606,0.49540713479840576
55607,0.4653758832569579
55608,0.29071442451788426
55609,0.39980388540295553
55610,0.44591050214661276
55611,0.5021243734489157
55612,0.5134964873504921
55613,0.46944032431143234
55614,0.4458068629057117
55615,0.5507626629607132
55616,0.5593072337542602
55617,0.3072991697714929
55618,0.4657914348702462
55619,0.36620463030983097
55620,0.35906159705633384
55621,0.3068413820205149
55622,0.46320420649603516
55623,0.5961213911835141
55624,0.44065154806818474
55625,0.5012513512885097
55626,0.5692710454820693
55627,0.45698339179095526
55628,0.5066582320261119
55629,0.4352340409911817
55630,0.419347643366263
55631,0.5175197635795568
55632,0.3187834345640102
55633,0.46482159366495124
55634,0.44616807257718016
55635,0.4248484921220377
55636,0.32060699524574643
55637,0.5309525709950427
55638,0.4873119498851999
55639,0.30058986560864337
55640,0.4987757957079002
55641,0.42858797504485385
55642,0.30214752390071625
55643,0.6296289692589734
55644,0.48982122179488197
55645,0.5913330319439594
55646,0.3818913121330491
55647,0.4891131904230978
55648,0.46103912161367355
55649,0.44982580766772357
55650,0.296053656810429
55651,0.3458547282183855
55652,0.43127356693568947
55653,0.6169887063320307
55654,0.3312827281689974
55655,0.5000030201550999
55656,0.4449744845846073
55657,0.41854806260378274
55658,0.5289195033638873
55659,0.42424666562361735
55660,0.5006627765418257
55661,0.3409916995559017
55662,0.3083653045267821
55663,0.44915018910207455
55664,0.6255556223594132
55665,0.30665082153004836
55666,0.4967611118804166
55667,0.5327175060743167
55668,0.44764191379351315
55669,0.39165619126064444
55670,0.4675268773585888
55671,0.44934668424613916
55672,0.613928670810939
55673,0.43473346711146194
55674,0.374552249475654
55675,0.5203109888597779
55676,0.4801749786798109
55677,0.5609000190414699
55678,0.34787532718406006
55679,0.3454774855863908
55680,0.4858611423926653
55681,0.3659585236835599
55682,0.3642761707409916
55683,0.34673676521543856
55684,0.31895780669949453
55685,0.5790482365168393
55686,0.4258798422502136
55687,0.3261741523812952
55688,0.387395685899468
55689,0.5048967434534737
55690,0.3913959334424517
55691,0.47988609703807467
55692,0.4762409429462572
55693,0.43280699975535425
55694,0.5868346266001334
55695,0.5300348642464792
55696,0.49521288443976685
55697,0.5711901795918495
55698,0.3988666201474456
55699,0.6077137391092617
55700,0.5054607861103306
55701,0.36261726673800176
55702,0.44183172510868746
55703,0.3901739850319365
55704,0.5938381891367784
55705,0.5697505792095625
55706,0.3066591522707087
55707,0.4473966759472552
55708,0.4552448704971307
55709,0.5072820099087552
55710,0.5965632328006116
55711,0.5598203557083228
55712,0.4699198783375821
55713,0.4906758386768907
55714,0.3337701351498778
55715,0.476290349054848
55716,0.4529757488196372
55717,0.3854570615968182
55718,0.5091900566568021
55719,0.43108404937750266
55720,0.4267066881135373
55721,0.35467426349067027
55722,0.40121680752160505
55723,0.3773324994091662
55724,0.6107344988084191
55725,0.3318632277612196
55726,0.5214280975368377
55727,0.35626654848244604
55728,0.3622133151653839
55729,0.3537058825413123
55730,0.4468095106129316
55731,0.4954984967871612
55732,0.5606810624719354
55733,0.47318365284980246
55734,0.3870761059410047
55735,0.44180948885218607
55736,0.5555054484660547
55737,0.5965463943491246
55738,0.522217602574254
55739,0.43374151798048255
55740,0.5980046640879875
55741,0.5978543314081566
55742,0.5445680625174681
55743,0.3459874074437465
55744,0.3153338168995099
55745,0.6145948688138994
55746,0.49263154521312374
55747,0.42436797495675493
55748,0.5373719947170039
55749,0.49389583162340855
55750,0.4662047527703296
55751,0.6178120835411884
55752,0.585523057286301
55753,0.41797560993378313
55754,0.39383641779524986
55755,0.33878046284271496
55756,0.3545337320700052
55757,0.3351660395603581
55758,0.33354703025044574
55759,0.5848045328975322
55760,0.4102484553984982
55761,0.4922411560369525
55762,0.4743879625233832
55763,0.47170051872150726
55764,0.5611690693311172
55765,0.5860066990370383
55766,0.4135706672165357
55767,0.5926686141608422
55768,0.5857065424565917
55769,0.46808131830110133
55770,0.46727349047726363
55771,0.40053229908090343
55772,0.5444655664886912
55773,0.3867109808856065
55774,0.41510186419063966
55775,0.32816158589077643
55776,0.4370348259439955
55777,0.320424121457847
55778,0.3041612126603231
55779,0.5695632065065688
55780,0.5965705330808707
55781,0.44622097036568054
55782,0.4972951889067483
55783,0.46978233201529157
55784,0.5474501627664912
55785,0.4415831430801717
55786,0.5097097613678757
55787,0.5127972158186372
55788,0.3921108179065719
55789,0.5627941863815774
55790,0.45593947888777875
55791,0.5577056149445219
55792,0.5904096198992138
55793,0.6279240149753226
55794,0.5235153937725399
55795,0.46633905674597853
55796,0.5443447007910609
55797,0.4881407087499589
55798,0.5139081128198373
55799,0.5146610212984088
55800,0.5373977125857552
55801,0.3834843691425139
55802,0.4845570679173985
55803,0.3884676775945981
55804,0.5068039546825256
55805,0.34620935660227237
55806,0.5466573588108616
55807,0.4024687046111336
55808,0.4973625221621835
55809,0.48464984878818823
55810,0.4677253259153785
55811,0.4595533446148463
55812,0.3552592809715754
55813,0.35592816717108955
55814,0.31430521908359255
55815,0.4594332300098999
55816,0.43941129660539463
55817,0.41703281700394995
55818,0.4516849699711718
55819,0.467404423568631
55820,0.5951388771811138
55821,0.3289588789650688
55822,0.3600950341000898
55823,0.5518762017101335
55824,0.34209927299447
55825,0.45133236968168233
55826,0.4446257648903671
55827,0.5848008853621816
55828,0.49276489852921324
55829,0.5134867096995344
55830,0.39481252401529693
55831,0.3128374629220995
55832,0.4240559088523462
55833,0.42850697074630456
55834,0.3978046652639638
55835,0.3198270271050312
55836,0.2846210465400727
55837,0.49977491783814315
55838,0.384186891634039
55839,0.5247349500076879
55840,0.4648106670904141
55841,0.512493911845229
55842,0.31504220436095537
55843,0.46102501868431556
55844,0.5447363785416695
55845,0.3995130859472019
55846,0.5522964765419209
55847,0.34925372751162276
55848,0.4910046829065981
55849,0.3227500939732597
55850,0.48856395688781606
55851,0.5340194484004543
55852,0.5051881748064452
55853,0.34602770612056444
55854,0.5132240928499384
55855,0.5169797979199292
55856,0.34436683689006636
55857,0.5888121933320389
55858,0.3964851887263452
55859,0.32676951468837584
55860,0.4989487325096422
55861,0.3982338472250379
55862,0.3678870912158622
55863,0.3833746675517481
55864,0.5864688545848427
55865,0.3807896477625832
55866,0.6317946652574656
55867,0.4420536196198603
55868,0.4805520876718222
55869,0.39969084069543104
55870,0.5204059539343172
55871,0.44079065282004404
55872,0.5541128260473986
55873,0.31286048051399123
55874,0.45183703095377825
55875,0.4601447917412722
55876,0.3661630837159126
55877,0.45635232594381214
55878,0.3760206935545989
55879,0.47393520198100436
55880,0.5298543170988853
55881,0.4771894840515585
55882,0.5139032720491811
55883,0.49291885848846473
55884,0.5296326655031502
55885,0.3679364402386494
55886,0.48842238773777047
55887,0.5161723699607512
55888,0.47478197434085245
55889,0.3972700961761349
55890,0.4390824602347431
55891,0.42238881353946645
55892,0.42532825106887473
55893,0.4135786662426876
55894,0.5267975004743398
55895,0.48953897896452325
55896,0.36118361581798675
55897,0.4277194675473278
55898,0.5062773483246881
55899,0.36612057368960876
55900,0.4629535664247214
55901,0.5224807457710592
55902,0.3303347843751221
55903,0.49332340071697883
55904,0.4082656758072259
55905,0.3217467599817047
55906,0.36649607642724313
55907,0.3336185168660472
55908,0.5112870813680688
55909,0.40830572503922147
55910,0.44788056472454885
55911,0.40066753008970957
55912,0.5226915684102955
55913,0.5302972841276943
55914,0.44242899732830954
55915,0.49742306468520653
55916,0.44369301478761136
55917,0.3918121975408033
55918,0.5055189573840876
55919,0.4807609385652002
55920,0.3727751460366577
55921,0.3728775930240096
55922,0.601067053885779
55923,0.5390649086177008
55924,0.4455055359659219
55925,0.4714227501430086
55926,0.382286058429227
55927,0.34853478608626287
55928,0.46042571797701803
55929,0.45233947998294405
55930,0.472959299755192
55931,0.5242981417947125
55932,0.43331815159360393
55933,0.42097820371991207
55934,0.4276017296675884
55935,0.499362028315809
55936,0.3301005053480796
55937,0.32223243350988884
55938,0.52812627862218
55939,0.4821074313831327
55940,0.4793893366123452
55941,0.37901364126565845
55942,0.43781674777318236
55943,0.4785988186241185
55944,0.47916480448308607
55945,0.31393518164430634
55946,0.44072134069779256
55947,0.6038237889717737
55948,0.44539882952822796
55949,0.40595032113019647
55950,0.3437370832931179
55951,0.4078365426564645
55952,0.4836590524046789
55953,0.517920244023228
55954,0.5589800805718584
55955,0.3351824623183294
55956,0.34345145941576716
55957,0.6354127417432941
55958,0.43498741208039526
55959,0.3517441056847946
55960,0.48371071387999237
55961,0.4372674414370109
55962,0.5503520870742287
55963,0.5422494154174724
55964,0.41466010819677335
55965,0.41280008181227434
55966,0.4678979954882848
55967,0.34476591147709673
55968,0.44229611520723866
55969,0.44538761020157724
55970,0.4649233461974137
55971,0.4230650501310039
55972,0.31902507782068673
55973,0.5814142293495548
55974,0.40689749814699405
55975,0.4888477481342474
55976,0.4709376397722899
55977,0.40786595504531836
55978,0.5225302009109896
55979,0.44343428459536594
55980,0.3268963138123947
55981,0.3230593159306896
55982,0.3350713167465719
55983,0.5354895066228235
55984,0.5895566316392183
55985,0.4228569377083403
55986,0.46032626741881877
55987,0.426168790691005
55988,0.5459569844116627
55989,0.3548873105421526
55990,0.46626699045209374
55991,0.5283706360152967
55992,0.38787007873656676
55993,0.45771894070875196
55994,0.40988969233835226
55995,0.46423909094226745
55996,0.6150097653506621
55997,0.5759482498273785
55998,0.5162172725036049
55999,0.5136572597990465
56000,0.43581704264666343
56001,0.4881810564106316
56002,0.37936327778744083
56003,0.611782653169814
56004,0.4537131649503583
56005,0.4264299116831065
56006,0.3956193468079032
56007,0.36233836436667316
56008,0.4016231577638426
56009,0.4495745286136328
56010,0.48577027779498333
56011,0.45688089698387174
56012,0.4539584961642281
56013,0.3062755673233042
56014,0.5260144050675332
56015,0.40442136621041136
56016,0.5405874475680366
56017,0.31480902377889414
56018,0.3136483883375357
56019,0.5780129890081318
56020,0.43746096390823075
56021,0.3957602833344481
56022,0.43975282942931954
56023,0.35326530505512466
56024,0.38784577780789015
56025,0.45899090649267793
56026,0.5411967154196634
56027,0.5615640480783927
56028,0.33511897303427013
56029,0.4463622243881903
56030,0.525629221368953
56031,0.42143313006396144
56032,0.5469088008853178
56033,0.4377936790657991
56034,0.4490999586221537
56035,0.5412205906785854
56036,0.5090008290635819
56037,0.37096101191049646
56038,0.4594103749609725
56039,0.5596832062597926
56040,0.3963737354029802
56041,0.4687773601482061
56042,0.591124960966215
56043,0.3298266149616709
56044,0.47935779742786205
56045,0.5110110465166764
56046,0.3823676114863088
56047,0.4043554270428873
56048,0.455004565670564
56049,0.5581792624673714
56050,0.49324795747884664
56051,0.33438147599468276
56052,0.55637667023298
56053,0.36539221890648693
56054,0.3404638542964581
56055,0.3401932841538904
56056,0.40987476660630395
56057,0.3661361921512921
56058,0.4389259748191279
56059,0.5326996368663015
56060,0.45188563093849776
56061,0.3441243724624028
56062,0.3982787925914245
56063,0.47972983735790764
56064,0.4599354626220444
56065,0.46004624566277164
56066,0.4869879377874219
56067,0.41887551048539107
56068,0.40702079586599316
56069,0.34727119319327376
56070,0.5423758606424254
56071,0.4213568603874971
56072,0.5234548594398669
56073,0.4752149053365396
56074,0.32374798928244614
56075,0.4988277522492023
56076,0.5202681976959348
56077,0.5729967326065454
56078,0.4920370181544188
56079,0.33063262830086854
56080,0.36800548192681737
56081,0.4988651859164134
56082,0.4991400968789307
56083,0.4427314229510865
56084,0.4388871214509562
56085,0.3460123040258879
56086,0.6015468170518625
56087,0.4368480101009228
56088,0.44680091492289875
56089,0.5946165689729559
56090,0.32372091155773247
56091,0.37423762858778226
56092,0.38567897668865103
56093,0.4457016677133655
56094,0.3768111670388288
56095,0.38933588876795433
56096,0.40837750994761757
56097,0.35318941345931315
56098,0.5916892361678203
56099,0.3849933274282754
56100,0.32304808518208206
56101,0.3795295503994134
56102,0.385845700697358
56103,0.4893221888682826
56104,0.42738865498743295
56105,0.5077556530996119
56106,0.3379608990734754
56107,0.5346368824388826
56108,0.606649245793154
56109,0.4818425682560037
56110,0.5490281102728497
56111,0.566723970352939
56112,0.44324376615097
56113,0.3789884870648742
56114,0.48986842640617767
56115,0.5170284821734565
56116,0.4148970913444516
56117,0.5021277326152448
56118,0.5690603219476058
56119,0.4242829413486058
56120,0.4833737189179694
56121,0.5398985934091498
56122,0.44096105268959834
56123,0.5414139022379876
56124,0.3526231393142467
56125,0.3626652821355769
56126,0.5242666384895239
56127,0.48882330812235963
56128,0.5785977624300609
56129,0.49738238665119255
56130,0.5428004558675923
56131,0.41680160092835356
56132,0.37893196015880976
56133,0.45963504259220306
56134,0.3494415855850162
56135,0.49783105940353106
56136,0.48114023042310883
56137,0.5215262819169114
56138,0.4274639721184862
56139,0.43385433672540696
56140,0.3418791505334929
56141,0.5428350173701856
56142,0.37769712298461094
56143,0.31498558910631935
56144,0.5878285044969691
56145,0.5539689740353249
56146,0.40954683328577507
56147,0.34771726399424807
56148,0.42246527506486503
56149,0.4672401304606454
56150,0.5703561934767161
56151,0.49700669565296324
56152,0.5096699513868169
56153,0.49367313702886784
56154,0.484347757714345
56155,0.592975030208611
56156,0.45596470684818047
56157,0.39710862789793167
56158,0.41445449254375333
56159,0.4427690191597246
56160,0.35193657420877883
56161,0.5268385441965255
56162,0.3527691834154064
56163,0.4579804604870217
56164,0.31426751592103147
56165,0.34846925548772395
56166,0.31754927383762327
56167,0.5177777225627653
56168,0.5142717895238609
56169,0.5625037768540022
56170,0.45380318377650586
56171,0.5220236180819011
56172,0.4375784738161366
56173,0.4536186997683802
56174,0.4521020277898114
56175,0.3328100316277694
56176,0.5646432084993385
56177,0.3414640032794807
56178,0.33990542539109914
56179,0.44842826766227983
56180,0.5192185041792404
56181,0.3350650289017475
56182,0.37497306109060774
56183,0.47718530936859527
56184,0.3683040728895437
56185,0.43398996492729314
56186,0.47376509842094106
56187,0.40522395467395256
56188,0.4678046460065881
56189,0.42688398765271174
56190,0.5268787277002447
56191,0.34936016736614045
56192,0.42918823676447104
56193,0.5297270742066741
56194,0.3374293555959044
56195,0.48654428704935376
56196,0.5182273173702696
56197,0.29469898793805155
56198,0.4384746673365604
56199,0.4978344291582763
56200,0.4283120861226534
56201,0.5071248986913515
56202,0.6014248942604901
56203,0.543296417756581
56204,0.5183610864413879
56205,0.5407674834333519
56206,0.36065431402978865
56207,0.48628683420331864
56208,0.49518760397425804
56209,0.4002482577488094
56210,0.40801737895661655
56211,0.470101584643885
56212,0.4944651422019796
56213,0.4271545445850056
56214,0.5185617420282878
56215,0.4028832659789239
56216,0.38661925000076836
56217,0.4110751258641435
56218,0.5124587447527371
56219,0.43603721632659953
56220,0.30461136632270175
56221,0.5268496660098961
56222,0.5574741185919752
56223,0.5143257011929542
56224,0.4591633129716519
56225,0.41296685195040234
56226,0.3871872452541958
56227,0.34174341719156703
56228,0.35541455928175375
56229,0.630871704952311
56230,0.5581581177814998
56231,0.4894617966561441
56232,0.45096078423837843
56233,0.4594813249209815
56234,0.5342580587649206
56235,0.3864781879595314
56236,0.5193104323489797
56237,0.35506357362382424
56238,0.43093373308059596
56239,0.5089984265335871
56240,0.3364927545833588
56241,0.33881095535045497
56242,0.415821604239286
56243,0.3138118415436561
56244,0.466072905102748
56245,0.44826587287871467
56246,0.333024395402358
56247,0.3401936880397911
56248,0.4923318864987951
56249,0.5209129359864347
56250,0.32472722225131495
56251,0.5160317622654955
56252,0.4663926217366304
56253,0.46417860954579293
56254,0.317351535848148
56255,0.41720187541343534
56256,0.5595077873299268
56257,0.48904117483797355
56258,0.5504431323927386
56259,0.6120819563368212
56260,0.5185331916039522
56261,0.4057651993999982
56262,0.41048877199259814
56263,0.3802639491106256
56264,0.5190589580075448
56265,0.43870819936279276
56266,0.5951680219392521
56267,0.5852186780495585
56268,0.5452080175067886
56269,0.5885673765214194
56270,0.5619429513060707
56271,0.32764928855048275
56272,0.33093690351720767
56273,0.4955029795506293
56274,0.3948278450414553
56275,0.551867358035858
56276,0.34327973398918443
56277,0.3195278442043131
56278,0.5444176927620346
56279,0.5998365753606021
56280,0.49556890320974595
56281,0.5318249387306482
56282,0.39724121908891186
56283,0.4177392731633375
56284,0.5410111200778669
56285,0.5251360722502256
56286,0.38533009008772
56287,0.4670175870479963
56288,0.3405362263204736
56289,0.5105290505855046
56290,0.3257173754184222
56291,0.3979976953052253
56292,0.5044784209506105
56293,0.5598553167318417
56294,0.48014136006652597
56295,0.5337280659001163
56296,0.48053319593967814
56297,0.47665586033661705
56298,0.34674142737601016
56299,0.30451504995440837
56300,0.45526063071468387
56301,0.4322154094238503
56302,0.4500347034227287
56303,0.4363836566123533
56304,0.571072573691418
56305,0.5085980209825993
56306,0.5067190200940436
56307,0.44775776492495734
56308,0.4107047123091674
56309,0.5126800629961572
56310,0.3292802607874274
56311,0.3953245265586859
56312,0.5504596439754961
56313,0.545781289579206
56314,0.34880649744519765
56315,0.43078575751468984
56316,0.45774248688768293
56317,0.5240927629468347
56318,0.5669841011774501
56319,0.5100973277947299
56320,0.3204084178701905
56321,0.4422358060139606
56322,0.4589375013396267
56323,0.39838087750430723
56324,0.4158525230777421
56325,0.5648457588410781
56326,0.38493516037225506
56327,0.3811651388875097
56328,0.4573944781899827
56329,0.4867291385660721
56330,0.4146161120711521
56331,0.5028475904134851
56332,0.38646134716056
56333,0.4968027959806337
56334,0.5359795217794712
56335,0.3244592695271767
56336,0.46196583202049657
56337,0.31764586980035087
56338,0.5112749960757836
56339,0.4463733388938686
56340,0.4206570737353129
56341,0.5569968538180812
56342,0.5339427532313435
56343,0.48867382822584343
56344,0.4472359752805376
56345,0.4540483280211988
56346,0.5232026330836443
56347,0.43554630152749235
56348,0.378930403797926
56349,0.43018119188840204
56350,0.33771495088796966
56351,0.4883504258605313
56352,0.48719401132148243
56353,0.4290237718540806
56354,0.5213051601550945
56355,0.42368986940356357
56356,0.38987353004676584
56357,0.3462012315097928
56358,0.5673382049747824
56359,0.5203417943013515
56360,0.4006301738751916
56361,0.49535331826231543
56362,0.5444872912698255
56363,0.45100271769895406
56364,0.47915682465674664
56365,0.4752314690604156
56366,0.5151676765743092
56367,0.48546864216031976
56368,0.31547002765972
56369,0.3518308551138892
56370,0.5743852246860732
56371,0.4018797496563373
56372,0.548231050568376
56373,0.47102964252189417
56374,0.5362330746238743
56375,0.5331630709042805
56376,0.4880281569374887
56377,0.38489192696094426
56378,0.49208008178214363
56379,0.4418266042115143
56380,0.35447628545105475
56381,0.5795024105536307
56382,0.33352165871331474
56383,0.4577226700587014
56384,0.37895722551367683
56385,0.41396570909704145
56386,0.4052816535586233
56387,0.4450213105215208
56388,0.4562708824840128
56389,0.47388344337158816
56390,0.4946584076683073
56391,0.4126130984787525
56392,0.3141321102931049
56393,0.4101096202582836
56394,0.5279411058760747
56395,0.45855159054794714
56396,0.5237474233360173
56397,0.4836382596490073
56398,0.31882922283001064
56399,0.47309563716928615
56400,0.5220015841305605
56401,0.44522558705006265
56402,0.39431752627355904
56403,0.48485667637560503
56404,0.47133039757398837
56405,0.5102329359803216
56406,0.399326283629953
56407,0.5620506509812548
56408,0.5175352049247391
56409,0.3261129529416551
56410,0.339749307317316
56411,0.4547717115864265
56412,0.3462984023533284
56413,0.3299974479795622
56414,0.3969581349987351
56415,0.4971199035366383
56416,0.5073693686123757
56417,0.33884147623683386
56418,0.6200980297978949
56419,0.6021816224604174
56420,0.4657969637318415
56421,0.5084535388138798
56422,0.518947426608837
56423,0.4932640967474351
56424,0.30139169471294014
56425,0.47174740762190176
56426,0.41600661355390567
56427,0.3466628743472249
56428,0.5855913034328843
56429,0.504571204015295
56430,0.41609021486007347
56431,0.3975453412390311
56432,0.3414893274529453
56433,0.34817541410234726
56434,0.4473811533436917
56435,0.3341886671694313
56436,0.32305058176835144
56437,0.5828791143808669
56438,0.45146906735984416
56439,0.5085708203012437
56440,0.3268658365695052
56441,0.5920357075670484
56442,0.4505721694556142
56443,0.3716921812588286
56444,0.3898625720770323
56445,0.4424777430847713
56446,0.4422009870253011
56447,0.5289979435547701
56448,0.5443645613691566
56449,0.38045221055363826
56450,0.42937520236031124
56451,0.5929855656844076
56452,0.37737103853733467
56453,0.52736074271159
56454,0.5910743948899557
56455,0.5593489345016869
56456,0.4272667219075109
56457,0.4555867800166211
56458,0.39826467866963366
56459,0.3336038416011856
56460,0.5040623558138606
56461,0.5803047798822184
56462,0.4628944627355299
56463,0.4846074711239374
56464,0.42781956845817537
56465,0.4560624815849431
56466,0.46128236341793133
56467,0.37155006443478455
56468,0.3807917513117524
56469,0.3142648775860856
56470,0.45682589162732484
56471,0.518485087392264
56472,0.4363647845491232
56473,0.5280127004385953
56474,0.5015156277306868
56475,0.4803856829075557
56476,0.3704022330935017
56477,0.6044334283592017
56478,0.4180269286878175
56479,0.5542804281078435
56480,0.4367767959735156
56481,0.4210268734570869
56482,0.4638440325845319
56483,0.404873931356626
56484,0.3665561731335159
56485,0.5289685316364292
56486,0.4693074168545796
56487,0.5376350640679032
56488,0.5734950923888822
56489,0.4967678444149456
56490,0.5404647578785895
56491,0.34237131003718974
56492,0.49542854388585433
56493,0.37856973727921306
56494,0.30801321640176094
56495,0.5723288717473929
56496,0.4417957485189564
56497,0.32192004354984805
56498,0.5689205163536302
56499,0.3291206862649891
56500,0.39924428451922356
56501,0.5706859761591104
56502,0.5742336947099291
56503,0.5970029176589058
56504,0.4619691878806435
56505,0.4926607889806972
56506,0.5666022030226014
56507,0.3324614243432512
56508,0.2978556151406361
56509,0.394540075903298
56510,0.4848874744474725
56511,0.45379539852391704
56512,0.5693413038836637
56513,0.5520099437737747
56514,0.5124086002213247
56515,0.46407916878898237
56516,0.4325954962663584
56517,0.5929887017197053
56518,0.3602873740960712
56519,0.5864188766842049
56520,0.5180290825934228
56521,0.350725122789679
56522,0.4631175380808978
56523,0.488801557034907
56524,0.44406097894787266
56525,0.5795102129248098
56526,0.49502256508918036
56527,0.4159884685273363
56528,0.359582599119476
56529,0.33069946211032264
56530,0.48430614670544503
56531,0.4719290320254132
56532,0.4316037306355218
56533,0.33526398113358297
56534,0.45488087576377445
56535,0.5178286281741976
56536,0.47620055996575106
56537,0.4911431389878875
56538,0.49644281394038725
56539,0.569922823613842
56540,0.3992035277952233
56541,0.33032393424616796
56542,0.3713129438297281
56543,0.4435335246812155
56544,0.3905297904272743
56545,0.3532444984001913
56546,0.4707340744899165
56547,0.5661670966120087
56548,0.5297744118916277
56549,0.41453116658743244
56550,0.5793823063756697
56551,0.3314692118205068
56552,0.3426693228082969
56553,0.3487038229393182
56554,0.4954362515496163
56555,0.4971718111693195
56556,0.4994759574693072
56557,0.5128341404555711
56558,0.4100786962556724
56559,0.33632594016414813
56560,0.3810705486572954
56561,0.5301306274011758
56562,0.3257822274196089
56563,0.44812838147605627
56564,0.5229967560648305
56565,0.39509074726365306
56566,0.5027772602231987
56567,0.5517348075516733
56568,0.3319898629321958
56569,0.32266706775144494
56570,0.47693018628537875
56571,0.5156444932492482
56572,0.521028601761814
56573,0.468939783973113
56574,0.6060976183447896
56575,0.39181370051051
56576,0.504630415947288
56577,0.46061791589518286
56578,0.43479844347177615
56579,0.3228768434483642
56580,0.3484194087191462
56581,0.35650398853078513
56582,0.33851371764612015
56583,0.3560360193513839
56584,0.4910095915921556
56585,0.42655767029435215
56586,0.4077193452908988
56587,0.4825999678060558
56588,0.5302822508805305
56589,0.5153389429934032
56590,0.44622583860134457
56591,0.5961728955299843
56592,0.6014891382894949
56593,0.6064701058981025
56594,0.3627084100962138
56595,0.4380880679668376
56596,0.368272077919514
56597,0.5724019072626874
56598,0.5143395186604988
56599,0.44576115041411096
56600,0.4326406105328573
56601,0.4197108817623302
56602,0.4631456823385184
56603,0.3521777917303055
56604,0.4201838734969721
56605,0.3669627620468248
56606,0.44297240178900166
56607,0.5007903022718031
56608,0.5028051373689519
56609,0.4578484180301146
56610,0.3580900319350304
56611,0.42453405991288534
56612,0.5480334995618705
56613,0.5678968090046475
56614,0.5395526579258616
56615,0.47026439112269536
56616,0.40928963361046067
56617,0.48065464667589886
56618,0.4592290729005051
56619,0.4484399755309656
56620,0.48137210428089117
56621,0.3752785788411334
56622,0.46663832620369444
56623,0.45902736549492923
56624,0.5549067153214091
56625,0.5743235305828869
56626,0.44920851664112815
56627,0.5446075338813501
56628,0.44671445247370967
56629,0.36386623695151543
56630,0.32920637444839373
56631,0.37031738695923266
56632,0.4468570340597843
56633,0.46269729240531177
56634,0.5217388953795705
56635,0.5085586066026949
56636,0.33734503173316893
56637,0.5367832449639874
56638,0.35682263218132193
56639,0.5543326309563341
56640,0.4795063851620536
56641,0.41897181200956013
56642,0.5053673258630926
56643,0.44416289120331676
56644,0.4106884135750634
56645,0.589257847039397
56646,0.3884583458675368
56647,0.3369207594625572
56648,0.46881621882058433
56649,0.49771037324174505
56650,0.4347325985037498
56651,0.4273281974169957
56652,0.5016236562783339
56653,0.5910072919761481
56654,0.48455265914928125
56655,0.37251655929319294
56656,0.3753908181978825
56657,0.5584681697462293
56658,0.3756502979604709
56659,0.5360927127867436
56660,0.5138255639685066
56661,0.5170971118807497
56662,0.39447390814290306
56663,0.5956416068063602
56664,0.5337031962468461
56665,0.44290168852595335
56666,0.5813268479106397
56667,0.597646526173831
56668,0.5119360271074525
56669,0.44067551063343835
56670,0.5418461836588145
56671,0.42397808509989104
56672,0.46313279095427373
56673,0.4103542239126706
56674,0.4054978291951623
56675,0.41631102877930504
56676,0.38634068970633834
56677,0.5141090622619255
56678,0.48113463374549503
56679,0.4520436392281855
56680,0.6178472876817556
56681,0.5019096593210416
56682,0.4393067829973702
56683,0.5317477367124751
56684,0.4801537265816965
56685,0.489355028371986
56686,0.5601774687443237
56687,0.3932542009211627
56688,0.36300264596243803
56689,0.5215479432224801
56690,0.41745504355588264
56691,0.45181681550339464
56692,0.5650833467937326
56693,0.333777058508099
56694,0.5057593466562851
56695,0.4029425366663955
56696,0.5373498009908148
56697,0.3936882014559012
56698,0.4616177093367112
56699,0.38689774340198835
56700,0.34259745126757885
56701,0.4968085221799715
56702,0.43075358410046394
56703,0.3471692337114805
56704,0.33633497856349603
56705,0.5866364589644035
56706,0.4898242676805188
56707,0.40211631966153455
56708,0.44518750924088696
56709,0.39801571197464836
56710,0.5535042699404108
56711,0.3059229342159124
56712,0.3217711724127582
56713,0.5489981918233421
56714,0.5061973041730934
56715,0.4129075390077327
56716,0.5300051005397661
56717,0.523659178617453
56718,0.5324461430267857
56719,0.5296530572209519
56720,0.3401927021753156
56721,0.474900937428017
56722,0.39038176452826395
56723,0.4413175250962021
56724,0.5289824053783037
56725,0.4433994280286949
56726,0.43251339187168003
56727,0.3781955967954805
56728,0.4811892086239684
56729,0.5693377441380915
56730,0.4224253762135437
56731,0.37425607683154066
56732,0.47131385242827
56733,0.4172815615643642
56734,0.40080436302929834
56735,0.36698568481000265
56736,0.6191779730397504
56737,0.3306283617816479
56738,0.389154999242548
56739,0.5386733302890748
56740,0.43814464222162985
56741,0.4333664295335099
56742,0.5843096857998582
56743,0.4616576885767822
56744,0.3791278471645964
56745,0.48772691313237326
56746,0.45862082640846585
56747,0.4877022034358281
56748,0.36930556883021165
56749,0.4456273846453226
56750,0.36438994882155035
56751,0.5797985221200989
56752,0.36754130129835405
56753,0.4619854621879391
56754,0.46982201245149374
56755,0.4351819172791117
56756,0.3498935312681676
56757,0.5159719395838581
56758,0.5525159105644647
56759,0.5113454415420849
56760,0.34856261207443634
56761,0.48655973816811693
56762,0.5191442046334689
56763,0.36352549300411857
56764,0.5040906300538966
56765,0.4720281883005169
56766,0.34950345227478374
56767,0.5413477271691621
56768,0.34936342962489814
56769,0.4447585736981615
56770,0.44911723754565186
56771,0.41992029018125765
56772,0.4099272864745438
56773,0.3388567966939798
56774,0.41612910413204407
56775,0.31028467275161165
56776,0.6064327618913263
56777,0.4344038089095208
56778,0.4144071402165614
56779,0.621705505777933
56780,0.444638721376618
56781,0.39235228236736414
56782,0.4132136196507489
56783,0.39719987264056883
56784,0.43195571135387917
56785,0.5055646556116645
56786,0.38041787908006786
56787,0.3517727668324301
56788,0.38646338873713326
56789,0.3537358930936022
56790,0.5780914214294848
56791,0.4338881327351665
56792,0.32853217264806217
56793,0.4202906748808872
56794,0.4116502943691739
56795,0.373779656145535
56796,0.3617919472523359
56797,0.4282461163618072
56798,0.3702360809781963
56799,0.4441246727404874
56800,0.5420806778935257
56801,0.36826053868242975
56802,0.4201971174840727
56803,0.3868548187528289
56804,0.3474001352423992
56805,0.4626571919867176
56806,0.34307377132257677
56807,0.4159183684829389
56808,0.4295056075857126
56809,0.3343935139780193
56810,0.4314484358766505
56811,0.40203454943889444
56812,0.34577735389769726
56813,0.47346806810345954
56814,0.5149413486769104
56815,0.4124052241411853
56816,0.5176998603315647
56817,0.36828579278762635
56818,0.3332652767173957
56819,0.45910329948484685
56820,0.4817804694963302
56821,0.48806066943391435
56822,0.46825950574167063
56823,0.5281634582746394
56824,0.4527521072085496
56825,0.4476449146002513
56826,0.43849718285823186
56827,0.5991037749074737
56828,0.45875353275376707
56829,0.4528302696479805
56830,0.31297314390098213
56831,0.4618070840401839
56832,0.3857810262220948
56833,0.5367960949798987
56834,0.46754437692568285
56835,0.45119474627454687
56836,0.47200719456855084
56837,0.4502305802088655
56838,0.38998657250295354
56839,0.41360991031080885
56840,0.5432015999547417
56841,0.4282929355681618
56842,0.31441036005051454
56843,0.5371916458255741
56844,0.5038580084057472
56845,0.38612573030698605
56846,0.37657967514718804
56847,0.4343198949224061
56848,0.4112621848473331
56849,0.3338068857075125
56850,0.5164598355151122
56851,0.5003754961353843
56852,0.32681008350456947
56853,0.5526793805868044
56854,0.47057442082209056
56855,0.5022821957780126
56856,0.438533583504931
56857,0.4058994097313862
56858,0.39748623823475737
56859,0.3538644374802043
56860,0.44988096221562046
56861,0.41206147956749606
56862,0.37174663757634097
56863,0.42756287630130374
56864,0.3278234927968997
56865,0.3099107824093662
56866,0.4772872962520313
56867,0.5122796086109193
56868,0.488156183888775
56869,0.4597271351353016
56870,0.46252080897833847
56871,0.4860894427852211
56872,0.3875874345314674
56873,0.4402152064234242
56874,0.5998898133160512
56875,0.33983773680226353
56876,0.3918016491019435
56877,0.48461043087337374
56878,0.5045109148958612
56879,0.5236684185972287
56880,0.3066215232057826
56881,0.4859408774082357
56882,0.45001314864374203
56883,0.5038610147386247
56884,0.44824654073851616
56885,0.48457970259279753
56886,0.46519458997512664
56887,0.46510494437147315
56888,0.4504006374400874
56889,0.3844235289554999
56890,0.4924723618223128
56891,0.5357135516391522
56892,0.44229348880177344
56893,0.43394372168313866
56894,0.484474579109266
56895,0.5061494245184135
56896,0.5105789267480306
56897,0.41539161974530653
56898,0.44773049472356913
56899,0.46761542820104884
56900,0.5271494296047329
56901,0.3825612744482048
56902,0.48689063236632535
56903,0.5053698464491994
56904,0.4154190731342982
56905,0.4077331616569797
56906,0.30986250169337687
56907,0.39110769972498866
56908,0.3860967888824455
56909,0.5657225423022486
56910,0.36483306095240325
56911,0.4405482881666528
56912,0.35767401825999934
56913,0.3448824819516898
56914,0.496355183401594
56915,0.44738902895042754
56916,0.4330814985158714
56917,0.42913254137993256
56918,0.3985372600997639
56919,0.3799864362629449
56920,0.3781761758154469
56921,0.46247877833805845
56922,0.5858947552139245
56923,0.3709993720185307
56924,0.40109229783978045
56925,0.48418951166084057
56926,0.42827456968813027
56927,0.4189753627503123
56928,0.37230503309217344
56929,0.3224542598194713
56930,0.4737093759939933
56931,0.3797479231962537
56932,0.3370800592222985
56933,0.42145022759163786
56934,0.5184546307067869
56935,0.4922066573897374
56936,0.3934086717414805
56937,0.4802438329912335
56938,0.4841752726544173
56939,0.49199373410714003
56940,0.43076136367852086
56941,0.6154811665767506
56942,0.3219019196582235
56943,0.3729912999632752
56944,0.43441882100550605
56945,0.4632825951406989
56946,0.4007103166540333
56947,0.45595760569598887
56948,0.5320200524531289
56949,0.44479646273306567
56950,0.409137280824018
56951,0.3974695808880033
56952,0.4865532931752644
56953,0.363521797642563
56954,0.33901567229244284
56955,0.5518768112050831
56956,0.506730027686597
56957,0.49245047075437876
56958,0.4831653488284019
56959,0.3447755992750899
56960,0.32914836120174384
56961,0.4581132516288838
56962,0.5602322664291626
56963,0.5075108025761362
56964,0.45719689188773616
56965,0.5641107913349761
56966,0.3674967176502458
56967,0.6054674532625527
56968,0.5734335762764602
56969,0.32584376635295526
56970,0.48424474635920056
56971,0.3319715191338778
56972,0.5573902282975852
56973,0.4487999687253532
56974,0.5322428852714111
56975,0.46179559502214096
56976,0.4931780874732973
56977,0.2965129283521859
56978,0.5445221562970131
56979,0.3510052873020044
56980,0.35928947461183447
56981,0.5621945712684067
56982,0.4605522029843748
56983,0.3545736266267186
56984,0.5104979098367539
56985,0.5032937699106139
56986,0.6203423494267166
56987,0.3511331070393049
56988,0.4666171099858045
56989,0.49772929376070973
56990,0.3153832041682013
56991,0.4325175898386634
56992,0.380925952377784
56993,0.4840661355519691
56994,0.42949011654608743
56995,0.4185841202304993
56996,0.5194120189811682
56997,0.39049894556750636
56998,0.5775024065529439
56999,0.3685508916871617
57000,0.35180599704570265
57001,0.4673149167113936
57002,0.5294201785745499
57003,0.4884250887340664
57004,0.43383379091785484
57005,0.419769124085403
57006,0.4657033953086309
57007,0.4381247125461698
57008,0.5441374474941092
57009,0.37185334730623354
57010,0.35273855216586775
57011,0.43219560848066296
57012,0.4867726061551842
57013,0.4645124150813337
57014,0.4105680907957211
57015,0.4098090252150248
57016,0.3123587536039569
57017,0.40807117943227333
57018,0.40943605016305196
57019,0.3957627405281783
57020,0.44747070887641194
57021,0.5278603463480682
57022,0.43853191133323155
57023,0.47048064454224947
57024,0.39711667878780127
57025,0.36996914338517267
57026,0.5020014486719144
57027,0.4932183816458543
57028,0.49771218523242755
57029,0.4507381471439758
57030,0.5355587370272697
57031,0.6132110124224942
57032,0.3271737334547213
57033,0.4105435960666637
57034,0.4609017727044369
57035,0.37546336513503564
57036,0.5864155740885394
57037,0.4287582568763748
57038,0.40010600764368376
57039,0.5255829954366442
57040,0.3250172086560688
57041,0.5573458132096448
57042,0.34168140640367106
57043,0.4632245810496698
57044,0.5254853891929838
57045,0.5961124857315281
57046,0.526975370519901
57047,0.4623934733552221
57048,0.47406381464840264
57049,0.4742874177346191
57050,0.6103149094872716
57051,0.4225943859228686
57052,0.5661241454929637
57053,0.5199922924186431
57054,0.5459709434433859
57055,0.5788322070536744
57056,0.5739559597663813
57057,0.49503777734063437
57058,0.5495310082570609
57059,0.32033551742134114
57060,0.3974925331505807
57061,0.42577965252022093
57062,0.505398636277181
57063,0.45797492975192733
57064,0.3678974672143648
57065,0.413754660337145
57066,0.3015373287276048
57067,0.37380817344862344
57068,0.4961362723236846
57069,0.40862902663304346
57070,0.41060111247799086
57071,0.46736559233197134
57072,0.3634560113872462
57073,0.4066125581047906
57074,0.407547290142612
57075,0.4732559887450417
57076,0.3901759486506747
57077,0.3562941859050668
57078,0.5676842017348805
57079,0.44949983190979115
57080,0.34233385877850586
57081,0.31566084462622995
57082,0.3259795925386842
57083,0.48130287048503134
57084,0.43685801018765014
57085,0.30988001064000287
57086,0.34693766442573704
57087,0.4312914940689664
57088,0.3092571436207597
57089,0.489332786361639
57090,0.5683680444057249
57091,0.5532288304579952
57092,0.4863609007770173
57093,0.3322683985554407
57094,0.32826038331587065
57095,0.42858009031157307
57096,0.4776118861690992
57097,0.32639964625035917
57098,0.48564930947295404
57099,0.5084057666543954
57100,0.3406133390990117
57101,0.54659140521556
57102,0.4624586114416454
57103,0.5150643332083278
57104,0.42523333201829316
57105,0.432053224544383
57106,0.5287186545357749
57107,0.43532042594799336
57108,0.5118056118335444
57109,0.5473506662407222
57110,0.4105339250383293
57111,0.3830468883990985
57112,0.36233448936071727
57113,0.531766762953659
57114,0.49957066310758114
57115,0.4096251859767708
57116,0.38748207729303097
57117,0.4409782460837645
57118,0.44683696181055577
57119,0.4541878978751247
57120,0.4531772257424067
57121,0.37446129793320904
57122,0.5981744723109346
57123,0.5083683500402228
57124,0.5328917924082713
57125,0.46999853745606834
57126,0.38076028887999397
57127,0.42885001309940046
57128,0.5069168132752345
57129,0.5169349441469332
57130,0.5326436771213094
57131,0.3060986910017688
57132,0.38796116190909397
57133,0.4564783834912798
57134,0.3229724206912414
57135,0.31786387756967943
57136,0.4337597818765141
57137,0.46908771540003186
57138,0.4045090088766024
57139,0.4382775019419579
57140,0.5421149807439984
57141,0.5083694618419023
57142,0.4621180760971235
57143,0.30055835999791497
57144,0.3264442444193948
57145,0.5155338570641116
57146,0.47397057983225194
57147,0.39603475734067106
57148,0.517305441026942
57149,0.42930895050848816
57150,0.3221028614304498
57151,0.48139706296647294
57152,0.37007265762797836
57153,0.47985850532093466
57154,0.3882440428945133
57155,0.34463731780373374
57156,0.5278660278634302
57157,0.4645024575389047
57158,0.432751180172758
57159,0.3528322728674952
57160,0.45699867720037257
57161,0.3335714768949742
57162,0.348903959046483
57163,0.32641160338045067
57164,0.39289745541315163
57165,0.561583264588444
57166,0.5603059142950859
57167,0.43876519720053375
57168,0.3727287436463592
57169,0.3080646301188496
57170,0.4669197410069334
57171,0.44961734075381876
57172,0.44094676101676233
57173,0.3895229244524467
57174,0.49358127742604263
57175,0.43198559054648084
57176,0.4636460030670533
57177,0.4616963325825739
57178,0.44857925114207964
57179,0.439360373997992
57180,0.4787289532547932
57181,0.3312766106123441
57182,0.5519142843576998
57183,0.4106878895888471
57184,0.5685724680885629
57185,0.45788952676930184
57186,0.5738971831545981
57187,0.3774878595774774
57188,0.5626651324760945
57189,0.48364487652598565
57190,0.32939380032988563
57191,0.4567270845599321
57192,0.41297947376005245
57193,0.5311736003313904
57194,0.3103654712637664
57195,0.43915648509996374
57196,0.36213727208354596
57197,0.3451133052019014
57198,0.3441832787999617
57199,0.5169519363065213
57200,0.3478018035685823
57201,0.5112006233826554
57202,0.3280711686959011
57203,0.3905046429040394
57204,0.558270639413859
57205,0.3162038571769328
57206,0.48984112610329733
57207,0.4828438465402159
57208,0.32759200686036927
57209,0.3174122435787896
57210,0.3117281719204444
57211,0.5398552904185422
57212,0.44317839810006776
57213,0.43124314748296577
57214,0.4813598568509819
57215,0.5567504433221905
57216,0.4357333906827023
57217,0.5059121597291455
57218,0.44680209803558724
57219,0.30285963169835234
57220,0.43508515875443654
57221,0.5019837161054508
57222,0.33173190569672323
57223,0.3549026927418821
57224,0.5947155254886063
57225,0.35332787614292427
57226,0.4394457000528792
57227,0.4849717519404222
57228,0.4428863851463019
57229,0.43200380040654907
57230,0.3968377663168032
57231,0.42818624718297926
57232,0.46884003576430566
57233,0.4823419915588663
57234,0.4297402975398431
57235,0.4425020503905016
57236,0.5606078224014268
57237,0.39868446455986517
57238,0.4088620700928573
57239,0.4982028572527984
57240,0.30898106262351643
57241,0.5272599247202079
57242,0.39838487410350887
57243,0.35617509946420245
57244,0.41732060053298115
57245,0.5414047243880136
57246,0.34327030533508435
57247,0.3613962042993076
57248,0.35063107281872063
57249,0.41534448048976624
57250,0.34413525338008716
57251,0.4558173790636659
57252,0.45923667877500934
57253,0.6109976624648819
57254,0.4186752729172912
57255,0.4882105132614815
57256,0.6145186618663627
57257,0.47741537538940165
57258,0.6226768061013704
57259,0.3809818944491177
57260,0.5666071758398714
57261,0.39163930883360265
57262,0.5260532731715687
57263,0.4675735305954336
57264,0.39399574384113234
57265,0.41378170937637815
57266,0.4249200299416645
57267,0.4513664502372128
57268,0.35897880545951205
57269,0.4403602392968211
57270,0.5276824945360947
57271,0.41186038353807347
57272,0.4513952383120021
57273,0.531642237419877
57274,0.399762121940484
57275,0.5735679973536602
57276,0.4897530308813522
57277,0.47196241220299484
57278,0.602863136734374
57279,0.48223417790513257
57280,0.32483454033120723
57281,0.41628806224301096
57282,0.4998351859819605
57283,0.2938660853038614
57284,0.5386710204338075
57285,0.36573015147776533
57286,0.5562736859711471
57287,0.39687360105352826
57288,0.5029094548018938
57289,0.4840463260380216
57290,0.3875927732607126
57291,0.5251985271549824
57292,0.3244074593529214
57293,0.3766434778245064
57294,0.43956704537919794
57295,0.46675034175564223
57296,0.3533368718134457
57297,0.4730709567003362
57298,0.5176462020272808
57299,0.37252314267021325
57300,0.3095919882717495
57301,0.5691194652418126
57302,0.4745381176803043
57303,0.3194739428719326
57304,0.302778456900759
57305,0.4443788915106107
57306,0.5390600322014096
57307,0.35623292126890604
57308,0.5640149746612702
57309,0.4578726821524979
57310,0.41520815450121495
57311,0.4537836128749031
57312,0.4465446939592011
57313,0.3495914880573503
57314,0.5292413220207304
57315,0.48492156301847633
57316,0.4556571728352957
57317,0.3862077394150399
57318,0.4371022090560521
57319,0.31324147186016227
57320,0.48476455744415825
57321,0.43819441147455623
57322,0.45929429281196654
57323,0.3044795962753853
57324,0.44803252555694423
57325,0.34650256354054043
57326,0.36677519695964933
57327,0.4145030026472095
57328,0.3380465533078263
57329,0.3447107588193887
57330,0.32276970518466475
57331,0.37485688634121284
57332,0.3851677886961157
57333,0.517582257332815
57334,0.42183699255074114
57335,0.3242110868976928
57336,0.4970927177120634
57337,0.3948528650854414
57338,0.5543070606530652
57339,0.49048298070221663
57340,0.39244521035268704
57341,0.425669800524458
57342,0.5235064291776799
57343,0.540341946095952
57344,0.4999406253318248
57345,0.4756107566199256
57346,0.51965454918102
57347,0.44714942738578795
57348,0.38242894373836633
57349,0.4474674123354178
57350,0.3571457119359204
57351,0.40734945320711546
57352,0.46408520959675775
57353,0.3377784109215687
57354,0.45549915457913215
57355,0.5838537486263676
57356,0.5459190735572353
57357,0.5034050226512171
57358,0.5717101921099614
57359,0.38385708089464926
57360,0.5032197381267174
57361,0.3226348207658486
57362,0.45960984699395663
57363,0.3182789406560313
57364,0.3385359191734912
57365,0.46265958135176477
57366,0.40715606310315555
57367,0.4834324948420135
57368,0.5435229285456891
57369,0.33536969187739835
57370,0.3466958990232506
57371,0.5266207889761513
57372,0.5855759042898685
57373,0.5192788594038279
57374,0.33045553803005656
57375,0.4866113627972245
57376,0.43416640159545306
57377,0.5770848039146216
57378,0.49636987053243975
57379,0.5021398596590902
57380,0.5183734884792618
57381,0.5216229234086576
57382,0.49593377086518603
57383,0.4065561271272112
57384,0.5360028889667708
57385,0.4617340694769235
57386,0.5031038183358894
57387,0.33334901148458335
57388,0.5041812782520421
57389,0.5101376886926943
57390,0.34979449731777007
57391,0.3773460546085653
57392,0.3830774527501933
57393,0.43726303352875134
57394,0.5056727414146124
57395,0.546379031159157
57396,0.3178672985059907
57397,0.5074141439411608
57398,0.418081939970888
57399,0.4818701642027672
57400,0.45036562898894916
57401,0.28732238301987595
57402,0.37535904866467373
57403,0.5978499880961506
57404,0.539535283275878
57405,0.6079931970732888
57406,0.4529095747401453
57407,0.5395164398416746
57408,0.6100680987397402
57409,0.30138628096067355
57410,0.4551603248344445
57411,0.34314943215478294
57412,0.5294639430736828
57413,0.48260401346644477
57414,0.38828107788054667
57415,0.4502219438155213
57416,0.48498748620717513
57417,0.48567726638294895
57418,0.37463098652502413
57419,0.4446610720866813
57420,0.5193682385262417
57421,0.5035399062767162
57422,0.4803451471028535
57423,0.42842664041450906
57424,0.5248425908195531
57425,0.48071837669565975
57426,0.5151703839736026
57427,0.44692722956767195
57428,0.5732472916781498
57429,0.4748047216945889
57430,0.5487003141372906
57431,0.44548616715655526
57432,0.4982935680993051
57433,0.43460729980802854
57434,0.4444349804604822
57435,0.4368822906510526
57436,0.5588787664256195
57437,0.3513546464840601
57438,0.32504022628763873
57439,0.34832879672990386
57440,0.2969005434381417
57441,0.3214226054847959
57442,0.3255843830841417
57443,0.5201358162801969
57444,0.38709630138440443
57445,0.3230245056331605
57446,0.4213735638879857
57447,0.44361837865243875
57448,0.3837087393754391
57449,0.32946255574568106
57450,0.6029533062925931
57451,0.5205281478441369
57452,0.44523878117500626
57453,0.35240104892041907
57454,0.5298165937427649
57455,0.3426739561458157
57456,0.45597604510094414
57457,0.43173122327134594
57458,0.3341721014873815
57459,0.5502774713260484
57460,0.44564796803567996
57461,0.42115804183496014
57462,0.3422283753084161
57463,0.5069016321424715
57464,0.5099759963766249
57465,0.530379590645997
57466,0.3422667107230024
57467,0.43000883398611034
57468,0.5846586601926187
57469,0.3650004297306811
57470,0.3825801258055941
57471,0.33250010763238624
57472,0.3939895548329645
57473,0.4657229422544283
57474,0.4692235898802505
57475,0.6024361894802713
57476,0.5041997262670233
57477,0.4391178172864619
57478,0.5092824999768555
57479,0.485112178689998
57480,0.4387233840331514
57481,0.46980915563553394
57482,0.3678067097443088
57483,0.456766194951221
57484,0.3392366256113535
57485,0.51926356402349
57486,0.4710225765099387
57487,0.35669380721416843
57488,0.5551126151593542
57489,0.5200973213208866
57490,0.48410399358950695
57491,0.43251034561471435
57492,0.4786073139078567
57493,0.4498564934428516
57494,0.4759602126382301
57495,0.4832811693029416
57496,0.43554913778464216
57497,0.37397246325290523
57498,0.518843968891809
57499,0.507585811377704
57500,0.3445446880174946
57501,0.3706382952847662
57502,0.4949269073150024
57503,0.41960533790068283
57504,0.4348776869789995
57505,0.5183272320396155
57506,0.35141525659594647
57507,0.5236468684376436
57508,0.31845405146240285
57509,0.59861569984009
57510,0.4817594163995069
57511,0.4490389764869751
57512,0.38215392657245806
57513,0.43234823696980856
57514,0.35700834430476774
57515,0.3685756502933624
57516,0.4211348336856634
57517,0.5026885413656442
57518,0.42842412747531333
57519,0.40508183083452476
57520,0.42689390700244856
57521,0.6420600252109397
57522,0.45334960175780636
57523,0.5270081024737944
57524,0.6360533439688857
57525,0.5061967250407897
57526,0.3183706338716668
57527,0.45906459139392947
57528,0.39337027023800303
57529,0.5600409478697361
57530,0.42642778413545046
57531,0.546362905839414
57532,0.48754327554724475
57533,0.41958450595775637
57534,0.6166869699925934
57535,0.4247119011809914
57536,0.466786774776589
57537,0.3390019270972911
57538,0.4434246997031324
57539,0.4229520843128144
57540,0.5281537311263477
57541,0.4080794354048028
57542,0.5174351975183596
57543,0.41839028641172915
57544,0.513607311986598
57545,0.40263924460857214
57546,0.47166985663927624
57547,0.4668335370208312
57548,0.6352867103217574
57549,0.4568071144812521
57550,0.45618972887889003
57551,0.5450744947550581
57552,0.5293110824928285
57553,0.3205338124473895
57554,0.5792549174214148
57555,0.3152496911008204
57556,0.44589380898516695
57557,0.3672655242231058
57558,0.4585351370339868
57559,0.35896646416489025
57560,0.32290548904109634
57561,0.48064648418771905
57562,0.5463564671306398
57563,0.39652067500514726
57564,0.46426006873172754
57565,0.5531418104985397
57566,0.4153961587788479
57567,0.5172938356084739
57568,0.39637373769357465
57569,0.4975920214826167
57570,0.30536640226248307
57571,0.5496695807349009
57572,0.5509709702689416
57573,0.42317631223349805
57574,0.5716556848496186
57575,0.4364240095146289
57576,0.4765778413311791
57577,0.4408658266618378
57578,0.46066081085800653
57579,0.5731674797064178
57580,0.47939815987301604
57581,0.3836003649447841
57582,0.3760667612712533
57583,0.4898170199704027
57584,0.35287073691836623
57585,0.45517266823297464
57586,0.4337188770564329
57587,0.5284264280959217
57588,0.4394049918114256
57589,0.5062030611307323
57590,0.5769978843472239
57591,0.5380582870382973
57592,0.5620048859638336
57593,0.5184085528026744
57594,0.5476368908468321
57595,0.436058237398402
57596,0.4248800768202837
57597,0.4542940645306704
57598,0.3422981099620208
57599,0.32167220686129205
57600,0.44449470765544397
57601,0.41222372043267985
57602,0.42458763737572136
57603,0.5601126806298415
57604,0.3409996490477706
57605,0.5959277337801586
57606,0.33308151761673277
57607,0.4946719951170913
57608,0.40271241609714226
57609,0.48411302583611515
57610,0.290517793933263
57611,0.41046514671238793
57612,0.4881430924233689
57613,0.3970295927785125
57614,0.3776511951367676
57615,0.4142077009042761
57616,0.5297529339770888
57617,0.4158991183090492
57618,0.47322311748864754
57619,0.5899619552134081
57620,0.4543246451452726
57621,0.38478388953927395
57622,0.5309522235365094
57623,0.3834744535567747
57624,0.47979565155967124
57625,0.4801043751471774
57626,0.3423094266750009
57627,0.4209229503155444
57628,0.4869907544456932
57629,0.5593780648107142
57630,0.4538387748891912
57631,0.4946445730605027
57632,0.4286800422243691
57633,0.45198501792056345
57634,0.3822928615953838
57635,0.41145708883427096
57636,0.4322818781335349
57637,0.45151606260492977
57638,0.5194724207143198
57639,0.5009361872067599
57640,0.5661588050327336
57641,0.3668118490021452
57642,0.43877556685976427
57643,0.3590609375056866
57644,0.3650264387922694
57645,0.3907545198310302
57646,0.49335899609474965
57647,0.3925067912842323
57648,0.48496567145708114
57649,0.45949181253817456
57650,0.5108035270656339
57651,0.3690895419129236
57652,0.5643649114639979
57653,0.5753838272217157
57654,0.3964898938036413
57655,0.4206905232219511
57656,0.4477067005764487
57657,0.435176140500061
57658,0.33961854075586223
57659,0.4089059138450586
57660,0.4204847183390955
57661,0.4835238594636047
57662,0.3859940257471173
57663,0.5605925618865422
57664,0.5658152099172311
57665,0.45103090216174946
57666,0.3741607268258178
57667,0.4934359797365366
57668,0.5617622761884369
57669,0.47533386894454965
57670,0.5193578979418301
57671,0.47110263391442225
57672,0.4055626707149297
57673,0.5868749979571215
57674,0.4959931229701656
57675,0.5436029865332024
57676,0.5053386858211112
57677,0.45751148444265377
57678,0.40898410667740287
57679,0.4892570855614048
57680,0.5775066320337033
57681,0.4839077919729951
57682,0.5100267135950783
57683,0.5310248620346253
57684,0.4762029550907194
57685,0.4598823513407475
57686,0.4617686023890246
57687,0.34881454117790694
57688,0.4133019562762164
57689,0.3194808632460606
57690,0.5369687560054
57691,0.4528407480450421
57692,0.3958763416654976
57693,0.39786753272200054
57694,0.4873940719092683
57695,0.45802385280288793
57696,0.5251980554040084
57697,0.4107637843228835
57698,0.5513840308335016
57699,0.4951998695258612
57700,0.5054794631610978
57701,0.46222185266569193
57702,0.4251110258369938
57703,0.5695436880137545
57704,0.4955799781255692
57705,0.470414261999312
57706,0.5616924596724515
57707,0.4479392912498051
57708,0.5262143040620855
57709,0.42973237456033564
57710,0.466815348513954
57711,0.32548100915493755
57712,0.5955925330576135
57713,0.3002100128370628
57714,0.32266394838931184
57715,0.4524270390655381
57716,0.4459149823992491
57717,0.3313572166191178
57718,0.3282927027249727
57719,0.31780982158919735
57720,0.3729907214946446
57721,0.46560642521200013
57722,0.4884790384089015
57723,0.4206281463665574
57724,0.44753457042596734
57725,0.5688844258897268
57726,0.3871245493517472
57727,0.32767822281644043
57728,0.38027380953275247
57729,0.40842132246224244
57730,0.5528193941849705
57731,0.4676360899848808
57732,0.44356548579075544
57733,0.478723345189583
57734,0.3953149917732878
57735,0.3356721405983665
57736,0.4910001108703188
57737,0.34525443005138534
57738,0.5932716018261988
57739,0.502516367244816
57740,0.5816485651513796
57741,0.4013858734718967
57742,0.5407295112381223
57743,0.4388675612317973
57744,0.4395094469258766
57745,0.5936665540941465
57746,0.5540118938449596
57747,0.503169427095004
57748,0.43105909010134447
57749,0.5270708864593865
57750,0.5735001905670056
57751,0.46272098407382456
57752,0.5452745210874499
57753,0.567014224070199
57754,0.47902110600404313
57755,0.463105569648331
57756,0.42518886923056565
57757,0.5019030412297646
57758,0.5540411117048517
57759,0.43221907004511595
57760,0.47964839797096454
57761,0.45307685646401163
57762,0.4812178933217678
57763,0.4940169085501082
57764,0.37976744581382393
57765,0.4450471050182048
57766,0.46252474133004806
57767,0.3647883752187685
57768,0.5344885999232419
57769,0.46186702969172283
57770,0.3862918451738602
57771,0.515350184436071
57772,0.49884479693181727
57773,0.3462601213738432
57774,0.30828050652263495
57775,0.45351769728825425
57776,0.534088679517003
57777,0.3228725381549365
57778,0.4770028682300764
57779,0.4355467929029851
57780,0.3615278985957572
57781,0.32005892435104133
57782,0.35226162967861596
57783,0.41877811483630967
57784,0.46417346456913944
57785,0.4018091537599021
57786,0.5204600641365974
57787,0.3792081860863781
57788,0.33541195452951583
57789,0.31057585659709425
57790,0.4193907293654178
57791,0.3720306307059193
57792,0.5229546825384354
57793,0.5344080683364713
57794,0.5233643704939631
57795,0.3799494227861055
57796,0.3200736240245456
57797,0.536866080568135
57798,0.47572863284131145
57799,0.4702470467068654
57800,0.45801846039092753
57801,0.604895631012737
57802,0.4363356310972637
57803,0.3708859794411833
57804,0.2938609913840777
57805,0.42325225775587977
57806,0.46468388806061445
57807,0.4260968049267236
57808,0.502777436201024
57809,0.40095202588042006
57810,0.4504762361652808
57811,0.46827880800591337
57812,0.34202779395399563
57813,0.45036432001200455
57814,0.4120360648674466
57815,0.5146695861739052
57816,0.44608028160907764
57817,0.3217349315478488
57818,0.5222704927627904
57819,0.5306558212768271
57820,0.5655615012575944
57821,0.44157323386480407
57822,0.4345092744794481
57823,0.5688231015532521
57824,0.3332068811756671
57825,0.41583625959453124
57826,0.43060533890970515
57827,0.30893259883517116
57828,0.47688236302074977
57829,0.4161733237619678
57830,0.3307894456436047
57831,0.5340593243348404
57832,0.4532986769260756
57833,0.5966435298156376
57834,0.49090295235004355
57835,0.4347158927499371
57836,0.40471033818618984
57837,0.5525543355213237
57838,0.48008890150345074
57839,0.4463619241871496
57840,0.4848379898778158
57841,0.45552083064448645
57842,0.34973933509535315
57843,0.5291390333874803
57844,0.3692017107264497
57845,0.47064095557786506
57846,0.3733963916948074
57847,0.3740852132587904
57848,0.44684327590767287
57849,0.4323620996517924
57850,0.43028762915277224
57851,0.51580241343401
57852,0.4643571525436413
57853,0.3362775819007987
57854,0.42916028809345474
57855,0.4484153235469467
57856,0.543443671393319
57857,0.3164600273889983
57858,0.4740300984435578
57859,0.6237189532043181
57860,0.5342754767279128
57861,0.46427654307458555
57862,0.298103672676806
57863,0.3219516318381266
57864,0.43772529335327537
57865,0.6083917169786008
57866,0.36130133751371735
57867,0.35879587878810737
57868,0.5077319836828239
57869,0.331461730380827
57870,0.33014575955769454
57871,0.4829651845541335
57872,0.32966030349357633
57873,0.6111968559698708
57874,0.4745122992985723
57875,0.34912298239449985
57876,0.4096235235889891
57877,0.5529054936060177
57878,0.41938297183288636
57879,0.5186450195841048
57880,0.3628357443164471
57881,0.45624890545248287
57882,0.324334872562391
57883,0.5063199806768717
57884,0.5511608448294009
57885,0.3189714034512387
57886,0.41140030542740996
57887,0.5867250686058793
57888,0.4614573315328264
57889,0.6270689315712694
57890,0.4590297133215363
57891,0.4231537961228258
57892,0.4106112725603607
57893,0.3472619349460655
57894,0.6155132545958388
57895,0.49373789404794066
57896,0.533047665535704
57897,0.5354628030445411
57898,0.32389591020072217
57899,0.4678741109937856
57900,0.5003889692131607
57901,0.3359244717152526
57902,0.5191687302408938
57903,0.5449320847281435
57904,0.5288726130735906
57905,0.365314483139296
57906,0.5832889896671296
57907,0.6025545957548646
57908,0.48556841678675156
57909,0.5238973880595815
57910,0.5097863940943019
57911,0.4907494164840417
57912,0.474782166508854
57913,0.44987648970078975
57914,0.3870780016479537
57915,0.4977883469959211
57916,0.43295566735618496
57917,0.5402303001553198
57918,0.43367828333045233
57919,0.3036739319422424
57920,0.5638442826928323
57921,0.5980663289949595
57922,0.6056447720687855
57923,0.5771377296052309
57924,0.549888109848466
57925,0.48985091593163177
57926,0.3379426395206667
57927,0.4458461827940311
57928,0.3480321453863112
57929,0.5487173193516323
57930,0.44538804252305136
57931,0.4307466064225648
57932,0.3566769086646469
57933,0.4961003795227096
57934,0.341655764643725
57935,0.5821712935163855
57936,0.32309315963831936
57937,0.367573417087441
57938,0.42663102987696083
57939,0.4434928864109018
57940,0.3233078372511493
57941,0.5045903263534001
57942,0.3915823896785452
57943,0.37771992498718976
57944,0.43466416932990837
57945,0.4870115358407319
57946,0.4058355376208599
57947,0.48408364798240094
57948,0.4802544005552268
57949,0.4022810236408208
57950,0.431819158002592
57951,0.394621533347248
57952,0.45196119188128103
57953,0.4197245105428787
57954,0.32255802327950617
57955,0.531205713889151
57956,0.5569022504749288
57957,0.4489078301283638
57958,0.3362866027968618
57959,0.5305468767097641
57960,0.3331200831836416
57961,0.53843944640243
57962,0.48783131105863176
57963,0.416912957126394
57964,0.3758392674531219
57965,0.5504690549571135
57966,0.4938538261825638
57967,0.4343125216803032
57968,0.4535714222037801
57969,0.3852716182229186
57970,0.4304765724164692
57971,0.4056122721642934
57972,0.4394498200227215
57973,0.40783289701966724
57974,0.3843869023671148
57975,0.44621532772529543
57976,0.3826348458207767
57977,0.4637679676980046
57978,0.38263765152188084
57979,0.5051122307430358
57980,0.5982483512315908
57981,0.48093699816361574
57982,0.5275775969828861
57983,0.45744386434497486
57984,0.4383290696524671
57985,0.5302425164901181
57986,0.48957620782083316
57987,0.44531411386686326
57988,0.4572553074214457
57989,0.4335909975439733
57990,0.5701653064640604
57991,0.35638582603335506
57992,0.5194498431852087
57993,0.5364726281710228
57994,0.407421519847058
57995,0.4715084476385947
57996,0.49413142271343047
57997,0.47125484836043846
57998,0.472206465510487
57999,0.31823390333190765
58000,0.4221232460766813
58001,0.49644296202627247
58002,0.3163844066016093
58003,0.35836970519597905
58004,0.3416988731344211
58005,0.30486932960809787
58006,0.5985263039459368
58007,0.49082937015163913
58008,0.5167576557004012
58009,0.39075574892028925
58010,0.38258654323803104
58011,0.41333222982477047
58012,0.5167347718971129
58013,0.4882804951017343
58014,0.3225955674869957
58015,0.45689032300944266
58016,0.30818995688262296
58017,0.41313891407397
58018,0.5750990859289019
58019,0.5579963865417321
58020,0.34115269886281885
58021,0.5875021971343142
58022,0.3198395602114053
58023,0.42449661272142236
58024,0.43804968444127773
58025,0.3553958610810531
58026,0.5542124385769158
58027,0.428785740991992
58028,0.3352293072916617
58029,0.5633528688492163
58030,0.457041508967253
58031,0.464834306534754
58032,0.4001245686037127
58033,0.3967735383426808
58034,0.4907870519360318
58035,0.3954194327551151
58036,0.4670931132566946
58037,0.46661661325094
58038,0.6005155263855096
58039,0.49078517366403474
58040,0.4170178207791074
58041,0.43255864249745546
58042,0.46111948518555046
58043,0.3227381307030902
58044,0.3546928659775839
58045,0.4994457637030921
58046,0.49564408556922235
58047,0.39109937793115024
58048,0.5052802782614397
58049,0.3275271832062871
58050,0.4094929062774368
58051,0.4432781747994162
58052,0.3631520961058202
58053,0.34488434329158046
58054,0.4256744489787607
58055,0.3429294937329781
58056,0.37904898368779183
58057,0.42409714991740827
58058,0.4261442368407302
58059,0.475789759572994
58060,0.32146046637506287
58061,0.3301355982694246
58062,0.32325518379805535
58063,0.34750537686385724
58064,0.45872136857676116
58065,0.35985430240226385
58066,0.4485367429774456
58067,0.5428542177210626
58068,0.4922521224811319
58069,0.3731898709285276
58070,0.46948155676833997
58071,0.5126247052198389
58072,0.45380014380847755
58073,0.4719939498534819
58074,0.5853687062693675
58075,0.5242639579493646
58076,0.4005753412290853
58077,0.4457844113189728
58078,0.3830245156015053
58079,0.413204263972698
58080,0.49613898860208827
58081,0.33149070202835673
58082,0.5571040705859559
58083,0.5148549922317521
58084,0.4887535076691163
58085,0.3847820281319288
58086,0.4852152349994595
58087,0.38212656314597065
58088,0.4355962988849263
58089,0.5480302807405806
58090,0.35751534741475327
58091,0.3925100386136756
58092,0.58092390864272
58093,0.5639250788246777
58094,0.34008040255389516
58095,0.5138791499644427
58096,0.3955305726195703
58097,0.47330255903512186
58098,0.4860370255417066
58099,0.4567225264282133
58100,0.4866262447727076
58101,0.4632031316544754
58102,0.3510001138078895
58103,0.33787591128483996
58104,0.5005656682508115
58105,0.33395586609082695
58106,0.3889798538465302
58107,0.32604440985670236
58108,0.5290418246545561
58109,0.43403793365411036
58110,0.36176810009130916
58111,0.4278764002545186
58112,0.4005300917598371
58113,0.5308759416780137
58114,0.409635543362818
58115,0.37712381736572576
58116,0.43981565647194937
58117,0.5993933147210764
58118,0.5435786455203605
58119,0.5000267722722671
58120,0.3735744925505942
58121,0.45413946888946344
58122,0.6349558305831243
58123,0.34125763710002127
58124,0.3646370730795767
58125,0.3967107181143915
58126,0.421624646450408
58127,0.4489448378897775
58128,0.4396745431765182
58129,0.5371186739505553
58130,0.5733477419297509
58131,0.5684069773657923
58132,0.38788879703099494
58133,0.497154487496058
58134,0.4372549201670226
58135,0.5067203847841043
58136,0.5883507900156234
58137,0.586477205699012
58138,0.578689161661135
58139,0.37193817577414123
58140,0.33773704085919126
58141,0.4645439832070324
58142,0.44765997758744913
58143,0.5324789881047881
58144,0.5302601334015264
58145,0.4639422618638146
58146,0.4404913296180125
58147,0.5343932946072593
58148,0.3948319172294951
58149,0.6159344640446681
58150,0.4572264280167111
58151,0.5361446744319261
58152,0.5919446851406244
58153,0.49795369821095453
58154,0.3681157599333533
58155,0.5632067031145709
58156,0.3227402738768659
58157,0.3945956115037021
58158,0.42101284378189807
58159,0.3440366160315523
58160,0.39154464233816877
58161,0.3343947875707387
58162,0.465688980486335
58163,0.3883832765240021
58164,0.35192906904327015
58165,0.5487125445826596
58166,0.5150775781036452
58167,0.3381409257531857
58168,0.4229442036121412
58169,0.38509088024709365
58170,0.49851854338914775
58171,0.29814323869844483
58172,0.46473070545636386
58173,0.45754357809773055
58174,0.5635245480820499
58175,0.5077273941570358
58176,0.44888185350613163
58177,0.46401047238998894
58178,0.5601305558674348
58179,0.5940047567218463
58180,0.4203699892877992
58181,0.4008149146032602
58182,0.4190380092430197
58183,0.3401767772592562
58184,0.3633655599884681
58185,0.3606942646027164
58186,0.3997071261609913
58187,0.4318072403259876
58188,0.5143439105131554
58189,0.41535694949600077
58190,0.2965139702391478
58191,0.33937646625581785
58192,0.48189639937250506
58193,0.4703863421059121
58194,0.32827801727737266
58195,0.31670364060459216
58196,0.44944346279507225
58197,0.31961267195857945
58198,0.5187562274463016
58199,0.48205000668430287
58200,0.5187814244806555
58201,0.4474903769705028
58202,0.5075888641834106
58203,0.48603185272021904
58204,0.4571340392134094
58205,0.4780842346044379
58206,0.5427656012042248
58207,0.4777765866830435
58208,0.3107051838705679
58209,0.3551872214643626
58210,0.46319964010324066
58211,0.43066565856923716
58212,0.3460086288306572
58213,0.6361382751734915
58214,0.42243031610136006
58215,0.4363620167237765
58216,0.3372782781613276
58217,0.4909488014682448
58218,0.30522398254381006
58219,0.5342761030112436
58220,0.3331862496116203
58221,0.45691311999369666
58222,0.5246666217475742
58223,0.49051600800169576
58224,0.5267778971219348
58225,0.44944806677420684
58226,0.4459854942533549
58227,0.42619046879768674
58228,0.38019649977399733
58229,0.4730188692779218
58230,0.380835081861828
58231,0.46139545019648265
58232,0.3388505783786338
58233,0.4417697463364062
58234,0.4712303652060788
58235,0.5042535858099932
58236,0.5041764655052525
58237,0.5582892301428974
58238,0.39795170100555133
58239,0.5014047428784316
58240,0.38318891821758516
58241,0.5306778053402453
58242,0.4672118119963153
58243,0.32892665609776794
58244,0.6107733265946197
58245,0.4781887817176572
58246,0.5085812412538876
58247,0.3570406769413963
58248,0.4071376630401258
58249,0.3235231488808611
58250,0.4504615841720023
58251,0.3568596770884974
58252,0.5897849481429265
58253,0.46410793732151767
58254,0.3070810979468531
58255,0.3100266410029923
58256,0.447086699316561
58257,0.32410642432766357
58258,0.5159550420079216
58259,0.3605136781634542
58260,0.5391494955692377
58261,0.34746897157900697
58262,0.32152383156894593
58263,0.3457408371304549
58264,0.6099524695205482
58265,0.33343928341862933
58266,0.39206792843550653
58267,0.46888940605162316
58268,0.4264524816648246
58269,0.3219925766783982
58270,0.41115065044610455
58271,0.5696988179304341
58272,0.5940151280857946
58273,0.5281456496312662
58274,0.39364150560718886
58275,0.5144927422943721
58276,0.355912488188541
58277,0.5544603564692336
58278,0.5111357878806604
58279,0.3458533288673716
58280,0.5324104140806561
58281,0.47958585937609666
58282,0.6001104008522498
58283,0.377756936384272
58284,0.3683776221933813
58285,0.5009631194128669
58286,0.4991081628742514
58287,0.45333306134902973
58288,0.39769457378532574
58289,0.5153945774036177
58290,0.47568598440475895
58291,0.49418123245664375
58292,0.35938663198588916
58293,0.5067673492763094
58294,0.43146223182595317
58295,0.3649431919770857
58296,0.4679901322254827
58297,0.5134082984415105
58298,0.5770128908328325
58299,0.4596890377071813
58300,0.40654137783388933
58301,0.4638094623897616
58302,0.3254424606502553
58303,0.3942888718473448
58304,0.5641707587696889
58305,0.3982611139374956
58306,0.3832196815176452
58307,0.46958723307192685
58308,0.5728578147615211
58309,0.49353910283159874
58310,0.4548715376642377
58311,0.36900448237449035
58312,0.6012716458149998
58313,0.35015671889268224
58314,0.3469894807511528
58315,0.47761165303094155
58316,0.4873435744242681
58317,0.44340413697478753
58318,0.32535962713865424
58319,0.38048878427302174
58320,0.441772543558256
58321,0.5755018863811004
58322,0.39128693959869376
58323,0.43016681061824685
58324,0.3790344891157945
58325,0.32177828167276545
58326,0.42419743597467535
58327,0.35974351273641253
58328,0.32651526262254305
58329,0.46373744938680483
58330,0.33826669732682235
58331,0.48394634531724323
58332,0.4685457347577917
58333,0.5359603419982045
58334,0.4508358291089489
58335,0.47122361025231063
58336,0.44592913181176985
58337,0.5670035260330686
58338,0.4026399714058161
58339,0.44254733872251906
58340,0.5231498026774358
58341,0.3502513754036367
58342,0.43294369540579314
58343,0.5870634061090085
58344,0.3696424800157797
58345,0.4951027195790568
58346,0.4312560670266616
58347,0.4150154387266857
58348,0.43465432448833885
58349,0.5653381876968384
58350,0.5704748982950654
58351,0.29802617930426745
58352,0.5884775459260078
58353,0.30320953323742356
58354,0.4784397364504662
58355,0.513513936720497
58356,0.5176874836193557
58357,0.4856404347844786
58358,0.31377516896098545
58359,0.5569140264748776
58360,0.364049850442783
58361,0.3558672838900169
58362,0.33893493631366256
58363,0.39430766524013455
58364,0.351523883722783
58365,0.45264421951889866
58366,0.4168928368590633
58367,0.4219951125501082
58368,0.4945175147659006
58369,0.3918488517962975
58370,0.5512117257346799
58371,0.3771284326606765
58372,0.418781066325256
58373,0.45696090203302386
58374,0.36706680275746645
58375,0.40106680381232784
58376,0.48235146841096255
58377,0.47179602874244675
58378,0.33957410824674755
58379,0.458087665237245
58380,0.49121453808026844
58381,0.49731082499560175
58382,0.4287643494600176
58383,0.4070228642585908
58384,0.3330014063803803
58385,0.4185681276538301
58386,0.3576614792403915
58387,0.5021506474260276
58388,0.4955335026472162
58389,0.5258987746693726
58390,0.5714748138996619
58391,0.38721540658847475
58392,0.6324687423421989
58393,0.3490386911612241
58394,0.49290164513803525
58395,0.3766735417637374
58396,0.4329102823804688
58397,0.4191637256872239
58398,0.4572867734722564
58399,0.32442754843577626
58400,0.5342078940510728
58401,0.5741544887734308
58402,0.4455204341258676
58403,0.3200992126959582
58404,0.5362113178519843
58405,0.42881852263481385
58406,0.519648260242181
58407,0.36035092372513305
58408,0.5115726735636731
58409,0.34640775214561015
58410,0.4313894710212596
58411,0.5726062030056819
58412,0.4052029828248943
58413,0.6426418368290246
58414,0.48079209027736075
58415,0.3186706940084757
58416,0.36149033429884175
58417,0.5465948152558978
58418,0.39641388711546405
58419,0.5886661197261773
58420,0.42590545252072753
58421,0.5544196819044981
58422,0.5158719599971822
58423,0.4545931762987596
58424,0.3558822160779571
58425,0.3134990411060957
58426,0.3613976519143507
58427,0.3209837284995824
58428,0.4498625087299689
58429,0.6104202003709793
58430,0.5894514491512202
58431,0.4135465278653924
58432,0.3280152542808524
58433,0.3040824802237239
58434,0.34446949154915074
58435,0.4399844494228382
58436,0.464883396696971
58437,0.4860591424066508
58438,0.31737830054758853
58439,0.42946973342641
58440,0.35372560912848766
58441,0.3482205558232202
58442,0.39586005776658095
58443,0.5732320942889648
58444,0.31701500871330623
58445,0.5645376623628424
58446,0.5361271519451511
58447,0.6184305289658852
58448,0.39524323775553766
58449,0.4785860153365485
58450,0.5884823532326667
58451,0.4883763706942873
58452,0.43920559259096204
58453,0.49865858573847716
58454,0.33746530014719833
58455,0.5073940421642331
58456,0.5606558898327778
58457,0.5254829916865726
58458,0.5071263474200288
58459,0.5318022809230741
58460,0.3446855547861108
58461,0.33964962319978154
58462,0.49163011159726766
58463,0.570503543665952
58464,0.4140250736519525
58465,0.44421695974302855
58466,0.5261543102273821
58467,0.4847490816163694
58468,0.4626805298953732
58469,0.5297063621183384
58470,0.46697383089422795
58471,0.5326602169120065
58472,0.5292990194288153
58473,0.49508804807450135
58474,0.48677665175389107
58475,0.4546826714898724
58476,0.5655281927642097
58477,0.5345884168312969
58478,0.47934966095016335
58479,0.5226176814915564
58480,0.45363538943850656
58481,0.34114271002903157
58482,0.41478526946852035
58483,0.3351299131985739
58484,0.5376144317381605
58485,0.36836924635688023
58486,0.41922080200235634
58487,0.48610010006078475
58488,0.6019994266933673
58489,0.33669125747128587
58490,0.5053616438066809
58491,0.3822041628084043
58492,0.39315224266652843
58493,0.5014144112619657
58494,0.6021498736705877
58495,0.5462933120699841
58496,0.3247316687318985
58497,0.47489111585140664
58498,0.31672648796473263
58499,0.45800548060948953
58500,0.5185733408317128
58501,0.4955934876616068
58502,0.36852005737641896
58503,0.2943364753298856
58504,0.4699035753501634
58505,0.5105725354067054
58506,0.4176344922901567
58507,0.3411975329711895
58508,0.3351088957135464
58509,0.48782640437534386
58510,0.4109694511376024
58511,0.4566641711811438
58512,0.35055756519989967
58513,0.4956376157379626
58514,0.34877273549960486
58515,0.3462898327866566
58516,0.42006323954198266
58517,0.3883838006678734
58518,0.3833271089480847
58519,0.40891160645222147
58520,0.3331423392123938
58521,0.48698809488619865
58522,0.48215792612210545
58523,0.4801239808888907
58524,0.2989276963971538
58525,0.31201597100773387
58526,0.5922437100455402
58527,0.3342433184497402
58528,0.46468629698088454
58529,0.4722232863291492
58530,0.594095962068279
58531,0.4615955557732953
58532,0.4608777119485119
58533,0.48094485400865816
58534,0.5699170918820553
58535,0.4547151177150594
58536,0.5056335606014453
58537,0.46841210479153794
58538,0.4435761351902137
58539,0.6073172588047128
58540,0.34112022588982926
58541,0.4230346203563856
58542,0.41084357556305434
58543,0.5222864242597322
58544,0.47154261851412405
58545,0.46114790861662047
58546,0.440597490185219
58547,0.5277267857096466
58548,0.5304857313336413
58549,0.47536652265977125
58550,0.4981753364615542
58551,0.5656862129750115
58552,0.31964714344276235
58553,0.334129822271545
58554,0.4605020243504285
58555,0.5765864506908815
58556,0.49221630220792567
58557,0.4337884693686852
58558,0.40270494743748836
58559,0.3324171202511117
58560,0.44944115987744115
58561,0.5069324586941094
58562,0.5095222863825597
58563,0.37067492857045364
58564,0.5224473578287102
58565,0.41311753913514637
58566,0.5446579351931313
58567,0.41275145603557517
58568,0.49893187971129294
58569,0.36285294507410104
58570,0.40982603537453655
58571,0.5145187610835978
58572,0.4799336058631947
58573,0.44466599014079167
58574,0.33673833668635944
58575,0.42634695048709903
58576,0.514087879561836
58577,0.5289885387968992
58578,0.4596812588371805
58579,0.4677943881360141
58580,0.5178944400280413
58581,0.47518199730661576
58582,0.539798109863155
58583,0.5150321310678783
58584,0.49811787764438603
58585,0.48205422409384785
58586,0.5218473192054972
58587,0.4871530813142847
58588,0.4454470725188856
58589,0.5054174631115071
58590,0.37751012533842265
58591,0.33152380784476154
58592,0.3242667571162375
58593,0.522382155503067
58594,0.5726438055539671
58595,0.3900593981647871
58596,0.5248597944436834
58597,0.6054937337712126
58598,0.4185295145282025
58599,0.4887646963570151
58600,0.4522554639107675
58601,0.5020691894139594
58602,0.5018597096494073
58603,0.4825781406548771
58604,0.4613203205416352
58605,0.4191737631401667
58606,0.45701134451223635
58607,0.49577499794881263
58608,0.5850549939373193
58609,0.3388074908735142
58610,0.4363853597452365
58611,0.5135562018356604
58612,0.5254650803653735
58613,0.37845126564530834
58614,0.36623976121411284
58615,0.4939026522021045
58616,0.5222711507979001
58617,0.4539204464546268
58618,0.5037657355103771
58619,0.33149213475345596
58620,0.38081422497802936
58621,0.4121133254204301
58622,0.30464929996688095
58623,0.5453370234903255
58624,0.5176860034508951
58625,0.5796860934519229
58626,0.4544934286987936
58627,0.5729150274350625
58628,0.5478010093591712
58629,0.447124259584193
58630,0.5288846835837577
58631,0.546277773286821
58632,0.37899790725084614
58633,0.40864699582211944
58634,0.5058413738188932
58635,0.36852143870845955
58636,0.37477817531339097
58637,0.3682588633858511
58638,0.48707186212949466
58639,0.3399051485290095
58640,0.5797464457208072
58641,0.3538321414983492
58642,0.38088670996533297
58643,0.46772466504167654
58644,0.5061726894462741
58645,0.3277745912664322
58646,0.45710150583585085
58647,0.32314300390245243
58648,0.5060991805161167
58649,0.402021339909827
58650,0.40095132251663534
58651,0.47759822125518764
58652,0.5155436855501947
58653,0.5739597024769316
58654,0.5509534160791605
58655,0.41036704519181644
58656,0.5722429154067475
58657,0.4844928987692933
58658,0.5598563675028777
58659,0.40340315785174785
58660,0.48713239339618275
58661,0.4691775105806508
58662,0.5557457941841404
58663,0.5574827858747964
58664,0.38895194446140224
58665,0.616734899424767
58666,0.3815293388988052
58667,0.43758393349880953
58668,0.3983697903769069
58669,0.5643496946101105
58670,0.5074074643479576
58671,0.5625356611058069
58672,0.36807255168456726
58673,0.32941131895404163
58674,0.5509032891930662
58675,0.332123141353187
58676,0.45350700926187687
58677,0.3576719499664965
58678,0.42125833799440016
58679,0.42751970762247404
58680,0.47462980958690676
58681,0.40915850698391876
58682,0.601977773716959
58683,0.3778300210342342
58684,0.5432306810256008
58685,0.32554176332390505
58686,0.4743107601262268
58687,0.5473331177532255
58688,0.5014061981794138
58689,0.4557980747122279
58690,0.3934022448700607
58691,0.4116210028079949
58692,0.447161786948452
58693,0.43080698250769356
58694,0.35463210816909724
58695,0.4144691448499309
58696,0.5010869649174425
58697,0.5299025217494718
58698,0.41816873887911465
58699,0.41308685626440905
58700,0.5748895438637187
58701,0.36289116142432665
58702,0.4878916993178535
58703,0.4177714429034492
58704,0.40928012863565677
58705,0.44294720124171366
58706,0.3802774098097109
58707,0.4926679918768365
58708,0.4461514824190346
58709,0.44206282682383424
58710,0.35346144202735635
58711,0.4719229904041252
58712,0.4493662638568292
58713,0.5266979036327373
58714,0.33035225434050686
58715,0.3609223727547341
58716,0.4508455513196539
58717,0.34748553404469146
58718,0.4572606504982996
58719,0.390752154339686
58720,0.5075691656795488
58721,0.4482548975262112
58722,0.41879325162090403
58723,0.3546310225298599
58724,0.33151126126829095
58725,0.5232068127235804
58726,0.4701304705423203
58727,0.6079547326703093
58728,0.5404617421647916
58729,0.3431501018561414
58730,0.38945704598220043
58731,0.5632902358998342
58732,0.3830118967105618
58733,0.5016427956495636
58734,0.43283205233077776
58735,0.4795397626991187
58736,0.47845866391860953
58737,0.4478751853825752
58738,0.3585464790532349
58739,0.5041202912348264
58740,0.3200293806664125
58741,0.4713272163504839
58742,0.31880578104124435
58743,0.3337528262407487
58744,0.499882795663048
58745,0.49702413778715604
58746,0.4610635618934633
58747,0.3593994448082029
58748,0.32777804924133497
58749,0.4843580367186141
58750,0.41431017557079913
58751,0.3760615800528818
58752,0.4306570614496593
58753,0.5241121095003287
58754,0.5725886633039846
58755,0.3912641561576038
58756,0.35786712233409634
58757,0.4339354372865733
58758,0.42661603935636766
58759,0.3820007398931534
58760,0.5437608442943761
58761,0.5613553596320873
58762,0.5526558635938793
58763,0.3567227119467597
58764,0.5141379750644486
58765,0.4047078013483083
58766,0.46596458343185765
58767,0.49145697282343737
58768,0.6224126815502296
58769,0.5568542910897245
58770,0.4264126055496072
58771,0.4385672752553517
58772,0.5179360286843271
58773,0.4731304037349794
58774,0.5034542113896301
58775,0.54050299076449
58776,0.5203009808080792
58777,0.5228196577974842
58778,0.4028012965835446
58779,0.524770814310423
58780,0.3672122907126819
58781,0.5608465050261716
58782,0.5450769972604019
58783,0.45114606014460135
58784,0.4155272612748168
58785,0.5308428888913651
58786,0.5891118443777734
58787,0.5944137747647277
58788,0.4727711738313989
58789,0.5022354481427188
58790,0.5037110034502186
58791,0.4900837932256828
58792,0.5400881781196345
58793,0.41908079391050407
58794,0.31237974490246856
58795,0.4385073096533657
58796,0.4536437324206156
58797,0.5500580746860381
58798,0.3946526445099136
58799,0.4162223613891416
58800,0.5282042862457896
58801,0.33677164707083673
58802,0.5455196673346592
58803,0.3776635234347874
58804,0.5920101542852638
58805,0.6316580508145173
58806,0.32691087762769977
58807,0.337896266722589
58808,0.5835691858453524
58809,0.5420005429065273
58810,0.37938818468852553
58811,0.4052662413169925
58812,0.4474441038759386
58813,0.30672353063012575
58814,0.496313330850831
58815,0.46814283691110775
58816,0.550733595412615
58817,0.41922005069288304
58818,0.4210913566977496
58819,0.3917463890849854
58820,0.5951966800873933
58821,0.4220922500716342
58822,0.5157632409356279
58823,0.4505117363386839
58824,0.4752945590635545
58825,0.41461518096115413
58826,0.4786405245911224
58827,0.5318803766980711
58828,0.493806999318262
58829,0.3799369922797759
58830,0.4675493742256852
58831,0.5076504155510058
58832,0.5416827734263059
58833,0.4334886106478555
58834,0.5155746104519682
58835,0.4467058331389999
58836,0.3924459854933534
58837,0.5106683963658657
58838,0.35834793222838424
58839,0.4716909298800195
58840,0.4545024358494785
58841,0.3760268758544027
58842,0.46342090390180535
58843,0.5496986121759435
58844,0.38396256622218994
58845,0.4195731917868659
58846,0.37468162619899126
58847,0.566780138366321
58848,0.5250605624357091
58849,0.5399486636027555
58850,0.616255638930684
58851,0.46021283061926194
58852,0.4952313814494677
58853,0.37214333856899384
58854,0.4282755607570749
58855,0.4169738150343114
58856,0.460932097251353
58857,0.32971699244026775
58858,0.4465510695318738
58859,0.5001840177606969
58860,0.5224499522741609
58861,0.5296687209341637
58862,0.4945746883737675
58863,0.41205811656131874
58864,0.543516958152608
58865,0.3918452265290942
58866,0.5977509151000996
58867,0.48480661168547123
58868,0.4166260107722992
58869,0.5324266737103205
58870,0.3907762108694219
58871,0.5112372281201393
58872,0.5952241680735028
58873,0.4943469339642851
58874,0.3602173970713782
58875,0.3198299035285833
58876,0.3468905521002991
58877,0.30027471312987647
58878,0.39195233760541637
58879,0.41021832922982965
58880,0.5059511010911844
58881,0.41625806819003347
58882,0.5351792562307855
58883,0.45168915860748227
58884,0.4772069374471447
58885,0.42263601687990593
58886,0.4688721366901232
58887,0.5210038204678218
58888,0.4549123435873941
58889,0.48347130365940644
58890,0.44353854956011385
58891,0.44079840168435935
58892,0.4329928788106324
58893,0.5018184942179582
58894,0.31440982138516804
58895,0.41308160230845237
58896,0.414729746863419
58897,0.32755341274858485
58898,0.40858370322136844
58899,0.42839474629729685
58900,0.4809241673474922
58901,0.6140834382644373
58902,0.44927316104291554
58903,0.5424783584053348
58904,0.34726312341746574
58905,0.4826731751429327
58906,0.40660856463075773
58907,0.40695647631157816
58908,0.4684825269476283
58909,0.5096488894446236
58910,0.4156752914925567
58911,0.6000079844059136
58912,0.4548561048109321
58913,0.5496611292096588
58914,0.44289345118437473
58915,0.5564879779424854
58916,0.4149361711313785
58917,0.3882273002420171
58918,0.4771757465063656
58919,0.514131878526307
58920,0.35260713638565017
58921,0.4740772644667408
58922,0.46427953688297996
58923,0.3640272871556318
58924,0.4940118251963874
58925,0.5163642059185787
58926,0.45505036007801325
58927,0.32867321574143066
58928,0.4319058103690904
58929,0.40342368686206054
58930,0.5314761041674079
58931,0.33163343348784524
58932,0.4409019609818514
58933,0.5632878753174465
58934,0.48652524577124573
58935,0.32139252628142495
58936,0.46046577096547525
58937,0.6019658133178103
58938,0.48240480964142474
58939,0.3427968360783183
58940,0.42249335253257375
58941,0.5213832234794381
58942,0.5862762908239466
58943,0.5368170305460599
58944,0.4631815863429689
58945,0.5465256054693841
58946,0.43856612884665164
58947,0.4043853046585323
58948,0.4725297722859834
58949,0.3326699975966253
58950,0.612992352447574
58951,0.29050074858623465
58952,0.3728570673339576
58953,0.5115817280302025
58954,0.6167241605682942
58955,0.5092060562871861
58956,0.5642010799101723
58957,0.499958909651132
58958,0.5222120741556638
58959,0.5696565306704623
58960,0.5121016759376441
58961,0.6168011661919575
58962,0.4670730428397819
58963,0.4727464691773981
58964,0.41302495835239583
58965,0.5261610950503757
58966,0.3482095166375202
58967,0.5382685051152348
58968,0.4504101830448388
58969,0.4221716003463887
58970,0.4515202876495186
58971,0.4724825881928766
58972,0.3206576890922798
58973,0.45787742079397475
58974,0.49189344389137324
58975,0.5223925264837671
58976,0.4833353095295476
58977,0.4369725125210893
58978,0.38781560641069945
58979,0.4962679479687479
58980,0.5330350617093519
58981,0.431334755910556
58982,0.4843204585419546
58983,0.44525914686343293
58984,0.34176812333581796
58985,0.4266306572836367
58986,0.48792273542817954
58987,0.487303362898843
58988,0.3635944762109591
58989,0.6040752513675766
58990,0.4943080928148387
58991,0.33061841677524506
58992,0.5428514201041995
58993,0.571841832760839
58994,0.33136972630893824
58995,0.3121700292936964
58996,0.397020004654184
58997,0.4489517448276398
58998,0.5621622228572905
58999,0.42638725734590377
59000,0.5009417297112128
59001,0.5417282514118801
59002,0.4022725064573994
59003,0.4400740175175999
59004,0.3993721759470491
59005,0.4844757495480836
59006,0.4307577731051885
59007,0.5421221540888761
59008,0.5883124580370966
59009,0.452502997470371
59010,0.4518574605427529
59011,0.4374122519208088
59012,0.41574028203652946
59013,0.559394173307326
59014,0.48284319649071844
59015,0.5558209130354057
59016,0.5207774123558807
59017,0.4946019146272062
59018,0.6012463162799491
59019,0.5263539036256187
59020,0.5311533075378609
59021,0.4707164242085661
59022,0.5203594706528264
59023,0.537207859374966
59024,0.5298431987415484
59025,0.5719650717390696
59026,0.48424522632555056
59027,0.42234895091351865
59028,0.33876034939998345
59029,0.47367031217891586
59030,0.345132791791978
59031,0.46874718425950673
59032,0.4425283213340886
59033,0.44203656649450085
59034,0.4908032127211586
59035,0.49785389150387555
59036,0.36537923047161835
59037,0.4161498620680354
59038,0.5452662808071874
59039,0.4150559716605503
59040,0.44623850505788626
59041,0.34336604267515564
59042,0.3666535699185779
59043,0.5507949981556367
59044,0.4107442607156761
59045,0.49409154634509184
59046,0.5057694575717515
59047,0.5934215494823476
59048,0.3064960350150936
59049,0.36563680709460666
59050,0.5448944495088764
59051,0.4364843645093617
59052,0.45223680911995023
59053,0.40589311136604367
59054,0.47755778056221565
59055,0.3710339708245747
59056,0.536141407718149
59057,0.32584630319710695
59058,0.4848540905699613
59059,0.35178108785555373
59060,0.2949918165512999
59061,0.4543380553207331
59062,0.5689079812807656
59063,0.5018836263474792
59064,0.4218421892502344
59065,0.5539315969990896
59066,0.38123423407102297
59067,0.49418723290698363
59068,0.5973095447670099
59069,0.5066403873133872
59070,0.536130698435151
59071,0.5523143101662051
59072,0.44313431866940844
59073,0.5345870989246735
59074,0.3327202240800483
59075,0.42335099084570904
59076,0.3446614494979779
59077,0.5600558681694349
59078,0.49277192432133105
59079,0.4779296302845
59080,0.3127136426309988
59081,0.39122979808384534
59082,0.534392669830443
59083,0.4322375971177183
59084,0.5578215202675336
59085,0.39661271471968573
59086,0.44167715142047187
59087,0.35891687825234947
59088,0.41499866119546724
59089,0.5156641590362694
59090,0.4754049246190219
59091,0.4384707864846531
59092,0.3521363384092855
59093,0.3009617224349397
59094,0.4582448877002686
59095,0.47059434034334585
59096,0.6029663205401705
59097,0.33938505974849054
59098,0.5730237413553921
59099,0.30576105749988086
59100,0.36774120521371656
59101,0.33833410690670646
59102,0.42347009111675016
59103,0.3659308764053031
59104,0.4667343248222847
59105,0.5448031821086072
59106,0.4312872662556696
59107,0.5485209309378589
59108,0.5825491037272879
59109,0.4434676731903502
59110,0.5938361065093478
59111,0.32559582043574137
59112,0.41344945700823055
59113,0.4879571488411937
59114,0.33751989836946583
59115,0.49328455851543557
59116,0.4656239220419054
59117,0.38592910042766587
59118,0.4316064192477972
59119,0.5250937649758323
59120,0.44695131417444994
59121,0.3637284188277181
59122,0.3538525797415062
59123,0.4951348397314229
59124,0.376038035754362
59125,0.4337104547619464
59126,0.46545979281486494
59127,0.5843907613716632
59128,0.39037941460011877
59129,0.3591376492013945
59130,0.372242248364388
59131,0.48710727248985936
59132,0.4362075504595656
59133,0.3721528526935537
59134,0.35571474962265437
59135,0.5078678242885606
59136,0.33723872057441434
59137,0.5496021912543941
59138,0.47106063474187004
59139,0.3283431363345924
59140,0.4621345304623743
59141,0.4481211005571782
59142,0.595839863730352
59143,0.5007504932185086
59144,0.3504234278296295
59145,0.6014326021325127
59146,0.42247593784184856
59147,0.33972184289208385
59148,0.3963392873430146
59149,0.46284459679521683
59150,0.4384596013981785
59151,0.39043342407248766
59152,0.6131207237773717
59153,0.37052574023247403
59154,0.4103266773722355
59155,0.5003874809003307
59156,0.40855066075801333
59157,0.4640851343976211
59158,0.3287428472422696
59159,0.4486331533029142
59160,0.4830303629762836
59161,0.3442067452499214
59162,0.49704323971945097
59163,0.5593548871526048
59164,0.4502745022699648
59165,0.4257393523930224
59166,0.521534729842686
59167,0.5251361432001547
59168,0.5371163054936933
59169,0.4168902069137507
59170,0.3776758344652257
59171,0.5704892376350972
59172,0.43766555619391984
59173,0.5040042057386804
59174,0.38458583957435305
59175,0.49523310657428476
59176,0.40202859475511027
59177,0.4743385278524105
59178,0.520157169008524
59179,0.40011350487910596
59180,0.35804756299472024
59181,0.508755803379988
59182,0.3864450299172899
59183,0.5322977980029119
59184,0.4278890339383744
59185,0.31711774376336366
59186,0.4262334458592383
59187,0.563087873218872
59188,0.3472849659473309
59189,0.4377831264535742
59190,0.549213138041686
59191,0.5220972942236386
59192,0.35103282802127267
59193,0.49541643657129253
59194,0.5204180707809506
59195,0.44540003844903797
59196,0.4507615730831541
59197,0.6012407729917355
59198,0.3057502850688312
59199,0.6000677637796379
59200,0.589640144050287
59201,0.4058350479408013
59202,0.4713851862983793
59203,0.3663753016891187
59204,0.45873487749310393
59205,0.3868204308585977
59206,0.35146697031178775
59207,0.5292152096224754
59208,0.3538408387950326
59209,0.38363555828087154
59210,0.4431890341241716
59211,0.5583514040148159
59212,0.49985506106723454
59213,0.44492245527635294
59214,0.46663397416096425
59215,0.5312024157154922
59216,0.4178056068964637
59217,0.5120492197847732
59218,0.4756570806156942
59219,0.3083269800064567
59220,0.3792731094233498
59221,0.34153668178986973
59222,0.4196630362113386
59223,0.5486424781535604
59224,0.5795098671028435
59225,0.33905901299708946
59226,0.31974649809771927
59227,0.5729545941542897
59228,0.4600583235863055
59229,0.4805252384859874
59230,0.41968943613021764
59231,0.5045743981042834
59232,0.328316551860486
59233,0.34886948638927817
59234,0.4417792949514012
59235,0.41354468013666357
59236,0.3205511111550415
59237,0.48150705342579103
59238,0.4414272790782816
59239,0.365106791118589
59240,0.3031308440156816
59241,0.4036772295414394
59242,0.5482317598661826
59243,0.45696787513193715
59244,0.3490841952918174
59245,0.33035670976473436
59246,0.5021629027243447
59247,0.34314766422599857
59248,0.41930826326162574
59249,0.3023041993354779
59250,0.360499387446985
59251,0.3708666131549451
59252,0.4458028830231585
59253,0.33859631750692254
59254,0.49570520234316306
59255,0.6334233552902668
59256,0.4823253369499746
59257,0.4538999632412346
59258,0.45521588025130716
59259,0.4128223487228748
59260,0.49488188211589323
59261,0.47498433984156696
59262,0.4264636543568081
59263,0.4665792310344785
59264,0.4472277771407552
59265,0.38611223416940527
59266,0.43409583170164023
59267,0.41921355413301276
59268,0.37756891614901644
59269,0.2943001746968889
59270,0.4234101567756122
59271,0.4396495378031512
59272,0.46003566893135117
59273,0.4908700380418481
59274,0.4919721748405943
59275,0.5173546546344739
59276,0.3837332454628041
59277,0.4925272506217331
59278,0.49453872838771445
59279,0.4499631028286142
59280,0.4971153814119654
59281,0.48981944696743085
59282,0.33745077111054755
59283,0.4872914091816235
59284,0.48743446733733636
59285,0.5517870476765743
59286,0.4619883271259348
59287,0.4144487796440385
59288,0.5570942402118357
59289,0.30593723041033444
59290,0.48299191238430333
59291,0.5594607192825333
59292,0.42219996886736894
59293,0.33836773132559916
59294,0.38456098235381114
59295,0.4910893407479799
59296,0.3295407526435143
59297,0.4979868735481596
59298,0.3194091395881249
59299,0.4082259708130506
59300,0.4547049136674296
59301,0.5149496038910205
59302,0.3509493449689398
59303,0.4662427632777546
59304,0.4446153006536897
59305,0.49076065655672996
59306,0.351845617174258
59307,0.5908259757821466
59308,0.5313850996772442
59309,0.306466760832683
59310,0.6023837232623688
59311,0.47702532130217234
59312,0.4306337781176275
59313,0.43682701695828297
59314,0.4648588222377298
59315,0.4830580106983974
59316,0.4326391961199275
59317,0.3908319892419315
59318,0.4880712925031475
59319,0.4971047960644053
59320,0.41459843617917
59321,0.4677168233915048
59322,0.6010413671947987
59323,0.5246306825476712
59324,0.3407036181803509
59325,0.36462147940978407
59326,0.5290394221531474
59327,0.5717452296273662
59328,0.5581626250258699
59329,0.6107889546419167
59330,0.6425222921297318
59331,0.41015671490861394
59332,0.39271909172761543
59333,0.3438993710736359
59334,0.3610143995583576
59335,0.36677272545918477
59336,0.3367846420986354
59337,0.4615648069143412
59338,0.43718331465774796
59339,0.4696768116985679
59340,0.5092457132026007
59341,0.4912555014769119
59342,0.4855898996291497
59343,0.5391504153147687
59344,0.5088257759477465
59345,0.5000336659974688
59346,0.5067037132125924
59347,0.5065418102082095
59348,0.32983151211683454
59349,0.4438826144428918
59350,0.46760661911024604
59351,0.40229211663733355
59352,0.3722592297677619
59353,0.47857287576296054
59354,0.49874736417030596
59355,0.3868033244525689
59356,0.47572163817172886
59357,0.49487905446517544
59358,0.44828442306483796
59359,0.5391194701700985
59360,0.5288845183926654
59361,0.4672773630843246
59362,0.5641170632394655
59363,0.4419281047831676
59364,0.3573638546460426
59365,0.5408483632145246
59366,0.5858587366491105
59367,0.4113792976689734
59368,0.40288432532171703
59369,0.5066707893261274
59370,0.5315022796491493
59371,0.3424268905693255
59372,0.3622687049198292
59373,0.48348445756682756
59374,0.465480547944919
59375,0.5249603785162519
59376,0.5368998381933239
59377,0.397542711503581
59378,0.3065205888195905
59379,0.44139488083172057
59380,0.3876108260670751
59381,0.481553312308595
59382,0.5430324291419728
59383,0.34104425622885864
59384,0.5583150759692809
59385,0.5395668782727192
59386,0.40828053534312514
59387,0.3596709440480492
59388,0.41375770729404565
59389,0.40134483603606413
59390,0.401884874290386
59391,0.5320967780694793
59392,0.35985795900190737
59393,0.3713335109348875
59394,0.3087441669598354
59395,0.5501368089389751
59396,0.4540561125804178
59397,0.45668396975887676
59398,0.3956023820856002
59399,0.35092181496894415
59400,0.46759311127174263
59401,0.4722335698311418
59402,0.4814211464190207
59403,0.3845870947799323
59404,0.6021523066016297
59405,0.37757515676507536
59406,0.4011780499798202
59407,0.45317491890075656
59408,0.48431491873573396
59409,0.44698207437449383
59410,0.39457602705509587
59411,0.48828098064852576
59412,0.4318797002675
59413,0.49698022901120426
59414,0.43950969512978566
59415,0.5345107840500365
59416,0.5552967535944345
59417,0.35020118695206764
59418,0.3490623316272231
59419,0.43079520304303254
59420,0.3861446202490979
59421,0.3148685742891537
59422,0.39218816013547897
59423,0.488119187038646
59424,0.6072078720902792
59425,0.5631871464941123
59426,0.35873488411077903
59427,0.32100691771634654
59428,0.3982370505220936
59429,0.4885920071822403
59430,0.5004130960108347
59431,0.45081221893472695
59432,0.525090137056228
59433,0.5105186866359516
59434,0.5625690307823548
59435,0.332524353789695
59436,0.5588316500249783
59437,0.43548053961754485
59438,0.6071637233747265
59439,0.3152775639093771
59440,0.4346610716967065
59441,0.4545740783087887
59442,0.45338103179528016
59443,0.5203131768060923
59444,0.5864299035617834
59445,0.3351444111748714
59446,0.4991242817370517
59447,0.4572743974857214
59448,0.32866675832276615
59449,0.368997803110114
59450,0.43091624792086125
59451,0.4559601431823486
59452,0.48777946437398567
59453,0.507998037858327
59454,0.43431517379452456
59455,0.46227510167888647
59456,0.33434253453861107
59457,0.5333420039579575
59458,0.5045157736966419
59459,0.48813412345583757
59460,0.5708268186822906
59461,0.4052349638412041
59462,0.31396230527044877
59463,0.3450132072499368
59464,0.578817164116999
59465,0.39343149118640863
59466,0.42975713971430685
59467,0.5524590856716809
59468,0.34418391966029394
59469,0.5880825765371913
59470,0.33819066086646715
59471,0.32361666508997794
59472,0.4425454578871467
59473,0.5433558384338277
59474,0.6045855219627767
59475,0.43066033941419407
59476,0.41020029026652016
59477,0.5276084602105169
59478,0.45655053400422707
59479,0.5774572152980557
59480,0.5356508699059858
59481,0.48359113172950347
59482,0.49973488896774615
59483,0.4352552197500631
59484,0.43717260918408907
59485,0.42398550594894857
59486,0.32695586877796157
59487,0.5177945700900749
59488,0.5198799832004003
59489,0.5212113554000927
59490,0.4595730496094277
59491,0.5523218466329162
59492,0.4072055204177141
59493,0.44004121799415635
59494,0.4621457015079378
59495,0.5091145577561982
59496,0.5248681395870651
59497,0.4162501150466814
59498,0.3658180639883521
59499,0.5884773099684968
59500,0.45429665703341854
59501,0.4707823240988743
59502,0.5394203091452567
59503,0.49663565882814764
59504,0.5478627195506519
59505,0.4978259813991368
59506,0.4738274786368521
59507,0.396945021952393
59508,0.5427638678843816
59509,0.3020231538121731
59510,0.35243806169688946
59511,0.37850168955164215
59512,0.3773043649493491
59513,0.5065897815442527
59514,0.5269205545886895
59515,0.5561474230436112
59516,0.341962496815457
59517,0.5896087026149128
59518,0.3882175022702273
59519,0.32729931701938486
59520,0.34143545095414274
59521,0.4459651654295312
59522,0.33949829761388894
59523,0.40371785137716537
59524,0.3668809497982477
59525,0.4786644216977718
59526,0.525157601181268
59527,0.5419098758372121
59528,0.5633115258392781
59529,0.4424699155406415
59530,0.5531521727630858
59531,0.3778066076110144
59532,0.49008223505103216
59533,0.30159896763137284
59534,0.48974675059463657
59535,0.4914902899507532
59536,0.4828731498745154
59537,0.4125678097408249
59538,0.4390587105974994
59539,0.368940989142976
59540,0.4723485249981124
59541,0.596202425145198
59542,0.3813532163060451
59543,0.3565280823466266
59544,0.6280565050672232
59545,0.5052166426575504
59546,0.5282125752987672
59547,0.6149444269876266
59548,0.5158818203498128
59549,0.6197548250501802
59550,0.3946681842918571
59551,0.3788169441379854
59552,0.4451816101528952
59553,0.5441290205299161
59554,0.3349198182844319
59555,0.529856637623036
59556,0.41168297554347655
59557,0.5327226359819024
59558,0.4060878390271388
59559,0.5806669803087662
59560,0.40087779992408357
59561,0.58774097010132
59562,0.33042430301325687
59563,0.42651386293969895
59564,0.6018941202701886
59565,0.48280254244267434
59566,0.32947280661319445
59567,0.4748198198944127
59568,0.40532135839576855
59569,0.5295908487315109
59570,0.49801807124849967
59571,0.5098970594119678
59572,0.4835095841449819
59573,0.4785595563084526
59574,0.531754349357905
59575,0.5128139965405139
59576,0.3898018013801594
59577,0.5363965210545611
59578,0.4173827876845831
59579,0.5162389119167793
59580,0.3403087616274627
59581,0.35665143952275197
59582,0.4285837917873427
59583,0.317068847929017
59584,0.3141156454874553
59585,0.4373567166269192
59586,0.4906346527778531
59587,0.47717252204256655
59588,0.44058108143703617
59589,0.5841451880738646
59590,0.5306065610004085
59591,0.4689980641788891
59592,0.3351229351341789
59593,0.4296794110238205
59594,0.3666001060198514
59595,0.5036580580692299
59596,0.44524316463849095
59597,0.392699699531043
59598,0.31825338678579085
59599,0.4212504514755447
59600,0.5986574265581623
59601,0.40830306302034175
59602,0.36553761375067134
59603,0.44097481378691544
59604,0.3880083042092272
59605,0.4618008632517343
59606,0.5743823712555096
59607,0.5485496498862215
59608,0.4960898645443151
59609,0.44759237336409025
59610,0.3839711082054862
59611,0.36195885332005523
59612,0.4434190173376146
59613,0.5332564724647283
59614,0.4080740403633783
59615,0.3945569382980464
59616,0.31118147022944437
59617,0.5214178897420914
59618,0.5828892203424563
59619,0.4365026586288365
59620,0.4465987116594335
59621,0.48115036025982083
59622,0.42568462354510755
59623,0.5979021412485297
59624,0.369506291393512
59625,0.3180432087074171
59626,0.4451461264271648
59627,0.5403878915923713
59628,0.4100884801249042
59629,0.4520807774240999
59630,0.4885545455759227
59631,0.35305035170793436
59632,0.5264446915748657
59633,0.43563603318676125
59634,0.3639990353974621
59635,0.37356785825684097
59636,0.4336511112982325
59637,0.5014771647130208
59638,0.567040076349987
59639,0.3375527318823012
59640,0.3223318934175576
59641,0.3762718882929559
59642,0.430342673463893
59643,0.5240398299917811
59644,0.4473664546170487
59645,0.48820016501765207
59646,0.3366410529422495
59647,0.5527475642207735
59648,0.5602365058065805
59649,0.4601714451255223
59650,0.4782005351893223
59651,0.4859741360684525
59652,0.48304405012533547
59653,0.439394504135887
59654,0.584922866838243
59655,0.5985998614237162
59656,0.438024166938841
59657,0.5285918545874669
59658,0.3428204644506001
59659,0.36218794549321415
59660,0.3335165233303111
59661,0.5252988618626798
59662,0.5089564129370924
59663,0.4903494613747139
59664,0.37669576116414816
59665,0.42968793422149176
59666,0.4711099366589174
59667,0.3715155828768614
59668,0.3955013861735399
59669,0.46155404029550945
59670,0.6077485450008575
59671,0.3246405888529265
59672,0.4038061994927812
59673,0.4881238047973209
59674,0.35718447273416587
59675,0.3684114775121825
59676,0.5122098985285941
59677,0.4662368281239246
59678,0.6124811219758567
59679,0.3931944482453157
59680,0.42590835256286697
59681,0.32914757075452983
59682,0.48016935672557787
59683,0.5031677333242713
59684,0.4272825800787786
59685,0.4959302070521227
59686,0.4443926571378363
59687,0.3444818443963578
59688,0.3351513526896637
59689,0.36239145586461236
59690,0.49196919204887907
59691,0.5147472902319671
59692,0.3503038987254046
59693,0.5366576621312726
59694,0.5241216242983499
59695,0.4444161295736525
59696,0.5978761718931696
59697,0.4609878712541042
59698,0.38261385550991567
59699,0.4990733482960553
59700,0.5323702190165351
59701,0.3087987393801097
59702,0.4335611793112726
59703,0.49852840262578685
59704,0.3977073489272108
59705,0.3456192567906384
59706,0.5191584958892264
59707,0.6048065572181591
59708,0.4729003444181783
59709,0.5670099135274658
59710,0.4664607014161891
59711,0.5219448712869006
59712,0.43507783736163513
59713,0.44296222953310177
59714,0.32465357916010734
59715,0.5097328883389819
59716,0.35983330022840626
59717,0.45443204686540645
59718,0.3581651947991116
59719,0.31289627960806304
59720,0.5164774070511992
59721,0.3500936503172564
59722,0.43854150157918625
59723,0.3255782527373998
59724,0.5089972638014032
59725,0.4107237204229066
59726,0.3592204238823044
59727,0.6267104492417689
59728,0.6324509639300875
59729,0.5996727599119466
59730,0.45324730018480053
59731,0.5338362000339242
59732,0.3394888594902487
59733,0.30893925778987
59734,0.5918960869508636
59735,0.36588210741890936
59736,0.5625264276775486
59737,0.39612152039637794
59738,0.5397063451286266
59739,0.5600762840053454
59740,0.35591815584136893
59741,0.5102641376245236
59742,0.5166486188194449
59743,0.35586255362572367
59744,0.3475676471502332
59745,0.5499556657469576
59746,0.522199823067598
59747,0.5810438104916744
59748,0.582645172907702
59749,0.4247314410022536
59750,0.5019143935979649
59751,0.5165855038736376
59752,0.4396502534108263
59753,0.5581152673663123
59754,0.47571845212983904
59755,0.5003033713664651
59756,0.31475581583183254
59757,0.5995179065591828
59758,0.45453062713532333
59759,0.4426773814109711
59760,0.41181361583923703
59761,0.3879068699118667
59762,0.5114120729739854
59763,0.5086294296939898
59764,0.4786854462712743
59765,0.5269660141433039
59766,0.47530526443363325
59767,0.40543936213343834
59768,0.5320919115873747
59769,0.42419853263934865
59770,0.4898845893777891
59771,0.5308240335066985
59772,0.3047379857423467
59773,0.41661815470291
59774,0.5173238556461854
59775,0.46685002013671173
59776,0.48876837741904855
59777,0.32564572914568296
59778,0.47472082225727064
59779,0.4134434522533925
59780,0.4400071775295479
59781,0.3488111039195171
59782,0.3375121360319034
59783,0.39072588797164315
59784,0.5111378170704745
59785,0.5889266143239108
59786,0.42249329985467426
59787,0.4539534932000091
59788,0.3100229673169865
59789,0.31264981176611134
59790,0.3178525477121692
59791,0.44568583247152593
59792,0.44474831424918304
59793,0.5561875555343052
59794,0.5886506940193437
59795,0.554573627054317
59796,0.3970788679077788
59797,0.5195014295410847
59798,0.3834821804842654
59799,0.35929455912812414
59800,0.517200645703685
59801,0.3785489292057205
59802,0.6093871248222362
59803,0.514228355133518
59804,0.39083801469103246
59805,0.598232331638572
59806,0.5196721741747674
59807,0.47271798966055695
59808,0.5211162775128542
59809,0.575211466408981
59810,0.4773401673472839
59811,0.4049160763707512
59812,0.4590732201735682
59813,0.46661614512985156
59814,0.3413423709391045
59815,0.4241332121085223
59816,0.5890089630026363
59817,0.3604752389578598
59818,0.3966465400619928
59819,0.3750664816691637
59820,0.5718692918566678
59821,0.5453280462779746
59822,0.6166823181438749
59823,0.5755890578455076
59824,0.5047490289961944
59825,0.5383313650024187
59826,0.5539413084464538
59827,0.509227708344583
59828,0.5421738263741354
59829,0.32956375145767614
59830,0.41268703448549937
59831,0.4766825526324442
59832,0.5715318205916622
59833,0.5418722733020761
59834,0.4026256210772691
59835,0.41169249351908144
59836,0.5789199197811465
59837,0.576057090756988
59838,0.4446931320399432
59839,0.413840206185755
59840,0.570593318429838
59841,0.4228280522981799
59842,0.3438179053215218
59843,0.30690282728843876
59844,0.42657933715950985
59845,0.3150310353097159
59846,0.4318805547333472
59847,0.5338690400140453
59848,0.5155186110063593
59849,0.6024897403055249
59850,0.45103315044879955
59851,0.4971976441302137
59852,0.489645047416686
59853,0.43453196715431514
59854,0.5000619477073285
59855,0.5878933985293006
59856,0.5889212280301783
59857,0.45776379957004576
59858,0.4533535309294557
59859,0.5146884495757805
59860,0.3207158679984506
59861,0.37089591035266783
59862,0.4850006400227315
59863,0.35874772545635
59864,0.4978140385799307
59865,0.3831805857079098
59866,0.6222214981544538
59867,0.5682657478439168
59868,0.38966173339798876
59869,0.5669637386972813
59870,0.4943829644550991
59871,0.4314644318398631
59872,0.4434920034194397
59873,0.4612867701623168
59874,0.38482089470160397
59875,0.507768455220918
59876,0.3584516882565323
59877,0.46276752009762717
59878,0.32299901110523666
59879,0.326239450433386
59880,0.5165282631660723
59881,0.4924937374258055
59882,0.6029582807321381
59883,0.5860602664346604
59884,0.33433969009359804
59885,0.6065945624754374
59886,0.4543232574211693
59887,0.3714048061353832
59888,0.433711809919923
59889,0.45875367462135797
59890,0.3654390168927587
59891,0.331120594948408
59892,0.42860947489941753
59893,0.3138723731123507
59894,0.43777694529112554
59895,0.373513702141431
59896,0.4612869302860648
59897,0.5594158083142831
59898,0.33352171499464245
59899,0.4833550286495928
59900,0.4905357436418849
59901,0.5375822214957792
59902,0.35486904055584007
59903,0.4832633055977762
59904,0.37832175577633415
59905,0.39168549019199816
59906,0.5403650458037185
59907,0.5683113426707838
59908,0.46086409140022244
59909,0.3902100793609497
59910,0.34688941163830894
59911,0.4847387423093727
59912,0.45372671081181526
59913,0.3696735201731919
59914,0.39880800421710866
59915,0.5453355524330006
59916,0.3318726478393804
59917,0.42880854196279605
59918,0.44335305097747246
59919,0.5009316063149857
59920,0.39670285336011435
59921,0.42766997346155156
59922,0.5734978548694125
59923,0.4249655852155488
59924,0.39450636235556574
59925,0.3229144552512746
59926,0.48758677200774503
59927,0.48184258788973106
59928,0.37777149451420255
59929,0.36119040635111815
59930,0.5013684803417587
59931,0.4658845660562157
59932,0.43791927553261795
59933,0.48397722674308735
59934,0.3967863817459786
59935,0.5426669666926824
59936,0.4414980529553927
59937,0.42372226993937806
59938,0.3335184639271039
59939,0.3881633591019102
59940,0.5652116741399708
59941,0.35674939940174916
59942,0.5865972997239282
59943,0.39382919651712767
59944,0.35038831106268753
59945,0.36933515412084306
59946,0.45298872163037823
59947,0.44577166768293147
59948,0.4223199236466419
59949,0.44773633423191
59950,0.42291830764779
59951,0.3972616747252338
59952,0.31071963910010286
59953,0.4108193168761719
59954,0.3615901549658506
59955,0.3415511938887399
59956,0.3608875167894373
59957,0.46895156421524764
59958,0.5684277577173428
59959,0.491415460647695
59960,0.401674717939458
59961,0.41862805156049443
59962,0.40907809520508354
59963,0.48456731720744406
59964,0.3675890722346016
59965,0.32837440368530885
59966,0.5864551671346417
59967,0.36213483499644106
59968,0.5027761269421546
59969,0.3934456789995546
59970,0.5110800227103918
59971,0.46981513779451456
59972,0.4625729499836335
59973,0.5641617001133582
59974,0.40163493660286337
59975,0.5360386165726094
59976,0.3902627847284636
59977,0.36422592299191237
59978,0.3574974671011127
59979,0.4329257886547441
59980,0.32664908248788993
59981,0.44473255670153844
59982,0.3955179245791503
59983,0.42237571286802233
59984,0.3340445115890067
59985,0.536751299562199
59986,0.5163182976608783
59987,0.4423770376151501
59988,0.3790239517835874
59989,0.39025196629207604
59990,0.34485720756848465
59991,0.31613667555444097
59992,0.352462137997557
59993,0.4342621298973949
59994,0.33242637445412926
59995,0.4993794889105966
59996,0.39183972999234223
59997,0.395540944057236
59998,0.5622917532792329
59999,0.3739768628695055
60000,0.3465689352909087
60001,0.40845033343855697
60002,0.44927781627472224
60003,0.49960976000189317
60004,0.3171325364796902
60005,0.48700610720862464
60006,0.32305041983626637
60007,0.5372543736187239
60008,0.3905807285841806
60009,0.44172463061498696
60010,0.4109921332058587
60011,0.519210180419867
60012,0.47982588349286065
60013,0.4952223492797938
60014,0.43497374101234504
60015,0.4500563083617639
60016,0.4706260833525016
60017,0.3730841332815311
60018,0.3654796481513291
60019,0.3782975390985233
60020,0.33962880615186214
60021,0.43462663654779277
60022,0.5288993314239558
60023,0.5180230087268497
60024,0.4366195408810731
60025,0.29765516757336496
60026,0.3478750280622895
60027,0.46473387815098754
60028,0.41082268538346967
60029,0.3591605058626654
60030,0.5938213175823304
60031,0.30198425240511045
60032,0.5520958516552849
60033,0.3730274584630809
60034,0.347176104372914
60035,0.4244187872921363
60036,0.41870713486944683
60037,0.338912329034949
60038,0.4792681788289523
60039,0.4113109479936373
60040,0.3427357999039438
60041,0.3565023281243579
60042,0.34113435622076
60043,0.4468788460176787
60044,0.35191402039805675
60045,0.4037203143497778
60046,0.3578688118667735
60047,0.471771729051193
60048,0.5521948688978612
60049,0.5035029842831933
60050,0.5084602396553176
60051,0.4781960461562388
60052,0.46930038034093885
60053,0.48436130561064084
60054,0.4371830828106792
60055,0.39857307173480594
60056,0.47383256287420783
60057,0.4810559420792788
60058,0.32511587555160815
60059,0.5015092090698229
60060,0.5117233113342252
60061,0.34004015391961645
60062,0.6039413295140313
60063,0.505738610200877
60064,0.61169644630931
60065,0.41186559124221855
60066,0.4804769232676127
60067,0.31604623299678386
60068,0.5854505332440332
60069,0.34255083172384204
60070,0.3720459945130838
60071,0.5859084735771946
60072,0.396039033380484
60073,0.4244860400236806
60074,0.49372627545793646
60075,0.3323624435690468
60076,0.3217083248373527
60077,0.3241318091874525
60078,0.5335394162502799
60079,0.516513457279186
60080,0.4465880866824643
60081,0.41678423779770774
60082,0.4967674845900212
60083,0.5085837465327153
60084,0.4613006091746109
60085,0.32833304514041445
60086,0.5924554253056065
60087,0.5169539769496692
60088,0.44262872850623813
60089,0.44144231605509937
60090,0.48949464237668666
60091,0.36854796596976197
60092,0.4341768403280953
60093,0.5339591711233797
60094,0.5497459054375895
60095,0.3285133780655498
60096,0.6382061235941855
60097,0.4001216036595516
60098,0.3766561850694753
60099,0.4416034330088624
60100,0.4899923090795479
60101,0.4909527865583607
60102,0.5446702162887129
60103,0.49493402610516324
60104,0.5023545186239607
60105,0.6100651038962167
60106,0.46203559693881824
60107,0.558633232904412
60108,0.5140251591809176
60109,0.3829225282159105
60110,0.3397187465748357
60111,0.43014172380517707
60112,0.4412457656521699
60113,0.3939247791441476
60114,0.4735778709092403
60115,0.5828778088504585
60116,0.4596440907897281
60117,0.3283942596739847
60118,0.4109617328917092
60119,0.533729170121916
60120,0.5893460741112739
60121,0.4047053408946937
60122,0.42365709679630287
60123,0.4791992872187453
60124,0.4569375414807362
60125,0.510487778859373
60126,0.4913896988927362
60127,0.35689226298426513
60128,0.3221462529629794
60129,0.2984336072132164
60130,0.49928417216014853
60131,0.414850005881433
60132,0.5753750185547901
60133,0.4382478340033902
60134,0.310542354029069
60135,0.4657128432685159
60136,0.37093545614987244
60137,0.45756619490939016
60138,0.4673204141815954
60139,0.5573132351927437
60140,0.3534927761171485
60141,0.45051885898967414
60142,0.509403289067091
60143,0.4554282355570129
60144,0.5015095927844909
60145,0.556743270038864
60146,0.3490892411738823
60147,0.4677943780711007
60148,0.3542285161951453
60149,0.3326190704918816
60150,0.34565621731657703
60151,0.462538490293812
60152,0.47967580637008145
60153,0.3202821436147857
60154,0.5030422188322122
60155,0.4452272136745382
60156,0.5289166119927647
60157,0.3959368013188046
60158,0.4114832255445972
60159,0.30350053685660633
60160,0.3046703657675544
60161,0.39773253228268013
60162,0.47451214864981806
60163,0.47038226030817953
60164,0.4305077273414554
60165,0.3307330430882942
60166,0.4819627974935524
60167,0.5122733083907113
60168,0.39002066503219845
60169,0.47592723341987975
60170,0.5310685442899319
60171,0.45609196698811133
60172,0.44301335442071943
60173,0.4879285012099247
60174,0.4521049965859385
60175,0.5006337059558399
60176,0.47355178849168045
60177,0.5326000255730656
60178,0.46503998414832937
60179,0.43752505125804897
60180,0.39627226347460925
60181,0.41969402296889996
60182,0.33050092617574967
60183,0.3859016913385329
60184,0.297514256644782
60185,0.5094844183994357
60186,0.3516879860116875
60187,0.43340972807693856
60188,0.4343340154651002
60189,0.5243460541226043
60190,0.5643115256849344
60191,0.45678091288945943
60192,0.34585711255494206
60193,0.32803712743407953
60194,0.4625643660089579
60195,0.3911976465129924
60196,0.5663016508630005
60197,0.4130307978115314
60198,0.42543525487444633
60199,0.6101160305847645
60200,0.4464544490118634
60201,0.4733243277617236
60202,0.45999102776808054
60203,0.44887410023011065
60204,0.4806802515773989
60205,0.5189333577904929
60206,0.3665398925990534
60207,0.3185181366237198
60208,0.4378803193331215
60209,0.4817752372075549
60210,0.362192552086281
60211,0.5613344467238378
60212,0.4155583016924522
60213,0.44630026908927484
60214,0.5378239750298022
60215,0.35475627277694666
60216,0.5856187417096665
60217,0.4758903373515133
60218,0.4452695572440106
60219,0.4297754592210454
60220,0.5391406912033723
60221,0.46344366989034524
60222,0.5191291752275727
60223,0.5588536848300008
60224,0.4895618025692482
60225,0.5328988082692829
60226,0.5580591163887909
60227,0.5285142859441498
60228,0.544461768204974
60229,0.3267193180103207
60230,0.38479186541181587
60231,0.4631517907230831
60232,0.4850041358704366
60233,0.5178408714387887
60234,0.4351567741109091
60235,0.3476753299863024
60236,0.44386802506647205
60237,0.5462636192005258
60238,0.5412645478832672
60239,0.4240812708788636
60240,0.5475395748195152
60241,0.4540886576589747
60242,0.4797493318597776
60243,0.5995060289295561
60244,0.47316706247790014
60245,0.45680460631978603
60246,0.47575347041249694
60247,0.4411871793401059
60248,0.43497591684665426
60249,0.34516679462150324
60250,0.595189879441628
60251,0.33085835253532775
60252,0.3695680536522747
60253,0.5270031042394236
60254,0.41401172183323326
60255,0.4842157791905235
60256,0.5040179310130226
60257,0.4936149749117513
60258,0.4154633562309753
60259,0.5143695550967433
60260,0.3729582824811233
60261,0.4863097139110869
60262,0.45940257992818523
60263,0.35354920450251165
60264,0.5189062821344221
60265,0.4473417925504881
60266,0.4231162633006871
60267,0.5009225911239596
60268,0.4631677161342789
60269,0.4375799991694416
60270,0.451266176882646
60271,0.5680886256917878
60272,0.3624017176728125
60273,0.5523156674167364
60274,0.46620261548764813
60275,0.3286370329194128
60276,0.3122901603771987
60277,0.34271710376120856
60278,0.38649818391495266
60279,0.515268575014671
60280,0.5423499553906279
60281,0.4745335406074672
60282,0.33124548785170366
60283,0.4386535238329198
60284,0.41495135035631725
60285,0.3563246997279309
60286,0.33846394470694835
60287,0.46684677383306583
60288,0.40857170336976395
60289,0.31797955608881506
60290,0.573686235342278
60291,0.5203089081687934
60292,0.530285054518056
60293,0.45425520446389794
60294,0.4061754437074002
60295,0.4100589195342078
60296,0.2951739460455103
60297,0.37501504331878105
60298,0.312958262035868
60299,0.37340998707078615
60300,0.4803928627111307
60301,0.39104129944346583
60302,0.3979045801870294
60303,0.4875791420185367
60304,0.4394505072582501
60305,0.5147103212149463
60306,0.5304348625402614
60307,0.3020881912916679
60308,0.3442749678091701
60309,0.34203606763140354
60310,0.45197462833205
60311,0.4565423986226874
60312,0.415634360936371
60313,0.464579533279677
60314,0.5470829303538622
60315,0.6067252919060585
60316,0.5640456225570706
60317,0.3730158342589957
60318,0.4262091680834977
60319,0.3171723515011837
60320,0.4746265327227848
60321,0.4195884101942672
60322,0.31062910060839494
60323,0.5629760318963846
60324,0.5192575160637131
60325,0.3219920911364392
60326,0.49176175404235856
60327,0.3524234548447219
60328,0.545912920539585
60329,0.48878070985556904
60330,0.4981237680138495
60331,0.43173370522222654
60332,0.34431186662485164
60333,0.5378703214931735
60334,0.486227065109662
60335,0.3555442726897493
60336,0.41130776345399234
60337,0.5100816355936328
60338,0.46091882372389703
60339,0.4693926474744517
60340,0.4830463812089916
60341,0.5818039144727255
60342,0.43334775970267486
60343,0.6102945074459721
60344,0.4321474569693954
60345,0.3801115010377351
60346,0.6027824667315173
60347,0.3044809639078629
60348,0.46371694902905053
60349,0.5306940403277397
60350,0.4442455502877204
60351,0.3829720548395582
60352,0.4347716573510833
60353,0.42759676072522146
60354,0.5162150747252114
60355,0.46216432402631613
60356,0.37007253466184653
60357,0.5968211677524574
60358,0.568911967101209
60359,0.4205166705116516
60360,0.44884746690804567
60361,0.48685840906035227
60362,0.4949646573087365
60363,0.31188935762328907
60364,0.2982067107781067
60365,0.5384973480464472
60366,0.30909048173642883
60367,0.3775020826495091
60368,0.49911160835061963
60369,0.39695373763533937
60370,0.30684423060311145
60371,0.3779349580650368
60372,0.5555066250017419
60373,0.5052450219256137
60374,0.6343843922955463
60375,0.39928152484587776
60376,0.5079071459773753
60377,0.547711855807336
60378,0.48268957937256646
60379,0.4486324539287858
60380,0.6540015802636974
60381,0.5032977447909905
60382,0.32142054286675986
60383,0.3622415528235219
60384,0.4486557284913344
60385,0.562302401559181
60386,0.473794156307723
60387,0.42079267523915165
60388,0.3351930603105159
60389,0.33458743095430554
60390,0.47313924276098507
60391,0.5517847115333773
60392,0.553016661369811
60393,0.4520518477453556
60394,0.5321999860361439
60395,0.4618950310533371
60396,0.40284836821215714
60397,0.42251427360473415
60398,0.530372738394599
60399,0.49800446292517275
60400,0.38221569998297267
60401,0.4891584736455249
60402,0.3578111330486213
60403,0.35796005771011236
60404,0.3509089988087235
60405,0.5437494213592786
60406,0.49227076916056933
60407,0.3725953079014419
60408,0.3515695186293273
60409,0.32072873687743225
60410,0.34461575918243953
60411,0.43545625318123343
60412,0.39498326808932444
60413,0.4628136047968758
60414,0.3886759427885761
60415,0.46915726891094134
60416,0.3534070915877603
60417,0.5019564764991404
60418,0.43217260111490197
60419,0.5379803757033835
60420,0.43605006353122533
60421,0.570985579486786
60422,0.42807372401218424
60423,0.43026850381475085
60424,0.5976262877420704
60425,0.4674408873254387
60426,0.49656553469973197
60427,0.4881789740031869
60428,0.4672888350402956
60429,0.3448552181544454
60430,0.5130852033772872
60431,0.349243215731724
60432,0.46397141529737584
60433,0.4333824742606225
60434,0.46705698489383574
60435,0.4186740967854913
60436,0.4305425868582915
60437,0.40580624572476187
60438,0.32649081665842544
60439,0.3210966504441105
60440,0.3365364623326923
60441,0.4443157748308459
60442,0.5401172792653472
60443,0.605752475976626
60444,0.40064355611042535
60445,0.3937842555498197
60446,0.32937125725855076
60447,0.43828284090828934
60448,0.5182641353372768
60449,0.34793919654791744
60450,0.5391106044490399
60451,0.4074538396528238
60452,0.46769773134761955
60453,0.4417911587228751
60454,0.4650865554080319
60455,0.3566378691728312
60456,0.41266261929666326
60457,0.5104470293977613
60458,0.49294211880402755
60459,0.4285846724711899
60460,0.444266893205679
60461,0.5247644810571218
60462,0.4007908077864096
60463,0.5626096199075432
60464,0.5073462091197785
60465,0.32451219956591476
60466,0.5231361162650756
60467,0.5337445456552651
60468,0.3548346677141439
60469,0.318477065656947
60470,0.3240372044809824
60471,0.36070879675307566
60472,0.43263930487534114
60473,0.449278007640009
60474,0.4865929526414441
60475,0.4405416955037708
60476,0.41659747123319024
60477,0.5111648391467191
60478,0.44438920051570885
60479,0.3135176062156896
60480,0.34765540617346946
60481,0.3343723350509583
60482,0.3744710970074944
60483,0.5219374137546744
60484,0.36345348858555016
60485,0.352959423972526
60486,0.569525918786755
60487,0.5386880869852485
60488,0.37876602649315644
60489,0.4362754805801057
60490,0.43233073875876155
60491,0.3452137703318275
60492,0.4140428554138195
60493,0.3173698972055811
60494,0.4887238940960382
60495,0.491319283006163
60496,0.4526547791726309
60497,0.522140983806421
60498,0.484924993000842
60499,0.47127587102564616
60500,0.4325454868720658
60501,0.3953958410845398
60502,0.5003359180663564
60503,0.4538606951340518
60504,0.37526447023654785
60505,0.5000734315202103
60506,0.5715709799384086
60507,0.34684376756915863
60508,0.4856997560214052
60509,0.5945271422837243
60510,0.5115568643727634
60511,0.5158553910746247
60512,0.3110935377011567
60513,0.40369350278517246
60514,0.43447045570321996
60515,0.38658811907223034
60516,0.35969213388679677
60517,0.5307556714194577
60518,0.4446223509639295
60519,0.46048295326559285
60520,0.39913137314379626
60521,0.42085444101199715
60522,0.3343555632746278
60523,0.40943771648784427
60524,0.6067986454438958
60525,0.43590332322783987
60526,0.3534602277829531
60527,0.45044421957374337
60528,0.5178343421152231
60529,0.4197127934394823
60530,0.4598879727946535
60531,0.3562195652304097
60532,0.4985076432666502
60533,0.5202917761192112
60534,0.4525390545271863
60535,0.42591962339223666
60536,0.6200700654816445
60537,0.41942873698885785
60538,0.4086054320607622
60539,0.5230440602408658
60540,0.4416183857802471
60541,0.43509553035210075
60542,0.34663880552901105
60543,0.4551115403371717
60544,0.4536926188104305
60545,0.4067247336175781
60546,0.571098046121256
60547,0.4629376116389356
60548,0.517430360032297
60549,0.5334987215399589
60550,0.4799597305190827
60551,0.46984975365112025
60552,0.5886603150040071
60553,0.6286162422221677
60554,0.4230526416895227
60555,0.4564162716789087
60556,0.44065971683218996
60557,0.48982726018582734
60558,0.5168033837786873
60559,0.560778349527128
60560,0.3482491229717212
60561,0.4954149119879566
60562,0.35930804956300283
60563,0.3922780644362381
60564,0.359997322928907
60565,0.6172344752703272
60566,0.44916855081418133
60567,0.485351676587417
60568,0.47783684375204927
60569,0.33041077189690715
60570,0.47674416688715027
60571,0.526506304482596
60572,0.34089111781488085
60573,0.31008413439548616
60574,0.38078533626354344
60575,0.39956354338741107
60576,0.5230957741055086
60577,0.401160287158169
60578,0.5904455250759341
60579,0.5314700159369568
60580,0.46200327109338757
60581,0.43757096491521247
60582,0.35226287059129613
60583,0.6046294189825291
60584,0.5078861774243236
60585,0.45983601799488655
60586,0.32577655897600083
60587,0.4285036963939761
60588,0.4949219438294654
60589,0.5647712091674488
60590,0.489046986871825
60591,0.525572156106282
60592,0.46179077687123704
60593,0.5342598080520871
60594,0.3234817548042214
60595,0.4338679390974163
60596,0.33571446874301764
60597,0.4909393661033683
60598,0.39750618599965826
60599,0.5622416139773052
60600,0.4461126359792342
60601,0.34846349891331774
60602,0.5383739848594764
60603,0.45288885139415114
60604,0.43698525231449137
60605,0.31543893444462034
60606,0.4891837038767958
60607,0.40685853513208176
60608,0.6113798059369127
60609,0.35679497464520815
60610,0.5593741166600545
60611,0.6360048611447395
60612,0.3291669976521668
60613,0.35699718876543834
60614,0.4689098778307239
60615,0.5358273576677082
60616,0.4648700646054003
60617,0.5164498329341467
60618,0.3508863712899611
60619,0.4127236102088593
60620,0.57045000687363
60621,0.45132721613535143
60622,0.38956874683756254
60623,0.44319476215997733
60624,0.6111138829630762
60625,0.34922250652043374
60626,0.54022564750304
60627,0.5004372477791762
60628,0.5486240205519917
60629,0.5400330589581332
60630,0.3389806653930035
60631,0.4779500955732176
60632,0.38848539194627013
60633,0.3655408999821608
60634,0.5819326722685401
60635,0.458656035828672
60636,0.4634358962128666
60637,0.5159449552961846
60638,0.36308199038885486
60639,0.4238144438342943
60640,0.432345785355405
60641,0.30662313476316383
60642,0.44168773076206547
60643,0.5181577803054753
60644,0.5731626676990049
60645,0.5136385683908022
60646,0.49162881577090795
60647,0.46195540578469957
60648,0.34076840321379004
60649,0.4555917156146613
60650,0.52956268686674
60651,0.6073299000563406
60652,0.6066265509762441
60653,0.35995799835235315
60654,0.399487821595856
60655,0.3506875409827365
60656,0.5101974586958894
60657,0.44372108027300095
60658,0.5024427819893981
60659,0.3668511247368893
60660,0.48087143366280694
60661,0.45412061181780544
60662,0.34969845054185883
60663,0.4471710102457549
60664,0.306044838187085
60665,0.5139384149333496
60666,0.5753638014937233
60667,0.34218926590561555
60668,0.5047833993960509
60669,0.5592216069876599
60670,0.47686827223771705
60671,0.4887009104345749
60672,0.5766151744378206
60673,0.420170662013572
60674,0.46471906631477344
60675,0.4622708420147412
60676,0.31349022599831033
60677,0.306446610399337
60678,0.608631397511022
60679,0.5293869457735958
60680,0.4606830744384085
60681,0.4076760526730199
60682,0.3295811730088406
60683,0.4832981069677229
60684,0.47150884354388767
60685,0.4310801995187067
60686,0.41827101797668353
60687,0.31211144551670983
60688,0.41472288056734974
60689,0.5010648335854201
60690,0.47743202370973187
60691,0.42264468091099294
60692,0.4606787680847232
60693,0.5464187569387986
60694,0.49694759896539914
60695,0.44836576729350286
60696,0.47710632503472605
60697,0.41931438350425615
60698,0.5118775030322783
60699,0.47063246502510864
60700,0.6140110350178574
60701,0.38883201893221847
60702,0.5366568609021063
60703,0.4433726025705555
60704,0.4664290815405786
60705,0.5540300063348876
60706,0.5279296978072047
60707,0.36222869650216893
60708,0.3596592331903662
60709,0.5214802376757466
60710,0.4030693580521917
60711,0.5363673078023699
60712,0.47358405658223285
60713,0.4222268259007279
60714,0.453660620687916
60715,0.4561023050087476
60716,0.40001525643250363
60717,0.32600762189689086
60718,0.2919402509704516
60719,0.46633432898704796
60720,0.4704420091324917
60721,0.5042847908257294
60722,0.458621097580077
60723,0.38467895834261867
60724,0.45574072355879114
60725,0.4925025155732159
60726,0.3687401126629071
60727,0.42655781893442435
60728,0.4912195819304349
60729,0.36716717063035276
60730,0.46100740127382844
60731,0.5288628335833399
60732,0.5254333803316
60733,0.5422869098263271
60734,0.45768496380112245
60735,0.49124397502932976
60736,0.5391940477914776
60737,0.5250392154119616
60738,0.4376650294502554
60739,0.3984636260294282
60740,0.46799918172744587
60741,0.46817206147490187
60742,0.3790672610683285
60743,0.5048369210572907
60744,0.5600908688481889
60745,0.40775671013403636
60746,0.3452762712775174
60747,0.5071351006820435
60748,0.5262102099102155
60749,0.5584296599909604
60750,0.4198151599157241
60751,0.4742045252108624
60752,0.3186009539536548
60753,0.5090765954248861
60754,0.39224899747811387
60755,0.4672055382245348
60756,0.4362854333052033
60757,0.5406663381165296
60758,0.5208752726279271
60759,0.4244557736664699
60760,0.43105301961889964
60761,0.5566031207147832
60762,0.5640053987864917
60763,0.43094569646386305
60764,0.4996904113068226
60765,0.4461348013324339
60766,0.48524759493165426
60767,0.45567201362892695
60768,0.3872472731736322
60769,0.48902576273035636
60770,0.4513451734670357
60771,0.3404865708988861
60772,0.3251527851796839
60773,0.35018710219464777
60774,0.5941782941638386
60775,0.31856546205894515
60776,0.5543910646013888
60777,0.4233496674325012
60778,0.4290857596174805
60779,0.5337342277959349
60780,0.476425100324795
60781,0.32303647106575184
60782,0.41329114182525883
60783,0.550857372285507
60784,0.41633329871815417
60785,0.48820397414168293
60786,0.5255048023862364
60787,0.5181793724140304
60788,0.34382889037044106
60789,0.3243503785179853
60790,0.4340238388896809
60791,0.5674108343275006
60792,0.5022698674569434
60793,0.4908941663235719
60794,0.3394639351453162
60795,0.4024567137981573
60796,0.32113594758580505
60797,0.6112010214418981
60798,0.5308634244827096
60799,0.49601815115274117
60800,0.4168969413417768
60801,0.43728860993606344
60802,0.31366235978397344
60803,0.4253768516412455
60804,0.4519132540579808
60805,0.33225007397167405
60806,0.5702812607436479
60807,0.5312333566029337
60808,0.5512419967800568
60809,0.4710286726473623
60810,0.5065649884649682
60811,0.42905634216190136
60812,0.5185666690704523
60813,0.43265238409692597
60814,0.3289930584027783
60815,0.5919258969424694
60816,0.62713667797042
60817,0.3441323184461048
60818,0.3231027236221139
60819,0.40511212413161873
60820,0.31407976327227466
60821,0.43418474014019726
60822,0.5731168690923267
60823,0.39088754213505533
60824,0.4445678358885994
60825,0.4217319413192743
60826,0.6172158740885225
60827,0.31797660621386814
60828,0.3631162515550234
60829,0.49874634404512563
60830,0.6032251566858634
60831,0.33423726800933756
60832,0.5137246816952208
60833,0.4570515210621892
60834,0.4816907678497136
60835,0.45217915001809794
60836,0.4981656886354402
60837,0.44551364665350646
60838,0.44887025289024596
60839,0.5418772257817902
60840,0.5396513779883421
60841,0.45718502431013264
60842,0.5709954719944309
60843,0.3288663110414464
60844,0.5898632117970839
60845,0.40961245021426057
60846,0.3711062848256973
60847,0.46427253082078124
60848,0.47547175661356555
60849,0.350409507479847
60850,0.5420377253780774
60851,0.5352010380246848
60852,0.4925681581111745
60853,0.3270929472686995
60854,0.48067339543002563
60855,0.4324837294502409
60856,0.4437274935835359
60857,0.5472380754278607
60858,0.5105216497623296
60859,0.3897377820880489
60860,0.374609024002574
60861,0.46128377205396076
60862,0.42249600333357745
60863,0.3835704909226548
60864,0.57509889460899
60865,0.3358477433621636
60866,0.5899829859247014
60867,0.39676186896664073
60868,0.5839906726697712
60869,0.3176156374474216
60870,0.5075200310143283
60871,0.47194002820830927
60872,0.41086653478778973
60873,0.6186831606348431
60874,0.47882878260199085
60875,0.5217030791923023
60876,0.43631355551880946
60877,0.41507331187019747
60878,0.5839703973328808
60879,0.5089616303360149
60880,0.5251364872897655
60881,0.5291948925520662
60882,0.6255039030872807
60883,0.5032333542772913
60884,0.41363682369040466
60885,0.4720459684924974
60886,0.45450617360742446
60887,0.42161507630265466
60888,0.469960700346275
60889,0.4498318146713329
60890,0.5378032149330493
60891,0.5113792257873863
60892,0.45818634421445464
60893,0.47285267856679536
60894,0.4716369783201343
60895,0.5675170861581781
60896,0.43873503107284606
60897,0.30977553076180586
60898,0.5425426546481945
60899,0.5481059702166742
60900,0.5344244639230636
60901,0.32522058397673337
60902,0.47597550575167735
60903,0.39186065355158833
60904,0.4424896006408862
60905,0.4081886738649654
60906,0.42271589120284053
60907,0.5036925271881525
60908,0.5275283949842472
60909,0.5944627398250226
60910,0.4461695128284084
60911,0.5782374124030728
60912,0.36617411467804567
60913,0.43150497309711705
60914,0.4572700503694611
60915,0.3065875024614583
60916,0.4242853676825645
60917,0.33120605650698137
60918,0.4973884061577203
60919,0.568055633578928
60920,0.3051737605307751
60921,0.5619946770834563
60922,0.4495673145840645
60923,0.3824571200215941
60924,0.29322158788503677
60925,0.351553474756179
60926,0.5744007598166021
60927,0.48330970883180197
60928,0.46511252846113066
60929,0.5205653673462187
60930,0.4276938204020354
60931,0.4660978797154884
60932,0.5252188863168759
60933,0.36869783908350345
60934,0.3489682957739703
60935,0.42936038749817784
60936,0.48696688125467436
60937,0.4581164077737322
60938,0.5415601271154493
60939,0.4467434701422899
60940,0.5404198167053048
60941,0.5075214556940566
60942,0.5466734603146414
60943,0.4626099109775875
60944,0.41092040454460144
60945,0.4798037528906531
60946,0.4182533232024522
60947,0.33271438927346775
60948,0.30932245415228377
60949,0.4036571150396427
60950,0.6011029125303914
60951,0.4730855812957543
60952,0.468609418633577
60953,0.44674281302925267
60954,0.464036832831371
60955,0.3112137580186145
60956,0.3222518365468251
60957,0.4220141848469252
60958,0.43934383809240535
60959,0.45050336089519377
60960,0.5004377939948916
60961,0.41506330642503475
60962,0.34157220381271175
60963,0.5172317239535408
60964,0.4500855278130337
60965,0.4582081881516525
60966,0.43986722049927424
60967,0.5253645380417681
60968,0.30650459437266425
60969,0.4919403434376145
60970,0.4903876901607715
60971,0.4778048361493058
60972,0.5866389399037192
60973,0.3351060529041884
60974,0.32649174374207857
60975,0.47406761773543493
60976,0.49182069627469427
60977,0.5306419596113292
60978,0.3129728303868105
60979,0.42524593745251404
60980,0.5192145413976471
60981,0.4014875410302976
60982,0.4604950892422716
60983,0.5307955604582058
60984,0.48400774366181276
60985,0.4569500768073459
60986,0.4759555134063622
60987,0.6201654327447352
60988,0.4998089060401504
60989,0.6179152393649421
60990,0.6156163063790869
60991,0.4447746923913059
60992,0.386148631301488
60993,0.3502746821943915
60994,0.44899118199371735
60995,0.35905416847535704
60996,0.49184474894514274
60997,0.3635248332371433
60998,0.4767712374460603
60999,0.4504706404000416
61000,0.3804394542977192
61001,0.480926645662506
61002,0.4762434003602277
61003,0.38664965462877793
61004,0.5172419107906245
61005,0.467986356477463
61006,0.42347759632708704
61007,0.48108510850013986
61008,0.38723913931563003
61009,0.6255854572920917
61010,0.5845768827135673
61011,0.42878934126520307
61012,0.3474498683406904
61013,0.35543993222231474
61014,0.42336563964188695
61015,0.5008211772786686
61016,0.3229542355341753
61017,0.46250755426572654
61018,0.32179271310621127
61019,0.33262663165323514
61020,0.3443282456708014
61021,0.48054622899159083
61022,0.34474252288839796
61023,0.3184434344731641
61024,0.592805802867345
61025,0.4594206817841885
61026,0.5121483049698928
61027,0.4963409824103165
61028,0.4387250092928406
61029,0.30934167659166734
61030,0.5918495792872055
61031,0.40196779175488917
61032,0.4343019386551962
61033,0.5664811596427554
61034,0.47624894101118154
61035,0.30165291953489753
61036,0.4619158149450869
61037,0.4985993748389857
61038,0.4300803456886495
61039,0.5241572839746124
61040,0.34500766982175196
61041,0.46576474994584205
61042,0.35479334127358536
61043,0.5925521650821851
61044,0.5496225761387512
61045,0.5738702381839098
61046,0.35341412808858924
61047,0.3581628000625503
61048,0.41376838371413116
61049,0.45394493820392734
61050,0.4561864099939559
61051,0.49546544310413115
61052,0.4589129972262256
61053,0.4000550313623108
61054,0.4427044609521102
61055,0.5129076784785268
61056,0.589913600389312
61057,0.4918429826304681
61058,0.41277870889550194
61059,0.4245956103302162
61060,0.4895720771010239
61061,0.33410789877136543
61062,0.6176245262116073
61063,0.3878719087026473
61064,0.5029625620934757
61065,0.4547427172874634
61066,0.4565647892597025
61067,0.4222375528389245
61068,0.6175925773634171
61069,0.47372887842288003
61070,0.402068376923676
61071,0.3343080386806855
61072,0.4877990383361962
61073,0.3368820069274139
61074,0.47689690945097235
61075,0.43274415865607746
61076,0.43668346760189664
61077,0.4848064123402128
61078,0.461720189771345
61079,0.36304975674119605
61080,0.398605872126635
61081,0.6029917420422723
61082,0.4083454605226604
61083,0.371691053605257
61084,0.40427616431871066
61085,0.43430350710053955
61086,0.5028479252328182
61087,0.45005497563081165
61088,0.43197222809369956
61089,0.483260522775744
61090,0.6097083918533925
61091,0.6195209697838489
61092,0.3140686940526813
61093,0.4633117979802207
61094,0.3970631602435284
61095,0.6238168780741971
61096,0.40812189426034073
61097,0.4618925025091652
61098,0.4678060770483896
61099,0.5804355848643039
61100,0.32267276190000227
61101,0.5878232498198563
61102,0.42857987578941587
61103,0.31025693201053517
61104,0.5091158729984772
61105,0.41317846631865773
61106,0.44926817933166785
61107,0.48845036093822514
61108,0.48178474547295813
61109,0.6233509640204574
61110,0.3394213654545079
61111,0.3534108867430572
61112,0.6214814170568171
61113,0.43496972576484777
61114,0.4488599791915816
61115,0.4250902587679897
61116,0.4317617907406632
61117,0.4751970517776947
61118,0.3743397583828455
61119,0.4942959937248126
61120,0.40556186688172496
61121,0.42967334089503273
61122,0.49065540146985764
61123,0.46026955138064174
61124,0.5332601099836838
61125,0.32202845125681406
61126,0.514320144864889
61127,0.44645733629640455
61128,0.5148992529711335
61129,0.4078475515950418
61130,0.4536241710713359
61131,0.5523763054825375
61132,0.48893159630610966
61133,0.5231215675186451
61134,0.40866097348188124
61135,0.5608280924211992
61136,0.4632794928410717
61137,0.39912741181860784
61138,0.45766018535081526
61139,0.3328785664071211
61140,0.516643148678508
61141,0.5086458966649667
61142,0.4001134559870275
61143,0.4389899273514833
61144,0.587242571871821
61145,0.5803488939829199
61146,0.4666980841958146
61147,0.5622069115998458
61148,0.45046554539852085
61149,0.5326179105016453
61150,0.4522320883665777
61151,0.407820523728161
61152,0.39461400265693075
61153,0.3889856894461282
61154,0.6029269043146702
61155,0.44929259360608054
61156,0.5644567657497626
61157,0.6202765304793085
61158,0.5542400603955022
61159,0.4942451899868721
61160,0.443242532062874
61161,0.3356445948888632
61162,0.35173909123389147
61163,0.4345950922157063
61164,0.342369032127732
61165,0.5291681012994822
61166,0.3510182393806296
61167,0.5988621522686778
61168,0.5319542677031116
61169,0.43754568422747325
61170,0.3839124763750894
61171,0.43286739990030254
61172,0.49567345965050535
61173,0.4410300262252848
61174,0.4778778214382821
61175,0.44852635236816396
61176,0.38640277723950983
61177,0.4851127960097934
61178,0.36686435699059605
61179,0.419626497334678
61180,0.5624406900439821
61181,0.5230094282381688
61182,0.44693042575700687
61183,0.3172419900959212
61184,0.5046315502372526
61185,0.4538330841608488
61186,0.398021809662372
61187,0.4680361644404164
61188,0.31717976218914884
61189,0.42872784019894405
61190,0.6033154738924145
61191,0.5023084752621173
61192,0.4631630396421691
61193,0.43629969755273634
61194,0.47977388120574344
61195,0.5027980767548953
61196,0.6263225386682723
61197,0.3714719565641903
61198,0.3925997028145224
61199,0.48929290275768733
61200,0.6119248787105513
61201,0.44633366596416063
61202,0.48738674180972397
61203,0.41672237459106104
61204,0.4666506647883194
61205,0.46713740744498244
61206,0.487601109426305
61207,0.5892318182497223
61208,0.37449874961777935
61209,0.482946360633988
61210,0.5338612066382129
61211,0.4408243124966619
61212,0.4757204272172756
61213,0.4239401053887527
61214,0.4756933592405022
61215,0.559185246834712
61216,0.37248449918203225
61217,0.3854608748419799
61218,0.4300148864322251
61219,0.5451851519864253
61220,0.4580207209573615
61221,0.6056401219655874
61222,0.431740557305679
61223,0.4874481997098936
61224,0.3126701927162325
61225,0.3508872951221484
61226,0.5539683827336697
61227,0.5005245315378167
61228,0.42211902627468
61229,0.374869582201533
61230,0.39812040204794436
61231,0.4321248054364387
61232,0.39537353122035
61233,0.436156885149811
61234,0.34155135153477256
61235,0.37936737573153884
61236,0.5282302761336005
61237,0.49695707592932803
61238,0.4280663572426539
61239,0.32077811599452305
61240,0.3404708818986869
61241,0.5089429915904645
61242,0.49961747470533296
61243,0.5196207693012366
61244,0.40994767595080056
61245,0.44021700503691785
61246,0.3518460582551983
61247,0.43757972205037765
61248,0.6074676820032779
61249,0.4958105363667002
61250,0.5418007524608952
61251,0.3443572819495027
61252,0.5704873317756011
61253,0.34959145029084726
61254,0.420100729436052
61255,0.5720088073412692
61256,0.3562494254462172
61257,0.426580210918466
61258,0.48555997296914843
61259,0.37181098400858714
61260,0.3602010854539447
61261,0.48778799190896405
61262,0.48502519196812244
61263,0.5153477046580093
61264,0.3920461445798019
61265,0.47118730690041377
61266,0.5798881398446817
61267,0.41122435622568504
61268,0.5154777577472203
61269,0.504271664133845
61270,0.39066274058640477
61271,0.49627459710301114
61272,0.5498467607935648
61273,0.4582095459730574
61274,0.4862435928396832
61275,0.5479684585980974
61276,0.46502918356967066
61277,0.3892608442052975
61278,0.34483863485853766
61279,0.4560179524880754
61280,0.4293127246194761
61281,0.5315451257822614
61282,0.49141735707525547
61283,0.35450076042680867
61284,0.4040359448272518
61285,0.3636315201001178
61286,0.5345452594190289
61287,0.5460699777365448
61288,0.48347797223377403
61289,0.47304221543520764
61290,0.360452420924329
61291,0.44853504320188275
61292,0.49326067000509605
61293,0.39082401648783066
61294,0.5686763324487025
61295,0.3203145392683073
61296,0.3676176130981222
61297,0.38045972917574467
61298,0.42812702563552596
61299,0.5672140694819983
61300,0.5666043661701325
61301,0.5690195138377925
61302,0.4333219828176693
61303,0.4132575734505959
61304,0.3550014194772704
61305,0.3094812002696215
61306,0.40125399408841356
61307,0.515949923450503
61308,0.4775450527011105
61309,0.5068408371205553
61310,0.6228075153463273
61311,0.38826776008199015
61312,0.44055309455096503
61313,0.3661649522682765
61314,0.45037514641097226
61315,0.3675055469959859
61316,0.5120529744900435
61317,0.4719980794922841
61318,0.44559827140426833
61319,0.5339905169361399
61320,0.5968143475722276
61321,0.5892222146640695
61322,0.30623779879918295
61323,0.347771524951185
61324,0.3908742779011821
61325,0.5091378401825428
61326,0.32393089449791507
61327,0.4392562394982357
61328,0.42432952977722804
61329,0.46216817323776016
61330,0.5295814612406362
61331,0.44268145554661087
61332,0.45776022404372707
61333,0.46673336640009105
61334,0.38861969748152736
61335,0.4104122056857178
61336,0.4295047634760023
61337,0.3922560007215386
61338,0.5371444940220333
61339,0.513147200394948
61340,0.5092993300643456
61341,0.5537712706761164
61342,0.4478462826952846
61343,0.5983780380124696
61344,0.46175573758545924
61345,0.43753577773994456
61346,0.5509123814343335
61347,0.4825668859311179
61348,0.37788964511728296
61349,0.5935779201378262
61350,0.46554215487357353
61351,0.5753397226945159
61352,0.43889425785725295
61353,0.40162368328995357
61354,0.46123082956222045
61355,0.5096297814812577
61356,0.4251948742233763
61357,0.3920719729080506
61358,0.40831408675953784
61359,0.5065493048488735
61360,0.46602259165404736
61361,0.4713182570475284
61362,0.5164007772086717
61363,0.4693084326635941
61364,0.3507529993602818
61365,0.5217980859497507
61366,0.4511242809606663
61367,0.5467466336742322
61368,0.3509597383178903
61369,0.3999766513294417
61370,0.49848161425792004
61371,0.369466316656266
61372,0.36662321998528713
61373,0.5940166258152999
61374,0.5822720930684776
61375,0.35956978933833217
61376,0.5176283735096929
61377,0.47472474477503246
61378,0.5552552539349104
61379,0.4845004801045084
61380,0.4748190693501723
61381,0.5531546991108701
61382,0.4636310404738767
61383,0.46309060298362614
61384,0.4751811236023639
61385,0.3910186085298061
61386,0.4781496645126837
61387,0.33900616714345255
61388,0.3543024261500312
61389,0.48609924312418173
61390,0.42817924554207826
61391,0.3485132800029017
61392,0.6049701827780758
61393,0.3788952196823432
61394,0.5084113625341966
61395,0.5414095619978805
61396,0.44382605231785166
61397,0.4535264732162604
61398,0.5042436810949394
61399,0.3385815819125452
61400,0.3646545015817991
61401,0.5205610346468418
61402,0.34573405054610645
61403,0.46098972171886154
61404,0.4182867733596687
61405,0.552255415974832
61406,0.4456565808771625
61407,0.3432842204821598
61408,0.5762475281241677
61409,0.44539851407772
61410,0.4623711839029863
61411,0.42423752964883943
61412,0.33365649536486663
61413,0.6052941186697376
61414,0.5445692492553806
61415,0.5464105184837794
61416,0.5546282064447414
61417,0.4597801939395045
61418,0.4371153593639942
61419,0.38925143136782153
61420,0.3677174099761181
61421,0.5594304413143845
61422,0.418030346996715
61423,0.33881680951129806
61424,0.47099570209665537
61425,0.3513768681404514
61426,0.4723059159606332
61427,0.41170762684568385
61428,0.3744227190965991
61429,0.5913244584912452
61430,0.34861812236053463
61431,0.36647391948873304
61432,0.41611625553295195
61433,0.43539448473992126
61434,0.3836058584533388
61435,0.44724059437580627
61436,0.578674601422218
61437,0.40441032979209424
61438,0.522562577210508
61439,0.41916019903908075
61440,0.3592602622923867
61441,0.4139915713966419
61442,0.4569881074404619
61443,0.3765797205016872
61444,0.5997863251630929
61445,0.3163918002863389
61446,0.553090214961821
61447,0.4857857621466453
61448,0.5316706700444034
61449,0.5411957436681705
61450,0.4307986992467624
61451,0.5160417021579039
61452,0.30663064136839635
61453,0.4200292102029879
61454,0.38021941391895925
61455,0.35095466368672534
61456,0.49182665207444487
61457,0.4105810050670794
61458,0.3887247505338115
61459,0.5536674573502712
61460,0.49014105776793127
61461,0.3542044707018647
61462,0.5195787584764502
61463,0.33547155750302166
61464,0.46166353611310224
61465,0.5276520861593947
61466,0.5054672771298767
61467,0.5408288991470225
61468,0.3471734965784484
61469,0.40612058978051035
61470,0.5852026668433478
61471,0.340098353901482
61472,0.39280483436709834
61473,0.36206265005707994
61474,0.3692459341814069
61475,0.4993492845244804
61476,0.5544581674797704
61477,0.45980471546679363
61478,0.4275080614318732
61479,0.4874826249301155
61480,0.3754480004290894
61481,0.36349126668929366
61482,0.3195599055750788
61483,0.4282698442222005
61484,0.4715530521656549
61485,0.44260304516706334
61486,0.40118605290873044
61487,0.44178570079160806
61488,0.5588089844703342
61489,0.44997676659099334
61490,0.3018754282641643
61491,0.32081994892336085
61492,0.4485125447562881
61493,0.5574944619543913
61494,0.46513664128579413
61495,0.48707451058158613
61496,0.38276694775580045
61497,0.43176073334789133
61498,0.3555790264084339
61499,0.44933779539372165
61500,0.4689127173304422
61501,0.432242556025223
61502,0.5324064195950835
61503,0.4593727961325962
61504,0.5306833176251998
61505,0.45332550504535274
61506,0.4738434277977783
61507,0.47380461558291
61508,0.3855192212447065
61509,0.3551735143081029
61510,0.5058910259583028
61511,0.30488411994696824
61512,0.34302405357856064
61513,0.4044503081063153
61514,0.4456363374363964
61515,0.49008658411650274
61516,0.4992617298809621
61517,0.5531561609839865
61518,0.48722939699432355
61519,0.5242263927704356
61520,0.4081393991694301
61521,0.4433229437210564
61522,0.4360640499311895
61523,0.38371167996931654
61524,0.5129260642141915
61525,0.3834009608051716
61526,0.4191351594224314
61527,0.5029835766397243
61528,0.4622905165211687
61529,0.4384517896105326
61530,0.42166088905972254
61531,0.3621592705838901
61532,0.3991693687089567
61533,0.39707769724677017
61534,0.4114001999716449
61535,0.35075855509919457
61536,0.36293135409671845
61537,0.3076075547121105
61538,0.342870840484088
61539,0.5360806566146442
61540,0.45914907203052946
61541,0.31723980290248227
61542,0.40331416772388
61543,0.6284188887439571
61544,0.6140927274182627
61545,0.4327284035999949
61546,0.596137689079787
61547,0.39491608274253737
61548,0.321666230832662
61549,0.48345815685870785
61550,0.45181821076921924
61551,0.5492616112877244
61552,0.46900368907225887
61553,0.5645886630234132
61554,0.3913161187737437
61555,0.43269939027787385
61556,0.5713122787286293
61557,0.49830350508191645
61558,0.5298552500420981
61559,0.5744332906552941
61560,0.4469413291377494
61561,0.5090344970831295
61562,0.47024526380754617
61563,0.5537617957516536
61564,0.3413583817347897
61565,0.4697013933684464
61566,0.6000917119776685
61567,0.4616450066069112
61568,0.49421560309726864
61569,0.3830631281079172
61570,0.39058334813625545
61571,0.35550248449886374
61572,0.5153824878679217
61573,0.5828772633297825
61574,0.43562180677404333
61575,0.3183915803080859
61576,0.46235445122155155
61577,0.43075750270719926
61578,0.5586081256899523
61579,0.5063416855279804
61580,0.5008884258047339
61581,0.3158261569788068
61582,0.5544703194677153
61583,0.4399622443897374
61584,0.602145697028901
61585,0.5022365854564301
61586,0.5254373634180239
61587,0.5658647310990346
61588,0.5257283458739195
61589,0.44300394530888276
61590,0.4991925563395322
61591,0.4841876400137302
61592,0.4112434735958313
61593,0.6079709833434781
61594,0.528375197008153
61595,0.5397934238592017
61596,0.31474701774336544
61597,0.4197154094354039
61598,0.5055254228926149
61599,0.5564210981121046
61600,0.4985349034383957
61601,0.499852492949647
61602,0.4934058539863643
61603,0.5016705857952152
61604,0.3534893851657728
61605,0.45239300110040015
61606,0.4486056732631997
61607,0.5124179002347649
61608,0.5165171102784992
61609,0.430237374021531
61610,0.4460568173571675
61611,0.32320253150741785
61612,0.6112804151308766
61613,0.3855253615084588
61614,0.3324144233894834
61615,0.4312117950383709
61616,0.33715018602295554
61617,0.46733470653389636
61618,0.5370970790276989
61619,0.5024501800189688
61620,0.3549096997384198
61621,0.5932191156612012
61622,0.5345042395693862
61623,0.40563278276287434
61624,0.5752291013706989
61625,0.48680557404467995
61626,0.395613292195261
61627,0.3547810576972107
61628,0.3776220436041135
61629,0.40577715212851867
61630,0.35012526986052167
61631,0.6146776316994074
61632,0.3267751629657283
61633,0.4645246528658462
61634,0.5029487125928234
61635,0.32741578836477064
61636,0.4641192457959105
61637,0.5081481608398811
61638,0.5095779551686235
61639,0.5158507882577265
61640,0.47539578689272816
61641,0.4352808984638181
61642,0.3799595160374123
61643,0.4763615243601305
61644,0.5626758578804412
61645,0.3835925221879114
61646,0.5906896223306777
61647,0.37535044356345626
61648,0.5873083834401314
61649,0.5887300050687355
61650,0.489472285850725
61651,0.33716156410857234
61652,0.33315408410128106
61653,0.39201043648137446
61654,0.36233291408519264
61655,0.4756585726970771
61656,0.6089917546750292
61657,0.45348396200439717
61658,0.4276058296084742
61659,0.5780354931421583
61660,0.5993817835862901
61661,0.5161073086880991
61662,0.45456036895861346
61663,0.4615910279611725
61664,0.33928526235129025
61665,0.32808173902381954
61666,0.36355300053685635
61667,0.47148595737473353
61668,0.41401763613249687
61669,0.49285975376651225
61670,0.5524151726755049
61671,0.301729233893629
61672,0.4803218967711773
61673,0.4224933488831754
61674,0.47829555090309916
61675,0.46255833003655006
61676,0.4259616505715879
61677,0.44261466558837304
61678,0.45455241592145246
61679,0.41888691872313943
61680,0.45321852306303867
61681,0.5549602902194356
61682,0.4206385254994378
61683,0.4829478705945415
61684,0.44794514623568377
61685,0.4647158600049191
61686,0.38451673498789785
61687,0.5424230100371167
61688,0.3378956007391421
61689,0.43487138893563293
61690,0.43186476087937065
61691,0.3042047910145663
61692,0.48660438423075225
61693,0.33478075237218036
61694,0.44131784602227475
61695,0.3169771035981494
61696,0.5613343818976321
61697,0.44894346613074215
61698,0.3053372425033124
61699,0.5244807740814892
61700,0.400180875990736
61701,0.48889841659702415
61702,0.31745664593364964
61703,0.4774262505166612
61704,0.3484984277476677
61705,0.3555165765616825
61706,0.494566910302535
61707,0.4375826555027278
61708,0.536066410852942
61709,0.5438449895462617
61710,0.3507082178991327
61711,0.5103065389011734
61712,0.41144764453212995
61713,0.5919078735847694
61714,0.40032887739487
61715,0.41172318025577115
61716,0.505141361331434
61717,0.5670204021094642
61718,0.4767946697743943
61719,0.4095869436511579
61720,0.4889062993146873
61721,0.4796616362097445
61722,0.4617706961752129
61723,0.35095660926023814
61724,0.34328010957679517
61725,0.4904204689283388
61726,0.541808778597801
61727,0.3762433390356284
61728,0.5525805049705809
61729,0.6402529862087372
61730,0.45835078769029247
61731,0.6006183423927909
61732,0.42930069717557234
61733,0.49377948701955
61734,0.540517341804897
61735,0.4838087294234201
61736,0.43730423603315627
61737,0.5774163738831763
61738,0.461512551638787
61739,0.5499163349463395
61740,0.48941875131354107
61741,0.4970376478275116
61742,0.5928496513545456
61743,0.4876867881246134
61744,0.5337131641940537
61745,0.4707313826670088
61746,0.3868895202895954
61747,0.5020649345050484
61748,0.49078477766832196
61749,0.48725688216293833
61750,0.3459771912084059
61751,0.44634841074979853
61752,0.40397990331203637
61753,0.3995243061871473
61754,0.3496804330529269
61755,0.5019666790533566
61756,0.3655420222838239
61757,0.30560929813310056
61758,0.3200678885404323
61759,0.33773125955501915
61760,0.36146827318243224
61761,0.3852769679524842
61762,0.3368823011792104
61763,0.6127769579069575
61764,0.41398383063065197
61765,0.4412631684484209
61766,0.34155612312662414
61767,0.5435549015783101
61768,0.3885632113614583
61769,0.41682340233417475
61770,0.4698522745798336
61771,0.3372266438372064
61772,0.373747459461257
61773,0.3252750497274915
61774,0.5233262835451462
61775,0.4815216425740178
61776,0.49514577624324324
61777,0.481290799323413
61778,0.4836684963401567
61779,0.561486263806386
61780,0.5212925056575485
61781,0.6137574453708
61782,0.4853594380722778
61783,0.45245854406215497
61784,0.5984075901991481
61785,0.4993436221435774
61786,0.39366176579510576
61787,0.5648068163861311
61788,0.4819415761598985
61789,0.6221850264685601
61790,0.4813712712731804
61791,0.5551949709380039
61792,0.5079310241604501
61793,0.341903394893597
61794,0.31926321425406484
61795,0.5387378202257762
61796,0.48864788358392375
61797,0.406897157632605
61798,0.47666807123438504
61799,0.4365047329593351
61800,0.4537658809102497
61801,0.41443311542174693
61802,0.3162078668356345
61803,0.34045551166369475
61804,0.5024450909288838
61805,0.3314070452029763
61806,0.4371550833978791
61807,0.36346664654717803
61808,0.5271527805459226
61809,0.6063519722039195
61810,0.37745624446189285
61811,0.5876170842785564
61812,0.41503305344997654
61813,0.5024478830123571
61814,0.45501521867432937
61815,0.49239435635244033
61816,0.43308693232696244
61817,0.33170589264654965
61818,0.4118079900791133
61819,0.579645149927481
61820,0.5870595733986395
61821,0.5160895699655645
61822,0.45159960757881623
61823,0.43545190468274075
61824,0.3021416278436956
61825,0.4898391913877811
61826,0.5284021174610284
61827,0.6088211167413108
61828,0.5190090460637057
61829,0.489356319823001
61830,0.4132667727322459
61831,0.4485673148240365
61832,0.49024762429718816
61833,0.3543169068746306
61834,0.3288705513374808
61835,0.4481244701113159
61836,0.3279818678146469
61837,0.3950269526572634
61838,0.43969880059778405
61839,0.45377198751343506
61840,0.4772840364155103
61841,0.34549906061819524
61842,0.3453894124549903
61843,0.44006510229518836
61844,0.3513536758591906
61845,0.47884026587997996
61846,0.38811644543626406
61847,0.38293405380540013
61848,0.4195559144661052
61849,0.5003364746644364
61850,0.44714931553357573
61851,0.46988792943041036
61852,0.3151906165948443
61853,0.44381379636468876
61854,0.3919547171479883
61855,0.5353106557912979
61856,0.5096106339581761
61857,0.4944080238114307
61858,0.4021583547280556
61859,0.4046701040831049
61860,0.44674738440400125
61861,0.5217437174717499
61862,0.5511011636390757
61863,0.33642403179537284
61864,0.5451066148585201
61865,0.34550486249895507
61866,0.5743351418933609
61867,0.4657218752383511
61868,0.443530287313104
61869,0.6141954373006937
61870,0.5085185697891822
61871,0.4273582793933432
61872,0.4860769492974137
61873,0.43703649118655813
61874,0.5844416623070485
61875,0.43651021884520874
61876,0.43586121330492433
61877,0.593793620456115
61878,0.33213090961387653
61879,0.43885892461627435
61880,0.5326876585019725
61881,0.4692522980690601
61882,0.4434079221560464
61883,0.4026761573038809
61884,0.4951441079301827
61885,0.47126803032226067
61886,0.41494802096262373
61887,0.3474938142045424
61888,0.527144063825285
61889,0.44509939220602246
61890,0.5614571372981406
61891,0.49555928877558486
61892,0.5515577857746649
61893,0.5071527298408761
61894,0.47476110411717976
61895,0.42440409717080135
61896,0.5076930321337659
61897,0.4498070068944264
61898,0.5855133591012506
61899,0.4347584086394264
61900,0.5208677794718481
61901,0.32621102103419886
61902,0.36559915541635074
61903,0.3206797330089008
61904,0.4181879040355503
61905,0.47877906382035673
61906,0.40085146362781066
61907,0.4864895082054522
61908,0.47588118955312103
61909,0.4661994463154261
61910,0.4586283174569158
61911,0.4352874633287636
61912,0.5486246526597585
61913,0.4550061656922007
61914,0.4678760219132485
61915,0.40806171953916004
61916,0.44431361303644723
61917,0.39804745746874026
61918,0.5869654284510893
61919,0.6157861112041241
61920,0.46154175267132036
61921,0.5397841565696435
61922,0.4494214123310516
61923,0.5964674113815629
61924,0.3769382416446153
61925,0.5591093267415572
61926,0.5735255829163421
61927,0.3275559764927913
61928,0.5848591059733972
61929,0.45343461504715943
61930,0.40427046610505873
61931,0.44077090784140543
61932,0.37139815080539756
61933,0.441413832387896
61934,0.4542432273437128
61935,0.5732741216474067
61936,0.34941930501508073
61937,0.47173041494333556
61938,0.4187407449095345
61939,0.4827244668890005
61940,0.5345232062105052
61941,0.4750238912119063
61942,0.5419200103109832
61943,0.3736981459167747
61944,0.3322957345064303
61945,0.4721813786517436
61946,0.5013746414008773
61947,0.46255547332454583
61948,0.40532366338059955
61949,0.5247722307702065
61950,0.546826282722002
61951,0.4417511903239874
61952,0.5180300368166544
61953,0.3142387228621321
61954,0.5558306252230945
61955,0.3752956733143043
61956,0.44807756174055857
61957,0.5841859170450794
61958,0.43309114960549633
61959,0.3421437611910776
61960,0.3027028664604831
61961,0.5183058678758412
61962,0.4704597047852355
61963,0.3204680391964103
61964,0.33725581368635615
61965,0.5847292205745899
61966,0.3627051022952679
61967,0.6400274022235084
61968,0.5495526112061262
61969,0.3466027664013778
61970,0.5006101090662994
61971,0.38122240441810185
61972,0.5814268756794897
61973,0.3284951907328999
61974,0.48145948896354557
61975,0.5398881888081863
61976,0.45497662197439487
61977,0.453592683970174
61978,0.4413433684757955
61979,0.47393964613534245
61980,0.510039232705014
61981,0.3142198418004569
61982,0.4398161026032362
61983,0.42158978353734666
61984,0.49242362790134375
61985,0.32560445643624936
61986,0.3397013621513082
61987,0.4758604416033565
61988,0.325209572060441
61989,0.46391050574839177
61990,0.5230842773474951
61991,0.34220902057952357
61992,0.46698397900607086
61993,0.3629772136255281
61994,0.5783626168261642
61995,0.4700759570177912
61996,0.5390029837435342
61997,0.4306481103907486
61998,0.3396234578397539
61999,0.40897336558536646
62000,0.35654182778512267
62001,0.443413458410384
62002,0.47639985766217485
62003,0.5317053614461005
62004,0.4694221242237758
62005,0.42970789645736196
62006,0.4995525623115388
62007,0.3920250293032203
62008,0.33948916166326176
62009,0.459513164485659
62010,0.39174322122242317
62011,0.3104273061584141
62012,0.5033708349511721
62013,0.5649407958691373
62014,0.37095334894033694
62015,0.5006312273170467
62016,0.4638229441037419
62017,0.37182416933197543
62018,0.42562038337357155
62019,0.3253675756403717
62020,0.4462046946120397
62021,0.425961961211648
62022,0.3369238309204371
62023,0.3753954351706445
62024,0.39722109728204447
62025,0.43241516550013054
62026,0.3654886608423954
62027,0.4570971108561369
62028,0.40271574614877303
62029,0.43797237146180856
62030,0.43825428004277234
62031,0.4903820526629652
62032,0.4387754276634648
62033,0.4219598010483848
62034,0.4978695304469644
62035,0.5172029387155559
62036,0.5004129778131919
62037,0.4427529952292336
62038,0.5293823009268233
62039,0.4563689446620382
62040,0.4212020869737325
62041,0.47547790508065957
62042,0.42462609548398844
62043,0.3446286078766219
62044,0.5069122674426002
62045,0.3182626559000572
62046,0.3792169196256767
62047,0.43706681779276557
62048,0.4937445525145494
62049,0.45613368075380356
62050,0.35893485899140404
62051,0.5062296729835668
62052,0.5444014706747085
62053,0.5521537196472226
62054,0.5262968071740466
62055,0.5055901430375325
62056,0.47338067004805323
62057,0.4232867014112837
62058,0.3608027591038122
62059,0.4995754977453879
62060,0.5312260734076338
62061,0.3535132240963915
62062,0.3069120929887811
62063,0.3504362282251984
62064,0.3952190710038312
62065,0.45112329367517573
62066,0.5316257317588009
62067,0.46435207925776834
62068,0.44499163927811236
62069,0.48199795093054576
62070,0.5296336452715268
62071,0.3053088985805022
62072,0.5421797387857609
62073,0.31589199210376223
62074,0.5097171639407635
62075,0.5636806554515981
62076,0.4703566823950477
62077,0.5600011042992623
62078,0.4635070072141268
62079,0.48482735926287207
62080,0.6052563805674112
62081,0.3379773759223126
62082,0.5816954953515507
62083,0.6127726413962996
62084,0.4547019673348497
62085,0.4534092151177591
62086,0.36199782081061466
62087,0.5142832052125191
62088,0.4100996275738811
62089,0.4618545517014554
62090,0.4889829804520154
62091,0.5009321529784592
62092,0.45036427910454174
62093,0.602240544771037
62094,0.5012536432735781
62095,0.41299264155679216
62096,0.4368677269947444
62097,0.30995827108746193
62098,0.36427491300387455
62099,0.3743062830780199
62100,0.30153641581045615
62101,0.33528595448159904
62102,0.5849938256105407
62103,0.326953107175552
62104,0.4325506094839884
62105,0.48205816306923255
62106,0.387933915805346
62107,0.338941792939819
62108,0.49164138504849986
62109,0.43370141340765095
62110,0.6039258288590639
62111,0.4473513071708838
62112,0.5641899829892036
62113,0.3646515054110182
62114,0.34864154653604884
62115,0.45980917146069
62116,0.4109175323880952
62117,0.31610320365336325
62118,0.3433632762960324
62119,0.4124548834145662
62120,0.3507157468610442
62121,0.513074252396505
62122,0.6086072776451812
62123,0.4456977046508647
62124,0.4424301258467407
62125,0.4975849465222332
62126,0.36977357736308747
62127,0.5808703488129056
62128,0.49754346537701477
62129,0.3798610861733346
62130,0.4428065781796171
62131,0.4241201757927622
62132,0.5249973687820986
62133,0.5143036684151412
62134,0.3266168610884995
62135,0.5050960839389016
62136,0.34745445380388273
62137,0.5777749756191224
62138,0.4401859532195513
62139,0.48475116568166526
62140,0.44938229238596
62141,0.46697004103124684
62142,0.4226678951565183
62143,0.5296610996021563
62144,0.5130833075403394
62145,0.472198464445524
62146,0.3959173351408837
62147,0.5915141422398033
62148,0.5091747216340615
62149,0.5479812583253673
62150,0.45127863080175346
62151,0.45338092534434105
62152,0.5146490559663679
62153,0.4411590715965064
62154,0.4877073852460913
62155,0.35776908074102287
62156,0.47866874300329615
62157,0.3566491287218528
62158,0.4606937777625991
62159,0.4315156194892287
62160,0.31118572011898826
62161,0.43615332372575377
62162,0.38444316593761957
62163,0.46271418189845326
62164,0.502312229205123
62165,0.4648484289725254
62166,0.49551659572531837
62167,0.32478056540001915
62168,0.3491198270724313
62169,0.4346580893651428
62170,0.4395190471950214
62171,0.4065726296353626
62172,0.47406993674038334
62173,0.38285102188885145
62174,0.374579704007236
62175,0.31228024243565505
62176,0.49003241329764025
62177,0.5109712643209703
62178,0.3058866214658392
62179,0.4056280679899765
62180,0.41713334255531415
62181,0.5470751003756962
62182,0.3024507423380078
62183,0.5901826227393486
62184,0.45772622836229016
62185,0.5096665437298944
62186,0.4708714761294146
62187,0.47305877060816304
62188,0.6051708615935397
62189,0.43654238757438213
62190,0.47976890840710373
62191,0.3334275002958973
62192,0.35109420581959466
62193,0.5330565344036639
62194,0.4552369950115145
62195,0.3753749900123966
62196,0.36521266013702114
62197,0.4130805605571101
62198,0.32286772564366917
62199,0.5928582025208524
62200,0.632396100833243
62201,0.5320052245264727
62202,0.4353133498282835
62203,0.45756363641256814
62204,0.460373759328028
62205,0.4070393186385082
62206,0.43337231318978314
62207,0.5651807774899325
62208,0.5920456104425527
62209,0.343500871977758
62210,0.43838509000683157
62211,0.46578681288984947
62212,0.457463286081835
62213,0.5295741436893432
62214,0.4511653050003391
62215,0.43447547535225023
62216,0.4072737289189134
62217,0.4786038468484787
62218,0.47705613551738835
62219,0.41984106570302726
62220,0.5405151621508053
62221,0.5239760804894221
62222,0.4659676451274973
62223,0.5657966555822498
62224,0.49952666630373765
62225,0.47506566065663897
62226,0.48042946011023885
62227,0.5244625694725158
62228,0.5158997507203127
62229,0.5046079953337237
62230,0.5085424546166594
62231,0.5127997184103
62232,0.5980669922426669
62233,0.5228198293967167
62234,0.5425945480744363
62235,0.4985687459095258
62236,0.4819458982403395
62237,0.5569131675757696
62238,0.36167268867985425
62239,0.45577966713654905
62240,0.37132004791920614
62241,0.5496794667649705
62242,0.36343778269124644
62243,0.6055315176938771
62244,0.5231372123058438
62245,0.4508376148607705
62246,0.46525439170278393
62247,0.3354566779068586
62248,0.6293199767038445
62249,0.5783831178378559
62250,0.3753209581861236
62251,0.5109190694463251
62252,0.46244865822824777
62253,0.4792739639713137
62254,0.3950090247929501
62255,0.45522973192993066
62256,0.5154936828974946
62257,0.4271739731418804
62258,0.490253903642943
62259,0.46973015582786704
62260,0.33596922590025674
62261,0.4339047798403151
62262,0.4597647216149179
62263,0.49825433072105374
62264,0.4976275888924375
62265,0.4656750996320038
62266,0.5077636702844915
62267,0.5347431433105235
62268,0.5036569752429898
62269,0.48748516930519353
62270,0.5444271072726686
62271,0.40800645164598753
62272,0.5290159471846648
62273,0.4569628002017142
62274,0.47167982544781195
62275,0.527789999598362
62276,0.5710272192156189
62277,0.40345152565057
62278,0.4104029067386491
62279,0.45458921026845917
62280,0.3726474461224352
62281,0.5548924186424959
62282,0.40367685100663625
62283,0.3679810642797463
62284,0.3519707256977285
62285,0.42308837091846774
62286,0.4508899792264807
62287,0.36085574294226885
62288,0.33217234583339345
62289,0.5476136158223208
62290,0.3429256564989797
62291,0.38729818169065977
62292,0.4728078417363731
62293,0.5407704406586962
62294,0.31758436331599005
62295,0.48452365235987044
62296,0.4422487012348667
62297,0.6057307662503416
62298,0.6355521499906781
62299,0.45627281737983033
62300,0.32218538714228523
62301,0.5517173968601359
62302,0.5339873844478096
62303,0.5022013719049387
62304,0.529098989159558
62305,0.5188461845438814
62306,0.4757532596904901
62307,0.3728686664419479
62308,0.3121676235234144
62309,0.31536983662715834
62310,0.5230522093561712
62311,0.6110499949302127
62312,0.4966021832225367
62313,0.42502821085434883
62314,0.3544349703026998
62315,0.5258347518324362
62316,0.44000729304221486
62317,0.5130471053777901
62318,0.5887364459765658
62319,0.3209002532509986
62320,0.43050545881813396
62321,0.43891752953286706
62322,0.5438938800789179
62323,0.492610820352245
62324,0.5183876350854351
62325,0.30391194769915364
62326,0.38468472385722874
62327,0.4035509643841479
62328,0.4171586326394708
62329,0.5511397888241225
62330,0.3770493939107549
62331,0.45013752382843303
62332,0.48510216180683874
62333,0.5276024761952659
62334,0.30283365443331345
62335,0.44313031688204746
62336,0.3919335988287206
62337,0.545415133076322
62338,0.3450852917438491
62339,0.5442161934979782
62340,0.4759500318488264
62341,0.37542156202169996
62342,0.446352476552277
62343,0.4057447974940535
62344,0.4938236686855528
62345,0.4391757791632383
62346,0.5046769176587487
62347,0.5529129671895368
62348,0.4460351700864916
62349,0.3138502865411978
62350,0.3761794697960071
62351,0.5384496536376879
62352,0.4566177176531304
62353,0.48279008461496453
62354,0.4562420376289569
62355,0.33925826817764715
62356,0.5071855048662016
62357,0.3690637082414696
62358,0.43764243914719714
62359,0.34779879463491253
62360,0.5520410812113284
62361,0.464750695165934
62362,0.4360053436620094
62363,0.3143739920267009
62364,0.3135560659730027
62365,0.4178383622573476
62366,0.38222620169644894
62367,0.4502804534035402
62368,0.33111732313312336
62369,0.5056380614594645
62370,0.4635477690979147
62371,0.3960023958008155
62372,0.3749742578447237
62373,0.5448447689855944
62374,0.45166362287501083
62375,0.42709202863137796
62376,0.43843578701842123
62377,0.4028586811711216
62378,0.3375784070102204
62379,0.38248008731089533
62380,0.555869382923692
62381,0.5110819790453457
62382,0.4262482507130714
62383,0.4020861521609712
62384,0.5328919393910722
62385,0.4782888984791792
62386,0.49886648518199056
62387,0.5738715632826357
62388,0.5365545387872784
62389,0.4963940257997996
62390,0.42878078858916513
62391,0.41285292241141486
62392,0.5244702391394122
62393,0.5704988332237284
62394,0.49289445672971055
62395,0.4253204863750298
62396,0.5209065968861738
62397,0.4325468278130483
62398,0.3733695496903984
62399,0.6177597278385606
62400,0.4447474882795217
62401,0.3883953063911567
62402,0.5552878468087974
62403,0.5524711109332273
62404,0.35039099976743354
62405,0.3221632765627315
62406,0.5344645138627595
62407,0.3190461308159502
62408,0.47561874080348376
62409,0.49129491485223087
62410,0.4806400502663656
62411,0.5969742625528223
62412,0.6353981587333979
62413,0.4591715241261076
62414,0.5239857247510946
62415,0.4596977606795169
62416,0.3785022178441717
62417,0.6292806717823586
62418,0.4913028210306368
62419,0.5599432565838296
62420,0.44135730857481903
62421,0.44021852328753996
62422,0.4802460816943923
62423,0.526261651802969
62424,0.3704532933696276
62425,0.4304763686846702
62426,0.42532185752944035
62427,0.5169424274415625
62428,0.3974301610040196
62429,0.4425992546930429
62430,0.3548476752441352
62431,0.43204134897983193
62432,0.3638727922470746
62433,0.46723841877744876
62434,0.33708316622263995
62435,0.4088089639833115
62436,0.39594625852031673
62437,0.5158605440872884
62438,0.500149324484233
62439,0.4811257640321099
62440,0.42815811392837
62441,0.5134634913683457
62442,0.5166173023109359
62443,0.3850825194392886
62444,0.48711180550199307
62445,0.3737151987461091
62446,0.41977552450082023
62447,0.5977991341136136
62448,0.3598259077822443
62449,0.3543460983385367
62450,0.35326452178143636
62451,0.3168767885336955
62452,0.49191641563484856
62453,0.5028634794011116
62454,0.5707594916315946
62455,0.43806017481001414
62456,0.350198906082442
62457,0.5709081551295032
62458,0.35110119739005463
62459,0.5003826124186093
62460,0.45315012504095875
62461,0.4293230825987314
62462,0.4330208270610197
62463,0.4502046560296573
62464,0.4129384922165519
62465,0.44576312897069276
62466,0.4476517767365112
62467,0.4721894686127202
62468,0.3299254871700139
62469,0.49147660715854735
62470,0.3889171769747468
62471,0.48016236379640337
62472,0.5421685822720972
62473,0.4689198515923625
62474,0.44926822929495686
62475,0.2903609846389871
62476,0.4607992164923813
62477,0.38285525296407025
62478,0.49381856043439076
62479,0.5809085278375823
62480,0.35170379652602923
62481,0.3141730129555451
62482,0.6304012118617515
62483,0.5514243410851342
62484,0.37054243857640906
62485,0.32406743234503693
62486,0.44811608276907877
62487,0.5172257541901388
62488,0.45166630348949205
62489,0.48035464406351314
62490,0.5405506549288756
62491,0.4297688973702409
62492,0.3379318536790805
62493,0.4285483376875582
62494,0.4609441738042816
62495,0.3365993906947722
62496,0.33468700617774544
62497,0.41394736497238666
62498,0.3828562645945084
62499,0.5057366791199274
62500,0.46473396023084945
62501,0.4407704296456374
62502,0.5320085437834506
62503,0.5131663354123073
62504,0.3869407249887071
62505,0.43041825800697825
62506,0.32056021200429047
62507,0.5153274858653379
62508,0.389588082892408
62509,0.3435869599218924
62510,0.31761538129241496
62511,0.4976585926782114
62512,0.4488156425421034
62513,0.33118519905486293
62514,0.3600435684081948
62515,0.36748032384071116
62516,0.3226179702005159
62517,0.34383661423397505
62518,0.57724700757096
62519,0.3341878060830922
62520,0.3742376328463576
62521,0.6008708068166186
62522,0.45682818041512674
62523,0.538702701070417
62524,0.39503965318886997
62525,0.48821234049619255
62526,0.34814485222560904
62527,0.4316801392138686
62528,0.31331173956702996
62529,0.30895535234129246
62530,0.35237426423832185
62531,0.491821066791149
62532,0.49838623875828986
62533,0.3913922897006581
62534,0.39528609525114106
62535,0.44204132071952396
62536,0.4234598747402489
62537,0.4256123305563876
62538,0.5983323394503761
62539,0.5066937908500996
62540,0.4446155180026485
62541,0.42286735799662345
62542,0.5792527153818179
62543,0.4233658055266906
62544,0.5517189494837096
62545,0.34730898324944337
62546,0.3573791875457678
62547,0.43296682670812636
62548,0.43330655011111974
62549,0.6027198451724209
62550,0.5858210527928268
62551,0.46543446761276164
62552,0.566749092686856
62553,0.5130686128239955
62554,0.5279476149129001
62555,0.5388780679702252
62556,0.5453912255451044
62557,0.344740717447922
62558,0.510887384735921
62559,0.34553802146689755
62560,0.534429206875513
62561,0.48051509029320677
62562,0.4287588064120736
62563,0.5197071808568318
62564,0.5225561089897982
62565,0.5258576256807205
62566,0.5036984514696136
62567,0.5440878504214207
62568,0.46218587964512964
62569,0.4564093284521614
62570,0.4959322679356236
62571,0.5014089790952729
62572,0.54512346402401
62573,0.45563961425712546
62574,0.46036867471852183
62575,0.3366417320455856
62576,0.508438194546838
62577,0.474373080430293
62578,0.517051972336841
62579,0.48004894328242254
62580,0.47534169786897407
62581,0.5959208760862243
62582,0.5775072809752188
62583,0.4241059980155241
62584,0.5306929405586203
62585,0.484335401602621
62586,0.44522869460474745
62587,0.3979153964702855
62588,0.38019741896894266
62589,0.484771539119496
62590,0.5521804324027358
62591,0.516527990878125
62592,0.4378314459721271
62593,0.43813330438044706
62594,0.47740383198513137
62595,0.2996601748484907
62596,0.4367648100968231
62597,0.44925339454687274
62598,0.38697964126239554
62599,0.5954079556630512
62600,0.46425644544902606
62601,0.35525212844661513
62602,0.42388181384952706
62603,0.41333940470076763
62604,0.3471656252008557
62605,0.5392268326202057
62606,0.3254433688830081
62607,0.4220432667640488
62608,0.5911777990959192
62609,0.3976408692104574
62610,0.4254817823322735
62611,0.373613917400176
62612,0.44081821042551717
62613,0.45138711493791484
62614,0.3282395415035834
62615,0.38767147624205966
62616,0.4397770409869115
62617,0.3218982565277906
62618,0.429714630376934
62619,0.3274960225049883
62620,0.5094123507407959
62621,0.5371101115028171
62622,0.4549348281276351
62623,0.5014673173048613
62624,0.4173023962347521
62625,0.3596732751274226
62626,0.45628487441996224
62627,0.5799756198600485
62628,0.4208932769581537
62629,0.4521283245752981
62630,0.3171277459468109
62631,0.4409588562398629
62632,0.496741603893174
62633,0.49173636953258526
62634,0.5600766210129348
62635,0.3353036006311026
62636,0.5489536456085776
62637,0.5778388436044759
62638,0.5361199976801244
62639,0.3495511637693441
62640,0.5863447170635037
62641,0.469409603780119
62642,0.5520887802825704
62643,0.37645434524091165
62644,0.492427881364644
62645,0.31804668248402396
62646,0.29585829734725055
62647,0.40427936665836856
62648,0.3275384292874971
62649,0.3488076474065447
62650,0.42218354978845485
62651,0.4879253531656139
62652,0.463588063826094
62653,0.44809223441974894
62654,0.4982194024910611
62655,0.49007866069182504
62656,0.5650005302404264
62657,0.5383167558124875
62658,0.42727510299639165
62659,0.48923913236085226
62660,0.3825634746220961
62661,0.6366232911378038
62662,0.46577607618808364
62663,0.3513544736035189
62664,0.5637240423745595
62665,0.45173723203948546
62666,0.48762604195356674
62667,0.5232603368287897
62668,0.35810311111486615
62669,0.5051140847877463
62670,0.36200634569728973
62671,0.41650975872514573
62672,0.45863758904692253
62673,0.40524589918539383
62674,0.5811256421997808
62675,0.49482079312189636
62676,0.4815851281045021
62677,0.33943139497541375
62678,0.5366290432526825
62679,0.4858367441476168
62680,0.36991372285599483
62681,0.36187996944049317
62682,0.3358442938244951
62683,0.4355330658122882
62684,0.5568593564059137
62685,0.44026862330389727
62686,0.39471892268567416
62687,0.45586914815151325
62688,0.5220886987500423
62689,0.4961638952536995
62690,0.35362297748738825
62691,0.4637458910881399
62692,0.48118773195309833
62693,0.4223591457818363
62694,0.5433131868970718
62695,0.4664122815313158
62696,0.5593116539238923
62697,0.527842822688851
62698,0.46772314412944377
62699,0.5642456943024354
62700,0.29154098554878755
62701,0.5294733937660797
62702,0.5042847147230458
62703,0.5683798639442923
62704,0.5147322464514188
62705,0.4406313318825644
62706,0.41535845091399
62707,0.5797292475907471
62708,0.603433293187837
62709,0.49598990886990124
62710,0.5066811644710544
62711,0.5427602525516972
62712,0.5515401941931606
62713,0.41463777144887104
62714,0.4786116083129112
62715,0.4778570486843886
62716,0.29595429623650754
62717,0.5254648064838461
62718,0.5060955431776778
62719,0.44518965120680576
62720,0.5915723782794021
62721,0.47252336116994276
62722,0.44161986767587846
62723,0.4707645932895521
62724,0.5076312392175595
62725,0.44450258429532385
62726,0.35629809312129285
62727,0.3510923615731272
62728,0.5239027096036827
62729,0.3926107009715026
62730,0.32631389618316786
62731,0.49586020286456367
62732,0.42319593566201985
62733,0.3947974099566856
62734,0.583680411999966
62735,0.4726023095857855
62736,0.3337717454273515
62737,0.6027925064369453
62738,0.4698206494946513
62739,0.47618192112691193
62740,0.4789791093568964
62741,0.4343028704909444
62742,0.6023421543325664
62743,0.3512626078158475
62744,0.6146688724692215
62745,0.5221721325431105
62746,0.5047646573851449
62747,0.3673586862002725
62748,0.32501635134785123
62749,0.601149230752065
62750,0.41334598418001395
62751,0.5348024616122125
62752,0.33671026913204505
62753,0.4672077718419684
62754,0.45355687552718704
62755,0.5486081333070589
62756,0.41985049760741117
62757,0.3193072502815303
62758,0.5080913542001564
62759,0.47515763915414344
62760,0.5519997848759207
62761,0.6181343251546709
62762,0.508801061651376
62763,0.5889095933966554
62764,0.48496760735892774
62765,0.34132506524169837
62766,0.44469309596665535
62767,0.44255723729184576
62768,0.4757135254327146
62769,0.41509046398313265
62770,0.45978202733875984
62771,0.41040724723592975
62772,0.3400372359596507
62773,0.4489604091872621
62774,0.37398964915311944
62775,0.5853656790592412
62776,0.5443940253839947
62777,0.5394175253957101
62778,0.31862113458274927
62779,0.48624836567276064
62780,0.3340854059832134
62781,0.5050658113981777
62782,0.4783161714960737
62783,0.3352893487864657
62784,0.5761530494238036
62785,0.5109002507832646
62786,0.500199263405856
62787,0.496080258497019
62788,0.40397977331399826
62789,0.3918232573695065
62790,0.44103046888695896
62791,0.515602364373917
62792,0.4238858831871989
62793,0.45822908988306243
62794,0.5378937641911262
62795,0.3632205168914695
62796,0.47790061755641355
62797,0.34624797876886715
62798,0.47230648203788894
62799,0.350985439443947
62800,0.50918981114832
62801,0.5354693582971399
62802,0.552606387603396
62803,0.45943686704931896
62804,0.34727991471220504
62805,0.3322222956896011
62806,0.40186503775290133
62807,0.4752599302045851
62808,0.5621786154111115
62809,0.4768879742363461
62810,0.48540442776449244
62811,0.47180696128361077
62812,0.5368287160533772
62813,0.4789040928391172
62814,0.44001622123931444
62815,0.381851365626115
62816,0.41607053680940964
62817,0.5361908834609823
62818,0.4678058539459427
62819,0.4592882487501437
62820,0.479832582734057
62821,0.30705126451551934
62822,0.47467768994643905
62823,0.4340657873321669
62824,0.3761002206786977
62825,0.5660243612039164
62826,0.467897913437149
62827,0.5077755811567796
62828,0.4857777929678983
62829,0.4018814871946548
62830,0.48311299072572905
62831,0.3668701068765441
62832,0.5841706154360713
62833,0.32916612076979646
62834,0.46189746557724487
62835,0.5297456547481966
62836,0.48361033380876384
62837,0.4640423315703148
62838,0.32976460647575007
62839,0.4900796712303217
62840,0.31928618703506834
62841,0.2966647623373829
62842,0.3774402348914229
62843,0.5088477259038233
62844,0.4642939685566126
62845,0.5468032025994815
62846,0.41966844636339956
62847,0.4702906663362594
62848,0.46232402630447794
62849,0.4348420554502742
62850,0.46899967761164524
62851,0.5634479130049362
62852,0.43568907391669953
62853,0.5158687263370765
62854,0.49751451195633334
62855,0.49536784886006674
62856,0.4938874434487304
62857,0.5100938530863907
62858,0.6114817596858332
62859,0.5269276822703304
62860,0.48373860784696016
62861,0.439124622560447
62862,0.43809734315876514
62863,0.5084609537205398
62864,0.5815251143924267
62865,0.5241263648212475
62866,0.5429961230149566
62867,0.36091510008393807
62868,0.3878718994799004
62869,0.42935447866517484
62870,0.5069295281542783
62871,0.41377147642176515
62872,0.3586669500238503
62873,0.5282054376605466
62874,0.32172624482991646
62875,0.5204198280641336
62876,0.46544300134851335
62877,0.3168306675473269
62878,0.3188101086480044
62879,0.5181681946991412
62880,0.5786557712726468
62881,0.4844442412656107
62882,0.4735477083429761
62883,0.49388664405775085
62884,0.3735263247197859
62885,0.36326207043300435
62886,0.4742112786880544
62887,0.4482791201682734
62888,0.3460142200458846
62889,0.3380419403199439
62890,0.34510142212348777
62891,0.41858696020886443
62892,0.32737868373995327
62893,0.4709839249203205
62894,0.46088933375382984
62895,0.3346509828786918
62896,0.35983722877811414
62897,0.4152571334897578
62898,0.5613307694814811
62899,0.45449695566891557
62900,0.587846601947154
62901,0.6186973587070294
62902,0.47317263837350526
62903,0.5885039304008801
62904,0.4272698812696832
62905,0.402607289701551
62906,0.4366668207341478
62907,0.5728810209872672
62908,0.5363312696613314
62909,0.3242272045140994
62910,0.3514702231606565
62911,0.34516198072599863
62912,0.5639506304312962
62913,0.49970923906589515
62914,0.5079928612082435
62915,0.48070956045080904
62916,0.5279632372470183
62917,0.3203799625717693
62918,0.3584914659348241
62919,0.5054513260438427
62920,0.28691960857893367
62921,0.44505956949093584
62922,0.4584289799044541
62923,0.4843480416771236
62924,0.5346605145500967
62925,0.4960749117287174
62926,0.48773829264181157
62927,0.4353931905968378
62928,0.516504807223424
62929,0.45474037808451034
62930,0.3328648889758501
62931,0.35432944290935353
62932,0.48764310194490923
62933,0.43362127717638843
62934,0.47326590053570655
62935,0.4656977733011068
62936,0.5495401808274841
62937,0.4842865743943113
62938,0.4903930525895793
62939,0.42621534102706543
62940,0.5401543027184377
62941,0.49042448804964467
62942,0.542642109480544
62943,0.32434020462287744
62944,0.3916587343042759
62945,0.5503628997669808
62946,0.37783375581525236
62947,0.5014222461584309
62948,0.386627755886143
62949,0.4630449661202624
62950,0.4819009587333805
62951,0.5401997637495073
62952,0.4796005560065095
62953,0.42845362834319417
62954,0.41984421007046413
62955,0.4279263704007674
62956,0.5727750316590283
62957,0.4883122438644162
62958,0.3515967883361234
62959,0.3676295475976057
62960,0.3420582295764349
62961,0.5487398924575054
62962,0.47039125710025254
62963,0.5590506741203838
62964,0.3341005129926956
62965,0.4280246088821237
62966,0.4201991507244291
62967,0.582905509344615
62968,0.44258022484155723
62969,0.3610786773982642
62970,0.48707308342930866
62971,0.4435331121606647
62972,0.46635338422511374
62973,0.3633633772396039
62974,0.32921770808422274
62975,0.42066125340007193
62976,0.44173495824729603
62977,0.5344461770728118
62978,0.6063834232082691
62979,0.29152140580167785
62980,0.458312294534608
62981,0.5002528885274451
62982,0.5739995987807982
62983,0.515547217079562
62984,0.4434548730750006
62985,0.4040017736180066
62986,0.5701660545850668
62987,0.604100242465001
62988,0.49410530759956256
62989,0.4481814888004618
62990,0.5669652763724072
62991,0.37183497328019843
62992,0.4195032879675471
62993,0.32468455452116396
62994,0.4252852828739142
62995,0.4496174063619781
62996,0.30204539964433297
62997,0.4907889219203716
62998,0.429896176905714
62999,0.4601638092016093
63000,0.4506272586489772
63001,0.5543521316592084
63002,0.49080603891917074
63003,0.5249835260325479
63004,0.4705232154716339
63005,0.34569687450032166
63006,0.35809468366220354
63007,0.3457685875795546
63008,0.5116677020514784
63009,0.5445550016993415
63010,0.41657802042289716
63011,0.37963435440317356
63012,0.5172456566641402
63013,0.4806655970136816
63014,0.4170540515468701
63015,0.3767348737530797
63016,0.42113766425464355
63017,0.33863051423620116
63018,0.5262330496429635
63019,0.5880749670911314
63020,0.5065150176938895
63021,0.5476457301627359
63022,0.49340614953253537
63023,0.5233710027482068
63024,0.5162466421649862
63025,0.3347952014329061
63026,0.40471716417757747
63027,0.537246539139613
63028,0.4596212726942108
63029,0.5104627386348317
63030,0.4244170725767858
63031,0.32220235874084857
63032,0.5172295426861878
63033,0.5534686359848057
63034,0.5865678209676509
63035,0.48333089163964726
63036,0.391442385298861
63037,0.41907298864191833
63038,0.314824623318973
63039,0.482244423220352
63040,0.47991164680120113
63041,0.5617574865562497
63042,0.41111666973496985
63043,0.3899432270482971
63044,0.4816692047673997
63045,0.49131198573575774
63046,0.3932145560935064
63047,0.4629021672949982
63048,0.6108752383338589
63049,0.49631905080423855
63050,0.4302040361574323
63051,0.3433904518082184
63052,0.4281215073216291
63053,0.45615856096030716
63054,0.3079049492237612
63055,0.44165502004277296
63056,0.6120658249974449
63057,0.48048592901372117
63058,0.5491697533973707
63059,0.5009714190084319
63060,0.3976762171212775
63061,0.5997026346929211
63062,0.5028007810561846
63063,0.447119096856353
63064,0.5047294200322477
63065,0.47438582289623377
63066,0.46145323440014885
63067,0.5837823911561749
63068,0.47022723995776505
63069,0.4508255702707181
63070,0.5429624277514988
63071,0.3192816582778381
63072,0.3515232103987107
63073,0.3105932055027105
63074,0.34232853606840036
63075,0.577386107807681
63076,0.6048519485214569
63077,0.5790770999793993
63078,0.360136114867147
63079,0.43754886755441186
63080,0.441514272288877
63081,0.4918397380919363
63082,0.6017178188376436
63083,0.39373735419997624
63084,0.5414415942963592
63085,0.5810392670404986
63086,0.5270473241233524
63087,0.3588085412181176
63088,0.5539834606902736
63089,0.5791149042631489
63090,0.3226049883833944
63091,0.47123958805500177
63092,0.35448499319855387
63093,0.5032283664715338
63094,0.43782778468712097
63095,0.33274721681390357
63096,0.46128624990545786
63097,0.38670787977258175
63098,0.4317492464578125
63099,0.4349911948993602
63100,0.4607641750971423
63101,0.5831111147648966
63102,0.3438103616751549
63103,0.31735625878896756
63104,0.3228992649479153
63105,0.5652763026245382
63106,0.5195180470430112
63107,0.4206669561645762
63108,0.3061286730831642
63109,0.47767090166348625
63110,0.4533447022882156
63111,0.5302648155631441
63112,0.4250962238086597
63113,0.46657467403300895
63114,0.567280550363952
63115,0.5833205461653539
63116,0.5672521454380087
63117,0.3612648544397152
63118,0.5604482348386396
63119,0.610232512482844
63120,0.35901379087823343
63121,0.3415664468705445
63122,0.5380249264033936
63123,0.40037080242483336
63124,0.37770786847582766
63125,0.35654816933322253
63126,0.5306047055833192
63127,0.3168610706791933
63128,0.46945143995111355
63129,0.3311116762152061
63130,0.5392173187490412
63131,0.41317379937530296
63132,0.4184030694803751
63133,0.5305383568429679
63134,0.42690003960422596
63135,0.45039337825675524
63136,0.45616428666216857
63137,0.4946137631805113
63138,0.5326948615255648
63139,0.5290367841638329
63140,0.4678159580162739
63141,0.36949126339949867
63142,0.3455562247423221
63143,0.3505811892164737
63144,0.45043963128037884
63145,0.5764319995835279
63146,0.3592995096786258
63147,0.4178990722244531
63148,0.515033517084307
63149,0.5067951745017044
63150,0.5082336010832108
63151,0.5143038108395971
63152,0.49495279500071837
63153,0.5002634920500467
63154,0.5079414022986262
63155,0.49380896806641084
63156,0.37029313040259254
63157,0.37032193582982054
63158,0.47878703749941265
63159,0.5039524965251014
63160,0.5060283300154517
63161,0.49346905148460907
63162,0.4798193804859753
63163,0.4973730374406711
63164,0.48568747548158625
63165,0.5090576605977433
63166,0.5037678305179499
63167,0.49222862007908197
63168,0.4829183648128572
63169,0.4977759130442289
63170,0.49840885994226203
63171,0.49297172062891925
63172,0.48528123261102274
63173,0.500186924831293
63174,0.4789924450527581
63175,0.5048367705293257
63176,0.5111340280620014
63177,0.5019566612830647
63178,0.5043847522071403
63179,0.5269718034019096
63180,0.495313248828538
63181,0.4735632276097054
63182,0.5156055784304782
63183,0.45466729247670157
63184,0.49028821955858287
63185,0.5065224152373877
63186,0.4989321466011413
63187,0.4764767482691936
63188,0.5020999215309452
63189,0.49590037478111537
63190,0.4884822916902504
63191,0.48887356096802714
63192,0.5011267410603335
63193,0.4794525787270172
63194,0.48075992521967126
63195,0.47520488536794386
63196,0.547123115374954
63197,0.5046548985225522
63198,0.49877286558310846
63199,0.49835865516396116
63200,0.4862166880767048
63201,0.4777488158253299
63202,0.5021651072118969
63203,0.4809491962156408
63204,0.510373019837654
63205,0.4988627592992816
63206,0.5138389928890733
63207,0.5152701157576574
63208,0.5024035726650794
63209,0.510019443977439
63210,0.5093305394917358
63211,0.4847144184796325
63212,0.5033243418885441
63213,0.5051342475168352
63214,0.49986567627802536
63215,0.49947741591584177
63216,0.4897858451649417
63217,0.47873251698185804
63218,0.46892502184658075
63219,0.488686632191662
63220,0.5021708754006151
63221,0.5209851727724564
63222,0.47316232555261634
63223,0.5082492814145255
63224,0.47548753954810175
63225,0.5074578525222392
63226,0.4964393049052973
63227,0.5038258334232226
63228,0.4587168267307801
63229,0.5192186910162588
63230,0.5324562730852141
63231,0.48018132839115346
63232,0.47733582429657506
63233,0.47539682124081395
63234,0.501303921135086
63235,0.5029771905714192
63236,0.49407030414602315
63237,0.4704730033978233
63238,0.5080933027054038
63239,0.5311186467276081
63240,0.5220429760119591
63241,0.5513214712196594
63242,0.5057342671260564
63243,0.4678873649839499
63244,0.4919778052426959
63245,0.46708351668804193
63246,0.46915895314810685
63247,0.4819457903486828
63248,0.5071779487917977
63249,0.48335361031738244
63250,0.5099584522310023
63251,0.48464405121810167
63252,0.4891764259871826
63253,0.5081601474747649
63254,0.554732938474818
63255,0.4710546803786732
63256,0.4937760307521558
63257,0.35594945393906263
63258,0.5017654243544939
63259,0.552516490325847
63260,0.5098858222234434
63261,0.5600127292486428
63262,0.5026287618125738
63263,0.49114975993137355
63264,0.4998223446980203
63265,0.4869891857652249
63266,0.5028596096407633
63267,0.3795352812918553
63268,0.5069180898621761
63269,0.49068205925318087
63270,0.5268149614228528
63271,0.5013575855685813
63272,0.4787496442052045
63273,0.5121741353304486
63274,0.5105476463950693
63275,0.3492558542021342
63276,0.5154716956467345
63277,0.5068576752512677
63278,0.5016221930346723
63279,0.5006611219644733
63280,0.4808501998415148
63281,0.48513138395610167
63282,0.4790428386648281
63283,0.3732213843088986
63284,0.476580370362986
63285,0.5061161805286817
63286,0.48572642912234376
63287,0.5143436652259669
63288,0.49441443504144045
63289,0.5165866269131699
63290,0.49588701183503847
63291,0.4712978526509874
63292,0.5069713636349008
63293,0.4893846022257513
63294,0.4848372501458009
63295,0.4859742139999839
63296,0.3337521478130555
63297,0.47220906697224313
63298,0.35421199063877895
63299,0.4797122780282467
63300,0.4875974139000001
63301,0.4867310651917036
63302,0.5079380510869982
63303,0.5173562377275704
63304,0.4651236514739844
63305,0.48181594056511656
63306,0.4672973189611575
63307,0.48892008561584205
63308,0.5046919574961103
63309,0.48809477331832357
63310,0.487059924969392
63311,0.4563895239175984
63312,0.5013301283067383
63313,0.47363995061296454
63314,0.4902674189734254
63315,0.4934315682555414
63316,0.4937435376387571
63317,0.47157238311142224
63318,0.4744833015191583
63319,0.4645638546898642
63320,0.48821032819890886
63321,0.5536046109460568
63322,0.514613260038161
63323,0.483940479226219
63324,0.48319619545376447
63325,0.49034458557632316
63326,0.3616080855476205
63327,0.4923628470202669
63328,0.5007472051541836
63329,0.46426591769540543
63330,0.4906402155900939
63331,0.4904506627203089
63332,0.5140828417933879
63333,0.49069227798031995
63334,0.4995402830336929
63335,0.49479798250813384
63336,0.4933917115011972
63337,0.4992966447907769
63338,0.48853647139604556
63339,0.3721469414785544
63340,0.4895446145986405
63341,0.49920201056884816
63342,0.5119512186626983
63343,0.49944579938739275
63344,0.4852900178877422
63345,0.4854738451782724
63346,0.4996542450955356
63347,0.5040117629098023
63348,0.4759658617866367
63349,0.48160366440260677
63350,0.3666535109595325
63351,0.4900383930862935
63352,0.4931231814193503
63353,0.49258438097994706
63354,0.4641054460829813
63355,0.5637916743059641
63356,0.5117901346732412
63357,0.5200513515992788
63358,0.4726577736911318
63359,0.5088767450226492
63360,0.5066683980688078
63361,0.3419176971532766
63362,0.5373852035311019
63363,0.46013455097400735
63364,0.5068694139769654
63365,0.5216956340044343
63366,0.4898467871075174
63367,0.5072987493460567
63368,0.3574976837552758
63369,0.517149183218088
63370,0.5189363231582981
63371,0.4865790481902629
63372,0.48172514425431895
63373,0.5020490972541787
63374,0.5009027665763426
63375,0.48182481094296487
63376,0.4873849960246756
63377,0.4808450498560629
63378,0.4960491148885833
63379,0.4711333059407131
63380,0.5106872448075159
63381,0.5039977461505862
63382,0.5114170006987405
63383,0.3708674456629858
63384,0.5202929192622459
63385,0.4820581456287038
63386,0.48456376173263105
63387,0.5218527216229258
63388,0.4833876896263091
63389,0.494528016411972
63390,0.4874244231982032
63391,0.5201077005475326
63392,0.5080566265893547
63393,0.5055326746909394
63394,0.49840702554529076
63395,0.4937419523818691
63396,0.4844656348717431
63397,0.49794654726725834
63398,0.4968280424682268
63399,0.5099419995775704
63400,0.5127354455027967
63401,0.46294409130883996
63402,0.47667606470159996
63403,0.47330355828874815
63404,0.4912186296569544
63405,0.49545946230063165
63406,0.5021020794857869
63407,0.45834779651902413
63408,0.49835617623937284
63409,0.49423897800482997
63410,0.5202169846283796
63411,0.4804771018038039
63412,0.5135370316603712
63413,0.47373704836245867
63414,0.49623377300561267
63415,0.49857022961020026
63416,0.46227030672015346
63417,0.500908399792013
63418,0.37384889134408533
63419,0.497775595117551
63420,0.5166432283805568
63421,0.4874192577535369
63422,0.5098995519003217
63423,0.48397810211585046
63424,0.5013380808234569
63425,0.5061865021121617
63426,0.48981727026573485
63427,0.4963134565554558
63428,0.5062693797490239
63429,0.5156251219567075
63430,0.474187643980063
63431,0.49922090301447386
63432,0.47480177106509824
63433,0.4948866952880507
63434,0.4894268944353557
63435,0.48587813327588014
63436,0.503269199074292
63437,0.4994748445904146
63438,0.5024608210801176
63439,0.49944353543700293
63440,0.4875553035920619
63441,0.4862372772723731
63442,0.48447758239746136
63443,0.5012470442423822
63444,0.5017043154911937
63445,0.5101073136300915
63446,0.49697198608766463
63447,0.5398468636972213
63448,0.48492208371466566
63449,0.502443553749818
63450,0.49846586392851466
63451,0.5314913763292205
63452,0.5574232076823074
63453,0.5617952650967933
63454,0.4905518499732153
63455,0.4981847602090287
63456,0.4849520808212684
63457,0.5095446873037828
63458,0.49706300976518003
63459,0.5142371846846673
63460,0.49715829957392943
63461,0.5324132206821827
63462,0.5022166662267683
63463,0.48981320995525524
63464,0.5060717055238811
63465,0.500416506277872
63466,0.50202412893434
63467,0.5684432314642898
63468,0.5051373404994192
63469,0.5161373437753282
63470,0.4878872025725425
63471,0.49327260363258396
63472,0.48801156217026365
63473,0.5089512463313897
63474,0.35310438952471007
63475,0.48341888312923254
63476,0.4798461843853975
63477,0.45486473782662656
63478,0.5046361706962293
63479,0.49181205718903775
63480,0.37095450139789765
63481,0.49840384946057265
63482,0.5070790160246906
63483,0.48647201951343577
63484,0.4984306461902385
63485,0.4863792919055077
63486,0.4992367148152771
63487,0.4920570847223218
63488,0.5176325696959764
63489,0.5042874276652118
63490,0.5076982769563252
63491,0.5063030789078966
63492,0.4830515162129281
63493,0.4939072326540618
63494,0.49864431517281044
63495,0.5027461316332579
63496,0.5001179652890464
63497,0.48566123617688006
63498,0.3681923341450096
63499,0.49605513426572634
63500,0.4931317145019048
63501,0.5715614058200514
63502,0.5209048966331287
63503,0.48138947037709273
63504,0.517810074000258
63505,0.5112725270195111
63506,0.5025419661377553
63507,0.4922160918613408
63508,0.5050521136418402
63509,0.508562342136878
63510,0.5001214269937032
63511,0.479864132769786
63512,0.4856418787669148
63513,0.4598728859433046
63514,0.4957304945808113
63515,0.4938051899659712
63516,0.4939029124176636
63517,0.5085528613053516
63518,0.5284062123157837
63519,0.46131485396671346
63520,0.49020066579448685
63521,0.4699732985597696
63522,0.4942410287594028
63523,0.4985327506392926
63524,0.5118173364810991
63525,0.5095571253319824
63526,0.481955195941528
63527,0.5036769593833506
63528,0.4871492492450857
63529,0.5166962186217515
63530,0.5466647877371841
63531,0.5120379168836892
63532,0.48331843762729815
63533,0.5002934504558969
63534,0.5069705085271105
63535,0.5030405752375128
63536,0.43174090146792304
63537,0.48663169333601963
63538,0.48517050486686086
63539,0.4890552923970646
63540,0.47905926937833254
63541,0.5000386228536794
63542,0.48772079968387944
63543,0.4840921209243418
63544,0.5165577479647909
63545,0.4873421662333004
63546,0.5127247864145162
63547,0.49806400016970787
63548,0.4992150630776167
63549,0.4981517486565879
63550,0.4955718288964691
63551,0.4999597521381954
63552,0.48909734441811076
63553,0.4940543307016757
63554,0.4630913503086506
63555,0.5158961605039606
63556,0.5001107516783423
63557,0.4961368902269646
63558,0.49304561358757426
63559,0.5773803250792032
63560,0.49582522469586743
63561,0.4639617170798911
63562,0.5102207331738422
63563,0.4961318075510733
63564,0.3725910929156283
63565,0.49532482402381317
63566,0.5155734000612331
63567,0.5030140429211957
63568,0.49212965071480125
63569,0.4859685082771794
63570,0.5006211405675882
63571,0.48861859507409117
63572,0.5033921073585932
63573,0.4513283617590371
63574,0.5719970854335725
63575,0.49685115844179506
63576,0.48429003346651617
63577,0.4992115552242029
63578,0.4948802674573255
63579,0.48217021620176176
63580,0.47564067266262094
63581,0.5138193078678371
63582,0.4573413368785681
63583,0.5113827497489677
63584,0.5065630159849188
63585,0.3407121006829712
63586,0.49002812411011487
63587,0.5277030954381424
63588,0.5033223084330062
63589,0.3505575264204549
63590,0.5029672985079193
63591,0.5134625226038977
63592,0.4912648388647167
63593,0.5769556708403846
63594,0.47609621239154565
63595,0.5266666402332878
63596,0.48552408791699553
63597,0.47916739338691994
63598,0.5055380482768028
63599,0.5042639697343198
63600,0.49712263221188163
63601,0.5158112010683552
63602,0.4740119522595344
63603,0.4850959747803595
63604,0.4867846895952522
63605,0.46529923983045257
63606,0.49845153473746046
63607,0.4844467935604904
63608,0.4934402549966136
63609,0.482736543105476
63610,0.4897311730886502
63611,0.48674945271363773
63612,0.3593093535119949
63613,0.5739357711302742
63614,0.5021137414562195
63615,0.4679180507559073
63616,0.5189787997151901
63617,0.483079585117652
63618,0.34935371398319237
63619,0.5091811490427912
63620,0.5071349406517762
63621,0.5176992477594317
63622,0.5163523198116738
63623,0.48191951123167187
63624,0.5104442760849786
63625,0.5159376646412914
63626,0.5123463085672904
63627,0.49693154745119616
63628,0.5138215204892478
63629,0.4926803567331965
63630,0.3276786606845583
63631,0.4966596638025931
63632,0.48451124479417196
63633,0.49971120329669727
63634,0.4771786627753726
63635,0.4813387351445807
63636,0.3790231019491441
63637,0.5162228730795971
63638,0.3574599887837578
63639,0.4912855013424733
63640,0.4991116952539756
63641,0.5051413318253318
63642,0.34054235305417013
63643,0.3767966133729687
63644,0.48548946611481214
63645,0.47788015359245706
63646,0.469034242235996
63647,0.5150445795683033
63648,0.49728158719998755
63649,0.48437123196242654
63650,0.4902340985601107
63651,0.5073247645627695
63652,0.5079233568011088
63653,0.4984656729510988
63654,0.5046310619441007
63655,0.4823822526345044
63656,0.5170719906867762
63657,0.5175223178356684
63658,0.48142463128694
63659,0.4922278735427129
63660,0.49879914644404816
63661,0.47559336853224693
63662,0.4743371163190747
63663,0.503676711176534
63664,0.3579767977274325
63665,0.44973453817584186
63666,0.47775972008507733
63667,0.4899964782857133
63668,0.49616556575506937
63669,0.5056672561725736
63670,0.4999460930012722
63671,0.5157425789640571
63672,0.4680368968079641
63673,0.47155132691358237
63674,0.5008565891811896
63675,0.36818260325729
63676,0.4905926793457732
63677,0.49483923199702295
63678,0.48715007859627457
63679,0.48643403203319013
63680,0.35050643576104706
63681,0.511095209452135
63682,0.5388170940963978
63683,0.5170609207922606
63684,0.3515025513718836
63685,0.5098488240051671
63686,0.49221940445126444
63687,0.492288815899506
63688,0.5010167088126658
63689,0.4927561184320579
63690,0.478990926037439
63691,0.48174613062007976
63692,0.49264771514757916
63693,0.5216723833064213
63694,0.3889902290547722
63695,0.5125901833472282
63696,0.5167359178577794
63697,0.488473008599451
63698,0.5061173427605397
63699,0.4897474898054177
63700,0.48657599488107406
63701,0.5010412920906784
63702,0.5190302792902795
63703,0.4885041421832993
63704,0.5038789917449047
63705,0.338086463284736
63706,0.4930573022592142
63707,0.4800013374633942
63708,0.4686976700585344
63709,0.5180373643071063
63710,0.5369734430097789
63711,0.4825170131721196
63712,0.5182601857602136
63713,0.48660221037850415
63714,0.5029930128324719
63715,0.5102363891130224
63716,0.5002285674604131
63717,0.5118743656069911
63718,0.3655000777578012
63719,0.352815102367531
63720,0.49103781950031106
63721,0.4875424317482985
63722,0.47580074200646905
63723,0.5181443985560862
63724,0.4952609914831202
63725,0.468893782094457
63726,0.5011894172705238
63727,0.4797571183752546
63728,0.49460746044466397
63729,0.5049407686209145
63730,0.4745760064213986
63731,0.47656282114007675
63732,0.5236039198476807
63733,0.506219605499253
63734,0.49744802670358074
63735,0.5016970159345664
63736,0.4887961789048756
63737,0.4766687297934337
63738,0.5051349819699692
63739,0.518749886469676
63740,0.5712021507489038
63741,0.48293611877388626
63742,0.4789449964165011
63743,0.4862249328111515
63744,0.4584259588563241
63745,0.4948373030643872
63746,0.49141117765870473
63747,0.39568077151517167
63748,0.482253226800999
63749,0.49947068726301447
63750,0.5076863133583654
63751,0.4908960057490541
63752,0.5157335621467118
63753,0.4951432785166229
63754,0.48248361422419184
63755,0.4907565159109136
63756,0.5093804642415931
63757,0.40899667992264616
63758,0.4578712544751872
63759,0.4917121397416483
63760,0.5086319936879561
63761,0.515085619687494
63762,0.49914654356219046
63763,0.5088449631506996
63764,0.34381806737551945
63765,0.5260394785267473
63766,0.5102040219589422
63767,0.3679767754806791
63768,0.5039524490062244
63769,0.4887964268816727
63770,0.5213846382657297
63771,0.4952469517757176
63772,0.512181218167545
63773,0.4973627625725316
63774,0.5041845096814576
63775,0.3798416623954569
63776,0.4950589707129523
63777,0.4833772420213267
63778,0.5108423393036137
63779,0.5130282754970635
63780,0.5069742777366542
63781,0.4985442274756354
63782,0.49776375557978336
63783,0.483716696772557
63784,0.5005682051475097
63785,0.4967465611114238
63786,0.4912207638424799
63787,0.4971678691412039
63788,0.4987484616980099
63789,0.5102284332610798
63790,0.4822936811665494
63791,0.504180871156616
63792,0.5508138126413341
63793,0.4808632861889649
63794,0.5617741367052889
63795,0.4998494382214149
63796,0.46024587580948934
63797,0.47013821160295577
63798,0.4919238329104173
63799,0.5019912428311454
63800,0.49816871045643957
63801,0.48140366987601224
63802,0.4982697135710863
63803,0.48664912178503406
63804,0.4909167842170295
63805,0.49517570108930326
63806,0.5616087793901247
63807,0.49973464505714793
63808,0.5069262560768987
63809,0.4794727385275076
63810,0.5132697258502732
63811,0.5000990820666287
63812,0.3415254706702051
63813,0.35413841128031553
63814,0.4954096145312252
63815,0.49292636166267934
63816,0.5047399565913527
63817,0.5148761105065067
63818,0.4753691842476444
63819,0.4932939117191968
63820,0.5040997786692273
63821,0.4915250716178906
63822,0.48436718242817395
63823,0.5091715803281642
63824,0.4965156869207529
63825,0.479042699754755
63826,0.5245674422627997
63827,0.486509697075739
63828,0.501291754243447
63829,0.47664009276704683
63830,0.44276683108623505
63831,0.4731162122120899
63832,0.49304215160316955
63833,0.5020006626568053
63834,0.4977885377320389
63835,0.528298950282283
63836,0.4600272292149349
63837,0.5746406767959031
63838,0.48985564662373937
63839,0.48835938422978803
63840,0.5116298325087639
63841,0.4868534994255793
63842,0.4999504194833746
63843,0.488084987764289
63844,0.49070528736835517
63845,0.5023930426378362
63846,0.554153299128934
63847,0.4997430379362538
63848,0.3812032836382967
63849,0.48459474131205194
63850,0.5112890329365223
63851,0.49208144243188856
63852,0.4948120941813205
63853,0.5038427065164546
63854,0.5120299219775923
63855,0.5044917880587287
63856,0.4872792614067671
63857,0.5040926834655017
63858,0.4944356012838435
63859,0.4902020359514989
63860,0.5165124641574527
63861,0.48246658388187347
63862,0.4542775654449036
63863,0.4858088927010731
63864,0.4417735686125901
63865,0.5115696941977553
63866,0.47058046032868267
63867,0.48909318327211154
63868,0.4902407517506756
63869,0.508142557931427
63870,0.5027184198768935
63871,0.4900166742009622
63872,0.4760672019749189
63873,0.5104165954560261
63874,0.532716661075202
63875,0.49137351766089316
63876,0.49401221989635324
63877,0.49600801750240503
63878,0.5087485826866333
63879,0.47843217502804725
63880,0.48785140553898354
63881,0.4890935957583129
63882,0.4800638761648749
63883,0.48744093777073855
63884,0.4867368816070642
63885,0.4789252899576046
63886,0.5060051881582477
63887,0.49071761670552877
63888,0.5003244984120737
63889,0.49902427936174354
63890,0.5129091047000665
63891,0.4459584899677231
63892,0.4692864114344285
63893,0.35421204414824947
63894,0.4720308357830864
63895,0.5012198485324594
63896,0.3514854832127803
63897,0.5145979116107093
63898,0.4960509827531594
63899,0.501659741815564
63900,0.5180080905863814
63901,0.4971016788482223
63902,0.49971175342433427
63903,0.5052383489310037
63904,0.4951628449539191
63905,0.3701073377033124
63906,0.5109833238044593
63907,0.5327146574701862
63908,0.4990002162868714
63909,0.4876185774382379
63910,0.4925819743257893
63911,0.5202269845593703
63912,0.49606056528284437
63913,0.5589979472157183
63914,0.5197605311475966
63915,0.48978972481399413
63916,0.47760606468666644
63917,0.486030981962742
63918,0.5183428742871488
63919,0.5099785595661247
63920,0.5059097957730335
63921,0.491065509351153
63922,0.5583747592581085
63923,0.4907938796773546
63924,0.5639078203887468
63925,0.5039276669789936
63926,0.49731157607610965
63927,0.4855039074208241
63928,0.5024801946041599
63929,0.4934979250627449
63930,0.46048669930047725
63931,0.499575469910704
63932,0.5037108649625285
63933,0.5035638440273399
63934,0.49037249524516274
63935,0.5364890771826663
63936,0.5102553759741099
63937,0.48212058835612903
63938,0.5021627783110872
63939,0.453749059492445
63940,0.5607651147340068
63941,0.5311640272037399
63942,0.4718986235228168
63943,0.4861670573450365
63944,0.5074705403965928
63945,0.48676474024810645
63946,0.49381896334352976
63947,0.49811309442908686
63948,0.5050710796195448
63949,0.49320948124827996
63950,0.4950919999267367
63951,0.4989797298758828
63952,0.48336460627541095
63953,0.4674280419010515
63954,0.4917481467346276
63955,0.4980905011059841
63956,0.489256315825711
63957,0.4938405501650993
63958,0.48078290897667064
63959,0.4898174396500474
63960,0.5044421166604808
63961,0.5118753480689421
63962,0.49383522495613463
63963,0.49252456447569015
63964,0.5166859953783433
63965,0.5001237410104529
63966,0.5057421670380635
63967,0.35627185410468076
63968,0.5079882941154629
63969,0.45944439181804725
63970,0.5012987822403402
63971,0.5054205269226978
63972,0.5137031953531378
63973,0.5044175325444026
63974,0.47699053617914106
63975,0.4963941505011522
63976,0.4659673700326459
63977,0.4961398710836779
63978,0.5132326161239077
63979,0.47773284514591835
63980,0.36008903287243793
63981,0.5136478081368239
63982,0.493666766249842
63983,0.47673459992586903
63984,0.5194324228063678
63985,0.5017580464127726
63986,0.5144964902875819
63987,0.49971760387730474
63988,0.4894547425601532
63989,0.4626396131342332
63990,0.4737644231961503
63991,0.5413472250937894
63992,0.4973265012483313
63993,0.48887860326138244
63994,0.4978940718095346
63995,0.5173715950837909
63996,0.4798392696178243
63997,0.5081216475655567
63998,0.4819095668923866
63999,0.4827016592656914
64000,0.49603925079656075
64001,0.49600327307884495
64002,0.490350591658671
64003,0.5126755617046372
64004,0.4954097488663832
64005,0.4971082566937655
64006,0.3495624858613529
64007,0.5097862734156355
64008,0.4646453937349521
64009,0.5029739293220744
64010,0.5079010687425012
64011,0.4690322653142991
64012,0.5123565109933118
64013,0.48895496208894235
64014,0.46951986336143975
64015,0.5068764500084975
64016,0.4653236155945441
64017,0.49739194546890325
64018,0.5132566836841942
64019,0.5044276778922465
64020,0.4966198092689438
64021,0.4832741163055185
64022,0.4953599150993703
64023,0.523696083201931
64024,0.48288416616081864
64025,0.39312471462423754
64026,0.47163638239837424
64027,0.44444954723175234
64028,0.5721315374142985
64029,0.5053085456923172
64030,0.5372454358456351
64031,0.504884532146061
64032,0.5027848592845896
64033,0.5032932269522645
64034,0.44088566699490134
64035,0.4793173832881451
64036,0.49838554975290505
64037,0.4848898986465459
64038,0.5056082900015352
64039,0.5053092630004075
64040,0.4922232518336716
64041,0.4921631720140866
64042,0.35164397381198614
64043,0.48615244003267855
64044,0.48214255892487873
64045,0.5047483716190879
64046,0.4932579998456032
64047,0.4721792731881672
64048,0.4864903660942943
64049,0.4997823748797627
64050,0.4883332643070513
64051,0.4919806919820653
64052,0.5004229109389828
64053,0.4871541320201149
64054,0.5212974148471968
64055,0.53090527764154
64056,0.498564058480361
64057,0.49537707452156066
64058,0.49503350834385
64059,0.49099779644604913
64060,0.547592348442965
64061,0.4951664472969938
64062,0.4390055539125586
64063,0.4782853275381389
64064,0.49644222246318875
64065,0.4870766009754874
64066,0.5130784365417608
64067,0.5091386215219795
64068,0.5013999251803276
64069,0.5161967969299613
64070,0.49421416880622226
64071,0.48064728022081776
64072,0.4774573729056308
64073,0.49660119377045064
64074,0.48948644694328336
64075,0.5554318103964015
64076,0.4893294065769842
64077,0.49697325123296865
64078,0.5078561272134141
64079,0.4959527311655316
64080,0.48041768322582495
64081,0.2975221046059854
64082,0.49973081725273055
64083,0.5075185180320052
64084,0.4921889237206968
64085,0.49711780858390797
64086,0.5082185248201717
64087,0.5138830712599973
64088,0.3444928271708478
64089,0.5081717211819585
64090,0.48844266613303766
64091,0.4732851334381465
64092,0.49596650568096207
64093,0.5184677827663129
64094,0.4983293042095747
64095,0.4708825186492043
64096,0.48401537109709797
64097,0.4717909481532324
64098,0.4775654549315044
64099,0.48943541745745
64100,0.5051891633215779
64101,0.4808274309811407
64102,0.4980289796372815
64103,0.5367174097137657
64104,0.4968748620025007
64105,0.47011535157843254
64106,0.4943523483637061
64107,0.5092581743850239
64108,0.4722223046960403
64109,0.49793127411932014
64110,0.49996293468204833
64111,0.5063043244544349
64112,0.49967854594382316
64113,0.5013808895761933
64114,0.5495202202206776
64115,0.4763035620443782
64116,0.4938352313800003
64117,0.4825396921959296
64118,0.4954712442591726
64119,0.48177026792324656
64120,0.5450506289414914
64121,0.49952081901604684
64122,0.4960918127099243
64123,0.49655039725584343
64124,0.49170069989825316
64125,0.49320910725628436
64126,0.5087285147103928
64127,0.44902353541640916
64128,0.4911667040233415
64129,0.49329867841233743
64130,0.4681292577641485
64131,0.4983897951484115
64132,0.5112067981027499
64133,0.46814457407076715
64134,0.50151338503272
64135,0.4827315598466604
64136,0.4942014917666018
64137,0.4885748322467291
64138,0.513926688022
64139,0.4816572599909343
64140,0.5212149990354527
64141,0.5097819451678564
64142,0.49664315577874607
64143,0.507305635613674
64144,0.4888561068985908
64145,0.4938012795643063
64146,0.4911774558785302
64147,0.47882338479867526
64148,0.4978924814333251
64149,0.48234266584785634
64150,0.4968755070052441
64151,0.5163188474017039
64152,0.5010710222342276
64153,0.43137727941988135
64154,0.47889419203807704
64155,0.3602531791547954
64156,0.48941030060623497
64157,0.5061998344437125
64158,0.4940349056807482
64159,0.3569700312268533
64160,0.4648830878135489
64161,0.507095756457767
64162,0.5174046735035046
64163,0.48351738465223126
64164,0.49312279039103124
64165,0.34358146465442546
64166,0.4287692385226368
64167,0.48861074080943956
64168,0.4836125647904484
64169,0.47590398622426977
64170,0.5051647920079704
64171,0.3379998952126933
64172,0.5158240059511481
64173,0.47744931823419695
64174,0.4812929989820515
64175,0.5040891803557594
64176,0.5088081074057982
64177,0.508664942625456
64178,0.4800295336046004
64179,0.4720199583187909
64180,0.49516912156745896
64181,0.46915284434043514
64182,0.4688375346279018
64183,0.48391652613631947
64184,0.5162237463241715
64185,0.5000158103046864
64186,0.5150570424725793
64187,0.35637851921691494
64188,0.4996390517859435
64189,0.4772289896281039
64190,0.5025865750027875
64191,0.45594821602155877
64192,0.49493282927214177
64193,0.5098137070013841
64194,0.5463251500357421
64195,0.5076713104852862
64196,0.4967432280615977
64197,0.5091001635119354
64198,0.4791966831841316
64199,0.531228709574679
64200,0.5174738882707001
64201,0.4824255878498307
64202,0.49407071395111835
64203,0.5003959322055883
64204,0.4970230141654549
64205,0.4829381867878862
64206,0.47605490457294536
64207,0.5168425120554693
64208,0.47714446181208636
64209,0.4833557579525331
64210,0.3710600948472447
64211,0.4968389814553428
64212,0.47981280370187107
64213,0.4755484162091249
64214,0.4770780836498053
64215,0.48837810804872744
64216,0.49604138302334055
64217,0.4842321774252713
64218,0.45967565553014733
64219,0.4893575885316779
64220,0.4837639091080692
64221,0.5080394874827492
64222,0.4952542148621715
64223,0.48503993622557273
64224,0.496371969693519
64225,0.4961350746779218
64226,0.49176349172768785
64227,0.4878128624006829
64228,0.4918162591468776
64229,0.49607201730968065
64230,0.4898568511594311
64231,0.4777396665852174
64232,0.49399786388006006
64233,0.5017950231745097
64234,0.4642829542038429
64235,0.47750761509845824
64236,0.4817803541827413
64237,0.48926328727407364
64238,0.5263439731470417
64239,0.5065763478029968
64240,0.5087344268927293
64241,0.4786418030307338
64242,0.4757624610880275
64243,0.4892728321486577
64244,0.4843060264736797
64245,0.5110836623606522
64246,0.5653055930508517
64247,0.5106874511496607
64248,0.48212691869033447
64249,0.4959506677726035
64250,0.3588732798930944
64251,0.5205113277453529
64252,0.5010904911985039
64253,0.4763798879166636
64254,0.3660320346355749
64255,0.3793719266100654
64256,0.5017481361483735
64257,0.4497791016919232
64258,0.5089842994128635
64259,0.4807938556513327
64260,0.502550886133759
64261,0.4630393386105204
64262,0.37262024577619024
64263,0.5623347300369941
64264,0.47141046504501277
64265,0.49122921461142455
64266,0.4808692301901729
64267,0.5014618526861848
64268,0.4995721351204637
64269,0.5028815828791948
64270,0.5018091499129248
64271,0.5158381097677932
64272,0.4991950382649326
64273,0.48832213116741696
64274,0.3773442427626674
64275,0.48465793101280796
64276,0.5090575476706767
64277,0.4817629625976473
64278,0.4856200089751466
64279,0.5030968032936861
64280,0.4816032490596317
64281,0.5017947733764778
64282,0.4896640333991399
64283,0.4939526777691057
64284,0.5295098020084736
64285,0.4788367684877458
64286,0.510544303117553
64287,0.4938441908953664
64288,0.4878725260504549
64289,0.4835710170264452
64290,0.413850193099922
64291,0.48892114026828
64292,0.48801449595944557
64293,0.5012116609921582
64294,0.5135349965625098
64295,0.5147107845886182
64296,0.4624417914438954
64297,0.5250867260108313
64298,0.5020638042978723
64299,0.4943615723980987
64300,0.4853245197234882
64301,0.48466203695299803
64302,0.5042930600492072
64303,0.4901363920835693
64304,0.4968559789065694
64305,0.5188790613395508
64306,0.5103368568638297
64307,0.49044937759797413
64308,0.48898493796783055
64309,0.4772300634757788
64310,0.4793606614115194
64311,0.48832875367584105
64312,0.4863041829460428
64313,0.5121443087288376
64314,0.49702590714832723
64315,0.5061928404587981
64316,0.5350112891524765
64317,0.5424700855500284
64318,0.48808487533514094
64319,0.49065518056485213
64320,0.46777727944039316
64321,0.3673740607705522
64322,0.5016845916254896
64323,0.5034322682379369
64324,0.484147732770577
64325,0.3653790880434755
64326,0.47261173722984207
64327,0.5044394820473237
64328,0.4910825407098781
64329,0.48594007576408293
64330,0.4777574730149544
64331,0.4788728496045304
64332,0.3289566050052784
64333,0.4872639113766257
64334,0.5083169978883119
64335,0.5097470570050768
64336,0.5526936746373519
64337,0.3275781030025162
64338,0.3651923266143748
64339,0.48161733580948396
64340,0.5020714745522099
64341,0.46738332116478865
64342,0.4616442780388107
64343,0.5501560096447773
64344,0.49271866250418744
64345,0.47726874008684156
64346,0.4905396129775983
64347,0.5223937213148964
64348,0.4981198933739174
64349,0.4929496651445545
64350,0.4943266429095311
64351,0.4882676247717471
64352,0.3644776935944371
64353,0.5207804040391992
64354,0.5066507883743468
64355,0.45020025626539883
64356,0.48530177843644884
64357,0.3648228602356955
64358,0.501276681692511
64359,0.5129939482689851
64360,0.4974691884506459
64361,0.4931213149304084
64362,0.4689515633217042
64363,0.49758944117650766
64364,0.4731214706831696
64365,0.5189091980828714
64366,0.5196072169410042
64367,0.501135648197751
64368,0.47153708552814927
64369,0.502553612223094
64370,0.37035066942396244
64371,0.5035152872419725
64372,0.4988191970617648
64373,0.5203006751563679
64374,0.496100849781611
64375,0.5064928174522694
64376,0.4773310225681492
64377,0.5030100513734135
64378,0.5143064218305339
64379,0.49142637285830787
64380,0.4694721432207837
64381,0.5056366410368869
64382,0.48821278487403974
64383,0.49685088535449173
64384,0.514956246247013
64385,0.4775463208164531
64386,0.3346866295488029
64387,0.49528234750705524
64388,0.49649414268601416
64389,0.4936361193114936
64390,0.4829429263260556
64391,0.4940524792045779
64392,0.5628530988400929
64393,0.565373534818346
64394,0.5024702497100546
64395,0.49417630877126073
64396,0.5213450439353655
64397,0.5001190928856318
64398,0.5128509617129438
64399,0.5005349364379232
64400,0.5104889160206049
64401,0.47676223344273716
64402,0.5230270380543128
64403,0.4837893030623803
64404,0.47407972385393454
64405,0.507238334818777
64406,0.4978485440537182
64407,0.49798179486018523
64408,0.49381221830342964
64409,0.5102410477221044
64410,0.4809683161877609
64411,0.4947507469941607
64412,0.4920863084435203
64413,0.4881218866821926
64414,0.4737655100064427
64415,0.5133729038813153
64416,0.5035997592387309
64417,0.49900144945208663
64418,0.4997139984441194
64419,0.4905243574081106
64420,0.4863470593822496
64421,0.5189301858452771
64422,0.4993212498178124
64423,0.5124997501668829
64424,0.4880669580118671
64425,0.5144627210530113
64426,0.5001081557379571
64427,0.47837087767118336
64428,0.5109195642030548
64429,0.5012883905634291
64430,0.44025514059196963
64431,0.501134106934612
64432,0.4838010745768604
64433,0.35562923384031453
64434,0.36367578871218353
64435,0.5221687322648104
64436,0.49182258500798837
64437,0.49119844000592405
64438,0.4777071745615312
64439,0.514637983401653
64440,0.49876601648015073
64441,0.5355581507997262
64442,0.49298448356515057
64443,0.4872405254308737
64444,0.4996204460128373
64445,0.49547964279724355
64446,0.5012077452227671
64447,0.49733273760121255
64448,0.345532457484321
64449,0.4719897972998862
64450,0.49744517388162146
64451,0.4868484547564792
64452,0.49607232009335556
64453,0.5122730560829234
64454,0.5101544245981396
64455,0.4983866257461539
64456,0.48754028590971477
64457,0.4670302724464936
64458,0.5158507848249386
64459,0.4907669425352069
64460,0.5018709615217422
64461,0.49674599185396767
64462,0.4823009479368527
64463,0.3573138870693635
64464,0.4857532295791072
64465,0.5032768822702145
64466,0.4955644081978954
64467,0.46672738550473747
64468,0.5093058948313492
64469,0.5010971656857817
64470,0.49199554003762863
64471,0.5014694105602817
64472,0.48953228584450115
64473,0.47489531754486514
64474,0.47401494487829776
64475,0.4979518198145455
64476,0.36246472677339847
64477,0.5651997635983546
64478,0.48491962565188396
64479,0.5094047379622367
64480,0.5119632859119202
64481,0.4990994164739509
64482,0.5107229600964195
64483,0.45982251766461085
64484,0.5159114499994538
64485,0.3863477106204736
64486,0.4881513876901502
64487,0.4740360235505082
64488,0.5118478838595358
64489,0.49053858601832645
64490,0.4914632117669293
64491,0.4743532301487072
64492,0.5058059126094018
64493,0.5026478024934584
64494,0.4874279383272763
64495,0.5556178227909105
64496,0.484905785087532
64497,0.4830747342258224
64498,0.47583027963404323
64499,0.4787647186518092
64500,0.4757554842907837
64501,0.3671685314983654
64502,0.4846966436658249
64503,0.5009139563412668
64504,0.5029418318941822
64505,0.49898470932121
64506,0.48170204277909134
64507,0.49956656641878877
64508,0.506848189234141
64509,0.5096397358633127
64510,0.49345409267709806
64511,0.38934138747580604
64512,0.5035538387530303
64513,0.4979111682764371
64514,0.478191160551688
64515,0.49183419032807485
64516,0.5054419943605171
64517,0.48915085412680487
64518,0.49066168721328807
64519,0.5176349944106486
64520,0.3585265231958883
64521,0.48923127494897084
64522,0.535472687249924
64523,0.502490446297939
64524,0.5065642041365097
64525,0.5069513828211797
64526,0.5008784986109713
64527,0.4714521643728275
64528,0.45313706797803244
64529,0.4934810161555933
64530,0.49934166914425715
64531,0.5254281696731915
64532,0.5295807188647741
64533,0.49997177635293505
64534,0.49202774825888906
64535,0.3784224554819128
64536,0.5278066359982629
64537,0.4955262609671645
64538,0.4750881075140485
64539,0.4948966954060659
64540,0.4908218412123069
64541,0.4879227314549416
64542,0.5016169975229228
64543,0.3417476064292759
64544,0.47768764716486656
64545,0.4853118101574866
64546,0.47142541425983975
64547,0.5005310527725912
64548,0.4945899249365001
64549,0.4783811848047537
64550,0.48808231096089555
64551,0.4868662634877067
64552,0.5030056745832682
64553,0.5049817676762289
64554,0.4635763711320221
64555,0.5185688070924361
64556,0.4849949266461023
64557,0.47572689723747436
64558,0.4693890943493526
64559,0.5513565930310406
64560,0.48161357365069524
64561,0.4524611063863202
64562,0.4993715393827831
64563,0.520433143130545
64564,0.5538367886302733
64565,0.5505951704442791
64566,0.4734519343988048
64567,0.5791646433279878
64568,0.5153876299749115
64569,0.4921810201185628
64570,0.5131561697630616
64571,0.5075599341913649
64572,0.5598691375144959
64573,0.4646615001454078
64574,0.5052406777662409
64575,0.5082253983649834
64576,0.4948591874135622
64577,0.5103058526524575
64578,0.440005239528168
64579,0.5130383852053833
64580,0.5040353960208814
64581,0.5016485653805893
64582,0.477452538157465
64583,0.48532181288556697
64584,0.5152801743449473
64585,0.4565731901078033
64586,0.4941712672850894
64587,0.49915548751319927
64588,0.49970502421792845
64589,0.5075300911232824
64590,0.5177659341825518
64591,0.5543347738303659
64592,0.3735025641066518
64593,0.5092830392196008
64594,0.5096893672197207
64595,0.5598782728275469
64596,0.472734219879852
64597,0.5111750685901932
64598,0.4743989051637252
64599,0.36539323511139454
64600,0.4971270718332562
64601,0.4959485944066747
64602,0.49033723525500517
64603,0.47897808666284375
64604,0.46989688052305933
64605,0.5155204311438675
64606,0.4865334194360746
64607,0.48590421897278263
64608,0.5021588661087825
64609,0.5015078996187564
64610,0.4661988774793707
64611,0.4916813717507653
64612,0.3765715694036129
64613,0.5343388246936367
64614,0.561540578618678
64615,0.48557382592300724
64616,0.48546167114463057
64617,0.4854549342896666
64618,0.48008894874527414
64619,0.5162600734358606
64620,0.48653035785041626
64621,0.3752865163029563
64622,0.48113468495947836
64623,0.5067139953732314
64624,0.4991848858839046
64625,0.49697535083976563
64626,0.48631434324987455
64627,0.4967734053753986
64628,0.5035198811246527
64629,0.4891214212281934
64630,0.4749244332464354
64631,0.4886105040845178
64632,0.5132866551576377
64633,0.48703658342244616
64634,0.5022424254092023
64635,0.4950423930747711
64636,0.4977387534976878
64637,0.49679002944038614
64638,0.36312509012286276
64639,0.5001284008874901
64640,0.54894862467165
64641,0.4857567485090728
64642,0.46666417271268085
64643,0.4850427905205915
64644,0.5026742740763375
64645,0.5557537798741958
64646,0.4911396965851132
64647,0.4921534653957541
64648,0.485203852204646
64649,0.5004067466901136
64650,0.5048635167052077
64651,0.4981809771397969
64652,0.48265682042612157
64653,0.5000472885979917
64654,0.5201679973446516
64655,0.5122528631232126
64656,0.47974031895770913
64657,0.49976213383123846
64658,0.5003213940097917
64659,0.36857899662297244
64660,0.5074416106724001
64661,0.5126857133122567
64662,0.513116647659285
64663,0.49238950734010534
64664,0.3557688562717164
64665,0.49538303303861275
64666,0.44837478268596626
64667,0.48964024340353274
64668,0.503641416412836
64669,0.48980938612741
64670,0.49112887847895914
64671,0.5069997911090403
64672,0.4997671524745809
64673,0.4901895249529447
64674,0.47713114854479044
64675,0.47651295629123636
64676,0.5040146282601311
64677,0.4900500009621463
64678,0.4964153617530347
64679,0.4984802349612229
64680,0.4965355647917191
64681,0.5014588755302725
64682,0.4979220604704517
64683,0.4718834814170081
64684,0.4835400300270574
64685,0.485175064111981
64686,0.47699173101586134
64687,0.4974717699969945
64688,0.47634361232397127
64689,0.4849385298892288
64690,0.4833898536947556
64691,0.4753976240899608
64692,0.4962709295661665
64693,0.5729846850021899
64694,0.5055784211576556
64695,0.505991310549658
64696,0.5080605307841285
64697,0.5170434468229264
64698,0.4776561504996372
64699,0.484781624765073
64700,0.4937267170521833
64701,0.5021187107851307
64702,0.3639257177405045
64703,0.4853536739135687
64704,0.5093756073339031
64705,0.45633273755500026
64706,0.49360990539905764
64707,0.5056739827715697
64708,0.4844375213508175
64709,0.5090272260851184
64710,0.5011847225383265
64711,0.4658699321362163
64712,0.5155189148922175
64713,0.5157686206837964
64714,0.5173576691017155
64715,0.5492372587789398
64716,0.5023785635223464
64717,0.5248997049715334
64718,0.37058122829629625
64719,0.4808641904846538
64720,0.5001989974024654
64721,0.49497590671404584
64722,0.5107007727003937
64723,0.489291273349359
64724,0.497776747850341
64725,0.47491366364479215
64726,0.5285649686547507
64727,0.4890549697682547
64728,0.4989579623664301
64729,0.5137696702845468
64730,0.492699087313725
64731,0.4960819181647097
64732,0.5028366920777756
64733,0.506733579928088
64734,0.497179035501044
64735,0.46925271835664256
64736,0.5059518416427494
64737,0.49124905607491953
64738,0.5122410989048984
64739,0.34182034181813925
64740,0.4846117326587577
64741,0.48798678389103256
64742,0.48394784644057093
64743,0.5041023910969463
64744,0.5027416246046339
64745,0.49979903281828153
64746,0.5075032394516115
64747,0.5023632665824823
64748,0.5441008532863518
64749,0.5034117101861977
64750,0.49190034389832166
64751,0.49645269935739605
64752,0.4997808423009428
64753,0.4725169317659463
64754,0.5815114957515679
64755,0.4963168617545609
64756,0.49937540380908163
64757,0.3813608405160257
64758,0.5123637739704296
64759,0.4669581359942293
64760,0.5117607885035964
64761,0.5021144567511068
64762,0.49354067613379865
64763,0.4867938407437371
64764,0.5075677408416902
64765,0.4878579155686676
64766,0.493023881676539
64767,0.5137834366635119
64768,0.490957836614075
64769,0.4700821487418765
64770,0.5079652352921543
64771,0.4952846428304338
64772,0.5003231945649925
64773,0.3547464508162213
64774,0.5135827638379191
64775,0.5057650153408316
64776,0.44933771421883734
64777,0.5143675827322042
64778,0.5079794936385988
64779,0.4986693071669232
64780,0.5919110801988618
64781,0.48855877297894207
64782,0.5071330107046982
64783,0.40157473655802833
64784,0.4985968825671263
64785,0.4877340437300255
64786,0.48756037458959783
64787,0.5049330842600878
64788,0.4700747449488687
64789,0.49878393406610505
64790,0.5260249330702417
64791,0.4857392196448054
64792,0.34245067781773947
64793,0.5007702395569389
64794,0.469762572156483
64795,0.500662757504023
64796,0.468552045711233
64797,0.497796718658311
64798,0.5033914646083382
64799,0.5141724217034734
64800,0.47524382860863623
64801,0.5568907483280056
64802,0.4834310096911033
64803,0.5078791272546812
64804,0.4925125132451848
64805,0.45933284663940055
64806,0.49506424860699927
64807,0.4862628542227228
64808,0.4789351531635983
64809,0.49343512397866796
64810,0.4922141342300647
64811,0.46573159315991375
64812,0.47669633148163293
64813,0.4984233947782537
64814,0.4914776558018685
64815,0.5003597466118055
64816,0.4811976638298371
64817,0.5674272647203591
64818,0.502672574019372
64819,0.47866317112803347
64820,0.4933619131619599
64821,0.4722035395109996
64822,0.45150099592757054
64823,0.49779158856151196
64824,0.49360616277544017
64825,0.4812290988731695
64826,0.4694987159235924
64827,0.4954061495789328
64828,0.4988774106964251
64829,0.4874430187513519
64830,0.5105055943269027
64831,0.48819562484161794
64832,0.5103747520579787
64833,0.5023638543929152
64834,0.51585106747293
64835,0.4981162688708456
64836,0.5002844397798529
64837,0.5038438168596058
64838,0.38927559351643076
64839,0.4991426408800888
64840,0.4903667844552672
64841,0.5123120137407514
64842,0.5715136089652192
64843,0.475126020109213
64844,0.48934329783060015
64845,0.49598858967521503
64846,0.5269019113064675
64847,0.4930247499988794
64848,0.4746957052905391
64849,0.47089788429113394
64850,0.5066746252844756
64851,0.498977717556378
64852,0.518955659698757
64853,0.48985103174352396
64854,0.5074157238876881
64855,0.4968589759651873
64856,0.4901971912073908
64857,0.486546067545759
64858,0.47768446880071164
64859,0.4970542578104456
64860,0.49231928387029034
64861,0.4982665759567343
64862,0.5108905431574062
64863,0.4723276279192651
64864,0.5004866595683443
64865,0.3642525105384654
64866,0.47617012475196496
64867,0.49570321248013616
64868,0.4807870139212668
64869,0.4814614509423745
64870,0.5011251561734075
64871,0.502045810595361
64872,0.5187020207224374
64873,0.4805060779727798
64874,0.49407411930492107
64875,0.5088380274546132
64876,0.4884601558129278
64877,0.4893446615845872
64878,0.4489096991684581
64879,0.5249831838726922
64880,0.4882471620262251
64881,0.5277441055343359
64882,0.5111402945074349
64883,0.5033582805532011
64884,0.5088905156623688
64885,0.5055551175888693
64886,0.4895519008214855
64887,0.4947866498196556
64888,0.5065851640086797
64889,0.4866016898589145
64890,0.5064850476342565
64891,0.5551990463547144
64892,0.501379583555606
64893,0.44511871860861085
64894,0.47121316779987626
64895,0.46855302109475966
64896,0.47928011328287007
64897,0.34036015635272865
64898,0.4692818146637732
64899,0.337999493439435
64900,0.5003853533355086
64901,0.48532655810156305
64902,0.4597162065964305
64903,0.5268053700728013
64904,0.523275163971863
64905,0.5028345193076845
64906,0.5051094694400011
64907,0.44474443513910933
64908,0.5007768513568133
64909,0.5165642669622568
64910,0.48780978518485807
64911,0.468480723245154
64912,0.48342257664798494
64913,0.5101878338938886
64914,0.4946411938381384
64915,0.4988289550542278
64916,0.5166162181255727
64917,0.456434444636377
64918,0.49353658255177146
64919,0.4820528713637785
64920,0.48728632935533334
64921,0.5015081032539701
64922,0.48474875819439794
64923,0.566989367711277
64924,0.4791680375699864
64925,0.495068723426202
64926,0.32994334376666246
64927,0.488313621973338
64928,0.4567844522163264
64929,0.5118033586685403
64930,0.5015955899116916
64931,0.500785983618354
64932,0.4838960654234363
64933,0.47423068149833797
64934,0.49986664998662256
64935,0.5018328951121668
64936,0.5109064549468472
64937,0.49401310434261236
64938,0.46676739126625655
64939,0.4889761120364754
64940,0.5027234384312765
64941,0.35335585589878865
64942,0.4922903152104239
64943,0.3955238295918311
64944,0.47435939671714156
64945,0.5029140965265031
64946,0.5050912796999559
64947,0.5135885313622924
64948,0.4800331976647466
64949,0.4834745773606542
64950,0.5612533247909679
64951,0.5217829296923091
64952,0.5178456752297684
64953,0.5731922376735418
64954,0.5080644731625358
64955,0.5095654425415904
64956,0.5398021344545606
64957,0.4682420701649894
64958,0.5588631933908181
64959,0.5096472278119413
64960,0.4824457636790518
64961,0.5134149887827909
64962,0.49719584518390403
64963,0.46689912896390123
64964,0.5178839757946394
64965,0.45795161559605724
64966,0.5074489851950502
64967,0.5529907666775267
64968,0.496027652291715
64969,0.5154777191540197
64970,0.49540676407570816
64971,0.48205675030919093
64972,0.48649216434280307
64973,0.5020230203352098
64974,0.4741689814144393
64975,0.5095084060613208
64976,0.5023103788341964
64977,0.4924143403513839
64978,0.4678197680304655
64979,0.5528564553680433
64980,0.49539164264645286
64981,0.49508800003283515
64982,0.4998321629739621
64983,0.5071134057389797
64984,0.4944276275578814
64985,0.3765497443989604
64986,0.5027493151489519
64987,0.49374597748932086
64988,0.5052824649185397
64989,0.5046330848297553
64990,0.5047770188661027
64991,0.5170468470047678
64992,0.4749091680370953
64993,0.4821217922023463
64994,0.5085686244258292
64995,0.47591045120045355
64996,0.47583668694782444
64997,0.4923616674363524
64998,0.49842967431921714
64999,0.48332981839396205
65000,0.490076622531645
65001,0.45848230284038405
65002,0.52194794594833
65003,0.49174192552854656
65004,0.5022425126929344
65005,0.4921114238060853
65006,0.49917438965606764
65007,0.5137963755640855
65008,0.3677792718069286
65009,0.4957950196731885
65010,0.5329960289125872
65011,0.5170384784869052
65012,0.4910493267601578
65013,0.49499851567557906
65014,0.5032485745015743
65015,0.5556965023892881
65016,0.50181637116544
65017,0.4875920717719843
65018,0.4825191324762284
65019,0.49106407236563776
65020,0.5000395022592751
65021,0.44723017332664766
65022,0.5036680843154475
65023,0.506271839095629
65024,0.5128984388662207
65025,0.5174282186605872
65026,0.4953039108131983
65027,0.5042546653991272
65028,0.5145917357604659
65029,0.48076765461952997
65030,0.4040505967478196
65031,0.4944445262456877
65032,0.5214498663004528
65033,0.4918265165880974
65034,0.4938160065523416
65035,0.5028864867668996
65036,0.4910317702006854
65037,0.47493255845464377
65038,0.5040922027234993
65039,0.503845318655432
65040,0.49421925264761435
65041,0.5168031579264876
65042,0.4925971048988834
65043,0.49930278181208254
65044,0.4847650877719858
65045,0.49762159551661717
65046,0.4995424345747528
65047,0.4910119030797442
65048,0.49910084258517506
65049,0.4864700168918019
65050,0.5700162887122128
65051,0.5063465230169983
65052,0.5141584093633609
65053,0.46304335218071135
65054,0.4706569364519879
65055,0.49237256559376047
65056,0.47962066337726694
65057,0.5076816187064019
65058,0.4978164849153028
65059,0.4919001632624302
65060,0.49468691698228096
65061,0.486714257850407
65062,0.49235484349529973
65063,0.5020316786969083
65064,0.5143550568779227
65065,0.5077021513037033
65066,0.48145712683338393
65067,0.48094178906705753
65068,0.42662258778179674
65069,0.5098754878420142
65070,0.5001387742113269
65071,0.44913700876811
65072,0.48955279319326883
65073,0.48441087720718445
65074,0.5405683537325731
65075,0.5003679321841817
65076,0.5114112579188517
65077,0.4947592582734266
65078,0.4901627465552001
65079,0.5170119128156361
65080,0.4928004144376361
65081,0.492022053426597
65082,0.4842672251287351
65083,0.4579636884410183
65084,0.4620786780771221
65085,0.48659869141646506
65086,0.493679093813316
65087,0.4962879331457356
65088,0.44023884377692757
65089,0.49562746775109245
65090,0.5013226685986677
65091,0.4985027829123887
65092,0.4805720425298451
65093,0.5091486514471839
65094,0.48908010523665485
65095,0.48700953175450573
65096,0.34914999438917166
65097,0.5743060652284102
65098,0.47750356026683793
65099,0.5405924060856926
65100,0.5163981606069925
65101,0.5006766076574477
65102,0.3774101400320671
65103,0.3476631476582007
65104,0.4948988701311362
65105,0.3065543864779454
65106,0.49989533654659324
65107,0.48599167643715224
65108,0.507295124454793
65109,0.5127658068425142
65110,0.4980248634776482
65111,0.5017796929677041
65112,0.5026952020690838
65113,0.35444581819033083
65114,0.490374560222372
65115,0.4914739514075518
65116,0.5031407410037804
65117,0.501236736344193
65118,0.3406612017706654
65119,0.5033977143165186
65120,0.5034914229561347
65121,0.49707769444051575
65122,0.4860068074618704
65123,0.4981296370537511
65124,0.49574466907633774
65125,0.4966161309856966
65126,0.47567175133446005
65127,0.5286999490134793
65128,0.5047395559329624
65129,0.4999571360810745
65130,0.48715079502555614
65131,0.3711757095642455
65132,0.48678046444236434
65133,0.47848193037087217
65134,0.5087549020731114
65135,0.5071006005011953
65136,0.43881923856450633
65137,0.4686837824861184
65138,0.5014880000316052
65139,0.45347280392945766
65140,0.4828734022093953
65141,0.46656007746784856
65142,0.50990670964279
65143,0.47722199390314324
65144,0.5028459903572517
65145,0.48645648229709065
65146,0.4835480566355946
65147,0.4992371221511396
65148,0.4874095586420503
65149,0.48345898816266286
65150,0.47743966300625856
65151,0.4891079915005322
65152,0.4241280137999878
65153,0.5138209853031849
65154,0.485612172960851
65155,0.5043380320598582
65156,0.5156058220340598
65157,0.5063851022614538
65158,0.49636061184227787
65159,0.46915880105684604
65160,0.4949483327895684
65161,0.494665198921059
65162,0.5051253196830825
65163,0.36336750060705875
65164,0.4608175640881652
65165,0.48604145097579465
65166,0.5138418791687539
65167,0.48076128648879646
65168,0.49788420395607585
65169,0.5057317683902807
65170,0.49856686117094784
65171,0.4764716575763343
65172,0.4564557220693177
65173,0.4957506945058713
65174,0.5191148040050162
65175,0.49880162193552463
65176,0.5088412894230651
65177,0.4772068346892618
65178,0.5124881165198945
65179,0.5071278570747957
65180,0.49750808124254386
65181,0.4774097142988467
65182,0.47677356337026433
65183,0.502514834785574
65184,0.5250791240053749
65185,0.5056619217476307
65186,0.49486110276488027
65187,0.37609425815952385
65188,0.4875543866364622
65189,0.34555251544053733
65190,0.30836248724792115
65191,0.4859692215998369
65192,0.5018230830735301
65193,0.4951255976978083
65194,0.5057939616256621
65195,0.4975537210728358
65196,0.47990546655807587
65197,0.34258912978647604
65198,0.49461419984837185
65199,0.5084241255306435
65200,0.4855980691496784
65201,0.5127036457262159
65202,0.5296453241909346
65203,0.4827540533497445
65204,0.5090699676810221
65205,0.4853844229124262
65206,0.4910584429192957
65207,0.49700072051755717
65208,0.48835998553230203
65209,0.5029770428779617
65210,0.46415044945839024
65211,0.4958330682737724
65212,0.5064758068832457
65213,0.4993886271041739
65214,0.47472782750752057
65215,0.4900118954393331
65216,0.5122385966928729
65217,0.5029911716402677
65218,0.4936642258405551
65219,0.5115161295615186
65220,0.48717452508358455
65221,0.5063896996820665
65222,0.4848706511861106
65223,0.4972356527918925
65224,0.498797300670913
65225,0.518336125926811
65226,0.503074548476375
65227,0.44959378539604267
65228,0.48891808965812766
65229,0.4748247578442452
65230,0.33597723274817914
65231,0.4963602505704504
65232,0.5291023463882639
65233,0.4868920478340443
65234,0.5142976107145185
65235,0.3839336706203209
65236,0.4849453715355221
65237,0.5075223159803068
65238,0.5058907870279995
65239,0.5065949483659238
65240,0.5180144379524452
65241,0.49673082347047953
65242,0.4839703783840635
65243,0.517517236468302
65244,0.5000777749239638
65245,0.5045241912265339
65246,0.4863894516290966
65247,0.47283546356020334
65248,0.5162708946706629
65249,0.498659651756924
65250,0.5076172212070692
65251,0.5043944811557707
65252,0.5211481344075876
65253,0.5089624929599967
65254,0.5100295469720353
65255,0.45907377538175953
65256,0.47595891564022297
65257,0.50618635420952
65258,0.5073464698286317
65259,0.48018767723233613
65260,0.49874385643333363
65261,0.4839899654227706
65262,0.487768407316946
65263,0.48351750401304366
65264,0.4657872710510128
65265,0.35137999356184746
65266,0.49823292492909604
65267,0.48711368262884625
65268,0.5254572059155075
65269,0.46932569429860194
65270,0.3663821776765572
65271,0.5187786602650417
65272,0.501252790959544
65273,0.5050424650989895
65274,0.49610546364084973
65275,0.4991146052410075
65276,0.4663156813398983
65277,0.34081997075675
65278,0.5021487000533552
65279,0.5048539085958516
65280,0.5101785088360817
65281,0.5242986667252933
65282,0.47106711964211134
65283,0.48940000268579786
65284,0.5113667222868233
65285,0.4636657384475114
65286,0.47308148857837035
65287,0.5060633460076488
65288,0.5127856446262175
65289,0.4983733216717544
65290,0.49467693612152086
65291,0.5134672444496614
65292,0.49893213065441655
65293,0.48465354021519147
65294,0.4977544503520291
65295,0.5124599649099191
65296,0.48324133070895803
65297,0.4973528690686141
65298,0.479135509063525
65299,0.48661762224923477
65300,0.49104587657813586
65301,0.49093209574779323
65302,0.5130568460181788
65303,0.4974266811014478
65304,0.4882924268942367
65305,0.5032387535127005
65306,0.5084876571451172
65307,0.5705122082560523
65308,0.5106970145653182
65309,0.49188159667960635
65310,0.487818455373614
65311,0.5087395922498233
65312,0.4745061972182901
65313,0.5075194789172355
65314,0.3843429941786488
65315,0.5023112158520204
65316,0.45597630671046946
65317,0.5042158620256983
65318,0.5039221479385118
65319,0.49635067826347656
65320,0.47628276232250333
65321,0.4769094501205131
65322,0.493939066921974
65323,0.4942500540035991
65324,0.4965452384278083
65325,0.48687926452029295
65326,0.4653803779959514
65327,0.5021412806403277
65328,0.49675635097499216
65329,0.5016321845431306
65330,0.5056442950100011
65331,0.4758227884896489
65332,0.36627526076612504
65333,0.38810885152026986
65334,0.4979325684949032
65335,0.486950654683083
65336,0.5083357334080185
65337,0.48864297027359627
65338,0.5672661105772254
65339,0.5100060680856996
65340,0.50596994989805
65341,0.4848993212348113
65342,0.4746532114284969
65343,0.5150362582548061
65344,0.4989188083794548
65345,0.4892680888180122
65346,0.5045022756920735
65347,0.46821053738886764
65348,0.48571910418181086
65349,0.4984157382179323
65350,0.32592390383706177
65351,0.48677126270213933
65352,0.5058594774303918
65353,0.5086091883473627
65354,0.3571213903929974
65355,0.5044313430064951
65356,0.4821965491551611
65357,0.49372280117327394
65358,0.48644674203633154
65359,0.49280179823433135
65360,0.4946748555627527
65361,0.49485049642965767
65362,0.4573526253366659
65363,0.4991488588176288
65364,0.5136910306942043
65365,0.502463324742289
65366,0.4984577395584363
65367,0.5011909898787114
65368,0.5067540336386606
65369,0.4794914294070878
65370,0.47971709769115345
65371,0.49049629906261577
65372,0.5058102824951768
65373,0.49526908523185986
65374,0.5690580278858361
65375,0.4945001991603466
65376,0.4896649290107454
65377,0.49781484195089637
65378,0.5048643918321981
65379,0.5269230750071415
65380,0.4961647245081089
65381,0.5213777956057981
65382,0.4883378807820269
65383,0.3582272788652151
65384,0.48607650013438386
65385,0.3785611361564591
65386,0.4880984456558849
65387,0.48568679787715896
65388,0.5127583174144286
65389,0.4934328358261878
65390,0.46026434682008455
65391,0.4897991989296087
65392,0.3653003007683004
65393,0.3539274316432572
65394,0.5023734661819352
65395,0.4992892953371555
65396,0.4867569388194369
65397,0.4935061332407529
65398,0.5040483922159548
65399,0.5031985756779933
65400,0.5048707288196306
65401,0.490958930095793
65402,0.48557016196973
65403,0.49549256164871414
65404,0.5076266913705252
65405,0.494032246680642
65406,0.49501694999834056
65407,0.5195694407758698
65408,0.49124078721293735
65409,0.5100604727383755
65410,0.4973674122036656
65411,0.5231861214049511
65412,0.5169153724029287
65413,0.5160760533834556
65414,0.5054455028598867
65415,0.48866420035341707
65416,0.4859738487019909
65417,0.4849343243084523
65418,0.4712904784522829
65419,0.3781109306536309
65420,0.5038391116518736
65421,0.5066568927586369
65422,0.4899949165923134
65423,0.5458561795003869
65424,0.37666063407219563
65425,0.49339086438245644
65426,0.4722012798760028
65427,0.48774551042277886
65428,0.48560817292183667
65429,0.5318813394721784
65430,0.47591337431028624
65431,0.5017693583201416
65432,0.4976598709891804
65433,0.5182788392955525
65434,0.4819930981075523
65435,0.47368280255916195
65436,0.49543595390877465
65437,0.4877271139414422
65438,0.5063437930944548
65439,0.47275271499117144
65440,0.48589918381359953
65441,0.5155052744280817
65442,0.489958282783322
65443,0.48785357460575407
65444,0.5017850554614635
65445,0.4858589753678479
65446,0.4857265113813995
65447,0.498560064036499
65448,0.4737719600416407
65449,0.5693559433940862
65450,0.5222658779152326
65451,0.5053220514423803
65452,0.45405762433532504
65453,0.5102769321618643
65454,0.47501330026874167
65455,0.5011373895093465
65456,0.5099525319425454
65457,0.36494309968643346
65458,0.5186040586020828
65459,0.46856873349806766
65460,0.4727293082609535
65461,0.5034594840714254
65462,0.38084742156710527
65463,0.4987109238083153
65464,0.4858583338551433
65465,0.4989289200716205
65466,0.4912109790295885
65467,0.5067856621735809
65468,0.497859055409881
65469,0.4846914973169434
65470,0.5047835529589367
65471,0.49129205203558346
65472,0.4852056626208187
65473,0.5012740994946981
65474,0.5043066242940162
65475,0.4977518251483308
65476,0.5069955923772362
65477,0.4600851480863828
65478,0.49751056729964716
65479,0.4883895296932937
65480,0.4839830192021207
65481,0.5130526678579208
65482,0.47945939875749677
65483,0.5170110439637188
65484,0.503425254712979
65485,0.5771526367931952
65486,0.49628969440992765
65487,0.5007381650094294
65488,0.4903639285991841
65489,0.45853923740501334
65490,0.4848588412422282
65491,0.48924715303521515
65492,0.3517280000211368
65493,0.35534344074217444
65494,0.4974854041237266
65495,0.4866556300925584
65496,0.4921714675955855
65497,0.46272552481457285
65498,0.49255151192235674
65499,0.4866111086158851
65500,0.5082045141920932
65501,0.4812540130256833
65502,0.4937371384548639
65503,0.5143913523726362
65504,0.5107894576620522
65505,0.49484654431645614
65506,0.4824524663171711
65507,0.5282932057119981
65508,0.49706209624504927
65509,0.500553036820749
65510,0.5078646111475216
65511,0.49885322101696883
65512,0.3432006367548652
65513,0.5096044216103477
65514,0.5181956334503285
65515,0.47734995830653837
65516,0.5147443543106033
65517,0.4719020226289722
65518,0.5038483232631296
65519,0.4665339291864654
65520,0.4871913849057996
65521,0.5034202593530406
65522,0.5790899334896955
65523,0.5056092067399612
65524,0.5209433831737743
65525,0.47584737978550673
65526,0.4963932934815116
65527,0.44110547987586185
65528,0.5116891317466622
65529,0.5390550458868262
65530,0.4975152759331105
65531,0.46462620396008475
65532,0.48896876648774135
65533,0.4896814993215091
65534,0.49454950682244064
65535,0.4987024427054788
65536,0.49232857251466666
65537,0.48473028672444685
65538,0.5059766071077778
65539,0.5000000355195139
65540,0.49073070871052515
65541,0.45007264920649126
65542,0.4860806695932066
65543,0.4678223022597726
65544,0.5050832348295899
65545,0.49433192871936554
65546,0.4898998201297357
65547,0.47624704324075023
65548,0.4928149516299323
65549,0.34993480470833127
65550,0.5003580816658975
65551,0.5041952618658632
65552,0.5048409735993681
65553,0.48476701659796717
65554,0.37987148865333364
65555,0.46745129580193556
65556,0.4918549182788337
65557,0.4700686293403863
65558,0.4607195339403463
65559,0.504959792300051
65560,0.4721319496622086
65561,0.44786461140816614
65562,0.5012269880273659
65563,0.38976388694071806
65564,0.47123874705342117
65565,0.505126626212661
65566,0.4837470503578878
65567,0.49760801924356257
65568,0.4769891569987671
65569,0.5013044549161206
65570,0.4552501054411867
65571,0.48265486285069104
65572,0.5245612088748643
65573,0.524306367395652
65574,0.4974559018459488
65575,0.46215059403221936
65576,0.522912957864798
65577,0.5136335425524773
65578,0.5028852633506508
65579,0.5005007123227179
65580,0.5029590880199798
65581,0.4963033719374274
65582,0.49680570247063094
65583,0.5028720494197916
65584,0.45565432201727496
65585,0.4737290297508252
65586,0.501999756410385
65587,0.49152467978816994
65588,0.4844451429780137
65589,0.4984623481571043
65590,0.4949708678148247
65591,0.5136735901083325
65592,0.36191816363834045
65593,0.35535089368351935
65594,0.4663346712875263
65595,0.38405345685488745
65596,0.5046052002455239
65597,0.47819435502989105
65598,0.5173300403180168
65599,0.5001150365776885
65600,0.48575013932417355
65601,0.5030715355600743
65602,0.49910552955706783
65603,0.48075759886970326
65604,0.48270172767329284
65605,0.4885570082089794
65606,0.5076207304089541
65607,0.4944659932456302
65608,0.4999051622141034
65609,0.5142841601396119
65610,0.49412331702919216
65611,0.5682074421879053
65612,0.4875571977729204
65613,0.5025110772390752
65614,0.5702932371355536
65615,0.5066812360779613
65616,0.47636978086933324
65617,0.5017482134379101
65618,0.4972310556834675
65619,0.4912480640160771
65620,0.5040254585863054
65621,0.5083116933353753
65622,0.5027338000270207
65623,0.5062867115246258
65624,0.481538311244401
65625,0.5172095382862719
65626,0.5048810926157508
65627,0.5076979277802279
65628,0.4838882940266911
65629,0.36078339192829223
65630,0.5110472013019445
65631,0.48737578319708147
65632,0.4783988257566687
65633,0.48971012375197664
65634,0.5069214692356128
65635,0.49469423989159933
65636,0.47781917157247783
65637,0.47907222145764883
65638,0.500668679498699
65639,0.29763774707286517
65640,0.46516692715510083
65641,0.49305722545541564
65642,0.5007567682785373
65643,0.5017614351127367
65644,0.47940872057237993
65645,0.5038777932249019
65646,0.5028294757308955
65647,0.5137789718479466
65648,0.5024430424509023
65649,0.4794895530300268
65650,0.5122854587857678
65651,0.5010831224710921
65652,0.5265324633003987
65653,0.49993535394973576
65654,0.49978122172287087
65655,0.369067455791122
65656,0.504018052219865
65657,0.5095177029364534
65658,0.49851442698297277
65659,0.5089073567562771
65660,0.5036586483740264
65661,0.5151633597450359
65662,0.47932391311766787
65663,0.5000990486652758
65664,0.5006193405944568
65665,0.5024286624236461
65666,0.4866755623534262
65667,0.47511406522210275
65668,0.4953449866691847
65669,0.4867359072534941
65670,0.4783364215758971
65671,0.49064242714651696
65672,0.4974731849203307
65673,0.4918457106283983
65674,0.47227907299373295
65675,0.49342118664419704
65676,0.573829498660174
65677,0.5197901709987081
65678,0.49400450480133673
65679,0.3218789824646464
65680,0.5025818785024765
65681,0.534235737514674
65682,0.5043344185364098
65683,0.4939365097346027
65684,0.49528146941913126
65685,0.35199997000108124
65686,0.5578530362627807
65687,0.49139590314175313
65688,0.49808052375008893
65689,0.5109867799564893
65690,0.5041796620893745
65691,0.5091167452740256
65692,0.5048382154191638
65693,0.5618198931744116
65694,0.5116079264469812
65695,0.492638794828018
65696,0.48842360164987986
65697,0.5234802141743922
65698,0.49178510490276217
65699,0.528869759123802
65700,0.46551305658352166
65701,0.49875899722833184
65702,0.507611717749332
65703,0.484301471194163
65704,0.4952033607340858
65705,0.5136293265738084
65706,0.49341672614929405
65707,0.453298058132345
65708,0.5132329148239364
65709,0.5150659935524524
65710,0.49350116765634766
65711,0.4809618347627143
65712,0.4755975054563949
65713,0.4900229471622215
65714,0.4893718049975276
65715,0.5162969758480566
65716,0.4900556673532116
65717,0.51734692007066
65718,0.5124070582156022
65719,0.4989198679083411
65720,0.4952404473138989
65721,0.4969730992548981
65722,0.48955452660354093
65723,0.4748425425845386
65724,0.49028849509248934
65725,0.45914272254650135
65726,0.5001610630321182
65727,0.5253497203754669
65728,0.48923929366264785
65729,0.49487050077976724
65730,0.5048880257817983
65731,0.4943773533860323
65732,0.4967116877494797
65733,0.5033324440655479
65734,0.48896082725150697
65735,0.5089164018511589
65736,0.486067300530274
65737,0.34879218329028533
65738,0.5030815645238074
65739,0.5135977792751212
65740,0.4779321833627675
65741,0.5093179044938965
65742,0.521658376452492
65743,0.5078292644787321
65744,0.5023907779364769
65745,0.5097452650058403
65746,0.47052119336796616
65747,0.5789468575922592
65748,0.4734272180036346
65749,0.514773400127301
65750,0.3922493689681096
65751,0.5097206931329891
65752,0.48198288395227057
65753,0.5332025969005327
65754,0.34278572106939736
65755,0.48004005417969786
65756,0.5070482667472572
65757,0.48616311435701354
65758,0.5213966085873372
65759,0.5019463866936651
65760,0.5100244746684105
65761,0.5106463798971601
65762,0.4772550807425349
65763,0.49344280353755354
65764,0.5029961196396668
65765,0.4968006879129927
65766,0.537097871731735
65767,0.5012560928003784
65768,0.555210810672755
65769,0.5057027307365299
65770,0.4748215505721732
65771,0.4987976727043364
65772,0.4739899610954911
65773,0.5249295865544423
65774,0.5247755313880905
65775,0.5050331355271516
65776,0.49815420752212614
65777,0.5080988544381041
65778,0.5033563731644127
65779,0.5245450371656946
65780,0.48114816104144753
65781,0.5037052511794562
65782,0.38202105106538775
65783,0.4721323967293961
65784,0.4841576358868409
65785,0.4984968494486793
65786,0.49100311758721293
65787,0.5071005234470888
65788,0.4465583223123346
65789,0.4862241498842506
65790,0.5103002635464855
65791,0.5738914990104195
65792,0.5077780383249642
65793,0.4854734036185776
65794,0.3568454668909621
65795,0.5012466285472983
65796,0.49405493601753525
65797,0.511551772896409
65798,0.48048048438067775
65799,0.5209115605817468
65800,0.5071323423048963
65801,0.48414990310702133
65802,0.4826812113701362
65803,0.4951470373364931
65804,0.49422227283769615
65805,0.4802301715075059
65806,0.492063914674127
65807,0.49920490772738435
65808,0.5106467831822096
65809,0.4882187956002797
65810,0.5086125056918088
65811,0.48688837910064564
65812,0.5026958847861921
65813,0.5212048585959254
65814,0.5140276552622689
65815,0.4504224566390283
65816,0.3352256326671189
65817,0.5170954151937236
65818,0.5093834883881218
65819,0.4894948185143731
65820,0.4691641408430177
65821,0.5571047866166168
65822,0.5202753907700742
65823,0.5346340881410736
65824,0.49196594215085987
65825,0.5046063548073533
65826,0.34177045150607965
65827,0.4976978422007325
65828,0.5078558449196564
65829,0.49344453467826643
65830,0.5157606366493435
65831,0.5735872235873387
65832,0.3401431967992699
65833,0.5525039045403102
65834,0.45039128024416775
65835,0.518687644444298
65836,0.47970554531596804
65837,0.4918740174123706
65838,0.49015325433006013
65839,0.5050018490564989
65840,0.4977104519942905
65841,0.513163712400828
65842,0.5063576674541673
65843,0.5032795338653017
65844,0.4773456673200273
65845,0.4998590707629748
65846,0.48158452464229073
65847,0.3670026820796064
65848,0.4962243523641693
65849,0.5018385006635675
65850,0.4968785051491602
65851,0.49699544952436786
65852,0.5048157816977221
65853,0.46705082480288196
65854,0.49631297839076016
65855,0.5027695734576029
65856,0.5170118786561
65857,0.49657010016059744
65858,0.5130881051956335
65859,0.4986056015572571
65860,0.5274000007845604
65861,0.4771819827992377
65862,0.4829820414915428
65863,0.5052037779438465
65864,0.4824903342271214
65865,0.38438022375191383
65866,0.4976903327829491
65867,0.4988526861319644
65868,0.5043835239371657
65869,0.4913994152534677
65870,0.5128643871610004
65871,0.5043004302830932
65872,0.49638777215885943
65873,0.5039638206613101
65874,0.4981413764329492
65875,0.48478498017237404
65876,0.48156516232031
65877,0.5157101667206834
65878,0.523186192666417
65879,0.4968899747167885
65880,0.5022221533749196
65881,0.4404680844832707
65882,0.5007407115154604
65883,0.468007234426276
65884,0.4962337897711633
65885,0.4931559151822882
65886,0.5111678452382143
65887,0.4871650921027527
65888,0.3862194287449122
65889,0.5013930213342069
65890,0.5019143779583259
65891,0.5021534792764977
65892,0.49574432864964557
65893,0.5086350734480611
65894,0.5078760578217993
65895,0.3121347483804673
65896,0.513932128502538
65897,0.5105652586355681
65898,0.49799728975852076
65899,0.4873600223329537
65900,0.5086371084503565
65901,0.49468002514698656
65902,0.516926369159329
65903,0.4837748815601436
65904,0.5137928781738221
65905,0.3636772380278802
65906,0.5133999246602055
65907,0.5092368684451867
65908,0.47331781458402145
65909,0.47581678205234684
65910,0.3812265662409212
65911,0.4952551564400881
65912,0.4901048057976434
65913,0.4904025853516256
65914,0.4971826734025837
65915,0.5146333230439175
65916,0.4968328274608004
65917,0.5016032524156652
65918,0.5677086905648938
65919,0.4916714329470888
65920,0.47553102903140704
65921,0.502522210816083
65922,0.5038529158295089
65923,0.5080203969173296
65924,0.48659561004573215
65925,0.5210105202626705
65926,0.4917050864281551
65927,0.5306046135936403
65928,0.5070347233828103
65929,0.48197601763869646
65930,0.41529857384015717
65931,0.5038425687344393
65932,0.4976306567849786
65933,0.5036380199054042
65934,0.4895855730405108
65935,0.49949233010860206
65936,0.49949566115104355
65937,0.4889224567133453
65938,0.5224354582910686
65939,0.5046563867350139
65940,0.49560846800388414
65941,0.4954652304436944
65942,0.3507585584303562
65943,0.4971972363679334
65944,0.5133830942773332
65945,0.48936757097270733
65946,0.5056002467052318
65947,0.5051230805806102
65948,0.4820570663175549
65949,0.48886186708811663
65950,0.48710938131373016
65951,0.5131958093561937
65952,0.49304607270687506
65953,0.4914652426358892
65954,0.4715820334863931
65955,0.49687117813217857
65956,0.48548616563970914
65957,0.47803573695821927
65958,0.5200910863320055
65959,0.4821831230884799
65960,0.48397182885730944
65961,0.4921847820214676
65962,0.4770148965433587
65963,0.32614034299542694
65964,0.4821036590001341
65965,0.4598310480071198
65966,0.4908643427178083
65967,0.5029753095067582
65968,0.49694520407829257
65969,0.47094465310103373
65970,0.49808543370230796
65971,0.4780560669158853
65972,0.500635509358113
65973,0.4952643542860304
65974,0.4921401400548372
65975,0.5012254099407373
65976,0.4848924069577683
65977,0.4894634513825682
65978,0.5761774210247639
65979,0.48051887879452093
65980,0.4821567769519509
65981,0.48443538564510114
65982,0.5016684873565571
65983,0.5038825485535411
65984,0.4849436083825097
65985,0.49632913921250793
65986,0.500801571935888
65987,0.5131935059022632
65988,0.49187792832839017
65989,0.4939956415308856
65990,0.483294352590125
65991,0.5143762356777877
65992,0.5010672868982973
65993,0.5137593018807092
65994,0.37213635346449947
65995,0.3721947574368582
65996,0.48135232364467123
65997,0.46441413313557367
65998,0.531844459223545
65999,0.4737009809559537
66000,0.5026121136604976
66001,0.5137841698860786
66002,0.4953019794568594
66003,0.4613203454115631
66004,0.486509099726508
66005,0.48992853180240226
66006,0.5212512119142875
66007,0.45657842030299856
66008,0.48692511665336347
66009,0.5039088191284677
66010,0.4918091770008114
66011,0.486135495435457
66012,0.49395328007808187
66013,0.47767571091650096
66014,0.5011234784648433
66015,0.49870596910281884
66016,0.5059469689642127
66017,0.47923128480771904
66018,0.5081158459853581
66019,0.508519837926413
66020,0.4839104201392782
66021,0.5087006626759536
66022,0.48829001144711065
66023,0.500698513818484
66024,0.5227098878161747
66025,0.5420366921849198
66026,0.48762950825827317
66027,0.3788864409095163
66028,0.5214867760662353
66029,0.5014167266511765
66030,0.476768566451475
66031,0.4934377969357273
66032,0.4720263395872252
66033,0.4762439426124612
66034,0.47058240735961787
66035,0.48112972310930474
66036,0.49109825458748096
66037,0.4985195321732369
66038,0.5053835930913296
66039,0.48255228727551375
66040,0.4856784852621553
66041,0.4966045912347098
66042,0.5027931685489739
66043,0.4933528251793788
66044,0.4750076086586002
66045,0.48445315161434366
66046,0.49413254873896767
66047,0.5254736278002436
66048,0.5053959169678299
66049,0.49464003107886934
66050,0.5090859604222094
66051,0.48409999324897407
66052,0.5025285649254309
66053,0.5240274941741929
66054,0.3784091482487185
66055,0.46954440881523557
66056,0.4908055657030792
66057,0.36228589682329654
66058,0.514344139420122
66059,0.5213423723467537
66060,0.5206924638981146
66061,0.33640177144294353
66062,0.38035034879974966
66063,0.5462317772413149
66064,0.4806733913517263
66065,0.4941433942333429
66066,0.4948470100887168
66067,0.33869962548377547
66068,0.4993839835668464
66069,0.4741021875406878
66070,0.48768357541807017
66071,0.4656422546834691
66072,0.49498252086849487
66073,0.5109199606610303
66074,0.4526819456653771
66075,0.49231166671720616
66076,0.49270442643611595
66077,0.5107017718216349
66078,0.480188558205494
66079,0.5165525811391534
66080,0.5006969883153954
66081,0.5119041999924081
66082,0.5062163493262258
66083,0.5133530476030247
66084,0.48614004591448545
66085,0.512397043425197
66086,0.5452589895193236
66087,0.5144657845491801
66088,0.5040974169607504
66089,0.48548076902249104
66090,0.49132718992287894
66091,0.5179418833385082
66092,0.48422333301081927
66093,0.4754246172948321
66094,0.510963972382151
66095,0.49793618674077533
66096,0.44152285411356107
66097,0.4947678781129936
66098,0.5025162553677329
66099,0.49901914730847063
66100,0.4676971125852663
66101,0.5117821133096848
66102,0.3631610024724811
66103,0.4690358372853563
66104,0.48115431559135613
66105,0.4927142816098135
66106,0.5026569533584344
66107,0.5094832807424494
66108,0.49645059307149136
66109,0.5080126783287299
66110,0.4829076621430085
66111,0.5033225786728285
66112,0.487089780158091
66113,0.517563548863741
66114,0.4951638850113724
66115,0.489900908056941
66116,0.5660902323014421
66117,0.506708894090687
66118,0.4780010152510138
66119,0.5601200639915087
66120,0.49422960308857206
66121,0.5012320005409054
66122,0.38016788262259443
66123,0.5077008820742133
66124,0.5010957953733961
66125,0.5288298309488589
66126,0.5114425487135347
66127,0.484504345682632
66128,0.44917572026797703
66129,0.5009906365516643
66130,0.4815066757332387
66131,0.5240133994111594
66132,0.499659958818661
66133,0.504862640399578
66134,0.5184114109802402
66135,0.47801446694833477
66136,0.581997347630245
66137,0.5093260149070581
66138,0.4992253965984248
66139,0.47002752934745673
66140,0.510724316266158
66141,0.4776337828922267
66142,0.5060332936709662
66143,0.4910995796852591
66144,0.4417503746954391
66145,0.5036088773081998
66146,0.3843577261008321
66147,0.5050503234021426
66148,0.4980303686089837
66149,0.35041272024017583
66150,0.5120971521553478
66151,0.4902962806079964
66152,0.5026048077644527
66153,0.4869696253477875
66154,0.5218096878142291
66155,0.5000260410209585
66156,0.48158327669250434
66157,0.4924307042534498
66158,0.48984318156762574
66159,0.5024225157832495
66160,0.49074121687889893
66161,0.4924817739043571
66162,0.48728741777110185
66163,0.4798536020774786
66164,0.43348143058710814
66165,0.4781769893757201
66166,0.5198864842617408
66167,0.5083931117345196
66168,0.5031647841784324
66169,0.5072162309189256
66170,0.514507741160464
66171,0.5076106948222221
66172,0.4983545384805013
66173,0.4994561627169912
66174,0.5812730626375727
66175,0.47702778247104305
66176,0.5516532173180939
66177,0.5056529535489007
66178,0.4699244576459699
66179,0.4998160214561091
66180,0.48545938848781234
66181,0.32286482963086954
66182,0.5004585706843961
66183,0.4792148238397981
66184,0.4665143513371064
66185,0.49353029177992513
66186,0.5062916328444061
66187,0.5594255648175374
66188,0.48863506850389704
66189,0.4980492718643798
66190,0.3599973745295547
66191,0.5017337076717251
66192,0.5093380258277583
66193,0.5210900042788286
66194,0.49147569123511825
66195,0.5079210480649348
66196,0.528235949004501
66197,0.47048204124488463
66198,0.4915207082207322
66199,0.49725059156476725
66200,0.5011286124066822
66201,0.5222662652064635
66202,0.48523558422255564
66203,0.45878822427621885
66204,0.5035994049902909
66205,0.5136698815251438
66206,0.49280787983165253
66207,0.4868563392343619
66208,0.5231111479103201
66209,0.502761166580382
66210,0.5067184581323805
66211,0.49117770575591235
66212,0.47923494041036446
66213,0.5000377734088337
66214,0.44815665886988354
66215,0.5030418991221645
66216,0.478529242206149
66217,0.46985330004984716
66218,0.48694587032643444
66219,0.5002412255407283
66220,0.3465770092622291
66221,0.4819541275348096
66222,0.4975749492484709
66223,0.4975505974221424
66224,0.4997301515489526
66225,0.518907245686398
66226,0.48748953357616637
66227,0.4981874538679395
66228,0.46073519496451315
66229,0.47693471974446006
66230,0.5171114888540508
66231,0.4904933868815103
66232,0.505560572007626
66233,0.4779464537504123
66234,0.4902308147016843
66235,0.491736412347908
66236,0.5067923287254376
66237,0.4912925739387061
66238,0.49000692085613423
66239,0.4859382838553904
66240,0.46810372766897357
66241,0.4723883703078096
66242,0.5074614218056628
66243,0.47965419445062824
66244,0.3687541814402244
66245,0.532706330975485
66246,0.4867389785872836
66247,0.49673199639654186
66248,0.5002172874330589
66249,0.5146723449130837
66250,0.49088559820157185
66251,0.5248928051468619
66252,0.44128848570871104
66253,0.4805625464393696
66254,0.4779309195261661
66255,0.49698395205215773
66256,0.5147118551716612
66257,0.3708319540838215
66258,0.4889289746022452
66259,0.51208114150031
66260,0.3576866175484614
66261,0.49466976079083913
66262,0.49695188345079455
66263,0.5370844831396169
66264,0.4794619030444508
66265,0.5082895688108953
66266,0.4972326281982232
66267,0.5202955123335732
66268,0.5212625628821114
66269,0.502304065588006
66270,0.4849991744241642
66271,0.5083239649910045
66272,0.48366581353706783
66273,0.4702464463010231
66274,0.4779776872481202
66275,0.520760118389439
66276,0.48155152038050486
66277,0.4803809123810523
66278,0.5013517143817023
66279,0.3621761332707459
66280,0.47512366837196507
66281,0.48085586321384743
66282,0.5014372722394322
66283,0.5208098586876673
66284,0.42877850701280323
66285,0.4595233961230619
66286,0.5035464397873821
66287,0.5267793736923893
66288,0.4668174140645063
66289,0.5056714733890887
66290,0.3366375367675406
66291,0.5075641551135536
66292,0.49416489515917345
66293,0.4303855950117139
66294,0.46160089107651386
66295,0.4802363867557223
66296,0.5034967428602247
66297,0.5115094363768656
66298,0.5660070212160545
66299,0.49855790105729364
66300,0.5036254277560337
66301,0.5760197475953687
66302,0.45162102275840027
66303,0.51512137362555
66304,0.47337929119267663
66305,0.5099820228298078
66306,0.48932102010318196
66307,0.5124818608636701
66308,0.4958468510916632
66309,0.5151677932125369
66310,0.5172550372294681
66311,0.518228059896808
66312,0.49584124233084165
66313,0.49596138814169766
66314,0.49859869468741624
66315,0.5048017399626987
66316,0.5052301012720274
66317,0.5020079229555059
66318,0.5167266057249358
66319,0.5139155379793561
66320,0.49680352624867896
66321,0.47553654713993565
66322,0.4616032377268957
66323,0.4842692490043033
66324,0.5306191646605988
66325,0.498704693220433
66326,0.5016788099863283
66327,0.5248069157633753
66328,0.4946425606824517
66329,0.5108920139989138
66330,0.5001077414441031
66331,0.4807024323566121
66332,0.4846940802200697
66333,0.5101613374377592
66334,0.5101038802461806
66335,0.5104743035608129
66336,0.499108490774671
66337,0.5025801119723841
66338,0.4837986389319644
66339,0.4895977362812307
66340,0.4876082894445364
66341,0.48413004368070695
66342,0.4953171825197665
66343,0.5033312063782399
66344,0.4900107311679494
66345,0.48887894016327316
66346,0.5050683658246837
66347,0.5026218135933956
66348,0.4848469627384431
66349,0.49540846919666726
66350,0.47667211585663055
66351,0.5077584103487166
66352,0.5099196724912796
66353,0.49778326773167936
66354,0.3179916137136587
66355,0.5032843389191655
66356,0.4931913662062039
66357,0.5128123058023132
66358,0.39969077458136654
66359,0.4855675704581125
66360,0.5023618652037171
66361,0.480618917426394
66362,0.5033425084725626
66363,0.37817235077950684
66364,0.4831208337121471
66365,0.49424507041057447
66366,0.4822193244053863
66367,0.5348998261969956
66368,0.5088730928639507
66369,0.5175204054443945
66370,0.42202265526461963
66371,0.5084876989097623
66372,0.4846528971315021
66373,0.4875688680485232
66374,0.48892150230378917
66375,0.5106285920865977
66376,0.5105549628722086
66377,0.5751947217825807
66378,0.48893941541970803
66379,0.3252147420223017
66380,0.4886009830655019
66381,0.5408941766742573
66382,0.4647883028840909
66383,0.5133234613560106
66384,0.4915018200503183
66385,0.5056920078627659
66386,0.48778678234179335
66387,0.5277485288557572
66388,0.48927814584241935
66389,0.4937067607203943
66390,0.4806465055378105
66391,0.47227653017366994
66392,0.4840535674199138
66393,0.4914837031910976
66394,0.49145554816047043
66395,0.47491730239602825
66396,0.47610690926056987
66397,0.4740629568229451
66398,0.4720336447705369
66399,0.49085077808357014
66400,0.5085786648898811
66401,0.468402488593598
66402,0.46178035114096994
66403,0.4976513973801435
66404,0.4955940597902483
66405,0.4914270075325897
66406,0.47159904460857566
66407,0.49617760411638134
66408,0.4888080689637091
66409,0.49929553229946716
66410,0.507728690346955
66411,0.46651209601608934
66412,0.4817235987174223
66413,0.5911676348181945
66414,0.5001313789242848
66415,0.38879341831041914
66416,0.5119300039462242
66417,0.5005433165924765
66418,0.4943527829752329
66419,0.5102011883192198
66420,0.451664692792838
66421,0.4909929936385285
66422,0.48957653202002066
66423,0.5402799625716991
66424,0.5216026635545808
66425,0.4839588306676692
66426,0.5047624374698458
66427,0.4868974915641686
66428,0.5007236714987969
66429,0.5126551165276088
66430,0.5428184215613083
66431,0.418879861905922
66432,0.5051508990923991
66433,0.4965486324607683
66434,0.5450260950567689
66435,0.48647822391840645
66436,0.514782731537266
66437,0.5021542386614519
66438,0.4801739654503604
66439,0.5124269421051254
66440,0.5576449980678944
66441,0.485085249894811
66442,0.37753255988133627
66443,0.5107292934034289
66444,0.5013062185993441
66445,0.5045297580630167
66446,0.4975058941428304
66447,0.49808272897609707
66448,0.3362716905337613
66449,0.484926437673728
66450,0.4926158434761265
66451,0.5107354501008516
66452,0.4934870427841638
66453,0.5086054501997906
66454,0.4866491678076658
66455,0.4961198155426586
66456,0.5003649588490022
66457,0.49532181063341424
66458,0.47962167817398094
66459,0.49988305213832557
66460,0.5020108259691859
66461,0.484576008747442
66462,0.5653640290615748
66463,0.47259515172331806
66464,0.5312965201684166
66465,0.506512413928411
66466,0.546860355958686
66467,0.48794908892091793
66468,0.4957184825849449
66469,0.50778565160718
66470,0.5682751648076462
66471,0.5070627518235596
66472,0.5154596228818353
66473,0.46608223192172604
66474,0.4931452902995057
66475,0.5162484569889505
66476,0.5211003645908766
66477,0.49166205107163835
66478,0.49627513417092756
66479,0.3589305859277912
66480,0.4955931089974776
66481,0.5064386896891507
66482,0.48848182577332927
66483,0.48572836541978903
66484,0.5048295547089253
66485,0.5032120144735692
66486,0.49739836774245255
66487,0.49983193489888167
66488,0.5140157533049856
66489,0.4903548048431096
66490,0.5171596471285163
66491,0.5000215952034324
66492,0.49704743672499485
66493,0.49007680720641583
66494,0.4866601232070354
66495,0.5035675916761204
66496,0.5680636714788653
66497,0.47747483269701285
66498,0.5166431064449212
66499,0.5050457247793328
66500,0.5151261016177022
66501,0.5100636545951799
66502,0.4943852799707489
66503,0.4776929881853136
66504,0.4778089832709804
66505,0.4987756640851667
66506,0.5005599439539224
66507,0.48177577427525586
66508,0.4940036591606297
66509,0.4823872516214499
66510,0.5167608737259722
66511,0.5055585375215392
66512,0.5057785369319383
66513,0.5138745813510479
66514,0.4977289223228453
66515,0.4516726490002275
66516,0.5058623997320736
66517,0.48765876533741426
66518,0.4986907540032921
66519,0.47742822713748667
66520,0.5027271145836897
66521,0.46263965738510016
66522,0.48744743751927483
66523,0.5084425267273603
66524,0.5183777254137459
66525,0.46470952083916583
66526,0.49646645720152016
66527,0.5091453984932597
66528,0.4836504050788951
66529,0.4898213260156634
66530,0.5006651799515544
66531,0.5096781709554226
66532,0.5104187667684075
66533,0.5019944980858514
66534,0.35462200444665753
66535,0.49955785367111544
66536,0.4916109523821658
66537,0.4393898668320682
66538,0.4807965584092718
66539,0.5157789988602023
66540,0.49591957927981206
66541,0.5051957612285176
66542,0.5156866713315789
66543,0.4881261962421892
66544,0.4891610763229413
66545,0.49582183494039234
66546,0.4825897019989164
66547,0.5005950901591201
66548,0.49794995346285886
66549,0.4725284543410358
66550,0.4712118463750231
66551,0.4835696986729192
66552,0.5051300004380634
66553,0.4735235111202011
66554,0.49832344617424246
66555,0.4756734515821689
66556,0.5023118861810191
66557,0.5202111430831686
66558,0.47848831921167767
66559,0.502261909225826
66560,0.5003689203090075
66561,0.5061424597390576
66562,0.5033077108829738
66563,0.4718606682233687
66564,0.5087309823587143
66565,0.461705227916656
66566,0.514719423477897
66567,0.40116444671123214
66568,0.4789907721212183
66569,0.4737262469394636
66570,0.520456290395902
66571,0.5176272601423975
66572,0.510799902421858
66573,0.5589044534736741
66574,0.49125909613883917
66575,0.333127205342583
66576,0.4914618914451063
66577,0.4802229403922252
66578,0.47703691512791585
66579,0.5016560054842542
66580,0.48193283180314733
66581,0.45992235242423773
66582,0.5009577094363815
66583,0.4810146712443546
66584,0.5536365669486472
66585,0.4665126364080624
66586,0.5310755251646002
66587,0.4809416321516053
66588,0.4770532580279758
66589,0.437865886255592
66590,0.4807460253696034
66591,0.5000081420044721
66592,0.5340110094745334
66593,0.5749015577303009
66594,0.5109411793584464
66595,0.49007466532383925
66596,0.4903379719888445
66597,0.48813871577271817
66598,0.439665174415526
66599,0.47065601942870705
66600,0.4793013529451118
66601,0.4954287552817789
66602,0.45400476270412904
66603,0.506486920902653
66604,0.4999349586126008
66605,0.4887687621054114
66606,0.4841379970596777
66607,0.500954827654414
66608,0.5209298813761558
66609,0.48193482571936025
66610,0.47980254773685826
66611,0.556311913331263
66612,0.49816808386834655
66613,0.5699737151630551
66614,0.4771710594241993
66615,0.5105656897003159
66616,0.5156312976466293
66617,0.4992082260117847
66618,0.48913012265800976
66619,0.487299580792638
66620,0.49616954394144386
66621,0.5008166958551282
66622,0.5139674035628224
66623,0.5053289185711487
66624,0.4990122306511403
66625,0.5543784695769538
66626,0.5066075303658595
66627,0.5168947328800878
66628,0.48814063058655205
66629,0.5112554104508353
66630,0.5119506832798669
66631,0.5034343592257919
66632,0.48744944031294457
66633,0.4828325042759375
66634,0.534076963680207
66635,0.4765293930046089
66636,0.4603068378576518
66637,0.5012840601255429
66638,0.4847788717267342
66639,0.36256120624156873
66640,0.4994853655884409
66641,0.3563075213449348
66642,0.5032113165683273
66643,0.5707469023389307
66644,0.4865872912201217
66645,0.5373476815432094
66646,0.5021597726369448
66647,0.372644720451757
66648,0.4774754466123552
66649,0.45247731545008346
66650,0.48574739473365103
66651,0.4820590481061762
66652,0.4842516939189894
66653,0.4927257886619464
66654,0.48544837226124643
66655,0.5099824836239962
66656,0.5246465255597831
66657,0.4781081249912213
66658,0.5070430587346694
66659,0.5056338324102007
66660,0.5038131382690276
66661,0.5099037169291334
66662,0.4954704337027113
66663,0.500859611973126
66664,0.48900997150300074
66665,0.34820962630108704
66666,0.4842022457556808
66667,0.5130853324430509
66668,0.490168868432014
66669,0.5024636077174206
66670,0.4863146714211283
66671,0.484689648463392
66672,0.40512113230611685
66673,0.47927181662075347
66674,0.49020260747737465
66675,0.4846894557446744
66676,0.5028785037030917
66677,0.5113229296518328
66678,0.49198475065948977
66679,0.5303440069793581
66680,0.5101898720256282
66681,0.5070130270514219
66682,0.5081934586345691
66683,0.5175166496548911
66684,0.5190517902390339
66685,0.48898066716195665
66686,0.5265620727189676
66687,0.4987979084462601
66688,0.47362096658814956
66689,0.46203264694393037
66690,0.5143395318610262
66691,0.4977897587715452
66692,0.5128221828755072
66693,0.5126495433519934
66694,0.5103022479297917
66695,0.49442672455754255
66696,0.47934595251600864
66697,0.4814374894225357
66698,0.4904139467161365
66699,0.5380183650366223
66700,0.49269066869479095
66701,0.3447441132858338
66702,0.5189282434527397
66703,0.46875090047499374
66704,0.5060447656400814
66705,0.4841273600267549
66706,0.4769491956805003
66707,0.46391150530363734
66708,0.5107635506543731
66709,0.4892571003182089
66710,0.5034604943530363
66711,0.553547302929744
66712,0.49366170173488344
66713,0.47876633656977263
66714,0.5080764764201163
66715,0.49686731089625974
66716,0.5037542633193627
66717,0.47175891592506697
66718,0.4553417006876442
66719,0.5034070078208019
66720,0.4793572949022563
66721,0.5106827111085821
66722,0.38392938052912073
66723,0.4684220927130266
66724,0.4999284364048121
66725,0.5612723978405607
66726,0.4869136066861798
66727,0.5291647668140665
66728,0.5167393347685812
66729,0.47252219156890174
66730,0.5105571464491538
66731,0.48121654397681973
66732,0.4960390890394111
66733,0.49163974431292756
66734,0.4810939281249278
66735,0.5028249875454484
66736,0.49977439633537857
66737,0.49852510438014924
66738,0.5050797615436364
66739,0.4943586220498598
66740,0.4962209906922345
66741,0.4906336319578033
66742,0.4800353934897937
66743,0.469944221738586
66744,0.47655097936043883
66745,0.49254232872010045
66746,0.47304221437063876
66747,0.48155694928683734
66748,0.4503438038517596
66749,0.4949113801713222
66750,0.34097879794140645
66751,0.49835074930297624
66752,0.5030661425861552
66753,0.5143423615893797
66754,0.3397841103077286
66755,0.3518006458612479
66756,0.5018521446361122
66757,0.4968824308688988
66758,0.49959047273335555
66759,0.4457918128576541
66760,0.5206850270903399
66761,0.5026486939418459
66762,0.47502636713246726
66763,0.4858310863882691
66764,0.5616434291034587
66765,0.54035701086781
66766,0.4882540143908326
66767,0.48882466941715647
66768,0.5068343320873212
66769,0.5022863742073015
66770,0.4725108010919935
66771,0.49994329902922385
66772,0.49813784089112967
66773,0.4766987777337174
66774,0.46262554841317727
66775,0.5295733087593997
66776,0.512165386085037
66777,0.509035081958326
66778,0.48446921589215464
66779,0.4937401922830513
66780,0.49486533494350676
66781,0.4884749637293717
66782,0.482694390014081
66783,0.49690169076830093
66784,0.5023138505267987
66785,0.5090059471040091
66786,0.4980323660883794
66787,0.4991347082014597
66788,0.5026093642997195
66789,0.5070487737809304
66790,0.45402759322965236
66791,0.32928702438942575
66792,0.49903845724776597
66793,0.4783880150858338
66794,0.5083009113878701
66795,0.493948069806093
66796,0.4986370542836208
66797,0.5593039214061754
66798,0.4491678586405723
66799,0.49473655593569726
66800,0.49554913870070494
66801,0.5098472227540846
66802,0.4879130032530091
66803,0.47863702322072943
66804,0.5302468261457818
66805,0.505210124970128
66806,0.4864723937525064
66807,0.3396791001596524
66808,0.5128252396262919
66809,0.4909300300043239
66810,0.46997863980014287
66811,0.4953389216198763
66812,0.5041746586166223
66813,0.48701010309571807
66814,0.4420299486697892
66815,0.5725218491628852
66816,0.3704351109246266
66817,0.4920193404660588
66818,0.4755007729144816
66819,0.5138240923279253
66820,0.45413167683141265
66821,0.5156989107890817
66822,0.4685997002245278
66823,0.4894605751942332
66824,0.5159195173149517
66825,0.473212620522815
66826,0.48946748970195686
66827,0.49774905331306907
66828,0.5092468353242108
66829,0.5016620872319012
66830,0.3458106317918908
66831,0.476898947536387
66832,0.5115187739676125
66833,0.48669119531033467
66834,0.49263064387198197
66835,0.5040449533003264
66836,0.45836725747441104
66837,0.493828955001267
66838,0.4973890369151838
66839,0.48017034644593964
66840,0.3673699902250507
66841,0.4202906017965447
66842,0.4964597618646287
66843,0.34206947639831453
66844,0.5068774381899045
66845,0.4902771076802639
66846,0.37900866380185777
66847,0.511574425127905
66848,0.5086552242459714
66849,0.4871452267417696
66850,0.49148530387404504
66851,0.49313652306924816
66852,0.5143749622854881
66853,0.5685278194280564
66854,0.4781586889995056
66855,0.5067973098488097
66856,0.48615665142507947
66857,0.48386696752957714
66858,0.507694581569514
66859,0.4811186573992339
66860,0.5154362051379908
66861,0.5014837649744469
66862,0.3565436292696258
66863,0.49849100577500555
66864,0.4843738329740199
66865,0.5019651303807765
66866,0.4909016276523028
66867,0.4902095010812479
66868,0.5020024672748266
66869,0.45123364781426945
66870,0.4782409767572218
66871,0.49680296922329004
66872,0.49416310108637307
66873,0.5075781281531542
66874,0.49866600606023553
66875,0.4689274273741193
66876,0.499803537976509
66877,0.4882071851046359
66878,0.49182486903495515
66879,0.5214529693055502
66880,0.4945645773373828
66881,0.5111855644920669
66882,0.5058243270914833
66883,0.5777576047716524
66884,0.48000925431670777
66885,0.4887586400684393
66886,0.5086194540403044
66887,0.4799337712278813
66888,0.5693147110183259
66889,0.5106338852053737
66890,0.4987873798175582
66891,0.515188625927006
66892,0.487529075878696
66893,0.507456798100826
66894,0.50176374703568
66895,0.4789482661588915
66896,0.48224715875578344
66897,0.4772410951344712
66898,0.45728451519831814
66899,0.48868492771824223
66900,0.5680126827925492
66901,0.4917521741280263
66902,0.3474834418264205
66903,0.508357397214405
66904,0.4800990246788419
66905,0.3731423663894559
66906,0.4987953591805703
66907,0.5179913611320278
66908,0.34577285034809885
66909,0.4949276845711557
66910,0.5050157542515249
66911,0.3470504826180387
66912,0.3548157518403653
66913,0.5094549025411945
66914,0.5019642279965555
66915,0.4879990091268034
66916,0.4922299873826645
66917,0.5041108107008683
66918,0.47809369647249245
66919,0.48783493219085206
66920,0.4956084967711519
66921,0.48486947539689584
66922,0.5105414123414476
66923,0.47782929609855895
66924,0.5051395902815253
66925,0.45819891141988794
66926,0.4977244782170457
66927,0.4861624371643617
66928,0.48805533313811017
66929,0.48305333145164825
66930,0.4980743264850753
66931,0.5037510820299279
66932,0.4606798242226473
66933,0.49903965456308264
66934,0.4794314278139282
66935,0.46588637174846037
66936,0.49011531486467597
66937,0.515102652732138
66938,0.5077748282311584
66939,0.4819141143996171
66940,0.5192416925145167
66941,0.5134923025745507
66942,0.49934282483573733
66943,0.48761007200755063
66944,0.49101224561973456
66945,0.5008320724250832
66946,0.5083547523627836
66947,0.4890758885497545
66948,0.30617574723790825
66949,0.4912011283243424
66950,0.48726116502205247
66951,0.4760137340861655
66952,0.43197359390385537
66953,0.4807987501423398
66954,0.4888451908975233
66955,0.4948297513806787
66956,0.48435829831896304
66957,0.47906014301024813
66958,0.5099204049220467
66959,0.4959539773873355
66960,0.4858934278084883
66961,0.5063530015448191
66962,0.47322794087218006
66963,0.5166937542754144
66964,0.4877749523251541
66965,0.470261020052905
66966,0.4848414827650797
66967,0.4873663090963063
66968,0.505448989126791
66969,0.5135817281099166
66970,0.5127282603280219
66971,0.4615555683691376
66972,0.48144830603127353
66973,0.3655078003296925
66974,0.4945394057145688
66975,0.47058284633321346
66976,0.4676747913384289
66977,0.49915025888791875
66978,0.48566712793988814
66979,0.5140518932402244
66980,0.4978268699956867
66981,0.4968476914005573
66982,0.5018893668983587
66983,0.4884713658648189
66984,0.47417509386103807
66985,0.3763246029506107
66986,0.3982476675742571
66987,0.5074059119248263
66988,0.48613894328276375
66989,0.36321378310304187
66990,0.45765897438143355
66991,0.4961005087791487
66992,0.3611201932966209
66993,0.5073490309657765
66994,0.4790007585840368
66995,0.5626406814497524
66996,0.48928698378414937
66997,0.48965918385452184
66998,0.4914800165854398
66999,0.4814281161165048
67000,0.5066499582066335
67001,0.5052250284206271
67002,0.5084737509164318
67003,0.4828420389433309
67004,0.5039251593542914
67005,0.4853774150367658
67006,0.5648920127749124
67007,0.5647366567752385
67008,0.48476677698182435
67009,0.5037388590626419
67010,0.3953737679530085
67011,0.49552755081626654
67012,0.478945965496539
67013,0.5038146391929886
67014,0.5191628509951276
67015,0.5025226249965706
67016,0.5166710069738489
67017,0.5004285659014764
67018,0.5887372066684267
67019,0.5117962422811789
67020,0.5388366915281654
67021,0.49546144077075077
67022,0.5152424240430524
67023,0.5035028336709718
67024,0.4875357115198833
67025,0.3426717206376211
67026,0.3541165008141878
67027,0.48104743186987553
67028,0.46242607994080975
67029,0.5083138377024633
67030,0.509637088144901
67031,0.4992987485707211
67032,0.4987983001159617
67033,0.5623681035476229
67034,0.5034367779696471
67035,0.5094979748722255
67036,0.5051838932192544
67037,0.4984088536679582
67038,0.4981559339736036
67039,0.48164542961833523
67040,0.5104112324611287
67041,0.49179176138573166
67042,0.49829588205516206
67043,0.5010391987686507
67044,0.49989279811454146
67045,0.3712653711974863
67046,0.49330443029194915
67047,0.4880519851232098
67048,0.5009553028033733
67049,0.5050102083318156
67050,0.4967799549185799
67051,0.49072424745465
67052,0.49581028910172076
67053,0.5056354806488161
67054,0.4884803993449963
67055,0.4910691528765673
67056,0.5028532476414296
67057,0.4769253422194763
67058,0.5033359859623788
67059,0.49470163689942603
67060,0.5155827299522016
67061,0.4151459424305428
67062,0.5038522335861089
67063,0.5396232136110346
67064,0.5460824634075288
67065,0.4965491754125545
67066,0.5098357056069003
67067,0.49822033660353493
67068,0.49482122624055336
67069,0.4987867065485741
67070,0.48803412305664085
67071,0.4691503542292501
67072,0.5020347920265865
67073,0.5059393820589132
67074,0.4957612502991248
67075,0.503338393254695
67076,0.47263745596940254
67077,0.49366662072741846
67078,0.5035000046059048
67079,0.47012000272792454
67080,0.4890364526329726
67081,0.47044721938534984
67082,0.4994684327061858
67083,0.5108206852239102
67084,0.47910496117012136
67085,0.48185818150993553
67086,0.4762505998119907
67087,0.5143397856743681
67088,0.4827654800590532
67089,0.5039934686796286
67090,0.4910192946426636
67091,0.48237938670877156
67092,0.4667811263150129
67093,0.4864204441051716
67094,0.4846269525155773
67095,0.31459290527360245
67096,0.3782092701424492
67097,0.4861592637317023
67098,0.4965645570785146
67099,0.5034354065267673
67100,0.5191814774235918
67101,0.4833113589268064
67102,0.5042056062439912
67103,0.5007557108818451
67104,0.48851628803107516
67105,0.4983184572707425
67106,0.496092131725117
67107,0.5223202259910591
67108,0.48780301736205367
67109,0.3351792124516527
67110,0.3873128796635523
67111,0.5194064339954387
67112,0.3512344617897407
67113,0.4968537197217204
67114,0.4788885558899316
67115,0.47573226737980945
67116,0.4549946700071418
67117,0.46580537759099083
67118,0.48987810745346594
67119,0.4574547381942431
67120,0.4949691463343636
67121,0.48967774039890843
67122,0.4764904380377102
67123,0.4926521331373539
67124,0.501189298025635
67125,0.44884910056465105
67126,0.5034591039983971
67127,0.48839054696084827
67128,0.46015797515053736
67129,0.5022677799807751
67130,0.5000083908453195
67131,0.48201529820931194
67132,0.5096824570568312
67133,0.4911636782852331
67134,0.4932421935672797
67135,0.500257578827584
67136,0.5189741985778277
67137,0.5296451811054093
67138,0.5069998138425451
67139,0.4837897357697712
67140,0.5059381704736308
67141,0.48789461033315584
67142,0.48629193614543714
67143,0.4844091378006201
67144,0.49734243293039027
67145,0.5012071841093622
67146,0.461118768959557
67147,0.4952630529348626
67148,0.49970739830696626
67149,0.48788289831133985
67150,0.49454227521498095
67151,0.5002207763771741
67152,0.5005459096745186
67153,0.5063667799911673
67154,0.49564482145998656
67155,0.3644324425560599
67156,0.4926716999733109
67157,0.4734829691487147
67158,0.3758361942181593
67159,0.5179659991350961
67160,0.48715289744380585
67161,0.49955810270665063
67162,0.4908422552557711
67163,0.4959151595735957
67164,0.5238571939149319
67165,0.5040439641854626
67166,0.49427348356605094
67167,0.49008239587831015
67168,0.49874389283895676
67169,0.49166686249704333
67170,0.3723293587437705
67171,0.444591279320752
67172,0.4936747700813874
67173,0.5094377311678775
67174,0.49203295512325207
67175,0.5095606457320129
67176,0.4810579264371933
67177,0.5044352476691436
67178,0.48251855261395604
67179,0.34884949782207453
67180,0.47407940558005623
67181,0.47033425794066636
67182,0.5184887064254513
67183,0.489785917816734
67184,0.49270730773133903
67185,0.5116260103827069
67186,0.45262165036431123
67187,0.5036577253919554
67188,0.47996941794276465
67189,0.5084056009167573
67190,0.4884422078393208
67191,0.4762473152983734
67192,0.5089154800738795
67193,0.5157004488184079
67194,0.4838274079079209
67195,0.5021293602838757
67196,0.4858764996482876
67197,0.4954586573735766
67198,0.3700223887675044
67199,0.5409101000797852
67200,0.4958481898323358
67201,0.4909016447289786
67202,0.5063695353974312
67203,0.4934801693991765
67204,0.49582113896565627
67205,0.47465563564682234
67206,0.4801731984221894
67207,0.4951217507437682
67208,0.5689101746081522
67209,0.4751547212573703
67210,0.5048742827741999
67211,0.5241296665017651
67212,0.5103240263023026
67213,0.5114796325979057
67214,0.4980638961838302
67215,0.5117921918600252
67216,0.5001109091480653
67217,0.4955881611043197
67218,0.4959400455145423
67219,0.48198831305690404
67220,0.49673673124324624
67221,0.5033417428320002
67222,0.484476162514391
67223,0.512440684188726
67224,0.5061228715826968
67225,0.5053014133407174
67226,0.5003636122621876
67227,0.49886167925794067
67228,0.4918469257622644
67229,0.4929039624138652
67230,0.4951798905254514
67231,0.5208307257829985
67232,0.5112441664679703
67233,0.5041287113082519
67234,0.4870546784120442
67235,0.488393105429505
67236,0.49813818035016516
67237,0.5055915302625867
67238,0.513863986820412
67239,0.4936132018995399
67240,0.4878023047496056
67241,0.47033381559156745
67242,0.4840766571803573
67243,0.475683276050048
67244,0.4931346829406986
67245,0.5034639735410282
67246,0.3573315247928588
67247,0.5046003435744825
67248,0.5051332392240637
67249,0.4775186185850752
67250,0.49493895874753513
67251,0.48984922701261846
67252,0.482931007821149
67253,0.506801194184556
67254,0.4921846597636854
67255,0.5112972961402829
67256,0.5058781055011027
67257,0.4808664931791852
67258,0.4901275362996104
67259,0.4909815644862753
67260,0.48929111343118603
67261,0.49533894824361197
67262,0.4660239271974416
67263,0.3669745053749867
67264,0.5140825935505134
67265,0.5161033553589969
67266,0.4983878821894946
67267,0.40682375835403295
67268,0.4957667620650113
67269,0.5047380829618131
67270,0.5053412716098588
67271,0.4960261193380383
67272,0.4703524964593353
67273,0.3780975326370774
67274,0.5009760222265737
67275,0.5255062767600196
67276,0.4946062855970009
67277,0.48391759608009166
67278,0.5072774006929124
67279,0.4999622538010549
67280,0.331692985459551
67281,0.48077844587981045
67282,0.48285952815391153
67283,0.5003113520148732
67284,0.5137019290309803
67285,0.4742323001574241
67286,0.48481727169994887
67287,0.5053702386831636
67288,0.4844855764294932
67289,0.5266055842729802
67290,0.5137970335649302
67291,0.4843668263489651
67292,0.4802234268705937
67293,0.4996303906718328
67294,0.504413660042683
67295,0.512357872893949
67296,0.4926210134160427
67297,0.47725199408077723
67298,0.5175928851127042
67299,0.4742067551645003
67300,0.496735674694435
67301,0.49405811513732345
67302,0.507425832706954
67303,0.48720074296599525
67304,0.4675384907473684
67305,0.4966935272887108
67306,0.49806200243939425
67307,0.48698547386811447
67308,0.5028477655424136
67309,0.49852590849601464
67310,0.4911828571146298
67311,0.5066284203353933
67312,0.4834626253938392
67313,0.4954575796666379
67314,0.4655490251865579
67315,0.4899241382454475
67316,0.4818305248874424
67317,0.4762920462023922
67318,0.5280565772299111
67319,0.49999082776487186
67320,0.48028593260975677
67321,0.49350136135664574
67322,0.5121002284938834
67323,0.4888191522323414
67324,0.5210237305908894
67325,0.48433571356708915
67326,0.4932015315157212
67327,0.5047523199818889
67328,0.35566589486451256
67329,0.44671255355780426
67330,0.4647754669905764
67331,0.49772306209638123
67332,0.49207886956028746
67333,0.49013745299631384
67334,0.4914921172291119
67335,0.4976782099621273
67336,0.46920536448311345
67337,0.4915911042692524
67338,0.499560854350221
67339,0.5036609040407471
67340,0.3387178728929133
67341,0.5124824968025186
67342,0.5141860418765297
67343,0.4776257412108244
67344,0.49734377186300754
67345,0.47266171027244097
67346,0.47079708802692377
67347,0.49294061914690945
67348,0.5018183822453416
67349,0.4884546811048638
67350,0.49130549904185483
67351,0.3900552589849581
67352,0.48779500142051335
67353,0.4952527539275646
67354,0.4882958635599555
67355,0.4963166903071835
67356,0.47665834416767017
67357,0.4770701370657473
67358,0.5128743817057183
67359,0.496333982000586
67360,0.4868681802159072
67361,0.49404261826879203
67362,0.495403541260816
67363,0.5043453157068436
67364,0.5024092895600518
67365,0.4888520282495891
67366,0.5211925513380276
67367,0.5748651051285545
67368,0.49428227368151745
67369,0.4995319691958316
67370,0.5067230306261384
67371,0.49835103747167625
67372,0.49495577852933687
67373,0.47519218281953546
67374,0.5224090545007674
67375,0.49493621792728715
67376,0.4896029868311959
67377,0.49066703751348406
67378,0.47534421687718026
67379,0.4726904111119058
67380,0.5099455854113606
67381,0.493460551714501
67382,0.501805197538388
67383,0.4988382727677991
67384,0.5166554465598276
67385,0.548343178127805
67386,0.339567011110313
67387,0.4915028139887184
67388,0.5136323650021046
67389,0.5184239394525079
67390,0.5003961842880433
67391,0.4906231290862881
67392,0.49104095158767935
67393,0.495619147617244
67394,0.5042272358379659
67395,0.5083839801558594
67396,0.4996866972192354
67397,0.5069573968411578
67398,0.49131272637805323
67399,0.5182141949566152
67400,0.47591813691574447
67401,0.49975386857047766
67402,0.4815064579154376
67403,0.45912379807015796
67404,0.4839651567913761
67405,0.5107517810535814
67406,0.5029190825716585
67407,0.4936836945724547
67408,0.5031394822687484
67409,0.4879774950609048
67410,0.49094518098657375
67411,0.4884785018717564
67412,0.5002780606193459
67413,0.4825946977838738
67414,0.5157247307594641
67415,0.3586686400384349
67416,0.3868368381314034
67417,0.49543471867302913
67418,0.4782897866831555
67419,0.4946368085184409
67420,0.4937898888211393
67421,0.4799103737705852
67422,0.49429056529229015
67423,0.5123737987503888
67424,0.5662156339836211
67425,0.5213019190817799
67426,0.5042954827935849
67427,0.5055796982843536
67428,0.4985856466880645
67429,0.5187241488394452
67430,0.5011911000947133
67431,0.506039081294718
67432,0.4933152171847273
67433,0.49290870813402166
67434,0.4861837287491464
67435,0.4914377345423346
67436,0.43753916081037564
67437,0.5125343566972207
67438,0.5035272418399648
67439,0.3670248302823758
67440,0.47739249961116176
67441,0.5159173409848482
67442,0.4838245705189895
67443,0.4884111676372167
67444,0.5098585084646758
67445,0.47968150312697894
67446,0.5003089191796535
67447,0.5244366627662427
67448,0.4804729191485383
67449,0.5144859240833518
67450,0.489977429241885
67451,0.47217320879928953
67452,0.4988643671119457
67453,0.467873251841026
67454,0.49738841267563694
67455,0.514502188325365
67456,0.3785182539359687
67457,0.5196505567703645
67458,0.5084437299480054
67459,0.48528195220835724
67460,0.5016794648245526
67461,0.49146186503727174
67462,0.5472254137165131
67463,0.503839862887791
67464,0.5007187701085516
67465,0.3922777916366891
67466,0.48426756773933133
67467,0.5030770660491597
67468,0.453966365034724
67469,0.5155805036448823
67470,0.39001828606977124
67471,0.49552950261265966
67472,0.49263514226947375
67473,0.5162550513601104
67474,0.4898951504873729
67475,0.5672979519134633
67476,0.4938199252296905
67477,0.5223604643279278
67478,0.5033292525177024
67479,0.5108465528452427
67480,0.5067576952023964
67481,0.5268900793406189
67482,0.5028996974605672
67483,0.3491588289663329
67484,0.5158034828512318
67485,0.503921880708538
67486,0.48986178837973055
67487,0.48484441859033034
67488,0.47523754469301094
67489,0.498565209289929
67490,0.4802121389073375
67491,0.4944194395974631
67492,0.49883566473024166
67493,0.544367228099052
67494,0.48578440229959274
67495,0.4860917025198418
67496,0.367081696768776
67497,0.48103784384836357
67498,0.5007901328417421
67499,0.5043694581877938
67500,0.5065329780929192
67501,0.4860358409948497
67502,0.48813979026359533
67503,0.4867522927195028
67504,0.49798815916930933
67505,0.4980752921425171
67506,0.48143115731244934
67507,0.46307516304078533
67508,0.48580043115670885
67509,0.5024306646250696
67510,0.5351408726944248
67511,0.368967182399638
67512,0.488536445019391
67513,0.5131731975000982
67514,0.5709305441051689
67515,0.5398161905217865
67516,0.5005202595102312
67517,0.5049471520452138
67518,0.4916216405771904
67519,0.33033899363457525
67520,0.48897022082360425
67521,0.4655530230166738
67522,0.49990643966287646
67523,0.4838302894255606
67524,0.5251974572549455
67525,0.5006087532644687
67526,0.48210667874723134
67527,0.5020887911136753
67528,0.46769259721950307
67529,0.4905883250468426
67530,0.494113466289744
67531,0.3680810987160805
67532,0.48837750273883207
67533,0.4862706563043555
67534,0.4979877780175741
67535,0.4976616503992516
67536,0.5507238812067243
67537,0.486773249690736
67538,0.4790000621838616
67539,0.5087068433522502
67540,0.4545153318319256
67541,0.5054796472582233
67542,0.49944619255658185
67543,0.5131458906706382
67544,0.5163123129966732
67545,0.47726475153224157
67546,0.5051454649636409
67547,0.48156089554210635
67548,0.46553503059000667
67549,0.5099853052324056
67550,0.5134147808614046
67551,0.4985161728015658
67552,0.49582524230811453
67553,0.4839069610657666
67554,0.3778038280089907
67555,0.5002149348389783
67556,0.5064344213940348
67557,0.562427339793339
67558,0.49026045877505686
67559,0.47238232312598305
67560,0.5046971723192543
67561,0.3534226613233727
67562,0.4998955225965053
67563,0.4845534480777468
67564,0.5130444808826425
67565,0.3725243733558975
67566,0.4933058161811981
67567,0.4966195288565003
67568,0.33161770146189673
67569,0.4675210555706954
67570,0.4942577717965818
67571,0.5185944925470919
67572,0.48549214169802835
67573,0.5511742603983445
67574,0.5028304330034379
67575,0.5607075642370022
67576,0.488983318375415
67577,0.5171532218652225
67578,0.49449778181739745
67579,0.5231679452225673
67580,0.5076821775005353
67581,0.4565094164139752
67582,0.5022787432431423
67583,0.4991674018127746
67584,0.5202393091759379
67585,0.4702813401444142
67586,0.4995279672327253
67587,0.4891986827807221
67588,0.3474533199818958
67589,0.47547901828486017
67590,0.5159545057958304
67591,0.484434549192947
67592,0.35936067384245873
67593,0.5061732066039142
67594,0.4892743994759061
67595,0.5030186457406953
67596,0.48849120262770285
67597,0.48577441266787225
67598,0.4779090899391403
67599,0.5145420956436969
67600,0.4872719520817484
67601,0.5074733108949203
67602,0.4800705712993859
67603,0.4931495172488912
67604,0.5051835025297232
67605,0.5776063056384181
67606,0.49376790660009356
67607,0.48963372022223184
67608,0.5130097845167592
67609,0.49757635879708123
67610,0.5005576587198911
67611,0.4871054519868952
67612,0.5071353464148856
67613,0.5034760381895882
67614,0.5216553080049203
67615,0.4779817768360439
67616,0.49956325175041894
67617,0.526738766557005
67618,0.49694667414641347
67619,0.4916127881902126
67620,0.5031032100455706
67621,0.4846459277011893
67622,0.3770708969130034
67623,0.49781337976723494
67624,0.5043486059462166
67625,0.48741425960151197
67626,0.5538272236672768
67627,0.5134490124034038
67628,0.5095288783503686
67629,0.5068422798176109
67630,0.5235043159931998
67631,0.5594390466604479
67632,0.5810045122387787
67633,0.5829355008294324
67634,0.5263716390890488
67635,0.46370519470858995
67636,0.5065869724001839
67637,0.49299815657108526
67638,0.49139639073143204
67639,0.48389974978379874
67640,0.47579252508831194
67641,0.5085427086278305
67642,0.5111202936447469
67643,0.5524695502025753
67644,0.4618043515210116
67645,0.49566084181334036
67646,0.510475326896389
67647,0.511575153202758
67648,0.5019582716917985
67649,0.4808412794131821
67650,0.4738774665938139
67651,0.4993580602423123
67652,0.5265621576601014
67653,0.4820705822829012
67654,0.4830127044426964
67655,0.4949041310924057
67656,0.5651181610892999
67657,0.5171987193822822
67658,0.5050844961461424
67659,0.4983053067299626
67660,0.4802005593400628
67661,0.510230868510444
67662,0.5515995604213235
67663,0.4998920415094086
67664,0.5137041897511526
67665,0.5041153095888506
67666,0.511275382345545
67667,0.5249468901820498
67668,0.48771180144803594
67669,0.5161001985442951
67670,0.4976794887532785
67671,0.4919899604008622
67672,0.47465450233965933
67673,0.47329674017375484
67674,0.5147662912895055
67675,0.46983301270447114
67676,0.4842050461060464
67677,0.5306002465055633
67678,0.5172389936924305
67679,0.505581214420083
67680,0.49212819763614046
67681,0.5005076513382417
67682,0.4897668578615664
67683,0.4584916855898459
67684,0.5006810639446431
67685,0.5099544897937061
67686,0.5026312615009545
67687,0.5022772502556648
67688,0.48918104979674093
67689,0.48610846428785104
67690,0.5030137096378114
67691,0.46423395728308847
67692,0.44945600443248607
67693,0.5128775270368524
67694,0.5024708059284868
67695,0.467779456055063
67696,0.47425604969284335
67697,0.5022977892066312
67698,0.5092593277114847
67699,0.5024695570636264
67700,0.47322440872480054
67701,0.3844038841691125
67702,0.4989304306577239
67703,0.4905493482369248
67704,0.44738220630103287
67705,0.559291311309538
67706,0.4694666918048879
67707,0.38102349703146526
67708,0.5232254570754509
67709,0.47448723038278207
67710,0.4922586759961273
67711,0.4876113157116362
67712,0.5192435209355533
67713,0.5010201009603015
67714,0.47791541578640717
67715,0.5036392193733263
67716,0.36272696423614087
67717,0.4877858722024937
67718,0.5054860987597098
67719,0.49107559331001466
67720,0.5172380843991283
67721,0.5067595499014573
67722,0.5063193612378482
67723,0.5080486819857806
67724,0.49005395718045996
67725,0.36315674388376007
67726,0.45542082065247624
67727,0.5096815755491204
67728,0.4803777994071847
67729,0.5035093565874279
67730,0.496830853344976
67731,0.4837393187676936
67732,0.46356681881302264
67733,0.47882275938958924
67734,0.49670386550501383
67735,0.48267439869702594
67736,0.47925804163186403
67737,0.5005171952728152
67738,0.32065117770307083
67739,0.36041973128810695
67740,0.47735283100831793
67741,0.49240109712502234
67742,0.4901470499326567
67743,0.4954763068269433
67744,0.48347089099991963
67745,0.3376412083790722
67746,0.5009634198858133
67747,0.5013107675566014
67748,0.4828695463031068
67749,0.4879852709583905
67750,0.42406830777942983
67751,0.5141840910984085
67752,0.4947855269687951
67753,0.512742355565976
67754,0.4697349885042441
67755,0.5096543319682422
67756,0.4862171703546886
67757,0.4920287071154087
67758,0.5101642251482189
67759,0.5074868136130907
67760,0.5365282571930533
67761,0.5063753512367206
67762,0.49516742707964656
67763,0.4881340351313934
67764,0.516324172280569
67765,0.46278816346317586
67766,0.5187833729692893
67767,0.4835209984823601
67768,0.32961874299775096
67769,0.5032293544293575
67770,0.46463587008941093
67771,0.4963894805084931
67772,0.48582477984082595
67773,0.37795487833128827
67774,0.49855438075384495
67775,0.5029162101839791
67776,0.5120899473578631
67777,0.5213577859542037
67778,0.501739869704848
67779,0.501081560407744
67780,0.48841547825906656
67781,0.4909722305236922
67782,0.48453843152827575
67783,0.3682131079793227
67784,0.48638002365123195
67785,0.4808332851513806
67786,0.49265733075386386
67787,0.49930676764277926
67788,0.5205040303039191
67789,0.46092227663824964
67790,0.4972385104108545
67791,0.5012669217749673
67792,0.48956928294947766
67793,0.3612788141687926
67794,0.5031254679333337
67795,0.51063869763067
67796,0.5029694987426334
67797,0.44597032828071653
67798,0.48393131374142206
67799,0.4986128779694457
67800,0.47116988997990034
67801,0.5224105416213867
67802,0.5604376619557001
67803,0.46848945812078174
67804,0.45489845502556014
67805,0.494495101023502
67806,0.49232794547186176
67807,0.5076977735880818
67808,0.4963874693977918
67809,0.49596442678699637
67810,0.49884303349286174
67811,0.5000073927582487
67812,0.49356760907332775
67813,0.49084556334685225
67814,0.48726581906425925
67815,0.47468541292300137
67816,0.4948373297719082
67817,0.49860992953186856
67818,0.49947433534050767
67819,0.4976194204337071
67820,0.5074923557438503
67821,0.4781281211519941
67822,0.5073833255587973
67823,0.5782600992598069
67824,0.5148754225595443
67825,0.5074853773388904
67826,0.36795789154256503
67827,0.48811589415508355
67828,0.5021576767717488
67829,0.4995297778124784
67830,0.5155590574882989
67831,0.4937988982980333
67832,0.5073251096625129
67833,0.5587172352815022
67834,0.48947534682546423
67835,0.5116021704749483
67836,0.42317342884570136
67837,0.5010286401763586
67838,0.4949104746199652
67839,0.48417007254349276
67840,0.4885731036311305
67841,0.5177220191175893
67842,0.4948490185292238
67843,0.4501267264613126
67844,0.4860089368474339
67845,0.5073662868558878
67846,0.5835648228049037
67847,0.48458190911937504
67848,0.4966850738644971
67849,0.5049467670432638
67850,0.4885667586182562
67851,0.46517857559324477
67852,0.5149662237392456
67853,0.5110240983941875
67854,0.48689513082252367
67855,0.49058140054350485
67856,0.49405307071915144
67857,0.5021310276657756
67858,0.4827650219852773
67859,0.511112484280262
67860,0.5126120307233751
67861,0.5128198812827218
67862,0.4987199933825183
67863,0.3814466788466708
67864,0.47247644947126144
67865,0.4848930158250856
67866,0.4696938857153563
67867,0.5096905237441399
67868,0.4908979054096836
67869,0.48116027329101585
67870,0.485336550659571
67871,0.5188318146502517
67872,0.48662087115877345
67873,0.4834790761944685
67874,0.4952533478903178
67875,0.49533539816080396
67876,0.4940069582316022
67877,0.49100503260092887
67878,0.5160843714814406
67879,0.4389951731386646
67880,0.48956596245593476
67881,0.47815348815849534
67882,0.5049129846026773
67883,0.5092816856670143
67884,0.504218187493274
67885,0.48646224538106275
67886,0.49555629272094887
67887,0.4869999405821932
67888,0.5391770913319676
67889,0.48773761588899567
67890,0.4967282401249957
67891,0.4716436865907719
67892,0.46687328417049323
67893,0.48087254995538853
67894,0.4797904538155764
67895,0.5138351900246052
67896,0.35744889016474957
67897,0.5136658295729776
67898,0.4773722884242425
67899,0.3744481158267397
67900,0.492439592511417
67901,0.48547489830881907
67902,0.5023689720647125
67903,0.4884200191672815
67904,0.4908070864690363
67905,0.4892625646830631
67906,0.5126847170916907
67907,0.3677906003497124
67908,0.4875690530075152
67909,0.47451659638356536
67910,0.5441839985429525
67911,0.5131185549738048
67912,0.5070484554421649
67913,0.4669047381138056
67914,0.5062119311218929
67915,0.58300782440152
67916,0.4790417363788223
67917,0.49163737500662885
67918,0.4838895189210453
67919,0.42345836826095135
67920,0.49465938801744996
67921,0.34385370549889066
67922,0.47119380777165193
67923,0.5079451143473377
67924,0.5246979710302739
67925,0.4789550246365133
67926,0.44926119542089615
67927,0.5033319993150913
67928,0.4983781640530101
67929,0.4995194052675593
67930,0.5080472087720499
67931,0.470309332045022
67932,0.48432809577518826
67933,0.4595567835035494
67934,0.4978703855388892
67935,0.47110577764547446
67936,0.47377990474997556
67937,0.5082264180085568
67938,0.46048089676026044
67939,0.5061843020186924
67940,0.4781155302294136
67941,0.519288143781389
67942,0.5140960207907113
67943,0.48966627917235483
67944,0.5026199828836079
67945,0.4864157103898139
67946,0.4963222834464295
67947,0.46237488519071684
67948,0.5188784563481055
67949,0.5223904566009255
67950,0.5303425842850292
67951,0.48151757249233085
67952,0.48385780374867055
67953,0.4873201748528461
67954,0.5755713135990138
67955,0.48142052478299274
67956,0.5226886657270624
67957,0.5003863712993618
67958,0.508432134051088
67959,0.48951359240437875
67960,0.5011763087863698
67961,0.501496693333043
67962,0.4948742595786132
67963,0.5263129004736125
67964,0.524204082638147
67965,0.4764378691149703
67966,0.48962826262251763
67967,0.5054850244061458
67968,0.5003663695009042
67969,0.4675282613109924
67970,0.5073720607982174
67971,0.47579245476085025
67972,0.49977305615009315
67973,0.5057686085214627
67974,0.5046775938724413
67975,0.4626534626867242
67976,0.5095781029557032
67977,0.48218848234478406
67978,0.4990436603946503
67979,0.48291246330814047
67980,0.48427119645916195
67981,0.4700688993532621
67982,0.5007471871469318
67983,0.3638157372959909
67984,0.48834237136288783
67985,0.47769988161177207
67986,0.49437635921269435
67987,0.5300021932551233
67988,0.4922158036861981
67989,0.5017626711352072
67990,0.4802980485390649
67991,0.38797340053730534
67992,0.4486784678965201
67993,0.4804436139099899
67994,0.5280537708969315
67995,0.3727377108539001
67996,0.5024582193455488
67997,0.5013303358895683
67998,0.5031824478909546
67999,0.5122342706520638
68000,0.49596861085688754
68001,0.484574159509954
68002,0.49514697625473253
68003,0.5103167894539045
68004,0.493924688394934
68005,0.4923654451625722
68006,0.499427335070073
68007,0.5324043276908131
68008,0.5028019522067426
68009,0.3121697022495248
68010,0.4904265818148326
68011,0.511145756024859
68012,0.4791144221052589
68013,0.50541000099031
68014,0.5041396107146154
68015,0.49279429419254117
68016,0.34842331281413774
68017,0.5094431770179723
68018,0.4831953764877022
68019,0.47276327793638306
68020,0.4617305237464946
68021,0.4798921485150891
68022,0.5098888486319838
68023,0.4950706674069197
68024,0.4965441637824236
68025,0.5100359045011859
68026,0.4959983187920534
68027,0.49437662715988895
68028,0.4998636485598163
68029,0.4926358661343634
68030,0.46979468294477716
68031,0.508736889507808
68032,0.49462905732424095
68033,0.4876880486883496
68034,0.4999308520535033
68035,0.47452313156438053
68036,0.5025245728612161
68037,0.48424342357471584
68038,0.5112049672241564
68039,0.48994095865201653
68040,0.38950244692041047
68041,0.4862162746425963
68042,0.5104061465153321
68043,0.34974096257693266
68044,0.4750131236887012
68045,0.501191474918588
68046,0.4938289747822616
68047,0.526821708099686
68048,0.35624897674716804
68049,0.4888686308049712
68050,0.5142441995979685
68051,0.4880543808354503
68052,0.44391395263197797
68053,0.494692129360547
68054,0.5085411464575809
68055,0.3355633627239304
68056,0.4997351635534955
68057,0.49069308495943953
68058,0.4914620122651524
68059,0.36517572325576225
68060,0.511104569176647
68061,0.5002984303905047
68062,0.5003493695336404
68063,0.4965798853975577
68064,0.5169685649535906
68065,0.5060344493814781
68066,0.5027309353758234
68067,0.5124396360887973
68068,0.5130780666116164
68069,0.4620962816452746
68070,0.48381841811099374
68071,0.513728666370344
68072,0.4815589730299404
68073,0.5062734400700867
68074,0.3629607367923588
68075,0.48855234206233655
68076,0.45829238479600204
68077,0.49314387821653904
68078,0.4949885774418371
68079,0.4990212815619285
68080,0.5127685687082553
68081,0.5266320894219718
68082,0.5027350243730698
68083,0.4804254913769355
68084,0.49236481911295094
68085,0.5168555585360093
68086,0.5055090687094104
68087,0.4878829815013185
68088,0.5014282102741585
68089,0.4775174772390496
68090,0.33949847559821833
68091,0.5169743961484276
68092,0.49079590420442043
68093,0.48706466294371453
68094,0.48121522391580257
68095,0.4928228222922205
68096,0.49981442726403774
68097,0.4950976211310999
68098,0.4794181478924071
68099,0.4847905926740805
68100,0.5036127582651169
68101,0.5040278789852145
68102,0.49020383206525736
68103,0.4841758503501352
68104,0.5110235891727127
68105,0.4794624804410838
68106,0.4615534744727403
68107,0.4923658123291389
68108,0.5001826150933317
68109,0.4915887169946036
68110,0.4773289681844298
68111,0.4903284812464582
68112,0.48525484836590876
68113,0.4958004297548977
68114,0.5041031128911213
68115,0.5170266045377663
68116,0.4969211378969768
68117,0.4756266969707056
68118,0.4766326584981091
68119,0.484561546965937
68120,0.48741181720028215
68121,0.5027722187699477
68122,0.4030744626075432
68123,0.5271893656635996
68124,0.5639241971558089
68125,0.49065121097787334
68126,0.4575250653170894
68127,0.5063840904774067
68128,0.5115571481306894
68129,0.552209209039999
68130,0.49367981764715835
68131,0.5288120558396608
68132,0.5019822489610594
68133,0.4977662664661958
68134,0.5020999331084244
68135,0.3901551719225277
68136,0.49913655480340996
68137,0.47607008835341635
68138,0.4927875663372582
68139,0.5091626341510107
68140,0.49504352748956904
68141,0.5037952601664687
68142,0.48667221887749756
68143,0.5082355367714658
68144,0.4863181886015495
68145,0.46252397759486114
68146,0.4806053780134353
68147,0.5035930053156891
68148,0.4911138981443508
68149,0.5092443456820391
68150,0.4974883145457334
68151,0.35494602143571463
68152,0.48233848266440094
68153,0.48237535158816525
68154,0.49230722064684845
68155,0.4602803005474365
68156,0.4776284240404137
68157,0.4950449124340563
68158,0.482130247904049
68159,0.48754767952316663
68160,0.5169771760008908
68161,0.5148185720284361
68162,0.48541966466878095
68163,0.4970521060060874
68164,0.49059353009421913
68165,0.5213800012886665
68166,0.5312261100258245
68167,0.4915790473215005
68168,0.4896984081471467
68169,0.49839623486501383
68170,0.4908881174321814
68171,0.5046105990281592
68172,0.4860987282682677
68173,0.5050025373822217
68174,0.4828423720092287
68175,0.4855132572737821
68176,0.5009166521221959
68177,0.4987309158803826
68178,0.4687748896911209
68179,0.4974229517935828
68180,0.5147172658694078
68181,0.4858340218103465
68182,0.364478500847314
68183,0.4811112333848522
68184,0.4943957515595725
68185,0.5009087946942559
68186,0.5076305989269017
68187,0.5086349872557898
68188,0.5004862387995525
68189,0.5002161292540847
68190,0.48869387114246327
68191,0.4847256620494188
68192,0.48510082394299986
68193,0.4569713789491997
68194,0.49720603847732603
68195,0.4930017988973423
68196,0.49518743790943676
68197,0.5918995054153877
68198,0.49846125663917196
68199,0.48467098349074267
68200,0.535283865745497
68201,0.43861789208428914
68202,0.518583188988937
68203,0.512111924252229
68204,0.49223712090599975
68205,0.4974371415873754
68206,0.4900034974310087
68207,0.4653834303083585
68208,0.48254957983449354
68209,0.4714343913425573
68210,0.4749427221943287
68211,0.5502935998855463
68212,0.474810726571221
68213,0.4736053749252292
68214,0.4867923456561726
68215,0.4951054507734596
68216,0.5041451640367706
68217,0.5060590041096787
68218,0.5244627035026507
68219,0.49313723342337884
68220,0.5296152805174429
68221,0.5007663072448978
68222,0.4979669386688811
68223,0.47284495059979426
68224,0.4974371948016806
68225,0.4847488202079155
68226,0.4524969069812318
68227,0.5022481390276543
68228,0.49958260920033387
68229,0.5043770294525054
68230,0.5013806295380897
68231,0.5005261244173612
68232,0.48316863030031676
68233,0.5144296699321329
68234,0.4989577043068393
68235,0.48117728051982467
68236,0.5118500546730188
68237,0.49778516301989595
68238,0.4686773639926154
68239,0.5110427480132135
68240,0.4933065539868928
68241,0.49914448007458073
68242,0.5227028297896752
68243,0.4977832854766171
68244,0.47175739989733834
68245,0.5084577416393062
68246,0.5493028416964452
68247,0.499589682242467
68248,0.48419994996535015
68249,0.49292563739579753
68250,0.5022544617631344
68251,0.49355321775072997
68252,0.5011513756360957
68253,0.5026986956061417
68254,0.5109645769117808
68255,0.5149439817609268
68256,0.4612990217185311
68257,0.46597333120652457
68258,0.490644645095962
68259,0.5004163030650155
68260,0.47483249192327415
68261,0.502304975478055
68262,0.50205519930658
68263,0.5029132202188289
68264,0.502847149420909
68265,0.5029500933459171
68266,0.5091642384814835
68267,0.510615038601913
68268,0.4959615955328235
68269,0.5109222480385893
68270,0.5035364447617957
68271,0.5106650867589592
68272,0.48451244177099445
68273,0.49583887471964316
68274,0.5226933955485621
68275,0.4883283280347825
68276,0.4850488657838258
68277,0.4827514872374124
68278,0.4865684496406721
68279,0.5617707040547567
68280,0.48410719773581984
68281,0.37320839522563
68282,0.4649695839178784
68283,0.5057052395443836
68284,0.4953411527469702
68285,0.5053358801238199
68286,0.4852922482671943
68287,0.4775916284000883
68288,0.5011596022909994
68289,0.4653986382877221
68290,0.4755366748180153
68291,0.4660100971095602
68292,0.48709313702180873
68293,0.4992093699844489
68294,0.4778786054350974
68295,0.4519239717242453
68296,0.5022128987602217
68297,0.516676141633768
68298,0.5063621017407801
68299,0.49129501073559745
68300,0.495772359373321
68301,0.4637725239856758
68302,0.4944739573739851
68303,0.5160088694187249
68304,0.492629290404104
68305,0.4854493101078827
68306,0.46904250725278634
68307,0.5019915005323641
68308,0.4813142255529315
68309,0.5005198332947364
68310,0.49152275336351203
68311,0.48026360953087327
68312,0.5019103245961734
68313,0.5016108912613894
68314,0.508071604387772
68315,0.48843002698358173
68316,0.4961487149398387
68317,0.48461920082032883
68318,0.4783975157349047
68319,0.501507246603506
68320,0.49600818299804444
68321,0.5113953167804937
68322,0.5101779406827264
68323,0.4891717634058228
68324,0.5154832363691931
68325,0.48826008572178786
68326,0.4806306001699363
68327,0.5129014709727778
68328,0.38819042819782423
68329,0.5041432798132792
68330,0.4633968659730893
68331,0.48558927787439116
68332,0.4732212577374614
68333,0.4480720740940674
68334,0.3887661172098235
68335,0.5193440035699354
68336,0.5047754176461158
68337,0.4878621046488796
68338,0.4785507943500856
68339,0.5069726602223854
68340,0.5103638072156407
68341,0.5041432426622268
68342,0.5039179299400205
68343,0.47656362765162485
68344,0.3407811192493444
68345,0.48742193247648763
68346,0.5022984058177639
68347,0.5150400919161783
68348,0.49101012077927386
68349,0.5085883036525743
68350,0.4815588645656236
68351,0.49589444474564864
68352,0.4111014620027132
68353,0.4894263931819436
68354,0.4782291433933345
68355,0.4970157582326792
68356,0.4818097261480082
68357,0.49688417076553204
68358,0.4596702048061593
68359,0.4615319225795411
68360,0.4970885524805707
68361,0.3765909221993011
68362,0.5126148413239777
68363,0.5047720936046848
68364,0.47497990005756274
68365,0.5306668523618203
68366,0.4926627877746177
68367,0.4667371861686481
68368,0.35949676970030586
68369,0.4813846718620572
68370,0.5020211975801662
68371,0.4823879198412221
68372,0.48895908231078866
68373,0.4951002087637233
68374,0.4892410285532699
68375,0.49661097577971736
68376,0.4644770584361536
68377,0.5157140941579355
68378,0.5358903343786229
68379,0.5122718285518321
68380,0.5028382185670303
68381,0.48941726810070285
68382,0.560440258747261
68383,0.5163555988150684
68384,0.489978080026642
68385,0.4913336261824588
68386,0.4983158563938467
68387,0.5031276743347369
68388,0.5100035919794058
68389,0.4965008650658872
68390,0.48839728561467316
68391,0.48900567458811484
68392,0.4951757785284463
68393,0.5028749685027174
68394,0.5521019526645495
68395,0.5004001386788878
68396,0.47668021243213726
68397,0.5056322064353154
68398,0.5330053068258299
68399,0.49421313544657935
68400,0.5113397427228198
68401,0.4921949849868188
68402,0.5752551035856465
68403,0.5078316035673714
68404,0.48785795759960643
68405,0.49662385687770066
68406,0.46652657605142955
68407,0.49992166402661364
68408,0.5014935918294756
68409,0.5066832904263384
68410,0.49453498592787654
68411,0.492203043038126
68412,0.5080094599958797
68413,0.5097697403583764
68414,0.563598426074998
68415,0.48988419169867653
68416,0.5065037333026741
68417,0.4887819323852137
68418,0.5019733541232597
68419,0.5110683281186885
68420,0.4481367289069389
68421,0.5120831698375281
68422,0.485195914836227
68423,0.4979595313701623
68424,0.4958872755535066
68425,0.4842670795171832
68426,0.4896938822580541
68427,0.4946631717643653
68428,0.4611203726499213
68429,0.49595958707495025
68430,0.4893516264036315
68431,0.5210588075286954
68432,0.5077037810319446
68433,0.4898882291662039
68434,0.4865138873173258
68435,0.49479198706934097
68436,0.4908560908096954
68437,0.5040222953658153
68438,0.48601367699363823
68439,0.511947476490446
68440,0.4958382040369811
68441,0.48723918918891396
68442,0.4821982499621813
68443,0.4969018041185092
68444,0.47290246187034013
68445,0.37953876952699794
68446,0.5036575976230137
68447,0.5106676011500645
68448,0.5057762843317362
68449,0.5116134824927904
68450,0.5155153616414385
68451,0.5011069391396505
68452,0.5040805830073918
68453,0.527045068041889
68454,0.5797647982567684
68455,0.4797174214972739
68456,0.47993619208270666
68457,0.4796033953124888
68458,0.4842969163782987
68459,0.3649838265017578
68460,0.4980842923273934
68461,0.5635772555832808
68462,0.3517748075464523
68463,0.5109083509886273
68464,0.46534172641098503
68465,0.4584302927201913
68466,0.5220901846695658
68467,0.5188575076549068
68468,0.4998573768632688
68469,0.5067282298278274
68470,0.3723943441101659
68471,0.4768529332753453
68472,0.46617241830271716
68473,0.5061437696327697
68474,0.5238195510674086
68475,0.4769925101076252
68476,0.48906220036178355
68477,0.5012331747647769
68478,0.47359736266199204
68479,0.4851110461099498
68480,0.5384643169257636
68481,0.48688296045938084
68482,0.4933306668373849
68483,0.3457762970961165
68484,0.4826447420172938
68485,0.462333663872888
68486,0.5016499337643019
68487,0.5046687059950101
68488,0.4999914869297778
68489,0.5112326887269525
68490,0.5106625797329001
68491,0.38131371322903845
68492,0.46755896144627745
68493,0.37549630120702315
68494,0.49048875651579
68495,0.4657254917572997
68496,0.46850016610675727
68497,0.5049381356558403
68498,0.4826823301922971
68499,0.4916724234570297
68500,0.48257870806071057
68501,0.5271037163005072
68502,0.5084013280016256
68503,0.4897008032896101
68504,0.5346020867857837
68505,0.5068000976602356
68506,0.5002821855987234
68507,0.4976499249142913
68508,0.4926891504415203
68509,0.49100516866174043
68510,0.47390437784662903
68511,0.5154639891792209
68512,0.4876339334996805
68513,0.5217008849204662
68514,0.5072377713546731
68515,0.4800477135624629
68516,0.5012225528680528
68517,0.48048724105793256
68518,0.4982318716536731
68519,0.4775046430613129
68520,0.4929479499019063
68521,0.49857795511366765
68522,0.48722491783020694
68523,0.4900007206575493
68524,0.46474089048929124
68525,0.4833465892355599
68526,0.5190900650131587
68527,0.4876033730793169
68528,0.5260854525235691
68529,0.48978978118216654
68530,0.4710196567303384
68531,0.4937573133233193
68532,0.48371575208414497
68533,0.4931132640318081
68534,0.47374560826112955
68535,0.4862087081917681
68536,0.5570824473000936
68537,0.50504929474401
68538,0.5059655446416583
68539,0.4901964281598168
68540,0.5117427673900292
68541,0.47848046647269615
68542,0.4969049838623446
68543,0.49456793712375535
68544,0.48366111019740554
68545,0.5065661821332269
68546,0.5013901209476012
68547,0.48306525757977126
68548,0.49523322734920616
68549,0.4996662357305839
68550,0.4784678134397812
68551,0.5020471127181735
68552,0.5107025499957873
68553,0.4697838340440361
68554,0.4813692587174271
68555,0.4626399428988998
68556,0.483830306555829
68557,0.48472988194132416
68558,0.46867907941883713
68559,0.5290202384116991
68560,0.4940181705632792
68561,0.5043493743479142
68562,0.48291186762327115
68563,0.4999037786709797
68564,0.49761446576268087
68565,0.49865171057732127
68566,0.43006731058529285
68567,0.49135142676446697
68568,0.46404123280051157
68569,0.4840593421365526
68570,0.5793031102424442
68571,0.4645376270852223
68572,0.5039810622133544
68573,0.49762587728470303
68574,0.5094201448660153
68575,0.4984956076014239
68576,0.49279668882046856
68577,0.48336582779714177
68578,0.4917581743410826
68579,0.5262608625249224
68580,0.508107056191301
68581,0.49626095525569736
68582,0.49209645397754714
68583,0.47302241678219203
68584,0.49698375386233196
68585,0.47817326246357295
68586,0.4974183151609115
68587,0.516682026946963
68588,0.4966968334138992
68589,0.499277216102611
68590,0.5067035019562555
68591,0.48310215527349243
68592,0.46255721903832236
68593,0.49031022810145286
68594,0.3715425779311342
68595,0.4707537975595686
68596,0.5163986077136452
68597,0.38639409406305303
68598,0.4859699063272774
68599,0.5300436141750077
68600,0.48343344752955
68601,0.49102219223608945
68602,0.4945698613947822
68603,0.5002302703258444
68604,0.4606870456011194
68605,0.4581154565177402
68606,0.5059799745657575
68607,0.5006663500818779
68608,0.4913113874737705
68609,0.4845039138563557
68610,0.483382246805778
68611,0.4929520099579745
68612,0.5168552263827937
68613,0.5098754927282084
68614,0.48291770107673004
68615,0.4405866460492314
68616,0.49741477650877786
68617,0.47373568176139674
68618,0.5045652741460933
68619,0.49578719283603456
68620,0.47715924037665053
68621,0.4790006806371239
68622,0.49157277508074004
68623,0.47538509825886976
68624,0.5242734588808753
68625,0.4942633051184827
68626,0.3944562960375396
68627,0.46530551992889224
68628,0.5088433557257945
68629,0.4845546765331201
68630,0.5029251999637845
68631,0.5634322435345821
68632,0.513359712910585
68633,0.49433929101645546
68634,0.4943983291719617
68635,0.47026221242403143
68636,0.4843867765711793
68637,0.48549022250276597
68638,0.4876271269211976
68639,0.5090535275416754
68640,0.5109231171161882
68641,0.49261505594329297
68642,0.4885700563117609
68643,0.4988951142584749
68644,0.5182639862619368
68645,0.4966431583363958
68646,0.5023904095337038
68647,0.4981182026782577
68648,0.35628524733873246
68649,0.5609880245147001
68650,0.4926834233795299
68651,0.5233182836193238
68652,0.495869332596728
68653,0.48235139463961196
68654,0.4753948430876411
68655,0.5027861691751176
68656,0.48383355312528065
68657,0.5044198117096883
68658,0.503711408088671
68659,0.49061042747505634
68660,0.5093257517683718
68661,0.4749925813540986
68662,0.4899775324619545
68663,0.510508354638611
68664,0.4979856897042341
68665,0.4943326921656387
68666,0.5104151429746799
68667,0.4904150539301088
68668,0.45912673722765923
68669,0.5116464463406905
68670,0.48410879800957124
68671,0.49427756057224737
68672,0.34633566919548375
68673,0.5069990655013971
68674,0.5076759024197381
68675,0.5038664071589113
68676,0.3703083159043923
68677,0.3719527231228949
68678,0.5047577226036748
68679,0.5052812688990098
68680,0.4870460949231785
68681,0.49657207639513246
68682,0.4961355309683221
68683,0.48439046818265524
68684,0.4933179125971957
68685,0.5183853606696831
68686,0.4764539298824938
68687,0.48789507381161146
68688,0.5025849627098626
68689,0.4744169975854219
68690,0.38629388991230446
68691,0.4787181703309019
68692,0.4739202439794187
68693,0.4815152879666042
68694,0.5029454137176393
68695,0.4904924436437066
68696,0.5226143647574994
68697,0.4646511386190938
68698,0.48711647843513534
68699,0.49834749378736376
68700,0.48260936391537684
68701,0.382526871877617
68702,0.5147838228607395
68703,0.5042013322733909
68704,0.5000513253844767
68705,0.5158246356869021
68706,0.5508578346756716
68707,0.4770723749754413
68708,0.5165170636166895
68709,0.5041662369853569
68710,0.5035072962965161
68711,0.5045612723021812
68712,0.48724951663422894
68713,0.49288849422383635
68714,0.3495748340437611
68715,0.49855580776610947
68716,0.5029587936992286
68717,0.4974579909222988
68718,0.497431295973743
68719,0.4844995784570989
68720,0.4845121477173821
68721,0.4909311568685238
68722,0.4854971456798653
68723,0.3617461821480677
68724,0.4972779467949762
68725,0.47736172513472463
68726,0.5088656710204493
68727,0.508959880419236
68728,0.4872095848052793
68729,0.47412909447464635
68730,0.4823520441189443
68731,0.5147888239236341
68732,0.355105326969932
68733,0.5075820782235649
68734,0.5145349872270362
68735,0.4894139208312552
68736,0.49307893652875073
68737,0.5119117498535617
68738,0.4900216220662661
68739,0.4712355131020697
68740,0.37945716646729744
68741,0.5083522547227737
68742,0.4987642939896264
68743,0.49385670683415533
68744,0.49447663507322664
68745,0.4871779837965407
68746,0.5464462375375203
68747,0.492437465930314
68748,0.48236406933697096
68749,0.47679391780346025
68750,0.5601742331315404
68751,0.4645327580373102
68752,0.5084515742050192
68753,0.4927619573078866
68754,0.5052545330331812
68755,0.30140238716028106
68756,0.47476725501502987
68757,0.49603149167048
68758,0.509015454608355
68759,0.489932908601939
68760,0.5210454576107962
68761,0.4865770687807744
68762,0.4870451850166111
68763,0.49737940529912716
68764,0.358661549394478
68765,0.49433558921296894
68766,0.48049458766274045
68767,0.4756937922707607
68768,0.5583532056200595
68769,0.4754811022478913
68770,0.48623355577115934
68771,0.4901142925248264
68772,0.4579862387570377
68773,0.49694750659612075
68774,0.47101223616504856
68775,0.4995540612603367
68776,0.5202740319831076
68777,0.40877001922872624
68778,0.5033917976191767
68779,0.5064741535713624
68780,0.49239839272927455
68781,0.48999524012690376
68782,0.516081346464552
68783,0.47988569236803624
68784,0.49546569442845784
68785,0.5074260139327952
68786,0.46783774618784874
68787,0.4964862457400502
68788,0.4914916230602872
68789,0.4995904277082365
68790,0.4866187824736798
68791,0.5025827106020425
68792,0.503140439431574
68793,0.4773372073983321
68794,0.4933321834509873
68795,0.5016580787388255
68796,0.5061098562505832
68797,0.5177166830546219
68798,0.490046171912318
68799,0.5068891637797879
68800,0.4875316609044878
68801,0.47692907309211585
68802,0.47089516656054586
68803,0.5069741590393404
68804,0.49685501254898723
68805,0.4940741452976992
68806,0.4989034963352118
68807,0.5020282720884575
68808,0.4797748269879415
68809,0.4761470958611299
68810,0.5002805803423139
68811,0.4942461456374542
68812,0.49755200824946855
68813,0.48970025567378617
68814,0.5037334019106746
68815,0.49889547304228626
68816,0.44725447478468183
68817,0.5664040599493623
68818,0.5085335977045301
68819,0.47943075773183375
68820,0.4696688106844795
68821,0.486905084305267
68822,0.505027625919552
68823,0.5193525382171102
68824,0.3345537004123775
68825,0.5188526502214899
68826,0.4955939175994679
68827,0.5111830239612564
68828,0.5059580794673769
68829,0.4875519358940871
68830,0.4798232284425188
68831,0.3804814952852895
68832,0.48560668676417756
68833,0.5195315935983229
68834,0.49356379923474775
68835,0.5046793100965704
68836,0.4866200640826055
68837,0.5107223281887739
68838,0.49723781603073247
68839,0.5093607457388221
68840,0.5784639640217583
68841,0.4664347279703799
68842,0.4899825492933179
68843,0.4930131501802336
68844,0.49967168950361174
68845,0.5303330438175111
68846,0.4964944961693635
68847,0.4782427727079528
68848,0.46114004838563866
68849,0.4934258605950369
68850,0.48845938090935237
68851,0.49709949045942764
68852,0.5762080788521207
68853,0.4978149456085454
68854,0.4952529178631557
68855,0.49598324886011874
68856,0.48321118498594434
68857,0.48062247453507545
68858,0.49209577458547316
68859,0.37302657882223705
68860,0.4712693542844314
68861,0.4921260074171804
68862,0.4847538530961687
68863,0.3279922392721524
68864,0.48952479503834245
68865,0.487447229075359
68866,0.472553874922491
68867,0.36280003276195133
68868,0.49500476724513104
68869,0.5109687895894985
68870,0.3881666835528429
68871,0.4985563151322697
68872,0.515812520717979
68873,0.46481192222770334
68874,0.5148557582821234
68875,0.4908837818159176
68876,0.5180048435650677
68877,0.5227360269896121
68878,0.4786477929517591
68879,0.4988978040815796
68880,0.5199923378129466
68881,0.35810813945799286
68882,0.5055629109116667
68883,0.5255542792358402
68884,0.5071311888751036
68885,0.47630791206048617
68886,0.4919253452196206
68887,0.5774284021760717
68888,0.508767721780837
68889,0.4983960070274997
68890,0.5043993126908275
68891,0.4854277000842263
68892,0.478481489492804
68893,0.49092781711809486
68894,0.505078577106224
68895,0.48550134812427886
68896,0.49577828236721616
68897,0.47914049908531814
68898,0.49387648674589246
68899,0.4863794798770331
68900,0.49605772705160217
68901,0.4811072695982264
68902,0.441325999625136
68903,0.46405462261901254
68904,0.4849570876847845
68905,0.5133372017987059
68906,0.4672798481700786
68907,0.48990456405235017
68908,0.47209008127209584
68909,0.4926574002970234
68910,0.5197134126348748
68911,0.5133363697362406
68912,0.5056004870964943
68913,0.48366888327766216
68914,0.5089647517641058
68915,0.576282254165453
68916,0.4861926387932519
68917,0.49372807192398493
68918,0.5164087657607506
68919,0.48840197482479936
68920,0.5050518858577157
68921,0.5195986681865817
68922,0.49502771794344924
68923,0.49978309520335956
68924,0.5048408374999779
68925,0.35447312731482156
68926,0.49384021794663624
68927,0.5096603334293922
68928,0.5002456190880817
68929,0.4852078009244854
68930,0.5059002349027614
68931,0.4730215927923769
68932,0.5169985558591272
68933,0.4589504470115691
68934,0.503904182011838
68935,0.5314780423629762
68936,0.5024962595365965
68937,0.49692799679191346
68938,0.4499283003507293
68939,0.49899971740613724
68940,0.5058401516760076
68941,0.48767888681863925
68942,0.47081684170441884
68943,0.4871402638281063
68944,0.5551209030069413
68945,0.5153252966017526
68946,0.4933532686924399
68947,0.3814588509872439
68948,0.5049568036634046
68949,0.4951958739495974
68950,0.5031928871328764
68951,0.4864461861079332
68952,0.5173006549196587
68953,0.5092160571586283
68954,0.5042214584967615
68955,0.5084030942288278
68956,0.46066544139703
68957,0.49648498635427274
68958,0.49187806549062846
68959,0.5134315212955669
68960,0.5153927365591536
68961,0.3460909758090107
68962,0.48818956488477006
68963,0.49815772327722574
68964,0.507246600824111
68965,0.47432007910330615
68966,0.5274269234112926
68967,0.48358059594643255
68968,0.4917987971284713
68969,0.5034938985933726
68970,0.5229951998596727
68971,0.5257033741915089
68972,0.4951216163198099
68973,0.4977749820437586
68974,0.5667463826516268
68975,0.5091900755771319
68976,0.4920827709750497
68977,0.4811192307958043
68978,0.493717534414871
68979,0.48798175021403434
68980,0.4740118285064825
68981,0.4966705081888675
68982,0.5037191686828406
68983,0.49546712844797464
68984,0.5007426238573846
68985,0.4949352990438864
68986,0.5241561972108731
68987,0.4899999691900988
68988,0.35698057444083403
68989,0.4925782911746728
68990,0.5230258859387723
68991,0.4979787360198061
68992,0.5885748550107233
68993,0.49988437141433506
68994,0.36810103425075164
68995,0.4915085374062637
68996,0.5253718986528528
68997,0.48119884692265713
68998,0.5061504592640362
68999,0.502039658753387
69000,0.48709540390440276
69001,0.48115119168633536
69002,0.4851520470475833
69003,0.5159907373556595
69004,0.5138913381016329
69005,0.48982115104915724
69006,0.5222783492673753
69007,0.5568700975251738
69008,0.48126704206386806
69009,0.5098277828391435
69010,0.4995045212378061
69011,0.379564760882744
69012,0.483140805235271
69013,0.3417947989816343
69014,0.5136102741325528
69015,0.5157131825909138
69016,0.4578632181587552
69017,0.4758138110688364
69018,0.5233970961021684
69019,0.5160173117563499
69020,0.46706977041644804
69021,0.5026311844435412
69022,0.5069304378796252
69023,0.5039885612654175
69024,0.47867080716680505
69025,0.505344852563631
69026,0.5003321829917864
69027,0.4966533929838356
69028,0.4954802768591966
69029,0.523852021207895
69030,0.456290083595732
69031,0.4851529122338635
69032,0.5576823491377327
69033,0.5144791558500192
69034,0.47132911686738543
69035,0.4976748526536614
69036,0.4733520497593122
69037,0.4591556583375603
69038,0.49319496972584437
69039,0.4953909581252015
69040,0.49712697605517814
69041,0.4950069826879933
69042,0.482518528312743
69043,0.5124195163495741
69044,0.4996874778064082
69045,0.45034046128291283
69046,0.5090111907547747
69047,0.4936062670548927
69048,0.5070943808821805
69049,0.49222119932120073
69050,0.49588821946711914
69051,0.46317754529655075
69052,0.4863419228036334
69053,0.5015766358475596
69054,0.49964406140410467
69055,0.4994697638904042
69056,0.5120461142682529
69057,0.46837815994818033
69058,0.4908948054424658
69059,0.4983416909486506
69060,0.5236630326589617
69061,0.3322581229732451
69062,0.35535115227833564
69063,0.48900894991269434
69064,0.49976212553567023
69065,0.4994853521384803
69066,0.5058346712289888
69067,0.47872287183508777
69068,0.5248699624001679
69069,0.4954946244238777
69070,0.5150158191818935
69071,0.5007235865897625
69072,0.47796168930891536
69073,0.47970722472779487
69074,0.49698001650189216
69075,0.498225671071198
69076,0.4889740780784656
69077,0.3633491892316556
69078,0.5144651049459487
69079,0.36103680077410416
69080,0.4993653886141557
69081,0.4978835303132056
69082,0.5362532382353851
69083,0.5067793149312224
69084,0.37947852839755164
69085,0.3608041956308673
69086,0.4864338668115926
69087,0.4816781469708481
69088,0.49255512047659805
69089,0.49115842447348146
69090,0.47937337247675293
69091,0.49233462259815775
69092,0.4819095975450827
69093,0.49618032576692717
69094,0.48143174222071583
69095,0.49055838370545046
69096,0.5076447829295729
69097,0.4989669898974809
69098,0.5093639435188563
69099,0.5218877430360048
69100,0.4690183330046821
69101,0.498037043825862
69102,0.4883605457121402
69103,0.5020973856025375
69104,0.4833436770189411
69105,0.5022055083930008
69106,0.5156259440452633
69107,0.48582039475443073
69108,0.4910964192026728
69109,0.4841870478969862
69110,0.4942878247610041
69111,0.4990732604717606
69112,0.5016123649666675
69113,0.5221429189974339
69114,0.4645279933451127
69115,0.508328130854536
69116,0.5128238569625418
69117,0.5167165252889393
69118,0.5630221342657016
69119,0.3795690535723231
69120,0.3552165989552127
69121,0.5073976637987454
69122,0.4912618822614547
69123,0.47367917604985427
69124,0.5077503490633524
69125,0.501935396725797
69126,0.4975375696664463
69127,0.496096689763483
69128,0.4854441215414421
69129,0.5084479356462613
69130,0.4703290811787409
69131,0.5036703544843455
69132,0.32791180441382406
69133,0.46586986447458806
69134,0.4840715548726363
69135,0.48767970249918763
69136,0.48551738756570034
69137,0.4752497724413051
69138,0.3379484013112574
69139,0.5008406585970768
69140,0.49299314189332255
69141,0.48496785495540073
69142,0.4852622481658464
69143,0.5203057943104413
69144,0.5000547097913506
69145,0.5030962055373269
69146,0.5019744807432689
69147,0.48787390519975027
69148,0.5165914509009242
69149,0.48842769096354277
69150,0.5006276885628049
69151,0.3526257795501143
69152,0.4868380731825642
69153,0.4846629399746812
69154,0.49499980298811225
69155,0.489713319467596
69156,0.5015312814118507
69157,0.3656689222455902
69158,0.5064321689038632
69159,0.49503816741754497
69160,0.5874077236698984
69161,0.48582169424495647
69162,0.48989731551799226
69163,0.5052592111537034
69164,0.48274536472521007
69165,0.4687896782677393
69166,0.47525780555939356
69167,0.5133652441644077
69168,0.5086323286690098
69169,0.49121974848892813
69170,0.49260468078229247
69171,0.32403425013965786
69172,0.33975879573658563
69173,0.49754193062719376
69174,0.5488255159725691
69175,0.5680420159178555
69176,0.497627138271203
69177,0.5056268150274903
69178,0.5190626395618494
69179,0.49738508384249286
69180,0.49870373696724435
69181,0.44420352071545477
69182,0.5143295490495109
69183,0.522038646929151
69184,0.49175239544718174
69185,0.4859168714411765
69186,0.5074031628955857
69187,0.5139090020559545
69188,0.4741607129742418
69189,0.34787299174981
69190,0.4821556718438747
69191,0.47184902213818114
69192,0.5716173447016957
69193,0.49640676628358454
69194,0.497954345367968
69195,0.489380115439085
69196,0.530028173068759
69197,0.4703432318918109
69198,0.48464793343397045
69199,0.4972834795206353
69200,0.5137801927016549
69201,0.4894139039310073
69202,0.49610797538555407
69203,0.5263630585839861
69204,0.5130496447254496
69205,0.515973409734332
69206,0.48261372229683763
69207,0.5031697858274555
69208,0.48925478100423536
69209,0.49983473432300773
69210,0.5794311496496464
69211,0.5087196367614634
69212,0.49915304972596736
69213,0.34442641137373514
69214,0.5644770396060992
69215,0.5113367546635479
69216,0.4936574737689159
69217,0.5086874887254775
69218,0.5016861703312019
69219,0.4867550521585393
69220,0.5126462048871795
69221,0.4698128211447921
69222,0.506454227200362
69223,0.5052514099908187
69224,0.34840586163653503
69225,0.36638443185691894
69226,0.5076841534660202
69227,0.48279083492912245
69228,0.46586063997693694
69229,0.4944392118329245
69230,0.5002875072787777
69231,0.5939421408773287
69232,0.45003824983472823
69233,0.5084338951922993
69234,0.500607888439981
69235,0.4910050292536897
69236,0.49249635129368696
69237,0.5169725792866584
69238,0.470171219626523
69239,0.5006808255726539
69240,0.4962108483282026
69241,0.49521200995065057
69242,0.48431920435720055
69243,0.4908874421292815
69244,0.4929466944028156
69245,0.49504111804799245
69246,0.46362466192724217
69247,0.5093508625034396
69248,0.47719017765433247
69249,0.5026493941296432
69250,0.5048975346565387
69251,0.49615826037679384
69252,0.47779188121795885
69253,0.48582857700647986
69254,0.5064571168383836
69255,0.4978799263843612
69256,0.5076100670440268
69257,0.4686443129993211
69258,0.5008091325494347
69259,0.4931924417420115
69260,0.4991609245012457
69261,0.5083340835559067
69262,0.4697445954962747
69263,0.49462950993570776
69264,0.30836314915884316
69265,0.4818321237144204
69266,0.52112072599793
69267,0.5033206321418059
69268,0.46270163876584247
69269,0.5082653624425468
69270,0.4760575878922915
69271,0.48682262911196317
69272,0.4621889627279006
69273,0.49352399703109834
69274,0.4816774174097789
69275,0.4986551316583222
69276,0.49310056567556027
69277,0.5064974842112462
69278,0.5740703284821544
69279,0.4906892132142214
69280,0.4870906196616833
69281,0.484917483325529
69282,0.48218995434205314
69283,0.5576046152493853
69284,0.5036855197545405
69285,0.5166103061504159
69286,0.5057691229589306
69287,0.478140893189068
69288,0.4982491069494903
69289,0.5046859908680437
69290,0.49543893956453433
69291,0.4959977003096985
69292,0.5646058351130366
69293,0.48877093573369157
69294,0.48931720549268953
69295,0.37351038553130816
69296,0.505676214259193
69297,0.49232086415064064
69298,0.5126448711167855
69299,0.3781529711336707
69300,0.4888804831272905
69301,0.5127033308411747
69302,0.5082157732094648
69303,0.5166836089533561
69304,0.4940396905412595
69305,0.4524220406524128
69306,0.47647240112385836
69307,0.4633671584109394
69308,0.4789599176617162
69309,0.5141210080505929
69310,0.47922422939000414
69311,0.5036994662364338
69312,0.49120617910146513
69313,0.5004383955590279
69314,0.4969145782976432
69315,0.4740194461566598
69316,0.47578520576433425
69317,0.5007645871110509
69318,0.4813458320061163
69319,0.5031447053616822
69320,0.5024214205391401
69321,0.4798942371220288
69322,0.49855032933493154
69323,0.49061917665940386
69324,0.478824617828436
69325,0.49692653051354946
69326,0.5060332900655597
69327,0.4955887317364244
69328,0.5116137038348479
69329,0.48654958264539466
69330,0.5043007940947823
69331,0.4458464224222189
69332,0.5566052109912943
69333,0.5004484649678033
69334,0.5186623949111496
69335,0.5058572679139534
69336,0.5119980681289437
69337,0.49354905132387594
69338,0.5063004328287005
69339,0.5009794600344643
69340,0.488837747473752
69341,0.4966650341726099
69342,0.4851575933170968
69343,0.4801607346001498
69344,0.48024163236383444
69345,0.49247410650728407
69346,0.47349206056264226
69347,0.49602220227543703
69348,0.5313984850918513
69349,0.44563471400513743
69350,0.49369072144686066
69351,0.4740474269442557
69352,0.4977409209800508
69353,0.4843482338158339
69354,0.49847035716837296
69355,0.47789480259033595
69356,0.5116127393280956
69357,0.4945406165456272
69358,0.4841077607905211
69359,0.5046095078039842
69360,0.3759271793783304
69361,0.49260344122956645
69362,0.5025083201424684
69363,0.49326968630547147
69364,0.4958361473666336
69365,0.498677653299784
69366,0.5166712714788555
69367,0.502587972988863
69368,0.5071634207636427
69369,0.39636049311583854
69370,0.5154308305577583
69371,0.47898687763013786
69372,0.5135572766389738
69373,0.47341376122336487
69374,0.5014326406886248
69375,0.4980978149190164
69376,0.485693163315124
69377,0.49511714708292875
69378,0.47657562847450285
69379,0.516367876919243
69380,0.5126678201834121
69381,0.4985210996562615
69382,0.5030172997595084
69383,0.5003043123449508
69384,0.49350478049657365
69385,0.49485712363780787
69386,0.49844283997378097
69387,0.48318681939054997
69388,0.49411117944889116
69389,0.4953241792205936
69390,0.5087966520462597
69391,0.5097688287519897
69392,0.5035632361461438
69393,0.4682478265148656
69394,0.5003789344464473
69395,0.488821416249714
69396,0.49321841495527297
69397,0.5337991467700058
69398,0.505360409967809
69399,0.4853198696863461
69400,0.5280599112556831
69401,0.4698218196250423
69402,0.5331913115730482
69403,0.48300516806626026
69404,0.492753874298556
69405,0.48339593065681274
69406,0.4751479319129369
69407,0.5044156296750768
69408,0.5119543810121022
69409,0.5054161180856455
69410,0.5189056419919855
69411,0.5011287121081458
69412,0.5027054940965374
69413,0.5059419091676882
69414,0.34872367213905076
69415,0.5054702490049157
69416,0.36986340514313937
69417,0.5116741062853238
69418,0.5053764370038545
69419,0.4965923470454531
69420,0.49390953855782327
69421,0.4655163623028219
69422,0.49788328775667945
69423,0.5055843789470462
69424,0.5028302625470014
69425,0.4720806970475865
69426,0.5070696279078634
69427,0.5205490624869195
69428,0.46024662716299913
69429,0.4801928686169289
69430,0.49074628664565734
69431,0.46624687445491997
69432,0.5140502860681022
69433,0.4985689881177823
69434,0.48318972569407637
69435,0.5104991673698691
69436,0.5027288197087848
69437,0.3707971161899399
69438,0.5070806642663113
69439,0.5023699321669225
69440,0.503183310389414
69441,0.493236401242466
69442,0.5132974931456663
69443,0.49981516907685275
69444,0.4975558668341657
69445,0.4679065059792199
69446,0.4891946135972613
69447,0.4941259884122011
69448,0.5233454481904908
69449,0.5038040847343173
69450,0.49623544000543973
69451,0.49916108560964867
69452,0.48455680409601204
69453,0.37654731022331545
69454,0.4940362278221746
69455,0.4755334846462616
69456,0.5163903416649496
69457,0.5237827486971173
69458,0.48005037681735485
69459,0.46771408482633636
69460,0.5116075831510335
69461,0.4796551454099683
69462,0.4865476518994189
69463,0.5496042148704501
69464,0.49472292231427323
69465,0.5095124821644716
69466,0.5220308342949899
69467,0.4721012294878205
69468,0.5108415104665384
69469,0.3182084792482318
69470,0.4994462268670531
69471,0.4772779233769751
69472,0.5085907546704118
69473,0.4917234727831016
69474,0.5701347502607944
69475,0.4725496445456727
69476,0.4930967055183384
69477,0.5041262894376568
69478,0.4719578041375279
69479,0.5003189708533405
69480,0.4755274199844387
69481,0.4941461560911603
69482,0.49322623561415446
69483,0.5191773551025738
69484,0.48648121989590254
69485,0.5201828434426563
69486,0.48253144835301826
69487,0.5089975403183197
69488,0.4878719315249398
69489,0.4995556551505861
69490,0.5172004802273208
69491,0.4936736430699561
69492,0.34418632078838013
69493,0.5154534419421501
69494,0.4932962531427679
69495,0.49625583060429046
69496,0.5280875108618935
69497,0.5094758447972922
69498,0.4679922456873949
69499,0.5246164287784372
69500,0.48930559693562203
69501,0.49468442368505594
69502,0.4878678955183958
69503,0.4972680428241719
69504,0.4839750925334324
69505,0.4947927398457697
69506,0.5752630474912238
69507,0.47977438009476664
69508,0.5002257374923982
69509,0.520984526370956
69510,0.511084992617447
69511,0.48917058288631665
69512,0.5003946870798296
69513,0.490242977722527
69514,0.4832266176705413
69515,0.46915527386628864
69516,0.4604234070547527
69517,0.4773523717288878
69518,0.49976300330238954
69519,0.47501786384605255
69520,0.3869947069469972
69521,0.4943064793523927
69522,0.5152387507605776
69523,0.5257903596411178
69524,0.4929187380721275
69525,0.5149045757273283
69526,0.4882905796793284
69527,0.5083267032649149
69528,0.37161939559059953
69529,0.4802779247320689
69530,0.32784495576061634
69531,0.4969656547906411
69532,0.5090449219725269
69533,0.5058759193131349
69534,0.5014344946221025
69535,0.48095284462301924
69536,0.47616770586207235
69537,0.4876057552235129
69538,0.4933323282640011
69539,0.49729563653801956
69540,0.4951592127259497
69541,0.47922429287041923
69542,0.49172444467021453
69543,0.49010610561284607
69544,0.5015563265382681
69545,0.49179036479933247
69546,0.4965544643314914
69547,0.5106610639335522
69548,0.4674784148516197
69549,0.5027276764722283
69550,0.4870093828034412
69551,0.49277336926183035
69552,0.5001432914962556
69553,0.502243520760049
69554,0.48878558533130384
69555,0.49866036671271907
69556,0.4998395581614471
69557,0.4921334570961401
69558,0.5019014035309093
69559,0.5190248128186478
69560,0.49089628281927233
69561,0.5001001135540607
69562,0.4991656595710211
69563,0.4688507273287721
69564,0.4577105770501462
69565,0.49972916813650936
69566,0.5093024380928578
69567,0.5204186822141054
69568,0.5056590491668269
69569,0.4913911835048203
69570,0.5036245336627516
69571,0.49691547767845634
69572,0.4867535175730719
69573,0.5046657793675118
69574,0.5029229641748995
69575,0.49147815384422233
69576,0.48132835949061437
69577,0.524382990653522
69578,0.4951729873484624
69579,0.4865512973961471
69580,0.44839344795615155
69581,0.5060187090646662
69582,0.4218801915855679
69583,0.502049746797997
69584,0.523380470632538
69585,0.5044552631541082
69586,0.4533297365511648
69587,0.4865208510160118
69588,0.5019965879235945
69589,0.5042934359786986
69590,0.4672177514557935
69591,0.48091553760551653
69592,0.5002278178089926
69593,0.5105875005128854
69594,0.39232573687467165
69595,0.5262673379770376
69596,0.5052878287671454
69597,0.4838593584419333
69598,0.5256188498852951
69599,0.48603775069258615
69600,0.48234479559157856
69601,0.5081249983389173
69602,0.4996200261070364
69603,0.5740386858581144
69604,0.4956853378885002
69605,0.4968534622158875
69606,0.50653830088859
69607,0.4888581461095959
69608,0.36050661071668
69609,0.4902970870464452
69610,0.48986709508771853
69611,0.4617873010054214
69612,0.3793269760960666
69613,0.38288108145787514
69614,0.48997672160646744
69615,0.5177305529336618
69616,0.5177413469401458
69617,0.5183364458358002
69618,0.40697389658913313
69619,0.4929077948100319
69620,0.47721594603712014
69621,0.48986861746065463
69622,0.4735952157029219
69623,0.4798138554515262
69624,0.5049737906186911
69625,0.5183518724473576
69626,0.3731769185006245
69627,0.3729746890490952
69628,0.48925056904309816
69629,0.4918855181153675
69630,0.5145440282866576
69631,0.5008650620366464
69632,0.4820251876915815
69633,0.5160088667664631
69634,0.4937663406431909
69635,0.5011242039631839
69636,0.5070784054252753
69637,0.5173921900788683
69638,0.4920774450699287
69639,0.5078359647098454
69640,0.4736882440576249
69641,0.567151857463895
69642,0.4946090409424422
69643,0.5008867405231524
69644,0.5079339180655988
69645,0.4975120445734428
69646,0.4972426853062877
69647,0.5346611405314805
69648,0.4857627354121152
69649,0.4968624615806122
69650,0.5102603782772438
69651,0.3262481675612585
69652,0.4908243688892152
69653,0.47676617105784347
69654,0.4877711308118568
69655,0.49282623938335235
69656,0.4746639453042132
69657,0.5072124156112678
69658,0.503327018156057
69659,0.46337354812676423
69660,0.48694408527330657
69661,0.45817469694603147
69662,0.47637918375333776
69663,0.5095703051488513
69664,0.49222501441281896
69665,0.5058529550114691
69666,0.44787699309857093
69667,0.48913307255038996
69668,0.5079691274151366
69669,0.5063854827252355
69670,0.46492082262732454
69671,0.49013225606838673
69672,0.48190304314700333
69673,0.39718369558296823
69674,0.4819673697029308
69675,0.4767225541495676
69676,0.4768563726575033
69677,0.45722986956982625
69678,0.5048932188212122
69679,0.5032032141786598
69680,0.37239957030149495
69681,0.49668444359687
69682,0.5081637329023957
69683,0.5052131585555815
69684,0.48445943882635856
69685,0.4869166749189856
69686,0.4960570316487823
69687,0.48887941540713575
69688,0.5050710704726215
69689,0.4915318578335732
69690,0.533421381915889
69691,0.48162742259402463
69692,0.48152011936785233
69693,0.5048442109671022
69694,0.469629335471172
69695,0.5003617687986947
69696,0.49888141456256657
69697,0.491814446045276
69698,0.4956080399505095
69699,0.4799685502390221
69700,0.4850476741625076
69701,0.5016970322887634
69702,0.4944738061807658
69703,0.45925068632322574
69704,0.4899435549924544
69705,0.4974254005345331
69706,0.5066506602940118
69707,0.49788726537665284
69708,0.4611950850392496
69709,0.48877439477788137
69710,0.38793765592003615
69711,0.37641335856300784
69712,0.4868326174342679
69713,0.34286933023178306
69714,0.4797657450227495
69715,0.47524574761706606
69716,0.490152117472355
69717,0.4837451535403401
69718,0.4894202944560558
69719,0.5082204495104804
69720,0.47920693502622397
69721,0.523244965970607
69722,0.49013863120597634
69723,0.5072254306026406
69724,0.3611348250179873
69725,0.4941526400998687
69726,0.5144437861783275
69727,0.5014113427035602
69728,0.5975569043253566
69729,0.49484122925893703
69730,0.5236528111040055
69731,0.5046411174832022
69732,0.4931334451898851
69733,0.4641112503299838
69734,0.47902706932635164
69735,0.5101262032237465
69736,0.48784540780830576
69737,0.5528658233261606
69738,0.5030636941283612
69739,0.5165025892055684
69740,0.489647261182341
69741,0.5596107809136945
69742,0.4959661767406657
69743,0.48011675985349067
69744,0.4834287517366113
69745,0.5027131097840052
69746,0.5053128125809546
69747,0.5038443398246251
69748,0.4750892489424506
69749,0.5198928672096431
69750,0.49506049150181447
69751,0.4969301959287322
69752,0.4840780503951475
69753,0.507154548030413
69754,0.35538470977333947
69755,0.36176947583831337
69756,0.3432534409052084
69757,0.46521376259804936
69758,0.4883184421688559
69759,0.47770852075099984
69760,0.47530135248571204
69761,0.4941130604801568
69762,0.5089807961681476
69763,0.4886698656687172
69764,0.44715444184452796
69765,0.49840691632569933
69766,0.3704043585917678
69767,0.5074071172900385
69768,0.5012615106774279
69769,0.48221371467305285
69770,0.4940397936013392
69771,0.5069495193099495
69772,0.3849472329102476
69773,0.4498709579388813
69774,0.4929419775473607
69775,0.4945786166755802
69776,0.48721596297930114
69777,0.4771191193565789
69778,0.4929111910097777
69779,0.5181530963636161
69780,0.5114937147571905
69781,0.48472569698813656
69782,0.4874446404689027
69783,0.5023821636388472
69784,0.4830533851124268
69785,0.5096551161794081
69786,0.4956023047432271
69787,0.4924253587600158
69788,0.4949853493727311
69789,0.4195937239749832
69790,0.5043202064885611
69791,0.4987597921344166
69792,0.5074576230848429
69793,0.5216831070267635
69794,0.5043585056674394
69795,0.4988167674803206
69796,0.5022160988749083
69797,0.3774679904699364
69798,0.4912503455759668
69799,0.4867879443044809
69800,0.5290888049846239
69801,0.5042955370224984
69802,0.4950821538497127
69803,0.5078118922103754
69804,0.49493428757959923
69805,0.4729760122202358
69806,0.4842985449484817
69807,0.4877917581761426
69808,0.4983940394047939
69809,0.4967616385450927
69810,0.49890061992259616
69811,0.4962527211342181
69812,0.47675820304076283
69813,0.48374910909399904
69814,0.49808930338830576
69815,0.4899726873347596
69816,0.5093011452796888
69817,0.5052387750923721
69818,0.46556323151403567
69819,0.5083142537698713
69820,0.5032122513296552
69821,0.47505648304437215
69822,0.5151081343264916
69823,0.5328900746656076
69824,0.36975660132082233
69825,0.5112345565034004
69826,0.4984026538957558
69827,0.47018689172578665
69828,0.5008649405247755
69829,0.5133437248341891
69830,0.4971379455674608
69831,0.47617540423876875
69832,0.4895294977682918
69833,0.36329573993574543
69834,0.5023053854084301
69835,0.5011567126558882
69836,0.48126388631523725
69837,0.4881270934962657
69838,0.45525539235353757
69839,0.4997404183011224
69840,0.501667906494536
69841,0.4620628062717063
69842,0.4751071870993543
69843,0.525376554873696
69844,0.4943055926996992
69845,0.5152105276947482
69846,0.5200170450012409
69847,0.5051614034506317
69848,0.5050409874998841
69849,0.4951847162753076
69850,0.4963971217227003
69851,0.4473876934190685
69852,0.47867296714716545
69853,0.4989963712908638
69854,0.5017791647074071
69855,0.4512359786206728
69856,0.49358772959123765
69857,0.49143991998756437
69858,0.5131770169592481
69859,0.4541304371216994
69860,0.5118512190241212
69861,0.5010213643936514
69862,0.4968758213959646
69863,0.47188201030364196
69864,0.4770642094405716
69865,0.525822500857752
69866,0.4963226921254944
69867,0.5035640515101047
69868,0.3471664123873688
69869,0.502876630987513
69870,0.4796503052647122
69871,0.5188934992418844
69872,0.502561200563233
69873,0.4967321367984222
69874,0.4974707267645845
69875,0.4939115400648961
69876,0.5028775512303724
69877,0.467235862341224
69878,0.4843544468407349
69879,0.5120960671003094
69880,0.46515546664589213
69881,0.5003082506773491
69882,0.4943833303157626
69883,0.4915662991976927
69884,0.4884740444970039
69885,0.4986745482060546
69886,0.3766963458174394
69887,0.4620584335186985
69888,0.4793001565997664
69889,0.49271650951815693
69890,0.4867962757428345
69891,0.5064426685277857
69892,0.5039938980888256
69893,0.3229582637697707
69894,0.4855903714821016
69895,0.48981986536523714
69896,0.5146466237646733
69897,0.3425631747513446
69898,0.3503178777609378
69899,0.4887774365028552
69900,0.5320486891565646
69901,0.3622146147721419
69902,0.4896572079406395
69903,0.4990870563041718
69904,0.4987771402661617
69905,0.4861187868684363
69906,0.5530678465518305
69907,0.49436473316839563
69908,0.48991459585188013
69909,0.4826171974162552
69910,0.4937336624573609
69911,0.48743487588934364
69912,0.4921698746484951
69913,0.5024019168011129
69914,0.5051080489866249
69915,0.5005083325503161
69916,0.5001857817964472
69917,0.49839782745804956
69918,0.4717198664577492
69919,0.49755956135148105
69920,0.5073349185544878
69921,0.4726421177724301
69922,0.48392464149640835
69923,0.5002614366611795
69924,0.381280027641784
69925,0.33904574292164397
69926,0.5072936565857195
69927,0.4666497123107938
69928,0.5057354485466683
69929,0.4602000901904405
69930,0.4891933074764549
69931,0.4937762980672894
69932,0.5009717471400695
69933,0.5184962917047344
69934,0.3579693083285414
69935,0.5185582532953238
69936,0.5046103767602097
69937,0.48862700021257355
69938,0.49919098605876644
69939,0.49313515933678614
69940,0.49663463176986056
69941,0.4848995989235131
69942,0.49528660130195745
69943,0.4955272579967065
69944,0.486064073149084
69945,0.5019456917214399
69946,0.4969425017392137
69947,0.4913516908750344
69948,0.5699423049595487
69949,0.4789997173953521
69950,0.4569133800010938
69951,0.498758915387475
69952,0.4930310023378975
69953,0.47390593026786787
69954,0.4577584678375068
69955,0.4842241871589858
69956,0.48242106813931546
69957,0.4758188751591798
69958,0.4902635527570439
69959,0.47187822862097667
69960,0.4986555045825445
69961,0.47260522925098825
69962,0.5146713671152687
69963,0.4844994387001338
69964,0.47036076168362384
69965,0.5043767789677311
69966,0.49033123208619256
69967,0.5255201089878576
69968,0.5077986360592234
69969,0.4988439037845371
69970,0.5016642446077751
69971,0.4924203927437001
69972,0.48815383188382233
69973,0.49532859257258977
69974,0.47454738499232235
69975,0.49004840291010543
69976,0.4756832645727509
69977,0.3747186035673947
69978,0.4959502231740317
69979,0.48494343495070114
69980,0.5195094161917664
69981,0.5005713945040742
69982,0.36382004690500763
69983,0.4965502068143871
69984,0.46434145182058273
69985,0.49302659923126085
69986,0.4976731668804951
69987,0.5010337841448618
69988,0.49660788064560824
69989,0.4939214824233123
69990,0.5087251583848973
69991,0.5050997173027528
69992,0.5749823223329737
69993,0.48679523672722036
69994,0.5073283675368063
69995,0.48334619142525553
69996,0.47268459857621287
69997,0.4567883215793227
69998,0.510489479117663
69999,0.4975243618702703
70000,0.5076122305876938
70001,0.5715165159837858
70002,0.5072555011550188
70003,0.35998800703347034
70004,0.4085888639261306
70005,0.5001691083090901
70006,0.5025266790607295
70007,0.486321027185295
70008,0.5068469435001827
70009,0.5762318234367415
70010,0.530963639494653
70011,0.5155933824294952
70012,0.5271525093085395
70013,0.46825064380798764
70014,0.512576989160398
70015,0.5060723028665252
70016,0.4766871602667941
70017,0.5018961575879374
70018,0.4955078505015811
70019,0.48304889193419415
70020,0.4473235460424335
70021,0.38724825668892054
70022,0.4909343606642736
70023,0.5009722817024043
70024,0.47948014682341367
70025,0.5042860657279135
70026,0.5106196941094407
70027,0.3348337270120713
70028,0.4536671357979031
70029,0.3604345051660789
70030,0.49373993922393233
70031,0.48557624005322686
70032,0.43486919339416563
70033,0.49360352467673596
70034,0.49915333316240873
70035,0.4971797806099631
70036,0.5225094642757402
70037,0.48373792337775723
70038,0.48960401561922173
70039,0.4974582432265815
70040,0.4845077937262662
70041,0.4745152842131183
70042,0.48274615865227294
70043,0.5061656524370678
70044,0.49451544677131265
70045,0.4974180329485638
70046,0.5299882775813617
70047,0.5140666046434968
70048,0.4821634124040176
70049,0.5027266143142253
70050,0.48653123303738627
70051,0.49095754983050827
70052,0.501109606692316
70053,0.49996289823758594
70054,0.49072055586792124
70055,0.5036430221533387
70056,0.49282445390926677
70057,0.4867993098819137
70058,0.5064047763979416
70059,0.49334821495300285
70060,0.48145294046006826
70061,0.5241626928046822
70062,0.49134179714566517
70063,0.4820547292084733
70064,0.49020936049620184
70065,0.49216886626387835
70066,0.47460475675192926
70067,0.4826392927122303
70068,0.49507218993601637
70069,0.49242898440888166
70070,0.3526142362497886
70071,0.49472144677152685
70072,0.48597353090604745
70073,0.5122312339474598
70074,0.496283194316809
70075,0.49631463509098017
70076,0.4819351902484692
70077,0.4808964117541332
70078,0.47253697332922273
70079,0.4830982626036316
70080,0.5104245018401607
70081,0.45709111952859455
70082,0.5029759674934886
70083,0.5749973993596625
70084,0.5065443224000216
70085,0.4902313305983565
70086,0.4953330273746885
70087,0.49367732347323834
70088,0.5104365203328024
70089,0.5130887914138624
70090,0.5103572271651533
70091,0.49097281405440374
70092,0.3753529363373874
70093,0.48952549901295217
70094,0.47892156246054407
70095,0.4936867054366592
70096,0.4833082682171573
70097,0.493368613694973
70098,0.5036236289006198
70099,0.49903578810335036
70100,0.49262636856034814
70101,0.48439119049127227
70102,0.4777837277728273
70103,0.37518882489826344
70104,0.499380387898005
70105,0.498504057428853
70106,0.4934014150051793
70107,0.5195813910326865
70108,0.49826379235295404
70109,0.4803095808780392
70110,0.5031960658308794
70111,0.47789128864809083
70112,0.4731642281429066
70113,0.45551354364676055
70114,0.5164540278123025
70115,0.5205510489526514
70116,0.4864182239127327
70117,0.5026889046015506
70118,0.5204381853523378
70119,0.5130498288665362
70120,0.488958938627634
70121,0.49842116085381377
70122,0.5029552055484438
70123,0.5089912644618924
70124,0.5007350412376144
70125,0.5193524217053287
70126,0.5094695934177168
70127,0.529388725257929
70128,0.4812953085551836
70129,0.49805711254032836
70130,0.457870840038355
70131,0.5062750970900335
70132,0.5178131462434807
70133,0.5202764444805152
70134,0.49193304875599064
70135,0.4881229762353698
70136,0.49327689407961894
70137,0.4882969698783932
70138,0.46613846294901384
70139,0.48741478136602256
70140,0.5009740980662089
70141,0.49887776197889444
70142,0.4949298744832994
70143,0.5253385069125642
70144,0.49551242292035297
70145,0.5013147986776295
70146,0.5084108759036283
70147,0.48667462076524115
70148,0.4906123768409334
70149,0.4913901930726142
70150,0.4753156391108513
70151,0.47795062473482497
70152,0.5079161348055419
70153,0.4928339745563292
70154,0.4933840190099922
70155,0.4757360029339209
70156,0.5128326989949918
70157,0.47065809524097313
70158,0.4958250085345272
70159,0.5243485534950634
70160,0.5429708987584083
70161,0.4862286927996654
70162,0.47393659594362925
70163,0.49202219323456853
70164,0.5127882462672664
70165,0.5670908119152
70166,0.5674205002728605
70167,0.4897974756519852
70168,0.5038195205299518
70169,0.4907445638078127
70170,0.49039719477975946
70171,0.5271237926823334
70172,0.49033085486732064
70173,0.47591471189782486
70174,0.4654782496502198
70175,0.5247684164776688
70176,0.4776472738553518
70177,0.4966899453101009
70178,0.4802799269256749
70179,0.3377995873092567
70180,0.5200591320220899
70181,0.4812637304247887
70182,0.48283123947216783
70183,0.4778492500073051
70184,0.47933411118491864
70185,0.4882387971040697
70186,0.3837983338354698
70187,0.49706460619070036
70188,0.5172705415956501
70189,0.4992205939721696
70190,0.48204762858264516
70191,0.5200307782850522
70192,0.5022960739470284
70193,0.5667665693647235
70194,0.4849816884899881
70195,0.5128752678794379
70196,0.5024029957796061
70197,0.3644060639042695
70198,0.5052810036024732
70199,0.5128898850941724
70200,0.3577490112274395
70201,0.5056388925540178
70202,0.482564701974556
70203,0.4863368950620678
70204,0.4929970303598372
70205,0.5018513077181525
70206,0.5006316179519584
70207,0.508763516030303
70208,0.4916268327772366
70209,0.4972724634823581
70210,0.5042823171146938
70211,0.4623502250940901
70212,0.4955499378569038
70213,0.49860995694797733
70214,0.5063625026954853
70215,0.3219747220903214
70216,0.4852282874251601
70217,0.48138105590471797
70218,0.5234915326168444
70219,0.4880041943012722
70220,0.5522325904999116
70221,0.5161005340725937
70222,0.471116284436649
70223,0.5171532871667814
70224,0.5296159372948757
70225,0.49480192368311043
70226,0.4993315717918647
70227,0.49281386743867983
70228,0.562838889460813
70229,0.48735978992176177
70230,0.4950505086800193
70231,0.39316860111720997
70232,0.5167177964724136
70233,0.35059920899918434
70234,0.5119780016963454
70235,0.36943707156752836
70236,0.4914032772173742
70237,0.47109683647555306
70238,0.46999761412415664
70239,0.4974994159535542
70240,0.5077267387950007
70241,0.4935478623159376
70242,0.47909283412506026
70243,0.48366667562125254
70244,0.5117006217897592
70245,0.4679858464676213
70246,0.4950001725660393
70247,0.503651264346812
70248,0.49366438038227217
70249,0.47751444979769264
70250,0.461325053826245
70251,0.4964770690632532
70252,0.49512929749583323
70253,0.49677509747106313
70254,0.4868754534024748
70255,0.45842860879728875
70256,0.5058181615286309
70257,0.5162748068194454
70258,0.4970213708389468
70259,0.52726538466166
70260,0.49025960405826274
70261,0.4999014286284936
70262,0.5031039096662595
70263,0.4761184978468137
70264,0.5076048118355626
70265,0.5020606731623845
70266,0.5021433029568815
70267,0.5078216726936132
70268,0.49178436560496397
70269,0.5089983552421006
70270,0.4642116584815449
70271,0.4697088314003631
70272,0.4644521596416889
70273,0.5242286165849784
70274,0.47480268622334076
70275,0.5090779439588936
70276,0.5113026498339039
70277,0.5079548095603278
70278,0.4823711732222658
70279,0.500199490430054
70280,0.3469093268078844
70281,0.5095820621975586
70282,0.544563656129945
70283,0.49134040290492076
70284,0.5101799052740059
70285,0.4876536201252455
70286,0.5012090893830426
70287,0.34575452026691766
70288,0.49988337930032234
70289,0.5054245269881049
70290,0.5168226099548273
70291,0.49894842671149137
70292,0.5009386301670443
70293,0.5130486447399936
70294,0.5163472127979876
70295,0.47708296934286765
70296,0.48190081121566813
70297,0.49322643949688594
70298,0.49945424568494384
70299,0.5637280740459598
70300,0.5061435142929154
70301,0.44948709203642706
70302,0.5561368291576043
70303,0.4963057440242931
70304,0.49713767593101643
70305,0.4904018205989592
70306,0.4947657092507852
70307,0.5090128584203146
70308,0.4654896918287339
70309,0.46985008396316635
70310,0.4818653387251254
70311,0.5341247174230825
70312,0.4998074329966715
70313,0.519815400215237
70314,0.4769563410637754
70315,0.4914684380997212
70316,0.5039588667301166
70317,0.4951135455463843
70318,0.49652534870159637
70319,0.4998702318083256
70320,0.49109598344344213
70321,0.5022348831141135
70322,0.5114545857581603
70323,0.5044590255855338
70324,0.34625349951069795
70325,0.37474989136480363
70326,0.4003090553388041
70327,0.5133665727582446
70328,0.5023267958802488
70329,0.49749404234158795
70330,0.4869619012129533
70331,0.5107143852904568
70332,0.4781569148168073
70333,0.5019273307365565
70334,0.49038567929583854
70335,0.5003377674377412
70336,0.4779021243796392
70337,0.48573165036587584
70338,0.4981573952207558
70339,0.51834635312526
70340,0.4735959961438987
70341,0.4777274448899126
70342,0.5120868397205387
70343,0.5544596153520867
70344,0.5058099200072976
70345,0.4695793842229286
70346,0.3504360302317534
70347,0.4946644369862257
70348,0.4890660806191285
70349,0.3483964220679649
70350,0.49809300640238763
70351,0.5009525047638261
70352,0.5041795181936493
70353,0.4769698337930287
70354,0.4953601841362842
70355,0.5175356365349835
70356,0.3356489259378348
70357,0.5011634920087685
70358,0.49525082950850247
70359,0.49709003495949167
70360,0.4790871872297981
70361,0.5094698648748819
70362,0.4954016999141013
70363,0.5022435409157928
70364,0.4855756632425933
70365,0.4991707770292708
70366,0.46972625052087835
70367,0.5101993651678665
70368,0.4611501890741173
70369,0.5222935102751607
70370,0.4810319176378924
70371,0.47849245281009617
70372,0.4851695396385414
70373,0.5045079453059357
70374,0.4993384120343184
70375,0.5065639052415184
70376,0.512085556054139
70377,0.5118611172350648
70378,0.5047241634271046
70379,0.47078984434616006
70380,0.4763286996627182
70381,0.47905457088226994
70382,0.5235108797751576
70383,0.47879575836854266
70384,0.48950717536627253
70385,0.49543707795715064
70386,0.4564893104503392
70387,0.3517374024977973
70388,0.49368958828886866
70389,0.5001799916337561
70390,0.5186234872047191
70391,0.5637610082493154
70392,0.5051016902793309
70393,0.49361349910540436
70394,0.5076945209954389
70395,0.4977755520377098
70396,0.4835969767459863
70397,0.4990899746694155
70398,0.49410924932767847
70399,0.4726970549858399
70400,0.5105736608722539
70401,0.49430966690515254
70402,0.5062813093913214
70403,0.5103231760330694
70404,0.5062820566358872
70405,0.49247844405369623
70406,0.47023982473340753
70407,0.5092843476583097
70408,0.4790351483885869
70409,0.4815755654124681
70410,0.4502717214878822
70411,0.469081957494328
70412,0.4702225036012279
70413,0.48383164829436875
70414,0.4794867065557882
70415,0.45794579753606623
70416,0.4784326792972913
70417,0.47595042918299535
70418,0.5116295170529307
70419,0.48413193975767765
70420,0.4794803284690278
70421,0.5062863568995162
70422,0.48246816109475243
70423,0.48272693368355224
70424,0.5076953260789115
70425,0.4923477417262463
70426,0.4925981158915224
70427,0.4731313922238213
70428,0.47287075136379353
70429,0.5050092862608694
70430,0.4898128445039771
70431,0.49429311336010934
70432,0.509725314538302
70433,0.4812117449394946
70434,0.45916345121735685
70435,0.4990870898414514
70436,0.508242299250182
70437,0.5052301086243624
70438,0.49144299325427143
70439,0.5017356021137007
70440,0.4739603416574991
70441,0.5385891960603455
70442,0.5103475451298694
70443,0.4984767143493828
70444,0.44769767498289115
70445,0.5058730909331601
70446,0.4897002746881789
70447,0.5085967988710909
70448,0.5106171506744431
70449,0.5077924335142213
70450,0.5190475856799999
70451,0.4813778391703354
70452,0.5073395613220819
70453,0.45919067727617396
70454,0.4996224854275527
70455,0.5028234332044633
70456,0.5022169058364206
70457,0.37249311256837625
70458,0.514461921213688
70459,0.5134497206461953
70460,0.49593955590147565
70461,0.5052873133739014
70462,0.5042957103727137
70463,0.46541099248225837
70464,0.49605629578300925
70465,0.4790024035386238
70466,0.502381814616952
70467,0.5099909224446305
70468,0.4667107436059454
70469,0.49296095609757584
70470,0.47940995279767096
70471,0.49184830982790284
70472,0.33907059888955066
70473,0.47925002983344633
70474,0.48415093857230096
70475,0.5223397453813692
70476,0.5032733876861645
70477,0.5097021266996131
70478,0.508316404751433
70479,0.3728310107913395
70480,0.49329037865561975
70481,0.5076362488571254
70482,0.4845427158501927
70483,0.5068625717806368
70484,0.4949936383832235
70485,0.5025064083534088
70486,0.4684411904200232
70487,0.49625744966130236
70488,0.4619397404250153
70489,0.48630458155822
70490,0.47892650508218737
70491,0.5270148280340445
70492,0.5002241129412075
70493,0.5001043214057581
70494,0.4894815356759631
70495,0.4828429364403096
70496,0.4946420338030092
70497,0.49566489660256385
70498,0.47654564761418666
70499,0.3792932852820994
70500,0.5450615173416744
70501,0.5710219541539309
70502,0.4915070461030445
70503,0.4837154501851553
70504,0.5146769765527086
70505,0.5080549262656224
70506,0.48790253857407573
70507,0.5157197983274485
70508,0.4786544724422795
70509,0.4926737416026832
70510,0.5056755334560411
70511,0.48776453984382
70512,0.4689460756629227
70513,0.5126390240917666
70514,0.4837731924723912
70515,0.49230402455883704
70516,0.49335552966653046
70517,0.5076684310394579
70518,0.539962859118373
70519,0.47405005827559393
70520,0.49813622768268095
70521,0.4738219652428489
70522,0.5012644187969495
70523,0.5073143496811318
70524,0.48050116553318467
70525,0.5001135947240458
70526,0.5101124668432909
70527,0.5140724646528397
70528,0.4825863864008649
70529,0.47082187096014005
70530,0.4710507700650251
70531,0.5079183532202628
70532,0.4914991658765428
70533,0.48588309538927754
70534,0.5095341159900034
70535,0.5117189465152
70536,0.5521658564549778
70537,0.5046269662981147
70538,0.5758785580037838
70539,0.474048738666911
70540,0.4819587033472944
70541,0.48200400644614694
70542,0.4918759554849832
70543,0.4817952299496608
70544,0.5808511874892569
70545,0.3731590591695127
70546,0.49904666023211053
70547,0.5154380056972867
70548,0.48819861833463196
70549,0.4728596774492272
70550,0.47348493046212947
70551,0.5048065860310317
70552,0.4997616450773396
70553,0.35068332977876204
70554,0.46338981611126395
70555,0.509085536850562
70556,0.4898898526802167
70557,0.5765352289827493
70558,0.5008656760636298
70559,0.4653667258217887
70560,0.471441317710807
70561,0.5123516552487462
70562,0.5069095542632202
70563,0.5223237829932119
70564,0.49055123847992366
70565,0.5042155646675726
70566,0.49528982977386493
70567,0.49172284867862215
70568,0.46483925408098764
70569,0.5824161903607832
70570,0.46006275108324457
70571,0.4764873270387655
70572,0.4616984471057227
70573,0.4940284197169297
70574,0.5037011456430115
70575,0.48356289311406087
70576,0.34113307392411657
70577,0.48249649602249417
70578,0.49825993155557424
70579,0.48808997567345486
70580,0.4600357582716337
70581,0.5000443820368258
70582,0.49116756335708744
70583,0.44693304458291533
70584,0.49737311242040166
70585,0.5167890194936425
70586,0.5112676672268842
70587,0.5086633577683546
70588,0.540070156217631
70589,0.48000546944734374
70590,0.33625111789489925
70591,0.4920772112166322
70592,0.5017395096379338
70593,0.37598988268579975
70594,0.48996895245241384
70595,0.49507516969220966
70596,0.5310269957828142
70597,0.5011221883774827
70598,0.505646006192056
70599,0.5124651621962588
70600,0.465372113289507
70601,0.5237547491501425
70602,0.47555770813911113
70603,0.5056593435330242
70604,0.4981704571859935
70605,0.3652167696394586
70606,0.49220457162336384
70607,0.5121652116456298
70608,0.525692029455374
70609,0.5133532242146631
70610,0.5092033552419792
70611,0.496687178669797
70612,0.5222165521220787
70613,0.49394941363808437
70614,0.4364189521181219
70615,0.5157883700073219
70616,0.4860400772380934
70617,0.5225059734736013
70618,0.5140927594334939
70619,0.35874606624562067
70620,0.48404165122662035
70621,0.486276415474318
70622,0.5103857240338476
70623,0.46886417370532457
70624,0.5095403013762737
70625,0.48100018466833006
70626,0.49659203387998474
70627,0.49731330861281603
70628,0.5258517687287816
70629,0.4799619788468459
70630,0.5080151633747841
70631,0.4678726252616616
70632,0.49726291907653813
70633,0.5058001586580987
70634,0.5198916109338708
70635,0.49952149145192415
70636,0.504146722443271
70637,0.4921547391175689
70638,0.4952535769169096
70639,0.5076021655381211
70640,0.47062894762521124
70641,0.4911324358241854
70642,0.5062958014154608
70643,0.5065627995964256
70644,0.5147273781016831
70645,0.5092820575926817
70646,0.5026176048022014
70647,0.4949211582973407
70648,0.5226507491888449
70649,0.47871786820899
70650,0.4885441630186109
70651,0.4925589587486839
70652,0.33717248821341617
70653,0.5015150270746356
70654,0.5236861857446236
70655,0.3441947540467844
70656,0.5149600733332615
70657,0.48826386114220666
70658,0.4900956953343101
70659,0.5117649732708028
70660,0.4888044986717538
70661,0.5054938809448669
70662,0.5061522481119729
70663,0.5089111236863477
70664,0.5019878903819538
70665,0.4746443863409132
70666,0.4670631204879778
70667,0.503628568038532
70668,0.5102020552783655
70669,0.5070945743253416
70670,0.48285269605622916
70671,0.4894649095910035
70672,0.4935646710125443
70673,0.5064934945764322
70674,0.5519121063290184
70675,0.47241706765152275
70676,0.5207239771401369
70677,0.4652005596994561
70678,0.49996856270492185
70679,0.5068731735556993
70680,0.49598405952312796
70681,0.5361559325903635
70682,0.4825615191986416
70683,0.5718792195189716
70684,0.48917989586403315
70685,0.5042332148207515
70686,0.4999077732634513
70687,0.34472565989482395
70688,0.5012039232296001
70689,0.4905431551655861
70690,0.5108487320236688
70691,0.48461792358297084
70692,0.49280883270947157
70693,0.5010571649442472
70694,0.4903466917164792
70695,0.555161006911393
70696,0.4708318341389196
70697,0.35334332522897854
70698,0.47618773745034854
70699,0.49184596634479605
70700,0.3686695190473169
70701,0.5092512986152294
70702,0.49636846410812596
70703,0.48124732879678034
70704,0.48346493359630055
70705,0.34258192962367456
70706,0.4871397719466164
70707,0.4947763686248255
70708,0.4816561488994995
70709,0.4889931231810494
70710,0.5047438078793304
70711,0.33184157942399806
70712,0.4828138446838421
70713,0.48740263298029796
70714,0.44973233538727153
70715,0.4808216075941759
70716,0.5005205151892681
70717,0.49354247281224084
70718,0.5025858557829964
70719,0.5073459289912662
70720,0.49922887381011205
70721,0.4671239768391407
70722,0.5049815799454189
70723,0.4792491389259613
70724,0.5104187748279425
70725,0.47723257120481954
70726,0.5049333625787238
70727,0.5012867069280612
70728,0.5006890528360194
70729,0.4931624096395698
70730,0.469549049032162
70731,0.3588284286042045
70732,0.5185663712346675
70733,0.5024800205128667
70734,0.502088795691451
70735,0.5042725563198485
70736,0.48617662967051184
70737,0.5687522316929097
70738,0.49655043279572797
70739,0.5040539265152941
70740,0.5036252656019722
70741,0.5080565463715102
70742,0.37273593260262766
70743,0.5214090780919227
70744,0.4889449619976175
70745,0.5023465958909457
70746,0.5078149483810299
70747,0.487427529327461
70748,0.4288310923890661
70749,0.5063074636531948
70750,0.5056524910002347
70751,0.49864323512908737
70752,0.3698795351759644
70753,0.503736489180886
70754,0.5195723765034245
70755,0.4874062504154014
70756,0.49598011621857196
70757,0.5100969716249842
70758,0.49299144398074923
70759,0.3710277589571036
70760,0.4980277846945271
70761,0.4984282011775613
70762,0.5349675436687168
70763,0.4310399317065243
70764,0.4971192374653862
70765,0.4988166045083597
70766,0.40003898163371726
70767,0.5206738289152022
70768,0.49825305576087686
70769,0.4947574723139874
70770,0.4991877957792791
70771,0.4737084233916416
70772,0.5052440375560857
70773,0.5064529756352574
70774,0.4678222224359958
70775,0.5144421315845082
70776,0.49734211683879004
70777,0.46936177883535646
70778,0.5169726058482386
70779,0.4581351996436996
70780,0.5069036056242986
70781,0.546252945457242
70782,0.5084098503611083
70783,0.501494151354169
70784,0.48886637794207405
70785,0.5111501180064483
70786,0.5207829796130383
70787,0.49265243911930223
70788,0.512568471046506
70789,0.3000433292730228
70790,0.33530943719348466
70791,0.49484307930826227
70792,0.46640820776709785
70793,0.5158107613131275
70794,0.5117216428075482
70795,0.49245811712605236
70796,0.4957875081935247
70797,0.47790996082511505
70798,0.4835781016368636
70799,0.49826504866135
70800,0.5086349075799352
70801,0.4955031854356674
70802,0.5237983857627646
70803,0.558868859339993
70804,0.49965367089119794
70805,0.46919600202507217
70806,0.4919308037945338
70807,0.49326087024999715
70808,0.48564955216898853
70809,0.4813829106087645
70810,0.4955484097624797
70811,0.5330001548789927
70812,0.4919980154104759
70813,0.5100369394989501
70814,0.5030095127717236
70815,0.5103969129743343
70816,0.49577923886008235
70817,0.4752491195139758
70818,0.4820411806392098
70819,0.49349629250319416
70820,0.47052708521519837
70821,0.508997493063894
70822,0.5282074677214054
70823,0.49861454941160965
70824,0.46024830376070747
70825,0.5258417363178832
70826,0.5072604811523534
70827,0.47636319256513404
70828,0.5043360817247374
70829,0.49413625862404165
70830,0.5194434419380387
70831,0.5092246037290713
70832,0.49586324935309656
70833,0.4910668177192916
70834,0.3594528579306955
70835,0.4594814032449277
70836,0.5015209890590614
70837,0.49584569591363425
70838,0.4932288422644444
70839,0.48325714741567655
70840,0.4981063021467027
70841,0.4332783727278592
70842,0.5167273305643465
70843,0.4958267096025823
70844,0.3621070808909784
70845,0.4858528075239751
70846,0.5119629937850905
70847,0.48702337226148396
70848,0.5080692978447576
70849,0.5088038273484925
70850,0.5082006708056269
70851,0.4755992556137792
70852,0.50868912437373
70853,0.498244802092865
70854,0.4915870906395571
70855,0.5166105775316919
70856,0.5050114335910679
70857,0.5664178039100036
70858,0.4924446062133655
70859,0.4981885201355132
70860,0.4826606589352953
70861,0.4869297787653849
70862,0.5021361960632961
70863,0.37729731172474135
70864,0.49106943931690206
70865,0.4981363423870109
70866,0.49793228357179065
70867,0.48507806741237885
70868,0.5128087135964291
70869,0.4984548900102804
70870,0.4857829741066498
70871,0.5091266878351413
70872,0.3797998547539817
70873,0.5455718306685109
70874,0.47255176838333174
70875,0.5144368410591689
70876,0.48932628034017134
70877,0.3840843600807984
70878,0.5056329221382396
70879,0.4997321010864389
70880,0.503130065135265
70881,0.4933610072801835
70882,0.38890268034424813
70883,0.49659447590380534
70884,0.35336249154956756
70885,0.49475635738143575
70886,0.47051105540633664
70887,0.5047298421644267
70888,0.4962864601114463
70889,0.5018190649226562
70890,0.47962707384492986
70891,0.49304827742940405
70892,0.4770512736755323
70893,0.513656883592144
70894,0.510857784689626
70895,0.5174724957926322
70896,0.5044453172111095
70897,0.48893516958719674
70898,0.4737087709192441
70899,0.483887889417745
70900,0.5232174301826071
70901,0.4831526319937667
70902,0.5093981551213864
70903,0.579577359995568
70904,0.4975650838877529
70905,0.46786512720446094
70906,0.5000509683099869
70907,0.4509292039714319
70908,0.5101233745615695
70909,0.48067313726797367
70910,0.502619381396081
70911,0.49965639378948085
70912,0.488277726050445
70913,0.48649184751011104
70914,0.4738701776910927
70915,0.49184122414865566
70916,0.35251796431454724
70917,0.4785711068162562
70918,0.4853348301253775
70919,0.4831660407475946
70920,0.3378411434115395
70921,0.488791405793741
70922,0.4835284209971803
70923,0.5099284414682849
70924,0.49359919694627935
70925,0.48573362519313285
70926,0.48186697383494914
70927,0.46872833232733735
70928,0.48364223505627024
70929,0.4998438547299477
70930,0.48874660832393135
70931,0.5009746974534159
70932,0.5063581865282814
70933,0.4956903543347926
70934,0.49748802810953363
70935,0.49152884282437664
70936,0.49709360704949535
70937,0.48788713768880543
70938,0.49832648449036304
70939,0.4803106319647922
70940,0.4887159919306334
70941,0.48714616655689486
70942,0.506001834660731
70943,0.5039015864263724
70944,0.3221819196722484
70945,0.49240352039616
70946,0.5107920844419578
70947,0.48191253145339275
70948,0.4956302940270362
70949,0.4843517305249272
70950,0.5373810981172235
70951,0.49881068865746814
70952,0.478995307727456
70953,0.48506350662828773
70954,0.4947456112042065
70955,0.5085189825164362
70956,0.4875980758617089
70957,0.5187519477778733
70958,0.4955714137560029
70959,0.499134984113264
70960,0.5026778716897244
70961,0.5081756819295891
70962,0.5054604827897292
70963,0.4940563740004545
70964,0.5003892002422188
70965,0.37303661216928613
70966,0.49787430522242865
70967,0.4964163711480139
70968,0.4487999548163915
70969,0.5067878860301775
70970,0.4757789789962874
70971,0.49960625277929654
70972,0.5152827297277196
70973,0.4977358416341795
70974,0.49365162012792274
70975,0.5005492277041494
70976,0.48906206435760247
70977,0.5013815922110373
70978,0.4852730460780649
70979,0.4818110393522441
70980,0.49679057721242736
70981,0.5129326583827043
70982,0.4727902493788513
70983,0.5041314016462154
70984,0.5012366963678673
70985,0.5046703461750217
70986,0.5211652008022214
70987,0.49793319542973774
70988,0.48875415679977763
70989,0.4838269000929253
70990,0.492022228815437
70991,0.48894977958228814
70992,0.5121945574254143
70993,0.49146488430311575
70994,0.5188539212656057
70995,0.4958967390844947
70996,0.5097671298281063
70997,0.4993899483587837
70998,0.4945591996833941
70999,0.49879842221788284
71000,0.4981427211027566
71001,0.5202750494023
71002,0.5022022690721903
71003,0.4932398951078456
71004,0.48218483668871726
71005,0.500263442885545
71006,0.48241575136181397
71007,0.49244930553410354
71008,0.5101334404541331
71009,0.49526826013617337
71010,0.48362572126509795
71011,0.4725259829205698
71012,0.507480362771699
71013,0.49164952533811496
71014,0.533582905241285
71015,0.4973042123837387
71016,0.5006471304240636
71017,0.5043023108626417
71018,0.35866977460243854
71019,0.50392667840472
71020,0.4921526389611337
71021,0.5074341385017289
71022,0.5047928339300916
71023,0.49855895797717314
71024,0.48832600428381695
71025,0.5083785513529528
71026,0.514893865222916
71027,0.5027117532154056
71028,0.4891159101261914
71029,0.4973188708659936
71030,0.47668639765313936
71031,0.5675301157359149
71032,0.5083164334685082
71033,0.4611694863899903
71034,0.3714855708563811
71035,0.5114942892092093
71036,0.49515590542241
71037,0.4927601299353394
71038,0.49704727350957373
71039,0.4421151947731231
71040,0.5077080241072434
71041,0.49675505203454845
71042,0.47620288254949766
71043,0.5075069409851
71044,0.5026494123327571
71045,0.49918340315820087
71046,0.5058205904902635
71047,0.36368790154584063
71048,0.5066498063758846
71049,0.45377856748819034
71050,0.5021690262455267
71051,0.4959586514511093
71052,0.48898520336728984
71053,0.5075151849015576
71054,0.49947730704242554
71055,0.4759060620760867
71056,0.5021732356720526
71057,0.49145604938692106
71058,0.5051281463141
71059,0.49080138450167327
71060,0.4981908848649676
71061,0.5718502272069799
71062,0.4907874758935081
71063,0.4780752788986751
71064,0.5066225692997747
71065,0.34518230167869357
71066,0.49478364902204325
71067,0.49566981439209123
71068,0.3773720133368722
71069,0.5212690598576385
71070,0.43677378130415173
71071,0.5191645569813662
71072,0.49163979272935504
71073,0.5059127345974664
71074,0.5137030672582756
71075,0.49862660527831376
71076,0.4917547741890683
71077,0.5039935807103011
71078,0.5119351498448799
71079,0.46196780709813756
71080,0.4686575886546904
71081,0.47827246200546936
71082,0.49228007469124613
71083,0.4950146027013392
71084,0.48752068841300933
71085,0.4611452885288213
71086,0.4816116271607097
71087,0.4205017317205791
71088,0.4947628392261664
71089,0.48283368845737684
71090,0.482112782876413
71091,0.3556484645436113
71092,0.48889371978576424
71093,0.4968693320720733
71094,0.5493881199840204
71095,0.49411221641276476
71096,0.48998801890756793
71097,0.5061822201344159
71098,0.4598492597353942
71099,0.5006598869322916
71100,0.4924604506992787
71101,0.4737943550590239
71102,0.4786014671014823
71103,0.49714883498498813
71104,0.564102161546898
71105,0.49298255660925444
71106,0.4804400158432696
71107,0.4943271591786634
71108,0.47030961747813094
71109,0.517261030527735
71110,0.4900509280574388
71111,0.5016164323211171
71112,0.3218929129846478
71113,0.49590458867487663
71114,0.4814144472896672
71115,0.4998457819849843
71116,0.48928275163787527
71117,0.3624863639330889
71118,0.37992945884917234
71119,0.4841752723477658
71120,0.49487201864132746
71121,0.5169940350718402
71122,0.5871632007111345
71123,0.5038726981634147
71124,0.5219245552246217
71125,0.5024812438599443
71126,0.5174447078518079
71127,0.5002046302746337
71128,0.49808187251250996
71129,0.48694924641111687
71130,0.5078505644901176
71131,0.4972549781130983
71132,0.4391489242131034
71133,0.4999750549904158
71134,0.5125954486233019
71135,0.5098221057143062
71136,0.49119895529430735
71137,0.4947864050121837
71138,0.47228230024672196
71139,0.4870564793241506
71140,0.5189851956767603
71141,0.4588482890425414
71142,0.4670890269262793
71143,0.5087378195951202
71144,0.49465359234208844
71145,0.45523204522133726
71146,0.5098070578661743
71147,0.47679196733588647
71148,0.5042472276814948
71149,0.5032618037726179
71150,0.5049609388364282
71151,0.5120158724661376
71152,0.46393142083556627
71153,0.46992607672644915
71154,0.5010818132272749
71155,0.4980151336979378
71156,0.4961188138200271
71157,0.5615810763335687
71158,0.4744667143711904
71159,0.49752293597581637
71160,0.5088542765481832
71161,0.5272908931904747
71162,0.5048464558119937
71163,0.5034943186959084
71164,0.5019373720501861
71165,0.5007219435669608
71166,0.47855654178021223
71167,0.4799460996479032
71168,0.5031826404197632
71169,0.48022663025169293
71170,0.5056787817734175
71171,0.49090662112985617
71172,0.5170400122447992
71173,0.4971370468982861
71174,0.49533901994245805
71175,0.5086661972253876
71176,0.4679390260973948
71177,0.5065108464670879
71178,0.5776429678113826
71179,0.4849204036936514
71180,0.492106174348436
71181,0.4657926640957415
71182,0.47872162371895544
71183,0.4874161207675555
71184,0.498361168549811
71185,0.5073713333912132
71186,0.4496368977868103
71187,0.34416538808065555
71188,0.5088215305734001
71189,0.48683564182965383
71190,0.4976769714412741
71191,0.5002938993438013
71192,0.4970790481445837
71193,0.5060392058695771
71194,0.34168813291987665
71195,0.5342286009645908
71196,0.4753290055254687
71197,0.48086075121449645
71198,0.5125281177103713
71199,0.5024536613685566
71200,0.4766254353204792
71201,0.5077997904408066
71202,0.4967155490151106
71203,0.47963856481819717
71204,0.4988256649931737
71205,0.4906077631188216
71206,0.5002626678148986
71207,0.48501404363244943
71208,0.5132798061751431
71209,0.4898150117179148
71210,0.45354864385409416
71211,0.49164291220696466
71212,0.5019699998305728
71213,0.5100996099030404
71214,0.46955540481407443
71215,0.5127420792113455
71216,0.3632535724982481
71217,0.34574782526206527
71218,0.3695903329540454
71219,0.5038832558586419
71220,0.37836183171371673
71221,0.49615351858807893
71222,0.4739317337571597
71223,0.5002633545421277
71224,0.5903851759574219
71225,0.3581885872121955
71226,0.3585616264460404
71227,0.40339382515359223
71228,0.36534054791119336
71229,0.3683671736735421
71230,0.32762420494173555
71231,0.5073085477247363
71232,0.49840467798403737
71233,0.490125369057387
71234,0.5145830655136769
71235,0.39060137599438133
71236,0.5658339929231337
71237,0.5590115385900865
71238,0.49812808485470267
71239,0.4791681397068779
71240,0.48322671397858324
71241,0.5214011476548712
71242,0.47215168504216243
71243,0.4927605484813574
71244,0.3413133783881087
71245,0.49615027541355905
71246,0.36048800760176125
71247,0.3578546533381459
71248,0.5096315668696277
71249,0.3537393314093036
71250,0.5858764262593699
71251,0.5006671836277162
71252,0.35538029023938034
71253,0.49415375470975487
71254,0.4948092628250843
71255,0.4716704005609659
71256,0.47458548593989613
71257,0.5285921625064505
71258,0.5175697915255029
71259,0.5080327519622811
71260,0.38218937525659663
71261,0.5008480745851187
71262,0.4840920640708656
71263,0.35221853601687814
71264,0.4943026846389461
71265,0.3659446786880809
71266,0.5126201661181957
71267,0.3459727343389758
71268,0.4783039264956649
71269,0.5062602403781744
71270,0.49624353476614935
71271,0.4693283968697072
71272,0.5127137076443387
71273,0.36909579744526033
71274,0.4684812501817555
71275,0.34544735563065004
71276,0.5164542811512095
71277,0.50663906558506
71278,0.3330546577411169
71279,0.47172043616987036
71280,0.3463597448126565
71281,0.47463331547121745
71282,0.30879536903934196
71283,0.5093375730855546
71284,0.5082778333877382
71285,0.4921948868020227
71286,0.5130227461182746
71287,0.48994938054732784
71288,0.3438083528206892
71289,0.44577631318950744
71290,0.4859981898212197
71291,0.5086473406561177
71292,0.36838792538705667
71293,0.537378605498624
71294,0.34086352731175884
71295,0.35012341290998206
71296,0.38240530430032016
71297,0.4894589154268058
71298,0.5017920575523679
71299,0.5139661168685167
71300,0.38871413262836046
71301,0.3451213449857209
71302,0.34697500130658426
71303,0.33377057116850845
71304,0.4781490186914735
71305,0.45388742904228857
71306,0.4958383720434742
71307,0.4758594900659156
71308,0.35648853398359337
71309,0.4898232265811313
71310,0.4951642080188874
71311,0.5076926037950373
71312,0.5071500330185656
71313,0.3941827002318821
71314,0.5064238277345591
71315,0.3563951277313989
71316,0.36158487822810115
71317,0.37864726054498643
71318,0.506350219457041
71319,0.503195224794
71320,0.49159142374693254
71321,0.5049916917445287
71322,0.36367351390328534
71323,0.5063627592572347
71324,0.34921855599424123
71325,0.4998537131612014
71326,0.35094814534826896
71327,0.5083739852907427
71328,0.490583001917004
71329,0.49719904298475953
71330,0.37451698169302816
71331,0.48958705920794954
71332,0.4942916101579879
71333,0.49261097971990064
71334,0.5253914867563098
71335,0.49972520860453007
71336,0.4958667576223763
71337,0.3754818315557509
71338,0.5576068068858138
71339,0.504541193109802
71340,0.4951980485384735
71341,0.45695556857565034
71342,0.5409559350175346
71343,0.34966230411228433
71344,0.5595123043406381
71345,0.4986304232782151
71346,0.4857459541241564
71347,0.4862248128653549
71348,0.5027905405726562
71349,0.4988487436594987
71350,0.4838872813485456
71351,0.44667218279312476
71352,0.4955475668742513
71353,0.4867239219409035
71354,0.5076648932948978
71355,0.50888033300145
71356,0.4750859805227656
71357,0.5007436123451624
71358,0.4945032620106719
71359,0.34539190920609003
71360,0.3603037642015348
71361,0.5056023207244773
71362,0.4877996674625258
71363,0.5479636899622893
71364,0.384073115772425
71365,0.47786603351842094
71366,0.4117137607856073
71367,0.5125655657302163
71368,0.4951486242080396
71369,0.3641811366528638
71370,0.46069731958202376
71371,0.5059557210455812
71372,0.4965415451547492
71373,0.32657065004484975
71374,0.4824604525877205
71375,0.48855267717794587
71376,0.3843201963784044
71377,0.35101087262621894
71378,0.30245950163892854
71379,0.33324015111876604
71380,0.4758953176826219
71381,0.466775889566082
71382,0.496924145597213
71383,0.3263563859279488
71384,0.5085526517105623
71385,0.47910495690154997
71386,0.5062022971960094
71387,0.5046764253909924
71388,0.46991908158837914
71389,0.5007673378164514
71390,0.5044434940946726
71391,0.3666532857407748
71392,0.499026036727468
71393,0.48826591984255974
71394,0.4863799514179419
71395,0.34083520518904276
71396,0.4959005945832502
71397,0.46690387878358386
71398,0.4031542583202203
71399,0.501859517929186
71400,0.34990851539075696
71401,0.5147924580439156
71402,0.33336649109233357
71403,0.5188855135584918
71404,0.37935090539041105
71405,0.5166529143073785
71406,0.5066225721404516
71407,0.38041535773956503
71408,0.34429217460981226
71409,0.49338648874841357
71410,0.36542520837058373
71411,0.3366895576703064
71412,0.48676180251429757
71413,0.4729919617353281
71414,0.49934060697537136
71415,0.3470408370415928
71416,0.49359895470282444
71417,0.4802150529057653
71418,0.5128516003953527
71419,0.49496276285019136
71420,0.5052676667831209
71421,0.3471936024547511
71422,0.5312908290604968
71423,0.5159666870777758
71424,0.48549500003448676
71425,0.4938841912913525
71426,0.5059422972289817
71427,0.38037786473757096
71428,0.4971634868727821
71429,0.40606318775310046
71430,0.4991873506234529
71431,0.5120345490176169
71432,0.49871543947399344
71433,0.49867043107816905
71434,0.4730365394597547
71435,0.5136808910938003
71436,0.4734857032301945
71437,0.5030044425088164
71438,0.5001470398619704
71439,0.4859058564383563
71440,0.4928678500708372
71441,0.4678814672666508
71442,0.39829354263909456
71443,0.4974176752688917
71444,0.48370353837404617
71445,0.5010607635667195
71446,0.5014194617641864
71447,0.48846070972995004
71448,0.48455397828594815
71449,0.5249338093157812
71450,0.4620138890297367
71451,0.521446789197215
71452,0.5198845303858936
71453,0.5010039345555174
71454,0.5166801912725509
71455,0.5187054076602831
71456,0.3581798486186716
71457,0.4971708171981684
71458,0.503967964099371
71459,0.491332845482526
71460,0.5019416329941003
71461,0.49777112256376754
71462,0.3837581034276997
71463,0.49918743139864746
71464,0.38401211785252876
71465,0.49043015997028366
71466,0.5050719785766647
71467,0.5047299648541622
71468,0.3123215623000316
71469,0.4963304154979885
71470,0.5130618147095785
71471,0.4948405103501069
71472,0.49502155487964233
71473,0.5099619077838391
71474,0.44712121205274147
71475,0.5055731449835802
71476,0.507631788181207
71477,0.5111172168884514
71478,0.501569279757046
71479,0.4880814766993456
71480,0.32419178192540693
71481,0.4746721386887699
71482,0.49184386689493237
71483,0.3712046435751533
71484,0.49656188094102094
71485,0.48849988935660127
71486,0.5111223497795812
71487,0.3673871071423498
71488,0.5274348740956892
71489,0.3518940240785327
71490,0.49919513717051267
71491,0.5252532424508414
71492,0.5087378727206433
71493,0.5008648834694586
71494,0.36306827573510964
71495,0.468149717210993
71496,0.5097823755020608
71497,0.5056995676217461
71498,0.37228675346147033
71499,0.4973172706708233
71500,0.4972167933002235
71501,0.49532536884893574
71502,0.5132537947168967
71503,0.3585313920674862
71504,0.4978263549124018
71505,0.49541276492519337
71506,0.5074158278572933
71507,0.5063944620955431
71508,0.5028539349707211
71509,0.3802096375177883
71510,0.35514640082052407
71511,0.49141831392700597
71512,0.4940618580826899
71513,0.37044232972818897
71514,0.3628053153113709
71515,0.39528484388798
71516,0.4370590731677755
71517,0.4927186226986868
71518,0.5156875605602067
71519,0.482701051180749
71520,0.34040948727825465
71521,0.5144050630117473
71522,0.333393477271956
71523,0.5080108285221657
71524,0.32690582083904673
71525,0.508343755695283
71526,0.35170995714114295
71527,0.48642488522338967
71528,0.49833514653123523
71529,0.5007317482695592
71530,0.5011703785861794
71531,0.5007926461982166
71532,0.5092800255279327
71533,0.5081209428034273
71534,0.5134269693680609
71535,0.5006784824183943
71536,0.498520647109447
71537,0.4877881050481227
71538,0.49872613118148257
71539,0.3519660924616532
71540,0.5256878068511376
71541,0.3421943026120334
71542,0.33475238449795774
71543,0.3632219309113401
71544,0.4984460637068028
71545,0.35000036462899353
71546,0.4875873110545154
71547,0.4728884049369526
71548,0.4579227782875026
71549,0.3443073943044151
71550,0.5319909975018301
71551,0.49900410725441224
71552,0.38876901713359835
71553,0.5036300383844573
71554,0.5442115205235594
71555,0.49896311285832196
71556,0.3624465582083866
71557,0.49256662002531304
71558,0.3511552119164937
71559,0.49481456320039563
71560,0.34980547927134564
71561,0.49577110653883194
71562,0.49773062325796125
71563,0.5196334553363549
71564,0.33884983453226425
71565,0.5258610400960738
71566,0.5002784628929521
71567,0.5068476684129012
71568,0.4923003928830885
71569,0.36250893055642824
71570,0.4899113296731967
71571,0.3550083042499232
71572,0.5184848112757909
71573,0.33896358588589887
71574,0.5081833126361774
71575,0.5161928241493369
71576,0.48113046547319066
71577,0.5097459627411051
71578,0.49786767790024383
71579,0.4529493401692825
71580,0.5055375827560228
71581,0.3474130963396399
71582,0.47413058093234245
71583,0.5241327160229153
71584,0.5015598558162923
71585,0.5002582500942356
71586,0.5035709684699949
71587,0.5663712570449154
71588,0.4861900629467303
71589,0.37249874069078126
71590,0.4763492543767064
71591,0.4977745479611153
71592,0.4878056921840586
71593,0.5118675690667632
71594,0.3741599919874684
71595,0.4852457338125703
71596,0.39155244954771834
71597,0.48822941705969414
71598,0.5068988719072585
71599,0.4982603690516254
71600,0.493082013204473
71601,0.5235132422819454
71602,0.5070316751162713
71603,0.35314247246491265
71604,0.4562796238167131
71605,0.4558541989222799
71606,0.4996359688366555
71607,0.41081297175988174
71608,0.5620577875570899
71609,0.36379870099281475
71610,0.5686106848973149
71611,0.4825754563176563
71612,0.5046763929701426
71613,0.3746320240619844
71614,0.49568253747927493
71615,0.5146290300477725
71616,0.5128524215712261
71617,0.4928676113368684
71618,0.5122968412400869
71619,0.34195441266092125
71620,0.4817779645928294
71621,0.36043745372686875
71622,0.4857557398233641
71623,0.5056383445380037
71624,0.531669778371277
71625,0.5085276200845366
71626,0.5099375373225401
71627,0.35323735303030124
71628,0.49241074871121193
71629,0.5047754644026142
71630,0.36984539218967366
71631,0.5042031230346193
71632,0.5043941086835576
71633,0.5141346163961845
71634,0.49914541048497996
71635,0.4934541566820927
71636,0.4706810898991719
71637,0.487568887053086
71638,0.5003285619401305
71639,0.47810909861755135
71640,0.5031850431236615
71641,0.4858352702208419
71642,0.33958771987450315
71643,0.4741199155042685
71644,0.49728994209950633
71645,0.49066270579561894
71646,0.5467477161175318
71647,0.5061462625158094
71648,0.5120026796934529
71649,0.5026711140983215
71650,0.5078121226661558
71651,0.34934095006771465
71652,0.4905889137943082
71653,0.5033371456864901
71654,0.4988007601193118
71655,0.48481406869368016
71656,0.5090313501242862
71657,0.49303968238855495
71658,0.5136663252909335
71659,0.5014406856317029
71660,0.49407243024934766
71661,0.48874058452736424
71662,0.4959872203915826
71663,0.4652339706477561
71664,0.3869637262599936
71665,0.49884576179476225
71666,0.3373144446631597
71667,0.36186130212332956
71668,0.5010462629802246
71669,0.5018833886164997
71670,0.5088046809402513
71671,0.5011409849244057
71672,0.5135420915125251
71673,0.506787889622183
71674,0.49274335566522875
71675,0.3564782915387176
71676,0.480247747300965
71677,0.5363448990496715
71678,0.502172691117585
71679,0.3488786629001853
71680,0.4782794495731634
71681,0.5096843784476853
71682,0.49222500921834056
71683,0.5018740681040477
71684,0.5288280669130923
71685,0.5059858126390522
71686,0.500208168154274
71687,0.4664168935183194
71688,0.48637837443366627
71689,0.5000880123807152
71690,0.5008124142521494
71691,0.5152790878290661
71692,0.5205744484834157
71693,0.33781816942848797
71694,0.40037649541448694
71695,0.3482058606181985
71696,0.5021208507729192
71697,0.5197018962757356
71698,0.48893338227521155
71699,0.49253844086492593
71700,0.5001412266852098
71701,0.4720619673289933
71702,0.5076307053835049
71703,0.5180300070443101
71704,0.5303359294792345
71705,0.5393489711190833
71706,0.5208864572733231
71707,0.47401250248188176
71708,0.5789061341566097
71709,0.34848333773972523
71710,0.35530743626775085
71711,0.47084562537172714
71712,0.4877341847258969
71713,0.3678414162002485
71714,0.5077682325413956
71715,0.37025800623589566
71716,0.5084766595555134
71717,0.4910549076985474
71718,0.519316151813006
71719,0.49882478297583066
71720,0.3684672805836193
71721,0.5132880807162299
71722,0.5015325208310568
71723,0.42482370096872546
71724,0.31283530997191994
71725,0.4991792361886923
71726,0.49758481820943345
71727,0.4985851880803834
71728,0.37146606348878874
71729,0.36129752334293624
71730,0.49904547657350373
71731,0.4312116734679341
71732,0.5128780578817231
71733,0.4906247351560488
71734,0.3533045040255824
71735,0.4799394612800628
71736,0.5129264172703079
71737,0.5061578014491863
71738,0.5053877313608196
71739,0.5032313586605957
71740,0.495164339203896
71741,0.5053246549111765
71742,0.48750952856938035
71743,0.5020341394705502
71744,0.570833341351668
71745,0.5102528374819365
71746,0.5008458758981675
71747,0.4763298822742197
71748,0.49661962848927454
71749,0.5104031645246837
71750,0.488631353533006
71751,0.4875165965126844
71752,0.3686124146582688
71753,0.37183484526914856
71754,0.39236879258024476
71755,0.49693079854361655
71756,0.5265472112685143
71757,0.30661614891879674
71758,0.4829099936461314
71759,0.33346668038112126
71760,0.4824620570738677
71761,0.4959912666734799
71762,0.5088463050244388
71763,0.49366225025529364
71764,0.35985018465641905
71765,0.4975689193879226
71766,0.36705807702662424
71767,0.511092361288975
71768,0.4976538953107503
71769,0.48455756579552944
71770,0.3454259583824232
71771,0.528219284932564
71772,0.3635451778011979
71773,0.4934412150989397
71774,0.5161247955858785
71775,0.34165776271659737
71776,0.5109290006832194
71777,0.498360837148382
71778,0.5060910550056457
71779,0.49021627729269535
71780,0.34010427807719446
71781,0.543928713281883
71782,0.37352163118458526
71783,0.4946534333678171
71784,0.5571793781003248
71785,0.4933172394230239
71786,0.4859676000796516
71787,0.5040464773425254
71788,0.4967632507771206
71789,0.48790856427819307
71790,0.3575286980904736
71791,0.35418779431570463
71792,0.48037475044938005
71793,0.4995767577564094
71794,0.5085773930479834
71795,0.4984636773677502
71796,0.53070724329899
71797,0.5192259150192141
71798,0.48881130540900636
71799,0.3694629346406161
71800,0.4815507993979916
71801,0.49685595487957274
71802,0.5137506471569792
71803,0.3497839973711125
71804,0.5594405529956077
71805,0.3471658681120978
71806,0.37002719894241487
71807,0.5031471809176069
71808,0.5784676894781244
71809,0.3521971106531264
71810,0.3649543026831916
71811,0.4931858215469086
71812,0.36097723631600126
71813,0.5304644974579612
71814,0.3705635653097662
71815,0.5138547983328489
71816,0.4897902305458999
71817,0.5002514442022398
71818,0.331108768377776
71819,0.5077669690917128
71820,0.4927041711503707
71821,0.5112170031549138
71822,0.30665275668798386
71823,0.3308569126979581
71824,0.48553695692450827
71825,0.4841250772956076
71826,0.4942722074909872
71827,0.5200362111063906
71828,0.4992806318741946
71829,0.3896003259830607
71830,0.370105303335432
71831,0.34814620373369387
71832,0.3090280046807655
71833,0.5012775145898757
71834,0.34144475501638694
71835,0.48157373178037055
71836,0.5026751440662808
71837,0.34371380337888524
71838,0.49702821020186827
71839,0.49906736074591074
71840,0.47011412535020025
71841,0.5107392645329393
71842,0.4835691335249622
71843,0.5296326569095845
71844,0.4909302377582473
71845,0.49850215095193584
71846,0.5243848958545636
71847,0.5008166778455069
71848,0.5253623970746134
71849,0.49462426554019445
71850,0.4896472373015032
71851,0.3682810641778166
71852,0.5137179470507339
71853,0.4930434159446213
71854,0.4957517091203931
71855,0.3592874823464657
71856,0.5004836678669462
71857,0.5066527078606133
71858,0.5122391293816531
71859,0.5072212831093822
71860,0.5078100905064729
71861,0.4655976614958072
71862,0.4977919058386796
71863,0.47863745254611334
71864,0.5126895845843302
71865,0.5024883227183388
71866,0.5708265745908172
71867,0.5031804278808037
71868,0.4871775437043423
71869,0.5009286643680064
71870,0.3711321433060595
71871,0.5077493842406763
71872,0.48656309075741955
71873,0.35133645511509837
71874,0.5578494452084576
71875,0.49121898015596954
71876,0.38988929150489776
71877,0.5028489764405412
71878,0.48612223227398826
71879,0.4788854459907969
71880,0.4966051257446682
71881,0.38002773796019385
71882,0.5048955038335993
71883,0.5561888773994166
71884,0.39141598040644027
71885,0.48836305679472214
71886,0.5011749384396647
71887,0.4736994971135589
71888,0.5020478048778984
71889,0.4977628404410006
71890,0.5078283311899947
71891,0.3579023580322023
71892,0.5211653628087844
71893,0.33879103129625815
71894,0.505874746014975
71895,0.487243326728164
71896,0.35769533614654075
71897,0.48460159953951043
71898,0.3731611046120683
71899,0.34405586520416065
71900,0.38375515240243685
71901,0.343396696742456
71902,0.48967029127455797
71903,0.32308825424802845
71904,0.48198608213456473
71905,0.4992337634840421
71906,0.49394155554592367
71907,0.4912899620169551
71908,0.49182181371794564
71909,0.464068342924829
71910,0.5150234501023553
71911,0.520134602019553
71912,0.3489869180126551
71913,0.49890910413343925
71914,0.3688636811569561
71915,0.500547686875365
71916,0.505724575783314
71917,0.36387530478503805
71918,0.3519515529822849
71919,0.3707494002798936
71920,0.5034833130595076
71921,0.4825072680078884
71922,0.45629877140760494
71923,0.4729356516044929
71924,0.3487975834281536
71925,0.3623753616233461
71926,0.48417379920908593
71927,0.4763932491969319
71928,0.3710413150635836
71929,0.4770400896140619
71930,0.45824116517649666
71931,0.33818817526830347
71932,0.5023830506392102
71933,0.3240002745388109
71934,0.35928913284435426
71935,0.5166724451231317
71936,0.5033216055876955
71937,0.4913079292791279
71938,0.45192607318323574
71939,0.3764264662385537
71940,0.5120913978555242
71941,0.3690725172657434
71942,0.4930615443857771
71943,0.5039688622260642
71944,0.48781315079444904
71945,0.4853781034730577
71946,0.5023649971701467
71947,0.4982940201864178
71948,0.3348388933274906
71949,0.5019049395008325
71950,0.3595858523588617
71951,0.4974266619254549
71952,0.31970474862083276
71953,0.3779897750568684
71954,0.3694510257699698
71955,0.36269030990332835
71956,0.491508859004145
71957,0.334612826841632
71958,0.35041307965315943
71959,0.3530939036774797
71960,0.4905029400614308
71961,0.4781323465411339
71962,0.4818367269683858
71963,0.3465627505885773
71964,0.3372323758224341
71965,0.34659369478428187
71966,0.4944457673184538
71967,0.5174395758362911
71968,0.38724048819365975
71969,0.5044288451446839
71970,0.4943828972343669
71971,0.3738018713322469
71972,0.4918462418645993
71973,0.4760071026685147
71974,0.5024054758761961
71975,0.5196664693781846
71976,0.3538023814548775
71977,0.31727035335575476
71978,0.5001193046468738
71979,0.4812637327838263
71980,0.39569937779277164
71981,0.4968057434579363
71982,0.504749975046209
71983,0.49080562408236983
71984,0.35963621382746247
71985,0.4982006391060983
71986,0.5002763745943576
71987,0.47980812320256616
71988,0.4566591881767338
71989,0.3716119933439025
71990,0.3958189810138709
71991,0.49851432663087814
71992,0.36389624051211156
71993,0.3529697661425626
71994,0.5021004561942023
71995,0.35295361567079775
71996,0.484430402080948
71997,0.48671789399312715
71998,0.49751733708553636
71999,0.4875885021077573
72000,0.4887947170166923
72001,0.5288312388865408
72002,0.5098324018169593
72003,0.50827740977896
72004,0.3403952411814112
72005,0.35602026624457994
72006,0.4978572835353598
72007,0.5021783811989813
72008,0.48998560502588145
72009,0.4869278006741833
72010,0.4870386532353224
72011,0.3425132090537615
72012,0.48770880098342195
72013,0.3538841605387172
72014,0.5227010744454202
72015,0.49533664601472427
72016,0.3341490436710563
72017,0.5091233690521615
72018,0.5079649741919896
72019,0.5091811104264545
72020,0.34990078164194127
72021,0.4823136390399698
72022,0.5022950222631323
72023,0.3721803410490335
72024,0.39828625282632507
72025,0.502700496093246
72026,0.49896826997226257
72027,0.5001403855415932
72028,0.3366115128573773
72029,0.35895065797594394
72030,0.4968066038476385
72031,0.4870319189140593
72032,0.5017206205707146
72033,0.4826707929602244
72034,0.4170122729373853
72035,0.4884750281744339
72036,0.49958292796856657
72037,0.5073647563971726
72038,0.45535535047107434
72039,0.5090571353848378
72040,0.5274324847411076
72041,0.3579973009000067
72042,0.5754591393724797
72043,0.5087093705423243
72044,0.4876853049448365
72045,0.5057297204200479
72046,0.5082808495085896
72047,0.4909822496329109
72048,0.4802655120494348
72049,0.4972624326986893
72050,0.48923677840068597
72051,0.5017931318854959
72052,0.49427869368841326
72053,0.506157380957214
72054,0.3647893085285062
72055,0.48044211785640356
72056,0.4879906973026385
72057,0.5012732391405141
72058,0.38324510517613725
72059,0.5231565087713679
72060,0.4896917933797454
72061,0.4463199895793598
72062,0.5078403443572758
72063,0.33929810809097194
72064,0.5006391721049098
72065,0.5229052727530848
72066,0.5084603824439481
72067,0.49307515299458493
72068,0.4922107869948168
72069,0.49482738784264246
72070,0.36492896923739426
72071,0.4996453818038194
72072,0.4967524548030119
72073,0.5053199498475858
72074,0.5177831524656556
72075,0.3728124237702731
72076,0.5000149863972239
72077,0.5143709270174456
72078,0.4746913627039917
72079,0.4572370650963109
72080,0.4908079693852209
72081,0.5233386979633454
72082,0.48309743430484775
72083,0.4920667159241676
72084,0.5644460232668269
72085,0.45756592454255757
72086,0.5050330271502985
72087,0.4922488261288151
72088,0.5161875967379128
72089,0.48799821861995407
72090,0.3697994769919525
72091,0.5131705493598386
72092,0.4967032839411075
72093,0.4927900116902231
72094,0.4619983260647089
72095,0.47923412582445035
72096,0.506270293634398
72097,0.5040263156040141
72098,0.5019387572139813
72099,0.3544935818120522
72100,0.3926752221443604
72101,0.36223389406954454
72102,0.5082995477019746
72103,0.49152525471822783
72104,0.4990125275782287
72105,0.4958415491436262
72106,0.512758132279076
72107,0.5056113969160243
72108,0.459198754987952
72109,0.5612672861803807
72110,0.49365653883003724
72111,0.48668471038165756
72112,0.3576732240608043
72113,0.3923236398917227
72114,0.48954128768074023
72115,0.5001694267857625
72116,0.5008828092625713
72117,0.5041979475816353
72118,0.5021018838696728
72119,0.3528947582918358
72120,0.5107029698304683
72121,0.4929494227307589
72122,0.49564906499369304
72123,0.5187949368655007
72124,0.5065997702574195
72125,0.5216539872249365
72126,0.35816682045167836
72127,0.3622752508705372
72128,0.4778997085248865
72129,0.34423618064926026
72130,0.3627874397331454
72131,0.4887412480725439
72132,0.49592034788710904
72133,0.373785359647136
72134,0.4629160633524411
72135,0.38360919434856444
72136,0.5123439386222974
72137,0.5174922958752824
72138,0.4896943351200494
72139,0.502945447573501
72140,0.4909748054975601
72141,0.5159533268899504
72142,0.4986125295760662
72143,0.5162079936806098
72144,0.4001267800338038
72145,0.49881014842198684
72146,0.5038472671818505
72147,0.3674579171323521
72148,0.5352334309849704
72149,0.47438865227342203
72150,0.48142140145955575
72151,0.49392184695247043
72152,0.4701150286221219
72153,0.5651739777874477
72154,0.5134124123283124
72155,0.49399324249923104
72156,0.4829148687650266
72157,0.34773182149414117
72158,0.5044842922190282
72159,0.49568801188825284
72160,0.4423968625849388
72161,0.5152149927464407
72162,0.4930439262436582
72163,0.3839903868783413
72164,0.5519225832665191
72165,0.3662041514003328
72166,0.3799442837717576
72167,0.34759372480916867
72168,0.4975477489356113
72169,0.4982137697590178
72170,0.5000638100062017
72171,0.463787921597283
72172,0.47730144210129466
72173,0.365275182006667
72174,0.48314276048365046
72175,0.4928821491191187
72176,0.4923759143118187
72177,0.49583121341552083
72178,0.35837088315335014
72179,0.4918092179263279
72180,0.484982579714663
72181,0.37610134736156764
72182,0.5169481565349536
72183,0.4585222751987813
72184,0.3460568663967516
72185,0.49226644703439637
72186,0.5092411740929632
72187,0.485624881170041
72188,0.5288419732092446
72189,0.5085012692741311
72190,0.3512328204726572
72191,0.3554629554409951
72192,0.5083255945962682
72193,0.4872091432374586
72194,0.32645051557218435
72195,0.48411730045547685
72196,0.5014557859423636
72197,0.4899217422185044
72198,0.5104101660202046
72199,0.33256868556617086
72200,0.32528610481396825
72201,0.3604202090875797
72202,0.4955818925021138
72203,0.49336065832916975
72204,0.5169658767801519
72205,0.5063117049836803
72206,0.5565547339649439
72207,0.5108892027532818
72208,0.5145796155813905
72209,0.4084859710797177
72210,0.3508539637384277
72211,0.5716101223072501
72212,0.38921453983956106
72213,0.48815141662856865
72214,0.48784890436093703
72215,0.5090696628008373
72216,0.4760042532407269
72217,0.4966067162561828
72218,0.49022911216100074
72219,0.4976295906160949
72220,0.5183696164720071
72221,0.36826565685607415
72222,0.40498465452329824
72223,0.5090078107768002
72224,0.5067701326621934
72225,0.4957577054221812
72226,0.49420571285868375
72227,0.36878133523133944
72228,0.49021515715911534
72229,0.5131723787511809
72230,0.5011427535357167
72231,0.49350399634417
72232,0.3726647153965637
72233,0.46159882556802245
72234,0.3543577057170546
72235,0.3495791064807569
72236,0.4852112462991639
72237,0.48892829856197284
72238,0.5068266776177965
72239,0.3425955181223626
72240,0.36466553384998746
72241,0.5651269006823233
72242,0.4940184661780461
72243,0.5044502021755999
72244,0.5030128595773303
72245,0.48672612729404935
72246,0.5075402931943785
72247,0.5128007575045355
72248,0.48675837664856725
72249,0.34790519238278866
72250,0.49658992529578394
72251,0.49945380816812945
72252,0.5032734416984019
72253,0.49946345174079154
72254,0.4928089077294132
72255,0.505708733602287
72256,0.5056026838265154
72257,0.5426896570181933
72258,0.49780630977265916
72259,0.4867007344326008
72260,0.511692482221423
72261,0.4813699083900236
72262,0.49465892488521834
72263,0.49972881174254413
72264,0.49014704837175876
72265,0.49876273307712027
72266,0.4978972135609839
72267,0.48390439910297073
72268,0.4955211868346764
72269,0.49794348167486974
72270,0.36312551305826407
72271,0.483430321686087
72272,0.48831704070325643
72273,0.48426057751648355
72274,0.3322059222215216
72275,0.4786916562947562
72276,0.3573621904293622
72277,0.48957503409728054
72278,0.5069410042858208
72279,0.470259171103004
72280,0.48687050736571624
72281,0.36105141747314
72282,0.5007348665878686
72283,0.46632138637665943
72284,0.5241842609896717
72285,0.4978301065752212
72286,0.49434152563765926
72287,0.49609352924384675
72288,0.49127405747156705
72289,0.3376105856814807
72290,0.49671953428611737
72291,0.5073073815675442
72292,0.4782853573128558
72293,0.4905703620484423
72294,0.49504627093396114
72295,0.5006830354311655
72296,0.5391418193590307
72297,0.34193981332332635
72298,0.3965296309291551
72299,0.49083442418487877
72300,0.504476050875888
72301,0.49899352903448146
72302,0.4859093111194498
72303,0.4861378552623863
72304,0.4732535378401391
72305,0.3535431702106252
72306,0.5085654419217154
72307,0.5790815030186254
72308,0.51824410715526
72309,0.39163421682322674
72310,0.49605902425435916
72311,0.4983480593020565
72312,0.4832110345577923
72313,0.5063976100099026
72314,0.49386671093483575
72315,0.5245564098759202
72316,0.38801485560488636
72317,0.476603875152102
72318,0.3538079183495032
72319,0.48964182003353385
72320,0.4788943393616599
72321,0.36716128893015615
72322,0.5144618082339004
72323,0.5027942937462114
72324,0.491642672091829
72325,0.5212871217310194
72326,0.3679435933310127
72327,0.35116573484710717
72328,0.4957831788799043
72329,0.38367599970506844
72330,0.48566845881620613
72331,0.4716167051836293
72332,0.5018978592195525
72333,0.37885233759660536
72334,0.4757157885286065
72335,0.5123288538407609
72336,0.37872862762825044
72337,0.5178237985305294
72338,0.4907805277274114
72339,0.5034689745579386
72340,0.3979610109785616
72341,0.4559533694230049
72342,0.4956832782964255
72343,0.540386493870548
72344,0.5059714098121154
72345,0.49762920819024803
72346,0.4916446809166037
72347,0.5101633020198291
72348,0.49097440653649943
72349,0.4923040169096342
72350,0.5069056683394089
72351,0.5035748353940659
72352,0.5060276106917161
72353,0.4925444171821657
72354,0.38404044656778996
72355,0.36894240366198894
72356,0.4902756093330032
72357,0.5046493602721215
72358,0.5017477385216449
72359,0.5054579878135371
72360,0.4953501332672604
72361,0.4234923553135129
72362,0.47309599853541284
72363,0.5003786710693329
72364,0.5253340621588425
72365,0.5270233721894605
72366,0.3542540525782567
72367,0.49897896646409573
72368,0.5021432562625485
72369,0.4974460842406148
72370,0.5686254486827357
72371,0.33766765115664316
72372,0.5013108111580021
72373,0.517298974526011
72374,0.5060109637044938
72375,0.32137359820283307
72376,0.5051975679917635
72377,0.3516085966473301
72378,0.49534466246120396
72379,0.36948642519495245
72380,0.38501848870786937
72381,0.516492582270059
72382,0.3848171102247706
72383,0.3685214121888776
72384,0.36596907705758075
72385,0.49316647892423787
72386,0.4863935645089642
72387,0.517914138064198
72388,0.5087744372522942
72389,0.5092944251383499
72390,0.51141786019378
72391,0.507209617829578
72392,0.3559453546677566
72393,0.4917952112333189
72394,0.3790493351780373
72395,0.4886627632656062
72396,0.3415578439330817
72397,0.4850744205459695
72398,0.5230651604023805
72399,0.3570428433190881
72400,0.48678428379150596
72401,0.5037222676829701
72402,0.48370882367477896
72403,0.5184856235023899
72404,0.5049860275301647
72405,0.4835340485660527
72406,0.4624047419902854
72407,0.5126503539033032
72408,0.4973781343973465
72409,0.5076608180408746
72410,0.4842985711113487
72411,0.48577454498149253
72412,0.3554727459303426
72413,0.4885616719386888
72414,0.4729770313570127
72415,0.49625289782264437
72416,0.4777738649133202
72417,0.5047152239405274
72418,0.5022412340655716
72419,0.49893574080488984
72420,0.509542193161973
72421,0.46879364002899593
72422,0.4228456412320586
72423,0.5635099735764191
72424,0.49309014710671933
72425,0.5077833437263315
72426,0.4700254332444106
72427,0.4605637122305598
72428,0.3888880104224094
72429,0.5580236557041731
72430,0.35610774306717907
72431,0.5024963437439578
72432,0.4822921754417356
72433,0.5138646499837672
72434,0.5142699865025919
72435,0.48936047958857815
72436,0.3395971501741054
72437,0.35493048106758984
72438,0.4446082772777286
72439,0.37625430267749915
72440,0.3276027318719981
72441,0.5097428009165211
72442,0.34260912077586164
72443,0.3244645479847247
72444,0.48821557162417595
72445,0.3523189559748886
72446,0.3760687748932193
72447,0.4999647878977021
72448,0.4973319249746349
72449,0.3730083707290816
72450,0.3443300571904951
72451,0.35818651435807236
72452,0.3541991525357474
72453,0.536555525328556
72454,0.5078996282280593
72455,0.35142008738585606
72456,0.47581233342891427
72457,0.48319310105191793
72458,0.3622908803591841
72459,0.3538347318103583
72460,0.3684624864284095
72461,0.34999372454383765
72462,0.47499385942661143
72463,0.4901402144187734
72464,0.5293234015941136
72465,0.4754060513275492
72466,0.443961443617933
72467,0.49090813198581124
72468,0.3853559398915082
72469,0.4949148129192208
72470,0.4952723232013363
72471,0.4939797370322975
72472,0.3862179026380682
72473,0.5060735845258165
72474,0.36499170405059767
72475,0.37651936466470237
72476,0.5023196424513735
72477,0.4647459455939275
72478,0.4998842312942153
72479,0.3341873057710022
72480,0.4820443202298887
72481,0.5075778603064454
72482,0.4865707471643189
72483,0.49995087419549644
72484,0.5199632122589978
72485,0.49441608817502813
72486,0.36685795085742945
72487,0.4901383665069423
72488,0.5052933040875918
72489,0.5183475122409336
72490,0.48685335821286113
72491,0.50828830306407
72492,0.34331183457873116
72493,0.3629520086139454
72494,0.4999866529620109
72495,0.36725212640070704
72496,0.49621482219711355
72497,0.5047069043400105
72498,0.5069971998452146
72499,0.48330925284817156
72500,0.36794779491866625
72501,0.4660278811360764
72502,0.3113424153666181
72503,0.4937873025576845
72504,0.5093275932392218
72505,0.39083463736444024
72506,0.5303834343501326
72507,0.500861431376352
72508,0.5145626848227346
72509,0.3027998507806336
72510,0.3487484112985054
72511,0.4858810678293206
72512,0.3521902808259386
72513,0.5065630534966679
72514,0.45892616848460877
72515,0.4978457776617364
72516,0.4785033504839456
72517,0.5022283323163798
72518,0.469435259417179
72519,0.4901061892032633
72520,0.557788573403603
72521,0.3340736251642505
72522,0.48768956338864033
72523,0.5134477476993936
72524,0.45211723030420425
72525,0.5041587229533385
72526,0.5067352671149398
72527,0.4951290935199054
72528,0.35920640049123603
72529,0.4784724673566349
72530,0.48778763398524405
72531,0.47703317103528065
72532,0.48948356894116823
72533,0.3395765834332904
72534,0.45898876212073686
72535,0.4966699645888509
72536,0.4847375870113106
72537,0.34436386546948355
72538,0.48234597399875506
72539,0.492591191040897
72540,0.539985549979042
72541,0.37192549555941934
72542,0.3655255078132144
72543,0.481768171212947
72544,0.39531638248591505
72545,0.5076096395770079
72546,0.4849279102511968
72547,0.3305718447431461
72548,0.4669191482810458
72549,0.5025980759473353
72550,0.507101940388622
72551,0.5021732063827994
72552,0.47629194934835717
72553,0.35494087292531656
72554,0.5093432092683972
72555,0.4845463647450558
72556,0.4807798966378714
72557,0.49447408804382875
72558,0.3410397462122301
72559,0.5801100307602266
72560,0.5603020643994219
72561,0.48814181996736994
72562,0.3491782561937936
72563,0.48630137864642103
72564,0.48740402209636846
72565,0.48406944681176706
72566,0.34147956556174813
72567,0.36017648801856855
72568,0.3955939705093704
72569,0.48027042532198605
72570,0.3293535681070108
72571,0.48850479869068597
72572,0.47742813600360956
72573,0.49515581841339645
72574,0.5075581072212687
72575,0.49380509857996274
72576,0.50752186564539
72577,0.48541195816104704
72578,0.49650176409828795
72579,0.49266290557625964
72580,0.36216211443421564
72581,0.4836384654471916
72582,0.4605963623627881
72583,0.5042885719134693
72584,0.5063323698398784
72585,0.3556201685196133
72586,0.38313637617159774
72587,0.4982022382346877
72588,0.3075100074252868
72589,0.5057560593132989
72590,0.3664936081242379
72591,0.3380598915405864
72592,0.501802464300676
72593,0.38311153370096407
72594,0.35045300647863287
72595,0.32260467444751134
72596,0.49024946873315994
72597,0.5179722977373428
72598,0.50528846388995
72599,0.35380504460933804
72600,0.5019106093207797
72601,0.4657109836129451
72602,0.508899205756537
72603,0.523062482043578
72604,0.5285969953696401
72605,0.45632379827529146
72606,0.5745943556363191
72607,0.4482619707718612
72608,0.5040504046449014
72609,0.36022711737299984
72610,0.4975675140812531
72611,0.4960722179037973
72612,0.5106713980850326
72613,0.37762233938356543
72614,0.49967888943467964
72615,0.49835289246807646
72616,0.5184213272120729
72617,0.4953411878622701
72618,0.49483161633130096
72619,0.5057592607298775
72620,0.4530673529244322
72621,0.4912618323387855
72622,0.5051189484971774
72623,0.4969926413831891
72624,0.5199035472795482
72625,0.4929004640623151
72626,0.5094472656261986
72627,0.37477159182659703
72628,0.5045394437734808
72629,0.36690162270940246
72630,0.4854693621171478
72631,0.5053643254425964
72632,0.48902694664648516
72633,0.35161634014485504
72634,0.5028128457897033
72635,0.4856068600398771
72636,0.4821532622588518
72637,0.5062224506261411
72638,0.3445258622896874
72639,0.5029220878364314
72640,0.4794115202842858
72641,0.5420519484119846
72642,0.4890059973149871
72643,0.502566915531455
72644,0.5155054808644172
72645,0.49951930517713006
72646,0.47957316423800933
72647,0.5007771692492945
72648,0.491093924471191
72649,0.4447449741448109
72650,0.47187077207826006
72651,0.5333068004476749
72652,0.4958267876951786
72653,0.5164456027036299
72654,0.48952327048159305
72655,0.5430593751209881
72656,0.4656466970353571
72657,0.5105296140989769
72658,0.46257876653817054
72659,0.5024479268529799
72660,0.5197358726827741
72661,0.5123339042147976
72662,0.5141729564249283
72663,0.5167944641179911
72664,0.48840615756218586
72665,0.34588890148640933
72666,0.49158568954761905
72667,0.502757272130845
72668,0.3370837380565107
72669,0.49501866613808526
72670,0.4981438909214989
72671,0.37393873214313234
72672,0.35178415016115594
72673,0.5106344009398023
72674,0.47984057305809763
72675,0.3345802855988467
72676,0.4945969335198226
72677,0.5062735121388351
72678,0.4615515699110223
72679,0.49918969412502234
72680,0.5130612247291466
72681,0.5117212067091785
72682,0.48162967787418465
72683,0.3453367925267685
72684,0.4953965347185965
72685,0.4841134160278937
72686,0.37653479959923697
72687,0.49008143960726847
72688,0.48928051173995984
72689,0.5023989610184654
72690,0.4977835235156737
72691,0.5347220189095863
72692,0.49092327795672136
72693,0.5030805456196664
72694,0.5503723965262879
72695,0.48831031019666804
72696,0.49560915397315536
72697,0.4450126141319257
72698,0.5003543015296212
72699,0.493797102801786
72700,0.4893858559246885
72701,0.5052196604460765
72702,0.49843112508669096
72703,0.5066807454991451
72704,0.3595480740191407
72705,0.37163310889431167
72706,0.47748649987122443
72707,0.36038231782107716
72708,0.5172594159707986
72709,0.4954147120674175
72710,0.3592557581153752
72711,0.4908504846265219
72712,0.494281149524878
72713,0.48639995803941094
72714,0.4962930653175396
72715,0.4729667576968172
72716,0.5142658372391834
72717,0.3704410945054704
72718,0.5115421383691987
72719,0.467696807681109
72720,0.37691018148739086
72721,0.4972841949473592
72722,0.3710357017284979
72723,0.3584851849649455
72724,0.50300523322288
72725,0.5225226874762774
72726,0.4918780208298053
72727,0.5131630195867379
72728,0.35360405526450367
72729,0.3348865096169099
72730,0.48818473420456654
72731,0.36186214937919514
72732,0.5226039337671369
72733,0.35026428483550565
72734,0.49651878136892247
72735,0.4726556212546448
72736,0.49711721817571464
72737,0.49503475597637425
72738,0.467700217437666
72739,0.4850803392397438
72740,0.32683737340359215
72741,0.4819151228183592
72742,0.4778930362254369
72743,0.5234178817426005
72744,0.54486944156109
72745,0.49281073119286145
72746,0.3934827151259236
72747,0.47533295309217377
72748,0.506421445458099
72749,0.4990795465113497
72750,0.4756950270760537
72751,0.5219395924247097
72752,0.4977367308125295
72753,0.4805477794642442
72754,0.4817222400575455
72755,0.3388330762443708
72756,0.33505191321509475
72757,0.33058493528302374
72758,0.4960555086401914
72759,0.49838393020780475
72760,0.36266958502606406
72761,0.494418494716392
72762,0.3593858308363898
72763,0.34668684825436163
72764,0.49480477374291304
72765,0.4987159617730292
72766,0.47434995780234407
72767,0.3716905547939504
72768,0.49513043688638114
72769,0.4981879585320935
72770,0.5028100932532035
72771,0.509468234158868
72772,0.5046582554573341
72773,0.5144198102474684
72774,0.5023123190664791
72775,0.49135775840780893
72776,0.4991863801194122
72777,0.49405268782058315
72778,0.47932079805279076
72779,0.5272528439877314
72780,0.4892814318311124
72781,0.5089227519848215
72782,0.3479393537584248
72783,0.37795310973297114
72784,0.5064722617280849
72785,0.5756049142567037
72786,0.5071531839512801
72787,0.49344784640748685
72788,0.4906147137730019
72789,0.344862479055861
72790,0.5178923286991206
72791,0.5128143705726
72792,0.34978439696779123
72793,0.5033067017639402
72794,0.5031228380123776
72795,0.4972329061787559
72796,0.36223481034533045
72797,0.5123726483039868
72798,0.4915140230382775
72799,0.365059285770355
72800,0.4798997218712141
72801,0.4835690642811967
72802,0.5161381369169808
72803,0.39571647916106856
72804,0.3957306797408757
72805,0.5065872864066309
72806,0.4823067868291843
72807,0.48477804063992014
72808,0.4838683505930561
72809,0.4786773373393395
72810,0.5113298557851733
72811,0.5018674046011733
72812,0.4057892957892584
72813,0.4782641273951928
72814,0.4879937981250365
72815,0.46151097517681683
72816,0.4968694502031713
72817,0.38182089459190505
72818,0.3660444114886454
72819,0.5902133570438615
72820,0.5009934308967566
72821,0.3210123599218133
72822,0.499458808328658
72823,0.4913753553796423
72824,0.3780185456575863
72825,0.3355706896479416
72826,0.4115998665491545
72827,0.4998796281418987
72828,0.501908236700155
72829,0.5256427212524094
72830,0.47797624396394656
72831,0.3626774093942171
72832,0.3591351712397894
72833,0.4216805072399056
72834,0.4745422240203305
72835,0.3582865738837675
72836,0.5198227596827166
72837,0.4861727790629321
72838,0.3583940358937118
72839,0.34279690592504286
72840,0.5132180097175076
72841,0.4576931965579947
72842,0.48484594085434946
72843,0.3844009179993765
72844,0.5106178248735405
72845,0.48558284956977626
72846,0.5180044121683548
72847,0.5033434433930747
72848,0.5066367767132809
72849,0.5052904388417665
72850,0.5140008428624805
72851,0.500605409541055
72852,0.4733404747257623
72853,0.3932735397816882
72854,0.3491456489115218
72855,0.5158774227043195
72856,0.5143861176115323
72857,0.34203212525771337
72858,0.33556699583451693
72859,0.40250490781271636
72860,0.5003467422061022
72861,0.3927842996361163
72862,0.330273582044458
72863,0.5178259473940274
72864,0.554448148497392
72865,0.3455033753183462
72866,0.4527476531427401
72867,0.4945805829980963
72868,0.363263270441818
72869,0.3247433920972232
72870,0.36808360116643607
72871,0.5141423432452479
72872,0.4989725349394303
72873,0.5151459552919541
72874,0.5503057085386525
72875,0.3564247194541285
72876,0.5386981920721162
72877,0.34386096621304124
72878,0.4910880699092795
72879,0.4591094108239684
72880,0.5196062746672799
72881,0.4874794584331576
72882,0.5096677487026748
72883,0.34659025494317214
72884,0.4606343779677677
72885,0.500533871790392
72886,0.5051876130337088
72887,0.5122583677021421
72888,0.48976266512422956
72889,0.5047985233933376
72890,0.4922047678669717
72891,0.3541582238514194
72892,0.45993171293684265
72893,0.4917615375676949
72894,0.4890999409139395
72895,0.5089600688204559
72896,0.4856756478913909
72897,0.49732983585630475
72898,0.4454107297128743
72899,0.368793516898338
72900,0.49898255762183213
72901,0.36536272799156844
72902,0.4943615792250551
72903,0.49243155871988575
72904,0.48508441486822806
72905,0.5028613875041201
72906,0.4898617802045208
72907,0.5185975592241004
72908,0.3421568173890835
72909,0.5193972077235465
72910,0.5084863851154668
72911,0.5657434267343396
72912,0.4917577506553845
72913,0.49266378163141866
72914,0.4857817019527033
72915,0.4919459605486438
72916,0.5192052639707979
72917,0.49089981510444664
72918,0.5106872066838574
72919,0.35850375203665275
72920,0.508589874640321
72921,0.5027041440606714
72922,0.4864481630814337
72923,0.3091402944811158
72924,0.47353189664689876
72925,0.5181275052220584
72926,0.3715336875083215
72927,0.3575123999721387
72928,0.49696112603001846
72929,0.4745484040594205
72930,0.47330735813112146
72931,0.49627994562083966
72932,0.3680168896422566
72933,0.5107126426243501
72934,0.4813787898963731
72935,0.4850401001110554
72936,0.5012793887140319
72937,0.4848744046051058
72938,0.5204828543372763
72939,0.4873273981040467
72940,0.5011924416858454
72941,0.46964646900332296
72942,0.4926743343946453
72943,0.46763788436336307
72944,0.3523998675631679
72945,0.4779121565450868
72946,0.4954312404686686
72947,0.48199610263406073
72948,0.2957220521881907
72949,0.5116550351311238
72950,0.4797091026600604
72951,0.46000432299959765
72952,0.3749491352102716
72953,0.496358853620121
72954,0.3328248082871067
72955,0.3601480769216989
72956,0.360105700656148
72957,0.4938905256754843
72958,0.3371246724892473
72959,0.5098688752537711
72960,0.4757839658363312
72961,0.49890094451083317
72962,0.4871158643149808
72963,0.3906104835776078
72964,0.47458545638245353
72965,0.3675889207357701
72966,0.5062909571222675
72967,0.36790049993124013
72968,0.5602552055225057
72969,0.5007073140546013
72970,0.4765779253117716
72971,0.5046390203778344
72972,0.49282870623454633
72973,0.49368202169931164
72974,0.49891914965237616
72975,0.494759790824953
72976,0.3645038332199898
72977,0.3134206590582771
72978,0.36584662522678685
72979,0.5014525520466218
72980,0.48971689029535204
72981,0.35784038748943087
72982,0.5183596876406363
72983,0.5059955047204081
72984,0.5108905317085465
72985,0.3774640019330976
72986,0.3561320032329148
72987,0.5164947990569297
72988,0.3855458096512183
72989,0.5049428181193051
72990,0.4749104431946951
72991,0.4942862824872693
72992,0.3703461303670271
72993,0.49868099559340706
72994,0.49731131629422787
72995,0.511719108406452
72996,0.3016421658570024
72997,0.37141762533214995
72998,0.5086178501564446
72999,0.3691996133127337
73000,0.5007222227691016
73001,0.5111334392488067
73002,0.4850752199371996
73003,0.49136846757248287
73004,0.4989978123241868
73005,0.4805823249038206
73006,0.34045965947595463
73007,0.38690892456906556
73008,0.508728527468385
73009,0.4973893702677674
73010,0.4629509268679198
73011,0.4651499777132582
73012,0.50007248351927
73013,0.47042151987799924
73014,0.493716471226326
73015,0.3644656920836227
73016,0.5026250397012352
73017,0.4912857889698989
73018,0.47211753837388465
73019,0.48756128371515883
73020,0.47268477519987234
73021,0.38866150300164815
73022,0.48580701281726546
73023,0.5139002351993067
73024,0.5030430300611783
73025,0.5054369944693521
73026,0.49930208563389555
73027,0.5118704404021944
73028,0.5265539708673949
73029,0.5016691015399557
73030,0.3607182803076287
73031,0.484715901043018
73032,0.49952030992723784
73033,0.39814523305425015
73034,0.37666277705022055
73035,0.5285353860825367
73036,0.4966157772851648
73037,0.48296884854091054
73038,0.36606089899292416
73039,0.47954342984386844
73040,0.49183552885983883
73041,0.47264799516882894
73042,0.49701252860018563
73043,0.49286303755467714
73044,0.5003235925768232
73045,0.5006109959229521
73046,0.3489875969928377
73047,0.4875465424944245
73048,0.4721986825428045
73049,0.3613150792836567
73050,0.5339244424084082
73051,0.5054090149685246
73052,0.4860901294081839
73053,0.5068588514859548
73054,0.48925419201938863
73055,0.490584367539599
73056,0.46461727467273023
73057,0.49157187279367376
73058,0.49390233587051213
73059,0.4995914130078536
73060,0.4883667631777603
73061,0.5079157403450041
73062,0.4879937053165086
73063,0.4885584545666162
73064,0.3906117833282252
73065,0.48984515565454045
73066,0.3532747073253102
73067,0.37930043985115636
73068,0.4683374232734433
73069,0.5074188285539399
73070,0.506284911190079
73071,0.48799967031329
73072,0.4934853345908633
73073,0.4936176987002159
73074,0.3256823459236462
73075,0.4611911248424764
73076,0.5033952499807767
73077,0.38425992431791567
73078,0.5011996391816697
73079,0.5159703570951406
73080,0.3639878396769532
73081,0.36750706931108373
73082,0.44873199239209116
73083,0.5088072363315048
73084,0.49227940666253817
73085,0.5010259568240125
73086,0.4898476789631029
73087,0.48113181131930627
73088,0.34974018754017994
73089,0.5127300694655474
73090,0.4736444621599608
73091,0.49606988974291155
73092,0.5019841754972045
73093,0.34539742914048666
73094,0.49648893699275665
73095,0.5052458613236638
73096,0.49279704736968377
73097,0.4883576235542518
73098,0.38291583942801993
73099,0.49881600709936
73100,0.35919634507951165
73101,0.500219311849026
73102,0.4894522128421597
73103,0.5086017782228189
73104,0.5138190439265466
73105,0.48222830148937496
73106,0.5168001938233764
73107,0.5583977591000562
73108,0.48553712959094775
73109,0.3597798061522114
73110,0.4773582936834995
73111,0.36553827665760064
73112,0.501730984781837
73113,0.4950280903308849
73114,0.5098931959755867
73115,0.48618460380194917
73116,0.5032332074672755
73117,0.5096534453997965
73118,0.3479835980638507
73119,0.5186943454610199
73120,0.3755687941010114
73121,0.4999565970228596
73122,0.5722380722888326
73123,0.3594856180270284
73124,0.4894688649355424
73125,0.3275742239295131
73126,0.3868993995256557
73127,0.48761574321546763
73128,0.36764277117732275
73129,0.5188964810422901
73130,0.35479490145496817
73131,0.48071814112013433
73132,0.4667037682033016
73133,0.3294404808906709
73134,0.48146424439940994
73135,0.5015602311129416
73136,0.36885334546942095
73137,0.4640585766144587
73138,0.4852415744133197
73139,0.5044087324863945
73140,0.5068260049231106
73141,0.4976799881480188
73142,0.48717135583299537
73143,0.46387480023388594
73144,0.4971664735322909
73145,0.4903302343635153
73146,0.34682221211260617
73147,0.4845797193463028
73148,0.5105973861548766
73149,0.50626161737246
73150,0.3868940105241019
73151,0.4978790767041106
73152,0.5506312971780543
73153,0.4833168381407394
73154,0.4853499778299455
73155,0.4851297744439678
73156,0.3421315275567151
73157,0.5073114229620266
73158,0.36705561062768105
73159,0.5248633803487752
73160,0.512188578455964
73161,0.4820135154861767
73162,0.38255119381023917
73163,0.48639686906813484
73164,0.4917572723027722
73165,0.495262977584864
73166,0.479849706531844
73167,0.4911252779588673
73168,0.3496382458488214
73169,0.4844208320264413
73170,0.5019595767109271
73171,0.47942809738668124
73172,0.3829667381189543
73173,0.496663839885111
73174,0.5009117138857415
73175,0.495056636255852
73176,0.5046231586279427
73177,0.4836862969268545
73178,0.49034595331424896
73179,0.516498729258464
73180,0.5089111120523903
73181,0.5228015096567791
73182,0.3729668222821667
73183,0.48255985770577925
73184,0.34957919900735135
73185,0.35115702201774346
73186,0.5129630198552412
73187,0.3499897609559309
73188,0.4934766293875098
73189,0.49876903644821835
73190,0.4608582852011907
73191,0.5177915446343557
73192,0.4887540453200465
73193,0.49772914902433635
73194,0.49259820093641105
73195,0.49300630593578
73196,0.3531198670987348
73197,0.3902132361332875
73198,0.4888715500106543
73199,0.49151886256173977
73200,0.3623060296346776
73201,0.4222155780137552
73202,0.3290001003768259
73203,0.496891999819259
73204,0.3664619118841577
73205,0.37619123420220496
73206,0.5043614236754049
73207,0.5504844488142817
73208,0.5123110835585922
73209,0.5027242459539295
73210,0.35011046182814204
73211,0.49058863244395456
73212,0.34166730553406377
73213,0.3706224418218101
73214,0.4851196963158324
73215,0.3938441272907257
73216,0.49335437937920834
73217,0.5382160359068666
73218,0.32773537598500024
73219,0.5023770116591488
73220,0.3964424861591034
73221,0.5020455962546063
73222,0.49399649150696606
73223,0.4838803983236962
73224,0.4986330159033097
73225,0.49895555644242384
73226,0.4762293992985028
73227,0.5181381425223458
73228,0.35267550163549183
73229,0.5236040618211295
73230,0.5472281077024095
73231,0.532214741377657
73232,0.5052725900946842
73233,0.5033978510189763
73234,0.3903137436054527
73235,0.491735903130871
73236,0.34628303086152007
73237,0.36271774559903536
73238,0.3283328831691171
73239,0.4244099535855969
73240,0.4932956139569714
73241,0.5021144168174082
73242,0.49838708888854055
73243,0.4982510190234394
73244,0.39253859795383933
73245,0.4653444608434838
73246,0.3591657216466753
73247,0.33926029810079167
73248,0.5045697075129405
73249,0.47874781264638266
73250,0.5018724002828538
73251,0.47969379469010354
73252,0.5149211461340893
73253,0.5029825200151785
73254,0.3394946280647841
73255,0.35638070327398597
73256,0.4878572350830206
73257,0.45083455016676277
73258,0.5847335752946857
73259,0.5191050632120513
73260,0.49076456049594225
73261,0.5394793636706836
73262,0.4768044644228072
73263,0.4957725521766331
73264,0.4959953225789048
73265,0.4835086365792169
73266,0.48912045840085744
73267,0.48468791906741493
73268,0.501795719813485
73269,0.37031522532675976
73270,0.49337605372304016
73271,0.47973956291024566
73272,0.5114728108053108
73273,0.48907947909512217
73274,0.3473489999469684
73275,0.34870134847285483
73276,0.3428345214068984
73277,0.49834943777035245
73278,0.5307520078510279
73279,0.4767222949959029
73280,0.35998971972238164
73281,0.49922062041355925
73282,0.5151784947023073
73283,0.3815027284798607
73284,0.4977789508746076
73285,0.36316529223587357
73286,0.48799905928497656
73287,0.35960163738193796
73288,0.37081864454679625
73289,0.3572067572186105
73290,0.49214643604737507
73291,0.364052913776194
73292,0.3958789868551136
73293,0.5006622814586917
73294,0.4993665837293757
73295,0.4873508240693124
73296,0.49249291569828973
73297,0.3725436445189422
73298,0.48023567506690007
73299,0.5066353533929568
73300,0.4631161754556171
73301,0.5040038300242036
73302,0.49663965855000336
73303,0.5000500109037994
73304,0.4839682634467109
73305,0.5126387380486918
73306,0.36460656177797157
73307,0.5102515851523328
73308,0.4972368916783354
73309,0.3433248856403173
73310,0.33353189886494045
73311,0.512126770537419
73312,0.49019223958277924
73313,0.48646194394038894
73314,0.5028859939152772
73315,0.49857216172977387
73316,0.5039020363815923
73317,0.5002164573079043
73318,0.5219413760613151
73319,0.5009572587125272
73320,0.48294054749357057
73321,0.5194176920057751
73322,0.4977751419273829
73323,0.3984780022874048
73324,0.35623643100495034
73325,0.48828208116730454
73326,0.48609096736175783
73327,0.36488163224689973
73328,0.4670008197337264
73329,0.3645078003357474
73330,0.47138996934274324
73331,0.49190276716773207
73332,0.5106937419740579
73333,0.5448789421328635
73334,0.4980432832950503
73335,0.48092258151020584
73336,0.4917496636139495
73337,0.4991086090210416
73338,0.3499226748934993
73339,0.482362455357232
73340,0.5040429442316746
73341,0.4402306924431071
73342,0.3417941469431057
73343,0.35756772632766
73344,0.4814657659097078
73345,0.5159676920988165
73346,0.3483525515648078
73347,0.47648159139850305
73348,0.49548408931586824
73349,0.3671111353850725
73350,0.39708981979474894
73351,0.498970009319996
73352,0.4958296483746401
73353,0.4922143667865375
73354,0.47447828408480314
73355,0.3307269581231319
73356,0.3508897691407893
73357,0.5018382199296056
73358,0.3559584210552409
73359,0.33804525429601257
73360,0.514978183525534
73361,0.3564062208647079
73362,0.4934532449591983
73363,0.4978396282736933
73364,0.4755232107673755
73365,0.3393839498771161
73366,0.3628741198378503
73367,0.48126144381947367
73368,0.5052079564242585
73369,0.507765748774619
73370,0.49741532275280864
73371,0.4843302793518086
73372,0.3479579203579253
73373,0.49573656712784336
73374,0.5062379689735849
73375,0.48521889727460754
73376,0.5057387713357863
73377,0.3372774625468446
73378,0.39183097938246997
73379,0.48719417417278577
73380,0.3916572743675988
73381,0.5241019791447006
73382,0.3441948664156169
73383,0.394600347872507
73384,0.4657399985365335
73385,0.4955311007804645
73386,0.3150756778864862
73387,0.384868429699898
73388,0.5101751740181382
73389,0.4993684367614255
73390,0.5004234732084578
73391,0.3702849311294688
73392,0.4954918407611474
73393,0.49011154074929836
73394,0.5028722549144481
73395,0.48928561769629314
73396,0.35215034968146103
73397,0.5122135859152289
73398,0.4981755484582692
73399,0.5079198961907967
73400,0.5117282236817369
73401,0.49996450886516286
73402,0.5014036650781916
73403,0.45281810850120785
73404,0.48422015552920983
73405,0.5051217598995937
73406,0.4672253227881172
73407,0.4985481668798709
73408,0.4794562698467876
73409,0.4839975942770525
73410,0.489858605092907
73411,0.5031851039264466
73412,0.5007499870233993
73413,0.5062579348382101
73414,0.4885606013342051
73415,0.4984293201919337
73416,0.5024371336528727
73417,0.33717322605435107
73418,0.4674510623150792
73419,0.49934452061477996
73420,0.4858875684644378
73421,0.36820046235478127
73422,0.4969028005286103
73423,0.513867311901094
73424,0.3728944493535364
73425,0.47439010773101975
73426,0.4758330180604818
73427,0.3621466678450456
73428,0.4727594104414633
73429,0.4873921801650185
73430,0.49567228145080144
73431,0.4926315118737593
73432,0.49783990486263185
73433,0.47729349414107
73434,0.49947596641003006
73435,0.3486019431293841
73436,0.5057703960746032
73437,0.3550591727051538
73438,0.49265248361350855
73439,0.34927840247561864
73440,0.4878709313927826
73441,0.5100252566557982
73442,0.35922667732226765
73443,0.3955506653276356
73444,0.49566163727283397
73445,0.49284620308562543
73446,0.4969907473325606
73447,0.47134592670309455
73448,0.49905074184753107
73449,0.5087757000158764
73450,0.4941435879365015
73451,0.5084018812633594
73452,0.42997002401808865
73453,0.3899278577053458
73454,0.35180929241046743
73455,0.5019859493189482
73456,0.37095234229181157
73457,0.4949269708716014
73458,0.503159284239275
73459,0.4843662938737082
73460,0.4762703955713452
73461,0.4726338160355101
73462,0.4988464013827869
73463,0.5160394406801693
73464,0.5055177520543055
73465,0.5019460304167837
73466,0.5204803532588818
73467,0.5000247757889283
73468,0.49123168326626154
73469,0.490903433459635
73470,0.4850066717580578
73471,0.4830456002008816
73472,0.5019647773822891
73473,0.37481600356801986
73474,0.4879581632669414
73475,0.5356382768625745
73476,0.4661446915559636
73477,0.488586860579649
73478,0.5213554913330687
73479,0.46795959124130243
73480,0.32056844733017564
73481,0.4974385902412886
73482,0.4864822478641981
73483,0.510416309695542
73484,0.4939939554890693
73485,0.4952427088980872
73486,0.5192849998192041
73487,0.4837745379906053
73488,0.501136763029381
73489,0.46070379411996165
73490,0.33782693473342235
73491,0.3213048421136073
73492,0.3642704376302498
73493,0.3302567198653213
73494,0.4895764126229189
73495,0.48753054474524293
73496,0.48643826818066727
73497,0.4946239304153214
73498,0.5272305339617047
73499,0.4816738258454344
73500,0.35398580725418505
73501,0.4940259154422221
73502,0.5036160743750334
73503,0.568409509514944
73504,0.46773548581663243
73505,0.4970485796354409
73506,0.4444421586203859
73507,0.3449515957933637
73508,0.48796303330312446
73509,0.4627774692847522
73510,0.48806044870986554
73511,0.48405730483034987
73512,0.473698339465647
73513,0.4889700580228113
73514,0.5059875109119257
73515,0.5027644509176362
73516,0.35458562693291895
73517,0.48162670638929106
73518,0.37004077436155736
73519,0.4886855796128714
73520,0.3652718575668903
73521,0.49198795678107055
73522,0.47583394766896536
73523,0.5407041047791706
73524,0.38168878672385054
73525,0.4757708973780072
73526,0.48660858528223394
73527,0.5487121175327189
73528,0.5160978637206195
73529,0.510792479578293
73530,0.38352485889960747
73531,0.5038917140136968
73532,0.5043131923457208
73533,0.5093582133984361
